timestamp,magnitude,direction,measured_Fx,measured_Fy,given_Fx,given_Fz,measured_magnitude,measured_direction,t_sec,step,t_in_step
2026-06-22 12:25:55.792084000,0.0,0.0,-0.793,-0.4,0.0,0.0,0.8881717176312248,-153.2330007888189,0.0,0,0.0
2026-06-22 12:25:55.802084000,5.0,-151.388133,0.05362896355892097,0.0762290582110743,-4.3894190539509435,-2.3943684697248258,0.09320372872450666,54.87269796059243,0.01,1,0.0
2026-06-22 12:25:55.812084000,5.0,-151.388133,-0.4515005697789258,-0.23334255109017704,-4.3894190539509435,-2.3943684697248258,0.5082337165713885,-152.6693724833831,0.02,1,0.01
2026-06-22 12:25:55.822084000,5.0,-151.388133,0.07828091701646751,0.047195996125282524,-4.3894190539509435,-2.3943684697248258,0.09140768030749252,31.086006558558438,0.03,1,0.019999999999999997
2026-06-22 12:25:55.832084000,5.0,-151.388133,-0.005813496834174897,0.06148769736314819,-4.3894190539509435,-2.3943684697248258,0.061761911178841146,95.40110658397495,0.04,1,0.03
2026-06-22 12:25:55.842084000,5.0,-151.388133,0.6105205578264009,0.13041452272180817,-4.3894190539509435,-2.3943684697248258,0.6242942409356479,12.057846157278673,0.05,1,0.04
2026-06-22 12:25:55.852084000,5.0,-151.388133,0.19055043506284186,0.10405285207863356,-4.3894190539509435,-2.3943684697248258,0.2171093372665863,28.637392633553326,0.06,1,0.049999999999999996
2026-06-22 12:25:55.862084000,5.0,-151.388133,0.04992815533980541,0.041866019417475676,-4.3894190539509435,-2.3943684697248258,0.06515814820496504,39.98068270383273,0.07,1,0.060000000000000005
2026-06-22 12:25:55.872084000,5.0,-151.388133,-0.9157270905244405,-0.32832279256207547,-4.3894190539509435,-2.3943684697248258,0.9728062296449979,-160.27532326539753,0.08,1,0.07
2026-06-22 12:25:55.882084000,5.0,-151.388133,-0.7760069657286153,-0.30367483978824183,-4.3894190539509435,-2.3943684697248258,0.8333097978421631,-158.62810097556275,0.09,1,0.08
2026-06-22 12:25:55.892084000,5.0,-151.388133,-1.2548257786000612,-0.5898717237126118,-4.3894190539509435,-2.3943684697248258,1.3865555831177263,-154.82260077950303,0.1,1,0.09000000000000001
2026-06-22 12:25:55.902084000,5.0,-151.388133,-1.791289837642814,-0.8283024654239326,-4.3894190539509435,-2.3943684697248258,1.9735258439325754,-155.18391410864405,0.11,1,0.1
2026-06-22 12:25:55.912084000,5.0,-151.388133,-2.9051404255319127,-1.3585787234042557,-4.3894190539509435,-2.3943684697248258,3.207113505903163,-154.9370236749473,0.12,1,0.11
2026-06-22 12:25:55.922084000,5.0,-151.388133,-2.46822777928785,-1.0104240282685513,-4.3894190539509435,-2.3943684697248258,2.667040511006662,-157.73716764904407,0.13,1,0.12000000000000001
2026-06-22 12:25:55.932084000,5.0,-151.388133,-3.0734202348066284,-1.1330524861878448,-4.3894190539509435,-2.3943684697248258,3.2756251122763254,-159.762998694967,0.14,1,0.13
2026-06-22 12:25:55.942084000,5.0,-151.388133,-2.3615983263598337,-1.010961878196188,-4.3894190539509435,-2.3943684697248258,2.5688889766261855,-156.82501954362692,0.15,1,0.13999999999999999
2026-06-22 12:25:55.952084000,5.0,-151.388133,-2.9207337413925023,-1.2073029839326703,-4.3894190539509435,-2.3943684697248258,3.16042182044128,-157.54194899902924,0.16,1,0.15
2026-06-22 12:25:55.962084000,5.0,-151.388133,-2.472361396303903,-1.076189938398358,-4.3894190539509435,-2.3943684697248258,2.69643387781782,-156.47707219819824,0.17,1,0.16
2026-06-22 12:25:55.972084000,5.0,-151.388133,-2.750037898936174,-1.1334271941489367,-4.3894190539509435,-2.3943684697248258,2.974452159645809,-157.60100859889252,0.18,1,0.16999999999999998
2026-06-22 12:25:55.982084000,5.0,-151.388133,-2.751727272727274,-1.1114943181818182,-4.3894190539509435,-2.3943684697248258,2.9677302105854477,-158.00493455308194,0.19,1,0.18
2026-06-22 12:25:55.992084000,5.0,-151.388133,-2.684039464882938,-1.1343103678929758,-4.3894190539509435,-2.3943684697248258,2.9138853546010672,-157.0904414653238,0.2,1,0.19
2026-06-22 12:25:56.002084000,5.0,-151.388133,-2.05094987654321,-1.0026438271604938,-4.3894190539509435,-2.3943684697248258,2.2829126221201834,-153.9474692460101,0.21,1,0.19999999999999998
2026-06-22 12:25:56.012084000,5.0,-151.388133,-2.597820382165604,-1.134928662420382,-4.3894190539509435,-2.3943684697248258,2.8349133684785435,-156.40057701346868,0.22,1,0.21
2026-06-22 12:25:56.022084000,5.0,-151.388133,-2.633743658609371,-1.1049027156072815,-4.3894190539509435,-2.3943684697248258,2.8561189874060604,-157.24107669432718,0.23,1,0.22
2026-06-22 12:25:56.032084000,5.0,-151.388133,-2.5947772925764214,-1.1151703056768565,-4.3894190539509435,-2.3943684697248258,2.824265215721363,-156.74317790338418,0.24,1,0.22999999999999998
2026-06-22 12:25:56.042083999,5.0,-151.388133,-2.7286887608069157,-1.0875207904487443,-4.3894190539509435,-2.3943684697248258,2.937421287968793,-158.2702118764491,0.249999999,1,0.239999999
2026-06-22 12:25:56.052083999,5.0,-151.388133,-2.744041649979976,-1.1206629955947136,-4.3894190539509435,-2.3943684697248258,2.964059737340013,-157.78496021852075,0.259999999,1,0.24999999899999997
2026-06-22 12:25:56.062084000,5.0,-151.388133,-2.6735535714285716,-1.0785357142857142,-4.3894190539509435,-2.3943684697248258,2.8829027014951905,-158.03040564705245,0.27,1,0.26
2026-06-22 12:25:56.072084000,5.0,-151.388133,-2.6419576018549202,-1.093080490228553,-4.3894190539509435,-2.3943684697248258,2.8591545827599623,-157.52321988753525,0.28,1,0.27
2026-06-22 12:25:56.082084000,5.0,-151.388133,-2.6009178082191657,-1.0564794520547962,-4.3894190539509435,-2.3943684697248258,2.807298038635298,-157.89326331999814,0.29,1,0.27999999999999997
2026-06-22 12:25:56.092084000,5.0,-151.388133,-2.6516211409396053,-1.073205704697989,-4.3894190539509435,-2.3943684697248258,2.860570775155574,-157.96506376893362,0.3,1,0.29
2026-06-22 12:25:56.102084000,5.0,-151.388133,-2.6102662538699684,-1.050953044375645,-4.3894190539509435,-2.3943684697248258,2.8138927160740854,-158.06915370365303,0.31,1,0.3
2026-06-22 12:25:56.112084000,5.0,-151.388133,-2.6185520694259017,-1.0856575433911884,-4.3894190539509435,-2.3943684697248258,2.8346899727865944,-157.480994519912,0.32,1,0.31
2026-06-22 12:25:56.122084000,5.0,-151.388133,-2.5985881363062657,-1.0383979806478751,-4.3894190539509435,-2.3943684697248258,2.7983800078554837,-158.2183093097618,0.33,1,0.32
2026-06-22 12:25:56.132084000,5.0,-151.388133,-2.627837549184939,-1.104833052276561,-4.3894190539509435,-2.3943684697248258,2.8506466386258835,-157.19644503900165,0.34,1,0.33
2026-06-22 12:25:56.142084000,5.0,-151.388133,-2.554782887297399,-1.0343399924613645,-4.3894190539509435,-2.3943684697248258,2.756224740697429,-157.95873986336346,0.35,1,0.33999999999999997
2026-06-22 12:25:56.152084000,5.0,-151.388133,-2.4125496994914606,-1.0384822006472532,-4.3894190539509435,-2.3943684697248258,2.6265645496689203,-156.71053535996884,0.36,1,0.35
2026-06-22 12:25:56.162084000,5.0,-151.388133,-2.2928095736723955,-0.9831467464472692,-4.3894190539509435,-2.3943684697248258,2.4947050459270015,-156.79055744509313,0.37,1,0.36
2026-06-22 12:25:56.172084000,5.0,-151.388133,-2.60647420867527,-1.0845211019929681,-4.3894190539509435,-2.3943684697248258,2.8231000373981465,-157.40842023266637,0.38,1,0.37
2026-06-22 12:25:56.182084000,5.0,-151.388133,-2.568431750741838,-0.99059940652819,-4.3894190539509435,-2.3943684697248258,2.752840141096607,-158.90924141611148,0.39,1,0.38
2026-06-22 12:25:56.192084000,5.0,-151.388133,-2.462350285171101,-1.0210746197718625,-4.3894190539509435,-2.3943684697248258,2.665663577052524,-157.47744669599578,0.4,1,0.39
2026-06-22 12:25:56.202084000,5.0,-151.388133,-2.525792332268366,-1.0138945686900958,-4.3894190539509435,-2.3943684697248258,2.721692323199841,-158.12866255620952,0.41,1,0.39999999999999997
2026-06-22 12:25:56.212084000,5.0,-151.388133,-2.3254379562043885,-0.9852377476538088,-4.3894190539509435,-2.3943684697248258,2.525540557496156,-157.03867756849766,0.42,1,0.41
2026-06-22 12:25:56.222084000,5.0,-151.388133,-2.506743343518111,-0.9987490178961155,-4.3894190539509435,-2.3943684697248258,2.6983813279484448,-158.27643049771598,0.43,1,0.42
2026-06-22 12:25:56.232084000,5.0,-151.388133,-2.313758364312276,-0.977888137884423,-4.3894190539509435,-2.3943684697248258,2.511920177601208,-157.08910874563097,0.44,1,0.43
2026-06-22 12:25:56.242084000,5.0,-151.388133,-2.5154577181208033,-0.9987087248322144,-4.3894190539509435,-2.3943684697248258,2.7064638642903596,-158.34550547757607,0.45,1,0.44
2026-06-22 12:25:56.252084000,5.0,-151.388133,-2.343532497149374,-0.9957890535917905,-4.3894190539509435,-2.3943684697248258,2.546318991102335,-156.97890358255054,0.46,1,0.45
2026-06-22 12:25:56.262084000,5.0,-151.388133,-2.509049411764712,-0.9768188235294125,-4.3894190539509435,-2.3943684697248258,2.692490290544839,-158.7281267936912,0.47,1,0.45999999999999996
2026-06-22 12:25:56.272084000,5.0,-151.388133,-2.2955687357816226,-0.9590536236594143,-4.3894190539509435,-2.3943684697248258,2.487854431785005,-157.32557153604887,0.48,1,0.47
2026-06-22 12:25:56.282084000,5.0,-151.388133,-2.431037053374502,-0.9817472430524922,-4.3894190539509435,-2.3943684697248258,2.6217873300710246,-158.00922917154625,0.49,1,0.48
2026-06-22 12:25:56.292084000,5.0,-151.388133,-2.2497524922653933,-0.9819594362323858,-4.3894190539509435,-2.3943684697248258,2.4547159939309013,-156.41996141615257,0.5,1,0.49
2026-06-22 12:25:56.302084000,5.0,-151.388133,-2.1703396226414946,-0.9300566037735822,-4.3894190539509435,-2.3943684697248258,2.361224124015015,-156.80339333937818,0.51,1,0.5
2026-06-22 12:25:56.312084000,5.0,-151.388133,-2.202394446303111,-0.9419093342254933,-4.3894190539509435,-2.3943684697248258,2.395356860888978,-156.84480887587898,0.52,1,0.51
2026-06-22 12:25:56.322084000,5.0,-151.388133,-1.9887725669225989,-0.8790981531438059,-4.3894190539509435,-2.3943684697248258,2.174403340184326,-156.15310892807787,0.53,1,0.52
2026-06-22 12:25:56.332084000,5.0,-151.388133,-3.39637363636363,-1.2510477272727258,-4.3894190539509435,-2.3943684697248258,3.619457734758089,-159.77882170893568,0.54,1,0.53
2026-06-22 12:25:56.342084000,5.0,-151.388133,-2.521697478991602,-1.009371040723983,-4.3894190539509435,-2.3943684697248258,2.7162084002161575,-158.18503651371378,0.55,1,0.54
2026-06-22 12:25:56.352084000,5.0,-151.388133,-2.3209000969931886,-0.9584801163918457,-4.3894190539509435,-2.3943684697248258,2.511027955587416,-157.560463463301,0.56,1,0.55
2026-06-22 12:25:56.362084000,5.0,-151.388133,-2.5237632113821333,-0.9649872967479685,-4.3894190539509435,-2.3943684697248258,2.7019587765195108,-159.0751217264597,0.57,1,0.5599999999999999
2026-06-22 12:25:56.372084000,5.0,-151.388133,-2.6050060667341057,-1.0621749241658345,-4.3894190539509435,-2.3943684697248258,2.8132316252395912,-157.81712873890456,0.58,1,0.57
2026-06-22 12:25:56.382084000,5.0,-151.388133,-2.1914724395906764,-0.9463090549488345,-4.3894190539509435,-2.3943684697248258,2.387059337545606,-156.6446244166615,0.59,1,0.58
2026-06-22 12:25:56.392084000,5.0,-151.388133,-3.3023639896373185,-1.2499870466321286,-4.3894190539509435,-2.3943684697248258,3.5310162187111827,-159.26770411650773,0.6,1,0.59
2026-06-22 12:25:56.402084000,5.0,-151.388133,-2.405522063595058,-0.9977693056456814,-4.3894190539509435,-2.3943684697248258,2.6042426894840833,-157.47216441932505,0.61,1,0.6
2026-06-22 12:25:56.412084000,5.0,-151.388133,-2.870783459162667,-1.1017175703500353,-4.3894190539509435,-2.3943684697248258,3.074927523409284,-159.00474816456892,0.62,1,0.61
2026-06-22 12:25:56.422084000,5.0,-151.388133,-2.3236491458607054,-0.9412759526938227,-4.3894190539509435,-2.3943684697248258,2.5070591880087014,-157.94785737466484,0.63,1,0.62
2026-06-22 12:25:56.432084000,5.0,-151.388133,-3.3866894398359593,-1.2605898965420825,-4.3894190539509435,-2.3943684697248258,3.6136895618135743,-159.5837811665717,0.64,1,0.63
2026-06-22 12:25:56.442084000,5.0,-151.388133,-1.9929226081657523,-0.819434795856185,-4.3894190539509435,-2.3943684697248258,2.154811803104404,-157.64888722688627,0.65,1,0.64
2026-06-22 12:25:56.452084000,5.0,-151.388133,-3.4293214160224874,-1.2953164089950808,-4.3894190539509435,-2.3943684697248258,3.665800045529269,-159.3075468404405,0.66,1,0.65
2026-06-22 12:25:56.462084000,5.0,-151.388133,-1.9896775700934606,-0.8663878504673029,-4.3894190539509435,-2.3943684697248258,2.1701255125845536,-156.4697002560658,0.67,1,0.66
2026-06-22 12:25:56.472084000,5.0,-151.388133,-2.5612277634961402,-1.0417408740359886,-4.3894190539509435,-2.3943684697248258,2.7649795126077708,-157.86670566733366,0.68,1,0.67
2026-06-22 12:25:56.482084000,5.0,-151.388133,-2.446547438882421,-0.9700622817229334,-4.3894190539509435,-2.3943684697248258,2.6318463483120813,-158.37154815701652,0.69,1,0.6799999999999999
2026-06-22 12:25:56.492084000,5.0,-151.388133,-2.9141827066423693,-1.122859698525757,-4.3894190539509435,-2.3943684697248258,3.123023334889895,-158.92789635765544,0.7,1,0.69
2026-06-22 12:25:56.502084000,5.0,-151.388133,-2.011416432002659,-0.886815305615374,-4.3894190539509435,-2.3943684697248258,2.198235075965261,-156.20775163588254,0.71,1,0.7
2026-06-22 12:25:56.512084000,5.0,-151.388133,-2.3520742329264577,-0.9795641702408522,-4.3894190539509435,-2.3943684697248258,2.547900932300201,-157.3898238913495,0.72,1,0.71
2026-06-22 12:25:56.522084000,5.0,-151.388133,-1.9723176052765092,-0.8487097919837645,-4.3894190539509435,-2.3943684697248258,2.147171406081217,-156.7172626419885,0.73,1,0.72
2026-06-22 12:25:56.532084000,5.0,-151.388133,-2.7075693299892474,-1.020870297384449,-4.3894190539509435,-2.3943684697248258,2.8936322919092943,-159.34139562352212,0.74,1,0.73
2026-06-22 12:25:56.542084000,5.0,-151.388133,-2.3641418360509237,-0.9379387983024343,-4.3894190539509435,-2.3943684697248258,2.5434024082569486,-158.36001905173092,0.75,1,0.74
2026-06-22 12:25:56.552084000,5.0,-151.388133,-3.1104786472475894,-1.1464954332263622,-4.3894190539509435,-2.3943684697248258,3.3150458810387673,-159.7665513095697,0.76,1,0.75
2026-06-22 12:25:56.562084000,5.0,-151.388133,-2.4028865979381435,-0.96880412371134,-4.3894190539509435,-2.3943684697248258,2.5908387508046196,-158.041523144786,0.77,1,0.76
2026-06-22 12:25:56.572084000,5.0,-151.388133,-3.6364742625795294,-1.3539514170040496,-4.3894190539509435,-2.3943684697248258,3.8803517240078387,-159.5784274498295,0.78,1,0.77
2026-06-22 12:25:56.582084000,5.0,-151.388133,-2.372959973315544,-0.9715056704469646,-4.3894190539509435,-2.3943684697248258,2.564129930925559,-157.73547936275554,0.79,1,0.78
2026-06-22 12:25:56.592084000,5.0,-151.388133,-3.1727586586036263,-1.18247333699835,-4.3894190539509435,-2.3943684697248258,3.3859475333289346,-159.55979451343575,0.8,1,0.79
2026-06-22 12:25:56.602084000,5.0,-151.388133,-2.4012272282076395,-0.9594094025465234,-4.3894190539509435,-2.3943684697248258,2.5857994127890933,-158.22084004239684,0.81,1,0.8
2026-06-22 12:25:56.612084000,5.0,-151.388133,-3.485922732362825,-1.3332400895856673,-4.3894190539509435,-2.3943684697248258,3.7321825293629867,-159.06994489317827,0.82,1,0.8099999999999999
2026-06-22 12:25:56.622084000,5.0,-151.388133,-2.4115280665280654,-0.9574698544698554,-4.3894190539509435,-2.3943684697248258,2.594651448243312,-158.34500928230625,0.83,1,0.82
2026-06-22 12:25:56.632084000,5.0,-151.388133,-3.3032073739653938,-1.2128723852520724,-4.3894190539509435,-2.3943684697248258,3.518840487763889,-159.8377639494161,0.84,1,0.83
2026-06-22 12:25:56.642084000,5.0,-151.388133,-2.3894100663285185,-0.9470101443620753,-4.3894190539509435,-2.3943684697248258,2.570235140720929,-158.3797754972915,0.85,1,0.84
2026-06-22 12:25:56.652084000,5.0,-151.388133,-2.609510309278378,-1.010206185567019,-4.3894190539509435,-2.3943684697248258,2.798224542739199,-158.83734313983396,0.86,1,0.85
2026-06-22 12:25:56.662084000,5.0,-151.388133,-1.8745183673469388,-0.8679714285714283,-4.3894190539509435,-2.3943684697248258,2.0657186425884233,-155.15411602014666,0.87,1,0.86
2026-06-22 12:25:56.672084000,5.0,-151.388133,-2.700352941176501,-1.00795294117648,-4.3894190539509435,-2.3943684697248258,2.882338484381544,-159.5310506658853,0.88,1,0.87
2026-06-22 12:25:56.682084000,5.0,-151.388133,-2.109854895579062,-0.9052533224844047,-4.3894190539509435,-2.3943684697248258,2.2958595902772423,-156.77778771380608,0.89,1,0.88
2026-06-22 12:25:56.692084000,5.0,-151.388133,-2.40147198879553,-0.9174070961718056,-4.3894190539509435,-2.3943684697248258,2.570739872697341,-159.09221043310671,0.9,1,0.89
2026-06-22 12:25:56.702084000,5.0,-151.388133,-1.8561530317613089,-0.8343310875842155,-4.3894190539509435,-2.3943684697248258,2.0350460537850634,-155.79633184448022,0.91,1,0.9
2026-06-22 12:25:56.712084000,5.0,-151.388133,-2.5165301738833823,-0.9468885100579563,-4.3894190539509435,-2.3943684697248258,2.6887770392030097,-159.38031251576064,0.92,1,0.91
2026-06-22 12:25:56.722084000,5.0,-151.388133,-2.400979292391433,-0.9089009584664541,-4.3894190539509435,-2.3943684697248258,2.5672558335299787,-159.26562604714013,0.93,1,0.92
2026-06-22 12:25:56.732084000,5.0,-151.388133,-2.483377329192529,-0.9023059006211115,-4.3894190539509435,-2.3943684697248258,2.6422185559569242,-160.03198222733081,0.94,1,0.9299999999999999
2026-06-22 12:25:56.742084000,5.0,-151.388133,-2.148995168217613,-0.9102942018611315,-4.3894190539509435,-2.3943684697248258,2.3338414185553913,-157.04293980703167,0.95,1,0.94
2026-06-22 12:25:56.752084000,5.0,-151.388133,-2.863729593550562,-1.0846415854887501,-4.3894190539509435,-2.3943684697248258,3.062253182535503,-159.25574769789702,0.96,1,0.95
2026-06-22 12:25:56.762084000,5.0,-151.388133,-2.3479079159935385,-0.9369676898222936,-4.3894190539509435,-2.3943684697248258,2.5279596582532813,-158.24479161765856,0.97,1,0.96
2026-06-22 12:25:56.772084000,5.0,-151.388133,-2.3166938174681264,-0.9180461236506442,-4.3894190539509435,-2.3943684697248258,2.491962866706688,-158.38285185617698,0.98,1,0.97
2026-06-22 12:25:56.782084000,5.0,-151.388133,-2.1692533729704957,-0.912214498056253,-4.3894190539509435,-2.3943684697248258,2.3532521085952296,-157.19227115470727,0.99,1,0.98
2026-06-22 12:25:56.792084000,5.0,-151.388133,-2.3214395306859252,-0.8979250902527082,-4.3894190539509435,-2.3943684697248258,2.4890461952998426,-158.85369542123502,1.0,1,0.99
2026-06-22 12:25:56.802084000,5.0,-151.388133,-2.3477691785471855,-0.9299945689069932,-4.3894190539509435,-2.3943684697248258,2.5252544453841934,-158.3905703255167,1.01,1,1.0
2026-06-22 12:25:56.812084000,5.0,-151.388133,-2.698282327586168,-1.0169073275861935,-4.3894190539509435,-2.3943684697248258,2.8835443524007607,-159.349973530954,1.02,1,1.01
2026-06-22 12:25:56.822084000,5.0,-151.388133,-2.327397874224979,-0.9205661647475645,-4.3894190539509435,-2.3943684697248258,2.5028429692301897,-158.41949340963154,1.03,1,1.02
2026-06-22 12:25:56.832084000,5.0,-151.388133,-2.589192817546362,-0.9717146300313174,-4.3894190539509435,-2.3943684697248258,2.7655286598859483,-159.4290696891344,1.04,1,1.03
2026-06-22 12:25:56.842084000,5.0,-151.388133,-2.1363291536050224,-0.8835207449751068,-4.3894190539509435,-2.3943684697248258,2.311819880385174,-157.53150126481552,1.05,1,1.04
2026-06-22 12:25:56.852084000,5.0,-151.388133,-2.876509907529685,-1.1069504623513706,-4.3894190539509435,-2.3943684697248258,3.082149992167213,-158.952070050879,1.06,1,1.05
2026-06-22 12:25:56.862084000,5.0,-151.388133,-2.267967741935485,-0.9307741935483876,-4.3894190539509435,-2.3943684697248258,2.4515338622657437,-157.6867484111017,1.07,1,1.06
2026-06-22 12:25:56.872084000,5.0,-151.388133,-2.7406418567426742,-1.0296468587434888,-4.3894190539509435,-2.3943684697248258,2.9276766284291487,-159.40902562987966,1.08,1,1.07
2026-06-22 12:25:56.882084000,5.0,-151.388133,-2.2548482166102755,-0.9001812028117713,-4.3894190539509435,-2.3943684697248258,2.427893465094008,-158.23711205219155,1.09,1,1.08
2026-06-22 12:25:56.892084000,5.0,-151.388133,-3.067871114564842,-1.2649381660745957,-4.3894190539509435,-2.3943684697248258,3.318418560033301,-157.59276962542873,1.1,1,1.09
2026-06-22 12:25:56.902084000,5.0,-151.388133,-2.2962790028763234,-0.9185167785234912,-4.3894190539509435,-2.3943684697248258,2.473170097563015,-158.19847914855055,1.11,1,1.1
2026-06-22 12:25:56.912084000,5.0,-151.388133,-3.0030930232558237,-1.2901136133835802,-4.3894190539509435,-2.3943684697248258,3.268479897714753,-156.75188397974065,1.12,1,1.11
2026-06-22 12:25:56.922084000,5.0,-151.388133,-2.2857777777777817,-0.9266666666666669,-4.3894190539509435,-2.3943684697248258,2.4664734258641112,-157.93210043758984,1.13,1,1.1199999999999999
2026-06-22 12:25:56.932084000,5.0,-151.388133,-3.0461241560819485,-1.2993262387000764,-4.3894190539509435,-2.3943684697248258,3.3116643925434914,-156.89929691063278,1.14,1,1.13
2026-06-22 12:25:56.942084000,5.0,-151.388133,-2.2368461538461664,-0.9313570608495971,-4.3894190539509435,-2.3943684697248258,2.422995396357737,-157.39458869716836,1.15,1,1.14
2026-06-22 12:25:56.952084000,5.0,-151.388133,-2.9500940766550543,-1.3052332910991442,-4.3894190539509435,-2.3943684697248258,3.225940018864074,-156.13358768366618,1.16,1,1.15
2026-06-22 12:25:56.962084000,5.0,-151.388133,-2.602595739530372,-0.9735470830307406,-4.3894190539509435,-2.3943684697248258,2.7787224593865627,-159.49079878534192,1.17,1,1.16
2026-06-22 12:25:56.972084000,5.0,-151.388133,-2.479402697495199,-0.9620959537572302,-4.3894190539509435,-2.3943684697248258,2.6595237093476913,-158.7919852935027,1.18,1,1.17
2026-06-22 12:25:56.982084000,5.0,-151.388133,-2.0423525910872398,-0.8733058499056465,-4.3894190539509435,-2.3943684697248258,2.2212310131546844,-156.84854574286763,1.19,1,1.18
2026-06-22 12:25:56.992084000,5.0,-151.388133,-2.5331114138661457,-0.9591880108991706,-4.3894190539509435,-2.3943684697248258,2.7086334331746795,-159.26032670350503,1.2,1,1.19
2026-06-22 12:25:57.002084000,5.0,-151.388133,-2.191890865135555,-0.8968977724054568,-4.3894190539509435,-2.3943684697248258,2.36829288281888,-157.74615887887822,1.21,1,1.2
2026-06-22 12:25:57.012084000,5.0,-151.388133,-2.5193314829499864,-0.954019032513858,-4.3894190539509435,-2.3943684697248258,2.693916003772511,-159.25935345847557,1.22,1,1.21
2026-06-22 12:25:57.022084000,5.0,-151.388133,-2.188121046739436,-0.8923730758466275,-4.3894190539509435,-2.3943684697248258,2.3630919198541678,-157.81307826175572,1.23,1,1.22
2026-06-22 12:25:57.032084000,5.0,-151.388133,-2.51150616016428,-0.9690373032169777,-4.3894190539509435,-2.3943684697248258,2.691968886812988,-158.90143504640182,1.24,1,1.23
2026-06-22 12:25:57.042083999,5.0,-151.388133,-2.2130896245458236,-0.9366463463867584,-4.3894190539509435,-2.3943684697248258,2.403137962013841,-157.0604515428006,1.249999999,1,1.239999999
2026-06-22 12:25:57.052083999,5.0,-151.388133,-2.977711624219606,-1.3029203250421162,-4.3894190539509435,-2.3943684697248258,3.25028735505346,-156.36785272492534,1.259999999,1,1.249999999
2026-06-22 12:25:57.062084000,5.0,-151.388133,-2.243977345338373,-0.9409915771129833,-4.3894190539509435,-2.3943684697248258,2.4332898459882317,-157.24970073078333,1.27,1,1.26
2026-06-22 12:25:57.072084000,5.0,-151.388133,-3.1184217687074742,-1.1498696145124692,-4.3894190539509435,-2.3943684697248258,3.32366581622276,-159.75933055838414,1.28,1,1.27
2026-06-22 12:25:57.082084000,5.0,-151.388133,-2.269927675276757,-0.9210553505535071,-4.3894190539509435,-2.3943684697248258,2.4496764296066913,-157.9144477903763,1.29,1,1.28
2026-06-22 12:25:57.092084000,5.0,-151.388133,-3.1514883460052263,-1.1713913747974545,-4.3894190539509435,-2.3943684697248258,3.362147609483651,-159.610168730196,1.3,1,1.29
2026-06-22 12:25:57.102084000,5.0,-151.388133,-2.2761205007824876,-0.8935508607198779,-4.3894190539509435,-2.3943684697248258,2.4452316198625352,-158.566206972066,1.31,1,1.3
2026-06-22 12:25:57.112084000,5.0,-151.388133,-2.9300034193879076,-1.125929389639248,-4.3894190539509435,-2.3943684697248258,3.1388910506862517,-158.9794406655638,1.32,1,1.31
2026-06-22 12:25:57.122084000,5.0,-151.388133,-2.186662436548231,-0.9180812182741123,-4.3894190539509435,-2.3943684697248258,2.3715745265031676,-157.22465540534006,1.33,1,1.32
2026-06-22 12:25:57.132084000,5.0,-151.388133,-3.1873804173354507,-1.171760433386832,-4.3894190539509435,-2.3943684697248258,3.395941171172494,-159.81531501821073,1.34,1,1.33
2026-06-22 12:25:57.142084000,5.0,-151.388133,-2.243666223404269,-0.933,-4.3894190539509435,-2.3943684697248258,2.42992327492972,-157.4206389855898,1.35,1,1.34
2026-06-22 12:25:57.152084000,5.0,-151.388133,-2.372551008477033,-0.975985676702713,-4.3894190539509435,-2.3943684697248258,2.5654524608642113,-157.63942370169565,1.36,1,1.35
2026-06-22 12:25:57.162084000,5.0,-151.388133,-1.5950156836004064,-0.7708919195363103,-4.3894190539509435,-2.3943684697248258,1.7715387047811426,-154.20491486491673,1.37,1,1.36
2026-06-22 12:25:57.172084000,5.0,-151.388133,-2.9431045454544758,-1.1103818181818013,-4.3894190539509435,-2.3943684697248258,3.1456020326200704,-159.32938694080661,1.38,1,1.3699999999999999
2026-06-22 12:25:57.182084000,5.0,-151.388133,-2.1823223787167514,-0.8958287949921757,-4.3894190539509435,-2.3943684697248258,2.359033741722461,-157.68217666571567,1.39,1,1.38
2026-06-22 12:25:57.192084000,5.0,-151.388133,-2.3419465132023864,-0.9478713608666061,-4.3894190539509435,-2.3943684697248258,2.5264943276112706,-157.96502110717947,1.4,1,1.39
2026-06-22 12:25:57.202084000,5.0,-151.388133,-2.2366969189551287,-0.9137173476222381,-4.3894190539509435,-2.3943684697248258,2.416131722114749,-157.77939998734098,1.41,1,1.4
2026-06-22 12:25:57.212084000,5.0,-151.388133,-2.54246813495779,-1.0232638238050495,-4.3894190539509435,-2.3943684697248258,2.740659240106999,-158.07675853752446,1.42,1,1.41
2026-06-22 12:25:57.222084000,5.0,-151.388133,-2.2162963701635405,-0.9212987634623053,-4.3894190539509435,-2.3943684697248258,2.400158538921389,-157.42768867890103,1.43,1,1.42
2026-06-22 12:25:57.232084000,5.0,-151.388133,-2.78581635581061,-1.0609512195121935,-4.3894190539509435,-2.3943684697248258,2.9810049074911498,-159.15114859992954,1.44,1,1.43
2026-06-22 12:25:57.242084000,5.0,-151.388133,-2.1940608552631593,-0.9195312500000004,-4.3894190539509435,-2.3943684697248258,2.3789579139456563,-157.26143457578402,1.45,1,1.44
2026-06-22 12:25:57.252084000,5.0,-151.388133,-2.3532727272727203,-0.9591537433155062,-4.3894190539509435,-2.3943684697248258,2.541233643772594,-157.82503064752873,1.46,1,1.45
2026-06-22 12:25:57.262084000,5.0,-151.388133,-2.213809222423149,-0.8937965641952991,-4.3894190539509435,-2.3943684697248258,2.3874303280835463,-158.0142502710259,1.47,1,1.46
2026-06-22 12:25:57.272084000,5.0,-151.388133,-3.3855956956189246,-1.2305603382013919,-4.3894190539509435,-2.3943684697248258,3.6022960678083797,-160.0253444732222,1.48,1,1.47
2026-06-22 12:25:57.282084000,5.0,-151.388133,-2.0987047797563307,-0.8898847235238994,-4.3894190539509435,-2.3943684697248258,2.2795737701889087,-157.02227111181605,1.49,1,1.48
2026-06-22 12:25:57.292084000,5.0,-151.388133,-2.424531009174298,-0.9750957798165097,-4.3894190539509435,-2.3943684697248258,2.613266613697062,-158.09103771792803,1.5,1,1.49
2026-06-22 12:25:57.302084000,5.0,-151.388133,-2.296656909788875,-0.9447058541266812,-4.3894190539509435,-2.3943684697248258,2.4833650782964245,-157.6406955432615,1.51,1,1.5
2026-06-22 12:25:57.312084000,5.0,-151.388133,-2.329320902845911,-0.9589800457965272,-4.3894190539509435,-2.3943684697248258,2.5190034927865423,-157.6230637474388,1.52,1,1.51
2026-06-22 12:25:57.322084000,5.0,-151.388133,-2.2131031004856228,-0.9129447142323498,-4.3894190539509435,-2.3943684697248258,2.394011985062703,-157.5829745017758,1.53,1,1.52
2026-06-22 12:25:57.332084000,5.0,-151.388133,-2.359707054729488,-0.9936814299272287,-4.3894190539509435,-2.3943684697248258,2.5603945337237257,-157.16385928278163,1.54,1,1.53
2026-06-22 12:25:57.342084000,5.0,-151.388133,-2.2529001198561813,-0.9288849380743137,-4.3894190539509435,-2.3943684697248258,2.4368804193536695,-157.5933369844004,1.55,1,1.54
2026-06-22 12:25:57.352084000,5.0,-151.388133,-2.4587768437141566,-0.9627718761941111,-4.3894190539509435,-2.3943684697248258,2.6405516947742718,-158.616409065649,1.56,1,1.55
2026-06-22 12:25:57.362084000,5.0,-151.388133,-2.110831111111118,-0.8840879693486601,-4.3894190539509435,-2.3943684697248258,2.288497218084749,-157.27440411315973,1.57,1,1.56
2026-06-22 12:25:57.372084000,5.0,-151.388133,-2.418587217043915,-0.9693049267643065,-4.3894190539509435,-2.3943684697248258,2.6055932467478087,-158.16041033696717,1.58,1,1.57
2026-06-22 12:25:57.382084000,5.0,-151.388133,-2.197643669446574,-0.911203184230482,-4.3894190539509435,-2.3943684697248258,2.3790605164245764,-157.47976637775187,1.59,1,1.58
2026-06-22 12:25:57.392084000,5.0,-151.388133,-2.440358706635163,-0.9570464802963743,-4.3894190539509435,-2.3943684697248258,2.62131428533431,-158.58615418127852,1.6,1,1.59
2026-06-22 12:25:57.402084000,5.0,-151.388133,-2.2596056962025437,-0.9153791139240525,-4.3894190539509435,-2.3943684697248258,2.4379780196957,-157.946850676231,1.61,1,1.6
2026-06-22 12:25:57.412084000,5.0,-151.388133,-2.437066499372599,-0.9859623588456573,-4.3894190539509435,-2.3943684697248258,2.62895699763703,-157.97325424311381,1.62,1,1.61
2026-06-22 12:25:57.422084000,5.0,-151.388133,-2.2808947368421375,-0.9258950720751008,-4.3894190539509435,-2.3943684697248258,2.4616584826183994,-157.90604338355791,1.63,1,1.6199999999999999
2026-06-22 12:25:57.432084000,5.0,-151.388133,-2.5500223350253286,-1.0045316412859429,-4.3894190539509435,-2.3943684697248258,2.740747658481652,-158.49900548521165,1.64,1,1.63
2026-06-22 12:25:57.442084000,5.0,-151.388133,-2.2793821187997683,-0.9018300673606886,-4.3894190539509435,-2.3943684697248258,2.45130175904557,-158.41393375857987,1.65,1,1.64
2026-06-22 12:25:57.452084000,5.0,-151.388133,-2.5974472626043337,-1.0081277451283501,-4.3894190539509435,-2.3943684697248258,2.7862257325113338,-158.78764638144466,1.66,1,1.65
2026-06-22 12:25:57.462084000,5.0,-151.388133,-2.2679507941451167,-0.9094627841793821,-4.3894190539509435,-2.3943684697248258,2.4435063659566714,-158.14889872452343,1.67,1,1.66
2026-06-22 12:25:57.472084000,5.0,-151.388133,-3.3025640194489396,-1.2253111831442438,-4.3894190539509435,-2.3943684697248258,3.5225440519739544,-159.64423225148764,1.68,1,1.67
2026-06-22 12:25:57.482084000,5.0,-151.388133,-2.3240198807156953,-0.9302471835652736,-4.3894190539509435,-2.3943684697248258,2.503283489438006,-158.18500607725173,1.69,1,1.68
2026-06-22 12:25:57.492084000,5.0,-151.388133,-2.5827053364268915,-0.9933878024527609,-4.3894190539509435,-2.3943684697248258,2.767162116839176,-158.96172375986896,1.7,1,1.69
2026-06-22 12:25:57.502084000,5.0,-151.388133,-2.258202727836349,-0.9228921264724146,-4.3894190539509435,-2.3943684697248258,2.4395100813713197,-157.77093352315524,1.71,1,1.7
2026-06-22 12:25:57.512084000,5.0,-151.388133,-2.525408913890056,-1.0015841627001214,-4.3894190539509435,-2.3943684697248258,2.7167740092482955,-158.36658607504205,1.72,1,1.71
2026-06-22 12:25:57.522084000,5.0,-151.388133,-2.339631158455404,-0.9575006657789649,-4.3894190539509435,-2.3943684697248258,2.527979723530736,-157.74302958752463,1.73,1,1.72
2026-06-22 12:25:57.532084000,5.0,-151.388133,-2.636810768012644,-0.9848076009501132,-4.3894190539509435,-2.3943684697248258,2.814714379328131,-159.52012583397274,1.74,1,1.73
2026-06-22 12:25:57.542084000,5.0,-151.388133,-2.2815337423313076,-0.9021437335670504,-4.3894190539509435,-2.3943684697248258,2.453417928810866,-158.4256084154877,1.75,1,1.74
2026-06-22 12:25:57.552084000,5.0,-151.388133,-2.6099498567334387,-0.9679813753581485,-4.3894190539509435,-2.3943684697248258,2.783671352315706,-159.65112885378124,1.76,1,1.75
2026-06-22 12:25:57.562084000,5.0,-151.388133,-2.3563902523332345,-0.9089433114414118,-4.3894190539509435,-2.3943684697248258,2.525619322998849,-158.90660371366704,1.77,1,1.76
2026-06-22 12:25:57.572084000,5.0,-151.388133,-2.6099822710004044,-1.0015078092021903,-4.3894190539509435,-2.3943684697248258,2.7955366831485864,-159.00708952242536,1.78,1,1.77
2026-06-22 12:25:57.582084000,5.0,-151.388133,-2.314317795168442,-0.9329421571963273,-4.3894190539509435,-2.3943684697248258,2.4952851391589412,-158.04477056215163,1.79,1,1.78
2026-06-22 12:25:57.592084000,5.0,-151.388133,-2.418550458715556,-0.9584311926605414,-4.3894190539509435,-2.3943684697248258,2.6015335232162458,-158.38240337405466,1.8,1,1.79
2026-06-22 12:25:57.602084000,5.0,-151.388133,-2.2442939356435936,-0.9236435643564411,-4.3894190539509435,-2.3943684697248258,2.426926596241362,-157.63028814167203,1.81,1,1.8
2026-06-22 12:25:57.612084000,5.0,-151.388133,-2.496289340101467,-0.9541421319796818,-4.3894190539509435,-2.3943684697248258,2.6724235587801104,-159.0819353098763,1.82,1,1.81
2026-06-22 12:25:57.622084000,5.0,-151.388133,-2.270816383307598,-0.9392726429675491,-4.3894190539509435,-2.3943684697248258,2.457405164909817,-157.52865570089642,1.83,1,1.82
2026-06-22 12:25:57.632084000,5.0,-151.388133,-2.4873199445983105,-0.9381592797783868,-4.3894190539509435,-2.3943684697248258,2.6583647870506493,-159.33469024153854,1.84,1,1.83
2026-06-22 12:25:57.642084000,5.0,-151.388133,-2.3652663316583378,-0.8956884422110593,-4.3894190539509435,-2.3943684697248258,2.529178247017589,-159.25912645811027,1.85,1,1.84
2026-06-22 12:25:57.652084000,5.0,-151.388133,-2.542830802602989,-0.9598187170746677,-4.3894190539509435,-2.3943684697248258,2.7179478398809316,-159.3204487704782,1.86,1,1.85
2026-06-22 12:25:57.662084000,5.0,-151.388133,-2.254812428078277,-0.9080552359033404,-4.3894190539509435,-2.3943684697248258,2.4307906938417645,-158.06442969641446,1.87,1,1.86
2026-06-22 12:25:57.672084000,5.0,-151.388133,-2.513304097527901,-0.9417687097866473,-4.3894190539509435,-2.3943684697248258,2.6839571139240923,-159.45835288045424,1.88,1,1.8699999999999999
2026-06-22 12:25:57.682084000,5.0,-151.388133,-2.2430815546352747,-0.9281312519910839,-4.3894190539509435,-2.3943684697248258,2.4275177613495513,-157.52144725775338,1.89,1,1.88
2026-06-22 12:25:57.692084000,5.0,-151.388133,-2.5830492285083544,-0.9986429096252489,-4.3894190539509435,-2.3943684697248258,2.769373751923418,-158.86280197095337,1.9,1,1.89
2026-06-22 12:25:57.702084000,5.0,-151.388133,-2.2154940380277512,-0.9170351272961723,-4.3894190539509435,-2.3943684697248258,2.39778382203893,-157.51440595846606,1.91,1,1.9
2026-06-22 12:25:57.712084000,5.0,-151.388133,-2.525925399028434,-0.970633587786255,-4.3894190539509435,-2.3943684697248258,2.7059986480402705,-158.9798043302781,1.92,1,1.91
2026-06-22 12:25:57.722084000,5.0,-151.388133,-2.2892523171987604,-0.9138249227600406,-4.3894190539509435,-2.3943684697248258,2.464904087638561,-158.23907861734602,1.93,1,1.92
2026-06-22 12:25:57.732084000,5.0,-151.388133,-2.6737945425360756,-0.9929253611556862,-4.3894190539509435,-2.3943684697248258,2.852205818050628,-159.62729950781295,1.94,1,1.93
2026-06-22 12:25:57.742084000,5.0,-151.388133,-2.227803673938004,-0.9159661308840417,-4.3894190539509435,-2.3943684697248258,2.408755521537698,-157.64988334543318,1.95,1,1.94
2026-06-22 12:25:57.752084000,5.0,-151.388133,-2.6098340956340573,-0.9878565488565394,-4.3894190539509435,-2.3943684697248258,2.7905366093016575,-159.26768620417496,1.96,1,1.95
2026-06-22 12:25:57.762084000,5.0,-151.388133,-1.9634743499648668,-0.8840527055516518,-4.3894190539509435,-2.3943684697248258,2.1533185340685552,-155.7603833095217,1.97,1,1.96
2026-06-22 12:25:57.772084000,5.0,-151.388133,-2.516119079386245,-0.9680570380253466,-4.3894190539509435,-2.3943684697248258,2.695920928091529,-158.9561626114223,1.98,1,1.97
2026-06-22 12:25:57.782084000,5.0,-151.388133,-2.269436889332005,-0.9262819541375867,-4.3894190539509435,-2.3943684697248258,2.4511919658039583,-157.79692869407685,1.99,1,1.98
2026-06-22 12:25:57.792084000,5.0,-151.388133,-2.6216948775056066,-0.9974699331848672,-4.3894190539509435,-2.3943684697248258,2.805036594832046,-159.1698021329014,2.0,1,1.99
2026-06-22 12:25:57.802084000,10.0,-151.388133,-2.1531604334149095,-0.9109500174764108,-8.778838107901887,-4.7887369394496515,2.3379328019350245,-157.06795539161135,2.01,2,0.0
2026-06-22 12:25:57.812084000,10.0,-151.388133,-2.27,-0.9368983901317166,-8.778838107901887,-4.7887369394496515,2.4557439999787034,-157.572563841099,2.02,2,0.010000000000000231
2026-06-22 12:25:57.822084000,10.0,-151.388133,-2.951729895420121,-1.256542372881355,-8.778838107901887,-4.7887369394496515,3.208053632713017,-156.94069413788077,2.03,2,0.020000000000000018
2026-06-22 12:25:57.832084000,10.0,-151.388133,-3.7562679551419604,-1.5663056549749441,-8.778838107901887,-4.7887369394496515,4.069749667440598,-157.36461833966433,2.04,2,0.03000000000000025
2026-06-22 12:25:57.842084000,10.0,-151.388133,-3.701996953077297,-1.6463796465569605,-8.778838107901887,-4.7887369394496515,4.051585785984374,-156.0239723032876,2.05,2,0.040000000000000036
2026-06-22 12:25:57.852084000,10.0,-151.388133,-4.558138271921943,-1.9395641288997314,-8.778838107901887,-4.7887369394496515,4.9536384119225065,-156.9494353398554,2.06,2,0.050000000000000266
2026-06-22 12:25:57.862084000,10.0,-151.388133,-3.784509552145317,-1.6796069527090507,-8.778838107901887,-4.7887369394496515,4.140482105488168,-156.067825458019,2.07,2,0.06000000000000005
2026-06-22 12:25:57.872084000,10.0,-151.388133,-4.261187042842247,-1.7457826541274923,-8.778838107901887,-4.7887369394496515,4.604939965899565,-157.72138314534388,2.08,2,0.07000000000000028
2026-06-22 12:25:57.882084000,10.0,-151.388133,-3.315216477184237,-1.5966868089082684,-8.778838107901887,-4.7887369394496515,3.6796832820686527,-154.2834318253686,2.09,2,0.08000000000000007
2026-06-22 12:25:57.892084000,10.0,-151.388133,-5.7210683279743,-2.4109919614148,-8.778838107901887,-4.7887369394496515,6.2083415701262314,-157.14830465834848,2.1,2,0.0900000000000003
2026-06-22 12:25:57.902084000,10.0,-151.388133,-5.35731868516143,-2.437554027275904,-8.778838107901887,-4.7887369394496515,5.885790782067332,-155.53469503691932,2.11,2,0.10000000000000009
2026-06-22 12:25:57.912084000,10.0,-151.388133,-6.451736490781911,-2.7224500953591737,-8.778838107901887,-4.7887369394496515,7.002616530141291,-157.12163247584527,2.12,2,0.11000000000000032
2026-06-22 12:25:57.922084000,10.0,-151.388133,-6.000199999999999,-2.54044,-8.778838107901887,-4.7887369394496515,6.515844951623695,-157.05256254962217,2.13,2,0.1200000000000001
2026-06-22 12:25:57.932084000,10.0,-151.388133,-6.483316045380878,-2.866935170178284,-8.778838107901887,-4.7887369394496515,7.088914177382763,-156.14489098295738,2.14,2,0.13000000000000034
2026-06-22 12:25:57.942084000,10.0,-151.388133,-5.900654688869404,-2.51436634531113,-8.778838107901887,-4.7887369394496515,6.4140286774935555,-156.92034580821124,2.15,2,0.14000000000000012
2026-06-22 12:25:57.952084000,10.0,-151.388133,-6.644671162491968,-2.8414842646114353,-8.778838107901887,-4.7887369394496515,7.226734233641552,-156.84682334986078,2.16,2,0.15000000000000036
2026-06-22 12:25:57.962084000,10.0,-151.388133,-6.647934752747233,-2.9809189560439506,-8.778838107901887,-4.7887369394496515,7.285664986759037,-155.84864340359889,2.17,2,0.16000000000000014
2026-06-22 12:25:57.972084000,10.0,-151.388133,-7.965778400140035,-3.4394845090145263,-8.778838107901887,-4.7887369394496515,8.676616806560517,-156.64615344538583,2.18,2,0.17000000000000037
2026-06-22 12:25:57.982084000,10.0,-151.388133,-6.899008695652029,-3.0190434782608215,-8.778838107901887,-4.7887369394496515,7.530666936355074,-156.3655535581542,2.19,2,0.18000000000000016
2026-06-22 12:25:57.992084000,10.0,-151.388133,-7.5445450300199814,-3.1062545030019875,-8.778838107901887,-4.7887369394496515,8.158981354766006,-157.62196144675192,2.2,2,0.1900000000000004
2026-06-22 12:25:58.002084000,10.0,-151.388133,-6.514028085443037,-2.845521756329114,-8.778838107901887,-4.7887369394496515,7.108414447940062,-156.40285945045224,2.21,2,0.20000000000000018
2026-06-22 12:25:58.012084000,10.0,-151.388133,-7.4817859070464525,-3.1136320839580107,-8.778838107901887,-4.7887369394496515,8.103815466379501,-157.40479627627653,2.22,2,0.2100000000000004
2026-06-22 12:25:58.022084000,10.0,-151.388133,-6.965737691686829,-2.9598946731234816,-8.778838107901887,-4.7887369394496515,7.568518881879817,-156.9782970521485,2.23,2,0.2200000000000002
2026-06-22 12:25:58.032084000,10.0,-151.388133,-7.494078562259273,-3.1297607188703327,-8.778838107901887,-4.7887369394496515,8.121367843823954,-157.3330645736176,2.24,2,0.23000000000000043
2026-06-22 12:25:58.042083999,10.0,-151.388133,-6.9168626855600435,-2.9160988529014853,-8.778838107901887,-4.7887369394496515,7.506438698263395,-157.14006674129473,2.249999999,2,0.23999999900000013
2026-06-22 12:25:58.052083999,10.0,-151.388133,-7.302738214643887,-3.0751544633901546,-8.778838107901887,-4.7887369394496515,7.923797095163946,-157.1642311336429,2.259999999,2,0.24999999900000036
2026-06-22 12:25:58.062084000,10.0,-151.388133,-6.8523052991452875,-2.8840608547008495,-8.778838107901887,-4.7887369394496515,7.434507039899309,-157.17430325870686,2.27,2,0.26000000000000023
2026-06-22 12:25:58.072084000,10.0,-151.388133,-7.217233693101761,-3.0402022524636094,-8.778838107901887,-4.7887369394496515,7.8314297492046805,-157.15712831580913,2.28,2,0.27
2026-06-22 12:25:58.082084000,10.0,-151.388133,-6.303369638230498,-2.866085884272143,-8.778838107901887,-4.7887369394496515,6.924371241650039,-155.54913107824896,2.29,2,0.28000000000000025
2026-06-22 12:25:58.092084000,10.0,-151.388133,-7.107680523119943,-2.956564222325987,-8.778838107901887,-4.7887369394496515,7.698077319660842,-157.41427603575005,2.3,2,0.29000000000000004
2026-06-22 12:25:58.102084000,10.0,-151.388133,-6.23589143853999,-2.7753831186258715,-8.778838107901887,-4.7887369394496515,6.825620373886157,-156.0077806813571,2.31,2,0.30000000000000027
2026-06-22 12:25:58.112084000,10.0,-151.388133,-7.089946361940453,-2.961265391791092,-8.778838107901887,-4.7887369394496515,7.683516911923362,-157.33111812890846,2.32,2,0.31000000000000005
2026-06-22 12:25:58.122084000,10.0,-151.388133,-6.692334519572959,-2.8808369459721783,-8.778838107901887,-4.7887369394496515,7.286052623413183,-156.7096610445535,2.33,2,0.3200000000000003
2026-06-22 12:25:58.132084000,10.0,-151.388133,-7.067001945525349,-2.946486381322978,-8.778838107901887,-4.7887369394496515,7.656650605413626,-157.36699532302308,2.34,2,0.33000000000000007
2026-06-22 12:25:58.142084000,10.0,-151.388133,-6.688038345105954,-2.8851796165489403,-8.778838107901887,-4.7887369394496515,7.283825802787782,-156.66492248473247,2.35,2,0.3400000000000003
2026-06-22 12:25:58.152084000,10.0,-151.388133,-7.118096545196597,-2.9773407477520744,-8.778838107901887,-4.7887369394496515,7.715688974742606,-157.30153137644265,2.36,2,0.3500000000000001
2026-06-22 12:25:58.162084000,10.0,-151.388133,-6.667228299223723,-2.86709280169372,-8.778838107901887,-4.7887369394496515,7.257558427425411,-156.73095612810587,2.37,2,0.3600000000000003
2026-06-22 12:25:58.172084000,10.0,-151.388133,-6.97220105820112,-2.9362751322751524,-8.778838107901887,-4.7887369394496515,7.5652692779833215,-157.16207733168764,2.38,2,0.3700000000000001
2026-06-22 12:25:58.182084000,10.0,-151.388133,-6.677675000000004,-2.838300000000001,-8.778838107901887,-4.7887369394496515,7.255845250253416,-156.97241407392684,2.39,2,0.38000000000000034
2026-06-22 12:25:58.192084000,10.0,-151.388133,-7.0435798561152305,-2.9253302158273775,-8.778838107901887,-4.7887369394496515,7.626898062849988,-157.44597584220512,2.4,2,0.3900000000000001
2026-06-22 12:25:58.202084000,10.0,-151.388133,-6.63137522123893,-2.832702654867255,-8.778838107901887,-4.7887369394496515,7.2110569028231675,-156.86944012773685,2.41,2,0.40000000000000036
2026-06-22 12:25:58.212084000,10.0,-151.388133,-6.959949048913049,-2.9136005434782626,-8.778838107901887,-4.7887369394496515,7.5451944236329975,-157.28465251846222,2.42,2,0.41000000000000014
2026-06-22 12:25:58.222084000,10.0,-151.388133,-6.593386088709665,-2.814143145161289,-8.778838107901887,-4.7887369394496515,7.16883126850175,-156.88657865504746,2.43,2,0.4200000000000004
2026-06-22 12:25:58.232084000,10.0,-151.388133,-6.9659453352770395,-2.9499927113702857,-8.778838107901887,-4.7887369394496515,7.5648431187438225,-157.04793612102907,2.44,2,0.43000000000000016
2026-06-22 12:25:58.242084000,10.0,-151.388133,-6.597685858585861,-2.8294939393939393,-8.778838107901887,-4.7887369394496515,7.178822650104325,-156.7873664760661,2.45,2,0.4400000000000004
2026-06-22 12:25:58.252084000,10.0,-151.388133,-6.903245918721884,-2.9053115665161826,-8.778838107901887,-4.7887369394496515,7.489702231256131,-157.1756403961664,2.46,2,0.4500000000000002
2026-06-22 12:25:58.262084000,10.0,-151.388133,-6.574992000000011,-2.811748869565221,-8.778838107901887,-4.7887369394496515,7.150975563205725,-156.84636842479063,2.47,2,0.4600000000000004
2026-06-22 12:25:58.272084000,10.0,-151.388133,-6.933105498981759,-2.9011841140529757,-8.778838107901887,-4.7887369394496515,7.515638437527743,-157.29294406486056,2.48,2,0.4700000000000002
2026-06-22 12:25:58.282084000,10.0,-151.388133,-6.0940106382978545,-2.729276595744674,-8.778838107901887,-4.7887369394496515,6.677268632889279,-155.87419960538006,2.49,2,0.4800000000000004
2026-06-22 12:25:58.292084000,10.0,-151.388133,-6.911255773871071,-2.9159703550499807,-8.778838107901887,-4.7887369394496515,7.501222532587373,-157.12433385295122,2.5,2,0.4900000000000002
2026-06-22 12:25:58.302084000,10.0,-151.388133,-6.565786168224313,-2.802437757009347,-8.778838107901887,-4.7887369394496515,7.138851825661973,-156.8860278517081,2.51,2,0.5
2026-06-22 12:25:58.312084000,10.0,-151.388133,-7.515559245960501,-3.0599587073608614,-8.778838107901887,-4.7887369394496515,8.114615090704914,-157.84631230802134,2.52,2,0.5100000000000002
2026-06-22 12:25:58.322084000,10.0,-151.388133,-6.306651180857654,-2.7361765071472908,-8.778838107901887,-4.7887369394496515,6.874628062322935,-156.54611460339794,2.53,2,0.52
2026-06-22 12:25:58.332084000,10.0,-151.388133,-6.886114795008953,-2.89803778966133,-8.778838107901887,-4.7887369394496515,7.4710909511493915,-157.1760923817719,2.54,2,0.5300000000000002
2026-06-22 12:25:58.342084000,10.0,-151.388133,-5.983225460122693,-2.6932475898334785,-8.778838107901887,-4.7887369394496515,6.5614456857314805,-155.7659150207237,2.55,2,0.54
2026-06-22 12:25:58.352084000,10.0,-151.388133,-7.01492086920868,-2.9188577285772825,-8.778838107901887,-4.7887369394496515,7.5979500683365115,-157.40815932212487,2.56,2,0.5500000000000003
2026-06-22 12:25:58.362084000,10.0,-151.388133,-6.552071108622613,-2.7959235722284412,-8.778838107901887,-4.7887369394496515,7.123680539874721,-156.8909120501871,2.57,2,0.56
2026-06-22 12:25:58.372084000,10.0,-151.388133,-7.219223218287769,-2.9591367099955193,-8.778838107901887,-4.7887369394496515,7.802158287545076,-157.71143156920493,2.58,2,0.5700000000000003
2026-06-22 12:25:58.382084000,10.0,-151.388133,-6.07534796238243,-2.7130030618939966,-8.778838107901887,-4.7887369394496515,6.653588391076693,-155.93640593500777,2.59,2,0.5800000000000001
2026-06-22 12:25:58.392084000,10.0,-151.388133,-6.563208943716246,-2.810707016191209,-8.778838107901887,-4.7887369394496515,7.139732878038464,-156.81687574294568,2.6,2,0.5900000000000003
2026-06-22 12:25:58.402084000,10.0,-151.388133,-6.518686821705405,-2.7983912144702825,-8.778838107901887,-4.7887369394496515,7.093960196441771,-156.7667536915109,2.61,2,0.6000000000000001
2026-06-22 12:25:58.412084000,10.0,-151.388133,-7.174075018477483,-3.1580328898743533,-8.778838107901887,-4.7887369394496515,7.838400608814967,-156.24087181864442,2.62,2,0.6100000000000003
2026-06-22 12:25:58.422084000,10.0,-151.388133,-6.380473118279543,-2.766566308243722,-8.778838107901887,-4.7887369394496515,6.954446516509935,-156.55849670156584,2.63,2,0.6200000000000001
2026-06-22 12:25:58.432084000,10.0,-151.388133,-7.32282743577314,-3.136098788172564,-8.778838107901887,-4.7887369394496515,7.966110548020863,-156.81632252600366,2.64,2,0.6300000000000003
2026-06-22 12:25:58.442084000,10.0,-151.388133,-6.569615679339804,-2.786823460064834,-8.778838107901887,-4.7887369394496515,7.1362619887301735,-157.01339871899046,2.65,2,0.6400000000000001
2026-06-22 12:25:58.452084000,10.0,-151.388133,-7.706132803632217,-3.097244040862652,-8.778838107901887,-4.7887369394496515,8.305263598217442,-158.1038500326052,2.66,2,0.6500000000000004
2026-06-22 12:25:58.462084000,10.0,-151.388133,-6.589468907563019,-2.745922689075626,-8.778838107901887,-4.7887369394496515,7.138710800846332,-157.37783358858536,2.67,2,0.6600000000000001
2026-06-22 12:25:58.472084000,10.0,-151.388133,-7.490025180897228,-3.0503085383502113,-8.778838107901887,-4.7887369394496515,8.087327085607875,-157.84141720010803,2.68,2,0.6700000000000004
2026-06-22 12:25:58.482084000,10.0,-151.388133,-6.542909564393935,-2.8121396780303027,-8.778838107901887,-4.7887369394496515,7.12164272739022,-156.7419879677966,2.69,2,0.6800000000000002
2026-06-22 12:25:58.492084000,10.0,-151.388133,-7.114621601208478,-2.979503021148041,-8.778838107901887,-4.7887369394496515,7.713318273052954,-157.27675312068496,2.7,2,0.6900000000000004
2026-06-22 12:25:58.502084000,10.0,-151.388133,-6.1540442655935585,-2.7047867203219305,-8.778838107901887,-4.7887369394496515,6.722211840258742,-156.27385365490412,2.71,2,0.7000000000000002
2026-06-22 12:25:58.512084000,10.0,-151.388133,-7.0386277645456925,-2.9558475671997115,-8.778838107901887,-4.7887369394496515,7.634089051638967,-157.2201967303591,2.72,2,0.7100000000000004
2026-06-22 12:25:58.522084000,10.0,-151.388133,-6.3184455219623095,-2.746005134055896,-8.778838107901887,-4.7887369394496515,6.889361219319749,-156.51016779554595,2.73,2,0.7200000000000002
2026-06-22 12:25:58.532084000,10.0,-151.388133,-7.092799511748576,-2.957034482758627,-8.778838107901887,-4.7887369394496515,7.684520664692394,-157.3684255575737,2.74,2,0.7300000000000004
2026-06-22 12:25:58.542084000,10.0,-151.388133,-6.524287698412676,-2.7829239417989386,-8.778838107901887,-4.7887369394496515,7.093024435140254,-156.89940997109122,2.75,2,0.7400000000000002
2026-06-22 12:25:58.552084000,10.0,-151.388133,-7.038425449871425,-2.9265424164524325,-8.778838107901887,-4.7887369394496515,7.62260344821197,-157.42270091996056,2.76,2,0.75
2026-06-22 12:25:58.562084000,10.0,-151.388133,-6.2694135502263855,-2.7132232097937257,-8.778838107901887,-4.7887369394496515,6.831334163245535,-156.59841662784342,2.77,2,0.7600000000000002
2026-06-22 12:25:58.572084000,10.0,-151.388133,-7.12107174887886,-2.9826950672645576,-8.778838107901887,-4.7887369394496515,7.720500807393582,-157.2733933790032,2.78,2,0.77
2026-06-22 12:25:58.582084000,10.0,-151.388133,-6.085112000000001,-2.6751840000000002,-8.778838107901887,-4.7887369394496515,6.647194708025335,-156.26837765400688,2.79,2,0.7800000000000002
2026-06-22 12:25:58.592084000,10.0,-151.388133,-7.38512740509616,-3.031371814872584,-8.778838107901887,-4.7887369394496515,7.983064691552126,-157.68333045503402,2.8,2,0.79
2026-06-22 12:25:58.602084000,10.0,-151.388133,-6.062457310312056,-2.6570826865198796,-8.778838107901887,-4.7887369394496515,6.61917495178665,-156.33289303408824,2.81,2,0.8000000000000003
2026-06-22 12:25:58.612084000,10.0,-151.388133,-7.100154952599032,-2.958282772147796,-8.778838107901887,-4.7887369394496515,7.691790253959284,-157.38092664480973,2.82,2,0.81
2026-06-22 12:25:58.622084000,10.0,-151.388133,-6.29702778670093,-2.719266623835528,-8.778838107901887,-4.7887369394496515,6.859079378312332,-156.64370250597582,2.83,2,0.8200000000000003
2026-06-22 12:25:58.632084000,10.0,-151.388133,-7.178720812182813,-2.991263959390879,-8.778838107901887,-4.7887369394496515,7.776997658095151,-157.37924901507327,2.84,2,0.8300000000000001
2026-06-22 12:25:58.642084000,10.0,-151.388133,-6.3512322580645195,-2.722639049235994,-8.778838107901887,-4.7887369394496515,6.910203657512853,-156.79620911954643,2.85,2,0.8400000000000003
2026-06-22 12:25:58.652084000,10.0,-151.388133,-7.4346069630873135,-3.050510906040284,-8.778838107901887,-4.7887369394496515,8.036105865620305,-157.6910526040685,2.86,2,0.8500000000000001
2026-06-22 12:25:58.662084000,10.0,-151.388133,-6.137538055588133,-2.655395215198781,-8.778838107901887,-4.7887369394496515,6.687338568720231,-156.6043614445988,2.87,2,0.8600000000000003
2026-06-22 12:25:58.672084000,10.0,-151.388133,-7.0488187311178505,-2.9876888217522715,-8.778838107901887,-4.7887369394496515,7.655855928619696,-157.03001676165485,2.88,2,0.8700000000000001
2026-06-22 12:25:58.682084000,10.0,-151.388133,-6.24262379989894,-2.722826301162203,-8.778838107901887,-4.7887369394496515,6.810589913756761,-156.43476027934685,2.89,2,0.8800000000000003
2026-06-22 12:25:58.692084000,10.0,-151.388133,-7.355160753077556,-3.036375090514137,-8.778838107901887,-4.7887369394496515,7.957258535067661,-157.56806841223735,2.9,2,0.8900000000000001
2026-06-22 12:25:58.702084000,10.0,-151.388133,-6.5009667774086255,-2.779135738016134,-8.778838107901887,-4.7887369394496515,7.070089425975401,-156.85349751945853,2.91,2,0.9000000000000004
2026-06-22 12:25:58.712084000,10.0,-151.388133,-7.163597609561847,-2.998953784860577,-8.778838107901887,-4.7887369394496515,7.76600634273819,-157.28396447838182,2.92,2,0.9100000000000001
2026-06-22 12:25:58.722084000,10.0,-151.388133,-6.570613006396587,-2.7895914179104473,-8.778838107901887,-4.7887369394496515,7.138261382066898,-156.9960717589744,2.93,2,0.9200000000000004
2026-06-22 12:25:58.732084000,10.0,-151.388133,-7.86184338079364,-3.161307785519528,-8.778838107901887,-4.7887369394496515,8.473632530321051,-158.09456063007852,2.94,2,0.9300000000000002
2026-06-22 12:25:58.742084000,10.0,-151.388133,-6.511814886418568,-2.7810652489125194,-8.778838107901887,-4.7887369394496515,7.080823188986668,-156.87364599300182,2.95,2,0.9400000000000004
2026-06-22 12:25:58.752084000,10.0,-151.388133,-7.250708010335932,-2.9736238464378046,-8.778838107901887,-4.7887369394496515,7.836785401633326,-157.70073209239828,2.96,2,0.9500000000000002
2026-06-22 12:25:58.762084000,10.0,-151.388133,-6.402526542862499,-2.753528793847307,-8.778838107901887,-4.7887369394496515,6.969524155249412,-156.72895420476914,2.97,2,0.9600000000000004
2026-06-22 12:25:58.772084000,10.0,-151.388133,-7.807274821286884,-3.152362986497264,-8.778838107901887,-4.7887369394496515,8.419675322346944,-158.01249776565348,2.98,2,0.9700000000000002
2026-06-22 12:25:58.782084000,10.0,-151.388133,-6.431283099051988,-2.7764710689767917,-8.778838107901887,-4.7887369394496515,7.005012055451216,-156.64949554248463,2.99,2,0.9800000000000004
2026-06-22 12:25:58.792084000,10.0,-151.388133,-7.234015169194921,-3.009901983663959,-8.778838107901887,-4.7887369394496515,7.835208064844637,-157.40896473967808,3.0,2,0.9900000000000002
2026-06-22 12:25:58.802084000,10.0,-151.388133,-6.464293699885453,-2.7534428407789235,-8.778838107901887,-4.7887369394496515,7.0262750099761595,-156.92859323124196,3.01,2,1.0
2026-06-22 12:25:58.812084000,10.0,-151.388133,-7.4294469742361615,-3.01976213301381,-8.778838107901887,-4.7887369394496515,8.019703590717738,-157.88029680135392,3.02,2,1.0100000000000002
2026-06-22 12:25:58.822084000,10.0,-151.388133,-6.365806771389368,-2.7490481927710873,-8.778838107901887,-4.7887369394496515,6.934029262762359,-156.64309177059403,3.03,2,1.02
2026-06-22 12:25:58.832084000,10.0,-151.388133,-7.458381480273936,-3.0513596348223175,-8.778838107901887,-4.7887369394496515,8.05842726134053,-157.74963668268185,3.04,2,1.0300000000000002
2026-06-22 12:25:58.842084000,10.0,-151.388133,-6.4203064439141,-2.74575727923628,-8.778838107901887,-4.7887369394496515,6.9828015774647305,-156.84517192789323,3.05,2,1.04
2026-06-22 12:25:58.852084000,10.0,-151.388133,-7.934745983935759,-3.191377844712187,-8.778838107901887,-4.7887369394496515,8.552490068822323,-158.08986558999666,3.06,2,1.0500000000000003
2026-06-22 12:25:58.862084000,10.0,-151.388133,-6.422090613571733,-2.747505485574972,-8.778838107901887,-4.7887369394496515,6.985129507903967,-156.83774195060855,3.07,2,1.06
2026-06-22 12:25:58.872084000,10.0,-151.388133,-7.017980982019324,-2.9348858921161707,-8.778838107901887,-4.7887369394496515,7.606945002018055,-157.305552934354,3.08,2,1.0700000000000003
2026-06-22 12:25:58.882084000,10.0,-151.388133,-6.454033471229745,-2.7574456562617464,-8.778838107901887,-4.7887369394496515,7.018408266479704,-156.86570527039106,3.09,2,1.08
2026-06-22 12:25:58.892084000,10.0,-151.388133,-7.240993630573215,-2.936009264620722,-8.778838107901887,-4.7887369394496515,7.813586830639345,-157.92889761426756,3.1,2,1.0900000000000003
2026-06-22 12:25:58.902084000,10.0,-151.388133,-6.4624362152357655,-2.7686118500604553,-8.778838107901887,-4.7887369394496515,7.030525827581173,-156.80892762167667,3.11,2,1.1
2026-06-22 12:25:58.912084000,10.0,-151.388133,-7.115878700360984,-2.9171258724428326,-8.778838107901887,-4.7887369394496515,7.690601604161178,-157.70902055859435,3.12,2,1.1100000000000003
2026-06-22 12:25:58.922084000,10.0,-151.388133,-6.254131666666649,-2.7164649999999972,-8.778838107901887,-4.7887369394496515,6.818602862773835,-156.52241534150062,3.13,2,1.12
2026-06-22 12:25:58.932084000,10.0,-151.388133,-7.009793778062843,-2.904723861449642,-8.778838107901887,-4.7887369394496515,7.587794773334573,-157.49182236907077,3.14,2,1.1300000000000003
2026-06-22 12:25:58.942084000,10.0,-151.388133,-6.454088808664206,-2.749055595667864,-8.778838107901887,-4.7887369394496515,7.0151670698706345,-156.92889761566667,3.15,2,1.1400000000000001
2026-06-22 12:25:58.952084000,10.0,-151.388133,-7.045003134796215,-2.929122257053284,-8.778838107901887,-4.7887369394496515,7.6296675134669805,-157.42377659212406,3.16,2,1.1500000000000004
2026-06-22 12:25:58.962084000,10.0,-151.388133,-6.247406967057926,-2.718406891329041,-8.778838107901887,-4.7887369394496515,6.813209951180804,-156.48490732307343,3.17,2,1.1600000000000001
2026-06-22 12:25:58.972084000,10.0,-151.388133,-6.562439151836423,-2.769145248012116,-8.778838107901887,-4.7887369394496515,7.122764423041354,-157.12176762241089,3.18,2,1.1700000000000004
2026-06-22 12:25:58.982084000,10.0,-151.388133,-6.465026954177883,-2.77452291105121,-8.778838107901887,-4.7887369394496515,7.035236378558622,-156.77298602209865,3.19,2,1.1800000000000002
2026-06-22 12:25:58.992084000,10.0,-151.388133,-7.335973161290315,-2.9934059354838682,-8.778838107901887,-4.7887369394496515,7.923192621523339,-157.80233839833514,3.2,2,1.1900000000000004
2026-06-22 12:25:59.002084000,10.0,-151.388133,-6.143447848570597,-2.6265967411454807,-8.778838107901887,-4.7887369394496515,6.681389219967862,-156.85114120906525,3.21,2,1.2000000000000002
2026-06-22 12:25:59.012084000,10.0,-151.388133,-7.076966870376322,-2.8982926986169173,-8.778838107901887,-4.7887369394496515,7.647454521032483,-157.7289953088911,3.22,2,1.2100000000000004
2026-06-22 12:25:59.022084000,10.0,-151.388133,-6.258415275670187,-2.7055842185128953,-8.778838107901887,-4.7887369394496515,6.818207075632712,-156.62062176833595,3.23,2,1.2200000000000002
2026-06-22 12:25:59.032084000,10.0,-151.388133,-6.643473551912568,-2.7885116939890713,-8.778838107901887,-4.7887369394496515,7.204966224936491,-157.2304044502359,3.24,2,1.2300000000000004
2026-06-22 12:25:59.042083999,10.0,-151.388133,-6.419982300884916,-2.7662654867256604,-8.778838107901887,-4.7887369394496515,6.990593500320638,-156.68957944252952,3.249999999,2,1.2399999990000001
2026-06-22 12:25:59.052083999,10.0,-151.388133,-7.195493846764596,-2.954573243350538,-8.778838107901887,-4.7887369394496515,7.778472520305647,-157.67624176079576,3.259999999,2,1.2499999990000004
2026-06-22 12:25:59.062084000,10.0,-151.388133,-6.416018916319314,-2.7499733889066986,-8.778838107901887,-4.7887369394496515,6.980519491718525,-156.79951589581157,3.27,2,1.2600000000000002
2026-06-22 12:25:59.072084000,10.0,-151.388133,-7.303136347153369,-2.9734659736492146,-8.778838107901887,-4.7887369394496515,7.885258423258068,-157.8463445133238,3.28,2,1.27
2026-06-22 12:25:59.082084000,10.0,-151.388133,-6.069074408602145,-2.6043694623655798,-8.778838107901887,-4.7887369394496515,6.604271683815851,-156.77479534070028,3.29,2,1.2800000000000002
2026-06-22 12:25:59.092084000,10.0,-151.388133,-7.136753261486086,-2.928954622802037,-8.778838107901887,-4.7887369394496515,7.714403560727537,-157.6865398530348,3.3,2,1.29
2026-06-22 12:25:59.102084000,10.0,-151.388133,-6.0315341876738895,-2.652602563021668,-8.778838107901887,-4.7887369394496515,6.589059493920817,-156.26063343533443,3.31,2,1.3000000000000003
2026-06-22 12:25:59.112084000,10.0,-151.388133,-6.59204897595725,-2.7794390026714164,-8.778838107901887,-4.7887369394496515,7.154047167232692,-157.13800599630352,3.32,2,1.31
2026-06-22 12:25:59.122084000,10.0,-151.388133,-6.1993872832370345,-2.7385375722543404,-8.778838107901887,-4.7887369394496515,6.777314418131252,-156.16687829188587,3.33,2,1.3200000000000003
2026-06-22 12:25:59.132084000,10.0,-151.388133,-7.443663587659362,-3.057198411232227,-8.778838107901887,-4.7887369394496515,8.047023656724683,-157.67147905029265,3.34,2,1.33
2026-06-22 12:25:59.142084000,10.0,-151.388133,-6.509968013468026,-2.7358282828282867,-8.778838107901887,-4.7887369394496515,7.061475761446753,-157.2053128661401,3.35,2,1.3400000000000003
2026-06-22 12:25:59.152084000,10.0,-151.388133,-7.095996935648667,-2.936375553285681,-8.778838107901887,-4.7887369394496515,7.679549068836598,-157.51986959719116,3.36,2,1.35
2026-06-22 12:25:59.162084000,10.0,-151.388133,-6.213843498958646,-2.7085394227908366,-8.778838107901887,-4.7887369394496515,6.778498125275447,-156.4481936826506,3.37,2,1.3600000000000003
2026-06-22 12:25:59.172084000,10.0,-151.388133,-7.47569348127602,-3.0339508618981643,-8.778838107901887,-4.7887369394496515,8.0678901119441,-157.91061657567417,3.38,2,1.37
2026-06-22 12:25:59.182084000,10.0,-151.388133,-6.3847580321285,-2.753221887550199,-8.778838107901887,-4.7887369394496515,6.953083193153587,-156.6734302121779,3.39,2,1.3800000000000003
2026-06-22 12:25:59.192084000,10.0,-151.388133,-7.1280492681186445,-2.9172006426276695,-8.778838107901887,-4.7887369394496515,7.701892362145425,-157.74284831771973,3.4,2,1.3900000000000001
2026-06-22 12:25:59.202084000,10.0,-151.388133,-6.373573816156022,-2.7553701253481893,-8.778838107901887,-4.7887369394496515,6.943666734345113,-156.62060996860765,3.41,2,1.4000000000000004
2026-06-22 12:25:59.212084000,10.0,-151.388133,-7.174214888718364,-2.9625042210284045,-8.778838107901887,-4.7887369394496515,7.761816187537512,-157.5624212884124,3.42,2,1.4100000000000001
2026-06-22 12:25:59.222084000,10.0,-151.388133,-6.462665491405934,-2.7510537681798177,-8.778838107901887,-4.7887369394496515,7.023840978355467,-156.94131808239834,3.43,2,1.4200000000000004
2026-06-22 12:25:59.232084000,10.0,-151.388133,-7.116250947245741,-2.9243617021276695,-8.778838107901887,-4.7887369394496515,7.693693450420738,-157.66021297741474,3.44,2,1.4300000000000002
2026-06-22 12:25:59.242084000,10.0,-151.388133,-6.471325147794493,-2.774311505229657,-8.778838107901887,-4.7887369394496515,7.0409412365483535,-156.79477929248267,3.45,2,1.4400000000000004
2026-06-22 12:25:59.252084000,10.0,-151.388133,-7.155468841642304,-2.944447214076274,-8.778838107901887,-4.7887369394496515,7.737603229695575,-157.6330271921172,3.46,2,1.4500000000000002
2026-06-22 12:25:59.262084000,10.0,-151.388133,-6.492734848484892,-2.7568091856060657,-8.778838107901887,-4.7887369394496515,7.0537651434232,-156.99396789489398,3.47,2,1.4600000000000004
2026-06-22 12:25:59.272084000,10.0,-151.388133,-7.4043266331659,-3.0049798994975383,-8.778838107901887,-4.7887369394496515,7.990867104826242,-157.9106650330492,3.48,2,1.4700000000000002
2026-06-22 12:25:59.282084000,10.0,-151.388133,-6.454101502048268,-2.7603682294037353,-8.778838107901887,-4.7887369394496515,7.019619573783413,-156.84398694932628,3.49,2,1.4800000000000004
2026-06-22 12:25:59.292084000,10.0,-151.388133,-7.587134831461013,-3.211419475655679,-8.778838107901887,-4.7887369394496515,8.238800276702277,-157.05843450467867,3.5,2,1.4900000000000002
2026-06-22 12:25:59.302084000,10.0,-151.388133,-6.447932850241614,-2.766442028985521,-8.778838107901887,-4.7887369394496515,7.016340894010386,-156.77857512284092,3.51,2,1.5
2026-06-22 12:25:59.312084000,10.0,-151.388133,-7.313807935076764,-2.9933246167719054,-8.778838107901887,-4.7887369394496515,7.902643783732411,-157.74217041552689,3.52,2,1.5100000000000002
2026-06-22 12:25:59.322084000,10.0,-151.388133,-6.468611302550007,-2.7617808407994566,-8.778838107901887,-4.7887369394496515,7.033517299053487,-156.87988660016916,3.53,2,1.52
2026-06-22 12:25:59.332084000,10.0,-151.388133,-7.132142761168962,-2.915524017467249,-8.778838107901887,-4.7887369394496515,7.705046441269721,-157.765916505804,3.54,2,1.5300000000000002
2026-06-22 12:25:59.342084000,10.0,-151.388133,-6.484537372147959,-2.7747199055861613,-8.778838107901887,-4.7887369394496515,7.05324715895024,-156.83401976050084,3.55,2,1.54
2026-06-22 12:25:59.352084000,10.0,-151.388133,-7.180473404255373,-2.9344276595744883,-8.778838107901887,-4.7887369394496515,7.756936508602772,-157.7717505000589,3.56,2,1.5500000000000003
2026-06-22 12:25:59.362084000,10.0,-151.388133,-6.459910918544248,-2.767759792027745,-8.778838107901887,-4.7887369394496515,7.027869047007965,-156.80720537706557,3.57,2,1.56
2026-06-22 12:25:59.372084000,10.0,-151.388133,-7.333927812385488,-3.1138842066691192,-8.778838107901887,-4.7887369394496515,7.967607671680676,-156.99459492593243,3.58,2,1.5700000000000003
2026-06-22 12:25:59.382084000,10.0,-151.388133,-6.458586862885845,-2.7696503948312974,-8.778838107901887,-4.7887369394496515,7.027396927385757,-156.78878516397228,3.59,2,1.58
2026-06-22 12:25:59.392084000,10.0,-151.388133,-7.339439522998294,-3.0626541737648956,-8.778838107901887,-4.7887369394496515,7.95281227615923,-157.3498472075826,3.6,2,1.5900000000000003
2026-06-22 12:25:59.402084000,10.0,-151.388133,-6.442306007067114,-2.7427321554770283,-8.778838107901887,-4.7887369394496515,7.001848781956141,-156.9387198007583,3.61,2,1.6
2026-06-22 12:25:59.412084000,10.0,-151.388133,-7.2340193466539855,-2.9728163653663198,-8.778838107901887,-4.7887369394496515,7.821040407129602,-157.65981482312435,3.62,2,1.6100000000000003
2026-06-22 12:25:59.422084000,10.0,-151.388133,-6.436397590361411,-2.7920619621342393,-8.778838107901887,-4.7887369394496515,7.015897942644767,-156.54915451963797,3.63,2,1.62
2026-06-22 12:25:59.432084000,10.0,-151.388133,-7.36400177619889,-3.009699822380092,-8.778838107901887,-4.7887369394496515,7.955301074170302,-157.76995013412318,3.64,2,1.6300000000000003
2026-06-22 12:25:59.442084000,10.0,-151.388133,-6.472429085673098,-2.74989704823613,-8.778838107901887,-4.7887369394496515,7.0323731446052316,-156.98114636470393,3.65,2,1.6400000000000001
2026-06-22 12:25:59.452084000,10.0,-151.388133,-7.353444733420005,-3.012677503250967,-8.778838107901887,-4.7887369394496515,7.946658114330633,-157.72127968658964,3.66,2,1.6500000000000004
2026-06-22 12:25:59.462084000,10.0,-151.388133,-6.364374581939763,-2.734578595317718,-8.778838107901887,-4.7887369394496515,6.926989527436198,-156.74827119099248,3.67,2,1.6600000000000001
2026-06-22 12:25:59.472084000,10.0,-151.388133,-7.245877831947258,-2.972135933467174,-8.778838107901887,-4.7887369394496515,7.831751883359909,-157.69739501167504,3.68,2,1.6700000000000004
2026-06-22 12:25:59.482084000,10.0,-151.388133,-6.410055613486208,-2.749916232186296,-8.778838107901887,-4.7887369394496515,6.975016290448914,-156.78064976067543,3.69,2,1.6800000000000002
2026-06-22 12:25:59.492084000,10.0,-151.388133,-7.22125635036495,-2.9871424817518193,-8.778838107901887,-4.7887369394496515,7.814701752720479,-157.52709366553637,3.7,2,1.6900000000000004
2026-06-22 12:25:59.502084000,10.0,-151.388133,-6.288875607385792,-2.7343449951409085,-8.778838107901887,-4.7887369394496515,6.857594254374062,-156.5010416149612,3.71,2,1.7000000000000002
2026-06-22 12:25:59.512084000,10.0,-151.388133,-7.238821325648456,-3.130031700288171,-8.778838107901887,-4.7887369394496515,7.886547573524916,-156.6165754547333,3.72,2,1.7100000000000004
2026-06-22 12:25:59.522084000,10.0,-151.388133,-6.433175881133359,-2.7667626123013074,-8.778838107901887,-4.7887369394496515,7.002908486509325,-156.7285597201657,3.73,2,1.7200000000000002
2026-06-22 12:25:59.532084000,10.0,-151.388133,-7.256221816855124,-2.991009485589184,-8.778838107901887,-4.7887369394496515,7.848496212542168,-157.59857807868391,3.74,2,1.7300000000000004
2026-06-22 12:25:59.542084000,10.0,-151.388133,-6.409905273765495,-2.75585757473966,-8.778838107901887,-4.7887369394496515,6.977222698961003,-156.73532554446277,3.75,2,1.7400000000000002
2026-06-22 12:25:59.552084000,10.0,-151.388133,-7.33041110217217,-3.026588093322609,-8.778838107901887,-4.7887369394496515,7.930647036244344,-157.56519547422937,3.76,2,1.75
2026-06-22 12:25:59.562084000,10.0,-151.388133,-6.414594062823593,-2.7412540559199137,-8.778838107901887,-4.7887369394496515,6.975778866184697,-156.86073051580377,3.77,2,1.7600000000000002
2026-06-22 12:25:59.572084000,10.0,-151.388133,-7.225845417236629,-3.0022616279069627,-8.778838107901887,-4.7887369394496515,7.824731105680383,-157.4376370211665,3.78,2,1.77
2026-06-22 12:25:59.582084000,10.0,-151.388133,-6.2986478873239164,-2.7473661971830907,-8.778838107901887,-4.7887369394496515,6.871752777124211,-156.4339651527225,3.79,2,1.7800000000000002
2026-06-22 12:25:59.592084000,10.0,-151.388133,-7.2012198416394915,-2.9621387983232395,-8.778838107901887,-4.7887369394496515,7.786644557712529,-157.6407488841646,3.8,2,1.79
2026-06-22 12:25:59.602084000,10.0,-151.388133,-6.37212452700376,-2.750252149982792,-8.778838107901887,-4.7887369394496515,6.940306756630276,-156.6546447414248,3.81,2,1.8000000000000003
2026-06-22 12:25:59.612084000,10.0,-151.388133,-7.344048458149784,-2.9965088105726885,-8.778838107901887,-4.7887369394496515,7.931841703380871,-157.80362391499932,3.82,2,1.81
2026-06-22 12:25:59.622084000,10.0,-151.388133,-6.356169743589696,-2.7382282051281894,-8.778838107901887,-4.7887369394496515,6.920894993617852,-156.6936963694819,3.83,2,1.8200000000000003
2026-06-22 12:25:59.632084000,10.0,-151.388133,-7.246031158714851,-2.954134371957202,-8.778838107901887,-4.7887369394496515,7.82508002774703,-157.81976955681228,3.84,2,1.83
2026-06-22 12:25:59.642084000,10.0,-151.388133,-6.378686042581912,-2.736193646502186,-8.778838107901887,-4.7887369394496515,6.940777427708529,-156.78266034868358,3.85,2,1.8400000000000003
2026-06-22 12:25:59.652084000,10.0,-151.388133,-7.303074756229728,-2.986142470205866,-8.778838107901887,-4.7887369394496515,7.8899903515433465,-157.76091708825015,3.86,2,1.85
2026-06-22 12:25:59.662084000,10.0,-151.388133,-6.336226238286507,-2.77311579651942,-8.778838107901887,-4.7887369394496515,6.916497246703415,-156.3629052533245,3.87,2,1.8600000000000003
2026-06-22 12:25:59.672084000,10.0,-151.388133,-7.067083243243318,-2.8975095495495764,-8.778838107901887,-4.7887369394496515,7.638011989821794,-157.70633322304815,3.88,2,1.87
2026-06-22 12:25:59.682084000,10.0,-151.388133,-6.341077331563212,-2.763903750414863,-8.778838107901887,-4.7887369394496515,6.9172556455882255,-156.4489177941156,3.89,2,1.8800000000000003
2026-06-22 12:25:59.692084000,10.0,-151.388133,-7.130621815286655,-2.935230493630584,-8.778838107901887,-4.7887369394496515,7.7111183056273225,-157.62610278881,3.9,2,1.8900000000000001
2026-06-22 12:25:59.702084000,10.0,-151.388133,-6.33998101898101,-2.72724675324675,-8.778838107901887,-4.7887369394496515,6.901683430449011,-156.72424985273267,3.91,2,1.9000000000000004
2026-06-22 12:25:59.712084000,10.0,-151.388133,-7.106183807439834,-2.9206466083151015,-8.778838107901887,-4.7887369394496515,7.682969797922064,-157.65730273063318,3.92,2,1.9100000000000001
2026-06-22 12:25:59.722084000,10.0,-151.388133,-6.342808186738824,-2.7169103518267894,-8.778838107901887,-4.7887369394496515,6.900204167531902,-156.8123693054674,3.93,2,1.9200000000000004
2026-06-22 12:25:59.732084000,10.0,-151.388133,-7.082021217391417,-2.903561391304382,-8.778838107901887,-4.7887369394496515,7.654129165140581,-157.70683701897502,3.94,2,1.9300000000000002
2026-06-22 12:25:59.742084000,10.0,-151.388133,-6.309781548599668,-2.757700164744645,-8.778838107901887,-4.7887369394496515,6.886091299836321,-156.39218944192172,3.95,2,1.9400000000000004
2026-06-22 12:25:59.752084000,10.0,-151.388133,-7.207594444444495,-2.9921777777777985,-8.778838107901887,-4.7887369394496515,7.804008298907327,-157.45459199713824,3.96,2,1.9500000000000002
2026-06-22 12:25:59.762084000,10.0,-151.388133,-6.296381793931324,-2.7279856618872995,-8.778838107901887,-4.7887369394496515,6.861947935274102,-156.57472761011144,3.97,2,1.9600000000000004
2026-06-22 12:25:59.772084000,10.0,-151.388133,-7.162297002724898,-2.9591607629428127,-8.778838107901887,-4.7887369394496515,7.749524551621367,-157.55163841476633,3.98,2,1.9700000000000002
2026-06-22 12:25:59.782084000,10.0,-151.388133,-6.335748506967528,-2.735399137359007,-8.778838107901887,-4.7887369394496515,6.901022937522065,-156.64818727927073,3.99,2,1.9800000000000004
2026-06-22 12:25:59.792084000,10.0,-151.388133,-7.119485141672277,-2.920487214927403,-8.778838107901887,-4.7887369394496515,7.695213723805645,-157.69604886776997,4.0,2,1.9900000000000002
2026-06-22 12:25:59.802084000,10.0,-151.388133,-6.317653462050574,-2.722791944074559,-8.778838107901887,-4.7887369394496515,6.879414309174649,-156.68485035128276,4.01,2,2.0
2026-06-22 12:25:59.902084000,15.0,-151.388133,-6.370596293604802,-2.6851115552325764,-13.16825716185283,-7.183105409174477,6.913343706205756,-157.14530076625368,4.11,3,0.0
2026-06-22 12:25:59.912084000,15.0,-151.388133,-6.8586759493670995,-3.0989113239822093,-13.16825716185283,-7.183105409174477,7.52626648294703,-155.68542685931055,4.12,3,0.009999999999999787
2026-06-22 12:25:59.922084000,15.0,-151.388133,-7.668802531645561,-3.050331098186795,-13.16825716185283,-7.183105409174477,8.253184359866125,-158.3093921254095,4.13,3,0.019999999999999574
2026-06-22 12:25:59.932084000,15.0,-151.388133,-7.2245931034482425,-2.9421206896551646,-13.16825716185283,-7.183105409174477,7.800693537300955,-157.8420347609912,4.14,3,0.02999999999999936
2026-06-22 12:25:59.942084000,15.0,-151.388133,-5.962409999999943,-2.6113099999999947,-13.16825716185283,-7.183105409174477,6.5091683742394695,-156.34840005579196,4.15,3,0.040000000000000036
2026-06-22 12:25:59.952084000,15.0,-151.388133,-7.184414225941367,-2.973608368200823,-13.16825716185283,-7.183105409174477,7.7754841969708,-157.5154772714144,4.16,3,0.04999999999999982
2026-06-22 12:25:59.962084000,15.0,-151.388133,-6.317316194473626,-2.722037425673321,-13.16825716185283,-7.183105409174477,6.878805975438249,-156.68950993296696,4.17,3,0.05999999999999961
2026-06-22 12:25:59.972084000,15.0,-151.388133,-6.53465196516302,-3.010425971415818,-13.16825716185283,-7.183105409174477,7.194743972872404,-155.26511388561462,4.18,3,0.0699999999999994
2026-06-22 12:25:59.982084000,15.0,-151.388133,-6.325017100977407,-2.7073811074918983,-13.16825716185283,-7.183105409174477,6.880098385114903,-156.826979117028,4.19,3,0.08000000000000007
2026-06-22 12:25:59.992084000,15.0,-151.388133,-6.876480817376047,-3.047789295622166,-13.16825716185283,-7.183105409174477,7.521635993734994,-156.09615266021095,4.2,3,0.08999999999999986
2026-06-22 12:26:00.002084000,15.0,-151.388133,-7.655965220921608,-3.038316394884633,-13.16825716185283,-7.183105409174477,8.236817952303305,-158.35404571691816,4.21,3,0.09999999999999964
2026-06-22 12:26:00.012084000,15.0,-151.388133,-10.686824191790771,-4.542285506719941,-13.16825716185283,-7.183105409174477,11.612087190974863,-156.97275866424357,4.22,3,0.10999999999999943
2026-06-22 12:26:00.022084000,15.0,-151.388133,-9.65090595150635,-4.13502522654913,-13.16825716185283,-7.183105409174477,10.499448524042506,-156.80681312826252,4.23,3,0.1200000000000001
2026-06-22 12:26:00.032084000,15.0,-151.388133,-10.640052026213832,-4.802934599438275,-13.16825716185283,-7.183105409174477,11.67385488547028,-155.70551592207116,4.24,3,0.1299999999999999
2026-06-22 12:26:00.042083999,15.0,-151.388133,-10.307572422985778,-4.55302606635071,-13.16825716185283,-7.183105409174477,11.268367034134357,-156.16815555897162,4.249999999,3,0.1399999989999996
2026-06-22 12:26:00.052083999,15.0,-151.388133,-9.894375020080323,-4.449131244979925,-13.16825716185283,-7.183105409174477,10.848660095746668,-155.78832879799296,4.259999999,3,0.14999999899999938
2026-06-22 12:26:00.062084000,15.0,-151.388133,-10.756540239605277,-4.55218054968286,-13.16825716185283,-7.183105409174477,11.680132948008703,-157.06186117195233,4.27,3,0.15999999999999925
2026-06-22 12:26:00.072084000,15.0,-151.388133,-9.795987220447296,-4.094253674121405,-13.16825716185283,-7.183105409174477,10.617169056355058,-157.31740754100338,4.28,3,0.16999999999999993
2026-06-22 12:26:00.082084000,15.0,-151.388133,-9.41292126696846,-4.121016289592763,-13.16825716185283,-7.183105409174477,10.275498140588418,-156.3559955525035,4.29,3,0.17999999999999972
2026-06-22 12:26:00.092084000,15.0,-151.388133,-10.287309146877798,-4.514935576077399,-13.16825716185283,-7.183105409174477,11.234472517193005,-156.30409744497555,4.3,3,0.1899999999999995
2026-06-22 12:26:00.102084000,15.0,-151.388133,-9.132334821430383,-4.091850446428858,-13.16825716185283,-7.183105409174477,10.007136421906617,-155.8646711148465,4.31,3,0.1999999999999993
2026-06-22 12:26:00.112084000,15.0,-151.388133,-9.805835368653018,-4.325258653934456,-13.16825716185283,-7.183105409174477,10.717381662540593,-156.19819045691858,4.32,3,0.20999999999999996
2026-06-22 12:26:00.122084000,15.0,-151.388133,-9.582326252904176,-4.3364968469963765,-13.16825716185283,-7.183105409174477,10.517898141791738,-155.65079534467296,4.33,3,0.21999999999999975
2026-06-22 12:26:00.132084000,15.0,-151.388133,-11.27872175379431,-4.584143338954477,-13.16825716185283,-7.183105409174477,12.174725235158027,-157.88112245863354,4.34,3,0.22999999999999954
2026-06-22 12:26:00.142084000,15.0,-151.388133,-10.11580865603666,-4.454954441913479,-13.16825716185283,-7.183105409174477,11.05333451249309,-156.23153357792035,4.35,3,0.23999999999999932
2026-06-22 12:26:00.152084000,15.0,-151.388133,-11.296691049913877,-4.658015146299467,-13.16825716185283,-7.183105409174477,12.219342608354982,-157.59195791191397,4.36,3,0.25
2026-06-22 12:26:00.162084000,15.0,-151.388133,-9.620260545044259,-4.258458253775386,-13.16825716185283,-7.183105409174477,10.520640648443562,-156.12317462726057,4.37,3,0.2599999999999998
2026-06-22 12:26:00.172084000,15.0,-151.388133,-9.500489671931954,-4.238785743215877,-13.16825716185283,-7.183105409174477,10.403201842864336,-155.95524491858077,4.38,3,0.2699999999999996
2026-06-22 12:26:00.182084000,15.0,-151.388133,-9.60412360338255,-4.251580247995443,-13.16825716185283,-7.183105409174477,10.50310072284346,-156.12185226150558,4.39,3,0.27999999999999936
2026-06-22 12:26:00.192084000,15.0,-151.388133,-9.888047715024339,-4.290575997896862,-13.16825716185283,-7.183105409174477,10.778800026363172,-156.54323642825472,4.4,3,0.29000000000000004
2026-06-22 12:26:00.202084000,15.0,-151.388133,-10.080321428571393,-4.670618506493617,-13.16825716185283,-7.183105409174477,11.109795557818167,-155.13981265061284,4.41,3,0.2999999999999998
2026-06-22 12:26:00.212084000,15.0,-151.388133,-10.94448149637981,-4.648740547063552,-13.16825716185283,-7.183105409174477,11.890856314770302,-156.9863221346342,4.42,3,0.3099999999999996
2026-06-22 12:26:00.222084000,15.0,-151.388133,-9.721375284306273,-4.238426080363907,-13.16825716185283,-7.183105409174477,10.605158794522119,-156.4432615768062,4.43,3,0.3199999999999994
2026-06-22 12:26:00.232084000,15.0,-151.388133,-10.879425411230642,-4.61780771412358,-13.16825716185283,-7.183105409174477,11.818885115066914,-157.0010459409336,4.44,3,0.33000000000000007
2026-06-22 12:26:00.242084000,15.0,-151.388133,-9.562167692864948,-4.1707435711698775,-13.16825716185283,-7.183105409174477,10.432169137956162,-156.43454948793024,4.45,3,0.33999999999999986
2026-06-22 12:26:00.252084000,15.0,-151.388133,-10.197364587502172,-4.681904293636727,-13.16825716185283,-7.183105409174477,11.220805334075507,-155.33877943301056,4.46,3,0.34999999999999964
2026-06-22 12:26:00.262084000,15.0,-151.388133,-10.797101595106048,-4.662465725230119,-13.16825716185283,-7.183105409174477,11.760781840251402,-156.64407310496003,4.47,3,0.35999999999999943
2026-06-22 12:26:00.272084000,15.0,-151.388133,-10.595443822957336,-4.631965223735401,-13.16825716185283,-7.183105409174477,11.563672930316686,-156.3866982646254,4.48,3,0.3700000000000001
2026-06-22 12:26:00.282084000,15.0,-151.388133,-9.623213582677243,-4.185958661417344,-13.16825716185283,-7.183105409174477,10.4942121940105,-156.49165692667245,4.49,3,0.3799999999999999
2026-06-22 12:26:00.292084000,15.0,-151.388133,-10.767185395922047,-4.5503579895684565,-13.16825716185283,-7.183105409174477,11.689227484457065,-157.09042397816623,4.5,3,0.3899999999999997
2026-06-22 12:26:00.302084000,15.0,-151.388133,-9.764029482344887,-4.236268083647587,-13.16825716185283,-7.183105409174477,10.64341293987184,-156.54567841999668,4.51,3,0.39999999999999947
2026-06-22 12:26:00.312084000,15.0,-151.388133,-10.737499304589454,-4.486203059805224,-13.16825716185283,-7.183105409174477,11.637006024311612,-157.32448331801146,4.52,3,0.40999999999999925
2026-06-22 12:26:00.322084000,15.0,-151.388133,-9.741660146699376,-4.24688089416699,-13.16825716185283,-7.183105409174477,10.627132244544223,-156.44518502228516,4.53,3,0.41999999999999993
2026-06-22 12:26:00.332084000,15.0,-151.388133,-10.89917234042536,-4.49511702127655,-13.16825716185283,-7.183105409174477,11.78974277672178,-157.58740871292827,4.54,3,0.4299999999999997
2026-06-22 12:26:00.342084000,15.0,-151.388133,-9.554857910287453,-4.206938490464695,-13.16825716185283,-7.183105409174477,10.440001970705564,-156.23643507937228,4.55,3,0.4399999999999995
2026-06-22 12:26:00.352084000,15.0,-151.388133,-10.763581333333121,-4.4931986666666095,-13.16825716185283,-7.183105409174477,11.663769432623907,-157.34216785928245,4.56,3,0.4499999999999993
2026-06-22 12:26:00.362084000,15.0,-151.388133,-9.65197320830554,-4.21565907568657,-13.16825716185283,-7.183105409174477,10.532443603279654,-156.40590384265448,4.57,3,0.45999999999999996
2026-06-22 12:26:00.372084000,15.0,-151.388133,-10.768769410196379,-4.4842082639119685,-13.16825716185283,-7.183105409174477,11.665098300662436,-157.3927347217493,4.58,3,0.46999999999999975
2026-06-22 12:26:00.382084000,15.0,-151.388133,-9.647191903464345,-4.217595173219143,-13.16825716185283,-7.183105409174477,10.528837574368284,-156.38583457293439,4.59,3,0.47999999999999954
2026-06-22 12:26:00.392084000,15.0,-151.388133,-10.770215291750205,-4.464634808853041,-13.16825716185283,-7.183105409174477,11.658923681329773,-157.4842654757961,4.6,3,0.4899999999999993
2026-06-22 12:26:00.402084000,15.0,-151.388133,-9.660515527950485,-4.166425465838556,-13.16825716185283,-7.183105409174477,10.520677802696957,-156.67023794218727,4.61,3,0.5
2026-06-22 12:26:00.412084000,15.0,-151.388133,-9.828966677751922,-4.220086597938147,-13.16825716185283,-7.183105409174477,10.696621749246573,-156.7636360872249,4.62,3,0.5099999999999998
2026-06-22 12:26:00.422084000,15.0,-151.388133,-9.505009174312148,-4.137876146789035,-13.16825716185283,-7.183105409174477,10.366639687474615,-156.47475599195252,4.63,3,0.5199999999999996
2026-06-22 12:26:00.432084000,15.0,-151.388133,-10.868079800498768,-4.520064837905242,-13.16825716185283,-7.183105409174477,11.770562632638963,-157.4174371068447,4.64,3,0.5299999999999994
2026-06-22 12:26:00.442084000,15.0,-151.388133,-9.266885233917893,-4.054009137426852,-13.16825716185283,-7.183105409174477,10.114848096978317,-156.37193602742434,4.65,3,0.54
2026-06-22 12:26:00.452084000,15.0,-151.388133,-10.876284584980196,-4.549992094861647,-13.16825716185283,-7.183105409174477,11.789656247608804,-157.29845906865907,4.66,3,0.5499999999999998
2026-06-22 12:26:00.462084000,15.0,-151.388133,-9.512765730114866,-4.133527502967981,-13.16825716185283,-7.183105409174477,10.372018195792009,-156.51388441608117,4.67,3,0.5599999999999996
2026-06-22 12:26:00.472084000,15.0,-151.388133,-10.537329690683517,-4.562648453417298,-13.16825716185283,-7.183105409174477,11.482729550051749,-156.58745848059627,4.68,3,0.5699999999999994
2026-06-22 12:26:00.482084000,15.0,-151.388133,-9.4998818048064,-4.127273173124112,-13.16825716185283,-7.183105409174477,10.357709116927433,-156.5172123471778,4.69,3,0.5800000000000001
2026-06-22 12:26:00.492084000,15.0,-151.388133,-10.822840466925955,-4.517789105058328,-13.16825716185283,-7.183105409174477,11.727927957244354,-157.3428304341563,4.7,3,0.5899999999999999
2026-06-22 12:26:00.502084000,15.0,-151.388133,-9.063277503313648,-4.046073623328112,-13.16825716185283,-7.183105409174477,9.925407340127798,-155.94282136334752,4.71,3,0.5999999999999996
2026-06-22 12:26:00.512084000,15.0,-151.388133,-10.765865843621397,-4.5021341563786,-13.16825716185283,-7.183105409174477,11.669322145047015,-157.3060021026861,4.72,3,0.6099999999999994
2026-06-22 12:26:00.522084000,15.0,-151.388133,-9.025825244383453,-4.014606070999826,-13.16825716185283,-7.183105409174477,9.878389709231879,-156.02093098824318,4.73,3,0.6200000000000001
2026-06-22 12:26:00.532084000,15.0,-151.388133,-10.635779661016693,-4.444007263922441,-13.16825716185283,-7.183105409174477,11.526882039801214,-157.323091848851,4.74,3,0.6299999999999999
2026-06-22 12:26:00.542084000,15.0,-151.388133,-9.10075430272583,-4.026195925202343,-13.16825716185283,-7.183105409174477,9.951581909761817,-156.13528450385897,4.75,3,0.6399999999999997
2026-06-22 12:26:00.552084000,15.0,-151.388133,-10.683204604530166,-4.4197125881915795,-13.16825716185283,-7.183105409174477,11.561345941735057,-157.5247959112526,4.76,3,0.6499999999999995
2026-06-22 12:26:00.562084000,15.0,-151.388133,-9.350092529129636,-4.0695586017820595,-13.16825716185283,-7.183105409174477,10.197329920946178,-156.4792724668782,4.77,3,0.6599999999999993
2026-06-22 12:26:00.572084000,15.0,-151.388133,-10.410557373105714,-4.501622804907376,-13.16825716185283,-7.183105409174477,11.342147622755926,-156.61589100551413,4.78,3,0.6699999999999999
2026-06-22 12:26:00.582084000,15.0,-151.388133,-9.492136052090578,-4.0927436600411475,-13.16825716185283,-7.183105409174477,10.336885289979989,-156.67564539656672,4.79,3,0.6799999999999997
2026-06-22 12:26:00.592084000,15.0,-151.388133,-9.748441709401709,-4.142762735042753,-13.16825716185283,-7.183105409174477,10.592195185156939,-156.97612589495262,4.8,3,0.6899999999999995
2026-06-22 12:26:00.602084000,15.0,-151.388133,-9.430179017485687,-4.092048293089146,-13.16825716185283,-7.183105409174477,10.279743943056223,-156.5424768030094,4.81,3,0.6999999999999993
2026-06-22 12:26:00.612084000,15.0,-151.388133,-10.770211017053075,-4.448685314685301,-13.16825716185283,-7.183105409174477,11.652821391446283,-157.5567017733741,4.82,3,0.71
2026-06-22 12:26:00.622084000,15.0,-151.388133,-9.29984980237176,-4.0651936758893745,-13.16825716185283,-7.183105409174477,10.149532302976578,-156.38867522562595,4.83,3,0.7199999999999998
2026-06-22 12:26:00.632084000,15.0,-151.388133,-10.68944787260508,-4.483773077880072,-13.16825716185283,-7.183105409174477,11.591743476934925,-157.2440032699011,4.84,3,0.7299999999999995
2026-06-22 12:26:00.642084000,15.0,-151.388133,-8.973996923076792,-4.005332307692264,-13.16825716185283,-7.183105409174477,9.827273664167247,-155.94752889468634,4.85,3,0.7399999999999993
2026-06-22 12:26:00.652084000,15.0,-151.388133,-9.89068115942045,-4.530333333333321,-13.16825716185283,-7.183105409174477,10.878855358374135,-155.39029838437662,4.86,3,0.75
2026-06-22 12:26:00.662084000,15.0,-151.388133,-9.31126319702611,-4.046046344485769,-13.16825716185283,-7.183105409174477,10.152345214088198,-156.51348802839286,4.87,3,0.7599999999999998
2026-06-22 12:26:00.672084000,15.0,-151.388133,-10.637747390396607,-4.425338204592885,-13.16825716185283,-7.183105409174477,11.521514126490459,-157.41252743406693,4.88,3,0.7699999999999996
2026-06-22 12:26:00.682084000,15.0,-151.388133,-9.004819323671487,-3.987263446054749,-13.16825716185283,-7.183105409174477,9.848098336237905,-156.11661266266339,4.89,3,0.7799999999999994
2026-06-22 12:26:00.692084000,15.0,-151.388133,-10.648447084233045,-4.417553635709086,-13.16825716185283,-7.183105409174477,11.52840862522134,-157.4686737753424,4.9,3,0.79
2026-06-22 12:26:00.702084000,15.0,-151.388133,-8.9995361977635,-4.002409064155404,-13.16825716185283,-7.183105409174477,9.84941267749955,-156.02360914334142,4.91,3,0.7999999999999998
2026-06-22 12:26:00.712084000,15.0,-151.388133,-9.658034551577897,-4.421981289759266,-13.16825716185283,-7.183105409174477,10.622219632753481,-155.39907878053165,4.92,3,0.8099999999999996
2026-06-22 12:26:00.722084000,15.0,-151.388133,-9.345931776275311,-4.056511985248915,-13.16825716185283,-7.183105409174477,10.188313415539428,-156.53720855869733,4.93,3,0.8199999999999994
2026-06-22 12:26:00.732084000,15.0,-151.388133,-9.940607021517783,-4.464213665534161,-13.16825716185283,-7.183105409174477,10.897012049538652,-155.81569336500792,4.94,3,0.8300000000000001
2026-06-22 12:26:00.742084000,15.0,-151.388133,-9.452855935188628,-4.050803451919723,-13.16825716185283,-7.183105409174477,10.284235214031018,-156.80356287115802,4.95,3,0.8399999999999999
2026-06-22 12:26:00.752084000,15.0,-151.388133,-9.626478864610984,-4.376414947927314,-13.16825716185283,-7.183105409174477,10.574597066897804,-155.5523816033953,4.96,3,0.8499999999999996
2026-06-22 12:26:00.762084000,15.0,-151.388133,-9.271419134396416,-4.0402055808656145,-13.16825716185283,-7.183105409174477,10.113479811682508,-156.45387614573954,4.97,3,0.8599999999999994
2026-06-22 12:26:00.772084000,15.0,-151.388133,-10.716543692546168,-4.427131133015821,-13.16825716185283,-7.183105409174477,11.594990245065711,-157.5539004924133,4.98,3,0.8700000000000001
2026-06-22 12:26:00.782084000,15.0,-151.388133,-9.277510267579043,-4.02235905413804,-13.16825716185283,-7.183105409174477,10.11195179604021,-156.56036534484815,4.99,3,0.8799999999999999
2026-06-22 12:26:00.792084000,15.0,-151.388133,-10.730854950115146,-4.413266052698899,-13.16825716185283,-7.183105409174477,11.602937783695785,-157.64416243403252,5.0,3,0.8899999999999997
2026-06-22 12:26:00.802084000,15.0,-151.388133,-9.250947826086973,-4.031521739130437,-13.16825716185283,-7.183105409174477,10.091243888345213,-156.45264287204915,5.01,3,0.8999999999999995
2026-06-22 12:26:00.812084000,15.0,-151.388133,-10.574930891719609,-4.373066560509516,-13.16825716185283,-7.183105409174477,11.443464270372509,-157.5333664979184,5.02,3,0.9099999999999993
2026-06-22 12:26:00.822084000,15.0,-151.388133,-8.758185699039238,-3.9285240128068053,-13.16825716185283,-7.183105409174477,9.598912316406224,-155.84116376952656,5.03,3,0.9199999999999999
2026-06-22 12:26:00.832084000,15.0,-151.388133,-10.684928316396636,-4.42734029112881,-13.16825716185283,-7.183105409174477,11.565856439537333,-157.4931436632155,5.04,3,0.9299999999999997
2026-06-22 12:26:00.842084000,15.0,-151.388133,-9.272901315789474,-4.00915666118421,-13.16825716185283,-7.183105409174477,10.102476723372734,-156.61866548969675,5.05,3,0.9399999999999995
2026-06-22 12:26:00.852084000,15.0,-151.388133,-10.686828068592005,-4.373464530685908,-13.16825716185283,-7.183105409174477,11.547098603927033,-157.74371873533696,5.06,3,0.9499999999999993
2026-06-22 12:26:00.862084000,15.0,-151.388133,-9.85199052346565,-4.177616155234645,-13.16825716185283,-7.183105409174477,10.701130501724315,-157.02122090948248,5.07,3,0.96
2026-06-22 12:26:00.872084000,15.0,-151.388133,-10.475330143540763,-4.4129174011583965,-13.16825716185283,-7.183105409174477,11.36689850423678,-157.1558836193283,5.08,3,0.9699999999999998
2026-06-22 12:26:00.882084000,15.0,-151.388133,-9.285988156920792,-4.00301258327165,-13.16825716185283,-7.183105409174477,10.112056457135926,-156.68004648605012,5.09,3,0.9799999999999995
2026-06-22 12:26:00.892084000,15.0,-151.388133,-10.704536749831053,-4.387325691166469,-13.16825716185283,-7.183105409174477,11.568739505618272,-157.7134020241092,5.1,3,0.9899999999999993
2026-06-22 12:26:00.902084000,15.0,-151.388133,-9.021478696742262,-3.9587017543860483,-13.16825716185283,-7.183105409174477,9.851822037367182,-156.3077244249729,5.11,3,1.0
2026-06-22 12:26:00.912084000,15.0,-151.388133,-10.59891495076091,-4.342585795284979,-13.16825716185283,-7.183105409174477,11.454040750882372,-157.7201138872169,5.12,3,1.0099999999999998
2026-06-22 12:26:00.922084000,15.0,-151.388133,-8.709910270671152,-3.9110926955876963,-13.16825716185283,-7.183105409174477,9.547731824712205,-155.8180420693848,5.13,3,1.0199999999999996
2026-06-22 12:26:00.932084000,15.0,-151.388133,-10.508081172111742,-4.346979117547977,-13.16825716185283,-7.183105409174477,11.371719191401425,-157.52611695872224,5.14,3,1.0299999999999994
2026-06-22 12:26:00.942084000,15.0,-151.388133,-9.009606413994254,-3.9589630709426764,-13.16825716185283,-7.183105409174477,9.84105666746078,-156.2785564114479,5.15,3,1.04
2026-06-22 12:26:00.952084000,15.0,-151.388133,-10.547916391968593,-4.3727935271201,-13.16825716185283,-7.183105409174477,11.418400213812056,-157.4828309842123,5.16,3,1.0499999999999998
2026-06-22 12:26:00.962084000,15.0,-151.388133,-8.779005102619347,-3.9242232679442113,-13.16825716185283,-7.183105409174477,9.616156136861093,-155.91531324726304,5.17,3,1.0599999999999996
2026-06-22 12:26:00.972084000,15.0,-151.388133,-10.353682762715241,-4.373182267959629,-13.16825716185283,-7.183105409174477,11.239371419245083,-157.10180590697647,5.18,3,1.0699999999999994
2026-06-22 12:26:00.982084000,15.0,-151.388133,-8.741923834886919,-3.9004311584554134,-13.16825716185283,-7.183105409174477,9.57259607195529,-155.95474792839053,5.19,3,1.08
2026-06-22 12:26:00.992084000,15.0,-151.388133,-10.539755477651141,-4.366389132340042,-13.16825716185283,-7.183105409174477,11.408409160952042,-157.49684729893565,5.2,3,1.0899999999999999
2026-06-22 12:26:01.002084000,15.0,-151.388133,-8.936126959686463,-3.942356243001122,-13.16825716185283,-7.183105409174477,9.767115120974317,-156.19433937948304,5.21,3,1.0999999999999996
2026-06-22 12:26:01.012084000,15.0,-151.388133,-10.514300596009354,-4.336075149002339,-13.16825716185283,-7.183105409174477,11.373304916383729,-157.58885351507826,5.22,3,1.1099999999999994
2026-06-22 12:26:01.022084000,15.0,-151.388133,-8.866779541672047,-3.9408829855332295,-13.16825716185283,-7.183105409174477,9.70310971525517,-156.0370141759959,5.23,3,1.12
2026-06-22 12:26:01.032084000,15.0,-151.388133,-10.485578275666365,-4.338189449801444,-13.16825716185283,-7.183105409174477,11.347565354625413,-157.52369395525213,5.24,3,1.13
2026-06-22 12:26:01.042083999,15.0,-151.388133,-9.096049141703153,-3.9695725345001724,-13.16825716185283,-7.183105409174477,9.92449576023572,-156.42324364636505,5.249999999,3,1.1399999989999996
2026-06-22 12:26:01.052083999,15.0,-151.388133,-10.58678143712568,-4.331970915312219,-13.16825716185283,-7.183105409174477,11.438789848956045,-157.74627141845102,5.259999999,3,1.1499999989999994
2026-06-22 12:26:01.062084000,15.0,-151.388133,-9.174795548489755,-3.9687786963434166,-13.16825716185283,-7.183105409174477,9.996403238022003,-156.6079422881703,5.27,3,1.1599999999999993
2026-06-22 12:26:01.072084000,15.0,-151.388133,-9.487097949886211,-4.23182460136723,-13.16825716185283,-7.183105409174477,10.388135875481801,-155.96021244021946,5.28,3,1.17
2026-06-22 12:26:01.082084000,15.0,-151.388133,-9.236813072308275,-3.9870296810862205,-13.16825716185283,-7.183105409174477,10.060572618426226,-156.65277003498937,5.29,3,1.1799999999999997
2026-06-22 12:26:01.092084000,15.0,-151.388133,-10.457451672862693,-4.377418215613395,-13.16825716185283,-7.183105409174477,11.336669957471758,-157.28614566449633,5.3,3,1.1899999999999995
2026-06-22 12:26:01.102084000,15.0,-151.388133,-9.036158653846249,-3.9372956730769424,-13.16825716185283,-7.183105409174477,9.856696223112026,-156.45595690108507,5.31,3,1.1999999999999993
2026-06-22 12:26:01.112084000,15.0,-151.388133,-10.476221322536972,-4.303605600539779,-13.16825716185283,-7.183105409174477,11.325733281504366,-157.66726375822972,5.32,3,1.21
2026-06-22 12:26:01.122084000,15.0,-151.388133,-9.259104094379067,-4.004306037474019,-13.16825716185283,-7.183105409174477,10.08788756243338,-156.61285461568053,5.33,3,1.2199999999999998
2026-06-22 12:26:01.132084000,15.0,-151.388133,-9.493340350381466,-4.247063153433187,-13.16825716185283,-7.183105409174477,10.400050790137072,-155.89755192035,5.34,3,1.2299999999999995
2026-06-22 12:26:01.142084000,15.0,-151.388133,-9.082492760859063,-3.9332496255617544,-13.16825716185283,-7.183105409174477,9.89758189499026,-156.58457153531697,5.35,3,1.2399999999999993
2026-06-22 12:26:01.152084000,15.0,-151.388133,-10.04911320754722,-4.302886792452835,-13.16825716185283,-7.183105409174477,10.93158318848487,-156.820082249809,5.36,3,1.25
2026-06-22 12:26:01.162084000,15.0,-151.388133,-9.282959894806178,-3.996802761341253,-13.16825716185283,-7.183105409174477,10.106818328319006,-156.70557833940745,5.37,3,1.2599999999999998
2026-06-22 12:26:01.172084000,15.0,-151.388133,-10.643193973634853,-4.328149852031221,-13.16825716185283,-7.183105409174477,11.489580458052206,-157.87044373968484,5.38,3,1.2699999999999996
2026-06-22 12:26:01.182084000,15.0,-151.388133,-9.237041544477071,-3.9459232649071434,-13.16825716185283,-7.183105409174477,10.044563052066067,-156.86856551995317,5.39,3,1.2799999999999994
2026-06-22 12:26:01.192084000,15.0,-151.388133,-10.52733996683226,-4.305068988391332,-13.16825716185283,-7.183105409174477,11.373588078177995,-157.7582969625887,5.4,3,1.29
2026-06-22 12:26:01.202084000,15.0,-151.388133,-8.736719542838664,-3.866049525816657,-13.16825716185283,-7.183105409174477,9.553879175826237,-156.13032953900452,5.41,3,1.2999999999999998
2026-06-22 12:26:01.212084000,15.0,-151.388133,-9.353708286038602,-3.9735686719636805,-13.16825716185283,-7.183105409174477,10.162731261384334,-156.9836263018846,5.42,3,1.3099999999999996
2026-06-22 12:26:01.222084000,15.0,-151.388133,-9.237636213174397,-3.988769612711013,-13.16825716185283,-7.183105409174477,10.062017980019604,-156.64553118400002,5.43,3,1.3199999999999994
2026-06-22 12:26:01.232084000,15.0,-151.388133,-9.873367664205352,-4.257029537504879,-13.16825716185283,-7.183105409174477,10.752008627031735,-156.67608841323536,5.44,3,1.33
2026-06-22 12:26:01.242084000,15.0,-151.388133,-9.18636631183477,-3.971912961803399,-13.16825716185283,-7.183105409174477,10.008267511980012,-156.617772837667,5.45,3,1.3399999999999999
2026-06-22 12:26:01.252084000,15.0,-151.388133,-10.14959528222413,-4.298083909014326,-13.16825716185283,-7.183105409174477,11.02215086459418,-157.0486332762874,5.46,3,1.3499999999999996
2026-06-22 12:26:01.262084000,15.0,-151.388133,-9.129259488084728,-3.925670785525154,-13.16825716185283,-7.183105409174477,9.937518297699416,-156.7318226960527,5.47,3,1.3599999999999994
2026-06-22 12:26:01.272084000,15.0,-151.388133,-10.093415780142086,-4.287663416075675,-13.16825716185283,-7.183105409174477,10.966362189913982,-156.98430898581643,5.48,3,1.37
2026-06-22 12:26:01.282084000,15.0,-151.388133,-9.197666003976305,-3.9664012591120295,-13.16825716185283,-7.183105409174477,10.016456402789709,-156.6723632441631,5.49,3,1.38
2026-06-22 12:26:01.292084000,15.0,-151.388133,-10.293486975398089,-4.308383019778119,-13.16825716185283,-7.183105409174477,11.158765091075379,-157.28804347443887,5.5,3,1.3899999999999997
2026-06-22 12:26:01.302084000,15.0,-151.388133,-9.19367798867805,-3.9718664668664796,-13.16825716185283,-7.183105409174477,10.014960718351405,-156.63461787493503,5.51,3,1.3999999999999995
2026-06-22 12:26:01.312084000,15.0,-151.388133,-10.466543937709574,-4.314222469410591,-13.16825716185283,-7.183105409174477,11.320824065215936,-157.5989501526004,5.52,3,1.4099999999999993
2026-06-22 12:26:01.322084000,15.0,-151.388133,-9.185436259670423,-3.9566770938446125,-13.16825716185283,-7.183105409174477,10.001376550526574,-156.69577354329553,5.53,3,1.42
2026-06-22 12:26:01.332084000,15.0,-151.388133,-10.350614266547563,-4.2893157423971635,-13.16825716185283,-7.183105409174477,11.204170885560167,-157.49078275989993,5.54,3,1.4299999999999997
2026-06-22 12:26:01.342084000,15.0,-151.388133,-9.179637913741246,-3.9553751253761327,-13.16825716185283,-7.183105409174477,9.995536234231759,-156.68947878454338,5.55,3,1.4399999999999995
2026-06-22 12:26:01.352084000,15.0,-151.388133,-10.239133701883905,-4.296475634725659,-13.16825716185283,-7.183105409174477,11.104033584461371,-157.23643581762903,5.56,3,1.4499999999999993
2026-06-22 12:26:01.362084000,15.0,-151.388133,-9.127518790100924,-3.9078542621448378,-13.16825716185283,-7.183105409174477,9.928893402479906,-156.8223047327983,5.57,3,1.46
2026-06-22 12:26:01.372084000,15.0,-151.388133,-9.386797886016284,-4.134634337951727,-13.16825716185283,-7.183105409174477,10.257054921442572,-156.22778735115938,5.58,3,1.4699999999999998
2026-06-22 12:26:01.382084000,15.0,-151.388133,-9.165691082802635,-3.959665605095557,-13.16825716185283,-7.183105409174477,9.984430115411921,-156.63519690909945,5.59,3,1.4799999999999995
2026-06-22 12:26:01.392084000,15.0,-151.388133,-10.543381550454471,-4.347949761801561,-13.16825716185283,-7.183105409174477,11.404716640478798,-157.58940300062852,5.6,3,1.4899999999999993
2026-06-22 12:26:01.402084000,15.0,-151.388133,-9.136297297297379,-3.9733239906573408,-13.16825716185283,-7.183105409174477,9.962892744546464,-156.4960505357222,5.61,3,1.5
2026-06-22 12:26:01.412084000,15.0,-151.388133,-10.323369320640433,-4.301553872782348,-13.16825716185283,-7.183105409174477,11.183707786364455,-157.37942574429593,5.62,3,1.5099999999999998
2026-06-22 12:26:01.422084000,15.0,-151.388133,-9.173070450751258,-3.93791752921536,-13.16825716185283,-7.183105409174477,9.982605669931448,-156.76658269825305,5.63,3,1.5199999999999996
2026-06-22 12:26:01.432084000,15.0,-151.388133,-10.516374402816272,-4.316072667840092,-13.16825716185283,-7.183105409174477,11.367612495783167,-157.68604182016495,5.64,3,1.5299999999999994
2026-06-22 12:26:01.442084000,15.0,-151.388133,-9.161487252124838,-3.93511898017001,-13.16825716185283,-7.183105409174477,9.970858040256124,-156.75510318524175,5.65,3,1.54
2026-06-22 12:26:01.452084000,15.0,-151.388133,-10.386752824220721,-4.304371893357469,-13.16825716185283,-7.183105409174477,11.24332031153533,-157.49040492119966,5.66,3,1.5499999999999998
2026-06-22 12:26:01.462084000,15.0,-151.388133,-9.138012494614443,-3.9036660922016453,-13.16825716185283,-7.183105409174477,9.93689495321021,-156.86831881440145,5.67,3,1.5599999999999996
2026-06-22 12:26:01.472084000,15.0,-151.388133,-10.07657392117155,-4.279968998286342,-13.16825716185283,-7.183105409174477,10.947852602913814,-156.98691026043323,5.68,3,1.5699999999999994
2026-06-22 12:26:01.482084000,15.0,-151.388133,-9.113934366754817,-3.9441794195251134,-13.16825716185283,-7.183105409174477,9.930777962220281,-156.5987936077864,5.69,3,1.58
2026-06-22 12:26:01.492084000,15.0,-151.388133,-9.377790625918308,-4.151808551278285,-13.16825716185283,-7.183105409174477,10.255753081564942,-156.11969637528628,5.7,3,1.5899999999999999
2026-06-22 12:26:01.502084000,15.0,-151.388133,-9.115921529175118,-3.9680472837022296,-13.16825716185283,-7.183105409174477,9.942103629100588,-156.47710662067263,5.71,3,1.5999999999999996
2026-06-22 12:26:01.512084000,15.0,-151.388133,-10.39286689961895,-4.277775412960634,-13.16825716185283,-7.183105409174477,11.238818660202936,-157.62759770137143,5.72,3,1.6099999999999994
2026-06-22 12:26:01.522084000,15.0,-151.388133,-9.139172897196376,-3.944868491321795,-13.16825716185283,-7.183105409174477,9.954218636270367,-156.6528505633659,5.73,3,1.62
2026-06-22 12:26:01.532084000,15.0,-151.388133,-10.512864172219404,-4.29274474628396,-13.16825716185283,-7.183105409174477,11.35552599223316,-157.78820726261657,5.74,3,1.63
2026-06-22 12:26:01.542084000,15.0,-151.388133,-9.087518658281038,-3.932451153039853,-13.16825716185283,-7.183105409174477,9.901876965285444,-156.60036818731123,5.75,3,1.6399999999999997
2026-06-22 12:26:01.552084000,15.0,-151.388133,-10.52492721232258,-4.327839927514351,-13.16825716185283,-7.183105409174477,11.37999522244521,-157.64758238180968,5.76,3,1.6499999999999995
2026-06-22 12:26:01.562084000,15.0,-151.388133,-8.85944249679383,-3.8642731936725476,-13.16825716185283,-7.183105409174477,9.665522679572623,-156.4343418282577,5.77,3,1.6599999999999993
2026-06-22 12:26:01.572084000,15.0,-151.388133,-10.47620514179706,-4.322832759077671,-13.16825716185283,-7.183105409174477,11.333038305589998,-157.5773181402358,5.78,3,1.67
2026-06-22 12:26:01.582084000,15.0,-151.388133,-9.059056370302667,-3.9343226397800617,-13.16825716185283,-7.183105409174477,9.876507325679826,-156.5248296829232,5.79,3,1.6799999999999997
2026-06-22 12:26:01.592084000,15.0,-151.388133,-10.08830000000003,-4.250845000000005,-13.16825716185283,-7.183105409174477,10.947304695861245,-157.15120087303617,5.8,3,1.6899999999999995
2026-06-22 12:26:01.602084000,15.0,-151.388133,-9.107724126344277,-3.8979526209677786,-13.16825716185283,-7.183105409174477,9.90679935180395,-156.82989035625482,5.81,3,1.6999999999999993
2026-06-22 12:26:01.612084000,15.0,-151.388133,-9.958604862768624,-4.201158114558499,-13.16825716185283,-7.183105409174477,10.808493896759142,-157.126961503719,5.82,3,1.71
2026-06-22 12:26:01.622084000,15.0,-151.388133,-9.08597771061587,-3.924497544389894,-13.16825716185283,-7.183105409174477,9.897306296853236,-156.6390823495178,5.83,3,1.7199999999999998
2026-06-22 12:26:01.632084000,15.0,-151.388133,-10.048118875369934,-4.244743505425846,-13.16825716185283,-7.183105409174477,10.907911824011984,-157.09878106652883,5.84,3,1.7299999999999995
2026-06-22 12:26:01.642084000,15.0,-151.388133,-9.134827537759262,-3.9016322444678977,-13.16825716185283,-7.183105409174477,9.93316708384977,-156.87189008668182,5.85,3,1.7399999999999993
2026-06-22 12:26:01.652084000,15.0,-151.388133,-9.314275082856279,-4.088674600783381,-13.16825716185283,-7.183105409174477,10.172166942702448,-156.30003251387038,5.86,3,1.75
2026-06-22 12:26:01.662084000,15.0,-151.388133,-8.931966633954922,-3.8741913640824475,-13.16825716185283,-7.183105409174477,9.735984114387977,-156.5514765967664,5.87,3,1.7599999999999998
2026-06-22 12:26:01.672084000,15.0,-151.388133,-9.319520506329114,-4.041609240506331,-13.16825716185283,-7.183105409174477,10.158152771091554,-156.55500298287927,5.88,3,1.7699999999999996
2026-06-22 12:26:01.682084000,15.0,-151.388133,-9.043672223969796,-3.910143126769422,-13.16825716185283,-7.183105409174477,9.852777606666303,-156.6181631994888,5.89,3,1.7799999999999994
2026-06-22 12:26:01.692084000,15.0,-151.388133,-10.255517433751828,-4.26638772663879,-13.16825716185283,-7.183105409174477,11.107551578453362,-157.41224905019368,5.9,3,1.79
2026-06-22 12:26:01.702084000,15.0,-151.388133,-9.118465179175258,-3.902022312373256,-13.16825716185283,-7.183105409174477,9.918275321349494,-156.8326907521567,5.91,3,1.7999999999999998
2026-06-22 12:26:01.712084000,15.0,-151.388133,-10.311441537203661,-4.250599345870821,-13.16825716185283,-7.183105409174477,11.153179877249647,-157.59748351417076,5.92,3,1.8099999999999996
2026-06-22 12:26:01.722084000,15.0,-151.388133,-9.050214152700228,-3.9003798882681666,-13.16825716185283,-7.183105409174477,9.854914483776218,-156.68535884527444,5.93,3,1.8199999999999994
2026-06-22 12:26:01.732084000,15.0,-151.388133,-10.36897265268904,-4.259134001823128,-13.16825716185283,-7.183105409174477,11.209630516555801,-157.66922164711372,5.94,3,1.83
2026-06-22 12:26:01.742084000,15.0,-151.388133,-9.043746306673675,-3.9004004075395446,-13.16825716185283,-7.183105409174477,9.848983226638595,-156.6703574995271,5.95,3,1.8399999999999999
2026-06-22 12:26:01.752084000,15.0,-151.388133,-10.46635166127625,-4.289997941781862,-13.16825716185283,-7.183105409174477,11.311436665516574,-157.71202409226393,5.96,3,1.8499999999999996
2026-06-22 12:26:01.762084000,15.0,-151.388133,-8.92221476510071,-3.872673378076075,-13.16825716185283,-7.183105409174477,9.72643384842771,-156.53682114380706,5.97,3,1.8599999999999994
2026-06-22 12:26:01.772084000,15.0,-151.388133,-10.343346137699644,-4.26758732157856,-13.16825716185283,-7.183105409174477,11.189151481303853,-157.57932215204278,5.98,3,1.87
2026-06-22 12:26:01.782084000,15.0,-151.388133,-8.906215050651301,-3.8644958031838157,-13.16825716185283,-7.183105409174477,9.708501137728371,-156.54349575129515,5.99,3,1.88
2026-06-22 12:26:01.792084000,15.0,-151.388133,-10.403460892916948,-4.275155085599158,-13.16825716185283,-7.183105409174477,11.247619728474849,-157.66048190960592,6.0,3,1.8899999999999997
2026-06-22 12:26:01.802084000,24.0,-151.388133,-8.969154278575866,-3.83446627108057,-21.06921145896453,-11.492968654679164,9.754427715501832,-156.8524667953922,6.01,4,0.0
2026-06-22 12:26:01.812084000,24.0,-151.388133,-9.429983552631667,-4.034842105263179,-21.06921145896453,-11.492968654679164,10.256926470308168,-156.83519082774754,6.02,4,0.009999999999999787
2026-06-22 12:26:01.822084000,24.0,-151.388133,-10.252351973684243,-4.237271255060737,-21.06921145896453,-11.492968654679164,11.093475049833176,-157.54481542392023,6.03,4,0.020000000000000462
2026-06-22 12:26:01.832084000,24.0,-151.388133,-10.335146204788478,-4.284559857361143,-21.06921145896453,-11.492968654679164,11.18806061145828,-157.48295713577278,6.04,4,0.03000000000000025
2026-06-22 12:26:01.842084000,24.0,-151.388133,-8.75454059906173,-3.766770299530865,-21.06921145896453,-11.492968654679164,9.530505736321025,-156.71949402023859,6.05,4,0.040000000000000036
2026-06-22 12:26:01.852084000,24.0,-151.388133,-10.617675685975506,-4.596212271341461,-21.06921145896453,-11.492968654679164,11.56979706891116,-156.59302944988005,6.06,4,0.04999999999999982
2026-06-22 12:26:01.862084000,24.0,-151.388133,-10.299985977213115,-4.796012269938729,-21.06921145896453,-11.492968654679164,11.36184161235271,-155.03176426583107,6.07,4,0.0600000000000005
2026-06-22 12:26:01.872084000,24.0,-151.388133,-12.764164139499472,-5.852721000758084,-21.06921145896453,-11.492968654679164,14.042016567886503,-155.36723955898552,6.08,4,0.07000000000000028
2026-06-22 12:26:01.882084000,24.0,-151.388133,-11.20460718424102,-5.417515643105444,-21.06921145896453,-11.492968654679164,12.445589495738547,-154.19586806267816,6.09,4,0.08000000000000007
2026-06-22 12:26:01.892084000,24.0,-151.388133,-11.476011688634669,-5.6227692116389045,-21.06921145896453,-11.492968654679164,12.779451392177753,-153.89706448013447,6.1,4,0.08999999999999986
2026-06-22 12:26:01.902084000,24.0,-151.388133,-11.054557377050283,-5.476409836065957,-21.06921145896453,-11.492968654679164,12.336705536530278,-153.6462594565513,6.11,4,0.10000000000000053
2026-06-22 12:26:01.912084000,24.0,-151.388133,-13.914013921901383,-6.268915789473627,-21.06921145896453,-11.492968654679164,15.261031701506202,-155.74620192216625,6.12,4,0.11000000000000032
2026-06-22 12:26:01.922084000,24.0,-151.388133,-12.326916120576653,-5.736744429882038,-21.06921145896453,-11.492968654679164,13.596436948609558,-155.04350443623912,6.13,4,0.1200000000000001
2026-06-22 12:26:01.932084000,24.0,-151.388133,-14.038730331393717,-6.310757399443419,-21.06921145896453,-11.492968654679164,15.391933220756378,-155.79490081881912,6.14,4,0.1299999999999999
2026-06-22 12:26:01.942084000,24.0,-151.388133,-12.448534628069098,-5.900869182850884,-21.06921145896453,-11.492968654679164,13.77629382306267,-154.63805692246396,6.15,4,0.14000000000000057
2026-06-22 12:26:01.952084000,24.0,-151.388133,-13.500301150715739,-6.2655162784170715,-21.06921145896453,-11.492968654679164,14.883374126693383,-155.10389291577218,6.16,4,0.15000000000000036
2026-06-22 12:26:01.962084000,24.0,-151.388133,-12.378653505237834,-5.809399677679309,-21.06921145896453,-11.492968654679164,13.674069884922973,-154.85896455408604,6.17,4,0.16000000000000014
2026-06-22 12:26:01.972084000,24.0,-151.388133,-14.350608588621391,-6.539910557986858,-21.06921145896453,-11.492968654679164,15.770554745166132,-155.5001274738702,6.18,4,0.16999999999999993
2026-06-22 12:26:01.982084000,24.0,-151.388133,-14.419585268214844,-6.800463170536476,-21.06921145896453,-11.492968654679164,15.942733098221948,-154.7508280649149,6.19,4,0.1800000000000006
2026-06-22 12:26:01.992084000,24.0,-151.388133,-16.328216313375417,-7.319926614602687,-21.06921145896453,-11.492968654679164,17.89390884126629,-155.8533437398638,6.2,4,0.1900000000000004
2026-06-22 12:26:02.002084000,24.0,-151.388133,-14.86966389351083,-6.8867054908485885,-21.06921145896453,-11.492968654679164,16.38699535679631,-155.1493555711218,6.21,4,0.20000000000000018
2026-06-22 12:26:02.012084000,24.0,-151.388133,-16.20914808259589,-7.1990424778761115,-21.06921145896453,-11.492968654679164,17.735915374228266,-156.05234023327924,6.22,4,0.20999999999999996
2026-06-22 12:26:02.022084000,24.0,-151.388133,-14.713585846867899,-6.90903170920346,-21.06921145896453,-11.492968654679164,16.254978549107047,-154.8467438405065,6.23,4,0.22000000000000064
2026-06-22 12:26:02.032084000,24.0,-151.388133,-17.034172910662768,-7.5762743515849955,-21.06921145896453,-11.492968654679164,18.64304105560147,-156.02197809902884,6.24,4,0.23000000000000043
2026-06-22 12:26:02.042083999,24.0,-151.388133,-15.46577925531915,-7.160196808510639,-21.06921145896453,-11.492968654679164,17.04285029890441,-155.1572636547105,6.249999999,4,0.23999999900000013
2026-06-22 12:26:02.052083999,24.0,-151.388133,-17.08669896077778,-7.588505196111294,-21.06921145896453,-11.492968654679164,18.696007394298192,-156.0531466774969,6.259999999,4,0.24999999899999992
2026-06-22 12:26:02.062084000,24.0,-151.388133,-15.650728512960564,-7.270611186903183,-21.06921145896453,-11.492968654679164,17.257088109455733,-155.08257878491514,6.27,4,0.2599999999999998
2026-06-22 12:26:02.072084000,24.0,-151.388133,-17.36472460658093,-7.868912017167375,-21.06921145896453,-11.492968654679164,19.064454804591666,-155.62210467815098,6.28,4,0.27000000000000046
2026-06-22 12:26:02.082084000,24.0,-151.388133,-15.93490723334699,-7.341339190845943,-21.06921145896453,-11.492968654679164,17.544700899429,-155.26409806246266,6.29,4,0.28000000000000025
2026-06-22 12:26:02.092084000,24.0,-151.388133,-17.46453954423586,-7.806977546916895,-21.06921145896453,-11.492968654679164,19.13005593066164,-155.9144588210808,6.3,4,0.29000000000000004
2026-06-22 12:26:02.102084000,24.0,-151.388133,-16.350929018789316,-7.508740083507369,-21.06921145896453,-11.492968654679164,17.992611189573257,-155.33427406415186,6.31,4,0.2999999999999998
2026-06-22 12:26:02.112084000,24.0,-151.388133,-18.012825301204977,-8.05326506024094,-21.06921145896453,-11.492968654679164,19.73111637648077,-155.91129491377808,6.32,4,0.3100000000000005
2026-06-22 12:26:02.122084000,24.0,-151.388133,-16.518996828273774,-7.579299048482132,-21.06921145896453,-11.492968654679164,18.174791065617264,-155.3532445592989,6.33,4,0.3200000000000003
2026-06-22 12:26:02.132084000,24.0,-151.388133,-17.780586648218737,-7.995417156693164,-21.06921145896453,-11.492968654679164,19.495536849862784,-155.78792456436236,6.34,4,0.33000000000000007
2026-06-22 12:26:02.142084000,24.0,-151.388133,-16.490290143964682,-7.525066814322664,-21.06921145896453,-11.492968654679164,18.126122022985474,-155.47121173551483,6.35,4,0.33999999999999986
2026-06-22 12:26:02.152084000,24.0,-151.388133,-17.614164957515538,-7.992172575446789,-21.06921145896453,-11.492968654679164,19.342534208998885,-155.5945158262449,6.36,4,0.35000000000000053
2026-06-22 12:26:02.162084000,24.0,-151.388133,-16.44124657534257,-7.5365068493151,-21.06921145896453,-11.492968654679164,18.086280005600578,-155.37374111771405,6.37,4,0.3600000000000003
2026-06-22 12:26:02.172084000,24.0,-151.388133,-17.348678884641345,-8.046992916572966,-21.06921145896453,-11.492968654679164,19.124088319231742,-155.1162933509228,6.38,4,0.3700000000000001
2026-06-22 12:26:02.182084000,24.0,-151.388133,-16.389180569859395,-7.532708891177504,-21.06921145896453,-11.492968654679164,18.03737627790365,-155.31579134998185,6.39,4,0.3799999999999999
2026-06-22 12:26:02.192084000,24.0,-151.388133,-17.636307378904622,-7.909623811679435,-21.06921145896453,-11.492968654679164,19.3287735463348,-155.84446896454565,6.4,4,0.39000000000000057
2026-06-22 12:26:02.202084000,24.0,-151.388133,-16.26365213746872,-7.541502933780403,-21.06921145896453,-11.492968654679164,17.927092551465485,-155.1227076104954,6.41,4,0.40000000000000036
2026-06-22 12:26:02.212084000,24.0,-151.388133,-17.612436804191226,-7.929919777341187,-21.06921145896453,-11.492968654679164,19.315319253294692,-155.7605600898504,6.42,4,0.41000000000000014
2026-06-22 12:26:02.222084000,24.0,-151.388133,-16.34235382559309,-7.542874707651189,-21.06921145896453,-11.492968654679164,17.999096850014478,-155.22413725377714,6.43,4,0.41999999999999993
2026-06-22 12:26:02.232084000,24.0,-151.388133,-17.617489188342173,-7.889203071137538,-21.06921145896453,-11.492968654679164,19.303249736741204,-155.87691717980636,6.44,4,0.4300000000000006
2026-06-22 12:26:02.242084000,24.0,-151.388133,-16.30336313043484,-7.522150956521742,-21.06921145896453,-11.492968654679164,17.955010564617417,-155.23203962789665,6.45,4,0.4400000000000004
2026-06-22 12:26:02.252084000,24.0,-151.388133,-17.6975471813725,-7.884374999999968,-21.06921145896453,-11.492968654679164,19.3743785804224,-155.98670980241053,6.46,4,0.4500000000000002
2026-06-22 12:26:02.262084000,24.0,-151.388133,-16.31119678714866,-7.481582329317276,-21.06921145896453,-11.492968654679164,17.94517246446635,-155.36013156801863,6.47,4,0.45999999999999996
2026-06-22 12:26:02.272084000,24.0,-151.388133,-17.662911081171995,-7.866511283260312,-21.06921145896453,-11.492968654679164,19.33547071139077,-155.9932956821838,6.48,4,0.47000000000000064
2026-06-22 12:26:02.282084000,24.0,-151.388133,-16.178165327210117,-7.364933409873745,-21.06921145896453,-11.492968654679164,17.775693446007054,-155.52311621068847,6.49,4,0.4800000000000004
2026-06-22 12:26:02.292084000,24.0,-151.388133,-17.656506290377383,-7.833270316218952,-21.06921145896453,-11.492968654679164,19.316116023390755,-156.07563729688113,6.5,4,0.4900000000000002
2026-06-22 12:26:02.302084000,24.0,-151.388133,-16.152245862317102,-7.3645313024706125,-21.06921145896453,-11.492968654679164,17.751939829263996,-155.48963608209158,6.51,4,0.5
2026-06-22 12:26:02.312084000,24.0,-151.388133,-17.34900000000014,-7.714498023715455,-21.06921145896453,-11.492968654679164,18.986871273538316,-156.02694580657348,6.52,4,0.5099999999999998
2026-06-22 12:26:02.322084000,24.0,-151.388133,-17.49872922111862,-7.697759539989528,-21.06921145896453,-11.492968654679164,19.117034976416466,-156.25511785840683,6.53,4,0.5200000000000005
2026-06-22 12:26:02.332084000,24.0,-151.388133,-17.6801882985877,-7.794058507061172,-21.06921145896453,-11.492968654679164,19.321915181601696,-156.2104013074832,6.54,4,0.5300000000000002
2026-06-22 12:26:02.342084000,24.0,-151.388133,-16.148307357669754,-7.289411575562699,-21.06921145896453,-11.492968654679164,17.717317845422276,-155.7053900793197,6.55,4,0.54
2026-06-22 12:26:02.352084000,24.0,-151.388133,-17.7113333333336,-7.824245067497478,-21.06921145896453,-11.492968654679164,19.362596399261967,-156.1658419427981,6.56,4,0.5499999999999998
2026-06-22 12:26:02.362084000,24.0,-151.388133,-16.13787962234462,-7.310242066614225,-21.06921145896453,-11.492968654679164,17.716399119961764,-155.63011406151534,6.57,4,0.5600000000000005
2026-06-22 12:26:02.372084000,24.0,-151.388133,-17.82534389328886,-7.847872863693202,-21.06921145896453,-11.492968654679164,19.476447145172617,-156.237791918742,6.58,4,0.5700000000000003
2026-06-22 12:26:02.382084000,24.0,-151.388133,-16.14219526627219,-7.3389050436742735,-21.06921145896453,-11.492968654679164,17.732174013767402,-155.55150475658002,6.59,4,0.5800000000000001
2026-06-22 12:26:02.392084000,24.0,-151.388133,-17.731748148148387,-7.795674074074137,-21.06921145896453,-11.492968654679164,19.369755462022628,-156.26754954521286,6.6,4,0.5899999999999999
2026-06-22 12:26:02.402084000,24.0,-151.388133,-16.195243322770505,-7.319258940697161,-21.06921145896453,-11.492968654679164,17.772379067663337,-155.67994299499318,6.61,4,0.6000000000000005
2026-06-22 12:26:02.412084000,24.0,-151.388133,-17.694115144848162,-7.761407040704146,-21.06921145896453,-11.492968654679164,19.32152038558656,-156.31565766752007,6.62,4,0.6100000000000003
2026-06-22 12:26:02.422084000,24.0,-151.388133,-16.188360416666697,-7.357700000000018,-21.06921145896453,-11.492968654679164,17.78197858141499,-155.55793909708854,6.63,4,0.6200000000000001
2026-06-22 12:26:02.432084000,24.0,-151.388133,-16.66304477612011,-7.525694468832508,-21.06921145896453,-11.492968654679164,18.28368503472973,-155.69416999947617,6.64,4,0.6299999999999999
2026-06-22 12:26:02.442084000,24.0,-151.388133,-16.075046411688945,-7.304389342501097,-21.06921145896453,-11.492968654679164,17.656761333970543,-155.56328261834634,6.65,4,0.6400000000000006
2026-06-22 12:26:02.452084000,24.0,-151.388133,-16.815828729282398,-7.579802486187968,-21.06921145896453,-11.492968654679164,18.445202671214556,-155.73633762025483,6.66,4,0.6500000000000004
2026-06-22 12:26:02.462084000,24.0,-151.388133,-16.052446067415758,-7.279419101123607,-21.06921145896453,-11.492968654679164,17.62586075053059,-155.60678915953656,6.67,4,0.6600000000000001
2026-06-22 12:26:02.472084000,24.0,-151.388133,-16.516950767528694,-7.490986308947586,-21.06921145896453,-11.492968654679164,18.136276865382456,-155.60412808392977,6.68,4,0.6699999999999999
2026-06-22 12:26:02.482084000,24.0,-151.388133,-16.004517638589,-7.2286367890569005,-21.06921145896453,-11.492968654679164,17.561257775911532,-155.69310136336892,6.69,4,0.6800000000000006
2026-06-22 12:26:02.492084000,24.0,-151.388133,-16.8539586929717,-7.594949268980104,-21.06921145896453,-11.492968654679164,18.486188845264394,-155.74210311308354,6.7,4,0.6900000000000004
2026-06-22 12:26:02.502084000,24.0,-151.388133,-16.1977028571414,-7.367959999999568,-21.06921145896453,-11.492968654679164,17.794729905504056,-155.54031107306076,6.71,4,0.7000000000000002
2026-06-22 12:26:02.512084000,24.0,-151.388133,-17.542570771408275,-7.679219037508829,-21.06921145896453,-11.492968654679164,19.149730919673672,-156.3587138990173,6.72,4,0.71
2026-06-22 12:26:02.522084000,24.0,-151.388133,-15.647303120991817,-7.244897392047881,-21.06921145896453,-11.492968654679164,17.24316192528222,-155.1552722656178,6.73,4,0.7200000000000006
2026-06-22 12:26:02.532084000,24.0,-151.388133,-17.287926876379863,-7.693674392935996,-21.06921145896453,-11.492968654679164,18.92260662138217,-156.00942297689954,6.74,4,0.7300000000000004
2026-06-22 12:26:02.542084000,24.0,-151.388133,-15.657012614317228,-7.210498896247237,-21.06921145896453,-11.492968654679164,17.237556043061076,-155.27258730860288,6.75,4,0.7400000000000002
2026-06-22 12:26:02.552084000,24.0,-151.388133,-17.127746183640937,-7.673478013214855,-21.06921145896453,-11.492968654679164,18.76811003139417,-155.86693024452944,6.76,4,0.75
2026-06-22 12:26:02.562084000,24.0,-151.388133,-16.42103774879882,-7.387606039807799,-21.06921145896453,-11.492968654679164,18.006310109150082,-155.7776546278993,6.77,4,0.7599999999999998
2026-06-22 12:26:02.572084000,24.0,-151.388133,-17.231976268952426,-7.676967040210925,-21.06921145896453,-11.492968654679164,18.864697958626966,-155.98669044079122,6.78,4,0.7700000000000005
2026-06-22 12:26:02.582084000,24.0,-151.388133,-15.547136661623762,-7.1860171457387745,-21.06921145896453,-11.492968654679164,17.127530493158005,-155.1932236166731,6.79,4,0.7800000000000002
2026-06-22 12:26:02.592084000,24.0,-151.388133,-17.277751277683198,-7.700239863713799,-21.06921145896453,-11.492968654679164,18.91598221537043,-155.97872277054464,6.8,4,0.79
2026-06-22 12:26:02.602084000,24.0,-151.388133,-15.556044713308754,-7.196491320357703,-21.06921145896453,-11.492968654679164,17.140012090032055,-155.17393479865515,6.81,4,0.7999999999999998
2026-06-22 12:26:02.612084000,24.0,-151.388133,-17.26975505989303,-7.694549772821133,-21.06921145896453,-11.492968654679164,18.906362316297724,-155.98460870228263,6.82,4,0.8100000000000005
2026-06-22 12:26:02.622084000,24.0,-151.388133,-15.620152624309373,-7.17199654696132,-21.06921145896453,-11.492968654679164,17.187981338026407,-155.3377681806729,6.83,4,0.8200000000000003
2026-06-22 12:26:02.632084000,24.0,-151.388133,-17.243683417085446,-7.6839648241206016,-21.06921145896453,-11.492968654679164,18.878239674476813,-155.98174966988674,6.84,4,0.8300000000000001
2026-06-22 12:26:02.642084000,24.0,-151.388133,-15.737751989389915,-7.212614279398759,-21.06921145896453,-11.492968654679164,17.31180644597591,-155.37800588917568,6.85,4,0.8399999999999999
2026-06-22 12:26:02.652084000,24.0,-151.388133,-17.012380710660718,-7.689340101522773,-21.06921145896453,-11.492968654679164,18.669414791078673,-155.67774746495496,6.86,4,0.8500000000000005
2026-06-22 12:26:02.662084000,24.0,-151.388133,-15.739982563208375,-7.17072554489974,-21.06921145896453,-11.492968654679164,17.296426102821975,-155.50722764527575,6.87,4,0.8600000000000003
2026-06-22 12:26:02.672084000,24.0,-151.388133,-17.11914140793108,-7.665471564709505,-21.06921145896453,-11.492968654679164,18.756984215329247,-155.87850287972557,6.88,4,0.8700000000000001
2026-06-22 12:26:02.682084000,24.0,-151.388133,-15.712945747800584,-7.171660557184731,-21.06921145896453,-11.492968654679164,17.272214079868384,-155.46722274999246,6.89,4,0.8799999999999999
2026-06-22 12:26:02.692084000,24.0,-151.388133,-16.41948886619,-7.504030439223744,-21.06921145896453,-11.492968654679164,18.05298001604538,-155.43866396961016,6.9,4,0.8900000000000006
2026-06-22 12:26:02.702084000,24.0,-151.388133,-15.712016393442633,-7.2046263763151455,-21.06921145896453,-11.492968654679164,17.285083175099444,-155.36653484531132,6.91,4,0.9000000000000004
2026-06-22 12:26:02.712084000,24.0,-151.388133,-16.462259434856822,-7.501973449649161,-21.06921145896453,-11.492968654679164,18.09103621520264,-155.50089454892088,6.92,4,0.9100000000000001
2026-06-22 12:26:02.722084000,24.0,-151.388133,-15.719376698229791,-7.238091807328129,-21.06921145896453,-11.492968654679164,17.30574404040925,-155.27597801340133,6.93,4,0.9199999999999999
2026-06-22 12:26:02.732084000,24.0,-151.388133,-16.965564400410038,-7.671096002733155,-21.06921145896453,-11.492968654679164,18.619239761805773,-155.66957020566912,6.94,4,0.9300000000000006
2026-06-22 12:26:02.742084000,24.0,-151.388133,-15.683146966957073,-7.183846786125265,-21.06921145896453,-11.492968654679164,17.25018125799544,-155.38930471658057,6.95,4,0.9400000000000004
2026-06-22 12:26:02.752084000,24.0,-151.388133,-17.031408464897552,-7.644735639905938,-21.06921145896453,-11.492968654679164,18.668445497743836,-155.82654629495812,6.96,4,0.9500000000000002
2026-06-22 12:26:02.762084000,24.0,-151.388133,-15.736106394129978,-7.212828878406708,-21.06921145896453,-11.492968654679164,17.310399905159795,-155.37509088605313,6.97,4,0.96
2026-06-22 12:26:02.772084000,24.0,-151.388133,-16.999353335965367,-7.663838926174557,-21.06921145896453,-11.492968654679164,18.647049121170493,-155.73266246095955,6.98,4,0.9700000000000006
2026-06-22 12:26:02.782084000,24.0,-151.388133,-15.657263250230844,-7.140100646352729,-21.06921145896453,-11.492968654679164,17.208455181307706,-155.48583694975764,6.99,4,0.9800000000000004
2026-06-22 12:26:02.792084000,24.0,-151.388133,-16.113000000000174,-7.253326129666022,-21.06921145896453,-11.492968654679164,17.67030019392148,-155.76493302222502,7.0,4,0.9900000000000002
2026-06-22 12:26:02.802084000,24.0,-151.388133,-15.678068005181347,-7.153118847150258,-21.06921145896453,-11.492968654679164,17.23278635672558,-155.47515614670345,7.01,4,1.0
2026-06-22 12:26:02.812084000,24.0,-151.388133,-17.17002857142849,-7.614628571428503,-21.06921145896453,-11.492968654679164,18.782770014683297,-156.0834920102814,7.02,4,1.0099999999999998
2026-06-22 12:26:02.822084000,24.0,-151.388133,-15.898848289218828,-7.149132343447379,-21.06921145896453,-11.492968654679164,17.432253732312464,-155.78828826380305,7.03,4,1.0200000000000005
2026-06-22 12:26:02.832084000,24.0,-151.388133,-17.211761459307713,-7.6175500467726565,-21.06921145896453,-11.492968654679164,18.822109372947455,-156.12686417273693,7.04,4,1.0300000000000002
2026-06-22 12:26:02.842084000,24.0,-151.388133,-15.693655810899541,-7.115330794484577,-21.06921145896453,-11.492968654679164,17.231330912785623,-155.61098358011884,7.05,4,1.04
2026-06-22 12:26:02.852084000,24.0,-151.388133,-17.38200941687781,-7.651650851140822,-21.06921145896453,-11.492968654679164,18.991630054215804,-156.24065636264345,7.06,4,1.0499999999999998
2026-06-22 12:26:02.862084000,24.0,-151.388133,-15.698222345542002,-7.07612652608215,-21.06921145896453,-11.492968654679164,17.219342363261077,-155.7360657723106,7.07,4,1.0600000000000005
2026-06-22 12:26:02.872084000,24.0,-151.388133,-16.09675074183978,-7.2516716122650875,-21.06921145896453,-11.492968654679164,17.654804604329406,-155.74818282889007,7.08,4,1.0700000000000003
2026-06-22 12:26:02.882084000,24.0,-151.388133,-15.886512554653347,-7.192836727045601,-21.06921145896453,-11.492968654679164,17.438984526946932,-155.64070678241845,7.09,4,1.08
2026-06-22 12:26:02.892084000,24.0,-151.388133,-15.847736677116213,-7.208379310344842,-21.06921145896453,-11.492968654679164,17.41009735955035,-155.54147689137244,7.1,4,1.0899999999999999
2026-06-22 12:26:02.902084000,24.0,-151.388133,-15.749615549215422,-7.16239871611988,-21.06921145896453,-11.492968654679164,17.301743996394233,-155.5455462351493,7.11,4,1.1000000000000005
2026-06-22 12:26:02.912084000,24.0,-151.388133,-16.90845339189855,-7.501196193265028,-21.06921145896453,-11.492968654679164,18.497668513514327,-156.07620949219523,7.12,4,1.1100000000000003
2026-06-22 12:26:02.922084000,24.0,-151.388133,-15.802368115942034,-7.163596135265708,-21.06921145896453,-11.492968654679164,17.350272264749485,-155.61406223569972,7.13,4,1.12
2026-06-22 12:26:02.932084000,24.0,-151.388133,-17.445521790065545,-7.632331654170553,-21.06921145896453,-11.492968654679164,19.042025023796853,-156.37085418240167,7.14,4,1.13
2026-06-22 12:26:02.942084000,24.0,-151.388133,-15.786927140884005,-7.131751035911622,-21.06921145896453,-11.492968654679164,17.323075402185562,-155.6889064847288,7.15,4,1.1400000000000006
2026-06-22 12:26:02.952084000,24.0,-151.388133,-17.354624454148286,-7.60131877729253,-21.06921145896453,-11.492968654679164,18.946319882725028,-156.34659989544613,7.16,4,1.1500000000000004
2026-06-22 12:26:02.962084000,24.0,-151.388133,-15.744509291338575,-7.10362456692913,-21.06921145896453,-11.492968654679164,17.272841538465112,-155.71600480666848,7.17,4,1.1600000000000001
2026-06-22 12:26:02.972084000,24.0,-151.388133,-16.721827073261423,-7.425407462501547,-21.06921145896453,-11.492968654679164,18.29634325902945,-156.05615655864705,7.18,4,1.17
2026-06-22 12:26:02.982084000,24.0,-151.388133,-15.69016523517399,-7.1154785276073875,-21.06921145896453,-11.492968654679164,17.228212901630403,-155.60574257520886,7.19,4,1.1800000000000006
2026-06-22 12:26:02.992084000,24.0,-151.388133,-17.331044036370077,-7.5774228917810555,-21.06921145896453,-11.492968654679164,18.91513745843488,-156.38424502898997,7.2,4,1.1900000000000004
2026-06-22 12:26:03.002084000,24.0,-151.388133,-15.546808798646165,-7.0949627749576605,-21.06921145896453,-11.492968654679164,17.089229374073504,-155.46987631501938,7.21,4,1.2000000000000002
2026-06-22 12:26:03.012084000,24.0,-151.388133,-16.83666441136671,-7.52045647271087,-21.06921145896453,-11.492968654679164,18.43991686692001,-155.93105058155336,7.22,4,1.21
2026-06-22 12:26:03.022084000,24.0,-151.388133,-15.650397145042154,-7.1267886821310364,-21.06921145896453,-11.492968654679164,17.19668711459549,-155.51669978812853,7.23,4,1.2200000000000006
2026-06-22 12:26:03.032084000,24.0,-151.388133,-16.75856871846632,-7.498252270433916,-21.06921145896453,-11.492968654679164,18.359559161445716,-155.8949229545434,7.24,4,1.2300000000000004
2026-06-22 12:26:03.042083999,24.0,-151.388133,-15.555048861480044,-7.074256166982916,-21.06921145896453,-11.492968654679164,17.088143415805224,-155.54450887491265,7.249999999,4,1.2399999990000001
2026-06-22 12:26:03.052083999,24.0,-151.388133,-17.07719411414995,-7.544615636147454,-21.06921145896453,-11.492968654679164,18.669541609518923,-156.16440743720807,7.259999999,4,1.249999999
2026-06-22 12:26:03.062084000,24.0,-151.388133,-15.485206106869892,-7.09825190839688,-21.06921145896453,-11.492968654679164,17.034576259106082,-155.37378798348232,7.27,4,1.2599999999999998
2026-06-22 12:26:03.072084000,24.0,-151.388133,-16.13996137339056,-7.510785407725331,-21.06921145896453,-11.492968654679164,17.801973221399898,-155.0449275280977,7.28,4,1.2700000000000005
2026-06-22 12:26:03.082084000,24.0,-151.388133,-16.70798292422619,-7.417393810032,-21.06921145896453,-11.492968654679164,18.280438296970207,-156.06150206002795,7.29,4,1.2800000000000002
2026-06-22 12:26:03.092084000,24.0,-151.388133,-16.72511685823765,-7.549826628352493,-21.06921145896453,-11.492968654679164,18.35018844698565,-155.705273684833,7.3,4,1.29
2026-06-22 12:26:03.102084000,24.0,-151.388133,-15.2840216406645,-7.025755410166124,-21.06921145896453,-11.492968654679164,16.821490914772667,-155.31271552295007,7.31,4,1.2999999999999998
2026-06-22 12:26:03.112084000,24.0,-151.388133,-16.971229120706237,-7.537010400252116,-21.06921145896453,-11.492968654679164,18.56957575285488,-156.05374617666226,7.32,4,1.3100000000000005
2026-06-22 12:26:03.122084000,24.0,-151.388133,-15.805042157470512,-7.150010539367628,-21.06921145896453,-11.492968654679164,17.347103744212987,-155.65857748826502,7.33,4,1.3200000000000003
2026-06-22 12:26:03.132084000,24.0,-151.388133,-17.05746489726025,-7.561165239726027,-21.06921145896453,-11.492968654679164,18.658197354077558,-156.09343819583287,7.34,4,1.33
2026-06-22 12:26:03.142084000,24.0,-151.388133,-15.336462006078964,-7.032598784194512,-21.06921145896453,-11.492968654679164,16.872003808776174,-155.3659791061672,7.35,4,1.3399999999999999
2026-06-22 12:26:03.152084000,24.0,-151.388133,-17.038867427568494,-7.535669885864772,-21.06921145896453,-11.492968654679164,18.630870184803065,-156.14194048688628,7.36,4,1.3500000000000005
2026-06-22 12:26:03.162084000,24.0,-151.388133,-15.383363881401616,-7.05121293800539,-21.06921145896453,-11.492968654679164,16.922396053889837,-155.37488243277227,7.37,4,1.3600000000000003
2026-06-22 12:26:03.172084000,24.0,-151.388133,-16.91583218163882,-7.549480092135566,-21.06921145896453,-11.492968654679164,18.52403919394792,-155.94895090613875,7.38,4,1.37
2026-06-22 12:26:03.182084000,24.0,-151.388133,-15.42825464998323,-7.045527899898581,-21.06921145896453,-11.492968654679164,16.96085212873983,-155.45552850109956,7.39,4,1.38
2026-06-22 12:26:03.192084000,24.0,-151.388133,-16.484134772896994,-7.574701414743073,-21.06921145896453,-11.492968654679164,18.141190719838168,-155.32052590551402,7.4,4,1.3900000000000006
2026-06-22 12:26:03.202084000,24.0,-151.388133,-15.453070252469878,-7.073209659714615,-21.06921145896453,-11.492968654679164,16.99493086535069,-155.40538976319488,7.41,4,1.4000000000000004
2026-06-22 12:26:03.212084000,24.0,-151.388133,-16.660558606832073,-7.5762367716007875,-21.06921145896453,-11.492968654679164,18.302283374241647,-155.54676703776462,7.42,4,1.4100000000000001
2026-06-22 12:26:03.222084000,24.0,-151.388133,-15.429852598091195,-7.037557087310009,-21.06921145896453,-11.492968654679164,16.958996460757014,-155.48226704373073,7.43,4,1.42
2026-06-22 12:26:03.232084000,24.0,-151.388133,-16.63724126344111,-7.571226142473101,-21.06921145896453,-11.492968654679164,18.278984166479702,-155.5308090577213,7.44,4,1.4300000000000006
2026-06-22 12:26:03.242084000,24.0,-151.388133,-15.493480334145598,-7.0934897319874874,-21.06921145896453,-11.492968654679164,17.04011530014889,-155.3999370049656,7.45,4,1.4400000000000004
2026-06-22 12:26:03.252084000,24.0,-151.388133,-16.65871160923395,-7.554180662428888,-21.06921145896453,-11.492968654679164,18.291482114914597,-155.60726291520612,7.46,4,1.4500000000000002
2026-06-22 12:26:03.262084000,24.0,-151.388133,-15.448748226950396,-7.042578014184407,-21.06921145896453,-11.492968654679164,16.978272199065977,-155.49331230536154,7.47,4,1.46
2026-06-22 12:26:03.272084000,24.0,-151.388133,-16.68429462796143,-7.552886219552843,-21.06921145896453,-11.492968654679164,18.314250666574758,-155.64400504859591,7.48,4,1.4700000000000006
2026-06-22 12:26:03.282084000,24.0,-151.388133,-15.48970965202326,-7.102055581798139,-21.06921145896453,-11.492968654679164,17.04025523843269,-155.36847172758613,7.49,4,1.4800000000000004
2026-06-22 12:26:03.292084000,24.0,-151.388133,-16.637795081967255,-7.528918032786871,-21.06921145896453,-11.492968654679164,18.262005145491475,-155.65234557879364,7.5,4,1.4900000000000002
2026-06-22 12:26:03.302084000,24.0,-151.388133,-15.41896252927402,-7.062519906323195,-21.06921145896453,-11.492968654679164,16.959469122185627,-155.39026960794857,7.51,4,1.5
2026-06-22 12:26:03.312084000,24.0,-151.388133,-16.719560439560485,-7.543241758241725,-21.06921145896453,-11.492968654679164,18.342415258503927,-155.71688014902946,7.52,4,1.5099999999999998
2026-06-22 12:26:03.322084000,24.0,-151.388133,-15.438078796992492,-7.099598195488734,-21.06921145896453,-11.492968654679164,16.992309186203506,-155.30344535269998,7.53,4,1.5200000000000005
2026-06-22 12:26:03.332084000,24.0,-151.388133,-16.765602293301153,-7.5228020519010155,-21.06921145896453,-11.492968654679164,18.376016188750786,-155.83400912893572,7.54,4,1.5300000000000002
2026-06-22 12:26:03.342084000,24.0,-151.388133,-15.419146256410261,-7.066798153846163,-21.06921145896453,-11.492968654679164,16.961418202018784,-155.3773888499143,7.55,4,1.54
2026-06-22 12:26:03.352084000,24.0,-151.388133,-16.894877782825933,-7.555480690595121,-21.06921145896453,-11.492968654679164,18.50735485591015,-155.90554843384172,7.56,4,1.5499999999999998
2026-06-22 12:26:03.362084000,24.0,-151.388133,-15.44720487804881,-7.066434146341516,-21.06921145896453,-11.492968654679164,16.986778096183993,-155.41793605922444,7.57,4,1.5600000000000005
2026-06-22 12:26:03.372084000,24.0,-151.388133,-17.00198764085786,-7.547867684478364,-21.06921145896453,-11.492968654679164,18.602093708028573,-156.0616357566887,7.58,4,1.5700000000000003
2026-06-22 12:26:03.382084000,24.0,-151.388133,-15.381495867768665,-6.942669421487697,-21.06921145896453,-11.492968654679164,16.87575402245022,-155.70724779453886,7.59,4,1.58
2026-06-22 12:26:03.392084000,24.0,-151.388133,-17.134167192428926,-7.5550047318611435,-21.06921145896453,-11.492968654679164,18.7258586419035,-156.2057766103257,7.6,4,1.5899999999999999
2026-06-22 12:26:03.402084000,24.0,-151.388133,-15.446166082690972,-7.069975473020364,-21.06921145896453,-11.492968654679164,16.987307021514106,-155.405616699992,7.61,4,1.6000000000000005
2026-06-22 12:26:03.412084000,24.0,-151.388133,-17.10430835543762,-7.54802718832889,-21.06921145896453,-11.492968654679164,18.695723541859653,-156.18842401894034,7.62,4,1.6100000000000003
2026-06-22 12:26:03.422084000,24.0,-151.388133,-15.435140540540498,-6.937072586872565,-21.06921145896453,-11.492968654679164,16.922368025243266,-155.7992422045142,7.63,4,1.62
2026-06-22 12:26:03.432084000,24.0,-151.388133,-17.11845006657772,-7.528735019973289,-21.06921145896453,-11.492968654679164,18.70088724320017,-156.25999262316074,7.64,4,1.63
2026-06-22 12:26:03.442084000,24.0,-151.388133,-15.4829989350373,-6.927247603833924,-21.06921145896453,-11.492968654679164,16.9620168431466,-155.8957834384452,7.65,4,1.6400000000000006
2026-06-22 12:26:03.452084000,24.0,-151.388133,-17.145883355176892,-7.50844560943642,-21.06921145896453,-11.492968654679164,18.71785435083832,-156.35065049036695,7.66,4,1.6500000000000004
2026-06-22 12:26:03.462084000,24.0,-151.388133,-15.501782915091093,-6.9687248195256,-21.06921145896453,-11.492968654679164,16.996128946230144,-155.79401220680526,7.67,4,1.6600000000000001
2026-06-22 12:26:03.472084000,24.0,-151.388133,-17.228578045222513,-7.5335787746170855,-21.06921145896453,-11.492968654679164,18.80368875018102,-156.38157675377298,7.68,4,1.67
2026-06-22 12:26:03.482084000,24.0,-151.388133,-15.52224168618269,-6.972454332552715,-21.06921145896453,-11.492968654679164,17.0163188258742,-155.81080352770007,7.69,4,1.6800000000000006
2026-06-22 12:26:03.492084000,24.0,-151.388133,-17.217511579675,-7.549062564811586,-21.06921145896453,-11.492968654679164,18.799761982633783,-156.32482734931295,7.7,4,1.6900000000000004
2026-06-22 12:26:03.502084000,24.0,-151.388133,-15.445343987823433,-6.953173515981729,-21.06921145896453,-11.492968654679164,16.938278331800525,-155.7637140483887,7.71,4,1.7000000000000002
2026-06-22 12:26:03.512084000,24.0,-151.388133,-17.020820744081053,-7.45228485531752,-21.06921145896453,-11.492968654679164,18.580766624844486,-156.35458779935448,7.72,4,1.71
2026-06-22 12:26:03.522084000,24.0,-151.388133,-15.40387074993971,-6.970246202073783,-21.06921145896453,-11.492968654679164,16.907500294199973,-155.65326454643738,7.73,4,1.7200000000000006
2026-06-22 12:26:03.532084000,24.0,-151.388133,-17.067202341137364,-7.46761036789303,-21.06921145896453,-11.492968654679164,18.629401503000256,-156.36862355616822,7.74,4,1.7300000000000004
2026-06-22 12:26:03.542084000,24.0,-151.388133,-15.430959278650379,-6.91701919720768,-21.06921145896453,-11.492968654679164,16.910341771646895,-155.85540837624373,7.75,4,1.7400000000000002
2026-06-22 12:26:03.552084000,24.0,-151.388133,-16.997121567314203,-7.473732083054267,-21.06921145896453,-11.492968654679164,18.567681945340734,-156.2646317836521,7.76,4,1.75
2026-06-22 12:26:03.562084000,24.0,-151.388133,-15.241406316428735,-6.960741269359232,-21.06921145896453,-11.492968654679164,16.75566726577711,-155.45384799250894,7.77,4,1.7599999999999998
2026-06-22 12:26:03.572084000,24.0,-151.388133,-16.913317280453548,-7.442424614416168,-21.06921145896453,-11.492968654679164,18.478365338161172,-156.24890194204008,7.78,4,1.7700000000000005
2026-06-22 12:26:03.582084000,24.0,-151.388133,-15.20839330543931,-6.938801255230118,-21.06921145896453,-11.492968654679164,16.716524453142593,-155.4752450192094,7.79,4,1.7800000000000002
2026-06-22 12:26:03.592084000,24.0,-151.388133,-16.978109933774903,-7.465944370860937,-21.06921145896453,-11.492968654679164,18.547143776661034,-156.26301475823954,7.8,4,1.79
2026-06-22 12:26:03.602084000,24.0,-151.388133,-15.18711996713225,-6.960837304847976,-21.06921145896453,-11.492968654679164,16.706342175372512,-155.37620454492833,7.81,4,1.7999999999999998
2026-06-22 12:26:03.612084000,24.0,-151.388133,-16.939472553699666,-7.460004773269728,-21.06921145896453,-11.492968654679164,18.50938685139925,-156.23170094689357,7.82,4,1.8100000000000005
2026-06-22 12:26:03.622084000,24.0,-151.388133,-15.222779874213971,-6.98079245283021,-21.06921145896453,-11.492968654679164,16.74707408379939,-155.36497435207937,7.83,4,1.8200000000000003
2026-06-22 12:26:03.632084000,24.0,-151.388133,-16.956770780856633,-7.4469355883411374,-21.06921145896453,-11.492968654679164,18.5199601773712,-156.29027318942016,7.84,4,1.83
2026-06-22 12:26:03.642084000,24.0,-151.388133,-15.357410989668983,-6.9858984877975345,-21.06921145896453,-11.492968654679164,16.87165818725052,-155.53979236126776,7.85,4,1.8399999999999999
2026-06-22 12:26:03.652084000,24.0,-151.388133,-16.76508737419979,-7.461548032936871,-21.06921145896453,-11.492968654679164,18.350554588686887,-156.00784334281641,7.86,4,1.8500000000000005
2026-06-22 12:26:03.662084000,24.0,-151.388133,-15.103735453840295,-6.959051202482565,-21.06921145896453,-11.492968654679164,16.629829172254485,-155.2620969244196,7.87,4,1.8600000000000003
2026-06-22 12:26:03.672084000,24.0,-151.388133,-16.429985187424517,-7.465993651753323,-21.06921145896453,-11.492968654679164,18.04675800433446,-155.56235016980392,7.88,4,1.87
2026-06-22 12:26:03.682084000,24.0,-151.388133,-15.233539007092295,-6.978716312056761,-21.06921145896453,-11.492968654679164,16.755989736353076,-155.38676281025042,7.89,4,1.88
2026-06-22 12:26:03.692084000,24.0,-151.388133,-16.39351086664892,-7.497991682318215,-21.06921145896453,-11.492968654679164,18.02684325673936,-155.42180007440683,7.9,4,1.8900000000000006
2026-06-22 12:26:03.702084000,24.0,-151.388133,-15.242657773034495,-6.961280327285655,-21.06921145896453,-11.492968654679164,16.757029563168505,-155.45394901681598,7.91,4,1.9000000000000004
2026-06-22 12:26:03.712084000,24.0,-151.388133,-16.445607981976213,-7.48095300933376,-21.06921145896453,-11.492968654679164,18.067171328813473,-155.53965664626395,7.92,4,1.9100000000000001
2026-06-22 12:26:03.722084000,24.0,-151.388133,-15.251941261783907,-6.971665699782391,-21.06921145896453,-11.492968654679164,16.769789351164455,-155.43484938496192,7.93,4,1.92
2026-06-22 12:26:03.732084000,24.0,-151.388133,-16.462771717171886,-7.48155858585857,-21.06921145896453,-11.492968654679164,18.083046521129916,-155.5604280904758,7.94,4,1.9300000000000006
2026-06-22 12:26:03.742084000,24.0,-151.388133,-15.409067873303144,-7.017228506787327,-21.06921145896453,-11.492968654679164,16.93165286203718,-155.51566818132045,7.95,4,1.9400000000000004
2026-06-22 12:26:03.752084000,24.0,-151.388133,-16.429351081530875,-7.469062895174698,-21.06921145896453,-11.492968654679164,18.04745072004008,-155.55264626709345,7.96,4,1.9500000000000002
2026-06-22 12:26:03.762084000,24.0,-151.388133,-15.242899575671865,-7.012799151343708,-21.06921145896453,-11.492968654679164,16.778716858303095,-155.29426474415757,7.97,4,1.96
2026-06-22 12:26:03.772084000,24.0,-151.388133,-16.413497952498208,-7.494455364455312,-21.06921145896453,-11.492968654679164,18.043552206992832,-155.45841018342455,7.98,4,1.9700000000000006
2026-06-22 12:26:03.782084000,24.0,-151.388133,-15.269364210526346,-7.007537894736843,-21.06921145896453,-11.492968654679164,16.80056757195648,-155.3482873247352,7.99,4,1.9800000000000004
2026-06-22 12:26:03.792084000,24.0,-151.388133,-16.437816906348765,-7.488397755173595,-21.06921145896453,-11.492968654679164,18.063164882886227,-155.5079288316983,8.0,4,1.9900000000000002
2026-06-22 12:26:03.802084000,24.0,-134.200516,-15.538183719615569,-7.000570944036173,-16.732117422018575,-17.205703896550773,17.042392638564863,-155.74653758465556,8.01,5,0.0
2026-06-22 12:26:03.812084000,24.0,-134.200516,-16.406568246445488,-7.457056398104268,-16.732117422018575,-17.205703896550773,18.021741640301617,-155.5574189164802,8.02,5,0.009999999999999787
2026-06-22 12:26:03.822084000,24.0,-134.200516,-15.288118518518518,-6.9897370370370355,-16.732117422018575,-17.205703896550773,16.81020498635267,-155.4300919580919,8.03,5,0.019999999999999574
2026-06-22 12:26:03.832084000,24.0,-134.200516,-15.811159490048142,-7.144071289189562,-16.732117422018575,-17.205703896550773,17.350231093699072,-155.68477364238245,8.04,5,0.02999999999999936
2026-06-22 12:26:03.842084000,24.0,-134.200516,-15.83524761904762,-7.8451333333334,-16.732117422018575,-17.205703896550773,17.67204527422709,-153.64516335597227,8.05,5,0.040000000000000924
2026-06-22 12:26:03.852084000,24.0,-134.200516,-16.519140298507473,-8.53851159586683,-16.732117422018575,-17.205703896550773,18.595380514378455,-152.6661926151267,8.06,5,0.05000000000000071
2026-06-22 12:26:03.862084000,24.0,-134.200516,-15.986642968860966,-8.384537181856919,-16.732117422018575,-17.205703896550773,18.051958818027835,-152.32427441731727,8.07,5,0.0600000000000005
2026-06-22 12:26:03.872084000,24.0,-134.200516,-16.27467518072288,-9.33382024096383,-16.732117422018575,-17.205703896550773,18.761270013745428,-150.16495004639953,8.08,5,0.07000000000000028
2026-06-22 12:26:03.882084000,24.0,-134.200516,-14.781018074166411,-8.811435649735131,-16.732117422018575,-17.205703896550773,17.208134515927554,-149.19948385886795,8.09,5,0.08000000000000007
2026-06-22 12:26:03.892084000,24.0,-134.200516,-16.144950183884976,-9.513183884988297,-16.732117422018575,-17.205703896550773,18.73926583593201,-149.49188209436338,8.1,5,0.08999999999999986
2026-06-22 12:26:03.902084000,24.0,-134.200516,-14.245428312980552,-9.515411126187248,-16.732117422018575,-17.205703896550773,17.131120124517135,-146.25856446438962,8.11,5,0.09999999999999964
2026-06-22 12:26:03.912084000,24.0,-134.200516,-15.352184588594278,-9.956552895080724,-16.732117422018575,-17.205703896550773,18.29815611461472,-147.034854152209,8.12,5,0.10999999999999943
2026-06-22 12:26:03.922084000,24.0,-134.200516,-14.962497304199715,-9.87857307037456,-16.732117422018575,-17.205703896550773,17.92937621572243,-146.56632108182782,8.13,5,0.120000000000001
2026-06-22 12:26:03.932084000,24.0,-134.200516,-13.942784172661439,-9.58611151079122,-16.732117422018575,-17.205703896550773,16.92024717262553,-145.4902286129783,8.14,5,0.13000000000000078
2026-06-22 12:26:03.942084000,24.0,-134.200516,-13.916011727416791,-9.755106497622885,-16.732117422018575,-17.205703896550773,16.994631069180816,-144.96959324892933,8.15,5,0.14000000000000057
2026-06-22 12:26:03.952084000,24.0,-134.200516,-14.560607872261507,-10.859184181210606,-16.732117422018575,-17.205703896550773,18.164062945586224,-143.28472042180033,8.16,5,0.15000000000000036
2026-06-22 12:26:03.962084000,24.0,-134.200516,-14.243805300162135,-11.077640886965915,-16.732117422018575,-17.205703896550773,18.044392953200337,-142.12720781502912,8.17,5,0.16000000000000014
2026-06-22 12:26:03.972084000,24.0,-134.200516,-14.090082492068138,-11.558773579463526,-16.732117422018575,-17.205703896550773,18.22458974283342,-140.63632077326682,8.18,5,0.16999999999999993
2026-06-22 12:26:03.982084000,24.0,-134.200516,-12.907032252015718,-10.835928370523154,-16.732117422018575,-17.205703896550773,16.852561384124446,-139.98530491460673,8.19,5,0.17999999999999972
2026-06-22 12:26:03.992084000,24.0,-134.200516,-14.330660720531597,-11.354478488982144,-16.732117422018575,-17.205703896550773,18.283654406155936,-141.60948761752508,8.2,5,0.1899999999999995
2026-06-22 12:26:04.002084000,24.0,-134.200516,-12.689460524321845,-10.98179587816336,-16.732117422018575,-17.205703896550773,16.78160448550639,-139.12621832740797,8.21,5,0.20000000000000107
2026-06-22 12:26:04.012084000,24.0,-134.200516,-13.385253272251454,-12.18194208115189,-16.732117422018575,-17.205703896550773,18.098749073647536,-137.6946175862267,8.22,5,0.21000000000000085
2026-06-22 12:26:04.022084000,24.0,-134.200516,-11.492895662368117,-12.17737327080891,-16.732117422018575,-17.205703896550773,16.74440415430454,-133.343628777362,8.23,5,0.22000000000000064
2026-06-22 12:26:04.032084000,24.0,-134.200516,-13.083745259165873,-12.089102402022771,-16.732117422018575,-17.205703896550773,17.813780814115184,-137.26272405114545,8.24,5,0.23000000000000043
2026-06-22 12:26:04.042083999,24.0,-134.200516,-11.68639268377248,-11.73853606102636,-16.732117422018575,-17.205703896550773,16.563967001154865,-134.87246106298642,8.249999999,5,0.23999999900000013
2026-06-22 12:26:04.052083999,24.0,-134.200516,-12.69857497449856,-12.548761645698752,-16.732117422018575,-17.205703896550773,17.852877225352813,-135.33997925570247,8.259999999,5,0.24999999899999992
2026-06-22 12:26:04.062084000,24.0,-134.200516,-11.290981564245795,-11.881736871508375,-16.732117422018575,-17.205703896550773,16.390910156788124,-133.53964238269205,8.27,5,0.2599999999999998
2026-06-22 12:26:04.072084000,24.0,-134.200516,-12.80990530303021,-12.414246212121219,-16.732117422018575,-17.205703896550773,17.83836267396107,-135.8986521141051,8.28,5,0.2699999999999996
2026-06-22 12:26:04.082084000,24.0,-134.200516,-11.535197861869978,-11.850073816392326,-16.732117422018575,-17.205703896550773,16.537383080960442,-134.2285754316377,8.29,5,0.27999999999999936
2026-06-22 12:26:04.092084000,24.0,-134.200516,-12.737820129208123,-12.395950017001015,-16.732117422018575,-17.205703896550773,17.773903298601777,-135.77929043609967,8.3,5,0.2900000000000009
2026-06-22 12:26:04.102084000,24.0,-134.200516,-11.635037977136212,-11.828189885681066,-16.732117422018575,-17.205703896550773,16.591569687679637,-134.52834540715162,8.31,5,0.3000000000000007
2026-06-22 12:26:04.112084000,24.0,-134.200516,-12.748668860408902,-12.361499134049186,-16.732117422018575,-17.205703896550773,17.757680551058982,-135.88336460282076,8.32,5,0.3100000000000005
2026-06-22 12:26:04.122084000,24.0,-134.200516,-11.58343609909557,-11.80904128981517,-16.732117422018575,-17.205703896550773,16.541748639318335,-134.4474366993704,8.33,5,0.3200000000000003
2026-06-22 12:26:04.132084000,24.0,-134.200516,-12.643514015151645,-12.278507954545443,-16.732117422018575,-17.205703896550773,17.62442067817186,-135.839089687993,8.34,5,0.33000000000000007
2026-06-22 12:26:04.142084000,24.0,-134.200516,-11.634265472636828,-11.811242388059712,-16.732117422018575,-17.205703896550773,16.578949901525366,-134.56751468969685,8.35,5,0.33999999999999986
2026-06-22 12:26:04.152084000,24.0,-134.200516,-12.785200396825436,-12.288018849206336,-16.732117422018575,-17.205703896550773,17.73292859133639,-136.13597984148774,8.36,5,0.34999999999999964
2026-06-22 12:26:04.162084000,24.0,-134.200516,-11.613993479549503,-11.777394190871377,-16.732117422018575,-17.205703896550773,16.540612397072522,-134.5997664190935,8.37,5,0.35999999999999943
2026-06-22 12:26:04.172084000,24.0,-134.200516,-13.083586577181196,-12.24193422818787,-16.732117422018575,-17.205703896550773,17.917733990934057,-136.90343117078834,8.38,5,0.370000000000001
2026-06-22 12:26:04.182084000,24.0,-134.200516,-11.632316266536055,-11.705835129838343,-16.732117422018575,-17.205703896550773,16.502646994093908,-134.8195098413446,8.39,5,0.3800000000000008
2026-06-22 12:26:04.192084000,24.0,-134.200516,-13.322671750663048,-12.263470159151126,-16.732117422018575,-17.205703896550773,18.10763051645094,-137.37054686697456,8.4,5,0.39000000000000057
2026-06-22 12:26:04.202084000,24.0,-134.200516,-11.672338754990392,-11.6685913056336,-16.732117422018575,-17.205703896550773,16.50453013778819,-135.00919899205732,8.41,5,0.40000000000000036
2026-06-22 12:26:04.212084000,24.0,-134.200516,-13.467621621621525,-12.208518918918873,-16.732117422018575,-17.205703896550773,18.17758967346242,-137.80741288672655,8.42,5,0.41000000000000014
2026-06-22 12:26:04.222084000,24.0,-134.200516,-11.813114942528726,-11.629770114942517,-16.732117422018575,-17.205703896550773,16.57712995580977,-135.4480963249714,8.43,5,0.41999999999999993
2026-06-22 12:26:04.232084000,24.0,-134.200516,-13.36542754367891,-12.153714285714152,-16.732117422018575,-17.205703896550773,18.065088551238908,-137.71850639914533,8.44,5,0.4299999999999997
2026-06-22 12:26:04.242084000,24.0,-134.200516,-11.781341156747686,-11.647349538977364,-16.732117422018575,-17.205703896550773,16.566856996267973,-135.32767816978142,8.45,5,0.4399999999999995
2026-06-22 12:26:04.252084000,24.0,-134.200516,-13.321365659778241,-12.082271860095638,-16.732117422018575,-17.205703896550773,17.984439839560693,-137.79245929018902,8.46,5,0.45000000000000107
2026-06-22 12:26:04.262084000,24.0,-134.200516,-11.686949422336324,-11.611424133504487,-16.732117422018575,-17.205703896550773,16.474524491115904,-135.18573249882883,8.47,5,0.46000000000000085
2026-06-22 12:26:04.272084000,24.0,-134.200516,-13.300659850034311,-12.100792774369525,-16.732117422018575,-17.205703896550773,17.981566622921054,-137.70442237466372,8.48,5,0.47000000000000064
2026-06-22 12:26:04.282084000,24.0,-134.200516,-11.624896280616863,-11.589779256123373,-16.732117422018575,-17.205703896550773,16.415273276457125,-135.08667171568396,8.49,5,0.4800000000000004
2026-06-22 12:26:04.292084000,24.0,-134.200516,-13.14940394551412,-11.997398778769325,-16.732117422018575,-17.205703896550773,17.800123639433462,-137.62295444232865,8.5,5,0.4900000000000002
2026-06-22 12:26:04.302084000,24.0,-134.200516,-11.464046149235855,-11.584499550494458,-16.732117422018575,-17.205703896550773,16.298005520529674,-134.7005707526884,8.51,5,0.5
2026-06-22 12:26:04.312084000,24.0,-134.200516,-12.143289651128704,-11.63630870712401,-16.732117422018575,-17.205703896550773,16.818536317964757,-136.22136076423163,8.52,5,0.5099999999999998
2026-06-22 12:26:04.322084000,24.0,-134.200516,-11.389899137930872,-11.55788965517239,-16.732117422018575,-17.205703896550773,16.226971857169758,-134.58057066893784,8.53,5,0.5199999999999996
2026-06-22 12:26:04.332084000,24.0,-134.200516,-12.42819800030323,-11.994228601727025,-16.732117422018575,-17.205703896550773,17.271989615710975,-136.01799869820616,8.54,5,0.5299999999999994
2026-06-22 12:26:04.342084000,24.0,-134.200516,-11.464705321945065,-11.547116622864715,-16.732117422018575,-17.205703896550773,16.271919690714864,-134.79480983505258,8.55,5,0.5400000000000009
2026-06-22 12:26:04.352084000,24.0,-134.200516,-12.32731502423265,-12.072661281637048,-16.732117422018575,-17.205703896550773,17.25432833024254,-135.59795365321156,8.56,5,0.5500000000000007
2026-06-22 12:26:04.362084000,24.0,-134.200516,-11.941584269662687,-11.6298707865168,-16.732117422018575,-17.205703896550773,16.668993052387183,-135.75764631251087,8.57,5,0.5600000000000005
2026-06-22 12:26:04.372084000,24.0,-134.200516,-12.773031599106693,-12.078224066390021,-16.732117422018575,-17.205703896550773,17.57935814612414,-136.6014953828782,8.58,5,0.5700000000000003
2026-06-22 12:26:04.382084000,24.0,-134.200516,-11.70846753660086,-11.585808561425837,-16.732117422018575,-17.205703896550773,16.47176894196991,-135.30169543003515,8.59,5,0.5800000000000001
2026-06-22 12:26:04.392084000,24.0,-134.200516,-12.418439068100488,-12.092876344086006,-16.732117422018575,-17.205703896550773,17.333646101195196,-135.76096582098108,8.6,5,0.5899999999999999
2026-06-22 12:26:04.402084000,24.0,-134.200516,-11.756126091910367,-11.567386821116596,-16.732117422018575,-17.205703896550773,16.492754122894016,-135.46364060364698,8.61,5,0.5999999999999996
2026-06-22 12:26:04.412084000,24.0,-134.200516,-12.59029543147226,-12.112624771573564,-16.732117422018575,-17.205703896550773,17.470867691923285,-136.10776791896217,8.62,5,0.6099999999999994
2026-06-22 12:26:04.422084000,24.0,-134.200516,-11.614251891074186,-11.543190620272329,-16.732117422018575,-17.205703896550773,16.374861730263966,-135.175818125089,8.63,5,0.620000000000001
2026-06-22 12:26:04.432084000,24.0,-134.200516,-12.824377860027022,-12.047531628532923,-16.732117422018575,-17.205703896550773,17.59567236104527,-136.78898788975263,8.64,5,0.6300000000000008
2026-06-22 12:26:04.442084000,24.0,-134.200516,-11.514850253807168,-11.45286421319802,-16.732117422018575,-17.205703896550773,16.24068579381902,-135.1546314021792,8.65,5,0.6400000000000006
2026-06-22 12:26:04.452084000,24.0,-134.200516,-13.07024700399467,-12.067326564580538,-16.732117422018575,-17.205703896550773,17.789090116182525,-137.28473315168728,8.66,5,0.6500000000000004
2026-06-22 12:26:04.462084000,24.0,-134.200516,-12.182395214105812,-11.582751637279603,-16.732117422018575,-17.205703896550773,16.809844991658057,-136.44538377766253,8.67,5,0.6600000000000001
2026-06-22 12:26:04.472084000,24.0,-134.200516,-13.24852851711037,-12.026017110266196,-16.732117422018575,-17.205703896550773,17.892696705782,-137.76919697606849,8.68,5,0.6699999999999999
2026-06-22 12:26:04.482084000,24.0,-134.200516,-12.090399593350089,-11.545585336682219,-16.732117422018575,-17.205703896550773,16.71760458598933,-136.32044554017875,8.69,5,0.6799999999999997
2026-06-22 12:26:04.492084000,24.0,-134.200516,-13.168941543027284,-11.935216023739047,-16.732117422018575,-17.205703896550773,17.772743257499307,-137.81349575117903,8.7,5,0.6899999999999995
2026-06-22 12:26:04.502084000,24.0,-134.200516,-11.67994735738253,-11.419718120805355,-16.732117422018575,-17.205703896550773,16.334966551232277,-135.6454381892428,8.71,5,0.7000000000000011
2026-06-22 12:26:04.512084000,24.0,-134.200516,-13.335035101106786,-11.99431934376202,-16.732117422018575,-17.205703896550773,17.935630952600853,-138.02991276908352,8.72,5,0.7100000000000009
2026-06-22 12:26:04.522084000,24.0,-134.200516,-11.809351406649482,-11.522695140664934,-16.732117422018575,-17.205703896550773,16.499493445267866,-135.703897443072,8.73,5,0.7200000000000006
2026-06-22 12:26:04.532084000,24.0,-134.200516,-13.275873027259706,-11.973331061692976,-16.732117422018575,-17.205703896550773,17.877624600288026,-137.95312513537752,8.74,5,0.7300000000000004
2026-06-22 12:26:04.542084000,24.0,-134.200516,-11.614160957642888,-11.445566850828751,-16.732117422018575,-17.205703896550773,16.306125698240717,-135.41889300434914,8.75,5,0.7400000000000002
2026-06-22 12:26:04.552084000,24.0,-134.200516,-13.104590468497879,-11.882401857835303,-16.732117422018575,-17.205703896550773,17.68959483024225,-137.8002763511785,8.76,5,0.75
2026-06-22 12:26:04.562084000,24.0,-134.200516,-11.408249348716033,-11.39914253814663,-16.732117422018575,-17.205703896550773,16.127262749997712,-135.0228777488154,8.77,5,0.7599999999999998
2026-06-22 12:26:04.572084000,24.0,-134.200516,-12.772517576664086,-11.832954375467452,-16.732117422018575,-17.205703896550773,17.411376008176013,-137.18678447919072,8.78,5,0.7699999999999996
2026-06-22 12:26:04.582084000,24.0,-134.200516,-11.661990751444828,-11.469973410404549,-16.732117422018575,-17.205703896550773,16.35733224955011,-135.4755986336822,8.79,5,0.7799999999999994
2026-06-22 12:26:04.592084000,24.0,-134.200516,-12.72529699510889,-11.892271139063647,-16.732117422018575,-17.205703896550773,17.417212648949704,-136.9380736804252,8.8,5,0.7900000000000009
2026-06-22 12:26:04.602084000,24.0,-134.200516,-12.450413570274517,-11.715321486268143,-16.732117422018575,-17.205703896550773,17.09565896938436,-136.74233022724334,8.81,5,0.8000000000000007
2026-06-22 12:26:04.612084000,24.0,-134.200516,-12.271912128712893,-11.916272277227723,-16.732117422018575,-17.205703896550773,17.105477844242664,-135.84236146157312,8.82,5,0.8100000000000005
2026-06-22 12:26:04.622084000,24.0,-134.200516,-12.45764180064299,-11.692600428724516,-16.732117422018575,-17.205703896550773,17.085366370638244,-136.81443264612224,8.83,5,0.8200000000000003
2026-06-22 12:26:04.632084000,24.0,-134.200516,-12.211592479480812,-11.870056308455778,-16.732117422018575,-17.205703896550773,17.03000961981006,-135.81253860421455,8.84,5,0.8300000000000001
2026-06-22 12:26:04.642084000,24.0,-134.200516,-11.545908625443088,-11.424778653013,-16.732117422018575,-17.205703896550773,16.24295457290399,-135.30213165938432,8.85,5,0.8399999999999999
2026-06-22 12:26:04.652084000,24.0,-134.200516,-12.146117617866004,-11.90202679900746,-16.732117422018575,-17.205703896550773,17.005481913527966,-135.58153732146164,8.86,5,0.8499999999999996
2026-06-22 12:26:04.662084000,24.0,-134.200516,-11.525449101796408,-11.44033932135727,-16.732117422018575,-17.205703896550773,16.23937624374449,-135.212333615573,8.87,5,0.8599999999999994
2026-06-22 12:26:04.672084000,24.0,-134.200516,-12.23517755181855,-11.848539694955146,-16.732117422018575,-17.205703896550773,17.031954163496696,-135.919742344584,8.88,5,0.870000000000001
2026-06-22 12:26:04.682084000,24.0,-134.200516,-11.530287545054076,-11.431,-16.732117422018575,-17.205703896550773,16.236233918973607,-135.24775273698242,8.89,5,0.8800000000000008
2026-06-22 12:26:04.692084000,24.0,-134.200516,-12.55380314960641,-12.020755905511793,-16.732117422018575,-17.205703896550773,17.38092477571215,-136.2426090227971,8.9,5,0.8900000000000006
2026-06-22 12:26:04.702084000,24.0,-134.200516,-11.528439531859688,-11.703110533159956,-16.732117422018575,-17.205703896550773,16.427650903008157,-134.56921847353738,8.91,5,0.9000000000000004
2026-06-22 12:26:04.712084000,24.0,-134.200516,-12.436706273764395,-12.197759505703504,-16.732117422018575,-17.205703896550773,17.420017218673202,-135.5557340730649,8.92,5,0.9100000000000001
2026-06-22 12:26:04.722084000,24.0,-134.200516,-11.232763258232202,-11.590328942807602,-16.732117422018575,-17.205703896550773,16.14034372056478,-134.10242974465865,8.93,5,0.9199999999999999
2026-06-22 12:26:04.732084000,24.0,-134.200516,-12.535247713717672,-12.093585288270367,-16.732117422018575,-17.205703896550773,17.418014822847454,-136.02736012190158,8.94,5,0.9299999999999997
2026-06-22 12:26:04.742084000,24.0,-134.200516,-12.073621681415634,-11.78922300884948,-16.732117422018575,-17.205703896550773,16.874777618040945,-135.68282186838184,8.95,5,0.9399999999999995
2026-06-22 12:26:04.752084000,24.0,-134.200516,-12.81782527664563,-12.045459813628513,-16.732117422018575,-17.205703896550773,17.58947830222247,-136.77929241844942,8.96,5,0.9500000000000011
2026-06-22 12:26:04.762084000,24.0,-134.200516,-11.380686450044243,-11.51842374005309,-16.732117422018575,-17.205703896550773,16.192409009459936,-134.6553721886339,8.97,5,0.9600000000000009
2026-06-22 12:26:04.772084000,24.0,-134.200516,-12.894486319845896,-12.117819653179202,-16.732117422018575,-17.205703896550773,17.694895608611798,-136.77854166534001,8.98,5,0.9700000000000006
2026-06-22 12:26:04.782084000,24.0,-134.200516,-11.393340360123053,-11.516293807641713,-16.732117422018575,-17.205703896550773,16.19979097474828,-134.69250290373307,8.99,5,0.9800000000000004
2026-06-22 12:26:04.792084000,24.0,-134.200516,-11.920405312291617,-11.783014225383424,-16.732117422018575,-17.205703896550773,16.761130243658936,-135.3320972847473,9.0,5,0.9900000000000002
2026-06-22 12:26:04.802084000,24.0,-134.200516,-11.420900242466159,-11.55158295808795,-16.732117422018575,-17.205703896550773,16.244261484781372,-134.67406713377378,9.01,5,1.0
2026-06-22 12:26:04.812084000,24.0,-134.200516,-12.780330034924422,-12.010661816065218,-16.732117422018575,-17.205703896550773,17.538324693695184,-136.7782499589994,9.02,5,1.0099999999999998
2026-06-22 12:26:04.822084000,24.0,-134.200516,-11.273844114528131,-11.501048515376468,-16.732117422018575,-17.205703896550773,16.105082367741055,-134.42843105182678,9.03,5,1.0199999999999996
2026-06-22 12:26:04.832084000,24.0,-134.200516,-11.92748022236477,-11.80175497113539,-16.732117422018575,-17.205703896550773,16.779338629803668,-135.30356894394674,9.04,5,1.0299999999999994
2026-06-22 12:26:04.842084000,24.0,-134.200516,-11.229408163265285,-11.55186880466472,-16.732117422018575,-17.205703896550773,16.110409075420616,-134.18905335734343,9.05,5,1.040000000000001
2026-06-22 12:26:04.852084000,24.0,-134.200516,-11.887437500000033,-11.734437500000048,-16.732117422018575,-17.205703896550773,16.703538360413773,-135.37110228044452,9.06,5,1.0500000000000007
2026-06-22 12:26:04.862084000,24.0,-134.200516,-11.053570498915507,-11.504619522776597,-16.732117422018575,-17.205703896550773,15.954237403848158,-133.85452856749328,9.07,5,1.0600000000000005
2026-06-22 12:26:04.872084000,24.0,-134.200516,-11.918970883661796,-11.693542275905912,-16.732117422018575,-17.205703896550773,16.697329064373633,-135.54698605466137,9.08,5,1.0700000000000003
2026-06-22 12:26:04.882084000,24.0,-134.200516,-11.091860242501607,-11.565894703254628,-16.732117422018575,-17.205703896550773,16.024958156761635,-133.80146059069108,9.09,5,1.08
2026-06-22 12:26:04.892084000,24.0,-134.200516,-11.910386889818687,-11.875246025104591,-16.732117422018575,-17.205703896550773,16.819000684402365,-135.08464865235484,9.1,5,1.0899999999999999
2026-06-22 12:26:04.902084000,24.0,-134.200516,-11.165458493870402,-11.524520140105079,-16.732117422018575,-17.205703896550773,16.046246534253118,-134.09338830910914,9.11,5,1.0999999999999996
2026-06-22 12:26:04.912084000,24.0,-134.200516,-11.908507259866209,-12.054437639612795,-16.732117422018575,-17.205703896550773,16.94467503275291,-134.6510824717808,9.12,5,1.1099999999999994
2026-06-22 12:26:04.922084000,24.0,-134.200516,-11.252496277915634,-11.552496277915635,-16.732117422018575,-17.205703896550773,16.126960120734466,-134.24631668323832,9.13,5,1.120000000000001
2026-06-22 12:26:04.932084000,24.0,-134.200516,-11.92179865771811,-12.035307919463243,-16.732117422018575,-17.205703896550773,16.940422661535454,-134.7285334542698,9.14,5,1.1300000000000008
2026-06-22 12:26:04.942084000,24.0,-134.200516,-11.253560240963852,-11.533078313253029,-16.732117422018575,-17.205703896550773,16.113798853052305,-134.2972020604266,9.15,5,1.1400000000000006
2026-06-22 12:26:04.952084000,24.0,-134.200516,-12.20127910844997,-12.09311177644708,-16.732117422018575,-17.205703896550773,17.178898809875466,-135.25509965170818,9.16,5,1.1500000000000004
2026-06-22 12:26:04.962084000,24.0,-134.200516,-11.232162289562277,-11.552197979797967,-16.732117422018575,-17.205703896550773,16.112564906417386,-134.19525989153524,9.17,5,1.1600000000000001
2026-06-22 12:26:04.972084000,24.0,-134.200516,-12.37871731008724,-12.039276151930236,-16.732117422018575,-17.205703896550773,17.267796978928423,-135.7964328907928,9.18,5,1.17
2026-06-22 12:26:04.982084000,24.0,-134.200516,-11.214059539918791,-11.562597428958037,-16.732117422018575,-17.205703896550773,16.10741415215337,-134.1233045500592,9.19,5,1.1799999999999997
2026-06-22 12:26:04.992084000,24.0,-134.200516,-11.86804135338356,-11.706458646616625,-16.732117422018575,-17.205703896550773,16.670080372048822,-135.39270661801902,9.2,5,1.1899999999999995
2026-06-22 12:26:05.002084000,24.0,-134.200516,-11.21646600741658,-11.453895269131404,-16.732117422018575,-17.205703896550773,16.031245320678067,-134.39995674893697,9.21,5,1.200000000000001
2026-06-22 12:26:05.012084000,24.0,-134.200516,-12.494876080691759,-11.942062439961624,-16.732117422018575,-17.205703896550773,17.2839458339751,-136.29592694231872,9.22,5,1.2100000000000009
2026-06-22 12:26:05.022084000,24.0,-134.200516,-11.265940176750522,-11.446385225470237,-16.732117422018575,-17.205703896550773,16.06054615497197,-134.54480564962572,9.23,5,1.2200000000000006
2026-06-22 12:26:05.032084000,24.0,-134.200516,-12.310938842975856,-11.83556363636382,-16.732117422018575,-17.205703896550773,17.07746414974745,-136.12784346309948,9.24,5,1.2300000000000004
2026-06-22 12:26:05.042083999,24.0,-134.200516,-11.295473806752032,-11.363601862630942,-16.732117422018575,-17.205703896550773,16.02245848212473,-134.82773179440602,9.249999999,5,1.2399999990000001
2026-06-22 12:26:05.052083999,24.0,-134.200516,-12.085555941023413,-11.769113725065047,-16.732117422018575,-17.205703896550773,16.86928274341031,-135.76000801098675,9.259999999,5,1.249999999
2026-06-22 12:26:05.062084000,24.0,-134.200516,-11.40371503957785,-11.466715039577851,-16.732117422018575,-17.205703896550773,16.171897554176347,-134.84217065587325,9.27,5,1.2599999999999998
2026-06-22 12:26:05.072084000,24.0,-134.200516,-12.318709142586403,-11.81998452550133,-16.732117422018575,-17.205703896550773,17.072276623893273,-136.18360799619623,9.28,5,1.2699999999999996
2026-06-22 12:26:05.082084000,24.0,-134.200516,-11.312486238532117,-11.50071559633026,-16.732117422018575,-17.205703896550773,16.131918798600882,-134.5272692041112,9.29,5,1.2799999999999994
2026-06-22 12:26:05.092084000,24.0,-134.200516,-11.830555340744322,-11.648067182213625,-16.732117422018575,-17.205703896550773,16.60239466919685,-135.44532385747596,9.3,5,1.290000000000001
2026-06-22 12:26:05.102084000,24.0,-134.200516,-11.158676481149287,-11.41424811490133,-16.732117422018575,-17.205703896550773,15.962491059965634,-134.35132240987835,9.31,5,1.3000000000000007
2026-06-22 12:26:05.112084000,24.0,-134.200516,-11.830173809718922,-11.664652380562158,-16.732117422018575,-17.205703896550773,16.613763195841994,-135.40364301224173,9.32,5,1.3100000000000005
2026-06-22 12:26:05.122084000,24.0,-134.200516,-11.89232128313809,-11.702238344552494,-16.732117422018575,-17.205703896550773,16.68441451697044,-135.46157735945056,9.33,5,1.3200000000000003
2026-06-22 12:26:05.132084000,24.0,-134.200516,-12.955231613064049,-11.98894988780852,-16.732117422018575,-17.205703896550773,17.651428994858122,-137.218400965306,9.34,5,1.33
2026-06-22 12:26:05.142084000,24.0,-134.200516,-11.516151519899815,-11.554308210592318,-16.732117422018575,-17.205703896550773,16.313300832592155,-134.90523746084912,9.35,5,1.3399999999999999
2026-06-22 12:26:05.152084000,24.0,-134.200516,-11.844110399512049,-11.857486123818246,-16.732117422018575,-17.205703896550773,16.759562295369523,-134.96766578704674,9.36,5,1.3499999999999996
2026-06-22 12:26:05.162084000,24.0,-134.200516,-11.072447916666391,-11.457130208333265,-16.732117422018575,-17.205703896550773,15.93313953613639,-134.02179569874,9.37,5,1.3599999999999994
2026-06-22 12:26:05.172084000,24.0,-134.200516,-12.273727272727797,-11.936926237463648,-16.732117422018575,-17.205703896550773,17.121173708713727,-135.79700587870536,9.38,5,1.370000000000001
2026-06-22 12:26:05.182084000,24.0,-134.200516,-11.358252854812264,-11.538395521281286,-16.732117422018575,-17.205703896550773,16.190876416036748,-134.5492265342622,9.39,5,1.3800000000000008
2026-06-22 12:26:05.192084000,24.0,-134.200516,-11.990984205330829,-12.03530108588351,-16.732117422018575,-17.205703896550773,16.98917815670794,-134.89431710701592,9.4,5,1.3900000000000006
2026-06-22 12:26:05.202084000,24.0,-134.200516,-11.183910714285695,-11.490262820512827,-16.732117422018575,-17.205703896550773,16.03452520499356,-134.22592041784918,9.41,5,1.4000000000000004
2026-06-22 12:26:05.212084000,24.0,-134.200516,-12.002835051546725,-12.05109976720982,-16.732117422018575,-17.205703896550773,17.008734664103713,-134.8850349925488,9.42,5,1.4100000000000001
2026-06-22 12:26:05.222084000,24.0,-134.200516,-11.166283422459909,-11.464310160427821,-16.732117422018575,-17.205703896550773,16.00363374128487,-134.24550422524686,9.43,5,1.42
2026-06-22 12:26:05.232084000,24.0,-134.200516,-12.084127467380407,-12.051423218467715,-16.732117422018575,-17.205703896550773,17.066427225360332,-135.07763710521473,9.44,5,1.4299999999999997
2026-06-22 12:26:05.242084000,24.0,-134.200516,-11.328544075144329,-11.526856213872787,-16.732117422018575,-17.205703896550773,16.16181688541809,-134.50286744945552,9.45,5,1.4399999999999995
2026-06-22 12:26:05.252084000,24.0,-134.200516,-12.158213862765946,-12.036470219435659,-16.732117422018575,-17.205703896550773,17.108441766453062,-135.2883004403658,9.46,5,1.450000000000001
2026-06-22 12:26:05.262084000,24.0,-134.200516,-11.08845667299183,-11.473122707147425,-16.732117422018575,-17.205703896550773,15.955764351546401,-134.023224185249,9.47,5,1.4600000000000009
2026-06-22 12:26:05.272084000,24.0,-134.200516,-12.085983190709168,-11.820870721271495,-16.732117422018575,-17.205703896550773,16.90573791039948,-135.63534930370332,9.48,5,1.4700000000000006
2026-06-22 12:26:05.282084000,24.0,-134.200516,-11.624258471237027,-11.516353033884908,-16.732117422018575,-17.205703896550773,16.36306121137472,-135.26717017980744,9.49,5,1.4800000000000004
2026-06-22 12:26:05.292084000,24.0,-134.200516,-12.352570328334194,-11.865374138629994,-16.732117422018575,-17.205703896550773,17.128137586034033,-136.1524727368974,9.5,5,1.4900000000000002
2026-06-22 12:26:05.302084000,24.0,-134.200516,-11.383911764705708,-11.46487254901954,-16.732117422018575,-17.205703896550773,16.15663175392281,-134.79698299172466,9.51,5,1.5
2026-06-22 12:26:05.312084000,24.0,-134.200516,-12.755126770060645,-11.966766351989197,-16.732117422018575,-17.205703896550773,17.489904397778123,-136.82649534534966,9.52,5,1.5099999999999998
2026-06-22 12:26:05.322084000,24.0,-134.200516,-11.844338789376156,-11.648640518838787,-16.732117422018575,-17.205703896550773,16.612621325204923,-135.4772670793925,9.53,5,1.5199999999999996
2026-06-22 12:26:05.332084000,24.0,-134.200516,-12.777536758894222,-11.928974703557618,-16.732117422018575,-17.205703896550773,17.480442874910537,-136.9670895503087,9.54,5,1.5299999999999994
2026-06-22 12:26:05.342084000,24.0,-134.200516,-11.232581214689302,-11.432496468926567,-16.732117422018575,-17.205703896550773,16.027253546899715,-134.49464089842897,9.55,5,1.540000000000001
2026-06-22 12:26:05.352084000,24.0,-134.200516,-12.626749691739349,-11.856324290999005,-16.732117422018575,-17.205703896550773,17.32071688675653,-136.8023701809686,9.56,5,1.5500000000000007
2026-06-22 12:26:05.362084000,24.0,-134.200516,-11.287490236382316,-11.45393525179856,-16.732117422018575,-17.205703896550773,16.08104687477839,-134.58065836158835,9.57,5,1.5600000000000005
2026-06-22 12:26:05.372084000,24.0,-134.200516,-12.412958236658874,-11.810823665893256,-16.732117422018575,-17.205703896550773,17.134091392655215,-136.4239174881085,9.58,5,1.5700000000000003
2026-06-22 12:26:05.382084000,24.0,-134.200516,-11.077976388168137,-11.469849766476388,-16.732117422018575,-17.205703896550773,15.946128512035427,-134.00431951589596,9.59,5,1.58
2026-06-22 12:26:05.392084000,24.0,-134.200516,-12.008393477116913,-11.770492898474423,-16.732117422018575,-17.205703896550773,16.815053284908164,-135.57320785037183,9.6,5,1.5899999999999999
2026-06-22 12:26:05.402084000,24.0,-134.200516,-11.35809554422527,-11.527935269341622,-16.732117422018575,-17.205703896550773,16.183313194951165,-134.574809590698,9.61,5,1.5999999999999996
2026-06-22 12:26:05.412084000,24.0,-134.200516,-12.320705550329711,-11.860981498902547,-16.732117422018575,-17.205703896550773,17.102124645061906,-136.08913307653077,9.62,5,1.6099999999999994
2026-06-22 12:26:05.422084000,24.0,-134.200516,-11.116675464320492,-11.4097292277615,-16.732117422018575,-17.205703896550773,15.929921356675315,-134.2546615004756,9.63,5,1.620000000000001
2026-06-22 12:26:05.432084000,24.0,-134.200516,-11.737535726266355,-11.829189533713539,-16.732117422018575,-17.205703896550773,16.66431726623977,-134.77717099812503,9.64,5,1.6300000000000008
2026-06-22 12:26:05.442084000,24.0,-134.200516,-11.095772294005428,-11.43351662783306,-16.732117422018575,-17.205703896550773,15.932402997644566,-134.14112356273446,9.65,5,1.6400000000000006
2026-06-22 12:26:05.452084000,24.0,-134.200516,-11.905633717404422,-11.951274711946636,-16.732117422018575,-17.205703896550773,16.869412599536837,-134.89038675411572,9.66,5,1.6500000000000004
2026-06-22 12:26:05.462084000,24.0,-134.200516,-10.992485897435891,-11.404346153846152,-16.732117422018575,-17.205703896550773,15.839629332849695,-133.94649408674232,9.67,5,1.6600000000000001
2026-06-22 12:26:05.472084000,24.0,-134.200516,-11.885159877017665,-11.987047655649501,-16.732117422018575,-17.205703896550773,16.880353574528076,-134.7554602252548,9.68,5,1.67
2026-06-22 12:26:05.482084000,24.0,-134.200516,-11.102610928961756,-11.40913224043716,-16.732117422018575,-17.205703896550773,15.919681778216663,-134.2199052677278,9.69,5,1.6799999999999997
2026-06-22 12:26:05.492084000,24.0,-134.200516,-11.916100000000597,-12.019396428571373,-16.732117422018575,-17.205703896550773,16.9251094447619,-134.75273491104988,9.7,5,1.6899999999999995
2026-06-22 12:26:05.502084000,24.0,-134.200516,-11.114115183245977,-11.464489766777708,-16.732117422018575,-17.205703896550773,15.967406862700328,-134.11095597994964,9.71,5,1.700000000000001
2026-06-22 12:26:05.512084000,24.0,-134.200516,-11.990044467074364,-12.051467073998566,-16.732117422018575,-17.205703896550773,16.99997132227264,-134.85361783595027,9.72,5,1.7100000000000009
2026-06-22 12:26:05.522084000,24.0,-134.200516,-11.012342553716984,-11.455935786613981,-16.732117422018575,-17.205703896550773,15.890568059935076,-133.86895123192164,9.73,5,1.7200000000000006
2026-06-22 12:26:05.532084000,24.0,-134.200516,-12.010385024958484,-11.997385357737208,-16.732117422018575,-17.205703896550773,16.976059727445417,-135.0310243717841,9.74,5,1.7300000000000004
2026-06-22 12:26:05.542084000,24.0,-134.200516,-11.045486390004438,-11.398742079428803,-16.732117422018575,-17.205703896550773,15.872431779192317,-134.0982809211145,9.75,5,1.7400000000000002
2026-06-22 12:26:05.552084000,24.0,-134.200516,-12.319845070422522,-11.961042253521118,-16.732117422018575,-17.205703896550773,17.171054549727913,-135.8466078951249,9.76,5,1.75
2026-06-22 12:26:05.562084000,24.0,-134.200516,-11.658128262490699,-11.513829231916489,-16.732117422018575,-17.205703896550773,16.385365975968284,-135.35679413669146,9.77,5,1.7599999999999998
2026-06-22 12:26:05.572084000,24.0,-134.200516,-12.56597355533784,-11.97772804440089,-16.732117422018575,-17.205703896550773,17.36000174248486,-136.37296053954248,9.78,5,1.7699999999999996
2026-06-22 12:26:05.582084000,24.0,-134.200516,-11.336804031354841,-11.461674878686022,-16.732117422018575,-17.205703896550773,16.1212008445415,-134.68618516077828,9.79,5,1.7799999999999994
2026-06-22 12:26:05.592084000,24.0,-134.200516,-12.637177368969743,-11.987735161402515,-16.732117422018575,-17.205703896550773,17.418497241574176,-136.51073323860732,9.8,5,1.790000000000001
2026-06-22 12:26:05.602084000,24.0,-134.200516,-11.13804829251466,-11.406223180407036,-16.732117422018575,-17.205703896550773,15.942335055055253,-134.31847145356454,9.81,5,1.8000000000000007
2026-06-22 12:26:05.612084000,24.0,-134.200516,-12.486521998167156,-11.880526122823222,-16.732117422018575,-17.205703896550773,17.235432473999523,-136.4246227253562,9.82,5,1.8100000000000005
2026-06-22 12:26:05.622084000,24.0,-134.200516,-11.199473491257757,-11.398996051889462,-16.732117422018575,-17.205703896550773,15.98015386260022,-134.49414700004857,9.83,5,1.8200000000000003
2026-06-22 12:26:05.632084000,24.0,-134.200516,-12.248114801444316,-11.777309025270842,-16.732117422018575,-17.205703896550773,16.99180167216194,-136.12263292544458,9.84,5,1.83
2026-06-22 12:26:05.642084000,24.0,-134.200516,-11.096404699738903,-11.421483550913841,-16.732117422018575,-17.205703896550773,15.924210616673689,-134.17290856933366,9.85,5,1.8399999999999999
2026-06-22 12:26:05.652084000,24.0,-134.200516,-12.220912747323618,-11.789033409017074,-16.732117422018575,-17.205703896550773,16.980342078315665,-136.03049773458824,9.86,5,1.8499999999999996
2026-06-22 12:26:05.662084000,24.0,-134.200516,-11.171151260504034,-11.50694957983189,-16.732117422018575,-17.205703896550773,16.03759673759925,-134.15167409027592,9.87,5,1.8599999999999994
2026-06-22 12:26:05.672084000,24.0,-134.200516,-11.966052478979865,-11.673779066396158,-16.732117422018575,-17.205703896550773,16.717162726393774,-135.70834598768926,9.88,5,1.870000000000001
2026-06-22 12:26:05.682084000,24.0,-134.200516,-10.914618487394925,-11.404794957983182,-16.732117422018575,-17.205703896550773,15.786014213822996,-133.74187872419856,9.89,5,1.8800000000000008
2026-06-22 12:26:05.692084000,24.0,-134.200516,-11.656764500349434,-11.674058001397738,-16.732117422018575,-17.205703896550773,16.497387333653936,-134.9575306682165,9.9,5,1.8900000000000006
2026-06-22 12:26:05.702084000,24.0,-134.200516,-10.823216600529053,-11.44813525132275,-16.732117422018575,-17.205703896550773,15.754422182820488,-133.39274197936786,9.91,5,1.9000000000000004
2026-06-22 12:26:05.712084000,24.0,-134.200516,-11.65328677462888,-11.765727395411615,-16.732117422018575,-17.205703896550773,16.559934595126872,-134.72491055911564,9.92,5,1.9100000000000001
2026-06-22 12:26:05.722084000,24.0,-134.200516,-10.803799648506137,-11.461517047451668,-16.732117422018575,-17.205703896550773,15.750824101426774,-133.30797486363875,9.93,5,1.92
2026-06-22 12:26:05.732084000,24.0,-134.200516,-11.56955155279499,-11.573151552795032,-16.732117422018575,-17.205703896550773,16.364362498940896,-134.9910872639361,9.94,5,1.9299999999999997
2026-06-22 12:26:05.742084000,24.0,-134.200516,-10.958398605461811,-11.443561882626357,-16.732117422018575,-17.205703896550773,15.844292617775217,-133.75932897212175,9.95,5,1.9399999999999995
2026-06-22 12:26:05.752084000,24.0,-134.200516,-11.579900476032352,-11.580925938226503,-16.732117422018575,-17.205703896550773,16.37717743145936,-134.99746318828673,9.96,5,1.950000000000001
2026-06-22 12:26:05.762084000,24.0,-134.200516,-10.996475576397057,-11.444571707698355,-16.732117422018575,-17.205703896550773,15.871379797451342,-133.85608699647497,9.97,5,1.9600000000000009
2026-06-22 12:26:05.772084000,24.0,-134.200516,-11.665732332155494,-11.879626766784563,-16.732117422018575,-17.205703896550773,16.64977005737924,-134.47951903357483,9.98,5,1.9700000000000006
2026-06-22 12:26:05.782084000,24.0,-134.200516,-10.986698940998508,-11.48402420574888,-16.732117422018575,-17.205703896550773,15.893091756431911,-133.7321285848324,9.99,5,1.9800000000000004
2026-06-22 12:26:05.792084000,24.0,-134.200516,-11.685438507209527,-11.68436697766473,-16.732117422018575,-17.205703896550773,16.524947950735495,-135.00262707023973,10.0,5,1.9900000000000002
2026-06-22 12:26:05.802084000,15.0,-134.200516,-10.985255591054328,-11.45212484639963,-10.457573388761608,-10.753564935344233,15.869058065881356,-133.80798123922523,10.01,6,0.0
2026-06-22 12:26:05.812084000,15.0,-134.200516,-11.585062156037553,-11.561340110067983,-10.457573388761608,-10.753564935344233,16.366986598024702,-135.05872068686847,10.02,6,0.009999999999999787
2026-06-22 12:26:05.822084000,15.0,-134.200516,-11.780614931237583,-11.647595284872203,-10.457573388761608,-10.753564935344233,16.566513334986183,-135.32530792420184,10.03,6,0.019999999999999574
2026-06-22 12:26:05.832084000,15.0,-134.200516,-12.401861981372098,-11.909872142252468,-10.457573388761608,-10.753564935344233,17.194511771196183,-136.15932060303203,10.04,6,0.02999999999999936
2026-06-22 12:26:05.842084000,15.0,-134.200516,-10.985556465769383,-11.30974429490928,-10.457573388761608,-10.753564935344233,15.766824882608436,-134.16694169463153,10.05,6,0.040000000000000924
2026-06-22 12:26:05.852084000,15.0,-134.200516,-11.646366576390001,-11.43205894535606,-10.457573388761608,-10.753564935344233,16.31961476756574,-135.5320367215488,10.06,6,0.05000000000000071
2026-06-22 12:26:05.862084000,15.0,-134.200516,-12.075179159049386,-10.614281535649035,-10.457573388761608,-10.753564935344233,16.077093152717648,-138.68399621007666,10.07,6,0.0600000000000005
2026-06-22 12:26:05.872084000,15.0,-134.200516,-12.359160638797917,-10.829996242367518,-10.457573388761608,-10.753564935344233,16.432822956062854,-138.77279776542807,10.08,6,0.07000000000000028
2026-06-22 12:26:05.882084000,15.0,-134.200516,-11.490817171436495,-11.21418977493748,-10.457573388761608,-10.753564935344233,16.056055915936895,-135.6980309758974,10.09,6,0.08000000000000007
2026-06-22 12:26:05.892084000,15.0,-134.200516,-11.804013785106907,-11.260844112342184,-10.457573388761608,-10.753564935344233,16.31383926491448,-136.3490470525425,10.1,6,0.08999999999999986
2026-06-22 12:26:05.902084000,15.0,-134.200516,-11.881588014981215,-10.814677902621677,-10.457573388761608,-10.753564935344233,16.066405693097597,-137.69138893026633,10.11,6,0.09999999999999964
2026-06-22 12:26:05.912084000,15.0,-134.200516,-12.163807006946536,-11.092649652672916,-10.457573388761608,-10.753564935344233,16.46223184198261,-137.6370935696889,10.12,6,0.10999999999999943
2026-06-22 12:26:05.922084000,15.0,-134.200516,-12.122731803080635,-11.146409845967991,-10.457573388761608,-10.753564935344233,16.468244558049133,-137.40259554569388,10.13,6,0.120000000000001
2026-06-22 12:26:05.932084000,15.0,-134.200516,-12.171954676952842,-10.570897782063632,-10.457573388761608,-10.753564935344233,16.121425513168244,-139.02687879418502,10.14,6,0.13000000000000078
2026-06-22 12:26:05.942084000,15.0,-134.200516,-12.409197628458488,-9.883652173913045,-10.457573388761608,-10.753564935344233,15.86426065333761,-141.463451574944,10.15,6,0.14000000000000057
2026-06-22 12:26:05.952084000,15.0,-134.200516,-12.9970064683053,-10.239274902975415,-10.457573388761608,-10.753564935344233,16.545843214411043,-141.76832582846072,10.16,6,0.15000000000000036
2026-06-22 12:26:05.962084000,15.0,-134.200516,-12.14326682851469,-10.32300904877511,-10.457573388761608,-10.753564935344233,15.938112971415343,-139.6320881996564,10.17,6,0.16000000000000014
2026-06-22 12:26:05.972084000,15.0,-134.200516,-12.979083824106791,-10.379600903023162,-10.457573388761608,-10.753564935344233,16.619047259672556,-141.35006148244375,10.18,6,0.16999999999999993
2026-06-22 12:26:05.982084000,15.0,-134.200516,-12.138368421052618,-10.113489473684206,-10.457573388761608,-10.753564935344233,15.799451169566893,-140.19949241998017,10.19,6,0.17999999999999972
2026-06-22 12:26:05.992084000,15.0,-134.200516,-12.894764803910764,-10.693035773802917,-10.457573388761608,-10.753564935344233,16.751596145084346,-140.33264284519677,10.2,6,0.1899999999999995
2026-06-22 12:26:06.002084000,15.0,-134.200516,-12.254746341463145,-10.231556097560894,-10.457573388761608,-10.753564935344233,15.964446375341046,-140.14130621576277,10.21,6,0.20000000000000107
2026-06-22 12:26:06.012084000,15.0,-134.200516,-13.127141424273253,-10.612140421263788,-10.457573388761608,-10.753564935344233,16.880147105208874,-141.04750520476352,10.22,6,0.21000000000000085
2026-06-22 12:26:06.022084000,15.0,-134.200516,-12.285071946795622,-10.207407496977027,-10.457573388761608,-10.753564935344233,15.972293528084425,-140.2775219319874,10.23,6,0.22000000000000064
2026-06-22 12:26:06.032084000,15.0,-134.200516,-12.933117628307539,-10.69996589097863,-10.457573388761608,-10.753564935344233,16.785553361618597,-140.39799982462765,10.24,6,0.23000000000000043
2026-06-22 12:26:06.042083999,15.0,-134.200516,-12.285147335423215,-10.186625391849521,-10.457573388761608,-10.753564935344233,15.959078354558246,-140.33508207770407,10.249999999,6,0.23999999900000013
2026-06-22 12:26:06.052083999,15.0,-134.200516,-12.879,-10.645174571140373,-10.457573388761608,-10.753564935344233,16.708931224050616,-140.42446828741495,10.259999999,6,0.24999999899999992
2026-06-22 12:26:06.062084000,15.0,-134.200516,-12.358204685573304,-10.216208384710225,-10.457573388761608,-10.753564935344233,16.034217686259264,-140.42034049582685,10.27,6,0.2599999999999998
2026-06-22 12:26:06.072084000,15.0,-134.200516,-13.120378676470581,-10.73237700534758,-10.457573388761608,-10.753564935344233,16.95075965256122,-140.7170764959577,10.28,6,0.2699999999999996
2026-06-22 12:26:06.082084000,15.0,-134.200516,-12.243367796018214,-10.172665036674886,-10.457573388761608,-10.753564935344233,15.918013975900497,-140.27777486170297,10.29,6,0.27999999999999936
2026-06-22 12:26:06.092084000,15.0,-134.200516,-12.857958353828515,-10.33523462862764,-10.457573388761608,-10.753564935344233,16.496792653651568,-141.20765824770277,10.3,6,0.2900000000000009
2026-06-22 12:26:06.102084000,15.0,-134.200516,-12.211782932610905,-10.136656959024723,-10.457573388761608,-10.753564935344233,15.870710655107771,-140.30489024080623,10.31,6,0.3000000000000007
2026-06-22 12:26:06.112084000,15.0,-134.200516,-13.519110729023591,-10.668211141678231,-10.457573388761608,-10.753564935344233,17.221413526973574,-141.72229540701164,10.32,6,0.3100000000000005
2026-06-22 12:26:06.122084000,15.0,-134.200516,-12.02308757157294,-9.994398113843118,-10.457573388761608,-10.753564935344233,15.63466112238134,-140.2643646077464,10.33,6,0.3200000000000003
2026-06-22 12:26:06.132084000,15.0,-134.200516,-13.24288448844894,-10.538254125412577,-10.457573388761608,-10.753564935344233,16.924207207020856,-141.48837370269234,10.34,6,0.33000000000000007
2026-06-22 12:26:06.142084000,15.0,-134.200516,-12.030165283540791,-9.982930497925285,-10.457573388761608,-10.753564935344233,15.632778962030931,-140.31326819169172,10.35,6,0.33999999999999986
2026-06-22 12:26:06.152084000,15.0,-134.200516,-13.09651388888857,-10.383743464052166,-10.457573388761608,-10.753564935344233,16.71349168693057,-141.59039687539988,10.36,6,0.34999999999999964
2026-06-22 12:26:06.162084000,15.0,-134.200516,-12.056973074046402,-9.95412789827982,-10.457573388761608,-10.753564935344233,15.635065139729752,-140.4572278116453,10.37,6,0.35999999999999943
2026-06-22 12:26:06.172084000,15.0,-134.200516,-12.713203642878716,-10.288629143027846,-10.457573388761608,-10.753564935344233,16.354859721442633,-141.01720710074187,10.38,6,0.370000000000001
2026-06-22 12:26:06.182084000,15.0,-134.200516,-12.15593749999988,-10.064187499999914,-10.457573388761608,-10.753564935344233,15.781466552226947,-140.37784055192046,10.39,6,0.3800000000000008
2026-06-22 12:26:06.192084000,15.0,-134.200516,-13.06685924538432,-10.417857639818129,-10.457573388761608,-10.753564935344233,16.711510055713177,-141.43558069597492,10.4,6,0.39000000000000057
2026-06-22 12:26:06.202084000,15.0,-134.200516,-12.111193277310866,-10.095941176470523,-10.457573388761608,-10.753564935344233,15.767340639408186,-140.18527220330404,10.41,6,0.40000000000000036
2026-06-22 12:26:06.212084000,15.0,-134.200516,-13.180993797381202,-10.418809786354263,-10.457573388761608,-10.753564935344233,16.80149382795569,-141.67567820876488,10.42,6,0.41000000000000014
2026-06-22 12:26:06.222084000,15.0,-134.200516,-12.032332178085843,-10.058752599306855,-10.457573388761608,-10.753564935344233,15.682969154400018,-140.10515337014638,10.43,6,0.41999999999999993
2026-06-22 12:26:06.232084000,15.0,-134.200516,-12.84632544378667,-10.36591351843416,-10.457573388761608,-10.753564935344233,16.506975509745473,-141.09936352650655,10.44,6,0.4299999999999997
2026-06-22 12:26:06.242084000,15.0,-134.200516,-11.99153110773856,-10.068543247344394,-10.457573388761608,-10.753564935344233,15.65798139708647,-139.98190893020916,10.45,6,0.4399999999999995
2026-06-22 12:26:06.252084000,15.0,-134.200516,-12.552437209302338,-10.408139534883826,-10.457573388761608,-10.753564935344233,16.30622729116363,-140.33540087127582,10.46,6,0.45000000000000107
2026-06-22 12:26:06.262084000,15.0,-134.200516,-12.908543404428613,-10.335494633881234,-10.457573388761608,-10.753564935344233,16.5364126143189,-141.31676171746824,10.47,6,0.46000000000000085
2026-06-22 12:26:06.272084000,15.0,-134.200516,-12.72074624373965,-10.49831719532555,-10.457573388761608,-10.753564935344233,16.493394099799005,-140.46744990600118,10.48,6,0.47000000000000064
2026-06-22 12:26:06.282084000,15.0,-134.200516,-12.179581818181674,-10.127709090909049,-10.457573388761608,-10.753564935344233,15.84022426280207,-140.2554011727903,10.49,6,0.4800000000000004
2026-06-22 12:26:06.292084000,15.0,-134.200516,-12.57081858407113,-10.541110619469029,-10.457573388761608,-10.753564935344233,16.405501911417122,-140.01888455544312,10.5,6,0.4900000000000002
2026-06-22 12:26:06.302084000,15.0,-134.200516,-11.866913978494654,-10.032075268817215,-10.457573388761608,-10.753564935344233,15.539182139746153,-139.78942371788273,10.51,6,0.5
2026-06-22 12:26:06.312084000,15.0,-134.200516,-12.525005225342912,-10.24489316039937,-10.457573388761608,-10.753564935344233,16.181272872146526,-140.71837168762522,10.52,6,0.5099999999999998
2026-06-22 12:26:06.322084000,15.0,-134.200516,-12.528271064663619,-10.445975552859933,-10.457573388761608,-10.753564935344233,16.311835614688956,-140.178914016891,10.53,6,0.5199999999999996
2026-06-22 12:26:06.332084000,15.0,-134.200516,-13.222744615385082,-10.571003076923049,-10.457573388761608,-10.753564935344233,16.928883046911622,-141.35920074497432,10.54,6,0.5299999999999994
2026-06-22 12:26:06.342084000,15.0,-134.200516,-11.90797707116591,-10.070844040666232,-10.457573388761608,-10.753564935344233,15.595570448650976,-139.77804750870098,10.55,6,0.5400000000000009
2026-06-22 12:26:06.352084000,15.0,-134.200516,-12.579947878963381,-10.329784276820662,-10.457573388761608,-10.753564935344233,16.277577579083648,-140.60952369269685,10.56,6,0.5500000000000007
2026-06-22 12:26:06.362084000,15.0,-134.200516,-12.190462399999895,-10.146778879999985,-10.457573388761608,-10.753564935344233,15.860784821862534,-140.2275634429776,10.57,6,0.5600000000000005
2026-06-22 12:26:06.372084000,15.0,-134.200516,-12.430665612291017,-10.182907968067482,-10.457573388761608,-10.753564935344233,16.06900937365856,-140.67647481746837,10.58,6,0.5700000000000003
2026-06-22 12:26:06.382084000,15.0,-134.200516,-12.812537792642223,-10.489028093645564,-10.457573388761608,-10.753564935344233,16.55840677834589,-140.69441059062441,10.59,6,0.5800000000000001
2026-06-22 12:26:06.392084000,15.0,-134.200516,-13.057193466424545,-10.593129219600634,-10.457573388761608,-10.753564935344233,16.813824308669236,-140.94803491793593,10.6,6,0.5899999999999999
2026-06-22 12:26:06.402084000,15.0,-134.200516,-12.045007364649681,-10.077385748407643,-10.457573388761608,-10.753564935344233,15.704645998451367,-140.08265716949805,10.61,6,0.5999999999999996
2026-06-22 12:26:06.412084000,15.0,-134.200516,-12.939830409357283,-10.41165497076053,-10.457573388761608,-10.753564935344233,16.608484887342673,-141.17912551695423,10.62,6,0.6099999999999994
2026-06-22 12:26:06.422084000,15.0,-134.200516,-12.142619246861708,-10.059616258218728,-10.457573388761608,-10.753564935344233,15.768293548665149,-140.35977328770608,10.63,6,0.620000000000001
2026-06-22 12:26:06.432084000,15.0,-134.200516,-12.566588235294285,-10.209486631016105,-10.457573388761608,-10.753564935344233,16.19113205258772,-140.9085203871382,10.64,6,0.6300000000000008
2026-06-22 12:26:06.442084000,15.0,-134.200516,-12.10773237915203,-10.024994869025111,-10.457573388761608,-10.753564935344233,15.719341763863596,-140.37582605289558,10.65,6,0.6400000000000006
2026-06-22 12:26:06.452084000,15.0,-134.200516,-13.032235958790608,-10.397936856098463,-10.457573388761608,-10.753564935344233,16.672020421922646,-141.41493424170238,10.66,6,0.6500000000000004
2026-06-22 12:26:06.462084000,15.0,-134.200516,-12.639450127877154,-10.184342551150868,-10.457573388761608,-10.753564935344233,16.231960224639412,-141.13957956939373,10.67,6,0.6600000000000001
2026-06-22 12:26:06.472084000,15.0,-134.200516,-13.03938864371873,-10.387237716975578,-10.457573388761608,-10.753564935344233,16.670943692271923,-141.45900960660205,10.68,6,0.6699999999999999
2026-06-22 12:26:06.482084000,15.0,-134.200516,-12.077621847568635,-10.04583363522364,-10.457573388761608,-10.753564935344233,15.70947876027266,-140.24724753649062,10.69,6,0.6799999999999997
2026-06-22 12:26:06.492084000,15.0,-134.200516,-12.701048123620717,-10.225812362031037,-10.457573388761608,-10.753564935344233,16.305945599749684,-141.16191524176625,10.7,6,0.6899999999999995
2026-06-22 12:26:06.502084000,15.0,-134.200516,-11.99777349869451,-9.984622062663144,-10.457573388761608,-10.753564935344233,15.608947647429531,-140.23256120696885,10.71,6,0.7000000000000011
2026-06-22 12:26:06.512084000,15.0,-134.200516,-12.39396575902771,-10.153809512679679,-10.457573388761608,-10.753564935344233,16.022179466468838,-140.6738047456289,10.72,6,0.7100000000000009
2026-06-22 12:26:06.522084000,15.0,-134.200516,-11.905374197493108,-9.974009477224042,-10.457573388761608,-10.753564935344233,15.531220165656325,-140.04461005267046,10.73,6,0.7200000000000006
2026-06-22 12:26:06.532084000,15.0,-134.200516,-12.447333132711396,-10.251358110141455,-10.457573388761608,-10.753564935344233,16.12533550717807,-140.5258583374823,10.74,6,0.7300000000000004
2026-06-22 12:26:06.542084000,15.0,-134.200516,-11.8480900262998,-10.033413109447702,-10.457573388761608,-10.753564935344233,15.525676020584154,-139.7408050683707,10.75,6,0.7400000000000002
2026-06-22 12:26:06.552084000,15.0,-134.200516,-12.504460385439089,-10.312981951667197,-10.457573388761608,-10.753564935344233,16.20861271875014,-140.48608843164865,10.76,6,0.75
2026-06-22 12:26:06.562084000,15.0,-134.200516,-12.077766148167678,-10.059709464803586,-10.457573388761608,-10.753564935344233,15.718466517001076,-140.2086980912935,10.77,6,0.7599999999999998
2026-06-22 12:26:06.572084000,15.0,-134.200516,-12.446815333130498,-10.16624277456647,-10.457573388761608,-10.753564935344233,16.07095840603408,-140.75892278577533,10.78,6,0.7699999999999996
2026-06-22 12:26:06.582084000,15.0,-134.200516,-12.55694303242655,-10.256932515337072,-10.457573388761608,-10.753564935344233,16.213620291094294,-140.75689684450282,10.79,6,0.7799999999999994
2026-06-22 12:26:06.592084000,15.0,-134.200516,-12.57543069306956,-10.441158415841592,-10.457573388761608,-10.753564935344233,16.34500676600948,-140.2977487581162,10.8,6,0.7900000000000009
2026-06-22 12:26:06.602084000,15.0,-134.200516,-12.08186822510801,-10.099144935064881,-10.457573388761608,-10.753564935344233,15.746881222271323,-140.10799703444542,10.81,6,0.8000000000000007
2026-06-22 12:26:06.612084000,15.0,-134.200516,-12.5338750000003,-10.477152777777786,-10.457573388761608,-10.753564935344233,16.336118046969705,-140.10751615704888,10.82,6,0.8100000000000005
2026-06-22 12:26:06.622084000,15.0,-134.200516,-11.816249298737718,-10.021430224403924,-10.457573388761608,-10.753564935344233,15.493637766274132,-139.69852755265626,10.83,6,0.8200000000000003
2026-06-22 12:26:06.632084000,15.0,-134.200516,-12.46780610412927,-10.404269299820537,-10.457573388761608,-10.753564935344233,16.23868863896809,-140.15531323075902,10.84,6,0.8300000000000001
2026-06-22 12:26:06.642084000,15.0,-134.200516,-11.818233253588517,-10.007023923444985,-10.457573388761608,-10.753564935344233,15.485837563419864,-139.7439259690807,10.85,6,0.8399999999999999
2026-06-22 12:26:06.652084000,15.0,-134.200516,-12.448632507634883,-10.434047845266376,-10.457573388761608,-10.753564935344233,16.243084859331734,-140.03133160383274,10.86,6,0.8499999999999996
2026-06-22 12:26:06.662084000,15.0,-134.200516,-12.948482067012572,-10.307710712600219,-10.457573388761608,-10.753564935344233,16.55028966436538,-141.47826304249452,10.87,6,0.8599999999999994
2026-06-22 12:26:06.672084000,15.0,-134.200516,-12.484800599700174,-10.281971139430352,-10.457573388761608,-10.753564935344233,16.173718698133477,-140.52652659133437,10.88,6,0.870000000000001
2026-06-22 12:26:06.682084000,15.0,-134.200516,-13.1440698136268,-10.484456614726527,-10.457573388761608,-10.753564935344233,16.813399471004608,-141.4221485983669,10.89,6,0.8800000000000008
2026-06-22 12:26:06.692084000,15.0,-134.200516,-12.729899191039273,-10.444585252022481,-10.457573388761608,-10.753564935344233,16.46632000480945,-140.63192078238328,10.9,6,0.8900000000000006
2026-06-22 12:26:06.702084000,15.0,-134.200516,-12.442336239103367,-10.120044053549192,-10.457573388761608,-10.753564935344233,16.038298623379017,-140.8766242239016,10.91,6,0.9000000000000004
2026-06-22 12:26:06.712084000,15.0,-134.200516,-12.718066993464083,-10.35329901960787,-10.457573388761608,-10.753564935344233,16.399391105759197,-140.85226337751786,10.92,6,0.9100000000000001
2026-06-22 12:26:06.722084000,15.0,-134.200516,-12.486170123318328,-10.151675308295943,-10.457573388761608,-10.753564935344233,16.092263852967136,-140.8877316534022,10.93,6,0.9199999999999999
2026-06-22 12:26:06.732084000,15.0,-134.200516,-12.761931034482819,-10.29239080459773,-10.457573388761608,-10.753564935344233,16.395127087139752,-141.11411365776118,10.94,6,0.9299999999999997
2026-06-22 12:26:06.742084000,15.0,-134.200516,-11.956762621977015,-9.98624246924054,-10.457573388761608,-10.753564935344233,15.578485518585241,-140.13149646680418,10.95,6,0.9399999999999995
2026-06-22 12:26:06.752084000,15.0,-134.200516,-12.426438922312329,-10.118829453308905,-10.457573388761608,-10.753564935344233,16.025201833209795,-140.8441284959742,10.96,6,0.9500000000000011
2026-06-22 12:26:06.762084000,15.0,-134.200516,-13.213823502514803,-10.389454961133943,-10.457573388761608,-10.753564935344233,16.80910187800179,-141.82356918924305,10.97,6,0.9600000000000009
2026-06-22 12:26:06.772084000,15.0,-134.200516,-12.859107142857702,-10.258341720779427,-10.457573388761608,-10.753564935344233,16.449626481223753,-141.4189150395988,10.98,6,0.9700000000000006
2026-06-22 12:26:06.782084000,15.0,-134.200516,-13.304247443419946,-10.405510142497903,-10.457573388761608,-10.753564935344233,16.8901640418728,-141.97034732941958,10.99,6,0.9800000000000004
2026-06-22 12:26:06.792084000,15.0,-134.200516,-12.39023498542344,-10.133835568513325,-10.457573388761608,-10.753564935344233,16.006640694526656,-140.7206480110717,11.0,6,0.9900000000000002
2026-06-22 12:26:06.802084000,15.0,-134.200516,-11.946156961585263,-10.02246775595342,-10.457573388761608,-10.753564935344233,15.593605294156898,-140.0043575417426,11.01,6,1.0
2026-06-22 12:26:06.812084000,15.0,-134.200516,-12.393319354838678,-10.174787096774214,-10.457573388761608,-10.753564935344233,16.034982291717757,-140.61435830444805,11.02,6,1.0099999999999998
2026-06-22 12:26:06.822084000,15.0,-134.200516,-11.859254901960787,-9.94468627450981,-10.457573388761608,-10.753564935344233,15.477038215631076,-140.01817842488643,11.03,6,1.0199999999999996
2026-06-22 12:26:06.832084000,15.0,-134.200516,-12.418809196234616,-10.125700941346853,-10.457573388761608,-10.753564935344233,16.023627598208652,-140.80784930899034,11.04,6,1.0299999999999994
2026-06-22 12:26:06.842084000,15.0,-134.200516,-11.822453237410022,-9.9480287769784,-10.457573388761608,-10.753564935344233,15.451008934640386,-139.9209936703472,11.05,6,1.040000000000001
2026-06-22 12:26:06.852084000,15.0,-134.200516,-12.308567331670847,-10.117567955112223,-10.457573388761608,-10.753564935344233,15.933173289856247,-140.58000195885575,11.06,6,1.0500000000000007
2026-06-22 12:26:06.862084000,15.0,-134.200516,-11.737849315068432,-9.935232876712275,-10.457573388761608,-10.753564935344233,15.378099975541742,-139.75452158133442,11.07,6,1.0600000000000005
2026-06-22 12:26:06.872084000,15.0,-134.200516,-12.378734319943622,-10.197431289640596,-10.457573388761608,-10.753564935344233,16.038100519409745,-140.51877203862165,11.08,6,1.0700000000000003
2026-06-22 12:26:06.882084000,15.0,-134.200516,-11.723128167994194,-9.97251339608979,-10.457573388761608,-10.753564935344233,15.390995987213083,-139.61318460279696,11.09,6,1.08
2026-06-22 12:26:06.892084000,15.0,-134.200516,-12.381373579818986,-10.1952016175621,-10.457573388761608,-10.753564935344233,16.03872026521382,-140.53091457886083,11.1,6,1.0899999999999999
2026-06-22 12:26:06.902084000,15.0,-134.200516,-11.687115566037807,-9.981832547169802,-10.457573388761608,-10.753564935344233,15.369634063752514,-139.49973673317223,11.11,6,1.0999999999999996
2026-06-22 12:26:06.912084000,15.0,-134.200516,-12.38490209790211,-10.225236985237077,-10.457573388761608,-10.753564935344233,16.060550158038804,-140.45619932217465,11.12,6,1.1099999999999994
2026-06-22 12:26:06.922084000,15.0,-134.200516,-11.729647931526308,-9.98763109843079,-10.457573388761608,-10.753564935344233,15.405759168437665,-139.58607033197245,11.13,6,1.120000000000001
2026-06-22 12:26:06.932084000,15.0,-134.200516,-12.360702762430943,-10.138727808471526,-10.457573388761608,-10.753564935344233,15.986893830742787,-140.64006766914835,11.14,6,1.1300000000000008
2026-06-22 12:26:06.942084000,15.0,-134.200516,-11.722722929409805,-9.986623078194738,-10.457573388761608,-10.753564935344233,15.399833550582361,-139.57222236331836,11.15,6,1.1400000000000006
2026-06-22 12:26:06.952084000,15.0,-134.200516,-12.362667885638293,-10.406094414893687,-10.457573388761608,-10.753564935344233,16.159280869589278,-139.9114958110542,11.16,6,1.1500000000000004
2026-06-22 12:26:06.962084000,15.0,-134.200516,-11.760904589994846,-9.963617844249613,-10.457573388761608,-10.753564935344233,15.414037670941742,-139.72935447321825,11.17,6,1.1600000000000001
2026-06-22 12:26:06.972084000,15.0,-134.200516,-12.402543776912042,-10.311713348369938,-10.457573388761608,-10.753564935344233,16.129306380535102,-140.25921330236136,11.18,6,1.17
2026-06-22 12:26:06.982084000,15.0,-134.200516,-12.556528780629254,-10.169554878932868,-10.457573388761608,-10.753564935344233,16.158163925842505,-140.9959260712582,11.19,6,1.1799999999999997
2026-06-22 12:26:06.992084000,15.0,-134.200516,-12.54470089593392,-10.433835286009788,-10.457573388761608,-10.753564935344233,16.316692046613746,-140.24860237443417,11.2,6,1.1899999999999995
2026-06-22 12:26:07.002084000,15.0,-134.200516,-11.680710858995184,-9.964897893030813,-10.457573388761608,-10.753564935344233,15.353768143031793,-139.5322683272366,11.21,6,1.200000000000001
2026-06-22 12:26:07.012084000,15.0,-134.200516,-12.320842632612996,-10.08255520628685,-10.457573388761608,-10.753564935344233,15.920461132311337,-140.70539623783924,11.22,6,1.2100000000000009
2026-06-22 12:26:07.022084000,15.0,-134.200516,-11.668246929970193,-9.913990043146434,-10.457573388761608,-10.753564935344233,15.311276399907538,-139.64692491961665,11.23,6,1.2200000000000006
2026-06-22 12:26:07.032084000,15.0,-134.200516,-12.534835717204878,-10.192369840621256,-10.457573388761608,-10.753564935344233,16.155695881803446,-140.8846283077295,11.24,6,1.2300000000000004
2026-06-22 12:26:07.042083999,15.0,-134.200516,-11.696807619047659,-9.874417142857215,-10.457573388761608,-10.753564935344233,15.307495627572912,-139.8290223879693,11.249999999,6,1.2399999990000001
2026-06-22 12:26:07.052083999,15.0,-134.200516,-12.637757105943141,-10.235339147286817,-10.457573388761608,-10.753564935344233,16.26268957241693,-140.9959334526244,11.259999999,6,1.249999999
2026-06-22 12:26:07.062084000,15.0,-134.200516,-11.9270894264747,-9.920386518075606,-10.457573388761608,-10.753564935344233,15.513527350513835,-140.24792442896555,11.27,6,1.2599999999999998
2026-06-22 12:26:07.072084000,15.0,-134.200516,-12.476965547091206,-10.137237361495773,-10.457573388761608,-10.753564935344233,16.076014760711274,-140.9069630515344,11.28,6,1.2699999999999996
2026-06-22 12:26:07.082084000,15.0,-134.200516,-12.075167675826503,-10.011908244061399,-10.457573388761608,-10.753564935344233,15.685916647962586,-140.33678533864838,11.29,6,1.2799999999999994
2026-06-22 12:26:07.092084000,15.0,-134.200516,-12.475266454487784,-10.167579885423363,-10.457573388761608,-10.753564935344233,16.093848322788865,-140.81930987153316,11.3,6,1.290000000000001
2026-06-22 12:26:07.102084000,15.0,-134.200516,-11.92352351795148,-9.910584191483393,-10.457573388761608,-10.753564935344233,15.504518441397094,-140.26734732762864,11.31,6,1.3000000000000007
2026-06-22 12:26:07.112084000,15.0,-134.200516,-12.437874964070168,-10.124157803966668,-10.457573388761608,-10.753564935344233,16.0374344850248,-140.85516547574846,11.32,6,1.3100000000000005
2026-06-22 12:26:07.122084000,15.0,-134.200516,-12.481318181814093,-10.154749999998991,-10.457573388761608,-10.753564935344233,16.09043974284614,-140.86833744961152,11.33,6,1.3200000000000003
2026-06-22 12:26:07.132084000,15.0,-134.200516,-12.329157461809634,-10.087078730904818,-10.457573388761608,-10.753564935344233,15.929760859522297,-140.71174488062448,11.34,6,1.33
2026-06-22 12:26:07.142084000,15.0,-134.200516,-13.18170183702319,-10.352484220442804,-10.457573388761608,-10.753564935344233,16.761002143508538,-141.855049875916,11.35,6,1.3399999999999999
2026-06-22 12:26:07.152084000,15.0,-134.200516,-12.493405594405521,-10.143838525111232,-10.457573388761608,-10.753564935344233,16.09293768613593,-140.92563142400564,11.36,6,1.3499999999999996
2026-06-22 12:26:07.162084000,15.0,-134.200516,-13.166942196531679,-10.333137764932532,-10.457573388761608,-10.753564935344233,16.737446127646876,-141.87592698986353,11.37,6,1.3599999999999994
2026-06-22 12:26:07.172084000,15.0,-134.200516,-12.486482269503915,-10.20788652482278,-10.457573388761608,-10.753564935344233,16.128024887452714,-140.73348638712167,11.38,6,1.370000000000001
2026-06-22 12:26:07.182084000,15.0,-134.200516,-11.795443350668625,-9.923307670876666,-10.457573388761608,-10.753564935344233,15.414425677582424,-139.92666362282628,11.39,6,1.3800000000000008
2026-06-22 12:26:07.192084000,15.0,-134.200516,-12.466760027192757,-10.210861318830794,-10.457573388761608,-10.753564935344233,16.114645340435082,-140.68091502001158,11.4,6,1.3900000000000006
2026-06-22 12:26:07.202084000,15.0,-134.200516,-11.779296910495228,-9.939560313493866,-10.457573388761608,-10.753564935344233,15.412549916583714,-139.8417883450253,11.41,6,1.4000000000000004
2026-06-22 12:26:07.212084000,15.0,-134.200516,-12.474163136995713,-10.273907015221747,-10.457573388761608,-10.753564935344233,16.16038091524471,-140.52462053460073,11.42,6,1.4100000000000001
2026-06-22 12:26:07.222084000,15.0,-134.200516,-11.6809304347826,-9.941799999999999,-10.457573388761608,-10.753564935344233,15.338954431845425,-139.59843838504284,11.43,6,1.42
2026-06-22 12:26:07.232084000,15.0,-134.200516,-12.29174125874126,-10.29182983682981,-10.457573388761608,-10.753564935344233,16.031489779870817,-140.06068545866356,11.44,6,1.4299999999999997
2026-06-22 12:26:07.242084000,15.0,-134.200516,-11.630026490066014,-9.916357615894018,-10.457573388761608,-10.753564935344233,15.283705850543463,-139.54738696317918,11.45,6,1.4399999999999995
2026-06-22 12:26:07.252084000,15.0,-134.200516,-12.329461984732818,-10.299530687023072,-10.457573388761608,-10.753564935344233,16.06536539285371,-140.125991416006,11.46,6,1.450000000000001
2026-06-22 12:26:07.262084000,15.0,-134.200516,-11.679314537722414,-9.922837139707033,-10.457573388761608,-10.753564935344233,15.325439144514045,-139.64851059269802,11.47,6,1.4600000000000009
2026-06-22 12:26:07.272084000,15.0,-134.200516,-12.329211658177716,-10.304616298811645,-10.457573388761608,-10.753564935344233,16.068434185628664,-140.11150216431784,11.48,6,1.4700000000000006
2026-06-22 12:26:07.282084000,15.0,-134.200516,-11.672000208203192,-9.944169477409943,-10.457573388761608,-10.753564935344233,15.333691514301012,-139.57006848505011,11.49,6,1.4800000000000004
2026-06-22 12:26:07.292084000,15.0,-134.200516,-12.3000952166065,-10.34707310469329,-10.457573388761608,-10.753564935344233,16.073402383174923,-139.9288176441112,11.5,6,1.4900000000000002
2026-06-22 12:26:07.302084000,15.0,-134.200516,-11.664159487362046,-9.957404058383766,-10.457573388761608,-10.753564935344233,15.336313511679903,-139.5134351172471,11.51,6,1.5
2026-06-22 12:26:07.312084000,15.0,-134.200516,-12.312805460750846,-10.324058020477743,-10.457573388761608,-10.753564935344233,16.06833383784662,-140.02079376304218,11.52,6,1.5099999999999998
2026-06-22 12:26:07.322084000,15.0,-134.200516,-11.662448568398728,-9.953112142099682,-10.457573388761608,-10.753564935344233,15.332225798094603,-139.52148228432594,11.53,6,1.5199999999999996
2026-06-22 12:26:07.332084000,15.0,-134.200516,-12.361915662650677,-10.345265060241275,-10.457573388761608,-10.753564935344233,16.1195988789156,-140.07518805864086,11.54,6,1.5299999999999994
2026-06-22 12:26:07.342084000,15.0,-134.200516,-11.636310679611674,-9.932903364190562,-10.457573388761608,-10.753564935344233,15.299225322701567,-139.51550542306984,11.55,6,1.540000000000001
2026-06-22 12:26:07.352084000,15.0,-134.200516,-12.348682145716673,-10.161024019215525,-10.457573388761608,-10.753564935344233,15.9917591232177,-140.55099027955544,11.56,6,1.5500000000000007
2026-06-22 12:26:07.362084000,15.0,-134.200516,-11.589581818181845,-9.952200773694393,-10.457573388761608,-10.753564935344233,15.276279225002876,-139.3466679726633,11.57,6,1.5600000000000005
2026-06-22 12:26:07.372084000,15.0,-134.200516,-12.549989837398387,-10.263304878048793,-10.457573388761608,-10.753564935344233,16.212269179192127,-140.72391000812013,11.58,6,1.5700000000000003
2026-06-22 12:26:07.382084000,15.0,-134.200516,-11.612910679187616,-9.907839266215342,-10.457573388761608,-10.753564935344233,15.26515553042118,-139.53003481407055,11.59,6,1.58
2026-06-22 12:26:07.392084000,15.0,-134.200516,-12.427178845171133,-10.089067961165018,-10.457573388761608,-10.753564935344233,16.007000542727404,-140.9284066741133,11.6,6,1.5899999999999999
2026-06-22 12:26:07.402084000,15.0,-134.200516,-12.074064434350925,-9.96394137530369,-10.457573388761608,-10.753564935344233,15.654493274946548,-140.4693557535812,11.61,6,1.5999999999999996
2026-06-22 12:26:07.412084000,15.0,-134.200516,-12.247885625966072,-10.032647604327678,-10.457573388761608,-10.753564935344233,15.832394647032022,-140.67796222724792,11.62,6,1.6099999999999994
2026-06-22 12:26:07.422084000,15.0,-134.200516,-11.744948571428317,-9.862448067226799,-10.457573388761608,-10.753564935344233,15.336613016707492,-139.97920563344312,11.63,6,1.620000000000001
2026-06-22 12:26:07.432084000,15.0,-134.200516,-12.72607733619791,-10.225391335481659,-10.457573388761608,-10.753564935344233,16.325185215814045,-141.21815505817074,11.64,6,1.6300000000000008
2026-06-22 12:26:07.442084000,15.0,-134.200516,-11.715769204622587,-9.852859619306548,-10.457573388761608,-10.753564935344233,15.308105393344551,-139.9364575128721,11.65,6,1.6400000000000006
2026-06-22 12:26:07.452084000,15.0,-134.200516,-12.724173979748317,-10.253879717704793,-10.457573388761608,-10.753564935344233,16.341562126432766,-141.13611169381952,11.66,6,1.6500000000000004
2026-06-22 12:26:07.462084000,15.0,-134.200516,-11.868811650485414,-9.878421359223289,-10.457573388761608,-10.753564935344233,15.441887790845302,-140.22936083031053,11.67,6,1.6600000000000001
2026-06-22 12:26:07.472084000,15.0,-134.200516,-12.401828880622569,-10.067905647615943,-10.457573388761608,-10.753564935344233,15.973981460911398,-140.93002683529815,11.68,6,1.67
2026-06-22 12:26:07.482084000,15.0,-134.200516,-11.830176834184384,-9.876834721848988,-10.457573388761608,-10.753564935344233,15.41119554255265,-140.1420080583097,11.69,6,1.6799999999999997
2026-06-22 12:26:07.492084000,15.0,-134.200516,-12.23293954050786,-10.009214026602187,-10.457573388761608,-10.753564935344233,15.805985424264147,-140.7093437933017,11.7,6,1.6899999999999995
2026-06-22 12:26:07.502084000,15.0,-134.200516,-11.790207687723433,-9.86992461263406,-10.457573388761608,-10.753564935344233,15.376098633227231,-140.06632241205793,11.71,6,1.700000000000001
2026-06-22 12:26:07.512084000,15.0,-134.200516,-12.395302724520988,-10.10455028590658,-10.457573388761608,-10.753564935344233,15.992043837888021,-140.81336007814687,11.72,6,1.7100000000000009
2026-06-22 12:26:07.522084000,15.0,-134.200516,-11.783291866028694,-9.923510765550214,-10.457573388761608,-10.753564935344233,15.405259917119508,-139.89699102917982,11.73,6,1.7200000000000006
2026-06-22 12:26:07.532084000,15.0,-134.200516,-12.412319490958017,-10.090859008707364,-10.457573388761608,-10.753564935344233,15.996596846805476,-140.88988062735362,11.74,6,1.7300000000000004
2026-06-22 12:26:07.542084000,15.0,-134.200516,-11.806172272870166,-9.889756208739389,-10.457573388761608,-10.753564935344233,15.401070794103493,-140.04787387590505,11.75,6,1.7400000000000002
2026-06-22 12:26:07.552084000,15.0,-134.200516,-12.419880353501272,-10.127099252209447,-10.457573388761608,-10.753564935344233,16.02534140851258,-140.8063947054162,11.76,6,1.75
2026-06-22 12:26:07.562084000,15.0,-134.200516,-11.760683860232946,-9.898323904603446,-10.457573388761608,-10.753564935344233,15.37174358948222,-139.9145164727181,11.77,6,1.7599999999999998
2026-06-22 12:26:07.572084000,15.0,-134.200516,-12.335212598424912,-10.145972798854626,-10.457573388761608,-10.753564935344233,15.971794948703751,-140.56198170603736,11.78,6,1.7699999999999996
2026-06-22 12:26:07.582084000,15.0,-134.200516,-11.637999999999929,-9.892555555555525,-10.457573388761608,-10.753564935344233,15.274347757588565,-139.6347330186532,11.79,6,1.7799999999999994
2026-06-22 12:26:07.592084000,15.0,-134.200516,-12.248388270230118,-10.103291017075083,-10.457573388761608,-10.753564935344233,15.877641657186397,-140.48190400614465,11.8,6,1.790000000000001
2026-06-22 12:26:07.602084000,15.0,-134.200516,-11.578031480241,-9.889462826523786,-10.457573388761608,-10.753564935344233,15.226696554231566,-139.49745412503,11.81,6,1.8000000000000007
2026-06-22 12:26:07.612084000,15.0,-134.200516,-12.256693297224103,-10.124122545700738,-10.457573388761608,-10.753564935344233,15.89730756771675,-140.44303263662485,11.82,6,1.8100000000000005
2026-06-22 12:26:07.622084000,15.0,-134.200516,-11.657350757971727,-9.907549398849968,-10.457573388761608,-10.753564935344233,15.298802625860509,-139.63888410761393,11.83,6,1.8200000000000003
2026-06-22 12:26:07.632084000,15.0,-134.200516,-12.254429310344827,-10.184528275862128,-10.457573388761608,-10.753564935344233,15.934103486675163,-140.27038337785478,11.84,6,1.83
2026-06-22 12:26:07.642084000,15.0,-134.200516,-11.632070422535191,-9.87603755868544,-10.457573388761608,-10.753564935344233,15.259134319330947,-139.66757008005362,11.85,6,1.8399999999999999
2026-06-22 12:26:07.652084000,15.0,-134.200516,-12.198314446265494,-10.000312339030666,-10.457573388761608,-10.753564935344233,15.773557690265644,-140.65472311253436,11.86,6,1.8499999999999996
2026-06-22 12:26:07.662084000,15.0,-134.200516,-11.60419433198371,-9.893744939271247,-10.457573388761608,-10.753564935344233,15.249377528863212,-139.54906480702323,11.87,6,1.8599999999999994
2026-06-22 12:26:07.672084000,15.0,-134.200516,-12.22603935957304,-10.340391594396353,-10.457573388761608,-10.753564935344233,16.012486900768785,-139.77653084424833,11.88,6,1.870000000000001
2026-06-22 12:26:07.682084000,15.0,-134.200516,-11.636496570359537,-9.909251922677184,-10.457573388761608,-10.753564935344233,15.284021921571256,-139.58339334854486,11.89,6,1.8800000000000008
2026-06-22 12:26:07.692084000,15.0,-134.200516,-12.255753122703895,-10.31221454812643,-10.457573388761608,-10.753564935344233,16.017030108333337,-139.92213053205984,11.9,6,1.8900000000000006
2026-06-22 12:26:07.702084000,15.0,-134.200516,-11.587247986670372,-9.859065259650098,-10.457573388761608,-10.753564935344233,15.213989736378688,-139.6070429605598,11.91,6,1.9000000000000004
2026-06-22 12:26:07.712084000,15.0,-134.200516,-12.248277777777792,-10.220891666666821,-10.457573388761608,-10.753564935344233,15.952646645097627,-140.15581860743566,11.92,6,1.9100000000000001
2026-06-22 12:26:07.722084000,15.0,-134.200516,-11.852293829750057,-9.961952106275128,-10.457573388761608,-10.753564935344233,15.482808491822494,-139.9526676351036,11.93,6,1.92
2026-06-22 12:26:07.732084000,15.0,-134.200516,-12.300705312395557,-10.177776812562561,-10.457573388761608,-10.753564935344233,15.965415498155142,-140.39516539149994,11.94,6,1.9299999999999997
2026-06-22 12:26:07.742084000,15.0,-134.200516,-11.551801750547053,-9.890396498905895,-10.457573388761608,-10.753564935344233,15.207368825326489,-139.43059492097834,11.95,6,1.9399999999999995
2026-06-22 12:26:07.752084000,15.0,-134.200516,-12.3463796073029,-10.178407509473164,-10.457573388761608,-10.753564935344233,16.001033367771115,-140.49768580619474,11.96,6,1.950000000000001
2026-06-22 12:26:07.762084000,15.0,-134.200516,-11.540675180091693,-9.855282907662085,-10.457573388761608,-10.753564935344233,15.17609254065225,-139.50397570657162,11.97,6,1.9600000000000009
2026-06-22 12:26:07.772084000,15.0,-134.200516,-12.366847874720499,-10.136156599552798,-10.457573388761608,-10.753564935344233,15.990015539927928,-140.6611555377152,11.98,6,1.9700000000000006
2026-06-22 12:26:07.782084000,15.0,-134.200516,-11.531618254340694,-9.870166823087752,-10.457573388761608,-10.753564935344233,15.178880481755751,-139.43905073388206,11.99,6,1.9800000000000004
2026-06-22 12:26:07.792084000,15.0,-134.200516,-12.432939476368569,-10.167699421965306,-10.457573388761608,-10.753564935344233,16.0611361851669,-140.72358521978714,12.0,6,1.9900000000000002
2026-06-22 12:26:07.802084000,10.0,-134.200516,-11.755338709677416,-9.867601867572155,-6.9717155925077385,-7.169043290229489,15.347884375253606,-139.98941465814607,12.01,7,0.0
2026-06-22 12:26:07.812084000,10.0,-134.200516,-12.350579449152548,-10.058006355932207,-6.9717155925077385,-7.169043290229489,15.927972394055745,-140.84148096761314,12.02,7,0.009999999999999787
2026-06-22 12:26:07.822084000,10.0,-134.200516,-11.899441223319414,-9.852629499840695,-6.9717155925077385,-7.169043290229489,15.44898085597767,-140.3755514253973,12.03,7,0.019999999999999574
2026-06-22 12:26:07.832084000,10.0,-134.200516,-12.067181818181899,-9.924,-6.9717155925077385,-7.169043290229489,15.623784849807034,-140.56626354443776,12.04,7,0.02999999999999936
2026-06-22 12:26:07.842084000,10.0,-134.200516,-12.26879033355997,-9.22411198093929,-6.9717155925077385,-7.169043290229489,15.349510027546883,-143.0628555339058,12.05,7,0.040000000000000924
2026-06-22 12:26:07.852084000,10.0,-134.200516,-12.644295406784753,-9.34365866106277,-6.9717155925077385,-7.169043290229489,15.72202797060517,-143.53699296813372,12.06,7,0.05000000000000071
2026-06-22 12:26:07.862084000,10.0,-134.200516,-13.357382524271758,-9.899888349514544,-6.9717155925077385,-7.169043290229489,16.626107699415833,-143.45582859123667,12.07,7,0.0600000000000005
2026-06-22 12:26:07.872084000,10.0,-134.200516,-12.764329608938747,-9.495488826815722,-6.9717155925077385,-7.169043290229489,15.908878603654394,-143.35414018628902,12.08,7,0.07000000000000028
2026-06-22 12:26:07.882084000,10.0,-134.200516,-12.679532640020057,-9.482884851522368,-6.9717155925077385,-7.169043290229489,15.833371500617497,-143.20758430903618,12.09,7,0.08000000000000007
2026-06-22 12:26:07.892084000,10.0,-134.200516,-12.128630376855696,-9.083550057099341,-6.9717155925077385,-7.169043290229489,15.153037862363314,-143.1691924797164,12.1,7,0.08999999999999986
2026-06-22 12:26:07.902084000,10.0,-134.200516,-10.990988945078207,-8.625457250382217,-6.9717155925077385,-7.169043290229489,13.971411910361905,-141.8760509450233,12.11,7,0.09999999999999964
2026-06-22 12:26:07.912084000,10.0,-134.200516,-11.137152350813917,-8.63499593128389,-6.9717155925077385,-7.169043290229489,14.09252699903496,-142.2124162633379,12.12,7,0.10999999999999943
2026-06-22 12:26:07.922084000,10.0,-134.200516,-10.784054815461863,-8.515205066608416,-6.9717155925077385,-7.169043290229489,13.740617001768147,-141.70500096237842,12.13,7,0.120000000000001
2026-06-22 12:26:07.932084000,10.0,-134.200516,-10.956999187652352,-8.663756295694562,-6.9717155925077385,-7.169043290229489,13.968410945751899,-141.6663943826836,12.14,7,0.13000000000000078
2026-06-22 12:26:07.942084000,10.0,-134.200516,-10.845972953216187,-8.544963450292283,-6.9717155925077385,-7.169043290229489,13.807661991399124,-141.7673109796353,12.15,7,0.14000000000000057
2026-06-22 12:26:07.952084000,10.0,-134.200516,-10.275967487314416,-8.343423604585606,-6.9717155925077385,-7.169043290229489,13.236624390149448,-140.9256259752909,12.16,7,0.15000000000000036
2026-06-22 12:26:07.962084000,10.0,-134.200516,-9.95607503828471,-8.264897396630781,-6.9717155925077385,-7.169043290229489,12.93955019097612,-140.30270966097808,12.17,7,0.16000000000000014
2026-06-22 12:26:07.972084000,10.0,-134.200516,-10.194733780122501,-8.35815385712245,-6.9717155925077385,-7.169043290229489,13.182994073688333,-140.65338209774714,12.18,7,0.16999999999999993
2026-06-22 12:26:07.982084000,10.0,-134.200516,-9.979577149587767,-8.2010335689046,-6.9717155925077385,-7.169043290229489,12.917000878024064,-140.5872613690582,12.19,7,0.17999999999999972
2026-06-22 12:26:07.992084000,10.0,-134.200516,-10.364769792935837,-8.376373934226676,-6.9717155925077385,-7.169043290229489,13.326368340494993,-141.0563044960316,12.2,7,0.1899999999999995
2026-06-22 12:26:08.002084000,10.0,-134.200516,-9.808584766584676,-8.127852579852537,-6.9717155925077385,-7.169043290229489,12.738536912969735,-140.3532638821566,12.21,7,0.20000000000000107
2026-06-22 12:26:08.012084000,10.0,-134.200516,-9.893327976625669,-8.141189919649518,-6.9717155925077385,-7.169043290229489,12.812373385165102,-140.54913812113412,12.22,7,0.21000000000000085
2026-06-22 12:26:08.022084000,10.0,-134.200516,-9.590232182877429,-7.994259973106157,-6.9717155925077385,-7.169043290229489,12.485221096925166,-140.18596849547484,12.23,7,0.22000000000000064
2026-06-22 12:26:08.032084000,10.0,-134.200516,-9.959162678269452,-8.222575537829393,-6.9717155925077385,-7.169043290229489,12.914939787995355,-140.4559246207032,12.24,7,0.23000000000000043
2026-06-22 12:26:08.042083999,10.0,-134.200516,-9.312678667383132,-7.936828586781303,-6.9717155925077385,-7.169043290229489,12.2359810386369,-139.560354437075,12.249999999,7,0.23999999900000013
2026-06-22 12:26:08.052083999,10.0,-134.200516,-9.826377161500806,-8.142715823817294,-6.9717155925077385,-7.169043290229489,12.761720460326233,-140.35285031185458,12.259999999,7,0.24999999899999992
2026-06-22 12:26:08.062084000,10.0,-134.200516,-9.389166051660519,-8.00546937269373,-6.9717155925077385,-7.169043290229489,12.33871869453193,-139.54814877875455,12.27,7,0.2599999999999998
2026-06-22 12:26:08.072084000,10.0,-134.200516,-9.902841127284493,-8.173957881697293,-6.9717155925077385,-7.169043290229489,12.840554888477309,-140.4632087493929,12.28,7,0.2699999999999996
2026-06-22 12:26:08.082084000,10.0,-134.200516,-9.389066090999629,-7.996682497509097,-6.9717155925077385,-7.169043290229489,12.332943404845714,-139.5789107581784,12.29,7,0.27999999999999936
2026-06-22 12:26:08.092084000,10.0,-134.200516,-9.799980884109907,-8.15357347670251,-6.9717155925077385,-7.169043290229489,12.748348354547982,-140.2395803729507,12.3,7,0.2900000000000009
2026-06-22 12:26:08.102084000,10.0,-134.200516,-9.442464768163552,-7.997742241694042,-6.9717155925077385,-7.169043290229489,12.374329147981607,-139.7354905321442,12.31,7,0.3000000000000007
2026-06-22 12:26:08.112084000,10.0,-134.200516,-9.771884480062552,-8.147653831118062,-6.9717155925077385,-7.169043290229489,12.72297092834139,-140.1791488614705,12.32,7,0.3100000000000005
2026-06-22 12:26:08.122084000,10.0,-134.200516,-9.477094084769371,-8.020405216581214,-6.9717155925077385,-7.169043290229489,12.415402213771964,-139.7589716487731,12.33,7,0.3200000000000003
2026-06-22 12:26:08.132084000,10.0,-134.200516,-9.870813314547435,-8.195692849594943,-6.9717155925077385,-7.169043290229489,12.829744220971383,-140.2973001505469,12.34,7,0.33000000000000007
2026-06-22 12:26:08.142084000,10.0,-134.200516,-9.379433412402564,-8.017953913927474,-6.9717155925077385,-7.169043290229489,12.339422843211043,-139.47471594453438,12.35,7,0.33999999999999986
2026-06-22 12:26:08.152084000,10.0,-134.200516,-9.83447177193964,-8.17057909446618,-6.9717155925077385,-7.169043290229489,12.785741971900004,-140.2798530885444,12.36,7,0.34999999999999964
2026-06-22 12:26:08.162084000,10.0,-134.200516,-9.394904536222,-8.008878131347291,-6.9717155925077385,-7.169043290229489,12.345297087048882,-139.5533898795241,12.37,7,0.35999999999999943
2026-06-22 12:26:08.172084000,10.0,-134.200516,-9.86112414578587,-8.182550968109354,-6.9717155925077385,-7.169043290229489,12.813895183132585,-140.31483458118376,12.38,7,0.370000000000001
2026-06-22 12:26:08.182084000,10.0,-134.200516,-9.427757425742538,-8.020350495049469,-6.9717155925077385,-7.169043290229489,12.37774745832552,-139.61163282746978,12.39,7,0.3800000000000008
2026-06-22 12:26:08.192084000,10.0,-134.200516,-9.958847191011621,-8.201333707865277,-6.9717155925077385,-7.169043290229489,12.901182579968678,-140.52777965259688,12.4,7,0.39000000000000057
2026-06-22 12:26:08.202084000,10.0,-134.200516,-9.407548685145688,-8.02967839374554,-6.9717155925077385,-7.169043290229489,12.3684157178828,-139.5180608161391,12.41,7,0.40000000000000036
2026-06-22 12:26:08.212084000,10.0,-134.200516,-9.885168340943668,-8.197500456621,-6.9717155925077385,-7.169043290229489,12.84194560279308,-140.33200851280463,12.42,7,0.41000000000000014
2026-06-22 12:26:08.222084000,10.0,-134.200516,-9.401392946205908,-8.017194869967932,-6.9717155925077385,-7.169043290229489,12.355630413378766,-139.54355970474592,12.43,7,0.41999999999999993
2026-06-22 12:26:08.232084000,10.0,-134.200516,-9.808356671070015,-8.202696829590487,-6.9717155925077385,-7.169043290229489,12.78624635556102,-140.09437007616933,12.44,7,0.4299999999999997
2026-06-22 12:26:08.242084000,10.0,-134.200516,-9.425829078014127,-8.03150212765956,-6.9717155925077385,-7.169043290229489,12.383508397644697,-139.56655240805406,12.45,7,0.4399999999999995
2026-06-22 12:26:08.252084000,10.0,-134.200516,-9.951523244312927,-8.224113748763704,-6.9717155925077385,-7.169043290229489,12.910029505570646,-140.42907431174783,12.46,7,0.45000000000000107
2026-06-22 12:26:08.262084000,10.0,-134.200516,-9.431179804560218,-8.01190912052116,-6.9717155925077385,-7.169043290229489,12.37488748479899,-139.65166904708573,12.47,7,0.46000000000000085
2026-06-22 12:26:08.272084000,10.0,-134.200516,-9.851497636919657,-8.176424520433697,-6.9717155925077385,-7.169043290229489,12.80257488275632,-140.30842372551226,12.48,7,0.47000000000000064
2026-06-22 12:26:08.282084000,10.0,-134.200516,-9.43060358056264,-8.005936061381064,-6.9717155925077385,-7.169043290229489,12.370581882540636,-139.67102519976314,12.49,7,0.4800000000000004
2026-06-22 12:26:08.292084000,10.0,-134.200516,-9.838892168531304,-8.207604617948116,-6.9717155925077385,-7.169043290229489,12.81282844139224,-140.1651333661323,12.5,7,0.4900000000000002
2026-06-22 12:26:08.302084000,10.0,-134.200516,-9.495024907748864,-8.055045202951966,-6.9717155925077385,-7.169043290229489,12.451475865148307,-139.6905999858128,12.51,7,0.5
2026-06-22 12:26:08.312084000,10.0,-134.200516,-9.530571251164227,-8.089067991307047,-6.9717155925077385,-7.169043290229489,12.500592359624655,-139.67708325222563,12.52,7,0.5099999999999998
2026-06-22 12:26:08.322084000,10.0,-134.200516,-9.79135982614099,-8.141846631480915,-6.9717155925077385,-7.169043290229489,12.734221366676678,-140.25533207128103,12.53,7,0.5199999999999996
2026-06-22 12:26:08.332084000,10.0,-134.200516,-9.407387252747307,-8.045521318681367,-6.9717155925077385,-7.169043290229489,12.378584257196332,-139.46179944859838,12.54,7,0.5299999999999994
2026-06-22 12:26:08.342084000,10.0,-134.200516,-9.446177165354323,-8.036578740157474,-6.9717155925077385,-7.169043290229489,12.402292565732052,-139.60966843553913,12.55,7,0.5400000000000009
2026-06-22 12:26:08.352084000,10.0,-134.200516,-9.847238203095554,-8.140272555681392,-6.9717155925077385,-7.169043290229489,12.776233306780375,-140.42097903687804,12.56,7,0.5500000000000007
2026-06-22 12:26:08.362084000,10.0,-134.200516,-9.458528459609392,-8.078587278668586,-6.9717155925077385,-7.169043290229489,12.4389442092288,-139.4991565559528,12.57,7,0.5600000000000005
2026-06-22 12:26:08.372084000,10.0,-134.200516,-9.422811459837371,-7.995754236644117,-6.9717155925077385,-7.169043290229489,12.35805250112067,-139.68363205024946,12.58,7,0.5700000000000003
2026-06-22 12:26:08.382084000,10.0,-134.200516,-9.389200294009555,-8.035433664094082,-6.9717155925077385,-7.169043290229489,12.358206841248677,-139.44253878379695,12.59,7,0.5800000000000001
2026-06-22 12:26:08.392084000,10.0,-134.200516,-9.872723101265823,-8.195710838607594,-6.9717155925077385,-7.169043290229489,12.831225100680676,-140.30268597247553,12.6,7,0.5899999999999999
2026-06-22 12:26:08.402084000,10.0,-134.200516,-9.373696959572335,-8.024057133311054,-6.9717155925077385,-7.169043290229489,12.339031062791586,-139.43586585350343,12.61,7,0.5999999999999996
2026-06-22 12:26:08.412084000,10.0,-134.200516,-9.884331288343557,-8.198852760736198,-6.9717155925077385,-7.169043290229489,12.842164599862398,-140.3249804024557,12.62,7,0.6099999999999994
2026-06-22 12:26:08.422084000,10.0,-134.200516,-10.739271929823865,-8.433407894736622,-6.9717155925077385,-7.169043290229489,13.654828094916052,-141.85792253168418,12.63,7,0.620000000000001
2026-06-22 12:26:08.432084000,10.0,-134.200516,-9.874900990099007,-8.18037623762376,-6.9717155925077385,-7.169043290229489,12.823112919776454,-140.36162098978102,12.64,7,0.6300000000000008
2026-06-22 12:26:08.442084000,10.0,-134.200516,-9.412495314127035,-8.006359944463725,-6.9717155925077385,-7.169043290229489,12.357057400480771,-139.61518852801103,12.65,7,0.6400000000000006
2026-06-22 12:26:08.452084000,10.0,-134.200516,-9.877018974995567,-8.176962050008864,-6.9717155925077385,-7.169043290229489,12.822566521555176,-140.37940667683424,12.66,7,0.6500000000000004
2026-06-22 12:26:08.462084000,10.0,-134.200516,-10.92476551724207,-8.53593793103475,-6.9717155925077385,-7.169043290229489,13.864080855548961,-141.9981253105385,12.67,7,0.6600000000000001
2026-06-22 12:26:08.472084000,10.0,-134.200516,-9.866603430877902,-8.197564076690213,-6.9717155925077385,-7.169043290229489,12.827701277066499,-140.2788578949849,12.68,7,0.6699999999999999
2026-06-22 12:26:08.482084000,10.0,-134.200516,-10.045144906137928,-8.280845813119589,-6.9717155925077385,-7.169043290229489,13.01834642210634,-140.49909201361532,12.69,7,0.6799999999999997
2026-06-22 12:26:08.492084000,10.0,-134.200516,-9.869342520671506,-8.196117263843664,-6.9717155925077385,-7.169043290229489,12.828883817114049,-140.2916456392935,12.7,7,0.6899999999999995
2026-06-22 12:26:08.502084000,10.0,-134.200516,-10.1815146849158,-8.28798688337608,-6.9717155925077385,-7.169043290229489,13.128365010852267,-140.85361890256073,12.71,7,0.7000000000000011
2026-06-22 12:26:08.512084000,10.0,-134.200516,-9.211092436974893,-8.001974789916003,-6.9717155925077385,-7.169043290229489,12.201468125637478,-139.01809448578044,12.72,7,0.7100000000000009
2026-06-22 12:26:08.522084000,10.0,-134.200516,-9.375000917852068,-8.02391005048187,-6.9717155925077385,-7.169043290229489,12.339926041429546,-139.4403218490226,12.73,7,0.7200000000000006
2026-06-22 12:26:08.532084000,10.0,-134.200516,-9.882544041450773,-8.202051813471519,-6.9717155925077385,-7.169043290229489,12.842831879382583,-140.3089050893074,12.74,7,0.7300000000000004
2026-06-22 12:26:08.542084000,10.0,-134.200516,-9.384335149863748,-8.04259128065394,-6.9717155925077385,-7.169043290229489,12.35916747651795,-139.4026636251356,12.75,7,0.7400000000000002
2026-06-22 12:26:08.552084000,10.0,-134.200516,-9.892926164874552,-8.223058781362008,-6.9717155925077385,-7.169043290229489,12.864240507134276,-140.2664404051182,12.76,7,0.75
2026-06-22 12:26:08.562084000,10.0,-134.200516,-9.334140860610493,-8.033459360058833,-6.9717155925077385,-7.169043290229489,12.315139256030978,-139.2829579060727,12.77,7,0.7599999999999998
2026-06-22 12:26:08.572084000,10.0,-134.200516,-9.864301180092342,-8.197739866598265,-6.9717155925077385,-7.169043290229489,12.826042908550779,-140.27168156911782,12.78,7,0.7699999999999996
2026-06-22 12:26:08.582084000,10.0,-134.200516,-9.398577951728626,-8.054950424005181,-6.9717155925077385,-7.169043290229489,12.378024634322744,-139.4021268134194,12.79,7,0.7799999999999994
2026-06-22 12:26:08.592084000,10.0,-134.200516,-9.901811521602992,-8.209822166562306,-6.9717155925077385,-7.169043290229489,12.862622260485129,-140.33708327437742,12.8,7,0.7900000000000009
2026-06-22 12:26:08.602084000,10.0,-134.200516,-9.417982340720213,-8.050072368421045,-6.9717155925077385,-7.169043290229489,12.389594686951376,-139.47765066768707,12.81,7,0.8000000000000007
2026-06-22 12:26:08.612084000,10.0,-134.200516,-9.887824935064938,-8.174237402597408,-6.9717155925077385,-7.169043290229489,12.829155820260128,-140.41955532177542,12.82,7,0.8100000000000005
2026-06-22 12:26:08.622084000,10.0,-134.200516,-9.387595099183189,-8.05404511863088,-6.9717155925077385,-7.169043290229489,12.36909796707707,-139.3722045912742,12.83,7,0.8200000000000003
2026-06-22 12:26:08.632084000,10.0,-134.200516,-9.883962399283796,-8.201340196956133,-6.9717155925077385,-7.169043290229489,12.843468913679994,-140.31538891548115,12.84,7,0.8300000000000001
2026-06-22 12:26:08.642084000,10.0,-134.200516,-9.422190063810394,-8.052201002734737,-6.9717155925077385,-7.169043290229489,12.394176317408496,-139.482809056851,12.85,7,0.8399999999999999
2026-06-22 12:26:08.652084000,10.0,-134.200516,-9.877711585501444,-8.2195963975984,-6.9717155925077385,-7.169043290229489,12.850328832592654,-140.23494958561326,12.86,7,0.8499999999999996
2026-06-22 12:26:08.662084000,10.0,-134.200516,-9.34019101123594,-8.037467198260233,-6.9717155925077385,-7.169043290229489,12.322339351335923,-139.2871843203265,12.87,7,0.8599999999999994
2026-06-22 12:26:08.672084000,10.0,-134.200516,-9.88625512410274,-8.200336158436397,-6.9717155925077385,-7.169043290229489,12.844592383186283,-140.32536625396756,12.88,7,0.870000000000001
2026-06-22 12:26:08.682084000,10.0,-134.200516,-10.150756052992831,-8.327989492919263,-6.9717155925077385,-7.169043290229489,13.129861287978034,-140.63350297415062,12.89,7,0.8800000000000008
2026-06-22 12:26:08.692084000,10.0,-134.200516,-9.890943315508007,-8.241113368983983,-6.9717155925077385,-7.169043290229489,12.874265386073066,-140.19900816283632,12.9,7,0.8900000000000006
2026-06-22 12:26:08.702084000,10.0,-134.200516,-10.496251345854672,-8.418411652111471,-6.9717155925077385,-7.169043290229489,13.455145746507624,-141.26899817885297,12.91,7,0.9000000000000004
2026-06-22 12:26:08.712084000,10.0,-134.200516,-9.90758883248731,-8.250360406091362,-6.9717155925077385,-7.169043290229489,12.892973408179637,-140.21478835210635,12.92,7,0.9100000000000001
2026-06-22 12:26:08.722084000,10.0,-134.200516,-9.581931402439102,-8.11637728658539,-6.9717155925077385,-7.169043290229489,12.557427668883776,-139.73372470294535,12.93,7,0.9199999999999999
2026-06-22 12:26:08.732084000,10.0,-134.200516,-9.827590228656055,-8.171798157591715,-6.9717155925077385,-7.169043290229489,12.78122900314345,-140.255936226245,12.94,7,0.9299999999999997
2026-06-22 12:26:08.742084000,10.0,-134.200516,-9.300482758620637,-8.060747126436766,-6.9717155925077385,-7.169043290229489,12.307502743438992,-139.08446028800955,12.95,7,0.9399999999999995
2026-06-22 12:26:08.752084000,10.0,-134.200516,-9.873285359801477,-8.252102977667503,-6.9717155925077385,-7.169043290229489,12.867749117468021,-140.11108456633644,12.96,7,0.9500000000000011
2026-06-22 12:26:08.762084000,10.0,-134.200516,-9.959761532737998,-8.22306956845235,-6.9717155925077385,-7.169043290229489,12.915716120936333,-140.4559259928565,12.97,7,0.9600000000000009
2026-06-22 12:26:08.772084000,10.0,-134.200516,-9.88927888446215,-8.202725099601599,-6.9717155925077385,-7.169043290229489,12.848444883109513,-140.32577528809344,12.98,7,0.9700000000000006
2026-06-22 12:26:08.782084000,10.0,-134.200516,-9.41534337645322,-8.034038152939248,-6.9717155925077385,-7.169043290229489,12.377174957937898,-139.52613543594663,12.99,7,0.9800000000000004
2026-06-22 12:26:08.792084000,10.0,-134.200516,-9.88478533094812,-8.230338103756727,-6.9717155925077385,-7.169043290229489,12.86263761213372,-140.21832469369568,13.0,7,0.9900000000000002
2026-06-22 12:26:08.802084000,10.0,-134.200516,-10.1785172413786,-8.323137931034237,-6.9717155925077385,-7.169043290229489,13.148263697236313,-140.72657886262465,13.01,7,1.0
2026-06-22 12:26:08.812084000,10.0,-134.200516,-9.608459677419454,-8.14967741935486,-6.9717155925077385,-7.169043290229489,12.599195982765648,-139.69614661846313,13.02,7,1.0099999999999998
2026-06-22 12:26:08.822084000,10.0,-134.200516,-9.354986676016818,-8.049989714819999,-6.9717155925077385,-7.169043290229489,12.341722331877344,-139.2879216109232,13.03,7,1.0199999999999996
2026-06-22 12:26:08.832084000,10.0,-134.200516,-9.87411250873516,-8.228368273934318,-6.9717155925077385,-7.169043290229489,12.853176350095294,-140.19463032606583,13.04,7,1.0299999999999994
2026-06-22 12:26:08.842084000,10.0,-134.200516,-9.789434589800276,-8.156445676274886,-6.9717155925077385,-7.169043290229489,12.742081292237991,-140.19932195737036,13.05,7,1.040000000000001
2026-06-22 12:26:08.852084000,10.0,-134.200516,-9.8422465408809,-8.182593710691915,-6.9717155925077385,-7.169043290229489,12.799400642441697,-140.26072540249996,13.06,7,1.0500000000000007
2026-06-22 12:26:08.862084000,10.0,-134.200516,-9.370659474671571,-8.052957786116302,-6.9717155925077385,-7.169043290229489,12.355540785219532,-139.32489408116203,13.07,7,1.0600000000000005
2026-06-22 12:26:08.872084000,10.0,-134.200516,-9.809646196150393,-8.165778796211454,-6.9717155925077385,-7.169043290229489,12.763584991776582,-140.22521191622215,13.08,7,1.0700000000000003
2026-06-22 12:26:08.882084000,10.0,-134.200516,-9.391656338028154,-8.055622535211265,-6.9717155925077385,-7.169043290229489,12.373207474273919,-139.3789063028497,13.09,7,1.08
2026-06-22 12:26:08.892084000,10.0,-134.200516,-9.909674062739093,-8.233004590665638,-6.9717155925077385,-7.169043290229489,12.88347797062755,-140.28003551865285,13.1,7,1.0899999999999999
2026-06-22 12:26:08.902084000,10.0,-134.200516,-9.351011375387783,-8.059970010341258,-6.9717155925077385,-7.169043290229489,12.345222975314467,-139.24077721991324,13.11,7,1.0999999999999996
2026-06-22 12:26:08.912084000,10.0,-134.200516,-9.593792438658062,-8.1197412368553,-6.9717155925077385,-7.169043290229489,12.568653512192187,-139.75697101367987,13.12,7,1.1099999999999994
2026-06-22 12:26:08.922084000,10.0,-134.200516,-9.447121828826074,-8.07987231669912,-6.9717155925077385,-7.169043290229489,12.431108056116434,-139.46050825581622,13.13,7,1.120000000000001
2026-06-22 12:26:08.932084000,10.0,-134.200516,-9.695215787771039,-8.115929796182506,-6.9717155925077385,-7.169043290229489,12.643793957037097,-140.06707424001354,13.14,7,1.1300000000000008
2026-06-22 12:26:08.942084000,10.0,-134.200516,-9.933346323622063,-8.254486820532193,-6.9717155925077385,-7.169043290229489,12.915414118616392,-140.27384159864215,13.15,7,1.1400000000000006
2026-06-22 12:26:08.952084000,10.0,-134.200516,-9.151407582938411,-8.016890995260667,-6.9717155925077385,-7.169043290229489,12.166297792630026,-138.7807264288126,13.16,7,1.1500000000000004
2026-06-22 12:26:08.962084000,10.0,-134.200516,-9.510146236559155,-8.067965591397854,-6.9717155925077385,-7.169043290229489,12.471365210943025,-139.6902766144342,13.17,7,1.1600000000000001
2026-06-22 12:26:08.972084000,10.0,-134.200516,-9.927273275537129,-8.248506596306068,-6.9717155925077385,-7.169043290229489,12.906921234612785,-140.2770290729366,13.18,7,1.17
2026-06-22 12:26:08.982084000,10.0,-134.200516,-9.674797858098852,-8.105567157518891,-6.9717155925077385,-7.169043290229489,12.621486938555337,-140.04365002320546,13.19,7,1.1799999999999997
2026-06-22 12:26:08.992084000,10.0,-134.200516,-9.767181732580093,-8.195573446327707,-6.9717155925077385,-7.169043290229489,12.750108356849289,-140.00022424940005,13.2,7,1.1899999999999995
2026-06-22 12:26:09.002084000,10.0,-134.200516,-9.323754590984954,-8.03107623817473,-6.9717155925077385,-7.169043290229489,12.305713519186435,-139.25982233382098,13.21,7,1.200000000000001
2026-06-22 12:26:09.012084000,10.0,-134.200516,-9.876546162835995,-8.247142968445685,-6.9717155925077385,-7.169043290229489,12.867071587918266,-140.1373429543726,13.22,7,1.2100000000000009
2026-06-22 12:26:09.022084000,10.0,-134.200516,-9.365704768125351,-8.072935336381422,-6.9717155925077385,-7.169043290229489,12.364817457167806,-139.23972225983155,13.23,7,1.2200000000000006
2026-06-22 12:26:09.032084000,10.0,-134.200516,-9.891282571912017,-8.237512126339661,-6.9717155925077385,-7.169043290229489,12.872221135025741,-140.21228986078629,13.24,7,1.2300000000000004
2026-06-22 12:26:09.042083999,10.0,-134.200516,-10.379270206489693,-8.364969321533927,-6.9717155925077385,-7.169043290229489,13.3304899298386,-141.13360337736094,13.249999999,7,1.2399999990000001
2026-06-22 12:26:09.052083999,10.0,-134.200516,-9.888302556818179,-8.293276988636391,-6.9717155925077385,-7.169043290229489,12.905695280201792,-140.01358337154772,13.259999999,7,1.249999999
2026-06-22 12:26:09.062084000,10.0,-134.200516,-9.349374324324302,-8.041609459459458,-6.9717155925077385,-7.169043290229489,12.332002390317735,-139.3004266248708,13.27,7,1.2599999999999998
2026-06-22 12:26:09.072084000,10.0,-134.200516,-9.887084809164767,-8.194862937635166,-6.9717155925077385,-7.169043290229489,12.841737600116394,-140.34652505401192,13.28,7,1.2699999999999996
2026-06-22 12:26:09.082084000,10.0,-134.200516,-9.904034952364253,-8.270846338184587,-6.9717155925077385,-7.169043290229489,12.90336419262489,-140.13478805381837,13.29,7,1.2799999999999994
2026-06-22 12:26:09.092084000,10.0,-134.200516,-9.675049896050556,-8.149686070686254,-6.9717155925077385,-7.169043290229489,12.650058242625029,-139.8912085168447,13.3,7,1.290000000000001
2026-06-22 12:26:09.102084000,10.0,-134.200516,-9.332466571834956,-8.038530583214788,-6.9717155925077385,-7.169043290229489,12.317179313937764,-139.2599977682502,13.31,7,1.3000000000000007
2026-06-22 12:26:09.112084000,10.0,-134.200516,-9.561690639730712,-8.089925387205401,-6.9717155925077385,-7.169043290229489,12.524888049817624,-139.76621164684352,13.32,7,1.3100000000000005
2026-06-22 12:26:09.122084000,10.0,-134.200516,-9.459852009582084,-8.108340431195094,-6.9717155925077385,-7.169043290229489,12.459293101590767,-139.3990689941205,13.33,7,1.3200000000000003
2026-06-22 12:26:09.132084000,10.0,-134.200516,-9.779756342627488,-8.1481617683999,-6.9717155925077385,-7.169043290229489,12.729343043738604,-140.20008308667457,13.34,7,1.33
2026-06-22 12:26:09.142084000,10.0,-134.200516,-9.372165484633689,-8.044248226950389,-6.9717155925077385,-7.169043290229489,12.351008679786178,-139.36009008640988,13.35,7,1.3399999999999999
2026-06-22 12:26:09.152084000,10.0,-134.200516,-9.902277427859968,-8.227730188955622,-6.9717155925077385,-7.169043290229489,12.874418135222916,-140.27705481566466,13.36,7,1.3499999999999996
2026-06-22 12:26:09.162084000,10.0,-134.200516,-9.368576215505827,-8.034267411300906,-6.9717155925077385,-7.169043290229489,12.341785654516661,-139.38439743482553,13.37,7,1.3599999999999994
2026-06-22 12:26:09.172084000,10.0,-134.200516,-9.817438050314511,-8.179610062893097,-6.9717155925077385,-7.169043290229489,12.778423637238875,-140.1998999189107,13.38,7,1.370000000000001
2026-06-22 12:26:09.182084000,10.0,-134.200516,-9.33648141194129,-8.060901990236546,-6.9717155925077385,-7.169043290229489,12.334829794193544,-139.1934336441119,13.39,7,1.3800000000000008
2026-06-22 12:26:09.192084000,10.0,-134.200516,-9.88166445182724,-8.268920740389197,-6.9717155925077385,-7.169043290229489,12.8849657566229,-140.07759827622894,13.4,7,1.3900000000000006
2026-06-22 12:26:09.202084000,10.0,-134.200516,-9.347423604145765,-8.077873620862587,-6.9717155925077385,-7.169043290229489,12.35420455836672,-139.1670199266967,13.41,7,1.4000000000000004
2026-06-22 12:26:09.212084000,10.0,-134.200516,-9.88532315340909,-8.29378764204546,-6.9717155925077385,-7.169043290229489,12.903740825771099,-140.00334485999224,13.42,7,1.4100000000000001
2026-06-22 12:26:09.222084000,10.0,-134.200516,-9.326630313014828,-8.051630313014828,-6.9717155925077385,-7.169043290229489,12.321314203164626,-139.19613143811415,13.43,7,1.42
2026-06-22 12:26:09.232084000,10.0,-134.200516,-9.92754948692485,-8.271418404501787,-6.9717155925077385,-7.169043290229489,12.921787849894175,-140.1996729527445,13.44,7,1.4299999999999997
2026-06-22 12:26:09.242084000,10.0,-134.200516,-9.366640987059483,-8.066454709599629,-6.9717155925077385,-7.169043290229489,12.361296653769163,-139.2653079378436,13.45,7,1.4399999999999995
2026-06-22 12:26:09.252084000,10.0,-134.200516,-9.915129750983004,-8.27025950196601,-6.9717155925077385,-7.169043290229489,12.911506116975175,-140.16834506172236,13.46,7,1.450000000000001
2026-06-22 12:26:09.262084000,10.0,-134.200516,-9.305237603993286,-8.071093843593998,-6.9717155925077385,-7.169043290229489,12.317873302598612,-139.0625771564384,13.47,7,1.4600000000000009
2026-06-22 12:26:09.272084000,10.0,-134.200516,-9.850537414966,-8.208158730158734,-6.9717155925077385,-7.169043290229489,12.822127635580848,-140.19656565240348,13.48,7,1.4700000000000006
2026-06-22 12:26:09.282084000,10.0,-134.200516,-9.340147719762031,-8.047002313284853,-6.9717155925077385,-7.169043290229489,12.328528122082849,-139.25346386537095,13.49,7,1.4800000000000004
2026-06-22 12:26:09.292084000,10.0,-134.200516,-9.872623633677987,-8.217453175775496,-6.9717155925077385,-7.169043290229489,12.845047065243472,-140.22778140028703,13.5,7,1.4900000000000002
2026-06-22 12:26:09.302084000,10.0,-134.200516,-9.360453691275096,-8.081002013422802,-6.9717155925077385,-7.169043290229489,12.366110417081392,-139.19552765027862,13.51,7,1.5
2026-06-22 12:26:09.312084000,10.0,-134.200516,-9.911899758036647,-8.246329761493241,-6.9717155925077385,-7.169043290229489,12.893708207829745,-140.24081045947014,13.52,7,1.5099999999999998
2026-06-22 12:26:09.322084000,10.0,-134.200516,-9.35101907255041,-8.04777412116679,-6.9717155925077385,-7.169043290229489,12.337269795239278,-139.2837024780227,13.53,7,1.5199999999999996
2026-06-22 12:26:09.332084000,10.0,-134.200516,-9.848235546038612,-8.180204139900079,-6.9717155925077385,-7.169043290229489,12.802479570016772,-140.28608385292884,13.54,7,1.5299999999999994
2026-06-22 12:26:09.342084000,10.0,-134.200516,-9.34266370167625,-8.036513855627767,-6.9717155925077385,-7.169043290229489,12.323592008595385,-139.29804260884703,13.55,7,1.540000000000001
2026-06-22 12:26:09.352084000,10.0,-134.200516,-9.88618984700974,-8.267815368567488,-6.9717155925077385,-7.169043290229489,12.887727521166763,-140.0942783147411,13.56,7,1.5500000000000007
2026-06-22 12:26:09.362084000,10.0,-134.200516,-9.304574024426488,-8.057501042597545,-6.9717155925077385,-7.169043290229489,12.308469475425962,-139.10835222264583,13.57,7,1.5600000000000005
2026-06-22 12:26:09.372084000,10.0,-134.200516,-9.882202153110047,-8.252024521531093,-6.9717155925077385,-7.169043290229489,12.874541859766634,-140.13680093540245,13.58,7,1.5700000000000003
2026-06-22 12:26:09.382084000,10.0,-134.200516,-9.336357979502134,-8.076825402635418,-6.9717155925077385,-7.169043290229489,12.345148395465724,-139.13712053914477,13.59,7,1.58
2026-06-22 12:26:09.392084000,10.0,-134.200516,-9.83544536903038,-8.145657380607814,-6.9717155925077385,-7.169043290229489,12.770580244038706,-140.3686477780331,13.6,7,1.5899999999999999
2026-06-22 12:26:09.402084000,10.0,-134.200516,-9.343582583663268,-8.045275278877293,-6.9717155925077385,-7.169043290229489,12.330003641956058,-139.26996203655816,13.61,7,1.5999999999999996
2026-06-22 12:26:09.412084000,10.0,-134.200516,-9.886310839913845,-8.271180186647614,-6.9717155925077385,-7.169043290229489,12.889979197166692,-140.0831501339541,13.62,7,1.6099999999999994
2026-06-22 12:26:09.422084000,10.0,-134.200516,-9.435143334260722,-8.067877261341389,-6.9717155925077385,-7.169043290229489,12.414208522580648,-139.46664690493228,13.63,7,1.620000000000001
2026-06-22 12:26:09.432084000,10.0,-134.200516,-9.811170322580681,-8.160300460829497,-6.9717155925077385,-7.169043290229489,12.76125255253974,-140.24849412537503,13.64,7,1.6300000000000008
2026-06-22 12:26:09.442084000,10.0,-134.200516,-9.303313499680025,-8.066452975047962,-6.9717155925077385,-7.169043290229489,12.313379132958943,-139.0730238658211,13.65,7,1.6400000000000006
2026-06-22 12:26:09.452084000,10.0,-134.200516,-9.823764394440772,-8.16964725347452,-6.9717155925077385,-7.169043290229489,12.776912112231424,-140.25238358861927,13.66,7,1.6500000000000004
2026-06-22 12:26:09.462084000,10.0,-134.200516,-9.277686267958536,-8.083570664884721,-6.9717155925077385,-7.169043290229489,12.305266237706977,-138.9346344870074,13.67,7,1.6600000000000001
2026-06-22 12:26:09.472084000,10.0,-134.200516,-9.878428902883659,-8.274117998011224,-6.9717155925077385,-7.169043290229489,12.885821131551552,-140.05064290376524,13.68,7,1.67
2026-06-22 12:26:09.482084000,10.0,-134.200516,-9.386406657018854,-8.069158465991322,-6.9717155925077385,-7.169043290229489,12.378042990723827,-139.31552832200595,13.69,7,1.6799999999999997
2026-06-22 12:26:09.492084000,10.0,-134.200516,-9.895168845935194,-8.20532063672549,-6.9717155925077385,-7.169043290229489,12.854635476785782,-140.33363124155773,13.7,7,1.6899999999999995
2026-06-22 12:26:09.502084000,10.0,-134.200516,-9.350246092450735,-8.051404389757213,-6.9717155925077385,-7.169043290229489,12.339052420538295,-139.26858440798648,13.71,7,1.700000000000001
2026-06-22 12:26:09.512084000,10.0,-134.200516,-9.812398766124513,-8.167031407739765,-6.9717155925077385,-7.169043290229489,12.76650193124372,-140.2287946801961,13.72,7,1.7100000000000009
2026-06-22 12:26:09.522084000,10.0,-134.200516,-9.302888962545552,-8.03541763341067,-6.9717155925077385,-7.169043290229489,12.292749065720775,-139.18102021010708,13.73,7,1.7200000000000006
2026-06-22 12:26:09.532084000,10.0,-134.200516,-9.821794639808822,-8.184867872994197,-6.9717155925077385,-7.169043290229489,12.785136371777574,-140.19429461873554,13.74,7,1.7300000000000004
2026-06-22 12:26:09.542084000,10.0,-134.200516,-9.308404255319111,-8.049808510638295,-6.9717155925077385,-7.169043290229489,12.306331981479602,-139.1471003147989,13.75,7,1.7400000000000002
2026-06-22 12:26:09.552084000,10.0,-134.200516,-9.828242644387945,-8.176458409008356,-6.9717155925077385,-7.169043290229489,12.784710618203652,-140.24174673232702,13.76,7,1.75
2026-06-22 12:26:09.562084000,10.0,-134.200516,-9.332235605559296,-8.056993381866315,-6.9717155925077385,-7.169043290229489,12.329061754777056,-139.1942879822144,13.77,7,1.7599999999999998
2026-06-22 12:26:09.572084000,10.0,-134.200516,-9.882397414806107,-8.247052408930722,-6.9717155925077385,-7.169043290229489,12.871505432536493,-140.15434658859556,13.78,7,1.7699999999999996
2026-06-22 12:26:09.582084000,10.0,-134.200516,-9.296511425812593,-8.060310588992582,-6.9717155925077385,-7.169043290229489,12.304216004333233,-139.0738845644707,13.79,7,1.7799999999999994
2026-06-22 12:26:09.592084000,10.0,-134.200516,-9.91414543057996,-8.2214393673111,-6.9717155925077385,-7.169043290229489,12.879532013588936,-140.33232012458765,13.8,7,1.790000000000001
2026-06-22 12:26:09.602084000,10.0,-134.200516,-9.36195810810808,-8.02565945945946,-6.9717155925077385,-7.169043290229489,12.33115847668749,-139.39474029491765,13.81,7,1.8000000000000007
2026-06-22 12:26:09.612084000,10.0,-134.200516,-9.862274883099545,-8.281908149632649,-6.9717155925077385,-7.169043290229489,12.87844976962553,-139.97792593064614,13.82,7,1.8100000000000005
2026-06-22 12:26:09.622084000,10.0,-134.200516,-9.29369541595926,-8.0333779286927,-6.9717155925077385,-7.169043290229489,12.284459102045526,-139.16019061857145,13.83,7,1.8200000000000003
2026-06-22 12:26:09.632084000,10.0,-134.200516,-9.871587730061348,-8.277731901840518,-6.9717155925077385,-7.169043290229489,12.882899120580197,-140.01878485441503,13.84,7,1.83
2026-06-22 12:26:09.642084000,10.0,-134.200516,-9.279831009860553,-8.043317239034337,-6.9717155925077385,-7.169043290229489,12.280481089082645,-139.08280665694153,13.85,7,1.8399999999999999
2026-06-22 12:26:09.652084000,10.0,-134.200516,-9.879968676321992,-8.263221286628523,-6.9717155925077385,-7.169043290229489,12.880008038696811,-140.0922012596631,13.86,7,1.8499999999999996
2026-06-22 12:26:09.662084000,10.0,-134.200516,-9.331677242220652,-8.091334960341639,-6.9717155925077385,-7.169043290229489,12.351109326429981,-139.07201039757769,13.87,7,1.8599999999999994
2026-06-22 12:26:09.672084000,10.0,-134.200516,-9.906368556701029,-8.24733041237119,-6.9717155925077385,-7.169043290229489,12.890096854252786,-140.22166702287672,13.88,7,1.870000000000001
2026-06-22 12:26:09.682084000,10.0,-134.200516,-9.330636332767252,-8.037688964346337,-6.9717155925077385,-7.169043290229489,12.31524332938376,-139.2574073541609,13.89,7,1.8800000000000008
2026-06-22 12:26:09.692084000,10.0,-134.200516,-9.871931086901457,-8.181730428173383,-6.9717155925077385,-7.169043290229489,12.821690067375267,-140.34849446370328,13.9,7,1.8900000000000006
2026-06-22 12:26:09.702084000,10.0,-134.200516,-9.45075951717692,-8.083927576601525,-6.9717155925077385,-7.169043290229489,12.43650837314271,-139.4572030004547,13.91,7,1.9000000000000004
2026-06-22 12:26:09.712084000,10.0,-134.200516,-9.854358956276432,-8.17960930888575,-6.9717155925077385,-7.169043290229489,12.806810644542065,-140.30563526797863,13.92,7,1.9100000000000001
2026-06-22 12:26:09.722084000,10.0,-134.200516,-9.298723127035833,-8.054009771986971,-6.9717155925077385,-7.169043290229489,12.301761060942969,-139.10280532078377,13.93,7,1.92
2026-06-22 12:26:09.732084000,10.0,-134.200516,-9.870014127144298,-8.278937436932395,-6.9717155925077385,-7.169043290229489,12.882468084752578,-140.01017948218654,13.94,7,1.9299999999999997
2026-06-22 12:26:09.742084000,10.0,-134.200516,-9.295272727272643,-8.066557925828667,-6.9717155925077385,-7.169043290229489,12.307373880935279,-139.0481324620111,13.95,7,1.9399999999999995
2026-06-22 12:26:09.752084000,10.0,-134.200516,-9.809212465739545,-8.152183636179071,-6.9717155925077385,-7.169043290229489,12.754557900452916,-140.2709031375414,13.96,7,1.950000000000001
2026-06-22 12:26:09.762084000,10.0,-134.200516,-9.35773626748546,-8.026540088706922,-6.9717155925077385,-7.169043290229489,12.328526832003572,-139.37886313042182,13.97,7,1.9600000000000009
2026-06-22 12:26:09.772084000,10.0,-134.200516,-9.926691189557994,-8.241616730940429,-6.9717155925077385,-7.169043290229489,12.902071318690092,-140.2989103144266,13.98,7,1.9700000000000006
2026-06-22 12:26:09.782084000,10.0,-134.200516,-9.519375750299822,-8.095558223289208,-6.9717155925077385,-7.169043290229489,12.496262546140018,-139.62117900981067,13.99,7,1.9800000000000004
2026-06-22 12:26:09.792084000,10.0,-134.200516,-9.861479877347648,-8.234645074741302,-6.9717155925077385,-7.169043290229489,12.84749644398837,-140.13705951234346,14.0,7,1.9900000000000002
2026-06-22 12:26:09.802084000,10.0,-134.200516,-9.30523391003461,-8.073166089965401,-6.9717155925077385,-7.169043290229489,12.319228418883435,-139.0552852142,14.01,7,2.0
2026-06-22 12:26:09.902084000,5.0,-134.200516,-9.488257216164346,-8.05083932007702,-3.4858577962538693,-3.5845216451147444,12.44359428612943,-139.68520877091515,14.11,8,0.0
2026-06-22 12:26:09.912084000,5.0,-134.200516,-9.872233775296579,-8.173189637124969,-3.4858577962538693,-3.5845216451147444,12.816474888147424,-140.3787553438421,14.12,8,0.009999999999999787
2026-06-22 12:26:09.922084000,5.0,-134.200516,-9.563514399999544,-8.04741039999983,-3.4858577962538693,-3.5845216451147444,12.498864821455749,-139.9203953533397,14.13,8,0.02000000000000135
2026-06-22 12:26:09.932084000,5.0,-134.200516,-9.47629907834098,-6.783175576036837,-3.4858577962538693,-3.5845216451147444,11.653828345977505,-144.4047500168923,14.14,8,0.030000000000001137
2026-06-22 12:26:09.942084000,5.0,-134.200516,-9.478842128311666,-5.9296056492226095,-3.4858577962538693,-3.5845216451147444,11.180727670806972,-147.97145781992404,14.15,8,0.040000000000000924
2026-06-22 12:26:09.952084000,5.0,-134.200516,-9.607534058202747,-5.702267668692101,-3.4858577962538693,-3.5845216451147444,11.172312528968074,-149.3100037306583,14.16,8,0.05000000000000071
2026-06-22 12:26:09.962084000,5.0,-134.200516,-10.329840896279551,-5.9689757609920955,-3.4858577962538693,-3.5845216451147444,11.93039331194746,-149.9790409268612,14.17,8,0.0600000000000005
2026-06-22 12:26:09.972084000,5.0,-134.200516,-9.413626944051707,-6.11830943243784,-3.4858577962538693,-3.5845216451147444,11.227202792896996,-146.97847758990295,14.18,8,0.07000000000000028
2026-06-22 12:26:09.982084000,5.0,-134.200516,-9.045775339925989,-5.962801915945664,-3.4858577962538693,-3.5845216451147444,10.834253928592334,-146.60789379827912,14.19,8,0.08000000000000007
2026-06-22 12:26:09.992084000,5.0,-134.200516,-9.53316039426524,-5.953299283154155,-3.4858577962538693,-3.5845216451147444,11.239346931988138,-148.01591130517107,14.2,8,0.08999999999999986
2026-06-22 12:26:10.002084000,5.0,-134.200516,-10.588809936453817,-6.137320046216093,-3.4858577962538693,-3.5845216451147444,12.238855878717953,-149.9032335835978,14.21,8,0.10000000000000142
2026-06-22 12:26:10.012084000,5.0,-134.200516,-9.479829075425803,-5.93591423357678,-3.4858577962538693,-3.5845216451147444,11.184911134544961,-147.94674181781807,14.22,8,0.11000000000000121
2026-06-22 12:26:10.022084000,5.0,-134.200516,-10.461479346843916,-6.331524267458365,-3.4858577962538693,-3.5845216451147444,12.228276643658992,-148.81672395882708,14.23,8,0.120000000000001
2026-06-22 12:26:10.032084000,5.0,-134.200516,-9.85027500968117,-6.17468936362463,-3.4858577962538693,-3.5845216451147444,11.625605640292832,-147.91827174621108,14.24,8,0.13000000000000078
2026-06-22 12:26:10.042083999,5.0,-134.200516,-5.611260328239968,-4.043526127145824,-3.4858577962538693,-3.5845216451147444,6.9163824368083215,-144.22312955213494,14.249999999,8,0.13999999900000049
2026-06-22 12:26:10.052083999,5.0,-134.200516,-4.624034013605422,-3.5784353741495756,-3.4858577962538693,-3.5845216451147444,5.846955642549794,-142.26452235073498,14.259999999,8,0.14999999900000027
2026-06-22 12:26:10.062084000,5.0,-134.200516,-5.871031948881818,-4.14322044728435,-3.4858577962538693,-3.5845216451147444,7.1857700923134304,-144.789164750474,14.27,8,0.16000000000000014
2026-06-22 12:26:10.072084000,5.0,-134.200516,-4.816075177305042,-3.9527120567377163,-3.4858577962538693,-3.5845216451147444,6.230450442538927,-140.6231424774649,14.28,8,0.16999999999999993
2026-06-22 12:26:10.082084000,5.0,-134.200516,-4.992845683727802,-3.7673246753245997,-3.4858577962538693,-3.5845216451147444,6.254697693000753,-142.96381880062376,14.29,8,0.17999999999999972
2026-06-22 12:26:10.092084000,5.0,-134.200516,-4.914854111405886,-3.8858682581787343,-3.4858577962538693,-3.5845216451147444,6.265441968155509,-141.6687792893995,14.3,8,0.19000000000000128
2026-06-22 12:26:10.102084000,5.0,-134.200516,-4.691317073170494,-3.8180731707316324,-3.4858577962538693,-3.5845216451147444,6.048647668535644,-140.85925138212284,14.31,8,0.20000000000000107
2026-06-22 12:26:10.112084000,5.0,-134.200516,-4.3889200632268475,-3.7372919724511733,-3.4858577962538693,-3.5845216451147444,5.764544267220361,-139.584648026247,14.32,8,0.21000000000000085
2026-06-22 12:26:10.122084000,5.0,-134.200516,-4.992244420828691,-3.8403634431455194,-3.4858577962538693,-3.5845216451147444,6.298483605816855,-142.43014308750875,14.33,8,0.22000000000000064
2026-06-22 12:26:10.132084000,5.0,-134.200516,-4.922859226841729,-3.899078045222512,-3.4858577962538693,-3.5845216451147444,6.279916605340946,-141.61953490667273,14.34,8,0.23000000000000043
2026-06-22 12:26:10.142084000,5.0,-134.200516,-6.001683141582537,-4.197181263207327,-3.4858577962538693,-3.5845216451147444,7.323696545336561,-145.0335966885841,14.35,8,0.2400000000000002
2026-06-22 12:26:10.152084000,5.0,-134.200516,-4.1014650728427435,-3.643262980948824,-3.4858577962538693,-3.5845216451147444,5.485925709677542,-138.38584893921697,14.36,8,0.25
2026-06-22 12:26:10.162084000,5.0,-134.200516,-4.37721018062392,-3.7102692939244597,-3.4858577962538693,-3.5845216451147444,5.738124013891335,-139.71427792840947,14.37,8,0.2599999999999998
2026-06-22 12:26:10.172084000,5.0,-134.200516,-4.91598288209613,-3.817119475982548,-3.4858577962538693,-3.5845216451147444,6.22392872637432,-142.17168776505818,14.38,8,0.27000000000000135
2026-06-22 12:26:10.182084000,5.0,-134.200516,-4.369646366781989,-3.774216608996533,-3.4858577962538693,-3.5845216451147444,5.773951886044456,-139.18167845713722,14.39,8,0.28000000000000114
2026-06-22 12:26:10.192084000,5.0,-134.200516,-4.9580195858981515,-3.8824017907106985,-3.4858577962538693,-3.5845216451147444,6.297221758733237,-141.93710415711598,14.4,8,0.2900000000000009
2026-06-22 12:26:10.202084000,5.0,-134.200516,-4.439597881790176,-3.7520040997608244,-3.4858577962538693,-3.5845216451147444,5.812707124620838,-139.79809516075125,14.41,8,0.3000000000000007
2026-06-22 12:26:10.212084000,5.0,-134.200516,-4.894035753215631,-3.8620584259864894,-3.4858577962538693,-3.5845216451147444,6.234346897589685,-141.72176775143723,14.42,8,0.3100000000000005
2026-06-22 12:26:10.222084000,5.0,-134.200516,-4.45063260423782,-3.7732529049897434,-3.4858577962538693,-3.5845216451147444,5.834858015660558,-139.70867254550956,14.43,8,0.3200000000000003
2026-06-22 12:26:10.232084000,5.0,-134.200516,-5.003909675236809,-3.918553788903933,-3.4858577962538693,-3.5845216451147444,6.355641260680303,-141.93556013119309,14.44,8,0.33000000000000007
2026-06-22 12:26:10.242084000,5.0,-134.200516,-4.516495746852562,-3.8138679823068995,-3.4858577962538693,-3.5845216451147444,5.911372329485175,-139.82122342769998,14.45,8,0.33999999999999986
2026-06-22 12:26:10.252084000,5.0,-134.200516,-4.976618518518528,-3.9261777777778057,-3.4858577962538693,-3.5845216451147444,6.338896104336923,-141.72921563793338,14.46,8,0.3500000000000014
2026-06-22 12:26:10.262084000,5.0,-134.200516,-4.496842548887233,-3.8112282535400763,-3.4858577962538693,-3.5845216451147444,5.894663154927919,-139.7175805986652,14.47,8,0.3600000000000012
2026-06-22 12:26:10.272084000,5.0,-134.200516,-5.0278038147138995,-3.9653286103542293,-3.4858577962538693,-3.5845216451147444,6.403330554277629,-141.73785984325673,14.48,8,0.370000000000001
2026-06-22 12:26:10.282084000,5.0,-134.200516,-4.517602986087545,-3.847950458092964,-3.4858577962538693,-3.5845216451147444,5.934261493045698,-139.57669959388778,14.49,8,0.3800000000000008
2026-06-22 12:26:10.292084000,5.0,-134.200516,-5.05663673121946,-3.931191104490328,-3.4858577962538693,-3.5845216451147444,6.404985443507402,-142.13736329843488,14.5,8,0.39000000000000057
2026-06-22 12:26:10.302084000,5.0,-134.200516,-4.563078142695376,-3.8307633069082723,-3.4858577962538693,-3.5845216451147444,5.957888019248019,-139.98610515631418,14.51,8,0.40000000000000036
2026-06-22 12:26:10.312084000,5.0,-134.200516,-5.09642165433758,-3.9841392064559757,-3.4858577962538693,-3.5845216451147444,6.468916361742564,-141.98340124511157,14.52,8,0.41000000000000014
2026-06-22 12:26:10.322084000,5.0,-134.200516,-4.58392699999995,-3.8484186666666327,-3.4858577962538693,-3.5845216451147444,5.985207847291248,-139.98498725507127,14.53,8,0.41999999999999993
2026-06-22 12:26:10.332084000,5.0,-134.200516,-5.0359848073792985,-3.9647460661964384,-3.4858577962538693,-3.5845216451147444,6.409395786622577,-141.78723692588414,14.54,8,0.4299999999999997
2026-06-22 12:26:10.342084000,5.0,-134.200516,-4.713402816901097,-3.8789352112675113,-3.4858577962538693,-3.5845216451147444,6.1042857475369,-140.54703505562935,14.55,8,0.4400000000000013
2026-06-22 12:26:10.352084000,5.0,-134.200516,-5.118563207547163,-3.9773514150943514,-3.4858577962538693,-3.5845216451147444,6.482207462647932,-142.1512032465915,14.56,8,0.45000000000000107
2026-06-22 12:26:10.362084000,5.0,-134.200516,-4.64055368147906,-3.8708498216023153,-3.4858577962538693,-3.5845216451147444,6.043030432828179,-140.1673206360688,14.57,8,0.46000000000000085
2026-06-22 12:26:10.372084000,5.0,-134.200516,-4.934719671007576,-3.9818608636052186,-3.4858577962538693,-3.5845216451147444,6.340873296994667,-141.0996902276127,14.58,8,0.47000000000000064
2026-06-22 12:26:10.382084000,5.0,-134.200516,-4.681551954560668,-3.8717056465085236,-3.4858577962538693,-3.5845216451147444,6.075115909713722,-140.4087998256197,14.59,8,0.4800000000000004
2026-06-22 12:26:10.392084000,5.0,-134.200516,-5.120514431239388,-4.009367855121677,-3.4858577962538693,-3.5845216451147444,6.503437447858927,-141.9390209064995,14.6,8,0.4900000000000002
2026-06-22 12:26:10.402084000,5.0,-134.200516,-4.729237098472879,-3.901953133228014,-3.4858577962538693,-3.5845216451147444,6.131143595405355,-140.4749717034432,14.61,8,0.5
2026-06-22 12:26:10.412084000,5.0,-134.200516,-5.058039747064324,-3.9334727491719517,-3.4858577962538693,-3.5845216451147444,6.407493577941446,-142.12895609334205,14.62,8,0.5099999999999998
2026-06-22 12:26:10.422084000,5.0,-134.200516,-5.15467764206054,-3.9748818906001087,-3.4858577962538693,-3.5845216451147444,6.509254000097055,-142.3634169765125,14.63,8,0.5200000000000014
2026-06-22 12:26:10.432084000,5.0,-134.200516,-5.1251734104046225,-4.031757225433528,-3.4858577962538693,-3.5845216451147444,6.520925456678216,-141.80936685946764,14.64,8,0.5300000000000011
2026-06-22 12:26:10.442084000,5.0,-134.200516,-5.490151527835657,-4.140362913352781,-3.4858577962538693,-3.5845216451147444,6.876363054177937,-142.97845957149883,14.65,8,0.5400000000000009
2026-06-22 12:26:10.452084000,5.0,-134.200516,-5.151595,-4.003950000000003,-3.4858577962538693,-3.5845216451147444,6.5246108425349805,-142.14474469651424,14.66,8,0.5500000000000007
2026-06-22 12:26:10.462084000,5.0,-134.200516,-5.571863177368372,-4.15790904185616,-3.4858577962538693,-3.5845216451147444,6.952256242951837,-143.26847982415256,14.67,8,0.5600000000000005
2026-06-22 12:26:10.472084000,5.0,-134.200516,-4.793323132660182,-3.9220345332614017,-3.4858577962538693,-3.5845216451147444,6.19340790955918,-140.70898431515502,14.68,8,0.5700000000000003
2026-06-22 12:26:10.482084000,5.0,-134.200516,-4.771069714656305,-3.912200713359282,-3.4858577962538693,-3.5845216451147444,6.169961154149957,-140.64879636156545,14.69,8,0.5800000000000001
2026-06-22 12:26:10.492084000,5.0,-134.200516,-5.154526336529629,-4.018872192302645,-3.4858577962538693,-3.5845216451147444,6.536090226736548,-142.05723174260015,14.7,8,0.5899999999999999
2026-06-22 12:26:10.502084000,5.0,-134.200516,-4.882922242314587,-3.889504882459303,-3.4858577962538693,-3.5845216451147444,6.2426899534708005,-141.46083096036202,14.71,8,0.6000000000000014
2026-06-22 12:26:10.512084000,5.0,-134.200516,-5.080632073829065,-3.9966198850774926,-3.4858577962538693,-3.5845216451147444,6.464193126401582,-141.8100534256469,14.72,8,0.6100000000000012
2026-06-22 12:26:10.522084000,5.0,-134.200516,-5.915919908466684,-4.272140350877144,-3.4858577962538693,-3.5845216451147444,7.2972112166899175,-144.1653289816735,14.73,8,0.620000000000001
2026-06-22 12:26:10.532084000,5.0,-134.200516,-5.1851351602415185,-4.031691593125868,-3.4858577962538693,-3.5845216451147444,6.568117213635475,-142.13321943177314,14.74,8,0.6300000000000008
2026-06-22 12:26:10.542084000,5.0,-134.200516,-5.986534283169994,-4.29777025823684,-3.4858577962538693,-3.5845216451147444,7.369492649847398,-144.325198183008,14.75,8,0.6400000000000006
2026-06-22 12:26:10.552084000,5.0,-134.200516,-5.169095523765568,-4.058931241347481,-3.4858577962538693,-3.5845216451147444,6.572250098390948,-141.85991744567477,14.76,8,0.6500000000000004
2026-06-22 12:26:10.562084000,5.0,-134.200516,-5.085083568075058,-4.02625446009388,-3.4858577962538693,-3.5845216451147444,6.48604655177041,-141.6286131714994,14.77,8,0.6600000000000001
2026-06-22 12:26:10.572084000,5.0,-134.200516,-5.189549295774586,-4.056525821596318,-3.4858577962538693,-3.5845216451147444,6.586867513055973,-141.98625296375684,14.78,8,0.6699999999999999
2026-06-22 12:26:10.582084000,5.0,-134.200516,-4.89409009605821,-3.9766598211327824,-3.4858577962538693,-3.5845216451147444,6.306024199235749,-140.90464885102102,14.79,8,0.6799999999999997
2026-06-22 12:26:10.592084000,5.0,-134.200516,-5.232078320648337,-3.9970638350110597,-3.4858577962538693,-3.5845216451147444,6.584159996123396,-142.62185970417684,14.8,8,0.6900000000000013
2026-06-22 12:26:10.602084000,5.0,-134.200516,-4.940888554216851,-3.974573293172684,-3.4858577962538693,-3.5845216451147444,6.341104995818366,-141.18593821498382,14.81,8,0.7000000000000011
2026-06-22 12:26:10.612084000,5.0,-134.200516,-5.219844314868804,-4.056252478134112,-3.4858577962538693,-3.5845216451147444,6.6105944390680405,-142.14982668656478,14.82,8,0.7100000000000009
2026-06-22 12:26:10.622084000,5.0,-134.200516,-5.985630771714578,-4.279366322247344,-3.4858577962538693,-3.5845216451147444,7.3580399465673745,-144.43751031082957,14.83,8,0.7200000000000006
2026-06-22 12:26:10.632084000,5.0,-134.200516,-5.225967374417396,-4.0629906784049705,-3.4858577962538693,-3.5845216451147444,6.619564052963059,-142.1362937568399,14.84,8,0.7300000000000004
2026-06-22 12:26:10.642084000,5.0,-134.200516,-6.285295000000447,-4.388020000000265,-3.4858577962538693,-3.5845216451147444,7.6654845089813435,-145.07954048233648,14.85,8,0.7400000000000002
2026-06-22 12:26:10.652084000,5.0,-134.200516,-5.205288329519451,-4.058441647597255,-3.4858577962538693,-3.5845216451147444,6.600452651173502,-142.0572903949815,14.86,8,0.75
2026-06-22 12:26:10.662084000,5.0,-134.200516,-5.735207841644095,-4.200820327369517,-3.4858577962538693,-3.5845216451147444,7.109113897645533,-143.77865021757404,14.87,8,0.7599999999999998
2026-06-22 12:26:10.672084000,5.0,-134.200516,-5.22518032786884,-4.0902295081967415,-3.4858577962538693,-3.5845216451147444,6.635697920224433,-141.94644372030245,14.88,8,0.7700000000000014
2026-06-22 12:26:10.682084000,5.0,-134.200516,-5.6640769402317295,-4.161041926850956,-3.4858577962538693,-3.5845216451147444,7.028231463311118,-143.69760994368536,14.89,8,0.7800000000000011
2026-06-22 12:26:10.692084000,5.0,-134.200516,-5.234347689075632,-4.046189075630247,-3.4858577962538693,-3.5845216451147444,6.615893119290922,-142.29571430110354,14.9,8,0.7900000000000009
2026-06-22 12:26:10.702084000,5.0,-134.200516,-5.311564726542823,-4.0937664325137755,-3.4858577962538693,-3.5845216451147444,6.706090026851004,-142.37758765283314,14.91,8,0.8000000000000007
2026-06-22 12:26:10.712084000,5.0,-134.200516,-5.223,-4.0729944963522335,-3.4858577962538693,-3.5845216451147444,6.623368717451535,-142.05221838474174,14.92,8,0.8100000000000005
2026-06-22 12:26:10.722084000,5.0,-134.200516,-5.326669283205898,-4.08730716794049,-3.4858577962538693,-3.5845216451147444,6.714125820815911,-142.4999318182708,14.93,8,0.8200000000000003
2026-06-22 12:26:10.732084000,5.0,-134.200516,-5.214681281618887,-4.11354510961214,-3.4858577962538693,-3.5845216451147444,6.641848706322687,-141.73223814941133,14.94,8,0.8300000000000001
2026-06-22 12:26:10.742084000,5.0,-134.200516,-6.1357304939779,-4.338695932972531,-3.4858577962538693,-3.5845216451147444,7.51475023493946,-144.73511669114998,14.95,8,0.8399999999999999
2026-06-22 12:26:10.752084000,5.0,-134.200516,-5.231259697256372,-4.093962157048274,-3.4858577962538693,-3.5845216451147444,6.642785873673951,-141.95341372466967,14.96,8,0.8500000000000014
2026-06-22 12:26:10.762084000,5.0,-134.200516,-5.46025417439575,-4.133448979591438,-3.4858577962538693,-3.5845216451147444,6.848341121460854,-142.874034594036,14.97,8,0.8600000000000012
2026-06-22 12:26:10.772084000,5.0,-134.200516,-5.233284546197866,-4.082955028618171,-3.4858577962538693,-3.5845216451147444,6.6376041541501865,-142.03900985762078,14.98,8,0.870000000000001
2026-06-22 12:26:10.782084000,5.0,-134.200516,-6.010342692584539,-4.353578113750876,-3.4858577962538693,-3.5845216451147444,7.421446063594008,-144.08239194702267,14.99,8,0.8800000000000008
2026-06-22 12:26:10.792084000,5.0,-134.200516,-5.267183867141161,-4.097264531435357,-3.4858577962538693,-3.5845216451147444,6.673140379973309,-142.12118055591256,15.0,8,0.8900000000000006
2026-06-22 12:26:10.802084000,5.0,-134.200516,-6.243252747252765,-4.513742543171122,-3.4858577962538693,-3.5845216451147444,7.704029894289877,-144.1338493967174,15.01,8,0.9000000000000004
2026-06-22 12:26:10.812084000,5.0,-134.200516,-5.283370210314029,-4.078105445116681,-3.4858577962538693,-3.5845216451147444,6.67419993712535,-142.33631956940042,15.02,8,0.9100000000000001
2026-06-22 12:26:10.822084000,5.0,-134.200516,-5.240657709532798,-4.037001919385744,-3.4858577962538693,-3.5845216451147444,6.615276088388884,-142.39209365269446,15.03,8,0.9199999999999999
2026-06-22 12:26:10.832084000,5.0,-134.200516,-5.25356143079317,-4.113881285640228,-3.4858577962538693,-3.5845216451147444,6.672625190991809,-141.93673915476018,15.04,8,0.9299999999999997
2026-06-22 12:26:10.842084000,5.0,-134.200516,-5.110778023925229,-4.0241439964553765,-3.4858577962538693,-3.5845216451147444,6.504904835125946,-141.78367630401098,15.05,8,0.9400000000000013
2026-06-22 12:26:10.852084000,5.0,-134.200516,-4.881664203369873,-4.014968666863745,-3.4858577962538693,-3.5845216451147444,6.320650187311465,-140.56410443656458,15.06,8,0.9500000000000011
2026-06-22 12:26:10.862084000,5.0,-134.200516,-5.181418904958361,-4.040004648760253,-3.4858577962538693,-3.5845216451147444,6.570292187617257,-142.0560976647015,15.07,8,0.9600000000000009
2026-06-22 12:26:10.872084000,5.0,-134.200516,-4.727032164421744,-4.020550859266152,-3.4858577962538693,-3.5845216451147444,6.205615384103619,-139.6173589644766,15.08,8,0.9700000000000006
2026-06-22 12:26:10.882084000,5.0,-134.200516,-5.01740204148817,-4.0073905169574955,-3.4858577962538693,-3.5845216451147444,6.4213317934312135,-141.3856971584813,15.09,8,0.9800000000000004
2026-06-22 12:26:10.892084000,5.0,-134.200516,-4.688435218534022,-3.9957060255037486,-3.4858577962538693,-3.5845216451147444,6.160121057303755,-139.56079562706773,15.1,8,0.9900000000000002
2026-06-22 12:26:10.902084000,5.0,-134.200516,-5.405146477445614,-4.117963507349248,-3.4858577962538693,-3.5845216451147444,6.79508880666786,-142.69768376169932,15.11,8,1.0
2026-06-22 12:26:10.912084000,5.0,-134.200516,-5.269377562028082,-4.116744336569577,-3.4858577962538693,-3.5845216451147444,6.6868470764540975,-142.000976431006,15.12,8,1.0099999999999998
2026-06-22 12:26:10.922084000,5.0,-134.200516,-5.7935978260862,-4.256728260869286,-3.4858577962538693,-3.5845216451147444,7.1892636102255985,-143.6941707760301,15.13,8,1.0200000000000014
2026-06-22 12:26:10.932084000,5.0,-134.200516,-5.2779414114514065,-4.120030625832225,-3.4858577962538693,-3.5845216451147444,6.695619306719068,-142.0239324266393,15.14,8,1.0300000000000011
2026-06-22 12:26:10.942084000,5.0,-134.200516,-5.7683616405717535,-4.205386827773973,-3.4858577962538693,-3.5845216451147444,7.138576495887293,-143.90632186600664,15.15,8,1.040000000000001
2026-06-22 12:26:10.952084000,5.0,-134.200516,-5.311672837174187,-4.099071023800531,-3.4858577962538693,-3.5845216451147444,6.709415144953784,-142.34227201632748,15.16,8,1.0500000000000007
2026-06-22 12:26:10.962084000,5.0,-134.200516,-5.192156284454267,-4.067478914002212,-3.4858577962538693,-3.5845216451147444,6.595670670830264,-141.9252361456485,15.17,8,1.0600000000000005
2026-06-22 12:26:10.972084000,5.0,-134.200516,-5.281734939759023,-4.080120481927708,-3.4858577962538693,-3.5845216451147444,6.674137181757447,-142.31404801251355,15.18,8,1.0700000000000003
2026-06-22 12:26:10.982084000,5.0,-134.200516,-5.231075243533832,-4.0416147127981334,-3.4858577962538693,-3.5845216451147444,6.610506613733843,-142.30973597132,15.19,8,1.08
2026-06-22 12:26:10.992084000,5.0,-134.200516,-5.2518322017458905,-4.105901066925343,-3.4858577962538693,-3.5845216451147444,6.666345704107592,-141.98157766742438,15.2,8,1.0899999999999999
2026-06-22 12:26:11.002084000,5.0,-134.200516,-5.131434702777025,-4.0342442047280045,-3.4858577962538693,-3.5845216451147444,6.527384500107667,-141.82619004158335,15.21,8,1.1000000000000014
2026-06-22 12:26:11.012084000,5.0,-134.200516,-5.283210207175347,-4.085837038908547,-3.4858577962538693,-3.5845216451147444,6.6788003714528505,-142.2829753236565,15.22,8,1.1100000000000012
2026-06-22 12:26:11.022084000,5.0,-134.200516,-5.117565252524975,-4.043460202020184,-3.4858577962538693,-3.5845216451147444,6.5221962956639175,-141.68724118502348,15.23,8,1.120000000000001
2026-06-22 12:26:11.032084000,5.0,-134.200516,-4.936984940604287,-4.067164156767381,-3.4858577962538693,-3.5845216451147444,6.396533794317579,-140.51777800362345,15.24,8,1.1300000000000008
2026-06-22 12:26:11.042083999,5.0,-134.200516,-5.136624688279187,-4.045690773067323,-3.4858577962538693,-3.5845216451147444,6.538541658467989,-141.77544537934634,15.249999999,8,1.1399999990000005
2026-06-22 12:26:11.052083999,5.0,-134.200516,-5.2964069536423946,-4.134099006622518,-3.4858577962538693,-3.5845216451147444,6.718831834117356,-142.02625869659278,15.259999999,8,1.1499999990000003
2026-06-22 12:26:11.062084000,5.0,-134.200516,-5.970160906828947,-4.327763616256601,-3.4858577962538693,-3.5845216451147444,7.373761534767927,-144.0616817730746,15.27,8,1.1600000000000001
2026-06-22 12:26:11.072084000,5.0,-134.200516,-5.2890740740741276,-4.1011232439335785,-3.4858577962538693,-3.5845216451147444,6.69279585995086,-142.210167847559,15.28,8,1.17
2026-06-22 12:26:11.082084000,5.0,-134.200516,-5.1995649952949154,-4.101284850114243,-3.4858577962538693,-3.5845216451147444,6.622387300820816,-141.73452011223466,15.29,8,1.1799999999999997
2026-06-22 12:26:11.092084000,5.0,-134.200516,-5.067969162995638,-4.082585903083708,-3.4858577962538693,-3.5845216451147444,6.507827524845179,-141.14624727367985,15.3,8,1.1900000000000013
2026-06-22 12:26:11.102084000,5.0,-134.200516,-5.244393510966006,-4.081157150625322,-3.4858577962538693,-3.5845216451147444,6.645261995283749,-142.11014954949616,15.31,8,1.200000000000001
2026-06-22 12:26:11.112084000,5.0,-134.200516,-5.3287064220183575,-4.134758846657932,-3.4858577962538693,-3.5845216451147444,6.744727040590725,-142.19066686818275,15.32,8,1.2100000000000009
2026-06-22 12:26:11.122084000,5.0,-134.200516,-5.109307593719915,-4.092433514899065,-3.4858577962538693,-3.5845216451147444,6.546223045475392,-141.30610483757698,15.33,8,1.2200000000000006
2026-06-22 12:26:11.132084000,5.0,-134.200516,-4.660384784446323,-3.9966912933220624,-3.4858577962538693,-3.5845216451147444,6.13944033550414,-139.38399712662735,15.34,8,1.2300000000000004
2026-06-22 12:26:11.142084000,5.0,-134.200516,-5.207596527490521,-4.092917734601038,-3.4858577962538693,-3.5845216451147444,6.623521508634439,-141.8343747396653,15.35,8,1.2400000000000002
2026-06-22 12:26:11.152084000,5.0,-134.200516,-5.185791428571432,-4.147776571428571,-3.4858577962538693,-3.5845216451147444,6.640518295068291,-141.34596289529043,15.36,8,1.25
2026-06-22 12:26:11.162084000,5.0,-134.200516,-5.342934285714302,-4.110633714285711,-3.4858577962538693,-3.5845216451147444,6.741235518395996,-142.42679825836223,15.37,8,1.2599999999999998
2026-06-22 12:26:11.172084000,5.0,-134.200516,-5.303741851369048,-4.140578878748391,-3.4858577962538693,-3.5845216451147444,6.728600974727277,-142.02119320564046,15.38,8,1.2700000000000014
2026-06-22 12:26:11.182084000,5.0,-134.200516,-5.897509839158876,-4.363975649204751,-3.4858577962538693,-3.5845216451147444,7.336545901841532,-143.4996991120966,15.39,8,1.2800000000000011
2026-06-22 12:26:11.192084000,5.0,-134.200516,-4.7989915074321505,-4.006127388535446,-3.4858577962538693,-3.5845216451147444,6.251349945538142,-140.14536853742555,15.4,8,1.290000000000001
2026-06-22 12:26:11.202084000,5.0,-134.200516,-5.208556939944997,-4.094748068776464,-3.4858577962538693,-3.5845216451147444,6.625407696391051,-141.82706221281214,15.41,8,1.3000000000000007
2026-06-22 12:26:11.212084000,5.0,-134.200516,-5.11069646418861,-4.116981142339085,-3.4858577962538693,-3.5845216451147444,6.562678727123979,-141.14641344507254,15.42,8,1.3100000000000005
2026-06-22 12:26:11.222084000,5.0,-134.200516,-5.214804627249455,-4.137758354755802,-3.4858577962538693,-3.5845216451147444,6.65696864216242,-141.569274858055,15.43,8,1.3200000000000003
2026-06-22 12:26:11.232084000,5.0,-134.200516,-5.360173764072361,-4.108602545276547,-3.4858577962538693,-3.5845216451147444,6.753671420501783,-142.52963752078745,15.44,8,1.33
2026-06-22 12:26:11.242084000,5.0,-134.200516,-5.931068490583834,-4.5107295043567746,-3.4858577962538693,-3.5845216451147444,7.451459863776433,-142.74608144168508,15.45,8,1.3399999999999999
2026-06-22 12:26:11.252084000,5.0,-134.200516,-5.3188840788842215,-4.161826358826339,-3.4858577962538693,-3.5845216451147444,6.7536158082637305,-141.95815908848152,15.46,8,1.3500000000000014
2026-06-22 12:26:11.262084000,5.0,-134.200516,-5.3126476129030875,-4.137809419354815,-3.4858577962538693,-3.5845216451147444,6.733920956603686,-142.0863969258261,15.47,8,1.3600000000000012
2026-06-22 12:26:11.272084000,5.0,-134.200516,-4.731498280210967,-3.995648475120381,-3.4858577962538693,-3.5845216451147444,6.192921985006041,-139.81962775093302,15.48,8,1.370000000000001
2026-06-22 12:26:11.282084000,5.0,-134.200516,-5.232053621448566,-4.1412881152460965,-3.4858577962538693,-3.5845216451147444,6.672679548066999,-141.63759302920747,15.49,8,1.3800000000000008
2026-06-22 12:26:11.292084000,5.0,-134.200516,-4.998074306514361,-4.096977030249777,-3.4858577962538693,-3.5845216451147444,6.462659480417741,-140.65814608659673,15.5,8,1.3900000000000006
2026-06-22 12:26:11.302084000,5.0,-134.200516,-5.170723812423871,-4.11931790499391,-3.4858577962538693,-3.5845216451147444,6.610988182319695,-141.45700825610237,15.51,8,1.4000000000000004
2026-06-22 12:26:11.312084000,5.0,-134.200516,-5.063335171463058,-4.094681199379638,-3.4858577962538693,-3.5845216451147444,6.511818270124552,-141.03779157071372,15.52,8,1.4100000000000001
2026-06-22 12:26:11.322084000,5.0,-134.200516,-5.115215082853887,-4.12821609739595,-3.4858577962538693,-3.5845216451147444,6.5732483210856225,-141.0948590946449,15.53,8,1.42
2026-06-22 12:26:11.332084000,5.0,-134.200516,-5.217485970819327,-4.122581369248036,-3.4858577962538693,-3.5845216451147444,6.649649389386444,-141.68607560909072,15.54,8,1.4299999999999997
2026-06-22 12:26:11.342084000,5.0,-134.200516,-5.230209407665053,-4.144445644599237,-3.4858577962538693,-3.5845216451147444,6.673194148911421,-141.6065083986714,15.55,8,1.4400000000000013
2026-06-22 12:26:11.352084000,5.0,-134.200516,-5.249252405107586,-4.1220180164421905,-3.4858577962538693,-3.5845216451147444,6.674255264851786,-141.85893741680667,15.56,8,1.450000000000001
2026-06-22 12:26:11.362084000,5.0,-134.200516,-5.193385469222877,-4.108440968718441,-3.4858577962538693,-3.5845216451147444,6.6219740127381534,-141.65279287938296,15.57,8,1.4600000000000009
2026-06-22 12:26:11.372084000,5.0,-134.200516,-5.234693412162177,-4.119903378378378,-3.4858577962538693,-3.5845216451147444,6.6615027558733075,-141.79590491315554,15.58,8,1.4700000000000006
2026-06-22 12:26:11.382084000,5.0,-134.200516,-5.178423049645404,-4.156520212765961,-3.4858577962538693,-3.5845216451147444,6.6402353542800565,-141.24733306291876,15.59,8,1.4800000000000004
2026-06-22 12:26:11.392084000,5.0,-134.200516,-5.225927842840945,-4.114675103891198,-3.4858577962538693,-3.5845216451147444,6.651381287308844,-141.78459673442535,15.6,8,1.4900000000000002
2026-06-22 12:26:11.402084000,5.0,-134.200516,-5.258190819422863,-4.140210166919447,-3.4858577962538693,-3.5845216451147444,6.692526497498984,-141.78370510397653,15.61,8,1.5
2026-06-22 12:26:11.412084000,5.0,-134.200516,-5.210718880432128,-4.138192241590967,-3.4858577962538693,-3.5845216451147444,6.654038343686902,-141.5444807641244,15.62,8,1.5099999999999998
2026-06-22 12:26:11.422084000,5.0,-134.200516,-5.221626569728767,-4.1494117647058255,-3.4858577962538693,-3.5845216451147444,6.669557858417342,-141.52727935509938,15.63,8,1.5200000000000014
2026-06-22 12:26:11.432084000,5.0,-134.200516,-5.257858314201414,-4.11483174811414,-3.4858577962538693,-3.5845216451147444,6.676594518727717,-141.953051331221,15.64,8,1.5300000000000011
2026-06-22 12:26:11.442084000,5.0,-134.200516,-5.229394337714609,-4.127944051230155,-3.4858577962538693,-3.5845216451147444,6.662318457519727,-141.71338164219006,15.65,8,1.540000000000001
2026-06-22 12:26:11.452084000,5.0,-134.200516,-5.272202482037885,-4.129322664924886,-3.4858577962538693,-3.5845216451147444,6.69682198379715,-141.9310523710255,15.66,8,1.5500000000000007
2026-06-22 12:26:11.462084000,5.0,-134.200516,-5.22197670758572,-4.13055681460496,-3.4858577962538693,-3.5845216451147444,6.6581183778337305,-141.65618372531048,15.67,8,1.5600000000000005
2026-06-22 12:26:11.472084000,5.0,-134.200516,-5.315580410324262,-4.1232978160158815,-3.4858577962538693,-3.5845216451147444,6.727330821223555,-142.19925299333082,15.68,8,1.5700000000000003
2026-06-22 12:26:11.482084000,5.0,-134.200516,-5.214530017152686,-4.157661063464845,-3.4858577962538693,-3.5845216451147444,6.669143034786255,-141.433863372291,15.69,8,1.58
2026-06-22 12:26:11.492084000,5.0,-134.200516,-5.260435812214427,-4.125898213543821,-3.4858577962538693,-3.5845216451147444,6.685448451895516,-141.89197667547765,15.7,8,1.5899999999999999
2026-06-22 12:26:11.502084000,5.0,-134.200516,-5.32576416372976,-4.16278368121434,-3.4858577962538693,-3.5845216451147444,6.759625130453061,-141.9877054452904,15.71,8,1.6000000000000014
2026-06-22 12:26:11.512084000,5.0,-134.200516,-5.232278679750262,-4.1331209634255215,-3.4858577962538693,-3.5845216451147444,6.667790419687519,-141.69382122386048,15.72,8,1.6100000000000012
2026-06-22 12:26:11.522084000,5.0,-134.200516,-5.218601603346041,-4.174386197281265,-3.4858577962538693,-3.5845216451147444,6.682761616165746,-141.343506298045,15.73,8,1.620000000000001
2026-06-22 12:26:11.532084000,5.0,-134.200516,-5.275885192697791,-4.115344016227184,-3.4858577962538693,-3.5845216451147444,6.691115074367254,-142.04473226048697,15.74,8,1.6300000000000008
2026-06-22 12:26:11.542084000,5.0,-134.200516,-5.265922046284935,-4.154717417783174,-3.4858577962538693,-3.5845216451147444,6.7075786852768715,-141.72719765866557,15.75,8,1.6400000000000006
2026-06-22 12:26:11.552084000,5.0,-134.200516,-5.246178800094864,-4.144104102442498,-3.4858577962538693,-3.5845216451147444,6.685506025309193,-141.6938007035387,15.76,8,1.6500000000000004
2026-06-22 12:26:11.562084000,5.0,-134.200516,-5.285101584022094,-4.162841597796158,-3.4858577962538693,-3.5845216451147444,6.72767039336611,-141.7740540361987,15.77,8,1.6600000000000001
2026-06-22 12:26:11.572084000,5.0,-134.200516,-5.289970568709947,-4.109599468909054,-3.4858577962538693,-3.5845216451147444,6.698701098920225,-142.15757284882974,15.78,8,1.67
2026-06-22 12:26:11.582084000,5.0,-134.200516,-5.1331110083252005,-4.1507021276594465,-3.4858577962538693,-3.5845216451147444,6.601299627826783,-141.0405333984795,15.79,8,1.6799999999999997
2026-06-22 12:26:11.592084000,5.0,-134.200516,-5.290808300985497,-4.114522245446389,-3.4858577962538693,-3.5845216451147444,6.702383589891751,-142.12873357736666,15.8,8,1.6900000000000013
2026-06-22 12:26:11.602084000,5.0,-134.200516,-5.196216356555303,-4.122287754218856,-3.4858577962538693,-3.5845216451147444,6.632791324375855,-141.57415703191828,15.81,8,1.700000000000001
2026-06-22 12:26:11.612084000,5.0,-134.200516,-5.273930529787694,-4.146012368583798,-3.4858577962538693,-3.5845216451147444,6.708484314170865,-141.82793281253151,15.82,8,1.7100000000000009
2026-06-22 12:26:11.622084000,5.0,-134.200516,-5.195383999999826,-4.155135999999932,-3.4858577962538693,-3.5845216451147444,6.652606262657487,-141.34806836698516,15.83,8,1.7200000000000006
2026-06-22 12:26:11.632084000,5.0,-134.200516,-5.2500273410799805,-4.1361708817498295,-3.4858577962538693,-3.5845216451147444,6.683614040706008,-141.76761782498443,15.84,8,1.7300000000000004
2026-06-22 12:26:11.642084000,5.0,-134.200516,-5.115154463863994,-4.153564478034967,-3.4858577962538693,-3.5845216451147444,6.589150405202604,-140.92300284783636,15.85,8,1.7400000000000002
2026-06-22 12:26:11.652084000,5.0,-134.200516,-5.088218278980655,-4.132674842422605,-3.4858577962538693,-3.5845216451147444,6.55507182323318,-140.91633378114778,15.86,8,1.75
2026-06-22 12:26:11.662084000,5.0,-134.200516,-5.165913562559303,-4.1367043935051395,-3.4858577962538693,-3.5845216451147444,6.6180802484617,-141.3133292314365,15.87,8,1.7599999999999998
2026-06-22 12:26:11.672084000,5.0,-134.200516,-5.319277777777813,-4.130957777777782,-3.4858577962538693,-3.5845216451147444,6.734948272922638,-142.1670419222768,15.88,8,1.7700000000000014
2026-06-22 12:26:11.682084000,5.0,-134.200516,-5.233723577235252,-4.20452845528441,-3.4858577962538693,-3.5845216451147444,6.713413588794039,-141.22323516384787,15.89,8,1.7800000000000011
2026-06-22 12:26:11.692084000,5.0,-134.200516,-5.257674654576873,-4.142251943005183,-3.4858577962538693,-3.5845216451147444,6.693384340728557,-141.76723982030555,15.9,8,1.790000000000001
2026-06-22 12:26:11.702084000,5.0,-134.200516,-5.100080428028794,-4.089831895063795,-3.4858577962538693,-3.5845216451147444,6.5373959113888365,-141.2733447676446,15.91,8,1.8000000000000007
2026-06-22 12:26:11.712084000,5.0,-134.200516,-5.271380591357097,-4.136612585291888,-3.4858577962538693,-3.5845216451147444,6.700672878131833,-141.8776450955879,15.92,8,1.8100000000000005
2026-06-22 12:26:11.722084000,5.0,-134.200516,-5.099032684539169,-4.13653617333825,-3.4858577962538693,-3.5845216451147444,6.565901753097938,-140.94967443132725,15.93,8,1.8200000000000003
2026-06-22 12:26:11.732084000,5.0,-134.200516,-5.224013060360013,-4.161324038122129,-3.4858577962538693,-3.5845216451147444,6.6788419808425665,-141.4600100152266,15.94,8,1.83
2026-06-22 12:26:11.742084000,5.0,-134.200516,-5.083235783633314,-4.099115117891641,-3.4858577962538693,-3.5845216451147444,6.530086583020013,-141.11733792885323,15.95,8,1.8399999999999999
2026-06-22 12:26:11.752084000,5.0,-134.200516,-5.221463048301794,-4.189524662911772,-3.4858577962538693,-3.5845216451147444,6.69445989351845,-141.25762583138982,15.96,8,1.8500000000000014
2026-06-22 12:26:11.762084000,5.0,-134.200516,-5.738865871121621,-4.3464224343675255,-3.4858577962538693,-3.5845216451147444,7.199025591335111,-142.8609464643565,15.97,8,1.8600000000000012
2026-06-22 12:26:11.772084000,5.0,-134.200516,-5.2547289527720835,-4.120031314168378,-3.4858577962538693,-3.5845216451147444,6.677337373297025,-141.90136728353428,15.98,8,1.870000000000001
2026-06-22 12:26:11.782084000,5.0,-134.200516,-5.2688470919322485,-4.18893746091302,-3.4858577962538693,-3.5845216451147444,6.7311177919869545,-141.51394114023591,15.99,8,1.8800000000000008
2026-06-22 12:26:11.792084000,5.0,-134.200516,-5.21359231441048,-4.121823930131004,-3.4858577962538693,-3.5845216451147444,6.646124986176578,-141.67038859435607,16.0,8,1.8900000000000006
2026-06-22 12:26:11.802084000,5.0,-117.0129,-5.124991875202597,-4.108569385765192,-2.2709554804947403,-4.454521433960207,6.568552665430917,-141.28177866992456,16.01,9,0.0
2026-06-22 12:26:11.812084000,5.0,-117.0129,-5.188289984670383,-4.122373275421557,-2.2709554804947403,-4.454521433960207,6.626636732682791,-141.53098398974734,16.02,9,0.00999999999999801
2026-06-22 12:26:11.822084000,5.0,-117.0129,-5.338160118851092,-4.36342357213607,-2.2709554804947403,-4.454521433960207,6.894593441557305,-140.73736206301328,16.03,9,0.019999999999999574
2026-06-22 12:26:11.832084000,5.0,-117.0129,-4.474020934388525,-4.800071738575439,-2.2709554804947403,-4.454521433960207,6.561825357079949,-132.98647215690417,16.04,9,0.029999999999997584
2026-06-22 12:26:11.842084000,5.0,-117.0129,-4.9487070312498656,-4.638190917968684,-2.2709554804947403,-4.454521433960207,6.782515482670795,-136.85514075915037,16.05,9,0.03999999999999915
2026-06-22 12:26:11.852084000,5.0,-117.0129,-4.1247717874231276,-4.2166166267942735,-2.2709554804947403,-4.454521433960207,5.89860984263917,-134.36915669686627,16.06,9,0.04999999999999716
2026-06-22 12:26:11.862084000,5.0,-117.0129,-4.459437679311494,-4.295298374242924,-2.2709554804947403,-4.454521433960207,6.191621156000824,-136.074091518,16.07,9,0.05999999999999872
2026-06-22 12:26:11.872084000,5.0,-117.0129,-4.6216678507995725,-4.541175843694605,-2.2709554804947403,-4.454521433960207,6.479358900884388,-135.50330812351075,16.08,9,0.06999999999999673
2026-06-22 12:26:11.882084000,5.0,-117.0129,-4.664785834735833,-4.638335581786909,-2.2709554804947403,-4.454521433960207,6.578326827790071,-135.1629005695708,16.09,9,0.0799999999999983
2026-06-22 12:26:11.892084000,5.0,-117.0129,-4.526120388349624,-4.370882718446617,-2.2709554804947403,-4.454521433960207,6.292088803271091,-135.99961309941986,16.1,9,0.08999999999999986
2026-06-22 12:26:11.902084000,5.0,-117.0129,-5.637402200631908,-4.718464473838182,-2.2709554804947403,-4.454521433960207,7.351476760662616,-140.0709140096191,16.11,9,0.09999999999999787
2026-06-22 12:26:11.912084000,5.0,-117.0129,-4.371524035206552,-4.460096817874096,-2.2709554804947403,-4.454521433960207,6.245213048023199,-134.42539692595537,16.12,9,0.10999999999999943
2026-06-22 12:26:11.922084000,5.0,-117.0129,-5.219966850827322,-4.84604972375656,-2.2709554804947403,-4.454521433960207,7.122657639452927,-137.1273586496901,16.13,9,0.11999999999999744
2026-06-22 12:26:11.932084000,5.0,-117.0129,-4.440642996108468,-4.585139105058147,-2.2709554804947403,-4.454521433960207,6.3830095434380025,-134.08281521528468,16.14,9,0.129999999999999
2026-06-22 12:26:11.942084000,5.0,-117.0129,-4.610783636364206,-4.5191127272729075,-2.2709554804947403,-4.454521433960207,6.456137048046913,-135.5752726524578,16.15,9,0.13999999999999702
2026-06-22 12:26:11.952084000,5.0,-117.0129,-4.246012745220535,-4.417239910033737,-2.2709554804947403,-4.454521433960207,6.127041101165396,-133.86770972961727,16.16,9,0.14999999999999858
2026-06-22 12:26:11.962084000,5.0,-117.0129,-4.307597363082384,-4.484467883704998,-2.2709554804947403,-4.454521433960207,6.2181868130843325,-133.84753270766805,16.17,9,0.16000000000000014
2026-06-22 12:26:11.972084000,5.0,-117.0129,-4.577591111111118,-4.461663209876596,-2.2709554804947403,-4.454521433960207,6.392243657659636,-135.7347746951296,16.18,9,0.16999999999999815
2026-06-22 12:26:11.982084000,5.0,-117.0129,-4.734248598129785,-4.585942056074428,-2.2709554804947403,-4.454521433960207,6.591204315644144,-135.91163605666756,16.19,9,0.17999999999999972
2026-06-22 12:26:11.992084000,5.0,-117.0129,-4.566973924822223,-4.513283440568883,-2.2709554804947403,-4.454521433960207,6.420823797996593,-135.33877919689343,16.2,9,0.18999999999999773
2026-06-22 12:26:12.002084000,5.0,-117.0129,-4.393835486321785,-4.445805851063705,-2.2709554804947403,-4.454521433960207,6.250678358883368,-134.66314829547767,16.21,9,0.1999999999999993
2026-06-22 12:26:12.012084000,5.0,-117.0129,-4.556428571428561,-4.493904761904765,-2.2709554804947403,-4.454521433960207,6.399704785035075,-135.39581894756702,16.22,9,0.2099999999999973
2026-06-22 12:26:12.022084000,5.0,-117.0129,-4.429909729929376,-4.466910839807522,-2.2709554804947403,-4.454521433960207,6.29105656198646,-134.76171316552035,16.23,9,0.21999999999999886
2026-06-22 12:26:12.032084000,5.0,-117.0129,-4.534310225303261,-4.54370155979205,-2.2709554804947403,-4.454521433960207,6.41912712786921,-134.9407267085585,16.24,9,0.22999999999999687
2026-06-22 12:26:12.042083999,5.0,-117.0129,-4.448669856459226,-4.451387559808586,-2.2709554804947403,-4.454521433960207,6.293291245396767,-134.98250427836987,16.249999999,9,0.23999999899999835
2026-06-22 12:26:12.052083999,5.0,-117.0129,-4.563043646944696,-4.509263821532498,-2.2709554804947403,-4.454521433960207,6.4152028445018185,-135.33964026654195,16.259999999,9,0.24999999899999992
2026-06-22 12:26:12.062084000,5.0,-117.0129,-4.439006770480484,-4.502291807718279,-2.2709554804947403,-4.454521433960207,6.322611219284221,-134.59447669019502,16.27,9,0.259999999999998
2026-06-22 12:26:12.072084000,5.0,-117.0129,-4.54443511450382,-4.52763358778626,-2.2709554804947403,-4.454521433960207,6.4149323001248915,-135.10611201273616,16.28,9,0.2699999999999996
2026-06-22 12:26:12.082084000,5.0,-117.0129,-4.57501877470391,-4.4654199604744,-2.2709554804947403,-4.454521433960207,6.393025278559162,-135.6945726936588,16.29,9,0.2799999999999976
2026-06-22 12:26:12.092084000,5.0,-117.0129,-4.549352539352505,-4.523985446985485,-2.2709554804947403,-4.454521433960207,6.4158438924158325,-135.16018620120786,16.3,9,0.28999999999999915
2026-06-22 12:26:12.102084000,5.0,-117.0129,-4.469352493339259,-4.493776551199345,-2.2709554804947403,-4.454521433960207,6.337912858491109,-134.84387238392245,16.31,9,0.29999999999999716
2026-06-22 12:26:12.112084000,5.0,-117.0129,-4.540972646822205,-4.491291633145615,-2.2709554804947403,-4.454521433960207,6.38687193492646,-135.31514619274228,16.32,9,0.3099999999999987
2026-06-22 12:26:12.122084000,5.0,-117.0129,-4.760562753034844,-4.5285141700401494,-2.2709554804947403,-4.454521433960207,6.57041842760696,-136.43099685463343,16.33,9,0.31999999999999673
2026-06-22 12:26:12.132084000,5.0,-117.0129,-4.486217284707513,-4.51886944529578,-2.2709554804947403,-4.454521433960207,6.367599751023634,-134.7922482202738,16.34,9,0.3299999999999983
2026-06-22 12:26:12.142084000,5.0,-117.0129,-5.517456501401642,-4.814221702525098,-2.2709554804947403,-4.454521433960207,7.322503454824921,-138.89388182550408,16.35,9,0.33999999999999986
2026-06-22 12:26:12.152084000,5.0,-117.0129,-4.5605840540540585,-4.4812221621621315,-2.2709554804947403,-4.454521433960207,6.393768761907581,-135.50288455507567,16.36,9,0.34999999999999787
2026-06-22 12:26:12.162084000,5.0,-117.0129,-4.5863517587933735,-4.532286432160666,-2.2709554804947403,-4.454521433960207,6.4479642336581495,-135.33970848175753,16.37,9,0.35999999999999943
2026-06-22 12:26:12.172084000,5.0,-117.0129,-4.525273093718514,-4.543144104803489,-2.2709554804947403,-4.454521433960207,6.412351747194116,-134.88708810337354,16.38,9,0.36999999999999744
2026-06-22 12:26:12.182084000,5.0,-117.0129,-4.583473507148793,-4.4911349873843385,-2.2709554804947403,-4.454521433960207,6.417049389372235,-135.58299208018033,16.39,9,0.379999999999999
2026-06-22 12:26:12.192084000,5.0,-117.0129,-4.560212508406197,-4.515681237390704,-2.2709554804947403,-4.454521433960207,6.4177032620359435,-135.28112200104857,16.4,9,0.389999999999997
2026-06-22 12:26:12.202084000,5.0,-117.0129,-4.547310805926973,-4.510702204553662,-2.2709554804947403,-4.454521433960207,6.405034734009292,-135.23156369170127,16.41,9,0.3999999999999986
2026-06-22 12:26:12.212084000,5.0,-117.0129,-4.553584940312201,-4.5241515151515275,-2.2709554804947403,-4.454521433960207,6.418962746479055,-135.18577374843255,16.42,9,0.41000000000000014
2026-06-22 12:26:12.222084000,5.0,-117.0129,-4.620822075782723,-4.482955518945681,-2.2709554804947403,-4.454521433960207,6.4380809905504055,-135.8676143486115,16.43,9,0.41999999999999815
2026-06-22 12:26:12.232084000,5.0,-117.0129,-4.573537322274867,-4.499082938388657,-2.2709554804947403,-4.454521433960207,6.4155273302154265,-135.470186790503,16.44,9,0.4299999999999997
2026-06-22 12:26:12.242084000,5.0,-117.0129,-4.820544468546969,-4.553806941431768,-2.2709554804947403,-4.454521433960207,6.631350287314865,-136.62985270937105,16.45,9,0.4399999999999977
2026-06-22 12:26:12.252084000,5.0,-117.0129,-4.554127995324368,-4.515902396259495,-2.2709554804947403,-4.454521433960207,6.413536953221631,-135.24147135501656,16.46,9,0.4499999999999993
2026-06-22 12:26:12.262084000,5.0,-117.0129,-4.823836381775766,-4.50615829730626,-2.2709554804947403,-4.454521433960207,6.601125664500378,-136.95011733994943,16.47,9,0.4599999999999973
2026-06-22 12:26:12.272084000,5.0,-117.0129,-4.559836317135557,-4.507905370843982,-2.2709554804947403,-4.454521433960207,6.4119667865291055,-135.3281292764858,16.48,9,0.46999999999999886
2026-06-22 12:26:12.282084000,5.0,-117.0129,-5.304047690014804,-4.753500496770947,-2.2709554804947403,-4.454521433960207,7.122407519283983,-138.13322690461194,16.49,9,0.4799999999999969
2026-06-22 12:26:12.292084000,5.0,-117.0129,-4.552528750826172,-4.491967944481166,-2.2709554804947403,-4.454521433960207,6.395568312616577,-135.3836395621282,16.5,9,0.48999999999999844
2026-06-22 12:26:12.302084000,5.0,-117.0129,-5.07551941747554,-4.613169902912556,-2.2709554804947403,-4.454521433960207,6.858734133228193,-137.7321130616773,16.51,9,0.5
2026-06-22 12:26:12.312084000,5.0,-117.0129,-4.5853121808898445,-4.496920739119873,-2.2709554804947403,-4.454521433960207,6.42241262534129,-135.5576047997021,16.52,9,0.509999999999998
2026-06-22 12:26:12.322084000,5.0,-117.0129,-5.621879125412472,-4.877643234323398,-2.2709554804947403,-4.454521433960207,7.442911286727077,-139.05450579704677,16.53,9,0.5199999999999996
2026-06-22 12:26:12.332084000,5.0,-117.0129,-4.557101635139458,-4.470359410067324,-2.2709554804947403,-4.454521433960207,6.3836735950523185,-135.55052139593312,16.54,9,0.5299999999999976
2026-06-22 12:26:12.342084000,5.0,-117.0129,-4.735878268709675,-4.547366095581308,-2.2709554804947403,-4.454521433960207,6.565598326373534,-136.1633290274861,16.55,9,0.5399999999999991
2026-06-22 12:26:12.352084000,5.0,-117.0129,-4.127299448022078,-4.342063247470101,-2.2709554804947403,-4.454521433960207,5.9906689091180745,-133.54742047110764,16.56,9,0.5499999999999972
2026-06-22 12:26:12.362084000,5.0,-117.0129,-5.6062481203041985,-4.890620300753018,-2.2709554804947403,-4.454521433960207,7.439636073932105,-138.9001256238528,16.57,9,0.5599999999999987
2026-06-22 12:26:12.372084000,5.0,-117.0129,-4.543290166205014,-4.499957756232698,-2.2709554804947403,-4.454521433960207,6.394615339659924,-135.27454131828105,16.58,9,0.5699999999999967
2026-06-22 12:26:12.382084000,5.0,-117.0129,-5.588411925976658,-4.851988690884152,-2.2709554804947403,-4.454521433960207,7.400820367423185,-139.0347278751413,16.59,9,0.5799999999999983
2026-06-22 12:26:12.392084000,5.0,-117.0129,-4.577985294117643,-4.5123300653594764,-2.2709554804947403,-4.454521433960207,6.42799128592319,-135.41381425759198,16.6,9,0.5899999999999999
2026-06-22 12:26:12.402084000,5.0,-117.0129,-4.910149792632403,-4.593682605513555,-2.2709554804947403,-4.454521433960207,6.7239490529216415,-136.90718187107672,16.61,9,0.5999999999999979
2026-06-22 12:26:12.412084000,5.0,-117.0129,-4.577615464452515,-4.474435391800741,-2.2709554804947403,-4.454521433960207,6.4011823451448295,-135.65305937563227,16.62,9,0.6099999999999994
2026-06-22 12:26:12.422084000,5.0,-117.0129,-5.397097423359002,-4.7273236787662,-2.2709554804947403,-4.454521433960207,7.17469509882141,-138.78484590320588,16.63,9,0.6199999999999974
2026-06-22 12:26:12.432084000,5.0,-117.0129,-4.58075223499361,-4.495860791826314,-2.2709554804947403,-4.454521433960207,6.418415326066091,-135.53585842876825,16.64,9,0.629999999999999
2026-06-22 12:26:12.442084000,5.0,-117.0129,-5.422020066890294,-4.677779264214212,-2.2709554804947403,-4.454521433960207,7.160999961630602,-139.2144327799933,16.65,9,0.639999999999997
2026-06-22 12:26:12.452084000,5.0,-117.0129,-4.568155530216647,-4.474743215507412,-2.2709554804947403,-4.454521433960207,6.394636173620713,-135.59183909718487,16.66,9,0.6499999999999986
2026-06-22 12:26:12.462084000,5.0,-117.0129,-4.453402142161521,-4.423301850048659,-2.2709554804947403,-4.454521433960207,6.276813673867715,-135.19428529909374,16.67,9,0.6600000000000001
2026-06-22 12:26:12.472084000,5.0,-117.0129,-4.032679579413391,-4.432783065855006,-2.2709554804947403,-4.454521433960207,5.9926680451322065,-132.29404102381184,16.68,9,0.6699999999999982
2026-06-22 12:26:12.482084000,5.0,-117.0129,-4.516644795602507,-4.385130882858076,-2.2709554804947403,-4.454521433960207,6.295192854030673,-135.8464203391508,16.69,9,0.6799999999999997
2026-06-22 12:26:12.492084000,5.0,-117.0129,-4.0447398308497755,-4.39797392267418,-2.2709554804947403,-4.454521433960207,5.975123004908332,-132.60420330538943,16.7,9,0.6899999999999977
2026-06-22 12:26:12.502084000,5.0,-117.0129,-4.484860927152153,-4.417668874172149,-2.2709554804947403,-4.454521433960207,6.295218488481991,-135.43243303186375,16.71,9,0.6999999999999993
2026-06-22 12:26:12.512084000,5.0,-117.0129,-4.054059214106861,-4.422500272123614,-2.2709554804947403,-4.454521433960207,5.999492042533116,-132.51115551242955,16.72,9,0.7099999999999973
2026-06-22 12:26:12.522084000,5.0,-117.0129,-4.534841912985372,-4.409917967452586,-2.2709554804947403,-4.454521433960207,6.325517184818169,-135.8001499890867,16.73,9,0.7199999999999989
2026-06-22 12:26:12.532084000,5.0,-117.0129,-4.051775382038954,-4.350681180657335,-2.2709554804947403,-4.454521433960207,5.945192215750708,-132.96264082405818,16.74,9,0.7299999999999969
2026-06-22 12:26:12.542084000,5.0,-117.0129,-4.537780060626603,-4.462126978780756,-2.2709554804947403,-4.454521433960207,6.364120131910101,-135.48161610860004,16.75,9,0.7399999999999984
2026-06-22 12:26:12.552084000,5.0,-117.0129,-4.592515727287242,-4.497679227207412,-2.2709554804947403,-4.454521433960207,6.4280882956158685,-135.5977357026291,16.76,9,0.75
2026-06-22 12:26:12.562084000,5.0,-117.0129,-5.421771369721943,-4.813484037075203,-2.2709554804947403,-4.454521433960207,7.2501885051848385,-138.4011218600947,16.77,9,0.759999999999998
2026-06-22 12:26:12.572084000,5.0,-117.0129,-4.594119026678397,-4.483820580474937,-2.2709554804947403,-4.454521433960207,6.419546450426156,-135.69611880817814,16.78,9,0.7699999999999996
2026-06-22 12:26:12.582084000,5.0,-117.0129,-4.544120608899151,-4.462837470725963,-2.2709554804947403,-4.454521433960207,6.369140475632305,-135.51705073999167,16.79,9,0.7799999999999976
2026-06-22 12:26:12.592084000,5.0,-117.0129,-4.591751830161088,-4.499170204978033,-2.2709554804947403,-4.454521433960207,6.4285859567365025,-135.58347800047179,16.8,9,0.7899999999999991
2026-06-22 12:26:12.602084000,5.0,-117.0129,-4.519025540275132,-4.45006679764246,-2.2709554804947403,-4.454521433960207,6.342293460345301,-135.44050913011233,16.81,9,0.7999999999999972
2026-06-22 12:26:12.612084000,5.0,-117.0129,-4.0372977948226225,-4.387030488974106,-2.2709554804947403,-4.454521433960207,5.962030693921996,-132.62275319218452,16.82,9,0.8099999999999987
2026-06-22 12:26:12.622084000,5.0,-117.0129,-4.636489920586007,-4.484498778252716,-2.2709554804947403,-4.454521433960207,6.4504083650452495,-135.95468214374108,16.83,9,0.8199999999999967
2026-06-22 12:26:12.632084000,5.0,-117.0129,-4.160839386078646,-4.462936121919582,-2.2709554804947403,-4.454521433960207,6.101670527411154,-132.99371018226793,16.84,9,0.8299999999999983
2026-06-22 12:26:12.642084000,5.0,-117.0129,-5.321121883656524,-4.877005540166163,-2.2709554804947403,-4.454521433960207,7.217999801852296,-137.4935876183056,16.85,9,0.8399999999999999
2026-06-22 12:26:12.652084000,5.0,-117.0129,-4.257096992084414,-4.448523799472291,-2.2709554804947403,-4.454521433960207,6.157291514496091,-133.74033326080698,16.86,9,0.8499999999999979
2026-06-22 12:26:12.662084000,5.0,-117.0129,-4.719530205872447,-4.574408707391171,-2.2709554804947403,-4.454521433960207,6.572608339647098,-135.89458019780136,16.87,9,0.8599999999999994
2026-06-22 12:26:12.672084000,5.0,-117.0129,-4.514370233418063,-4.496798243586781,-2.2709554804947403,-4.454521433960207,6.37187045128008,-135.11172797194956,16.88,9,0.8699999999999974
2026-06-22 12:26:12.682084000,5.0,-117.0129,-4.635871198568351,-4.4996058437684185,-2.2709554804947403,-4.454521433960207,6.460476338397228,-135.8545641068024,16.89,9,0.879999999999999
2026-06-22 12:26:12.692084000,5.0,-117.0129,-4.45744665271965,-4.4849874476987415,-2.2709554804947403,-4.454521433960207,6.323285780973124,-134.8235417437826,16.9,9,0.889999999999997
2026-06-22 12:26:12.702084000,5.0,-117.0129,-4.923083790132805,-4.59764839467491,-2.2709554804947403,-4.454521433960207,6.736106053628102,-136.9577084418423,16.91,9,0.8999999999999986
2026-06-22 12:26:12.712084000,5.0,-117.0129,-4.016014520202024,-4.375335542929291,-2.2709554804947403,-4.454521433960207,5.939017910369849,-132.54806929482794,16.92,9,0.9100000000000001
2026-06-22 12:26:12.722084000,5.0,-117.0129,-4.575317073170506,-4.473964769647667,-2.2709554804947403,-4.454521433960207,6.399209879359641,-135.64168809644318,16.93,9,0.9199999999999982
2026-06-22 12:26:12.732084000,5.0,-117.0129,-4.033394931599025,-4.374214173581518,-2.2709554804947403,-4.454521433960207,5.949960025967414,-132.67867199193552,16.94,9,0.9299999999999997
2026-06-22 12:26:12.742084000,5.0,-117.0129,-4.592777370350993,-4.4741786275536946,-2.2709554804947403,-4.454521433960207,6.411854518379721,-135.74940475252484,16.95,9,0.9399999999999977
2026-06-22 12:26:12.752084000,5.0,-117.0129,-3.993006983240252,-4.418739059590309,-2.2709554804947403,-4.454521433960207,5.955615807366562,-132.10264011113796,16.96,9,0.9499999999999993
2026-06-22 12:26:12.762084000,5.0,-117.0129,-5.0580548324115515,-4.612626098275392,-2.2709554804947403,-4.454521433960207,6.84545383522328,-137.63716298333995,16.97,9,0.9599999999999973
2026-06-22 12:26:12.772084000,5.0,-117.0129,-4.023213333333347,-4.388868617886176,-2.2709554804947403,-4.454521433960207,5.95385700790482,-132.5110413088311,16.98,9,0.9699999999999989
2026-06-22 12:26:12.782084000,5.0,-117.0129,-4.575138888888077,-4.488527777777724,-2.2709554804947403,-4.454521433960207,6.4092727718906035,-135.54749366548347,16.99,9,0.9799999999999969
2026-06-22 12:26:12.792084000,5.0,-117.0129,-4.006032099866243,-4.409256464556403,-2.2709554804947403,-4.454521433960207,5.957334618383558,-132.25673129775444,17.0,9,0.9899999999999984
2026-06-22 12:26:12.802084000,5.0,-117.0129,-4.656384897958926,-4.4619061224489585,-2.2709554804947403,-4.454521433960207,6.449071759833926,-136.22184341886165,17.01,9,1.0
2026-06-22 12:26:12.812084000,5.0,-117.0129,-4.360769537745178,-4.483661290322565,-2.2709554804947403,-4.454521433960207,6.254560698215607,-134.20393682626909,17.02,9,1.009999999999998
2026-06-22 12:26:12.822084000,5.0,-117.0129,-4.633475186103805,-4.479540322580579,-2.2709554804947403,-4.454521433960207,6.444794318041888,-135.96773447577223,17.03,9,1.0199999999999996
2026-06-22 12:26:12.832084000,5.0,-117.0129,-4.039876459598326,-4.397420130780011,-2.2709554804947403,-4.454521433960207,5.971424086045639,-132.57345332813964,17.04,9,1.0299999999999976
2026-06-22 12:26:12.842084000,5.0,-117.0129,-4.624945564516182,-4.472705645161301,-2.2709554804947403,-4.454521433960207,6.433911505685765,-135.95869698597667,17.05,9,1.0399999999999991
2026-06-22 12:26:12.852084000,5.0,-117.0129,-4.047591181273822,-4.377923244420253,-2.2709554804947403,-4.454521433960207,5.96231551536488,-132.75480243535782,17.06,9,1.0499999999999972
2026-06-22 12:26:12.862084000,5.0,-117.0129,-4.726085268851657,-4.513965637925643,-2.2709554804947403,-4.454521433960207,6.535424068018088,-136.31508207198692,17.07,9,1.0599999999999987
2026-06-22 12:26:12.872084000,5.0,-117.0129,-4.2425689736347625,-4.416262476459558,-2.2709554804947403,-4.454521433960207,6.123950175910401,-133.85081836192538,17.08,9,1.0699999999999967
2026-06-22 12:26:12.882084000,5.0,-117.0129,-4.894610872675161,-4.590271816881228,-2.2709554804947403,-4.454521433960207,6.710276517980759,-136.8378047933367,17.09,9,1.0799999999999983
2026-06-22 12:26:12.892084000,5.0,-117.0129,-4.037962240919357,-4.392072645187768,-2.2709554804947403,-4.454521433960207,5.966191513830004,-132.59465870673768,17.1,9,1.0899999999999999
2026-06-22 12:26:12.902084000,5.0,-117.0129,-5.12941294964045,-4.655775539568404,-2.2709554804947403,-4.454521433960207,6.927273856488035,-137.7711536647865,17.11,9,1.0999999999999979
2026-06-22 12:26:12.912084000,5.0,-117.0129,-4.28976317991637,-4.440764853556497,-2.2709554804947403,-4.454521433960207,6.174338881560427,-134.00912109679558,17.12,9,1.1099999999999994
2026-06-22 12:26:12.922084000,5.0,-117.0129,-4.803751929122677,-4.565498428122345,-2.2709554804947403,-4.454521433960207,6.627202161827979,-136.45667777346807,17.13,9,1.1199999999999974
2026-06-22 12:26:12.932084000,5.0,-117.0129,-4.268937635340048,-4.467411722246301,-2.2709554804947403,-4.454521433960207,6.179125830607947,-133.69856718356772,17.14,9,1.129999999999999
2026-06-22 12:26:12.942084000,5.0,-117.0129,-4.8419318826861435,-4.5946095868808525,-2.2709554804947403,-4.454521433960207,6.674933828318451,-136.50132127105928,17.15,9,1.139999999999997
2026-06-22 12:26:12.952084000,5.0,-117.0129,-4.493736434108539,-4.518960206718345,-2.2709554804947403,-4.454521433960207,6.37296387006379,-134.83964711137565,17.16,9,1.1499999999999986
2026-06-22 12:26:12.962084000,5.0,-117.0129,-5.005392976587931,-4.6147525083609136,-2.2709554804947403,-4.454521433960207,6.80807605447377,-137.3253037592484,17.17,9,1.1600000000000001
2026-06-22 12:26:12.972084000,5.0,-117.0129,-4.568982073498612,-4.524533612190026,-2.2709554804947403,-4.454521433960207,6.430163419057792,-135.28005548626965,17.18,9,1.1699999999999982
2026-06-22 12:26:12.982084000,5.0,-117.0129,-4.7144871266729735,-4.536173017507624,-2.2709554804947403,-4.454521433960207,6.542419622152756,-136.104286683185,17.19,9,1.1799999999999997
2026-06-22 12:26:12.992084000,5.0,-117.0129,-4.468542471491725,-4.521941587153831,-2.2709554804947403,-4.454521433960207,6.357344377737979,-134.6596948551446,17.2,9,1.1899999999999977
2026-06-22 12:26:13.002084000,5.0,-117.0129,-4.700938815789564,-4.568301315789497,-2.2709554804947403,-4.454521433960207,6.55501355159858,-135.81981372970998,17.21,9,1.1999999999999993
2026-06-22 12:26:13.012084000,5.0,-117.0129,-4.480130072173168,-4.529978829190059,-2.2709554804947403,-4.454521433960207,6.371206609151871,-134.683012238603,17.22,9,1.2099999999999973
2026-06-22 12:26:13.022084000,5.0,-117.0129,-4.67961049069379,-4.537816920473783,-2.2709554804947403,-4.454521433960207,6.518476566526073,-135.881323174185,17.23,9,1.2199999999999989
2026-06-22 12:26:13.032084000,5.0,-117.0129,-4.577366184715403,-4.508005016228978,-2.2709554804947403,-4.454521433960207,6.424514799992422,-135.4374092068065,17.24,9,1.2299999999999969
2026-06-22 12:26:13.042083999,5.0,-117.0129,-5.345916890080515,-4.875249329758708,-2.2709554804947403,-4.454521433960207,7.235114610215988,-137.63651206721946,17.249999999,9,1.2399999989999984
2026-06-22 12:26:13.052083999,5.0,-117.0129,-4.602763041254859,-4.557913399249961,-2.2709554804947403,-4.454521433960207,6.477654063702693,-135.28051145403037,17.259999999,9,1.249999999
2026-06-22 12:26:13.062084000,5.0,-117.0129,-4.8281570815447665,-4.618649213161567,-2.2709554804947403,-4.454521433960207,6.681543336558466,-136.2704769004808,17.27,9,1.259999999999998
2026-06-22 12:26:13.072084000,5.0,-117.0129,-4.5771869158880065,-4.505131464174449,-2.2709554804947403,-4.454521433960207,6.4223710241990055,-135.45455207432124,17.28,9,1.2699999999999996
2026-06-22 12:26:13.082084000,5.0,-117.0129,-5.140959410003099,-4.882868692469797,-2.2709554804947403,-4.454521433960207,7.0902658852261045,-136.47490980746008,17.29,9,1.2799999999999976
2026-06-22 12:26:13.092084000,5.0,-117.0129,-4.607712278558429,-4.5040287110568045,-2.2709554804947403,-4.454521433960207,6.443390960666762,-135.6519472451247,17.3,9,1.2899999999999991
2026-06-22 12:26:13.102084000,5.0,-117.0129,-4.71938484310276,-4.55416548253411,-2.2709554804947403,-4.454521433960207,6.558430951044099,-136.0206846696066,17.31,9,1.2999999999999972
2026-06-22 12:26:13.112084000,5.0,-117.0129,-4.353959595959541,-4.486611570247916,-2.2709554804947403,-4.454521433960207,6.2519315051854685,-134.14034650003308,17.32,9,1.3099999999999987
2026-06-22 12:26:13.122084000,5.0,-117.0129,-4.686395220587613,-4.573954044117463,-2.2709554804947403,-4.454521433960207,6.548538444664192,-135.69566363972092,17.33,9,1.3199999999999967
2026-06-22 12:26:13.132084000,5.0,-117.0129,-4.10547949233869,-4.439169246246721,-2.2709554804947403,-4.454521433960207,6.046584611070636,-132.76359396538066,17.34,9,1.3299999999999983
2026-06-22 12:26:13.142084000,5.0,-117.0129,-4.558354186952377,-4.521652629016554,-2.2709554804947403,-4.454521433960207,6.420586841652294,-135.23158935471946,17.35,9,1.3399999999999999
2026-06-22 12:26:13.152084000,5.0,-117.0129,-4.579257620164051,-4.5353801289566205,-2.2709554804947403,-4.454521433960207,6.445096839145639,-135.2758173951981,17.36,9,1.3499999999999979
2026-06-22 12:26:13.162084000,5.0,-117.0129,-4.77236090225557,-4.6074661654135145,-2.2709554804947403,-4.454521433960207,6.633564128491403,-136.00714003893984,17.37,9,1.3599999999999994
2026-06-22 12:26:13.172084000,5.0,-117.0129,-4.282392919326744,-4.4868171793383596,-2.2709554804947403,-4.454521433960207,6.2024525404315405,-133.66458595255142,17.38,9,1.3699999999999974
2026-06-22 12:26:13.182084000,5.0,-117.0129,-5.131572039943052,-4.6972125534950395,-2.2709554804947403,-4.454521433960207,6.95678355088303,-137.53040269563328,17.39,9,1.379999999999999
2026-06-22 12:26:13.192084000,5.0,-117.0129,-4.582162003903829,-4.531781067013707,-2.2709554804947403,-4.454521433960207,6.444629412880452,-135.31672193112018,17.4,9,1.389999999999997
2026-06-22 12:26:13.202084000,5.0,-117.0129,-5.542332972973907,-4.790828108108347,-2.2709554804947403,-4.454521433960207,7.325946269578749,-139.1596546531566,17.41,9,1.3999999999999986
2026-06-22 12:26:13.212084000,5.0,-117.0129,-4.574468471442825,-4.540208649719417,-2.2709554804947403,-4.454521433960207,6.445095529098965,-135.21535967992122,17.42,9,1.4100000000000001
2026-06-22 12:26:13.222084000,5.0,-117.0129,-4.812114159725612,-4.601645271925522,-2.2709554804947403,-4.454521433960207,6.65819659478948,-136.2807816480653,17.43,9,1.4199999999999982
2026-06-22 12:26:13.232084000,5.0,-117.0129,-4.59576925710386,-4.514888736733997,-2.2709554804947403,-4.454521433960207,6.442461902846494,-135.50863403398446,17.44,9,1.4299999999999997
2026-06-22 12:26:13.242084000,5.0,-117.0129,-4.6518564337532435,-4.535395189003407,-2.2709554804947403,-4.454521433960207,6.496889855976219,-135.72626512183098,17.45,9,1.4399999999999977
2026-06-22 12:26:13.252084000,5.0,-117.0129,-4.58319264214056,-4.549723745819425,-2.2709554804947403,-4.454521433960207,6.457990473687965,-135.20996775164016,17.46,9,1.4499999999999993
2026-06-22 12:26:13.262084000,5.0,-117.0129,-5.3668163309507335,-4.872899501841021,-2.2709554804947403,-4.454521433960207,7.248990763216764,-137.76154467446813,17.47,9,1.4599999999999973
2026-06-22 12:26:13.272084000,5.0,-117.0129,-4.5540376734964925,-4.490907468605456,-2.2709554804947403,-4.454521433960207,6.3958978277644185,-135.39989579918787,17.48,9,1.4699999999999989
2026-06-22 12:26:13.282084000,5.0,-117.0129,-5.560656524281873,-4.806924517261304,-2.2709554804947403,-4.454521433960207,7.3503349784677425,-139.1581366359818,17.49,9,1.4799999999999969
2026-06-22 12:26:13.292084000,5.0,-117.0129,-4.567157825515237,-4.534483121437998,-2.2709554804947403,-4.454521433960207,6.435873505731072,-135.2056897881194,17.5,9,1.4899999999999984
2026-06-22 12:26:13.302084000,5.0,-117.0129,-4.633614077669288,-4.559182038834769,-2.2709554804947403,-4.454521433960207,6.500501540958864,-135.4639011288664,17.51,9,1.5
2026-06-22 12:26:13.312084000,5.0,-117.0129,-4.573066666666624,-4.514070980392149,-2.2709554804947403,-4.454521433960207,6.425712065895571,-135.3719715134578,17.52,9,1.509999999999998
2026-06-22 12:26:13.322084000,5.0,-117.0129,-4.651982752293408,-4.568514128440321,-2.2709554804947403,-4.454521433960207,6.520143009888217,-135.51865634801945,17.53,9,1.5199999999999996
2026-06-22 12:26:13.332084000,5.0,-117.0129,-4.5973224408135085,-4.526758252750889,-2.2709554804947403,-4.454521433960207,6.451892273097541,-135.4431076063217,17.54,9,1.5299999999999976
2026-06-22 12:26:13.342084000,5.0,-117.0129,-4.687178109061941,-4.580480188308999,-2.2709554804947403,-4.454521433960207,6.553658320477252,-135.6596132770987,17.55,9,1.5399999999999991
2026-06-22 12:26:13.352084000,5.0,-117.0129,-4.547370032223119,-4.5058555316863,-2.2709554804947403,-4.454521433960207,6.401664493113406,-135.2627338709861,17.56,9,1.5499999999999972
2026-06-22 12:26:13.362084000,5.0,-117.0129,-4.588743849493271,-4.544817655571568,-2.2709554804947403,-4.454521433960207,6.458477966104504,-135.27555145018044,17.57,9,1.5599999999999987
2026-06-22 12:26:13.372084000,5.0,-117.0129,-4.568423113964848,-4.522406099518472,-2.2709554804947403,-4.454521433960207,6.428269337634365,-135.2900239497377,17.58,9,1.5699999999999967
2026-06-22 12:26:13.382084000,5.0,-117.0129,-4.730417877095013,-4.631089385474873,-2.2709554804947403,-4.454521433960207,6.619957869065189,-135.60790315538102,17.59,9,1.5799999999999983
2026-06-22 12:26:13.392084000,5.0,-117.0129,-4.580470383275411,-4.512994773519177,-2.2709554804947403,-4.454521433960207,6.430227893152356,-135.42514010223672,17.6,9,1.5899999999999999
2026-06-22 12:26:13.402084000,5.0,-117.0129,-5.485461187214731,-4.775767123287693,-2.2709554804947403,-4.454521433960207,7.273117354499022,-138.9564292728242,17.61,9,1.5999999999999979
2026-06-22 12:26:13.412084000,5.0,-117.0129,-4.581513540622029,-4.5132878635908105,-2.2709554804947403,-4.454521433960207,6.431176693462799,-135.42980268078105,17.62,9,1.6099999999999994
2026-06-22 12:26:13.422084000,5.0,-117.0129,-4.657815945188673,-4.56759078168803,-2.2709554804947403,-4.454521433960207,6.523659626943708,-135.5603391173585,17.63,9,1.6199999999999974
2026-06-22 12:26:13.432084000,5.0,-117.0129,-4.584496005326428,-4.51386284953397,-2.2709554804947403,-4.454521433960207,6.433705110374341,-135.44479454878865,17.64,9,1.629999999999999
2026-06-22 12:26:13.442084000,5.0,-117.0129,-4.678580645160934,-4.551785413744632,-2.2709554804947403,-4.454521433960207,6.527470207212967,-135.78700830217474,17.65,9,1.639999999999997
2026-06-22 12:26:13.452084000,5.0,-117.0129,-4.589820052539397,-4.5263734676007,-2.2709554804947403,-4.454521433960207,6.4462783746043995,-135.39875885044097,17.66,9,1.6499999999999986
2026-06-22 12:26:13.462084000,5.0,-117.0129,-4.670554039873822,-4.574420426722533,-2.2709554804947403,-4.454521433960207,6.537537554752404,-135.595767117632,17.67,9,1.6600000000000001
2026-06-22 12:26:13.472084000,5.0,-117.0129,-4.565614095107724,-4.550204584331163,-2.2709554804947403,-4.454521433960207,6.445866413812395,-135.0968535160631,17.68,9,1.6699999999999982
2026-06-22 12:26:13.482084000,5.0,-117.0129,-5.2558662041616815,-4.749945490584526,-2.2709554804947403,-4.454521433960207,7.084215674270031,-137.89456344785893,17.69,9,1.6799999999999997
2026-06-22 12:26:13.492084000,5.0,-117.0129,-4.578267022696869,-4.530146862483301,-2.2709554804947403,-4.454521433960207,6.440711104123593,-135.30269336399766,17.7,9,1.6899999999999977
2026-06-22 12:26:13.502084000,5.0,-117.0129,-5.443215909090873,-4.798102272727264,-2.2709554804947403,-4.454521433960207,7.256058492909943,-138.60437167544674,17.71,9,1.6999999999999993
2026-06-22 12:26:13.512084000,5.0,-117.0129,-4.600181789638902,-4.531175824175816,-2.2709554804947403,-4.454521433960207,6.4570292586700235,-135.43297782076652,17.72,9,1.7099999999999973
2026-06-22 12:26:13.522084000,5.0,-117.0129,-4.8641181683901165,-4.607602658788822,-2.2709554804947403,-4.454521433960207,6.699973717660439,-136.55131941731958,17.73,9,1.7199999999999989
2026-06-22 12:26:13.532084000,5.0,-117.0129,-4.564352941176527,-4.510352941176482,-2.2709554804947403,-4.454521433960207,6.416899673955185,-135.34094058977865,17.74,9,1.7299999999999969
2026-06-22 12:26:13.542084000,5.0,-117.0129,-4.659899926686406,-4.546491935483926,-2.2709554804947403,-4.454521433960207,6.5103960130050735,-135.70575647019677,17.75,9,1.7399999999999984
2026-06-22 12:26:13.552084000,5.0,-117.0129,-4.613861615083756,-4.535346140163667,-2.2709554804947403,-4.454521433960207,6.469705063929944,-135.49168135988074,17.76,9,1.75
2026-06-22 12:26:13.562084000,5.0,-117.0129,-4.670225347661184,-4.5476378002528435,-2.2709554804947403,-4.454521433960207,6.51858990581748,-135.76192659217352,17.77,9,1.759999999999998
2026-06-22 12:26:13.572084000,5.0,-117.0129,-4.588794529686601,-4.526473649099424,-2.2709554804947403,-4.454521433960207,6.445618584098282,-135.3917238338765,17.78,9,1.7699999999999996
2026-06-22 12:26:13.582084000,5.0,-117.0129,-5.033401253918681,-4.686359874608195,-2.2709554804947403,-4.454521433960207,6.877288496005376,-137.04486128697224,17.79,9,1.7799999999999976
2026-06-22 12:26:13.592084000,5.0,-117.0129,-4.528425863236403,-4.535117129316208,-2.2709554804947403,-4.454521433960207,6.408894458129705,-134.95770073175188,17.8,9,1.7899999999999991
2026-06-22 12:26:13.602084000,5.0,-117.0129,-4.700065541211614,-4.572623634558122,-2.2709554804947403,-4.454521433960207,6.557400627916854,-135.78741167127805,17.81,9,1.7999999999999972
2026-06-22 12:26:13.612084000,5.0,-117.0129,-4.589906440677975,-4.54270677966102,-2.2709554804947403,-4.454521433960207,6.4578189832291955,-135.29611648138874,17.82,9,1.8099999999999987
2026-06-22 12:26:13.622084000,5.0,-117.0129,-4.89487219343652,-4.619091537132854,-2.2709554804947403,-4.454521433960207,6.730213994999742,-136.66036415302378,17.83,9,1.8199999999999967
2026-06-22 12:26:13.632084000,5.0,-117.0129,-4.59271955846836,-4.500314246291807,-2.2709554804947403,-4.454521433960207,6.4300778578579285,-135.5822316582469,17.84,9,1.8299999999999983
2026-06-22 12:26:13.642084000,5.0,-117.0129,-5.12307169811284,-4.671657861635122,-2.2709554804947403,-4.454521433960207,6.933271291402207,-137.63874755961044,17.85,9,1.8399999999999999
2026-06-22 12:26:13.652084000,5.0,-117.0129,-4.728445788738623,-4.525425314099528,-2.2709554804947403,-4.454521433960207,6.545049568225807,-136.25680923076658,17.86,9,1.8499999999999979
2026-06-22 12:26:13.662084000,5.0,-117.0129,-4.943598137535045,-4.6290737822346895,-2.2709554804947403,-4.454521433960207,6.772553922030635,-136.88186095185966,17.87,9,1.8599999999999994
2026-06-22 12:26:13.672084000,5.0,-117.0129,-4.6624419889499125,-4.552212707182258,-2.2709554804947403,-4.454521433960207,6.516211002703552,-135.68536169864478,17.88,9,1.8699999999999974
2026-06-22 12:26:13.682084000,5.0,-117.0129,-5.16224110067656,-4.716095872461127,-2.2709554804947403,-4.454521433960207,6.992159427513021,-137.58594937881642,17.89,9,1.879999999999999
2026-06-22 12:26:13.692084000,5.0,-117.0129,-4.645205303678366,-4.535236099230121,-2.2709554804947403,-4.454521433960207,6.4920180829293495,-135.68629270417514,17.9,9,1.889999999999997
2026-06-22 12:26:13.702084000,5.0,-117.0129,-4.853961567163754,-4.630648134328214,-2.2709554804947403,-4.454521433960207,6.708490518697942,-136.3487696462755,17.91,9,1.8999999999999986
2026-06-22 12:26:13.712084000,5.0,-117.0129,-4.652986309704897,-4.574301186492266,-2.2709554804947403,-4.454521433960207,6.524914784351267,-135.4885743724332,17.92,9,1.9100000000000001
2026-06-22 12:26:13.722084000,5.0,-117.0129,-4.8136367389056565,-4.588590643274709,-2.2709554804947403,-4.454521433960207,6.650282907192031,-136.37113573431625,17.93,9,1.9199999999999982
2026-06-22 12:26:13.732084000,5.0,-117.0129,-4.682018691588938,-4.5208289719626435,-2.2709554804947403,-4.454521433960207,6.508394089337631,-136.0034444466242,17.94,9,1.9299999999999997
2026-06-22 12:26:13.742084000,5.0,-117.0129,-4.798277758319187,-4.582441330998374,-2.2709554804947403,-4.454521433960207,6.634925621137191,-136.3180583153211,17.95,9,1.9399999999999977
2026-06-22 12:26:13.752084000,5.0,-117.0129,-4.724330563250329,-4.522996768236392,-2.2709554804947403,-4.454521433960207,6.540397467764327,-136.24725275927264,17.96,9,1.9499999999999993
2026-06-22 12:26:13.762084000,5.0,-117.0129,-4.964288282290241,-4.574003328894797,-2.2709554804947403,-4.454521433960207,6.750234410924177,-137.3431044391968,17.97,9,1.9599999999999973
2026-06-22 12:26:13.772084000,5.0,-117.0129,-4.668481262327434,-4.5388250211327446,-2.2709554804947403,-4.454521433960207,6.511194196855367,-135.8067793335158,17.98,9,1.9699999999999989
2026-06-22 12:26:13.782084000,5.0,-117.0129,-4.8173647214843545,-4.599247015914826,-2.2709554804947403,-4.454521433960207,6.66033602554732,-136.32690929565692,17.99,9,1.9799999999999969
2026-06-22 12:26:13.792084000,5.0,-117.0129,-4.650012341597798,-4.565052011019292,-2.2709554804947403,-4.454521433960207,6.516311429046583,-135.52823618595679,18.0,9,1.9899999999999984
2026-06-22 12:26:13.802084000,10.0,-117.0129,-5.5316709721296595,-4.813644459551731,-4.5419109609894806,-8.909042867920414,7.332840972425011,-138.97030132033552,18.01,10,0.0
2026-06-22 12:26:13.812084000,10.0,-117.0129,-4.287900760593907,-4.927727997102414,-4.5419109609894806,-8.909042867920414,6.532120340756803,-131.0284135016965,18.02,10,0.00999999999999801
2026-06-22 12:26:13.822084000,10.0,-117.0129,-4.220513021909854,-5.138789995866088,-4.5419109609894806,-8.909042867920414,6.649803966262768,-129.3964268617705,18.03,10,0.019999999999999574
2026-06-22 12:26:13.832084000,10.0,-117.0129,-4.104762962962957,-5.24001750841753,-4.5419109609894806,-8.909042867920414,6.656340020659604,-128.07334146377227,18.04,10,0.029999999999997584
2026-06-22 12:26:13.842084000,10.0,-117.0129,-4.612911910669921,-5.174678660049613,-4.5419109609894806,-8.909042867920414,6.932261934633838,-131.71506597087404,18.05,10,0.03999999999999915
2026-06-22 12:26:13.852084000,10.0,-117.0129,-3.75526581186044,-4.9061967698187665,-4.5419109609894806,-8.909042867920414,6.1784130698673705,-127.43090577166701,18.06,10,0.04999999999999716
2026-06-22 12:26:13.862084000,10.0,-117.0129,-4.696149814717001,-5.37951588141881,-4.5419109609894806,-8.909042867920414,7.140939308011497,-131.11994666201363,18.07,10,0.05999999999999872
2026-06-22 12:26:13.872084000,10.0,-117.0129,-3.8726142344500065,-5.550667464114991,-4.5419109609894806,-8.909042867920414,6.768090595289749,-124.90288121158483,18.08,10,0.06999999999999673
2026-06-22 12:26:13.882084000,10.0,-117.0129,-3.7446588785041506,-6.643565420560703,-4.5419109609894806,-8.909042867920414,7.626233120855268,-119.4078685793181,18.09,10,0.0799999999999983
2026-06-22 12:26:13.892084000,10.0,-117.0129,-2.8250323909603687,-6.5877418873332,-4.5419109609894806,-8.909042867920414,7.167925165910959,-113.2111865909251,18.1,10,0.08999999999999986
2026-06-22 12:26:13.902084000,10.0,-117.0129,-2.7632358121622804,-6.610131952115116,-4.5419109609894806,-8.909042867920414,7.164448100027617,-112.68640810604408,18.11,10,0.09999999999999787
2026-06-22 12:26:13.912084000,10.0,-117.0129,-2.7014392333641704,-6.632522016897039,-4.5419109609894806,-8.909042867920414,7.161572609153883,-112.1611641118901,18.12,10,0.10999999999999943
2026-06-22 12:26:13.922084000,10.0,-117.0129,-2.639503105590068,-6.768736024844692,-4.5419109609894806,-8.909042867920414,7.265174741081589,-111.30355043028673,18.13,10,0.11999999999999744
2026-06-22 12:26:13.932084000,10.0,-117.0129,-3.748580207501793,-6.878798882681533,-4.5419109609894806,-8.909042867920414,7.833883305261503,-118.58803884624767,18.14,10,0.129999999999999
2026-06-22 12:26:13.942084000,10.0,-117.0129,-3.0429569377990426,-6.132980861243988,-4.5419109609894806,-8.909042867920414,6.846388914580033,-116.38889692380359,18.15,10,0.13999999999999702
2026-06-22 12:26:13.952084000,10.0,-117.0129,-3.0401424148606804,-5.968331269349813,-4.5419109609894806,-8.909042867920414,6.698017919006612,-116.99333658639758,18.16,10,0.14999999999999858
2026-06-22 12:26:13.962084000,10.0,-117.0129,-3.0864734446130306,-6.279629275125468,-4.5419109609894806,-8.909042867920414,6.997146715434388,-116.17437877293472,18.17,10,0.16000000000000014
2026-06-22 12:26:13.972084000,10.0,-117.0129,-3.567357142871716,-6.573464285719663,-4.5419109609894806,-8.909042867920414,7.479068772275715,-118.4882669598544,18.18,10,0.16999999999999815
2026-06-22 12:26:13.982084000,10.0,-117.0129,-2.848876872739745,-6.292172550370198,-4.5419109609894806,-8.909042867920414,6.907064125926702,-114.35936380366986,18.19,10,0.17999999999999972
2026-06-22 12:26:13.992084000,10.0,-117.0129,-3.40634211255891,-6.41366287773773,-4.5419109609894806,-8.909042867920414,7.262109755233896,-117.97309012246583,18.2,10,0.18999999999999773
2026-06-22 12:26:14.002084000,10.0,-117.0129,-4.797882578920953,-7.131945047603144,-4.5419109609894806,-8.909042867920414,8.595598722785063,-123.92995580883249,18.21,10,0.1999999999999993
2026-06-22 12:26:14.012084000,10.0,-117.0129,-4.272721885041146,-7.076608354159248,-4.5419109609894806,-8.909042867920414,8.266470716398022,-121.12278283193469,18.22,10,0.2099999999999973
2026-06-22 12:26:14.022084000,10.0,-117.0129,-5.248833725490013,-7.225662745097988,-4.5419109609894806,-8.909042867920414,8.93087104283442,-125.99523769645886,18.23,10,0.21999999999999886
2026-06-22 12:26:14.032084000,10.0,-117.0129,-4.112974246841693,-6.941036686103021,-4.5419109609894806,-8.909042867920414,8.068119200471136,-120.64924644097498,18.24,10,0.22999999999999687
2026-06-22 12:26:14.042083999,10.0,-117.0129,-4.383463394881744,-6.964522270813085,-4.5419109609894806,-8.909042867920414,8.229175037324193,-122.186270446519,18.249999999,10,0.23999999899999835
2026-06-22 12:26:14.052083999,10.0,-117.0129,-4.3360289166172565,-6.932316102198468,-4.5419109609894806,-8.909042867920414,8.176683515126483,-122.02517846109956,18.259999999,10,0.24999999899999992
2026-06-22 12:26:14.062084000,10.0,-117.0129,-5.016719489982001,-7.081445173041956,-4.5419109609894806,-8.909042867920414,8.678383500397093,-125.31496219823664,18.27,10,0.259999999999998
2026-06-22 12:26:14.072084000,10.0,-117.0129,-4.140538628419857,-6.851577799204522,-4.5419109609894806,-8.909042867920414,8.005509257504439,-121.14536600988755,18.28,10,0.2699999999999996
2026-06-22 12:26:14.082084000,10.0,-117.0129,-4.5225988372090775,-6.9355872093024304,-4.5419109609894806,-8.909042867920414,8.279871386692209,-123.10780506520183,18.29,10,0.2799999999999976
2026-06-22 12:26:14.092084000,10.0,-117.0129,-4.4630759535112166,-7.000062661646754,-4.5419109609894806,-8.909042867920414,8.301802468969681,-122.5206299719703,18.3,10,0.28999999999999915
2026-06-22 12:26:14.102084000,10.0,-117.0129,-4.476171386478967,-7.010866393845148,-4.5419109609894806,-8.909042867920414,8.317953947545051,-122.55668229632276,18.31,10,0.29999999999999716
2026-06-22 12:26:14.112084000,10.0,-117.0129,-4.489266819446721,-7.021670126043545,-4.5419109609894806,-8.909042867920414,8.334108706703894,-122.59259486786483,18.32,10,0.3099999999999987
2026-06-22 12:26:14.122084000,10.0,-117.0129,-4.502362252414476,-7.032473858241943,-4.5419109609894806,-8.909042867920414,8.350266727405963,-122.62836846957426,18.33,10,0.31999999999999673
2026-06-22 12:26:14.132084000,10.0,-117.0129,-4.519759197324427,-6.973929096989967,-4.5419109609894806,-8.909042867920414,8.3104699176185,-122.94701645394427,18.34,10,0.3299999999999983
2026-06-22 12:26:14.142084000,10.0,-117.0129,-4.728956702747438,-6.968686927560287,-4.5419109609894806,-8.909042867920414,8.421735509430913,-124.16084781692585,18.35,10,0.33999999999999986
2026-06-22 12:26:14.152084000,10.0,-117.0129,-4.5448376998979105,-6.928666893501199,-4.5419109609894806,-8.909042867920414,8.286252146749632,-123.26274838428216,18.36,10,0.34999999999999787
2026-06-22 12:26:14.162084000,10.0,-117.0129,-4.795161986539652,-7.016113715479177,-4.5419109609894806,-8.909042867920414,8.498201583022723,-124.35064871875812,18.37,10,0.35999999999999943
2026-06-22 12:26:14.172084000,10.0,-117.0129,-4.485877940241577,-6.941054036872227,-4.5419109609894806,-8.909042867920414,8.264461993228977,-122.873856586272,18.38,10,0.36999999999999744
2026-06-22 12:26:14.182084000,10.0,-117.0129,-4.9686180257508985,-7.072082975679484,-4.5419109609894806,-8.909042867920414,8.643004263606048,-125.09064348285986,18.39,10,0.379999999999999
2026-06-22 12:26:14.192084000,10.0,-117.0129,-4.424105103075383,-6.930442041230153,-4.5419109609894806,-8.909042867920414,8.222148919224706,-122.55246284763194,18.4,10,0.389999999999997
2026-06-22 12:26:14.202084000,10.0,-117.0129,-5.054750978856649,-7.070582354476621,-4.5419109609894806,-8.909042867920414,8.691584567251729,-125.56093170830962,18.41,10,0.3999999999999986
2026-06-22 12:26:14.212084000,10.0,-117.0129,-4.466777629382302,-6.887594323873133,-4.5419109609894806,-8.909042867920414,8.209205683901432,-122.9644201695738,18.42,10,0.41000000000000014
2026-06-22 12:26:14.222084000,10.0,-117.0129,-4.961920200796165,-7.039605158386679,-4.5419109609894806,-8.909042867920414,8.61258920795909,-125.17839162587558,18.43,10,0.41999999999999815
2026-06-22 12:26:14.232084000,10.0,-117.0129,-4.163609946075725,-6.828601158378306,-4.5419109609894806,-8.909042867920414,7.997839806051772,-121.37195769857622,18.44,10,0.4299999999999997
2026-06-22 12:26:14.242084000,10.0,-117.0129,-4.79949406528168,-6.9832499999999165,-4.5419109609894806,-8.909042867920414,8.473542579415819,-124.50021906188799,18.45,10,0.4399999999999977
2026-06-22 12:26:14.252084000,10.0,-117.0129,-4.5183468208092545,-6.872595375722573,-4.5419109609894806,-8.909042867920414,8.224841955412906,-123.32268088474828,18.46,10,0.4499999999999993
2026-06-22 12:26:14.262084000,10.0,-117.0129,-4.925891838741455,-7.053429039659154,-4.5419109609894806,-8.909042867920414,8.603212866393969,-124.92923066972125,18.47,10,0.4599999999999973
2026-06-22 12:26:14.272084000,10.0,-117.0129,-4.491086070959264,-6.887086070959264,-4.5419109609894806,-8.909042867920414,8.222031904922618,-123.10847134237349,18.48,10,0.46999999999999886
2026-06-22 12:26:14.282084000,10.0,-117.0129,-4.805064369657801,-7.028495192307569,-4.5419109609894806,-8.909042867920414,8.514011291092205,-124.35865074988452,18.49,10,0.4799999999999969
2026-06-22 12:26:14.292084000,10.0,-117.0129,-4.359724355602403,-6.8775192004208385,-4.5419109609894806,-8.909042867920414,8.142939690860425,-122.37099621678887,18.5,10,0.48999999999999844
2026-06-22 12:26:14.302084000,10.0,-117.0129,-5.293303287380635,-7.187059650052961,-4.5419109609894806,-8.909042867920414,8.925966956336666,-126.3718208984514,18.51,10,0.5
2026-06-22 12:26:14.312084000,10.0,-117.0129,-4.7522294215136345,-6.932370057611846,-4.5419109609894806,-8.909042867920414,8.404846166966596,-124.43114210259986,18.52,10,0.509999999999998
2026-06-22 12:26:14.322084000,10.0,-117.0129,-4.443960591135134,-6.833,-4.5419109609894806,-8.909042867920414,8.150992254662135,-123.03866415840884,18.53,10,0.5199999999999996
2026-06-22 12:26:14.332084000,10.0,-117.0129,-4.230081198910017,-6.8483689373296945,-4.5419109609894806,-8.909042867920414,8.049456133873534,-121.70267881310956,18.54,10,0.5299999999999976
2026-06-22 12:26:14.342084000,10.0,-117.0129,-5.2673702511268505,-7.14234207984546,-4.5419109609894806,-8.909042867920414,8.874583919710677,-126.40821843192411,18.55,10,0.5399999999999991
2026-06-22 12:26:14.352084000,10.0,-117.0129,-4.430046657046539,-6.871016835016793,-4.5419109609894806,-8.909042867920414,8.175340098778362,-122.81165518911655,18.56,10,0.5499999999999972
2026-06-22 12:26:14.362084000,10.0,-117.0129,-4.857864912724654,-6.941257019984882,-4.5419109609894806,-8.909042867920414,8.47230196155512,-124.98639685449949,18.57,10,0.5599999999999987
2026-06-22 12:26:14.372084000,10.0,-117.0129,-4.029683489546352,-6.836105263157987,-4.5419109609894806,-8.909042867920414,7.9354069961722065,-120.5181021383851,18.58,10,0.5699999999999967
2026-06-22 12:26:14.382084000,10.0,-117.0129,-4.866267282809478,-6.960451756007339,-4.5419109609894806,-8.909042867920414,8.49284674979171,-124.95858869021538,18.59,10,0.5799999999999983
2026-06-22 12:26:14.392084000,10.0,-117.0129,-4.12013444749315,-6.80112621601397,-4.5419109609894806,-8.909042867920414,7.951781289218925,-121.20755615643199,18.6,10,0.5899999999999999
2026-06-22 12:26:14.402084000,10.0,-117.0129,-5.151766402073645,-7.071666855661791,-4.5419109609894806,-8.909042867920414,8.74923820563827,-126.07364023973913,18.61,10,0.5999999999999979
2026-06-22 12:26:14.412084000,10.0,-117.0129,-4.50216329175427,-6.821383363032505,-4.5419109609894806,-8.909042867920414,8.17317229055379,-123.42510531491612,18.62,10,0.6099999999999994
2026-06-22 12:26:14.422084000,10.0,-117.0129,-5.0760116887110724,-7.068271608735736,-4.5419109609894806,-8.909042867920414,8.702089300782376,-125.68365617410211,18.63,10,0.6199999999999974
2026-06-22 12:26:14.432084000,10.0,-117.0129,-4.379432989691343,-6.796036597938152,-4.5419109609894806,-8.909042867920414,8.08489621156089,-122.79813115490366,18.64,10,0.629999999999999
2026-06-22 12:26:14.442084000,10.0,-117.0129,-4.804227957678293,-6.948087528053674,-4.5419109609894806,-8.909042867920414,8.44727924049115,-124.6617685574334,18.65,10,0.639999999999997
2026-06-22 12:26:14.452084000,10.0,-117.0129,-4.384941391941407,-6.817108058608064,-4.5419109609894806,-8.909042867920414,8.105595184408116,-122.75017920437053,18.66,10,0.6499999999999986
2026-06-22 12:26:14.462084000,10.0,-117.0129,-4.88885105749139,-6.987450402144588,-4.5419109609894806,-8.909042867920414,8.527914621099654,-124.97900726292144,18.67,10,0.6600000000000001
2026-06-22 12:26:14.472084000,10.0,-117.0129,-4.289443349753638,-6.817945812807873,-4.5419109609894806,-8.909042867920414,8.05504248015677,-122.17564550119965,18.68,10,0.6699999999999982
2026-06-22 12:26:14.482084000,10.0,-117.0129,-4.903852711222745,-6.988036569987201,-4.5419109609894806,-8.909042867920414,8.537003368679501,-125.05924786609042,18.69,10,0.6799999999999997
2026-06-22 12:26:14.492084000,10.0,-117.0129,-4.3932262014787415,-6.862896141404806,-4.5419109609894806,-8.909042867920414,8.148606009930061,-122.62500353332835,18.7,10,0.6899999999999977
2026-06-22 12:26:14.502084000,10.0,-117.0129,-5.144601769911493,-7.229141592920359,-4.5419109609894806,-8.909042867920414,8.872847093321713,-125.43746783685039,18.71,10,0.6999999999999993
2026-06-22 12:26:14.512084000,10.0,-117.0129,-4.425628318584048,-6.886123893805317,-4.5419109609894806,-8.909042867920414,8.185651366573682,-122.72836330403653,18.72,10,0.7099999999999973
2026-06-22 12:26:14.522084000,10.0,-117.0129,-5.040187692835133,-6.997812821391853,-4.5419109609894806,-8.909042867920414,8.623971026287306,-125.76338984178685,18.73,10,0.7199999999999989
2026-06-22 12:26:14.532084000,10.0,-117.0129,-4.436834205933756,-6.827446771378728,-4.5419109609894806,-8.909042867920414,8.14245216055665,-123.01793114926157,18.74,10,0.7299999999999969
2026-06-22 12:26:14.542084000,10.0,-117.0129,-4.799609491525154,-6.903834237288004,-4.5419109609894806,-8.909042867920414,8.408280350171989,-124.8073843528626,18.75,10,0.7399999999999984
2026-06-22 12:26:14.552084000,10.0,-117.0129,-4.396233935018158,-6.817058483754539,-4.5419109609894806,-8.909042867920414,8.111668088767868,-122.81745273407573,18.76,10,0.75
2026-06-22 12:26:14.562084000,10.0,-117.0129,-4.861447556287821,-6.967704557935226,-4.5419109609894806,-8.909042867920414,8.496033141955612,-124.90392438507325,18.77,10,0.759999999999998
2026-06-22 12:26:14.572084000,10.0,-117.0129,-3.91087910447775,-6.70723582089558,-4.5419109609894806,-8.909042867920414,7.764147585340292,-120.24575944414264,18.78,10,0.7699999999999996
2026-06-22 12:26:14.582084000,10.0,-117.0129,-4.959646013667417,-7.018091799544416,-4.5419109609894806,-8.909042867920414,8.59370124496539,-125.2486339495647,18.79,10,0.7799999999999976
2026-06-22 12:26:14.592084000,10.0,-117.0129,-4.414104498269928,-6.804197923875447,-4.5419109609894806,-8.909042867920414,8.110575066474494,-122.97278632899175,18.8,10,0.7899999999999991
2026-06-22 12:26:14.602084000,10.0,-117.0129,-5.291092046675859,-7.1123113772455016,-4.5419109609894806,-8.909042867920414,8.864571516621226,-126.64682255870498,18.81,10,0.7999999999999972
2026-06-22 12:26:14.612084000,10.0,-117.0129,-4.628570935052847,-6.872790419161632,-4.5419109609894806,-8.909042867920414,8.286067646751135,-123.95881308221686,18.82,10,0.8099999999999987
2026-06-22 12:26:14.622084000,10.0,-117.0129,-4.829939501778819,-6.911368683273786,-4.5419109609894806,-8.909042867920414,8.431804828563163,-124.94738203960391,18.83,10,0.8199999999999967
2026-06-22 12:26:14.632084000,10.0,-117.0129,-4.383316113000266,-6.8158886999738435,-4.5419109609894806,-8.909042867920414,8.10369045046261,-122.74517853447333,18.84,10,0.8299999999999983
2026-06-22 12:26:14.642084000,10.0,-117.0129,-4.889149338373727,-6.940557655954368,-4.5419109609894806,-8.909042867920414,8.489706816406976,-125.16208301287641,18.85,10,0.8399999999999999
2026-06-22 12:26:14.652084000,10.0,-117.0129,-4.357974729241755,-6.840185469314083,-4.5419109609894806,-8.909042867920414,8.110492031641808,-122.50176351523908,18.86,10,0.8499999999999979
2026-06-22 12:26:14.662084000,10.0,-117.0129,-5.312419489484915,-7.183316423181848,-4.5419109609894806,-8.909042867920414,8.934306669675786,-126.48476628519775,18.87,10,0.8599999999999994
2026-06-22 12:26:14.672084000,10.0,-117.0129,-4.373114223551761,-6.821177862387812,-4.5419109609894806,-8.909042867920414,8.102628921687101,-122.66427215120433,18.88,10,0.8699999999999974
2026-06-22 12:26:14.682084000,10.0,-117.0129,-5.401419132481563,-7.16793846671149,-4.5419109609894806,-8.909042867920414,8.975225373621553,-126.99994937384074,18.89,10,0.879999999999999
2026-06-22 12:26:14.692084000,10.0,-117.0129,-4.4005906280508515,-6.814979173446146,-4.5419109609894806,-8.909042867920414,8.112283218070836,-122.85127162810035,18.9,10,0.889999999999997
2026-06-22 12:26:14.702084000,10.0,-117.0129,-5.438094834232203,-7.132181958365231,-4.5419109609894806,-8.909042867920414,8.968884819939069,-127.32453542811781,18.91,10,0.8999999999999986
2026-06-22 12:26:14.712084000,10.0,-117.0129,-4.3650130644343745,-6.822959284627078,-4.5419109609894806,-8.909042867920414,8.099760024368724,-122.60922835469545,18.92,10,0.9100000000000001
2026-06-22 12:26:14.722084000,10.0,-117.0129,-5.062620375063488,-7.194559553978693,-4.5419109609894806,-8.909042867920414,8.797261632903393,-125.13303283113918,18.93,10,0.9199999999999982
2026-06-22 12:26:14.732084000,10.0,-117.0129,-4.381806372549105,-6.789664215686274,-4.5419109609894806,-8.909042867920414,8.080827138869056,-122.83675097981225,18.94,10,0.9299999999999997
2026-06-22 12:26:14.742084000,10.0,-117.0129,-5.429704829743001,-7.172704482279354,-4.5419109609894806,-8.909042867920414,8.9960760405993,-127.12555661326378,18.95,10,0.9399999999999977
2026-06-22 12:26:14.752084000,10.0,-117.0129,-4.379769491525512,-6.817430508474588,-4.5419109609894806,-8.909042867920414,8.103069760083379,-122.7181891629833,18.96,10,0.9499999999999993
2026-06-22 12:26:14.762084000,10.0,-117.0129,-5.434298698984005,-7.167619853858506,-4.5419109609894806,-8.909042867920414,8.994797202783722,-127.16843646490196,18.97,10,0.9599999999999973
2026-06-22 12:26:14.772084000,10.0,-117.0129,-4.255664676617058,-6.768465671641839,-4.5419109609894806,-8.909042867920414,7.995174131186899,-122.15957911568387,18.98,10,0.9699999999999989
2026-06-22 12:26:14.782084000,10.0,-117.0129,-4.522513130471031,-7.118901625677492,-4.5419109609894806,-8.909042867920414,8.433972099275438,-122.4270779350105,18.99,10,0.9799999999999969
2026-06-22 12:26:14.792084000,10.0,-117.0129,-4.396901159047051,-6.780926915647138,-4.5419109609894806,-8.909042867920414,8.0816897761407,-122.96025652785522,19.0,10,0.9899999999999984
2026-06-22 12:26:14.802084000,10.0,-117.0129,-4.949525728678311,-6.978094638358751,-4.5419109609894806,-8.909042867920414,8.5552095077058,-125.34787687282991,19.01,10,1.0
2026-06-22 12:26:14.812084000,10.0,-117.0129,-4.366920212765895,-6.798906914893613,-4.5419109609894806,-8.909042867920414,8.080540042723104,-122.71252759648333,19.02,10,1.009999999999998
2026-06-22 12:26:14.822084000,10.0,-117.0129,-5.172844262295294,-7.199868852459002,-4.5419109609894806,-8.909042867920414,8.865462720838133,-125.69587298562813,19.03,10,1.0199999999999996
2026-06-22 12:26:14.832084000,10.0,-117.0129,-4.287765474339111,-6.821573561430819,-4.5419109609894806,-8.909042867920414,8.057220278541877,-122.15180889789886,19.04,10,1.0299999999999976
2026-06-22 12:26:14.842084000,10.0,-117.0129,-5.495932960894183,-7.163421787709482,-4.5419109609894806,-8.909042867920414,9.028836626015226,-127.49620446485602,19.05,10,1.0399999999999991
2026-06-22 12:26:14.852084000,10.0,-117.0129,-4.0848130157246425,-6.720168612797733,-4.5419109609894806,-8.909042867920414,7.864245898868197,-121.29306790337628,19.06,10,1.0499999999999972
2026-06-22 12:26:14.862084000,10.0,-117.0129,-5.446776510266722,-7.1144590814402955,-4.5419109609894806,-8.909042867920414,8.960072676841502,-127.43739757400786,19.07,10,1.0599999999999987
2026-06-22 12:26:14.872084000,10.0,-117.0129,-4.133150738487245,-6.749539096437671,-4.5419109609894806,-8.909042867920414,7.914493858826242,-121.48165429297696,19.08,10,1.0699999999999967
2026-06-22 12:26:14.882084000,10.0,-117.0129,-5.438096048786591,-7.061321814254834,-4.5419109609894806,-8.909042867920414,8.912640147582504,-127.6007445814607,19.09,10,1.0799999999999983
2026-06-22 12:26:14.892084000,10.0,-117.0129,-4.129415704388322,-6.722244803695219,-4.5419109609894806,-8.909042867920414,7.889274317733936,-121.56203927971815,19.1,10,1.0899999999999999
2026-06-22 12:26:14.902084000,10.0,-117.0129,-5.358069868995587,-7.1005807860261845,-4.5419109609894806,-8.909042867920414,8.895344862337975,-127.03805833616222,19.11,10,1.0999999999999979
2026-06-22 12:26:14.912084000,10.0,-117.0129,-4.346564618035718,-6.790514646754744,-4.5419109609894806,-8.909042867920414,8.062488024583397,-122.6230453700884,19.12,10,1.1099999999999994
2026-06-22 12:26:14.922084000,10.0,-117.0129,-4.905168397626309,-6.935658011869504,-4.5419109609894806,-8.909042867920414,8.494941381003255,-125.26944284371203,19.13,10,1.1199999999999974
2026-06-22 12:26:14.932084000,10.0,-117.0129,-4.336806227327738,-6.792237605804125,-4.5419109609894806,-8.909042867920414,8.058683512031504,-122.55800666726476,19.14,10,1.129999999999999
2026-06-22 12:26:14.942084000,10.0,-117.0129,-5.488581346051667,-7.10500105988334,-4.5419109609894806,-8.909042867920414,8.978060216615264,-127.68592475189703,19.15,10,1.139999999999997
2026-06-22 12:26:14.952084000,10.0,-117.0129,-3.85404672897211,-6.637009345794501,-4.5419109609894806,-8.909042867920414,7.674866073441554,-120.14331825780353,19.16,10,1.1499999999999986
2026-06-22 12:26:14.962084000,10.0,-117.0129,-4.677807203389632,-6.919939030131764,-4.5419109609894806,-8.909042867920414,8.352690369744641,-124.05828658651068,19.17,10,1.1600000000000001
2026-06-22 12:26:14.972084000,10.0,-117.0129,-4.049628546737666,-6.71930174276248,-4.5419109609894806,-8.909042867920414,7.845285672099106,-121.07677821611885,19.18,10,1.1699999999999982
2026-06-22 12:26:14.982084000,10.0,-117.0129,-4.726555689343492,-6.859872968091442,-4.5419109609894806,-8.909042867920414,8.330557353671903,-124.56742632189429,19.19,10,1.1799999999999997
2026-06-22 12:26:14.992084000,10.0,-117.0129,-3.95042586316456,-6.723118089387837,-4.5419109609894806,-8.909042867920414,7.797831836107613,-120.43799878926987,19.2,10,1.1899999999999977
2026-06-22 12:26:15.002084000,10.0,-117.0129,-4.6849729874293935,-6.820248997057943,-4.5419109609894806,-8.909042867920414,8.274343978516544,-124.48599422658803,19.21,10,1.1999999999999993
2026-06-22 12:26:15.012084000,10.0,-117.0129,-4.368320443740076,-6.797187955625986,-4.5419109609894806,-8.909042867920414,8.079850716647211,-122.72746952989941,19.22,10,1.2099999999999973
2026-06-22 12:26:15.022084000,10.0,-117.0129,-5.274011218264291,-7.177681755559931,-4.5419109609894806,-8.909042867920414,8.906980953975117,-126.30767167607125,19.23,10,1.2199999999999989
2026-06-22 12:26:15.032084000,10.0,-117.0129,-4.387543991955857,-6.7868547008547235,-4.5419109609894806,-8.909042867920414,8.081580229872237,-122.8817300705194,19.24,10,1.2299999999999969
2026-06-22 12:26:15.042083999,10.0,-117.0129,-5.428175367250341,-7.094362187733408,-4.5419109609894806,-8.909042867920414,8.932808218492376,-127.42102333674309,19.249999999,10,1.2399999989999984
2026-06-22 12:26:15.052083999,10.0,-117.0129,-4.426996972754048,-6.823942482340864,-4.5419109609894806,-8.909042867920414,8.134155961073644,-122.97327997479184,19.259999999,10,1.249999999
2026-06-22 12:26:15.062084000,10.0,-117.0129,-5.379025225670708,-7.032048101891892,-4.5419109609894806,-8.909042867920414,8.853452032158032,-127.4134619288234,19.27,10,1.259999999999998
2026-06-22 12:26:15.072084000,10.0,-117.0129,-3.6378381350339155,-6.635959313833281,-4.5419109609894806,-8.909042867920414,7.567682757063598,-118.73158799950947,19.28,10,1.2699999999999996
2026-06-22 12:26:15.082084000,10.0,-117.0129,-4.945169415294371,-6.961499250375304,-4.5419109609894806,-8.909042867920414,8.539155248555844,-125.38845649563615,19.29,10,1.2799999999999976
2026-06-22 12:26:15.092084000,10.0,-117.0129,-3.8400931338276756,-6.630331981541092,-4.5419109609894806,-8.909042867920414,7.662089627635341,-120.07815988581265,19.3,10,1.2899999999999991
2026-06-22 12:26:15.102084000,10.0,-117.0129,-4.707236917221877,-6.875206470028598,-4.5419109609894806,-8.909042867920414,8.332259201463888,-124.3982116096451,19.31,10,1.2999999999999972
2026-06-22 12:26:15.112084000,10.0,-117.0129,-3.7697830393249,-6.675520072671869,-4.5419109609894806,-8.909042867920414,7.666409355377961,-119.4541776348296,19.32,10,1.3099999999999987
2026-06-22 12:26:15.122084000,10.0,-117.0129,-4.197609330129625,-6.7358846041141796,-4.5419109609894806,-8.909042867920414,7.936754090201719,-121.92997227449138,19.33,10,1.3199999999999967
2026-06-22 12:26:15.132084000,10.0,-117.0129,-5.5032470588185705,-7.087364705882055,-4.5419109609894806,-8.909042867920414,8.973096826880777,-127.82887699121778,19.34,10,1.3299999999999983
2026-06-22 12:26:15.142084000,10.0,-117.0129,-5.247650114416675,-7.098097826086972,-4.5419109609894806,-8.909042867920414,8.827277296654838,-126.47565454982491,19.35,10,1.3399999999999999
2026-06-22 12:26:15.152084000,10.0,-117.0129,-4.282787317420359,-6.729155325970695,-4.5419109609894806,-8.909042867920414,7.976452758419399,-122.47481360223856,19.36,10,1.3499999999999979
2026-06-22 12:26:15.162084000,10.0,-117.0129,-4.7568512874402975,-6.856105622700847,-4.5419109609894806,-8.909042867920414,8.344688039732377,-124.75339383322954,19.37,10,1.3599999999999994
2026-06-22 12:26:15.172084000,10.0,-117.0129,-4.337136752136622,-6.745293447293422,-4.5419109609894806,-8.909042867920414,8.019335315151363,-122.74049508715196,19.38,10,1.3699999999999974
2026-06-22 12:26:15.182084000,10.0,-117.0129,-4.999387400793383,-6.970587797618973,-4.5419109609894806,-8.909042867920414,8.578051563585179,-125.64853499601037,19.39,10,1.379999999999999
2026-06-22 12:26:15.192084000,10.0,-117.0129,-4.421387717351289,-6.740931557528713,-4.5419109609894806,-8.909042867920414,8.061564836334899,-123.26093244300617,19.4,10,1.389999999999997
2026-06-22 12:26:15.202084000,10.0,-117.0129,-4.792973333333451,-6.942372345679057,-4.5419109609894806,-8.909042867920414,8.436179654327834,-124.62097236122668,19.41,10,1.3999999999999986
2026-06-22 12:26:15.212084000,10.0,-117.0129,-4.3669302832246,-6.756037037037107,-4.5419109609894806,-8.909042867920414,8.044508471271643,-122.87759816305112,19.42,10,1.4100000000000001
2026-06-22 12:26:15.222084000,10.0,-117.0129,-5.4908109021184135,-7.101938276113969,-4.5419109609894806,-8.909042867920414,8.977000147073358,-127.70913660723193,19.43,10,1.4199999999999982
2026-06-22 12:26:15.232084000,10.0,-117.0129,-3.867689922479854,-6.600577519379777,-4.5419109609894806,-8.909042867920414,7.65027116681454,-120.3686969326758,19.44,10,1.4299999999999997
2026-06-22 12:26:15.242084000,10.0,-117.0129,-4.8304737749676265,-6.9502211524644215,-4.5419109609894806,-8.909042867920414,8.463985524492221,-124.79969003050083,19.45,10,1.4399999999999977
2026-06-22 12:26:15.252084000,10.0,-117.0129,-4.43984194681391,-6.752764676367322,-4.5419109609894806,-8.909042867920414,8.081585691377812,-123.32432246633103,19.46,10,1.4499999999999993
2026-06-22 12:26:15.262084000,10.0,-117.0129,-4.8511731735604195,-6.931706030150858,-4.5419109609894806,-8.909042867920414,8.460640025926056,-124.98635555944372,19.47,10,1.4599999999999973
2026-06-22 12:26:15.272084000,10.0,-117.0129,-4.3662437888202055,-6.720082298136743,-4.5419109609894806,-8.909042867920414,8.01396224829777,-123.01301937326573,19.48,10,1.4699999999999989
2026-06-22 12:26:15.282084000,10.0,-117.0129,-4.898478955006783,-6.849865021770553,-4.5419109609894806,-8.909042867920414,8.421148786782005,-125.56933661367096,19.49,10,1.4799999999999969
2026-06-22 12:26:15.292084000,10.0,-117.0129,-4.425081315669239,-6.736670625856551,-4.5419109609894806,-8.909042867920414,8.060029514310942,-123.29949988898419,19.5,10,1.4899999999999984
2026-06-22 12:26:15.302084000,10.0,-117.0129,-4.861052767657449,-6.93829075096945,-4.5419109609894806,-8.909042867920414,8.471700688464999,-125.01556366301423,19.51,10,1.5
2026-06-22 12:26:15.312084000,10.0,-117.0129,-4.407021582733921,-6.721013965298373,-4.5419109609894806,-8.909042867920414,8.037031040901756,-123.2531701509105,19.52,10,1.509999999999998
2026-06-22 12:26:15.322084000,10.0,-117.0129,-4.83725451013036,-6.951458784346345,-4.5419109609894806,-8.909042867920414,8.468873031651997,-124.8325815667615,19.53,10,1.5199999999999996
2026-06-22 12:26:15.332084000,10.0,-117.0129,-4.391666274970639,-6.752270661966318,-4.5419109609894806,-8.909042867920414,8.054805507469784,-123.03991291221078,19.54,10,1.5299999999999976
2026-06-22 12:26:15.342084000,10.0,-117.0129,-4.891894586185252,-6.9521911636589255,-4.5419109609894806,-8.909042867920414,8.500799645821905,-125.13205391446186,19.55,10,1.5399999999999991
2026-06-22 12:26:15.352084000,10.0,-117.0129,-4.362035481535146,-6.714611875452576,-4.5419109609894806,-8.909042867920414,8.007082251365993,-123.00909511858013,19.56,10,1.5499999999999972
2026-06-22 12:26:15.362084000,10.0,-117.0129,-4.91860474894849,-6.935592381894538,-4.5419109609894806,-8.909042867920414,8.502653371987606,-125.34362075594615,19.57,10,1.5599999999999987
2026-06-22 12:26:15.372084000,10.0,-117.0129,-4.450501597444308,-6.74919843805474,-4.5419109609894806,-8.909042867920414,8.08446931004719,-123.40133236786802,19.58,10,1.5699999999999967
2026-06-22 12:26:15.382084000,10.0,-117.0129,-4.922212958312113,-6.928328980411754,-4.5419109609894806,-8.909042867920414,8.498818910165639,-125.3917891467875,19.59,10,1.5799999999999983
2026-06-22 12:26:15.392084000,10.0,-117.0129,-4.399812629706602,-6.742373258227116,-4.5419109609894806,-8.909042867920414,8.050959466410314,-123.12691606770915,19.6,10,1.5899999999999999
2026-06-22 12:26:15.402084000,10.0,-117.0129,-4.920142321093182,-6.915240418118355,-4.5419109609894806,-8.909042867920414,8.486951779065905,-125.43156915244201,19.61,10,1.5999999999999979
2026-06-22 12:26:15.412084000,10.0,-117.0129,-4.373920532060031,-6.7623898362892225,-4.5419109609894806,-8.909042867920414,8.053638750200065,-122.89482923966307,19.62,10,1.6099999999999994
2026-06-22 12:26:15.422084000,10.0,-117.0129,-5.02034301676022,-6.932309497206827,-4.5419109609894806,-8.909042867920414,8.559249907030233,-125.91186337709925,19.63,10,1.6199999999999974
2026-06-22 12:26:15.432084000,10.0,-117.0129,-4.357866259972013,-6.75416846550923,-4.5419109609894806,-8.909042867920414,8.038021522755571,-122.83056761881396,19.64,10,1.629999999999999
2026-06-22 12:26:15.442084000,10.0,-117.0129,-5.0642533156487755,-6.944492705569971,-4.5419109609894806,-8.909042867920414,8.594919463425713,-126.10130420116958,19.65,10,1.639999999999997
2026-06-22 12:26:15.452084000,10.0,-117.0129,-4.3259779179810165,-6.719441640378542,-4.5419109609894806,-8.909042867920414,7.99155685115938,-122.77344302387098,19.66,10,1.6499999999999986
2026-06-22 12:26:15.462084000,10.0,-117.0129,-5.1064913448724765,-6.950574567243417,-4.5419109609894806,-8.909042867920414,8.624774818513728,-126.30421212271442,19.67,10,1.6600000000000001
2026-06-22 12:26:15.472084000,10.0,-117.0129,-4.036843949771698,-6.641061301369867,-4.5419109609894806,-8.909042867920414,7.771731099527363,-121.29379758011162,19.68,10,1.6699999999999982
2026-06-22 12:26:15.482084000,10.0,-117.0129,-5.065025905013889,-6.936287279973153,-4.5419109609894806,-8.909042867920414,8.588746628512167,-126.13772129739375,19.69,10,1.6799999999999997
2026-06-22 12:26:15.492084000,10.0,-117.0129,-4.046504716981148,-6.683107204116645,-4.5419109609894806,-8.909042867920414,7.8126898265748705,-121.19417320815387,19.7,10,1.6899999999999977
2026-06-22 12:26:15.502084000,10.0,-117.0129,-5.121095808383304,-6.930647371922841,-4.5419109609894806,-8.909042867920414,8.617394923791181,-126.46091150307575,19.71,10,1.6999999999999993
2026-06-22 12:26:15.512084000,10.0,-117.0129,-4.34554262516911,-6.76012855209742,-4.5419109609894806,-8.909042867920414,8.036359794586378,-122.73370116696526,19.72,10,1.7099999999999973
2026-06-22 12:26:15.522084000,10.0,-117.0129,-5.081730290455417,-6.973580912862773,-4.5419109609894806,-8.909042867920414,8.628720269725754,-126.08126286772172,19.73,10,1.7199999999999989
2026-06-22 12:26:15.532084000,10.0,-117.0129,-4.106045830202926,-6.62857926371158,-4.5419109609894806,-8.909042867920414,7.797286413556577,-121.77597214188702,19.74,10,1.7299999999999969
2026-06-22 12:26:15.542084000,10.0,-117.0129,-5.109322175731589,-6.97528172942798,-4.5419109609894806,-8.909042867920414,8.646370816725037,-126.22239313550935,19.75,10,1.7399999999999984
2026-06-22 12:26:15.552084000,10.0,-117.0129,-4.362616284300824,-6.753095816464323,-4.5419109609894806,-8.909042867920414,8.039696757365583,-122.8631567664892,19.76,10,1.75
2026-06-22 12:26:15.562084000,10.0,-117.0129,-5.169451790634384,-6.9254022038569465,-4.5419109609894806,-8.909042867920414,8.642015245351034,-126.7394216434585,19.77,10,1.759999999999998
2026-06-22 12:26:15.572084000,10.0,-117.0129,-4.082264700719731,-6.662646129541894,-4.5419109609894806,-8.909042867920414,7.81381715515803,-121.49618560929378,19.78,10,1.7699999999999996
2026-06-22 12:26:15.582084000,10.0,-117.0129,-5.141630331754129,-6.964172647258137,-4.5419109609894806,-8.909042867920414,8.656561853832761,-126.43835433623377,19.79,10,1.7799999999999976
2026-06-22 12:26:15.592084000,10.0,-117.0129,-4.134886914378315,-6.680148626817493,-4.5419109609894806,-8.909042867920414,7.856314369414495,-121.75673189903561,19.8,10,1.7899999999999991
2026-06-22 12:26:15.602084000,10.0,-117.0129,-5.226716699155685,-6.965959389213907,-4.5419109609894806,-8.909042867920414,8.708797716413574,-126.8817250076602,19.81,10,1.7999999999999972
2026-06-22 12:26:15.612084000,10.0,-117.0129,-4.007113391482812,-6.679346844535657,-4.5419109609894806,-8.909042867920414,7.789135510556311,-120.96063606785528,19.82,10,1.8099999999999987
2026-06-22 12:26:15.622084000,10.0,-117.0129,-4.858837016574121,-6.889359806629699,-4.5419109609894806,-8.909042867920414,8.430395939624407,-125.19404810899674,19.83,10,1.8199999999999967
2026-06-22 12:26:15.632084000,10.0,-117.0129,-4.283426248023493,-6.6997691438897675,-4.5419109609894806,-8.909042867920414,7.952021567103175,-122.59238288851078,19.84,10,1.8299999999999983
2026-06-22 12:26:15.642084000,10.0,-117.0129,-5.314482515586542,-6.995318514502467,-4.5419109609894806,-8.909042867920414,8.785112721406373,-127.22465898195458,19.85,10,1.8399999999999999
2026-06-22 12:26:15.652084000,10.0,-117.0129,-4.047241379310343,-6.6547108287961265,-4.5419109609894806,-8.909042867920414,7.788795734726795,-121.30700068949106,19.86,10,1.8499999999999979
2026-06-22 12:26:15.662084000,10.0,-117.0129,-4.949683137525779,-6.854463718037278,-4.5419109609894806,-8.909042867920414,8.454764102196846,-125.83346186401387,19.87,10,1.8599999999999994
2026-06-22 12:26:15.672084000,10.0,-117.0129,-3.9975543299099616,-6.6107381767465245,-4.5419109609894806,-8.909042867920414,7.725432017827601,-121.16161341093569,19.88,10,1.8699999999999974
2026-06-22 12:26:15.682084000,10.0,-117.0129,-4.947351851851374,-6.868333333333196,-4.5419109609894806,-8.909042867920414,8.464649616126655,-125.76570767477217,19.89,10,1.879999999999999
2026-06-22 12:26:15.692084000,10.0,-117.0129,-4.007590643274868,-6.623007131650296,-4.5419109609894806,-8.909042867920414,7.74112435179509,-121.17818952559482,19.9,10,1.889999999999997
2026-06-22 12:26:15.702084000,10.0,-117.0129,-5.379877352074249,-7.0502280661981045,-4.5419109609894806,-8.909042867920414,8.868415648173517,-127.3464736749656,19.91,10,1.8999999999999986
2026-06-22 12:26:15.712084000,10.0,-117.0129,-3.9899045977011514,-6.654975478927305,-4.5419109609894806,-8.909042867920414,7.759383823724697,-120.94425027687471,19.92,10,1.9100000000000001
2026-06-22 12:26:15.722084000,10.0,-117.0129,-4.86955815554015,-6.883969717825159,-4.5419109609894806,-8.909042867920414,8.43217858599552,-125.27468948826831,19.93,10,1.9199999999999982
2026-06-22 12:26:15.732084000,10.0,-117.0129,-4.018497894476112,-6.587597225662664,-4.5419109609894806,-8.909042867920414,7.716525288979968,-121.38359412135684,19.94,10,1.9299999999999997
2026-06-22 12:26:15.742084000,10.0,-117.0129,-4.932878765613262,-6.88731888317406,-4.5419109609894806,-8.909042867920414,8.471626426770966,-125.61123345593042,19.95,10,1.9399999999999977
2026-06-22 12:26:15.752084000,10.0,-117.0129,-4.114640483384305,-6.691203625377711,-4.5419109609894806,-8.909042867920414,7.855092123188171,-121.58872136383737,19.96,10,1.9499999999999993
2026-06-22 12:26:15.762084000,10.0,-117.0129,-4.96968368794391,-6.908093617021486,-4.5419109609894806,-8.909042867920414,8.509965533405456,-125.73124645487238,19.97,10,1.9599999999999973
2026-06-22 12:26:15.772084000,10.0,-117.0129,-3.9881965378562976,-6.652547473334528,-4.5419109609894806,-8.909042867920414,7.756423113106877,-120.9426513224854,19.98,10,1.9699999999999989
2026-06-22 12:26:15.782084000,10.0,-117.0129,-4.9788402010043304,-6.89417914572841,-4.5419109609894806,-8.909042867920414,8.504031740329603,-125.83607345986144,19.99,10,1.9799999999999969
2026-06-22 12:26:15.792084000,10.0,-117.0129,-3.9705782126101385,-6.64424304840372,-4.5419109609894806,-8.909042867920414,7.740249158051404,-120.86240307760141,20.0,10,1.9899999999999984
2026-06-22 12:26:15.802084000,15.0,-117.0129,-5.287041056999171,-6.987782048482138,-6.812866441484221,-13.363564301880622,8.762528236501389,-127.11159335803549,20.01,11,0.0
2026-06-22 12:26:15.812084000,15.0,-117.0129,-4.037744662385017,-6.833502516924151,-6.812866441484221,-13.363564301880622,7.937262664636178,-120.57777203340292,20.02,11,0.00999999999999801
2026-06-22 12:26:15.822084000,15.0,-117.0129,-4.305385646346697,-6.981891915261796,-6.812866441484221,-13.363564301880622,8.202631302220416,-121.66007112473659,20.03,11,0.019999999999999574
2026-06-22 12:26:15.832084000,15.0,-117.0129,-3.671823017902814,-7.57507416879796,-6.812866441484221,-13.363564301880622,8.418077745993502,-115.8605985524829,20.04,11,0.029999999999997584
2026-06-22 12:26:15.842084000,15.0,-117.0129,-5.207846656217299,-7.874099791013564,-6.812866441484221,-13.363564301880622,9.440503922647009,-123.48023030512564,20.05,11,0.03999999999999915
2026-06-22 12:26:15.852084000,15.0,-117.0129,-4.137948164841974,-7.484152929813222,-6.812866441484221,-13.363564301880622,8.551909733606342,-118.93797137465927,20.06,11,0.04999999999999716
2026-06-22 12:26:15.862084000,15.0,-117.0129,-5.223465546860125,-7.867017751479307,-6.812866441484221,-13.363564301880622,9.443228294461871,-123.58297648810941,20.07,11,0.05999999999999872
2026-06-22 12:26:15.872084000,15.0,-117.0129,-3.9211012931037326,-7.5996228448275485,-6.812866441484221,-13.363564301880622,8.551567267723765,-117.29192343232776,20.08,11,0.06999999999999673
2026-06-22 12:26:15.882084000,15.0,-117.0129,-5.216432173369459,-8.093023129818702,-6.812866441484221,-13.363564301880622,9.628509126502635,-122.80417496162805,20.09,11,0.0799999999999983
2026-06-22 12:26:15.892084000,15.0,-117.0129,-4.812719747457539,-9.74203612767485,-6.812866441484221,-13.363564301880622,10.865980824596082,-116.29009950111548,20.1,11,0.08999999999999986
2026-06-22 12:26:15.902084000,15.0,-117.0129,-5.745013377926496,-10.680962207357876,-6.812866441484221,-13.363564301880622,12.127989626791475,-118.27465874152998,20.11,11,0.09999999999999787
2026-06-22 12:26:15.912084000,15.0,-117.0129,-4.29253797468358,-10.41472151898736,-6.812866441484221,-13.363564301880622,11.264648533450078,-112.39952752929705,20.12,11,0.10999999999999943
2026-06-22 12:26:15.922084000,15.0,-117.0129,-5.771840505567558,-10.17958772193813,-6.812866441484221,-13.363564301880622,11.702057469109604,-119.5532974221154,20.13,11,0.11999999999999744
2026-06-22 12:26:15.932084000,15.0,-117.0129,-4.851968860580341,-10.185072894550604,-6.812866441484221,-13.363564301880622,11.281724677164867,-115.47221371567711,20.14,11,0.129999999999999
2026-06-22 12:26:15.942084000,15.0,-117.0129,-5.807947051639853,-10.607852233077441,-6.812866441484221,-13.363564301880622,12.093749540711439,-118.70131978981117,20.15,11,0.13999999999999702
2026-06-22 12:26:15.952084000,15.0,-117.0129,-5.04468815422201,-10.372332344731362,-6.812866441484221,-13.363564301880622,11.534043386553922,-115.93643764547029,20.16,11,0.14999999999999858
2026-06-22 12:26:15.962084000,15.0,-117.0129,-5.925710144926956,-10.380835748792096,-6.812866441484221,-13.363564301880622,11.953066199310125,-119.71909458911102,20.17,11,0.16000000000000014
2026-06-22 12:26:15.972084000,15.0,-117.0129,-4.951301762114126,-10.303634361233403,-6.812866441484221,-13.363564301880622,11.431547147674463,-115.66611635381504,20.18,11,0.16999999999999815
2026-06-22 12:26:15.982084000,15.0,-117.0129,-6.135804992934286,-10.503185586434114,-6.812866441484221,-13.363564301880622,12.164086910836943,-120.2928379085727,20.19,11,0.17999999999999972
2026-06-22 12:26:15.992084000,15.0,-117.0129,-5.296297545184728,-10.196734826004846,-6.812866441484221,-13.363564301880622,11.490177056903425,-117.44786678734538,20.2,11,0.18999999999999773
2026-06-22 12:26:16.002084000,15.0,-117.0129,-6.407117600631491,-10.662016574585655,-6.812866441484221,-13.363564301880622,12.439041497843034,-121.00288899741413,20.21,11,0.1999999999999993
2026-06-22 12:26:16.012084000,15.0,-117.0129,-5.370063400576104,-10.298141210374613,-6.812866441484221,-13.363564301880622,11.61418500433943,-117.54021587108811,20.22,11,0.2099999999999973
2026-06-22 12:26:16.022084000,15.0,-117.0129,-6.3939414348461,-10.56484793976151,-6.812866441484221,-13.363564301880622,12.349028263896914,-121.18270506636179,20.23,11,0.21999999999999886
2026-06-22 12:26:16.032084000,15.0,-117.0129,-5.549724696356467,-10.299656882591153,-6.812866441484221,-13.363564301880622,11.699674187961655,-118.31694938694442,20.24,11,0.22999999999999687
2026-06-22 12:26:16.042083999,15.0,-117.0129,-6.415114494518562,-10.549612667478504,-6.812866441484221,-13.363564301880622,12.346984304339463,-121.30336815560649,20.249999999,11,0.23999999899999835
2026-06-22 12:26:16.052083999,15.0,-117.0129,-5.55942843326933,-10.284463249516508,-6.812866441484221,-13.363564301880622,11.690912232811394,-118.39413652866799,20.259999999,11,0.24999999899999992
2026-06-22 12:26:16.062084000,15.0,-117.0129,-6.315067408781955,-10.527194186765684,-6.812866441484221,-13.363564301880622,12.276069966537877,-120.95875742807503,20.27,11,0.259999999999998
2026-06-22 12:26:16.072084000,15.0,-117.0129,-5.266392473118337,-10.202924731182856,-6.812866441484221,-13.363564301880622,11.481923303658679,-117.30119873403495,20.28,11,0.2699999999999996
2026-06-22 12:26:16.082084000,15.0,-117.0129,-6.234749950189108,-10.52535624626414,-6.812866441484221,-13.363564301880622,12.233365483469978,-120.64060214546464,20.29,11,0.2799999999999976
2026-06-22 12:26:16.092084000,15.0,-117.0129,-5.506423848878368,-10.256271546635178,-6.812866441484221,-13.363564301880622,11.640953983321763,-118.23062111373812,20.3,11,0.28999999999999915
2026-06-22 12:26:16.102084000,15.0,-117.0129,-6.278870057481628,-10.499319282355076,-6.812866441484221,-13.363564301880622,12.233556906786042,-120.8805376217808,20.31,11,0.29999999999999716
2026-06-22 12:26:16.112084000,15.0,-117.0129,-5.55548923812786,-10.239719166381997,-6.812866441484221,-13.363564301880622,11.649691381376817,-118.4817401568152,20.32,11,0.3099999999999987
2026-06-22 12:26:16.122084000,15.0,-117.0129,-6.195190513523641,-10.433459427675299,-6.812866441484221,-13.363564301880622,12.134144433284115,-120.7010379408322,20.33,11,0.31999999999999673
2026-06-22 12:26:16.132084000,15.0,-117.0129,-5.544416130125337,-10.241813283632657,-6.812866441484221,-13.363564301880622,11.646256461232012,-118.42894437776678,20.34,11,0.3299999999999983
2026-06-22 12:26:16.142084000,15.0,-117.0129,-6.7256950914339635,-10.609835226178973,-6.812866441484221,-13.363564301880622,12.561989412095805,-122.37107468043106,20.35,11,0.33999999999999986
2026-06-22 12:26:16.152084000,15.0,-117.0129,-5.460680497925205,-10.21848824343013,-6.812866441484221,-13.363564301880622,11.58604908851764,-118.11969986951453,20.36,11,0.34999999999999787
2026-06-22 12:26:16.162084000,15.0,-117.0129,-6.18282679231744,-10.428908028152126,-6.812866441484221,-13.363564301880622,12.123921387218504,-120.66177984887459,20.37,11,0.35999999999999943
2026-06-22 12:26:16.172084000,15.0,-117.0129,-5.076774034272489,-10.123192564623912,-6.812866441484221,-13.363564301880622,11.32486919551481,-116.63373302737071,20.38,11,0.36999999999999744
2026-06-22 12:26:16.182084000,15.0,-117.0129,-6.155816336165908,-10.43065014164299,-6.812866441484221,-13.363564301880622,12.111669461389871,-120.54766467779652,20.39,11,0.379999999999999
2026-06-22 12:26:16.192084000,15.0,-117.0129,-5.592352551985119,-10.169405482041743,-6.812866441484221,-13.363564301880622,11.605654437552202,-118.8072446023663,20.4,11,0.389999999999997
2026-06-22 12:26:16.202084000,15.0,-117.0129,-6.133587209302667,-10.423145348837297,-6.812866441484221,-13.363564301880622,12.09391793494192,-120.47503997284241,20.41,11,0.3999999999999986
2026-06-22 12:26:16.212084000,15.0,-117.0129,-5.697234468937936,-10.221012024048132,-6.812866441484221,-13.363564301880622,11.701605333875818,-119.13547667751344,20.42,11,0.41000000000000014
2026-06-22 12:26:16.222084000,15.0,-117.0129,-6.313388349514962,-10.480781386006143,-6.812866441484221,-13.363564301880622,12.235426061770147,-121.06381962860218,20.43,11,0.41999999999999815
2026-06-22 12:26:16.232084000,15.0,-117.0129,-5.651367619047734,-10.219740952380944,-6.812866441484221,-13.363564301880622,11.678230221201902,-118.94195352205097,20.44,11,0.4299999999999997
2026-06-22 12:26:16.242084000,15.0,-117.0129,-6.352182899207478,-10.51716987542475,-6.812866441484221,-13.363564301880622,12.28662239077631,-121.13122693230247,20.45,11,0.4399999999999977
2026-06-22 12:26:16.252084000,15.0,-117.0129,-5.615889694656825,-10.151863740458055,-6.812866441484221,-13.363564301880622,11.6016617114696,-118.95084426978585,20.46,11,0.4499999999999993
2026-06-22 12:26:16.262084000,15.0,-117.0129,-6.48312430011208,-10.526842105263183,-6.812866441484221,-13.363564301880622,12.36306213685936,-121.62750390521705,20.47,11,0.4599999999999973
2026-06-22 12:26:16.272084000,15.0,-117.0129,-5.660680073126172,-10.178215722120699,-6.812866441484221,-13.363564301880622,11.646431821648754,-119.08090504736597,20.48,11,0.46999999999999886
2026-06-22 12:26:16.282084000,15.0,-117.0129,-6.300022573362606,-10.46482731376955,-6.812866441484221,-13.363564301880622,12.214863696820183,-121.04873047935146,20.49,11,0.4799999999999969
2026-06-22 12:26:16.292084000,15.0,-117.0129,-5.609287220026354,-10.132820816864298,-6.812866441484221,-13.363564301880622,11.581803003998534,-118.9678646096553,20.5,11,0.48999999999999844
2026-06-22 12:26:16.302084000,15.0,-117.0129,-6.7104524312887595,-10.50064693446064,-6.812866441484221,-13.363564301880622,12.461691613693016,-122.58066618995836,20.51,11,0.5
2026-06-22 12:26:16.312084000,15.0,-117.0129,-5.314567310409836,-10.070699387658985,-6.812866441484221,-13.363564301880622,11.386993099737607,-117.82176446492547,20.52,11,0.509999999999998
2026-06-22 12:26:16.322084000,15.0,-117.0129,-6.239264868602742,-10.396558782849144,-6.812866441484221,-13.363564301880622,12.12505095353492,-120.96914406889599,20.53,11,0.5199999999999996
2026-06-22 12:26:16.332084000,15.0,-117.0129,-5.127217242642567,-10.069886799365001,-6.812866441484221,-13.363564301880622,11.300043221389764,-116.98352663256698,20.54,11,0.5299999999999976
2026-06-22 12:26:16.342084000,15.0,-117.0129,-5.741350488934648,-10.415737004632103,-6.812866441484221,-13.363564301880622,11.893304115612812,-118.86438188215016,20.55,11,0.5399999999999991
2026-06-22 12:26:16.352084000,15.0,-117.0129,-5.350798709677351,-10.1736722580645,-6.812866441484221,-13.363564301880622,11.494983864538305,-117.74193112910984,20.56,11,0.5499999999999972
2026-06-22 12:26:16.362084000,15.0,-117.0129,-5.719175077797318,-10.614844405357958,-6.812866441484221,-13.363564301880622,12.057524012850115,-118.31535596699631,20.57,11,0.5599999999999987
2026-06-22 12:26:16.372084000,15.0,-117.0129,-5.573409197360136,-10.217544602938023,-6.812866441484221,-13.363564301880622,11.63877604365023,-118.61133719566077,20.58,11,0.5699999999999967
2026-06-22 12:26:16.382084000,15.0,-117.0129,-5.734333498759305,-10.473595533498813,-6.812866441484221,-13.363564301880622,11.9406358320786,-118.70087307565157,20.59,11,0.5799999999999983
2026-06-22 12:26:16.392084000,15.0,-117.0129,-5.44173301781773,-10.18411469933195,-6.812866441484221,-13.363564301880622,11.546802607057797,-118.11716803663649,20.6,11,0.5899999999999999
2026-06-22 12:26:16.402084000,15.0,-117.0129,-6.375389668557513,-10.569240668856375,-6.812866441484221,-13.363564301880622,12.343194146660638,-121.09847401689935,20.61,11,0.5999999999999979
2026-06-22 12:26:16.412084000,15.0,-117.0129,-5.122245603015051,-10.062417713567845,-6.812866441484221,-13.363564301880622,11.291131487142064,-116.97824198603504,20.62,11,0.6099999999999994
2026-06-22 12:26:16.422084000,15.0,-117.0129,-6.57650093545353,-10.482375116931642,-6.812866441484221,-13.363564301880622,12.374593029513692,-122.10360621680395,20.63,11,0.6199999999999974
2026-06-22 12:26:16.432084000,15.0,-117.0129,-5.123382352941179,-10.041127450980387,-6.812866441484221,-13.363564301880622,11.272678795266943,-117.03248174843483,20.64,11,0.629999999999999
2026-06-22 12:26:16.442084000,15.0,-117.0129,-6.648465728132661,-10.529481652434685,-6.812866441484221,-13.363564301880622,12.452794080330454,-122.26890190723834,20.65,11,0.639999999999997
2026-06-22 12:26:16.452084000,15.0,-117.0129,-5.043704545454442,-10.092500000000074,-6.812866441484221,-13.363564301880622,11.282619899289317,-116.5534894418995,20.66,11,0.6499999999999986
2026-06-22 12:26:16.462084000,15.0,-117.0129,-6.133628000002814,-10.594603999999912,-6.812866441484221,-13.363564301880622,12.242018884123347,-120.06821785804154,20.67,11,0.6600000000000001
2026-06-22 12:26:16.472084000,15.0,-117.0129,-5.469237607311075,-10.109080587094995,-6.812866441484221,-13.363564301880622,11.49374048435089,-118.41437460290882,20.68,11,0.6699999999999982
2026-06-22 12:26:16.482084000,15.0,-117.0129,-6.490599311601915,-10.577274347033764,-6.812866441484221,-13.363564301880622,12.40994004966123,-121.53478853714199,20.69,11,0.6799999999999997
2026-06-22 12:26:16.492084000,15.0,-117.0129,-5.415441613588111,-10.109318471337579,-6.812866441484221,-13.363564301880622,11.468449233663154,-118.17742437104394,20.7,11,0.6899999999999977
2026-06-22 12:26:16.502084000,15.0,-117.0129,-6.473300134588751,-10.495664872139628,-6.812866441484221,-13.363564301880622,12.331366337139308,-121.66460098227257,20.71,11,0.6999999999999993
2026-06-22 12:26:16.512084000,15.0,-117.0129,-5.3665463414632795,-10.126302439024373,-6.812866441484221,-13.363564301880622,11.46044592158891,-117.92184948793697,20.72,11,0.7099999999999973
2026-06-22 12:26:16.522084000,15.0,-117.0129,-6.207635612216274,-10.56536102549731,-6.812866441484221,-13.363564301880622,12.254043964877606,-120.43619505733609,20.73,11,0.7199999999999989
2026-06-22 12:26:16.532084000,15.0,-117.0129,-5.443503245348706,-10.122216789268725,-6.812866441484221,-13.363564301880622,11.49308489097142,-118.27037622098184,20.74,11,0.7299999999999969
2026-06-22 12:26:16.542084000,15.0,-117.0129,-6.220891629599805,-10.557467448443283,-6.812866441484221,-13.363564301880622,12.253963097388716,-120.5083315543956,20.75,11,0.7399999999999984
2026-06-22 12:26:16.552084000,15.0,-117.0129,-5.398898185757056,-10.130549147034941,-6.812866441484221,-13.363564301880622,11.479378364731307,-118.05460073835674,20.76,11,0.75
2026-06-22 12:26:16.562084000,15.0,-117.0129,-6.443687267904492,-10.478256763925753,-6.812866441484221,-13.363564301880622,12.301015015733874,-121.58976743539706,20.77,11,0.759999999999998
2026-06-22 12:26:16.572084000,15.0,-117.0129,-5.388813348855711,-10.15546876212651,-6.812866441484221,-13.363564301880622,11.496645384081953,-117.95183748236767,20.78,11,0.7699999999999996
2026-06-22 12:26:16.582084000,15.0,-117.0129,-5.745479865771818,-10.154438338926175,-6.812866441484221,-13.363564301880622,11.667182901928088,-119.50160314376713,20.79,11,0.7799999999999976
2026-06-22 12:26:16.592084000,15.0,-117.0129,-5.4764923711342925,-10.180168659793829,-6.812866441484221,-13.363564301880622,11.559749246109995,-118.2783380658005,20.8,11,0.7899999999999991
2026-06-22 12:26:16.602084000,15.0,-117.0129,-6.4265049073064,-10.496777535441646,-6.812866441484221,-13.363564301880622,12.307814751294629,-121.47646780102275,20.81,11,0.7999999999999972
2026-06-22 12:26:16.612084000,15.0,-117.0129,-5.403298914945692,-10.136254812740637,-6.812866441484221,-13.363564301880622,11.486483395411366,-118.06058743757112,20.82,11,0.8099999999999987
2026-06-22 12:26:16.622084000,15.0,-117.0129,-6.581611464968382,-10.548936305732575,-6.812866441484221,-13.363564301880622,12.433731003130399,-121.96054784699588,20.83,11,0.8199999999999967
2026-06-22 12:26:16.632084000,15.0,-117.0129,-5.491278900298108,-10.175456442530638,-6.812866441484221,-13.363564301880622,11.562614659958944,-118.35392709058156,20.84,11,0.8299999999999983
2026-06-22 12:26:16.642084000,15.0,-117.0129,-6.50552020135151,-10.4793755464301,-6.812866441484221,-13.363564301880622,12.33446816580714,-121.8317098603675,20.85,11,0.8399999999999999
2026-06-22 12:26:16.652084000,15.0,-117.0129,-5.313432633616265,-10.141714753610245,-6.812866441484221,-13.363564301880622,11.449320700180163,-117.65087759032015,20.86,11,0.8499999999999979
2026-06-22 12:26:16.662084000,15.0,-117.0129,-6.321703391685083,-10.406194967177306,-6.812866441484221,-13.363564301880622,12.175911771499866,-121.2784391869144,20.87,11,0.8599999999999994
2026-06-22 12:26:16.672084000,15.0,-117.0129,-5.544598930481169,-10.120898395721905,-6.812866441484221,-13.363564301880622,11.540154315970785,-118.71554242092898,20.88,11,0.8699999999999974
2026-06-22 12:26:16.682084000,15.0,-117.0129,-6.513671284634491,-10.43444584382862,-6.812866441484221,-13.363564301880622,12.300633059808925,-121.97434710007931,20.89,11,0.879999999999999
2026-06-22 12:26:16.692084000,15.0,-117.0129,-5.270797052153095,-9.994089569160497,-6.812866441484221,-13.363564301880622,11.29881090563907,-117.8067795603336,20.9,11,0.889999999999997
2026-06-22 12:26:16.702084000,15.0,-117.0129,-6.478655112651569,-10.369192027729603,-6.812866441484221,-13.363564301880622,12.2267377242099,-121.99707832544135,20.91,11,0.8999999999999986
2026-06-22 12:26:16.712084000,15.0,-117.0129,-5.139495636998325,-9.922305410122348,-6.812866441484221,-13.363564301880622,11.17437067822918,-117.38297942129746,20.92,11,0.9100000000000001
2026-06-22 12:26:16.722084000,15.0,-117.0129,-6.490310841794948,-10.326686537831636,-6.812866441484221,-13.363564301880622,12.19690902129528,-122.14931520572802,20.93,11,0.9199999999999982
2026-06-22 12:26:16.732084000,15.0,-117.0129,-5.479402173913522,-10.107469481605325,-6.812866441484221,-13.363564301880622,11.497164324522426,-118.46274751061706,20.94,11,0.9299999999999997
2026-06-22 12:26:16.742084000,15.0,-117.0129,-6.63805003909305,-10.457116497263492,-6.812866441484221,-13.363564301880622,12.386080645581295,-122.40688230164501,20.95,11,0.9399999999999977
2026-06-22 12:26:16.752084000,15.0,-117.0129,-5.20363043478272,-10.111956521739723,-6.812866441484221,-13.363564301880622,11.372309985194367,-117.23042934064817,20.96,11,0.9499999999999993
2026-06-22 12:26:16.762084000,15.0,-117.0129,-6.719024345260016,-10.454338251567673,-6.812866441484221,-13.363564301880622,12.42732780731191,-122.72893705657783,20.97,11,0.9599999999999973
2026-06-22 12:26:16.772084000,15.0,-117.0129,-5.234487266553486,-10.029977928692714,-6.812866441484221,-13.363564301880622,11.313722384510482,-117.55934575635683,20.98,11,0.9699999999999989
2026-06-22 12:26:16.782084000,15.0,-117.0129,-6.455754022987984,-10.315137931034295,-6.812866441484221,-13.363564301880622,12.168764544586603,-122.0404906466821,20.99,11,0.9799999999999969
2026-06-22 12:26:16.792084000,15.0,-117.0129,-5.1922943625118885,-10.009811251189337,-6.812866441484221,-13.363564301880622,11.276357658012156,-117.41669550793627,21.0,11,0.9899999999999984
2026-06-22 12:26:16.802084000,15.0,-117.0129,-6.407034934497283,-10.308797141722694,-6.812866441484221,-13.363564301880622,12.13760252937369,-121.86142234399996,21.01,11,1.0
2026-06-22 12:26:16.812084000,15.0,-117.0129,-5.310718218623261,-10.130594331983808,-6.812866441484221,-13.363564301880622,11.438210940389213,-117.6646847751621,21.02,11,1.009999999999998
2026-06-22 12:26:16.822084000,15.0,-117.0129,-6.892878223494991,-10.547194842406547,-6.812866441484221,-13.363564301880622,12.599805127366801,-123.16570615974518,21.03,11,1.0199999999999996
2026-06-22 12:26:16.832084000,15.0,-117.0129,-5.280534930139706,-10.1062470614326,-6.812866441484221,-13.363564301880622,11.402643501186057,-117.58716048929122,21.04,11,1.0299999999999976
2026-06-22 12:26:16.842084000,15.0,-117.0129,-6.405254712845524,-10.398108176238582,-6.812866441484221,-13.363564301880622,12.212614035544949,-121.63314949795965,21.05,11,1.0399999999999991
2026-06-22 12:26:16.852084000,15.0,-117.0129,-5.422018428184066,-10.080178861788582,-6.812866441484221,-13.363564301880622,11.445885274683517,-118.27532388663336,21.06,11,1.0499999999999972
2026-06-22 12:26:16.862084000,15.0,-117.0129,-6.600172680412366,-10.458889175257731,-6.812866441484221,-13.363564301880622,12.367321544764053,-122.254329754575,21.07,11,1.0599999999999987
2026-06-22 12:26:16.872084000,15.0,-117.0129,-5.21047974252177,-9.96535819765239,-6.812866441484221,-13.363564301880622,11.24533072678378,-117.60323463663146,21.08,11,1.0699999999999967
2026-06-22 12:26:16.882084000,15.0,-117.0129,-6.571113775794304,-10.401923034020951,-6.812866441484221,-13.363564301880622,12.303639260809351,-122.28146431363706,21.09,11,1.0799999999999983
2026-06-22 12:26:16.892084000,15.0,-117.0129,-5.332393733600914,-9.98857123012812,-6.812866441484221,-13.363564301880622,11.322807873910493,-118.09550677079737,21.1,11,1.0899999999999999
2026-06-22 12:26:16.902084000,15.0,-117.0129,-6.5358898678416875,-10.437499265785705,-6.812866441484221,-13.363564301880622,12.315000904905885,-122.05451370609441,21.11,11,1.0999999999999979
2026-06-22 12:26:16.912084000,15.0,-117.0129,-5.213820678812534,-9.985341810783309,-6.812866441484221,-13.363564301880622,11.264589524212166,-117.57119733888457,21.12,11,1.1099999999999994
2026-06-22 12:26:16.922084000,15.0,-117.0129,-6.505610687023514,-10.419405670665373,-6.812866441484221,-13.363564301880622,12.283606349155296,-121.97960239691307,21.13,11,1.1199999999999974
2026-06-22 12:26:16.932084000,15.0,-117.0129,-5.538756292567352,-10.052710986082314,-6.812866441484221,-13.363564301880622,11.477578988539111,-118.85350741340274,21.14,11,1.129999999999999
2026-06-22 12:26:16.942084000,15.0,-117.0129,-6.63985263157831,-10.444771578947137,-6.812866441484221,-13.363564301880622,12.376627016496023,-122.44455530185088,21.15,11,1.139999999999997
2026-06-22 12:26:16.952084000,15.0,-117.0129,-5.561010028653313,-10.056517908309463,-6.812866441484221,-13.363564301880622,11.491665892242588,-118.94152755067921,21.16,11,1.1499999999999986
2026-06-22 12:26:16.962084000,15.0,-117.0129,-6.590528921023075,-10.374575361512699,-6.812866441484221,-13.363564301880622,12.29092695408072,-122.42606853104367,21.17,11,1.1600000000000001
2026-06-22 12:26:16.972084000,15.0,-117.0129,-5.578291528026589,-10.043448681853082,-6.812866441484221,-13.363564301880622,11.488611656621945,-119.04849116513026,21.18,11,1.1699999999999982
2026-06-22 12:26:16.982084000,15.0,-117.0129,-6.710262007874124,-10.440532677165374,-6.812866441484221,-13.363564301880622,12.410976544868532,-122.72936632433328,21.19,11,1.1799999999999997
2026-06-22 12:26:16.992084000,15.0,-117.0129,-5.570121077654581,-10.08951188589542,-6.812866441484221,-13.363564301880622,11.524951145898918,-118.90179004450175,21.2,11,1.1899999999999977
2026-06-22 12:26:17.002084000,15.0,-117.0129,-6.738162090345014,-10.432591142603957,-6.812866441484221,-13.363564301880622,12.419411673042378,-122.85745418552264,21.21,11,1.1999999999999993
2026-06-22 12:26:17.012084000,15.0,-117.0129,-5.570064119690066,-10.122297889393534,-6.812866441484221,-13.363564301880622,11.55363704030378,-118.8229616698045,21.22,11,1.2099999999999973
2026-06-22 12:26:17.022084000,15.0,-117.0129,-6.534068450039359,-10.36462352478364,-6.812866441484221,-13.363564301880622,12.252325139347969,-122.22816118009513,21.23,11,1.2199999999999989
2026-06-22 12:26:17.032084000,15.0,-117.0129,-5.561817150063791,-10.071838587642038,-6.812866441484221,-13.363564301880622,11.505465768331975,-118.90812448728103,21.24,11,1.2299999999999969
2026-06-22 12:26:17.042083999,15.0,-117.0129,-6.74361747694229,-10.429586212287003,-6.812866441484221,-13.363564301880622,12.419848841062787,-122.88611616112836,21.249999999,11,1.2399999989999984
2026-06-22 12:26:17.052083999,15.0,-117.0129,-5.381819262039302,-10.062202626641776,-6.812866441484221,-13.363564301880622,11.411042908904248,-118.14032115130108,21.259999999,11,1.249999999
2026-06-22 12:26:17.062084000,15.0,-117.0129,-6.284196511214157,-10.29698113207554,-6.812866441484221,-13.363564301880622,12.063123402580107,-121.39550963794727,21.27,11,1.259999999999998
2026-06-22 12:26:17.072084000,15.0,-117.0129,-5.378031048387791,-10.034824596774277,-6.812866441484221,-13.363564301880622,11.385118473052843,-118.18849209615583,21.28,11,1.2699999999999996
2026-06-22 12:26:17.082084000,15.0,-117.0129,-6.242051013734352,-10.32060660562456,-6.812866441484221,-13.363564301880622,12.061431157459024,-121.16615091482876,21.29,11,1.2799999999999976
2026-06-22 12:26:17.092084000,15.0,-117.0129,-4.948419420883298,-9.955989763088622,-6.812866441484221,-13.363564301880622,11.117939868865115,-116.42872626298987,21.3,11,1.2899999999999991
2026-06-22 12:26:17.102084000,15.0,-117.0129,-6.271961105424822,-10.332630501535323,-6.812866441484221,-13.363564301880622,12.087214285732667,-121.25797116674748,21.31,11,1.2999999999999972
2026-06-22 12:26:17.112084000,15.0,-117.0129,-5.508272727272554,-10.032571062740042,-6.812866441484221,-13.363564301880622,11.445241394000542,-118.76850283360702,21.32,11,1.3099999999999987
2026-06-22 12:26:17.122084000,15.0,-117.0129,-6.043652145644837,-10.455081274382355,-6.812866441484221,-13.363564301880622,12.076193759272746,-120.03043921287681,21.33,11,1.3199999999999967
2026-06-22 12:26:17.132084000,15.0,-117.0129,-5.190125592030084,-9.969340192715995,-6.812866441484221,-13.363564301880622,11.239446051258408,-117.50187911295625,21.34,11,1.3299999999999983
2026-06-22 12:26:17.142084000,15.0,-117.0129,-6.873228496387768,-10.455997373604465,-6.812866441484221,-13.363564301880622,12.512759529391602,-123.3188371825782,21.35,11,1.3399999999999999
2026-06-22 12:26:17.152084000,15.0,-117.0129,-5.448105021520597,-10.05535064562407,-6.812866441484221,-13.363564301880622,11.436429728371104,-118.44934591682485,21.36,11,1.3499999999999979
2026-06-22 12:26:17.162084000,15.0,-117.0129,-6.609417458431948,-10.404069477434582,-6.812866441484221,-13.363564301880622,12.325950706988525,-122.42666560160585,21.37,11,1.3599999999999994
2026-06-22 12:26:17.172084000,15.0,-117.0129,-5.486251264755132,-10.11093625632368,-6.812866441484221,-13.363564301880622,11.503477079538516,-118.4845083511655,21.38,11,1.3699999999999974
2026-06-22 12:26:17.182084000,15.0,-117.0129,-6.789138773628318,-10.451793453204239,-6.812866441484221,-13.363564301880622,12.463241619900757,-123.00641844923005,21.39,11,1.379999999999999
2026-06-22 12:26:17.192084000,15.0,-117.0129,-5.490342351717527,-10.131473465140632,-6.812866441484221,-13.363564301880622,11.523480972080955,-118.45368744099468,21.4,11,1.389999999999997
2026-06-22 12:26:17.202084000,15.0,-117.0129,-6.566532374100403,-10.345980815347623,-6.812866441484221,-13.363564301880622,12.253924532640543,-122.40305284474688,21.41,11,1.3999999999999986
2026-06-22 12:26:17.212084000,15.0,-117.0129,-5.503143344710047,-10.121955631399358,-6.812866441484221,-13.363564301880622,11.521222698847707,-118.53220926646182,21.42,11,1.4100000000000001
2026-06-22 12:26:17.222084000,15.0,-117.0129,-6.562462659380818,-10.340036429872534,-6.812866441484221,-13.363564301880622,12.246724848989574,-122.4018802869438,21.43,11,1.4199999999999982
2026-06-22 12:26:17.232084000,15.0,-117.0129,-5.528107588172431,-10.10964446027788,-6.812866441484221,-13.363564301880622,11.522364541171088,-118.6705103777558,21.44,11,1.4299999999999997
2026-06-22 12:26:17.242084000,15.0,-117.0129,-6.492791621680073,-10.419053336212471,-6.812866441484221,-13.363564301880622,12.276522938739584,-121.92972507979424,21.45,11,1.4399999999999977
2026-06-22 12:26:17.252084000,15.0,-117.0129,-5.471438716285725,-10.132244110618068,-6.812866441484221,-13.363564301880622,11.515164451419047,-118.36916404982995,21.46,11,1.4499999999999993
2026-06-22 12:26:17.262084000,15.0,-117.0129,-6.4951276595748775,-10.337629375429099,-6.812866441484221,-13.363564301880622,12.208737216350807,-122.14112703298723,21.47,11,1.4599999999999973
2026-06-22 12:26:17.272084000,15.0,-117.0129,-5.450767942583753,-10.124789473684219,-6.812866441484221,-13.363564301880622,11.498792677943433,-118.29618531544632,21.48,11,1.4699999999999989
2026-06-22 12:26:17.282084000,15.0,-117.0129,-6.482959663275624,-10.373130129778877,-6.812866441484221,-13.363564301880622,12.23235850868446,-122.00440344755475,21.49,11,1.4799999999999969
2026-06-22 12:26:17.292084000,15.0,-117.0129,-5.511217242559194,-10.098193636674717,-6.812866441484221,-13.363564301880622,11.504217931630969,-118.62406456446527,21.5,11,1.4899999999999984
2026-06-22 12:26:17.302084000,15.0,-117.0129,-6.458094736841253,-10.332277894736537,-6.812866441484221,-13.363564301880622,12.184537501443293,-122.00706218587867,21.51,11,1.5
2026-06-22 12:26:17.312084000,15.0,-117.0129,-5.545206927985206,-10.046618049225115,-6.812866441484221,-13.363564301880622,11.475358560898696,-118.89639732321545,21.52,11,1.509999999999998
2026-06-22 12:26:17.322084000,15.0,-117.0129,-6.42481538461489,-10.328707692307507,-6.812866441484221,-13.363564301880622,12.163899675659794,-121.88304883963607,21.53,11,1.5199999999999996
2026-06-22 12:26:17.332084000,15.0,-117.0129,-5.292423440453721,-10.025820415879023,-6.812866441484221,-13.363564301880622,11.336967005531974,-117.82864740725272,21.54,11,1.5299999999999976
2026-06-22 12:26:17.342084000,15.0,-117.0129,-6.514779161477203,-10.397101286840778,-6.812866441484221,-13.363564301880622,12.269558373944996,-122.07108203353717,21.55,11,1.5399999999999991
2026-06-22 12:26:17.352084000,15.0,-117.0129,-5.3389447895099575,-10.043270531400951,-6.812866441484221,-13.363564301880622,11.374164339956684,-117.99485452871131,21.56,11,1.5499999999999972
2026-06-22 12:26:17.362084000,15.0,-117.0129,-6.632503846153705,-10.4438452662722,-6.812866441484221,-13.363564301880622,12.371904106283719,-122.41813582513545,21.57,11,1.5599999999999987
2026-06-22 12:26:17.372084000,15.0,-117.0129,-5.344137903226183,-10.062405645161402,-6.812866441484221,-13.363564301880622,11.3934989049227,-117.97274581161147,21.58,11,1.5699999999999967
2026-06-22 12:26:17.382084000,15.0,-117.0129,-6.47019947000741,-10.38521585160199,-6.812866441484221,-13.363564301880622,12.23585671156905,-121.92374081488786,21.59,11,1.5799999999999983
2026-06-22 12:26:17.392084000,15.0,-117.0129,-5.386544146501224,-10.09361968606937,-6.812866441484221,-13.363564301880622,11.44097968747492,-118.08698190076834,21.6,11,1.5899999999999999
2026-06-22 12:26:17.402084000,15.0,-117.0129,-6.520865478842112,-10.38554387527833,-6.812866441484221,-13.363564301880622,12.263001597426546,-122.12385103340229,21.61,11,1.5999999999999979
2026-06-22 12:26:17.412084000,15.0,-117.0129,-5.378354803493911,-10.065479257641988,-6.812866441484221,-13.363564301880622,11.412299202101526,-118.11722516738783,21.62,11,1.6099999999999994
2026-06-22 12:26:17.422084000,15.0,-117.0129,-6.561848506400816,-10.365169274537791,-6.812866441484221,-13.363564301880622,12.26762364562823,-122.3365584475357,21.63,11,1.6199999999999974
2026-06-22 12:26:17.432084000,15.0,-117.0129,-5.371163830497419,-10.11210777444115,-6.812866441484221,-13.363564301880622,11.450070940215035,-117.97552627148964,21.64,11,1.629999999999999
2026-06-22 12:26:17.442084000,15.0,-117.0129,-6.542343750000385,-10.319474431817957,-6.812866441484221,-13.363564301880622,12.218584790887759,-122.37389324210807,21.65,11,1.639999999999997
2026-06-22 12:26:17.452084000,15.0,-117.0129,-5.401685517241346,-10.080161379310335,-6.812866441484221,-13.363564301880622,11.436252002300165,-118.18565193936213,21.66,11,1.6499999999999986
2026-06-22 12:26:17.462084000,15.0,-117.0129,-6.485499558694084,-10.355673433362556,-6.812866441484221,-13.363564301880622,12.218906529811585,-122.05788568108301,21.67,11,1.6600000000000001
2026-06-22 12:26:17.472084000,15.0,-117.0129,-5.451476505625281,-10.069538054268671,-6.812866441484221,-13.363564301880622,11.450510587644086,-118.43036018366345,21.68,11,1.6699999999999982
2026-06-22 12:26:17.482084000,15.0,-117.0129,-6.447167610140401,-10.397707851341302,-6.812866441484221,-13.363564301880622,12.234308266309462,-121.80125617702222,21.69,11,1.6799999999999997
2026-06-22 12:26:17.492084000,15.0,-117.0129,-5.449318681318817,-10.037390453296728,-6.812866441484221,-13.363564301880622,11.421220652911954,-118.49762074631343,21.7,11,1.6899999999999977
2026-06-22 12:26:17.502084000,15.0,-117.0129,-6.458434604904663,-10.39792506811987,-6.812866441484221,-13.363564301880622,12.24043394933634,-121.84554246384391,21.71,11,1.6999999999999993
2026-06-22 12:26:17.512084000,15.0,-117.0129,-5.442036910457843,-10.041620642515376,-6.812866441484221,-13.363564301880622,11.421467106417479,-118.4553928232775,21.72,11,1.7099999999999973
2026-06-22 12:26:17.522084000,15.0,-117.0129,-6.415398581919512,-10.44226766269939,-6.812866441484221,-13.363564301880622,12.255541314211799,-121.56524856326891,21.73,11,1.7199999999999989
2026-06-22 12:26:17.532084000,15.0,-117.0129,-5.409124524386375,-10.072462123832635,-6.812866441484221,-13.363564301880622,11.43298392180979,-118.23673608167462,21.74,11,1.7299999999999969
2026-06-22 12:26:17.542084000,15.0,-117.0129,-6.433968231046907,-10.331701083032458,-6.812866441484221,-13.363564301880622,12.17127743777353,-121.91219209127412,21.75,11,1.7399999999999984
2026-06-22 12:26:17.552084000,15.0,-117.0129,-5.374169226895413,-10.061965248048404,-6.812866441484221,-13.363564301880622,11.407227512951753,-118.10700111291997,21.76,11,1.75
2026-06-22 12:26:17.562084000,15.0,-117.0129,-6.432591772152064,-10.287327004219508,-6.812866441484221,-13.363564301880622,12.132902941955084,-122.01744646963057,21.77,11,1.759999999999998
2026-06-22 12:26:17.572084000,15.0,-117.0129,-5.362738540692721,-10.075905051450011,-6.812866441484221,-13.363564301880622,11.414150308352651,-118.02342296711124,21.78,11,1.7699999999999996
2026-06-22 12:26:17.582084000,15.0,-117.0129,-6.577909999999847,-10.350442499999842,-6.812866441484221,-13.363564301880622,12.263790601355723,-122.43676202584456,21.79,11,1.7799999999999976
2026-06-22 12:26:17.592084000,15.0,-117.0129,-5.312301303718348,-10.094721390632563,-6.812866441484221,-13.363564301880622,11.407188308079352,-117.75538503205239,21.8,11,1.7899999999999991
2026-06-22 12:26:17.602084000,15.0,-117.0129,-6.398990506329174,-10.28913607594941,-6.812866441484221,-13.363564301880622,12.11665798351569,-121.87819055694028,21.81,11,1.7999999999999972
2026-06-22 12:26:17.612084000,15.0,-117.0129,-5.254753663257079,-10.067786839922613,-6.812866441484221,-13.363564301880622,11.356617802657295,-117.56173650512031,21.82,11,1.8099999999999987
2026-06-22 12:26:17.622084000,15.0,-117.0129,-6.478127334464805,-10.292141256366492,-6.812866441484221,-13.363564301880622,12.161180263549312,-122.18732253307103,21.83,11,1.8199999999999967
2026-06-22 12:26:17.632084000,15.0,-117.0129,-5.313975895547285,-10.049780046869758,-6.812866441484221,-13.363564301880622,11.36821968510985,-117.86833645111082,21.84,11,1.8299999999999983
2026-06-22 12:26:17.642084000,15.0,-117.0129,-6.650511691633076,-10.388999086591108,-6.812866441484221,-13.363564301880622,12.33533979190436,-122.62531592146293,21.85,11,1.8399999999999999
2026-06-22 12:26:17.652084000,15.0,-117.0129,-5.32587972813223,-10.02405023640659,-6.812866441484221,-13.363564301880622,11.351060656191246,-117.98216251653375,21.86,11,1.8499999999999979
2026-06-22 12:26:17.662084000,15.0,-117.0129,-6.608236286919716,-10.405544303797383,-6.812866441484221,-13.363564301880622,12.326562338383424,-122.41835547859918,21.87,11,1.8599999999999994
2026-06-22 12:26:17.672084000,15.0,-117.0129,-5.316577207977216,-10.034525925925928,-6.812866441484221,-13.363564301880622,11.355954551091793,-117.91591509891103,21.88,11,1.8699999999999974
2026-06-22 12:26:17.682084000,15.0,-117.0129,-6.54218159475681,-10.342089022392052,-6.812866441484221,-13.363564301880622,12.23760374280263,-122.31655929450719,21.89,11,1.879999999999999
2026-06-22 12:26:17.692084000,15.0,-117.0129,-5.188597642561471,-10.00747180630775,-6.812866441484221,-13.363564301880622,11.272579006174185,-117.40549162846156,21.9,11,1.889999999999997
2026-06-22 12:26:17.702084000,15.0,-117.0129,-6.5574804469270145,-10.317949720670224,-6.812866441484221,-13.363564301880622,12.2254094512253,-122.43763320058814,21.91,11,1.8999999999999986
2026-06-22 12:26:17.712084000,15.0,-117.0129,-5.289517892929119,-10.038228743200746,-6.812866441484221,-13.363564301880622,11.34658696879546,-117.78642220672242,21.92,11,1.9100000000000001
2026-06-22 12:26:17.722084000,15.0,-117.0129,-6.712241092636543,-10.34546377672208,-6.812866441484221,-13.363564301880622,12.332185582497017,-122.97591328115865,21.93,11,1.9199999999999982
2026-06-22 12:26:17.732084000,15.0,-117.0129,-5.303479204339979,-10.045699819168176,-6.812866441484221,-13.363564301880622,11.359708470189812,-117.83115345487879,21.94,11,1.9299999999999997
2026-06-22 12:26:17.742084000,15.0,-117.0129,-6.652760073259929,-10.323157509157433,-6.812866441484221,-13.363564301880622,12.28115619765643,-122.7997609474658,21.95,11,1.9399999999999977
2026-06-22 12:26:17.752084000,15.0,-117.0129,-5.346450708661715,-10.041333858267778,-6.812866441484221,-13.363564301880622,11.375979994415612,-118.03281360151331,21.96,11,1.9499999999999993
2026-06-22 12:26:17.762084000,15.0,-117.0129,-6.623046448087798,-10.303437158470127,-6.812866441484221,-13.363564301880622,12.248492214638965,-122.73289792229839,21.97,11,1.9599999999999973
2026-06-22 12:26:17.772084000,15.0,-117.0129,-5.323013034854282,-10.0458370643242,-6.812866441484221,-13.363564301880622,11.368962577657578,-117.91788727396744,21.98,11,1.9699999999999989
2026-06-22 12:26:17.782084000,15.0,-117.0129,-6.575493967597036,-10.31675766976888,-6.812866441484221,-13.363564301880622,12.234075761357701,-122.51182770193276,21.99,11,1.9799999999999969
2026-06-22 12:26:17.792084000,15.0,-117.0129,-5.2407021267168945,-10.016244705361101,-6.812866441484221,-13.363564301880622,11.30442907796096,-117.61947558673786,22.0,11,1.9899999999999984
2026-06-22 12:26:17.802084000,24.0,-117.0129,-5.431663579973445,-10.051246920691188,-10.900586306374754,-21.381702883008995,11.424996013422238,-118.38665396313154,22.01,12,0.0
2026-06-22 12:26:17.812084000,24.0,-117.0129,-5.622625033229927,-10.086249136021264,-10.900586306374754,-21.381702883008995,11.547568311042525,-119.13767811937342,22.02,12,0.00999999999999801
2026-06-22 12:26:17.822084000,24.0,-117.0129,-5.658808248914617,-10.072242402315485,-10.900586306374754,-21.381702883008995,11.553015961600076,-119.32823925313059,22.03,12,0.019999999999999574
2026-06-22 12:26:17.832084000,24.0,-117.0129,-5.583743118459223,-10.059757629056367,-10.900586306374754,-21.381702883008995,11.505516536353268,-119.03278981857034,22.04,12,0.029999999999997584
2026-06-22 12:26:17.842084000,24.0,-117.0129,-6.703674652241085,-11.674462905718716,-10.900586306374754,-21.381702883008995,13.46225605090402,-119.86517347149852,22.05,12,0.03999999999999915
2026-06-22 12:26:17.852084000,24.0,-117.0129,-5.589676962209332,-12.860809956395375,-10.900586306374754,-21.381702883008995,14.023013986884992,-113.4911483359523,22.06,12,0.04999999999999716
2026-06-22 12:26:17.862084000,24.0,-117.0129,-6.503551528522023,-13.591610148124879,-10.900586306374754,-21.381702883008995,15.067449980097905,-115.57099839802846,22.07,12,0.05999999999999872
2026-06-22 12:26:17.872084000,24.0,-117.0129,-5.5917814351549175,-12.684256747860434,-10.900586306374754,-21.381702883008995,13.862120648161527,-113.79000716181486,22.08,12,0.06999999999999673
2026-06-22 12:26:17.882084000,24.0,-117.0129,-6.660616558818663,-13.211692882030867,-10.900586306374754,-21.381702883008995,14.795696730898294,-116.75475525797107,22.09,12,0.0799999999999983
2026-06-22 12:26:17.892084000,24.0,-117.0129,-5.299636550308028,-12.669179671457673,-10.900586306374754,-21.381702883008995,13.732962575971623,-112.70001498391443,22.1,12,0.08999999999999986
2026-06-22 12:26:17.902084000,24.0,-117.0129,-6.343579042082065,-13.553321290144043,-10.900586306374754,-21.381702883008995,14.964408209381839,-115.08176029552328,22.11,12,0.09999999999999787
2026-06-22 12:26:17.912084000,24.0,-117.0129,-5.143980645161314,-15.170864516129287,-10.900586306374754,-21.381702883008995,16.019228041467695,-108.73024123165266,22.12,12,0.10999999999999943
2026-06-22 12:26:17.922084000,24.0,-117.0129,-5.36587950566427,-15.479376768388532,-10.900586306374754,-21.381702883008995,16.383032930658302,-109.11872035402655,22.13,12,0.11999999999999744
2026-06-22 12:26:17.932084000,24.0,-117.0129,-6.035292481977439,-15.666920808715947,-10.900586306374754,-21.381702883008995,16.789197806017718,-111.067941394587,22.14,12,0.129999999999999
2026-06-22 12:26:17.942084000,24.0,-117.0129,-6.118972093022685,-15.172314728681952,-10.900586306374754,-21.381702883008995,16.359735746685203,-111.96414751768317,22.15,12,0.13999999999999702
2026-06-22 12:26:17.952084000,24.0,-117.0129,-4.808699263438372,-14.869439429556504,-10.900586306374754,-21.381702883008995,15.627661935025419,-107.92093716043816,22.16,12,0.14999999999999858
2026-06-22 12:26:17.962084000,24.0,-117.0129,-6.024002697234815,-16.37123398516526,-10.900586306374754,-21.381702883008995,17.444366159116313,-110.2017305628512,22.17,12,0.16000000000000014
2026-06-22 12:26:17.972084000,24.0,-117.0129,-4.5573817296301415,-16.076817164670278,-10.900586306374754,-21.381702883008995,16.71028959580903,-105.82672712539056,22.18,12,0.16999999999999815
2026-06-22 12:26:17.982084000,24.0,-117.0129,-6.6506792029892425,-16.196292403487,-10.900586306374754,-21.381702883008995,17.50860992427224,-112.32451092287594,22.19,12,0.17999999999999972
2026-06-22 12:26:17.992084000,24.0,-117.0129,-5.125584521384848,-15.881337406653051,-10.900586306374754,-21.381702883008995,16.687974547853834,-107.88710223508171,22.2,12,0.18999999999999773
2026-06-22 12:26:18.002084000,24.0,-117.0129,-6.160271117165867,-16.538754768392348,-10.900586306374754,-21.381702883008995,17.648777564636273,-110.42909969855502,22.21,12,0.1999999999999993
2026-06-22 12:26:18.012084000,24.0,-117.0129,-5.141307259838342,-16.247707895380092,-10.900586306374754,-21.381702883008995,17.041744399962788,-107.55907818385786,22.22,12,0.2099999999999973
2026-06-22 12:26:18.022084000,24.0,-117.0129,-6.472336683416716,-16.47295477386928,-10.900586306374754,-21.381702883008995,17.69885253697099,-111.45020324921006,22.23,12,0.21999999999999886
2026-06-22 12:26:18.032084000,24.0,-117.0129,-5.008232908912997,-16.15653143976496,-10.900586306374754,-21.381702883008995,16.914960982338467,-107.22249198348801,22.24,12,0.22999999999999687
2026-06-22 12:26:18.042083999,24.0,-117.0129,-6.81134033898291,-16.705814915254194,-10.900586306374754,-21.381702883008995,18.041025724614034,-112.18183855914639,22.249999999,12,0.23999999899999835
2026-06-22 12:26:18.052083999,24.0,-117.0129,-5.226428673835035,-16.137839426523264,-10.900586306374754,-21.381702883008995,16.963060397196426,-107.9451546249818,22.259999999,12,0.24999999899999992
2026-06-22 12:26:18.062084000,24.0,-117.0129,-6.936956087824072,-16.67377910844969,-10.900586306374754,-21.381702883008995,18.059243326390305,-112.58925552356504,22.27,12,0.259999999999998
2026-06-22 12:26:18.072084000,24.0,-117.0129,-5.679857376513293,-16.309748119071095,-10.900586306374754,-21.381702883008995,17.270456378598556,-109.20063338736932,22.28,12,0.2699999999999996
2026-06-22 12:26:18.082084000,24.0,-117.0129,-7.516636363636469,-16.894000000000034,-10.900586306374754,-21.381702883008995,18.490728980306407,-113.9856848577668,22.29,12,0.2799999999999976
2026-06-22 12:26:18.092084000,24.0,-117.0129,-6.063379334748809,-16.42853821656052,-10.900586306374754,-21.381702883008995,17.51175139413669,-110.2578938511986,22.3,12,0.28999999999999915
2026-06-22 12:26:18.102084000,24.0,-117.0129,-7.62707694267517,-16.891464713375793,-10.900586306374754,-21.381702883008995,18.533587964900555,-114.30081196880042,22.31,12,0.29999999999999716
2026-06-22 12:26:18.112084000,24.0,-117.0129,-5.997993501218519,-16.46860601137287,-10.900586306374754,-21.381702883008995,17.52686252580553,-110.01201447118518,22.32,12,0.3099999999999987
2026-06-22 12:26:18.122084000,24.0,-117.0129,-7.526488931055624,-16.85941745730527,-10.900586306374754,-21.381702883008995,18.46315229393379,-114.0572453980626,22.33,12,0.31999999999999673
2026-06-22 12:26:18.132084000,24.0,-117.0129,-6.10992798559712,-16.447841568313663,-10.900586306374754,-21.381702883008995,17.546016990916478,-110.37866888080382,22.34,12,0.3299999999999983
2026-06-22 12:26:18.142084000,24.0,-117.0129,-7.562018134714629,-16.824533678756325,-10.900586306374754,-21.381702883008995,18.44584104283019,-114.20218975437433,22.35,12,0.33999999999999986
2026-06-22 12:26:18.152084000,24.0,-117.0129,-6.466625285605423,-16.451200304645837,-10.900586306374754,-21.381702883008995,17.676516456813847,-111.45875925635391,22.36,12,0.34999999999999787
2026-06-22 12:26:18.162084000,24.0,-117.0129,-7.545884979702771,-16.821921244925505,-10.900586306374754,-21.381702883008995,18.4368493647201,-114.15978818222501,22.37,12,0.35999999999999943
2026-06-22 12:26:18.172084000,24.0,-117.0129,-6.447512107979198,-16.438491861849926,-10.900586306374754,-21.381702883008995,17.657701636244862,-111.41612536501643,22.38,12,0.36999999999999744
2026-06-22 12:26:18.182084000,24.0,-117.0129,-7.676079030559094,-16.797965226554172,-10.900586306374754,-21.381702883008995,18.4687255931727,-114.55873288874965,22.39,12,0.379999999999999
2026-06-22 12:26:18.192084000,24.0,-117.0129,-6.440918294849482,-16.38054991119013,-10.900586306374754,-21.381702883008995,17.601359148483898,-111.46501287875782,22.4,12,0.389999999999997
2026-06-22 12:26:18.202084000,24.0,-117.0129,-7.602795439302851,-16.8131247484909,-10.900586306374754,-21.381702883008995,18.452199389238167,-114.3322011361268,22.41,12,0.3999999999999986
2026-06-22 12:26:18.212084000,24.0,-117.0129,-6.163140224528713,-16.349741580173724,-10.900586306374754,-21.381702883008995,17.472788763264592,-110.65425720202194,22.42,12,0.41000000000000014
2026-06-22 12:26:18.222084000,24.0,-117.0129,-7.65130560214683,-16.7346668903053,-10.900586306374754,-21.381702883008995,18.400857407928683,-114.57049075753818,22.43,12,0.41999999999999815
2026-06-22 12:26:18.232084000,24.0,-117.0129,-6.200455739299453,-16.26950024319063,-10.900586306374754,-21.381702883008995,17.41098186600031,-110.86230251332387,22.44,12,0.4299999999999997
2026-06-22 12:26:18.242084000,24.0,-117.0129,-7.670189063021056,-16.686441147049,-10.900586306374754,-21.381702883008995,18.364888195042674,-114.68663189951967,22.45,12,0.4399999999999977
2026-06-22 12:26:18.252084000,24.0,-117.0129,-6.1669813664596935,-16.291844720496933,-10.900586306374754,-21.381702883008995,17.419984603065664,-110.7332481604675,22.46,12,0.4499999999999993
2026-06-22 12:26:18.262084000,24.0,-117.0129,-7.61452380952362,-16.62490476190487,-10.900586306374754,-21.381702883008995,18.285743933135706,-114.6086840238847,22.47,12,0.4599999999999973
2026-06-22 12:26:18.272084000,24.0,-117.0129,-6.177022044088174,-16.308865731462923,-10.900586306374754,-21.381702883008995,17.439458213489228,-110.74430255890486,22.48,12,0.46999999999999886
2026-06-22 12:26:18.282084000,24.0,-117.0129,-7.541823613086852,-16.55584139402531,-10.900586306374754,-21.381702883008995,18.192717984815694,-114.49109307219804,22.49,12,0.4799999999999969
2026-06-22 12:26:18.292084000,24.0,-117.0129,-6.217864391951045,-16.2556045494314,-10.900586306374754,-21.381702883008995,17.4042097454664,-110.93214665178667,22.5,12,0.48999999999999844
2026-06-22 12:26:18.302084000,24.0,-117.0129,-7.657930693069306,-16.497826732673197,-10.900586306374754,-21.381702883008995,18.188518065009017,-114.89969853418681,22.51,12,0.5
2026-06-22 12:26:18.312084000,24.0,-117.0129,-6.309013888888827,-16.211048611111014,-10.900586306374754,-21.381702883008995,17.395452087312837,-111.26498621930186,22.52,12,0.509999999999998
2026-06-22 12:26:18.322084000,24.0,-117.0129,-6.684560309513025,-16.261674556213023,-10.900586306374754,-21.381702883008995,17.58196251570634,-112.34571284973916,22.53,12,0.5199999999999996
2026-06-22 12:26:18.332084000,24.0,-117.0129,-6.3335846153845,-16.131646153846088,-10.900586306374754,-21.381702883008995,17.33044435994451,-111.4358961167759,22.54,12,0.5299999999999976
2026-06-22 12:26:18.342084000,24.0,-117.0129,-7.4775881901841235,-16.529433921267923,-10.900586306374754,-21.381702883008995,18.142119801708503,-114.34105290581735,22.55,12,0.5399999999999991
2026-06-22 12:26:18.352084000,24.0,-117.0129,-6.492796696315058,-16.218712515883098,-10.900586306374754,-21.381702883008995,17.47006137975888,-111.8175840260607,22.56,12,0.5499999999999972
2026-06-22 12:26:18.362084000,24.0,-117.0129,-7.445545579951753,-16.488724106219117,-10.900586306374754,-21.381702883008995,18.09182610004171,-114.30173520954176,22.57,12,0.5599999999999987
2026-06-22 12:26:18.372084000,24.0,-117.0129,-6.376379937754506,-16.24507062485037,-10.900586306374754,-21.381702883008995,17.451662978552346,-111.43058710376843,22.58,12,0.5699999999999967
2026-06-22 12:26:18.382084000,24.0,-117.0129,-7.933986573843777,-16.59023769269016,-10.900586306374754,-21.381702883008995,18.38978329545758,-115.55863027400923,22.59,12,0.5799999999999983
2026-06-22 12:26:18.392084000,24.0,-117.0129,-6.56579435067196,-16.192840165346258,-10.900586306374754,-21.381702883008995,17.473343357118775,-112.07133165653731,22.6,12,0.5899999999999999
2026-06-22 12:26:18.402084000,24.0,-117.0129,-7.417730088002493,-16.427736771749974,-10.900586306374754,-21.381702883008995,18.024795563344505,-114.30093437345809,22.61,12,0.5999999999999979
2026-06-22 12:26:18.412084000,24.0,-117.0129,-6.5638157894738205,-16.122578947368478,-10.900586306374754,-21.381702883008995,17.407504980101976,-112.15219526196483,22.62,12,0.6099999999999994
2026-06-22 12:26:18.422084000,24.0,-117.0129,-8.007606466227424,-16.56073434925868,-10.900586306374754,-21.381702883008995,18.39509944264188,-115.80514490676813,22.63,12,0.6199999999999974
2026-06-22 12:26:18.432084000,24.0,-117.0129,-6.278450031427193,-16.000690760528233,-10.900586306374754,-21.381702883008995,17.188398401572545,-111.42435655767312,22.64,12,0.629999999999999
2026-06-22 12:26:18.442084000,24.0,-117.0129,-7.740951386511008,-16.468996234166173,-10.900586306374754,-21.381702883008995,18.197531847184834,-115.17501526377248,22.65,12,0.639999999999997
2026-06-22 12:26:18.452084000,24.0,-117.0129,-6.500005825242566,-16.079585436893133,-10.900586306374754,-21.381702883008995,17.34367733643973,-112.01051102343858,22.66,12,0.6499999999999986
2026-06-22 12:26:18.462084000,24.0,-117.0129,-7.767595898672737,-16.477450542822556,-10.900586306374754,-21.381702883008995,18.216528825114867,-115.2395475462279,22.67,12,0.6600000000000001
2026-06-22 12:26:18.472084000,24.0,-117.0129,-6.5974971842318775,-16.051860820595376,-10.900586306374754,-21.381702883008995,17.354803510835623,-112.34321927796849,22.68,12,0.6699999999999982
2026-06-22 12:26:18.482084000,24.0,-117.0129,-7.763521739129987,-16.433888468808945,-10.900586306374754,-21.381702883008995,18.1753943560847,-115.28648594494898,22.69,12,0.6799999999999997
2026-06-22 12:26:18.492084000,24.0,-117.0129,-6.570210937499706,-16.009876420454493,-10.900586306374754,-21.381702883008995,17.30560067612406,-112.31250428362286,22.7,12,0.6899999999999977
2026-06-22 12:26:18.502084000,24.0,-117.0129,-8.094128286852662,-16.526812749004005,-10.900586306374754,-21.381702883008995,18.402457780543056,-116.09364264365178,22.71,12,0.6999999999999993
2026-06-22 12:26:18.512084000,24.0,-117.0129,-6.5218185053377224,-16.03173772241991,-10.900586306374754,-21.381702883008995,17.30753393805793,-112.13682170595712,22.72,12,0.7099999999999973
2026-06-22 12:26:18.522084000,24.0,-117.0129,-7.779391475644246,-16.39494376790811,-10.900586306374754,-21.381702883008995,18.146986330633396,-115.38431282450455,22.73,12,0.7199999999999989
2026-06-22 12:26:18.532084000,24.0,-117.0129,-6.096908963781218,-15.964792756257848,-10.900586306374754,-21.381702883008995,17.08937993792925,-110.90171459758542,22.74,12,0.7299999999999969
2026-06-22 12:26:18.542084000,24.0,-117.0129,-7.939719346049528,-16.49894277929168,-10.900586306374754,-21.381702883008995,18.309949648439076,-115.69806688371636,22.75,12,0.7399999999999984
2026-06-22 12:26:18.552084000,24.0,-117.0129,-6.3976946721315935,-15.974473019125746,-10.900586306374754,-21.381702883008995,17.207971564266295,-111.82584893269083,22.76,12,0.75
2026-06-22 12:26:18.562084000,24.0,-117.0129,-7.803838074398307,-16.421331040950314,-10.900586306374754,-21.381702883008995,18.181309134600482,-115.4182669358215,22.77,12,0.759999999999998
2026-06-22 12:26:18.572084000,24.0,-117.0129,-6.123819343065469,-15.95676459854009,-10.900586306374754,-21.381702883008995,17.091503731378495,-110.99559127329078,22.78,12,0.7699999999999996
2026-06-22 12:26:18.582084000,24.0,-117.0129,-7.988850831053859,-16.446989059541288,-10.900586306374754,-21.381702883008995,18.28456143104069,-115.90739105245468,22.79,12,0.7799999999999976
2026-06-22 12:26:18.592084000,24.0,-117.0129,-6.027681535855783,-15.934549971767384,-10.900586306374754,-21.381702883008995,17.036514534976003,-110.72050206346259,22.8,12,0.7899999999999991
2026-06-22 12:26:18.602084000,24.0,-117.0129,-7.8801965125393,-16.433137539184987,-10.900586306374754,-21.381702883008995,18.224859573066876,-115.6191553002701,22.81,12,0.7999999999999972
2026-06-22 12:26:18.612084000,24.0,-117.0129,-5.90471468144039,-15.92329085872576,-10.900586306374754,-21.381702883008995,16.982839787291084,-110.34591422693525,22.82,12,0.8099999999999987
2026-06-22 12:26:18.622084000,24.0,-117.0129,-7.737751262625704,-16.385910984848262,-10.900586306374754,-21.381702883008995,18.121006412604036,-115.2776077695747,22.83,12,0.8199999999999967
2026-06-22 12:26:18.632084000,24.0,-117.0129,-6.402098251958947,-15.876966244725715,-10.900586306374754,-21.381702883008995,17.119138972620544,-111.96086118197094,22.84,12,0.8299999999999983
2026-06-22 12:26:18.642084000,24.0,-117.0129,-7.505129411766132,-16.395698039215798,-10.900586306374754,-21.381702883008995,18.031801953229795,-114.59593439153656,22.85,12,0.8399999999999999
2026-06-22 12:26:18.652084000,24.0,-117.0129,-6.157256286266987,-15.907133462282404,-10.900586306374754,-21.381702883008995,17.05721841220423,-111.1601829675355,22.86,12,0.8499999999999979
2026-06-22 12:26:18.662084000,24.0,-117.0129,-7.6920157157494895,-16.277382985992375,-10.900586306374754,-21.381702883008995,18.00334142996825,-115.2934744768913,22.87,12,0.8599999999999994
2026-06-22 12:26:18.672084000,24.0,-117.0129,-6.198942900711643,-15.853631480853952,-10.900586306374754,-21.381702883008995,17.022471154829628,-111.35604067083757,22.88,12,0.8699999999999974
2026-06-22 12:26:18.682084000,24.0,-117.0129,-7.387827247490918,-16.376103352551784,-10.900586306374754,-21.381702883008995,17.96543215322768,-114.28178408916439,22.89,12,0.879999999999999
2026-06-22 12:26:18.692084000,24.0,-117.0129,-6.2198175355452054,-15.924746445497638,-10.900586306374754,-21.381702883008995,17.096306019981782,-111.33440397946084,22.9,12,0.889999999999997
2026-06-22 12:26:18.702084000,24.0,-117.0129,-7.7143943028484285,-16.352598200899557,-10.900586306374754,-21.381702883008995,18.080911132459107,-115.25575594755115,22.91,12,0.8999999999999986
2026-06-22 12:26:18.712084000,24.0,-117.0129,-6.39643449197888,-15.965533868092747,-10.900586306374754,-21.381702883008995,17.19920480439121,-111.83302325946875,22.92,12,0.9100000000000001
2026-06-22 12:26:18.722084000,24.0,-117.0129,-6.855716159146472,-16.21368615247828,-10.900586306374754,-21.381702883008995,17.603535517214947,-112.92034915921604,22.93,12,0.9199999999999982
2026-06-22 12:26:18.732084000,24.0,-117.0129,-6.25748756415352,-15.901218318199868,-10.900586306374754,-21.381702883008995,17.088150707978645,-111.48075518858656,22.94,12,0.9299999999999997
2026-06-22 12:26:18.742084000,24.0,-117.0129,-7.791849652558133,-16.335115603284777,-10.900586306374754,-21.381702883008995,18.098312705353173,-115.50114063866683,22.95,12,0.9399999999999977
2026-06-22 12:26:18.752084000,24.0,-117.0129,-6.232553667374675,-15.860325377983246,-10.900586306374754,-21.381702883008995,17.040969641197208,-111.45309247831327,22.96,12,0.9499999999999993
2026-06-22 12:26:18.762084000,24.0,-117.0129,-7.5657516703782335,-16.357124721603597,-10.900586306374754,-21.381702883008995,18.022101084388762,-114.82221922892829,22.97,12,0.9599999999999973
2026-06-22 12:26:18.772084000,24.0,-117.0129,-6.166838512241046,-15.862605225988698,-10.900586306374754,-21.381702883008995,17.01916983262178,-111.24437956138802,22.98,12,0.9699999999999989
2026-06-22 12:26:18.782084000,24.0,-117.0129,-7.293566793089445,-16.37252802359871,-10.900586306374754,-21.381702883008995,17.923609860984538,-114.01182039476596,22.99,12,0.9799999999999969
2026-06-22 12:26:18.792084000,24.0,-117.0129,-6.220879543745308,-15.926061544246679,-10.900586306374754,-21.381702883008995,17.097917376362588,-111.33611563973905,23.0,12,0.9899999999999984
2026-06-22 12:26:18.802084000,24.0,-117.0129,-7.3401811926612055,-16.307721330275104,-10.900586306374754,-21.381702883008995,17.88351293585818,-114.2327313777347,23.01,12,1.0
2026-06-22 12:26:18.812084000,24.0,-117.0129,-6.214273329089658,-15.92370591979631,-10.900586306374754,-21.381702883008995,17.09332042725436,-111.31836252093308,23.02,12,1.009999999999998
2026-06-22 12:26:18.822084000,24.0,-117.0129,-7.239713833157716,-16.32157634635682,-10.900586306374754,-21.381702883008995,17.855176023102366,-113.9204974943031,23.03,12,1.0199999999999996
2026-06-22 12:26:18.832084000,24.0,-117.0129,-6.275936897730663,-15.934,-10.900586306374754,-21.381702883008995,17.12541211020328,-111.4980307406602,23.04,12,1.0299999999999976
2026-06-22 12:26:18.842084000,24.0,-117.0129,-6.753810669456075,-15.96490585774059,-10.900586306374754,-21.381702883008995,17.33471019675202,-112.93035748758814,23.05,12,1.0399999999999991
2026-06-22 12:26:18.852084000,24.0,-117.0129,-6.318824973692974,-15.952354261662581,-10.900586306374754,-21.381702883008995,17.158238707330955,-111.60882099013882,23.06,12,1.0499999999999972
2026-06-22 12:26:18.862084000,24.0,-117.0129,-7.4528342391303655,-16.310786684782634,-10.900586306374754,-21.381702883008995,17.932833029737278,-114.55692728235243,23.07,12,1.0599999999999987
2026-06-22 12:26:18.872084000,24.0,-117.0129,-6.320641602248888,-15.920025298664797,-10.900586306374754,-21.381702883008995,17.128856230764697,-111.6542949657178,23.08,12,1.0699999999999967
2026-06-22 12:26:18.882084000,24.0,-117.0129,-7.588943448275863,-16.360191724137966,-10.900586306374754,-21.381702883008995,18.034631571276456,-114.88500176508651,23.09,12,1.0799999999999983
2026-06-22 12:26:18.892084000,24.0,-117.0129,-6.235554545454622,-15.845154545454673,-10.900586306374754,-21.381702883008995,17.027949467234237,-111.48116015958615,23.1,12,1.0899999999999999
2026-06-22 12:26:18.902084000,24.0,-117.0129,-7.544892397924647,-16.253826979472137,-10.900586306374754,-21.381702883008995,17.91960637890457,-114.90033964281865,23.11,12,1.0999999999999979
2026-06-22 12:26:18.912084000,24.0,-117.0129,-6.371502971768253,-15.885502228826155,-10.900586306374754,-21.381702883008995,17.115642879579266,-111.85518676322076,23.12,12,1.1099999999999994
2026-06-22 12:26:18.922084000,24.0,-117.0129,-7.625669547533817,-16.231601931875776,-10.900586306374754,-21.381702883008995,17.93364818777981,-115.16432003394888,23.13,12,1.1199999999999974
2026-06-22 12:26:18.932084000,24.0,-117.0129,-6.313191935484335,-15.87116935483876,-10.900586306374754,-21.381702883008995,17.080702828169496,-111.69154302969042,23.14,12,1.129999999999999
2026-06-22 12:26:18.942084000,24.0,-117.0129,-7.680312573443792,-16.215414806110715,-10.900586306374754,-21.381702883008995,17.942320879976297,-115.34423259013217,23.15,12,1.139999999999997
2026-06-22 12:26:18.952084000,24.0,-117.0129,-6.268242056074821,-15.786222429906603,-10.900586306374754,-21.381702883008995,16.985160496151675,-111.6565632479406,23.16,12,1.1499999999999986
2026-06-22 12:26:18.962084000,24.0,-117.0129,-6.773993490642802,-15.925562245728248,-10.900586306374754,-21.381702883008995,17.30637225572812,-113.04264473756207,23.17,12,1.1600000000000001
2026-06-22 12:26:18.972084000,24.0,-117.0129,-6.377164887012587,-15.755348894958965,-10.900586306374754,-21.381702883008995,16.9970365298787,-112.03622649675665,23.18,12,1.1699999999999982
2026-06-22 12:26:18.982084000,24.0,-117.0129,-7.876673548387273,-16.283531244239686,-10.900586306374754,-21.381702883008995,18.08854267126,-115.81399360794609,23.19,12,1.1799999999999997
2026-06-22 12:26:18.992084000,24.0,-117.0129,-6.322902173913117,-15.699236024844764,-10.900586306374754,-21.381702883008995,16.92468917483151,-111.93722054509921,23.2,12,1.1899999999999977
2026-06-22 12:26:19.002084000,24.0,-117.0129,-7.925783897709704,-16.26900028101728,-10.900586306374754,-21.381702883008995,18.096917431898028,-115.9739974341266,23.21,12,1.1999999999999993
2026-06-22 12:26:19.012084000,24.0,-117.0129,-6.601097675410462,-15.786011089784594,-10.900586306374754,-21.381702883008995,17.110600125276484,-112.69279047490593,23.22,12,1.2099999999999973
2026-06-22 12:26:19.022084000,24.0,-117.0129,-8.038516556291372,-16.29903616912888,-10.900586306374754,-21.381702883008995,18.17350622385075,-116.25203987414278,23.23,12,1.2199999999999989
2026-06-22 12:26:19.032084000,24.0,-117.0129,-6.814332484886548,-15.842067769646722,-10.900586306374754,-21.381702883008995,17.245470084420997,-113.27455184602465,23.24,12,1.2299999999999969
2026-06-22 12:26:19.042083999,24.0,-117.0129,-7.179415533980526,-16.030365631067944,-10.900586306374754,-21.381702883008995,17.56464146162071,-114.12586532058472,23.249999999,12,1.2399999989999984
2026-06-22 12:26:19.052083999,24.0,-117.0129,-7.5785259117077555,-16.12073176583477,-10.900586306374754,-21.381702883008995,17.81325483061476,-115.17871183880936,23.259999999,12,1.249999999
2026-06-22 12:26:19.062084000,24.0,-117.0129,-7.942280655982353,-16.22806373462551,-10.900586306374754,-21.381702883008995,18.06737043937106,-116.0778843382129,23.27,12,1.259999999999998
2026-06-22 12:26:19.072084000,24.0,-117.0129,-6.679458646617617,-15.77292731829602,-10.900586306374754,-21.381702883008995,17.128934701262764,-112.9514993015388,23.28,12,1.2699999999999996
2026-06-22 12:26:19.082084000,24.0,-117.0129,-7.917738356683345,-16.182748958727803,-10.900586306374754,-21.381702883008995,18.015880343355427,-116.07113005854693,23.29,12,1.2799999999999976
2026-06-22 12:26:19.092084000,24.0,-117.0129,-6.270736000000405,-15.64171200000006,-10.900586306374754,-21.381702883008995,16.851862931814008,-111.84576618124963,23.3,12,1.2899999999999991
2026-06-22 12:26:19.102084000,24.0,-117.0129,-7.597358422938557,-16.115601874827558,-10.900586306374754,-21.381702883008995,17.816634889746744,-115.24053872829639,23.31,12,1.2999999999999972
2026-06-22 12:26:19.112084000,24.0,-117.0129,-6.212375490196027,-15.71121503267973,-10.900586306374754,-21.381702883008995,16.89484794350899,-111.57435027148568,23.32,12,1.3099999999999987
2026-06-22 12:26:19.122084000,24.0,-117.0129,-7.816985157698927,-16.160602438377804,-10.900586306374754,-21.381702883008995,17.95188926344489,-115.8133464610934,23.33,12,1.3199999999999967
2026-06-22 12:26:19.132084000,24.0,-117.0129,-6.193164404223269,-15.719533936651588,-10.900586306374754,-21.381702883008995,16.895532916226085,-111.50339284687624,23.34,12,1.3299999999999983
2026-06-22 12:26:19.142084000,24.0,-117.0129,-7.728921639108322,-16.130251258087654,-10.900586306374754,-21.381702883008995,17.886342145685216,-115.6017337518883,23.35,12,1.3399999999999999
2026-06-22 12:26:19.152084000,24.0,-117.0129,-6.039300949190371,-15.641385594639866,-10.900586306374754,-21.381702883008995,16.766815418412026,-111.1120910557188,23.36,12,1.3499999999999979
2026-06-22 12:26:19.162084000,24.0,-117.0129,-7.759395300621433,-16.136606772632874,-10.900586306374754,-21.381702883008995,17.90525882431994,-115.68088573630865,23.37,12,1.3599999999999994
2026-06-22 12:26:19.172084000,24.0,-117.0129,-6.157078903850636,-15.663807701393804,-10.900586306374754,-21.381702883008995,16.830463224002077,-111.45863665234815,23.38,12,1.3699999999999974
2026-06-22 12:26:19.182084000,24.0,-117.0129,-7.730383734585718,-16.10734292425126,-10.900586306374754,-21.381702883008995,17.866318276672857,-115.63770744797337,23.39,12,1.379999999999999
2026-06-22 12:26:19.192084000,24.0,-117.0129,-6.152378378378837,-15.71041739130441,-10.900586306374754,-21.381702883008995,16.87213603310925,-111.38587684071334,23.4,12,1.389999999999997
2026-06-22 12:26:19.202084000,24.0,-117.0129,-7.833162248482705,-16.16885180453526,-10.900586306374754,-21.381702883008995,17.966363001121785,-115.84833294406234,23.41,12,1.3999999999999986
2026-06-22 12:26:19.212084000,24.0,-117.0129,-6.077240988372765,-15.723920348837304,-10.900586306374754,-21.381702883008995,16.857476951410547,-111.13134516209462,23.42,12,1.4100000000000001
2026-06-22 12:26:19.222084000,24.0,-117.0129,-7.702544751009666,-16.125652086137286,-10.900586306374754,-21.381702883008995,17.87081002205693,-115.53184109003426,23.43,12,1.4199999999999982
2026-06-22 12:26:19.232084000,24.0,-117.0129,-6.2797484318261585,-15.72277748431838,-10.900586306374754,-21.381702883008995,16.930474659276747,-111.77199107441977,23.44,12,1.4299999999999997
2026-06-22 12:26:19.242084000,24.0,-117.0129,-7.783410577972371,-16.16219029443842,-10.900586306374754,-21.381702883008995,17.938725577334967,-115.71460210775221,23.45,12,1.4399999999999977
2026-06-22 12:26:19.252084000,24.0,-117.0129,-6.0318978599221635,-15.641631322957199,-10.900586306374754,-21.381702883008995,16.764379566087417,-111.08818525177233,23.46,12,1.4499999999999993
2026-06-22 12:26:19.262084000,24.0,-117.0129,-7.3997284040995766,-16.143426793557833,-10.900586306374754,-21.381702883008995,17.75855312499864,-114.6254940757839,23.47,12,1.4599999999999973
2026-06-22 12:26:19.272084000,24.0,-117.0129,-6.0139052001840865,-15.69010906580764,-10.900586306374754,-21.381702883008995,16.803171672447444,-110.97146652037617,23.48,12,1.4699999999999989
2026-06-22 12:26:19.282084000,24.0,-117.0129,-7.781939383443337,-16.15008867336334,-10.900586306374754,-21.381702883008995,17.927184517516555,-115.72714734737787,23.49,12,1.4799999999999969
2026-06-22 12:26:19.292084000,24.0,-117.0129,-6.048461813537661,-15.661251085568319,-10.900586306374754,-21.381702883008995,16.788647231836105,-111.1168366491195,23.5,12,1.4899999999999984
2026-06-22 12:26:19.302084000,24.0,-117.0129,-7.473296610170406,-16.100809322033772,-10.900586306374754,-21.381702883008995,17.750668242296516,-114.89868178995378,23.51,12,1.5
2026-06-22 12:26:19.312084000,24.0,-117.0129,-6.119871415689816,-15.681247610459877,-10.900586306374754,-21.381702883008995,16.833132589186448,-111.31905426955396,23.52,12,1.509999999999998
2026-06-22 12:26:19.322084000,24.0,-117.0129,-7.624610358012678,-16.144500868960648,-10.900586306374754,-21.381702883008995,17.854399777628633,-115.28009671117005,23.53,12,1.5199999999999996
2026-06-22 12:26:19.332084000,24.0,-117.0129,-6.098155506364153,-15.673359158826788,-10.900586306374754,-21.381702883008995,16.817897844302035,-111.25990493676636,23.54,12,1.5299999999999976
2026-06-22 12:26:19.342084000,24.0,-117.0129,-6.782416269695859,-16.085762550384768,-10.900586306374754,-21.381702883008995,17.457174092126028,-112.86228046317856,23.55,12,1.5399999999999991
2026-06-22 12:26:19.352084000,24.0,-117.0129,-6.073906286155022,-15.675669109139994,-10.900586306374754,-21.381702883008995,16.811274181103567,-111.18002909284598,23.56,12,1.5499999999999972
2026-06-22 12:26:19.362084000,24.0,-117.0129,-7.475144662921911,-16.13338061797747,-10.900586306374754,-21.381702883008995,17.780994288738214,-114.85989581121838,23.57,12,1.5599999999999987
2026-06-22 12:26:19.372084000,24.0,-117.0129,-6.09254390451837,-15.715510826939498,-10.900586306374754,-21.381702883008995,16.855158610352397,-111.19017209254578,23.58,12,1.5699999999999967
2026-06-22 12:26:19.382084000,24.0,-117.0129,-7.393185955786835,-16.120609882964864,-10.900586306374754,-21.381702883008995,17.7350856094801,-114.63699534892324,23.59,12,1.5799999999999983
2026-06-22 12:26:19.392084000,24.0,-117.0129,-6.146032984714441,-15.710764682220459,-10.900586306374754,-21.381702883008995,16.870146660574814,-111.36537985279126,23.6,12,1.5899999999999999
2026-06-22 12:26:19.402084000,24.0,-117.0129,-7.42781785829823,-16.09599061792303,-10.900586306374754,-21.381702883008995,17.72719357677126,-114.7719099004829,23.61,12,1.5999999999999979
2026-06-22 12:26:19.412084000,24.0,-117.0129,-6.12040306015522,-15.606087612659847,-10.900586306374754,-21.381702883008995,16.763332132746534,-111.41414268349978,23.62,12,1.6099999999999994
2026-06-22 12:26:19.422084000,24.0,-117.0129,-7.459783572359761,-16.117096479791496,-10.900586306374754,-21.381702883008995,17.75976266410551,-114.83701641070412,23.63,12,1.6199999999999974
2026-06-22 12:26:19.432084000,24.0,-117.0129,-6.078864802933142,-15.592129239230081,-10.900586306374754,-21.381702883008995,16.735205152766817,-111.29919502291875,23.64,12,1.629999999999999
2026-06-22 12:26:19.442084000,24.0,-117.0129,-7.4963314791929685,-16.130541203131727,-10.900586306374754,-21.381702883008995,17.787336651445877,-114.92566314688298,23.65,12,1.639999999999997
2026-06-22 12:26:19.452084000,24.0,-117.0129,-6.162427865476938,-15.599828963623871,-10.900586306374754,-21.381702883008995,16.7729001932142,-111.55559393465435,23.66,12,1.6499999999999986
2026-06-22 12:26:19.462084000,24.0,-117.0129,-7.559434387180531,-16.083408401905494,-10.900586306374754,-21.381702883008995,17.771355437235837,-115.17420274312819,23.67,12,1.6600000000000001
2026-06-22 12:26:19.472084000,24.0,-117.0129,-6.116950105411101,-15.603626141953619,-10.900586306374754,-21.381702883008995,16.75978005135948,-111.4062254948145,23.68,12,1.6699999999999982
2026-06-22 12:26:19.482084000,24.0,-117.0129,-7.631462039045503,-16.08634056399111,-10.900586306374754,-21.381702883008995,17.80476244138344,-115.37995943593948,23.69,12,1.6799999999999997
2026-06-22 12:26:19.492084000,24.0,-117.0129,-6.160427900422788,-15.61200093940822,-10.900586306374754,-21.381702883008995,16.783487279120234,-111.53397722186872,23.7,12,1.6899999999999977
2026-06-22 12:26:19.502084000,24.0,-117.0129,-7.6547804131598784,-16.111631981637302,-10.900586306374754,-21.381702883008995,17.837610498197733,-115.41281070437397,23.71,12,1.6999999999999993
2026-06-22 12:26:19.512084000,24.0,-117.0129,-6.139084018499406,-15.59822070914691,-10.900586306374754,-21.381702883008995,16.762841103985156,-111.4834041214953,23.72,12,1.7099999999999973
2026-06-22 12:26:19.522084000,24.0,-117.0129,-7.605454739843022,-16.06392480399137,-10.900586306374754,-21.381702883008995,17.773368333213877,-115.33518439002617,23.73,12,1.7199999999999989
2026-06-22 12:26:19.532084000,24.0,-117.0129,-6.263884185574123,-15.663555367423054,-10.900586306374754,-21.381702883008995,16.8695942997635,-111.79655956792264,23.74,12,1.7299999999999969
2026-06-22 12:26:19.542084000,24.0,-117.0129,-7.629710537452428,-16.014419805332217,-10.900586306374754,-21.381702883008995,17.739056473970912,-115.47441584617812,23.75,12,1.7399999999999984
2026-06-22 12:26:19.552084000,24.0,-117.0129,-6.231106161841238,-15.568380846325251,-10.900586306374754,-21.381702883008995,16.76905382472019,-111.81331803702886,23.76,12,1.75
2026-06-22 12:26:19.562084000,24.0,-117.0129,-7.838774774774625,-16.105861861861783,-10.900586306374754,-21.381702883008995,17.912151637450393,-115.95233589904763,23.77,12,1.759999999999998
2026-06-22 12:26:19.572084000,24.0,-117.0129,-6.358620719929906,-15.56603094820022,-10.900586306374754,-21.381702883008995,16.814677425994496,-112.21969017049932,23.78,12,1.7699999999999996
2026-06-22 12:26:19.582084000,24.0,-117.0129,-7.862468079399459,-16.114909871244752,-10.900586306374754,-21.381702883008995,17.93066436186671,-116.00775838017918,23.79,12,1.7799999999999976
2026-06-22 12:26:19.592084000,24.0,-117.0129,-6.248707692307887,-15.562525641025662,-10.900586306374754,-21.381702883008995,16.770168518875682,-111.87658176117209,23.8,12,1.7899999999999991
2026-06-22 12:26:19.602084000,24.0,-117.0129,-7.83039444076804,-16.066242885506426,-10.900586306374754,-21.381702883008995,17.872863160503883,-115.98376158932322,23.81,12,1.7999999999999972
2026-06-22 12:26:19.612084000,24.0,-117.0129,-6.160406249999981,-15.588276785714275,-10.900586306374754,-21.381702883008995,16.761413374565922,-111.5636751296117,23.82,12,1.8099999999999987
2026-06-22 12:26:19.622084000,24.0,-117.0129,-7.820771476509811,-16.05251610738244,-10.900586306374754,-21.381702883008995,17.856308125297407,-115.97530235611622,23.83,12,1.8199999999999967
2026-06-22 12:26:19.632084000,24.0,-117.0129,-6.394097433990172,-15.600486426180682,-10.900586306374754,-21.381702883008995,16.860001741660867,-112.28701982307153,23.84,12,1.8299999999999983
2026-06-22 12:26:19.642084000,24.0,-117.0129,-7.848340209560896,-16.068621480026074,-10.900586306374754,-21.381702883008995,17.882870024505735,-116.03210813296846,23.85,12,1.8399999999999999
2026-06-22 12:26:19.652084000,24.0,-117.0129,-6.15171759398496,-15.527976842105277,-10.900586306374754,-21.381702883008995,16.702146393954937,-111.61198198426466,23.86,12,1.8499999999999979
2026-06-22 12:26:19.662084000,24.0,-117.0129,-7.818082616178985,-16.0484148020654,-10.900586306374754,-21.381702883008995,17.851443455713934,-115.97330941138135,23.87,12,1.8599999999999994
2026-06-22 12:26:19.672084000,24.0,-117.0129,-6.026862549800829,-15.54420717131476,-10.900586306374754,-21.381702883008995,16.671696037864443,-111.19250854414827,23.88,12,1.8699999999999974
2026-06-22 12:26:19.682084000,24.0,-117.0129,-7.73654378444566,-16.012664421310422,-10.900586306374754,-21.381702883008995,17.78368723291504,-115.78758329557853,23.89,12,1.879999999999999
2026-06-22 12:26:19.692084000,24.0,-117.0129,-6.042157149750659,-15.527624256072048,-10.900586306374754,-21.381702883008995,16.66177595756347,-111.2621605976836,23.9,12,1.889999999999997
2026-06-22 12:26:19.702084000,24.0,-117.0129,-7.686356109053952,-16.035260854930936,-10.900586306374754,-21.381702883008995,17.782285030919716,-115.6103050035759,23.91,12,1.8999999999999986
2026-06-22 12:26:19.712084000,24.0,-117.0129,-6.379752577320146,-15.546402061855845,-10.900586306374754,-21.381702883008995,16.80451903556596,-112.3116983722516,23.92,12,1.9100000000000001
2026-06-22 12:26:19.722084000,24.0,-117.0129,-7.743012371133853,-16.004065979381412,-10.900586306374754,-21.381702883008995,17.778761724370046,-115.81840861269728,23.93,12,1.9199999999999982
2026-06-22 12:26:19.732084000,24.0,-117.0129,-6.316473706352745,-15.556296592343314,-10.900586306374754,-21.381702883008995,16.789764851003653,-112.099104250194,23.94,12,1.9299999999999997
2026-06-22 12:26:19.742084000,24.0,-117.0129,-7.872079545454251,-16.034193181818104,-10.900586306374754,-21.381702883008995,17.862390303702956,-116.1489960094356,23.95,12,1.9399999999999977
2026-06-22 12:26:19.752084000,24.0,-117.0129,-5.88309936575051,-15.543624131682266,-10.900586306374754,-21.381702883008995,16.619720493868403,-110.73113079329553,23.96,12,1.9499999999999993
2026-06-22 12:26:19.762084000,24.0,-117.0129,-7.669100770924291,-15.970897577092357,-10.900586306374754,-21.381702883008995,17.716790794400833,-115.64995624488905,23.97,12,1.9599999999999973
2026-06-22 12:26:19.772084000,24.0,-117.0129,-5.904381107491876,-15.528671009771987,-10.900586306374754,-21.381702883008995,16.613288042775878,-110.81802983796815,23.98,12,1.9699999999999989
2026-06-22 12:26:19.782084000,24.0,-117.0129,-7.710180098108644,-16.054031534688274,-10.900586306374754,-21.381702883008995,17.809514470137476,-115.65331761280451,23.99,12,1.9799999999999969
2026-06-22 12:26:19.792084000,24.0,-117.0129,-6.282457153365398,-15.552474439132071,-10.900586306374754,-21.381702883008995,16.773453104943194,-111.99635654313641,24.0,12,1.9899999999999984
2026-06-22 12:26:19.802084000,24.0,-117.0129,-7.810389713497926,-16.064136693130944,-10.900586306374754,-21.381702883008995,17.86221361344417,-115.92903948285442,24.01,12,2.0
2026-06-22 12:26:19.902084000,24.0,-99.825283,-7.161705487121919,-15.980194048952175,-4.095463562283495,-23.647984654299997,17.511614069709243,-114.14007895361816,24.11,13,0.0
2026-06-22 12:26:19.912084000,24.0,-99.825283,-6.853084065846266,-15.680294230461886,-4.095463562283495,-23.647984654299997,17.11246295444967,-113.60776845443576,24.12,13,0.010000000000001563
2026-06-22 12:26:19.922084000,24.0,-99.825283,-6.366625281985133,-15.562768047051236,-4.095463562283495,-23.647984654299997,16.814686044274843,-112.24914461643354,24.13,13,0.019999999999999574
2026-06-22 12:26:19.932084000,24.0,-99.825283,-7.313006618864161,-16.013764294907116,-4.095463562283495,-23.647984654299997,17.60456510966383,-114.54476033967171,24.14,13,0.030000000000001137
2026-06-22 12:26:19.942084000,24.0,-99.825283,-7.032711634547258,-16.06678919819172,-4.095463562283495,-23.647984654299997,17.538550341286093,-113.63982718657451,24.15,13,0.03999999999999915
2026-06-22 12:26:19.952084000,24.0,-99.825283,-6.44417187670185,-15.565887485023412,-4.095463562283495,-23.647984654299997,16.84708296331693,-112.48922329841552,24.16,13,0.05000000000000071
2026-06-22 12:26:19.962084000,24.0,-99.825283,-6.554264642082764,-15.571905639913355,-4.095463562283495,-23.647984654299997,16.895047506793865,-112.82638044690577,24.17,13,0.060000000000002274
2026-06-22 12:26:19.972084000,24.0,-99.825283,-6.060632189837693,-15.609509930358568,-4.095463562283495,-23.647984654299997,16.74479210998033,-111.21946719995671,24.18,13,0.07000000000000028
2026-06-22 12:26:19.982084000,24.0,-99.825283,-6.4695127380448545,-16.274851798561308,-4.095463562283495,-23.647984654299997,17.513577479568784,-111.67860869675465,24.19,13,0.08000000000000185
2026-06-22 12:26:19.992084000,24.0,-99.825283,-6.723435368421102,-17.09764126315794,-4.095463562283495,-23.647984654299997,18.372096230887124,-111.46661782470244,24.2,13,0.08999999999999986
2026-06-22 12:26:20.002084000,24.0,-99.825283,-5.996468677495552,-17.23067826759424,-4.095463562283495,-23.647984654299997,18.244284314862277,-109.18846797821384,24.21,13,0.10000000000000142
2026-06-22 12:26:20.012084000,24.0,-99.825283,-5.10425991902823,-16.889234817813374,-4.095463562283495,-23.647984654299997,17.643687881285977,-106.8158525866853,24.22,13,0.10999999999999943
2026-06-22 12:26:20.022084000,24.0,-99.825283,-6.107204162181762,-17.36570757086465,-4.095463562283495,-23.647984654299997,18.408306334786914,-109.37584783903016,24.23,13,0.120000000000001
2026-06-22 12:26:20.032084000,24.0,-99.825283,-5.1936618376400085,-16.636157269642286,-4.095463562283495,-23.647984654299997,17.428019164094067,-107.3379041873718,24.24,13,0.129999999999999
2026-06-22 12:26:20.042083999,24.0,-99.825283,-6.224035104364357,-17.26085199240985,-4.095463562283495,-23.647984654299997,18.3487226935348,-109.82863373954496,24.249999999,13,0.13999999900000049
2026-06-22 12:26:20.052083999,24.0,-99.825283,-5.052945142856876,-16.789694204081627,-4.095463562283495,-23.647984654299997,17.533570260597042,-106.749439065958,24.259999999,13,0.14999999900000205
2026-06-22 12:26:20.062084000,24.0,-99.825283,-5.7251809728183085,-17.90899499284693,-4.095463562283495,-23.647984654299997,18.801856260096695,-107.72813560780565,24.27,13,0.16000000000000014
2026-06-22 12:26:20.072084000,24.0,-99.825283,-4.335400803461092,-17.498436341161945,-4.095463562283495,-23.647984654299997,18.027506053593438,-103.91535060945424,24.28,13,0.1700000000000017
2026-06-22 12:26:20.082084000,24.0,-99.825283,-5.8747172131147405,-17.626729508196803,-4.095463562283495,-23.647984654299997,18.579932601847688,-108.43243497316867,24.29,13,0.17999999999999972
2026-06-22 12:26:20.092084000,24.0,-99.825283,-4.475283135002083,-17.38099917931886,-4.095463562283495,-23.647984654299997,17.947904936507687,-104.43896300305386,24.3,13,0.19000000000000128
2026-06-22 12:26:20.102084000,24.0,-99.825283,-5.570184928340131,-18.237162274618523,-4.095463562283495,-23.647984654299997,19.068850200436223,-106.98426784460418,24.31,13,0.1999999999999993
2026-06-22 12:26:20.112084000,24.0,-99.825283,-3.8523239658568946,-18.042546946815524,-4.095463562283495,-23.647984654299997,18.449224923176516,-102.05243794768612,24.32,13,0.21000000000000085
2026-06-22 12:26:20.122084000,24.0,-99.825283,-5.477330583452883,-18.62347835963651,-4.095463562283495,-23.647984654299997,19.412240894144027,-106.38907863764315,24.33,13,0.21999999999999886
2026-06-22 12:26:20.132084000,24.0,-99.825283,-3.9630920516304435,-17.92060903532609,-4.095463562283495,-23.647984654299997,18.353591659582804,-102.47009728199379,24.34,13,0.23000000000000043
2026-06-22 12:26:20.142084000,24.0,-99.825283,-5.53560779220773,-18.68543441558436,-4.095463562283495,-23.647984654299997,19.48816084006532,-106.5020577246413,24.35,13,0.240000000000002
2026-06-22 12:26:20.152084000,24.0,-99.825283,-3.8639490961977665,-18.13846395179719,-4.095463562283495,-23.647984654299997,18.545457048793747,-102.02568539095977,24.36,13,0.25
2026-06-22 12:26:20.162084000,24.0,-99.825283,-5.3975999999998585,-18.778066666666604,-4.095463562283495,-23.647984654299997,19.53842044531169,-106.03685961139385,24.37,13,0.26000000000000156
2026-06-22 12:26:20.172084000,24.0,-99.825283,-3.643500457456574,-18.27873193046662,-4.095463562283495,-23.647984654299997,18.638324403479682,-101.27301849588714,24.38,13,0.2699999999999996
2026-06-22 12:26:20.182084000,24.0,-99.825283,-5.14098251513116,-18.986098520511103,-4.095463562283495,-23.647984654299997,19.669815409694067,-105.15101513305875,24.39,13,0.28000000000000114
2026-06-22 12:26:20.192084000,24.0,-99.825283,-3.468720000000204,-18.507520000000103,-4.095463562283495,-23.647984654299997,18.829772037621836,-100.61534865064819,24.4,13,0.28999999999999915
2026-06-22 12:26:20.202084000,24.0,-99.825283,-4.971081451060919,-19.25196030116359,-4.095463562283495,-23.647984654299997,19.883400771262966,-104.47820043277184,24.41,13,0.3000000000000007
2026-06-22 12:26:20.212084000,24.0,-99.825283,-3.28366824249183,-18.73071746384884,-4.095463562283495,-23.647984654299997,19.016368050636835,-99.9434374408258,24.42,13,0.3100000000000023
2026-06-22 12:26:20.222084000,24.0,-99.825283,-4.779748852458992,-19.431789508196715,-4.095463562283495,-23.647984654299997,20.01100803516522,-103.8190289763295,24.43,13,0.3200000000000003
2026-06-22 12:26:20.232084000,24.0,-99.825283,-3.0694122657581144,-18.98922657580921,-4.095463562283495,-23.647984654299997,19.2356964418917,-99.18185444646957,24.44,13,0.33000000000000185
2026-06-22 12:26:20.242084000,24.0,-99.825283,-4.6852941176473,-19.54052941176478,-4.095463562283495,-23.647984654299997,20.094384057763623,-103.483442508169,24.45,13,0.33999999999999986
2026-06-22 12:26:20.252084000,24.0,-99.825283,-3.056665354330883,-19.097498425196918,-4.095463562283495,-23.647984654299997,19.340570032673945,-99.09339409547162,24.46,13,0.3500000000000014
2026-06-22 12:26:20.262084000,24.0,-99.825283,-4.560528896672883,-19.657409807355656,-4.095463562283495,-23.647984654299997,20.179499105570255,-103.0615782477283,24.47,13,0.35999999999999943
2026-06-22 12:26:20.272084000,24.0,-99.825283,-3.0219545913220416,-19.14867709384463,-4.095463562283495,-23.647984654299997,19.385665941523452,-98.96818695796063,24.48,13,0.370000000000001
2026-06-22 12:26:20.282084000,24.0,-99.825283,-4.576549239922122,-19.717196959683182,-4.095463562283495,-23.647984654299997,20.241360104804507,-103.06750580151667,24.49,13,0.379999999999999
2026-06-22 12:26:20.292084000,24.0,-99.825283,-2.7756696880517944,-19.19135950559152,-4.095463562283495,-23.647984654299997,19.391044889072575,-98.22969156064502,24.5,13,0.39000000000000057
2026-06-22 12:26:20.302084000,24.0,-99.825283,-4.530657487091549,-19.637118760757406,-4.095463562283495,-23.647984654299997,20.15299705972859,-102.99188727039434,24.51,13,0.40000000000000213
2026-06-22 12:26:20.312084000,24.0,-99.825283,-2.87634964412826,-19.205525133452,-4.095463562283495,-23.647984654299997,19.41972149457693,-98.51769664330695,24.52,13,0.41000000000000014
2026-06-22 12:26:20.322084000,24.0,-99.825283,-4.4802756508426285,-19.77474655436457,-4.095463562283495,-23.647984654299997,20.27593330026726,-102.76573013139026,24.53,13,0.4200000000000017
2026-06-22 12:26:20.332084000,24.0,-99.825283,-2.6101933751119066,-19.22000358102059,-4.095463562283495,-23.647984654299997,19.39643387610007,-97.73380133110449,24.54,13,0.4299999999999997
2026-06-22 12:26:20.342084000,24.0,-99.825283,-4.419863492063639,-19.804114285714327,-4.095463562283495,-23.647984654299997,20.291331546503084,-102.58103965643221,24.55,13,0.4400000000000013
2026-06-22 12:26:20.352084000,24.0,-99.825283,-2.5220296091589747,-19.217594157125852,-4.095463562283495,-23.647984654299997,19.382377525408803,-97.47651074595906,24.56,13,0.4499999999999993
2026-06-22 12:26:20.362084000,24.0,-99.825283,-4.050492514969992,-19.682346556886213,-4.095463562283495,-23.647984654299997,20.09480668230472,-101.62873195811521,24.57,13,0.46000000000000085
2026-06-22 12:26:20.372084000,24.0,-99.825283,-2.610305037313657,-19.333601679104504,-4.095463562283495,-23.647984654299997,19.509019613350578,-97.68923013912129,24.58,13,0.46999999999999886
2026-06-22 12:26:20.382084000,24.0,-99.825283,-4.426939646549082,-19.81478959653222,-4.095463562283495,-23.647984654299997,20.30329237806099,-102.59396706953213,24.59,13,0.4800000000000004
2026-06-22 12:26:20.392084000,24.0,-99.825283,-2.5994932480464246,-19.334745557924805,-4.095463562283495,-23.647984654299997,19.508709617407604,-97.65731264881295,24.6,13,0.490000000000002
2026-06-22 12:26:20.402084000,24.0,-99.825283,-4.305615969581502,-19.815195817490455,-4.095463562283495,-23.647984654299997,20.277581565931538,-102.25915410963607,24.61,13,0.5
2026-06-22 12:26:20.412084000,24.0,-99.825283,-2.6609369627503634,-19.314191977077275,-4.095463562283495,-23.647984654299997,19.496630407512146,-97.84431912912275,24.62,13,0.5100000000000016
2026-06-22 12:26:20.422084000,24.0,-99.825283,-3.2371653372008806,-19.543922407541842,-4.095463562283495,-23.647984654299997,19.81020298968163,-99.40482214102362,24.63,13,0.5199999999999996
2026-06-22 12:26:20.432084000,24.0,-99.825283,-2.3875216037369724,-19.31692409497861,-4.095463562283495,-23.647984654299997,19.463910601404745,-97.04587605988914,24.64,13,0.5300000000000011
2026-06-22 12:26:20.442084000,24.0,-99.825283,-3.802199929104071,-19.79550514002129,-4.095463562283495,-23.647984654299997,20.157349727816115,-100.87260905566039,24.65,13,0.5399999999999991
2026-06-22 12:26:20.452084000,24.0,-99.825283,-3.48564337945758,-19.62735740803236,-4.095463562283495,-23.647984654299997,19.934464341722332,-100.07022775649646,24.66,13,0.5500000000000007
2026-06-22 12:26:20.462084000,24.0,-99.825283,-4.145857406554299,-19.816855560683074,-4.095463562283495,-23.647984654299997,20.245885951186644,-101.81634575142577,24.67,13,0.5600000000000023
2026-06-22 12:26:20.472084000,24.0,-99.825283,-2.4217186152232393,-19.358147103392007,-4.095463562283495,-23.647984654299997,19.50903842653151,-97.13069971076901,24.68,13,0.5700000000000003
2026-06-22 12:26:20.482084000,24.0,-99.825283,-4.091425591099438,-19.909207232267143,-4.095463562283495,-23.647984654299997,20.325262507157483,-101.61284661265475,24.69,13,0.5800000000000018
2026-06-22 12:26:20.492084000,24.0,-99.825283,-2.4146620232172387,-19.40400829187396,-4.095463562283495,-23.647984654299997,19.553673068696863,-97.09350134529221,24.7,13,0.5899999999999999
2026-06-22 12:26:20.502084000,24.0,-99.825283,-3.3350660792961846,-19.911502202643057,-4.095463562283495,-23.647984654299997,20.188872819430294,-99.50846255838083,24.71,13,0.6000000000000014
2026-06-22 12:26:20.512084000,24.0,-99.825283,-2.475182608695644,-19.426408695652174,-4.095463562283495,-23.647984654299997,19.583459443032528,-97.26111964305765,24.72,13,0.6099999999999994
2026-06-22 12:26:20.522084000,24.0,-99.825283,-3.209175680580657,-19.958847912885677,-4.095463562283495,-23.647984654299997,20.215202659348513,-99.13438439443028,24.73,13,0.620000000000001
2026-06-22 12:26:20.532084000,24.0,-99.825283,-2.4059756364632845,-19.47106040697144,-4.095463562283495,-23.647984654299997,19.619146570001096,-97.04414628357188,24.74,13,0.629999999999999
2026-06-22 12:26:20.542084000,24.0,-99.825283,-2.9343085135505182,-19.471972898987136,-4.095463562283495,-23.647984654299997,19.691823049976467,-98.56964713753943,24.75,13,0.6400000000000006
2026-06-22 12:26:20.552084000,24.0,-99.825283,-2.5404778730705115,-19.4424017152659,-4.095463562283495,-23.647984654299997,19.607677381100885,-97.4444830358929,24.76,13,0.6500000000000021
2026-06-22 12:26:20.562084000,24.0,-99.825283,-3.0371030881017393,-19.54209249167424,-4.095463562283495,-23.647984654299997,19.776687642800745,-98.83386205121253,24.77,13,0.6600000000000001
2026-06-22 12:26:20.572084000,24.0,-99.825283,-2.5351374045805697,-19.45778061732499,-4.095463562283495,-23.647984654299997,19.622236065546954,-97.42320242183666,24.78,13,0.6700000000000017
2026-06-22 12:26:20.582084000,24.0,-99.825283,-3.212081967212966,-19.974723426758334,-4.095463562283495,-23.647984654299997,20.231338229083683,-99.13537329361853,24.79,13,0.6799999999999997
2026-06-22 12:26:20.592084000,24.0,-99.825283,-2.429799159663862,-19.457513865546215,-4.095463562283495,-23.647984654299997,19.60864018192558,-97.11808656444076,24.8,13,0.6900000000000013
2026-06-22 12:26:20.602084000,24.0,-99.825283,-3.5444794520556284,-19.968416438356105,-4.095463562283495,-23.647984654299997,20.280556936180396,-100.06540728147637,24.81,13,0.6999999999999993
2026-06-22 12:26:20.612084000,24.0,-99.825283,-2.3621699346405336,-19.50447789311804,-4.095463562283495,-23.647984654299997,19.646997345224282,-96.90541033064287,24.82,13,0.7100000000000009
2026-06-22 12:26:20.622084000,24.0,-99.825283,-3.5784118195961927,-19.97715832037321,-4.095463562283495,-23.647984654299997,20.295119751011136,-100.15541514436151,24.83,13,0.7199999999999989
2026-06-22 12:26:20.632084000,24.0,-99.825283,-2.403786773090078,-19.529137286202964,-4.095463562283495,-23.647984654299997,19.676518848461118,-97.01708162621574,24.84,13,0.7300000000000004
2026-06-22 12:26:20.642084000,24.0,-99.825283,-3.562801886793263,-19.977742138364604,-4.095463562283495,-23.647984654299997,20.292947992628534,-100.11174139779445,24.85,13,0.740000000000002
2026-06-22 12:26:20.652084000,24.0,-99.825283,-2.4796336362325153,-19.50983326121448,-4.095463562283495,-23.647984654299997,19.66677850717617,-97.243264370604,24.86,13,0.75
2026-06-22 12:26:20.662084000,24.0,-99.825283,-3.5683214920076343,-19.96193534635866,-4.095463562283495,-23.647984654299997,20.278357454254692,-100.13493576309641,24.87,13,0.7600000000000016
2026-06-22 12:26:20.672084000,24.0,-99.825283,-2.3005923452768693,-19.500454071661235,-4.095463562283495,-23.647984654299997,19.63569286121872,-96.72844537751969,24.88,13,0.7699999999999996
2026-06-22 12:26:20.682084000,24.0,-99.825283,-3.2801048121294296,-20.06246143704674,-4.095463562283495,-23.647984654299997,20.328832885621893,-99.28539974413869,24.89,13,0.7800000000000011
2026-06-22 12:26:20.692084000,24.0,-99.825283,-2.7334396156361747,-19.51260253330414,-4.095463562283495,-23.647984654299997,19.70313045571785,-97.97443492373041,24.9,13,0.7899999999999991
2026-06-22 12:26:20.702084000,24.0,-99.825283,-3.424470588235416,-20.072058823529392,-4.095463562283495,-23.647984654299997,20.36208594974772,-99.68194580167605,24.91,13,0.8000000000000007
2026-06-22 12:26:20.712084000,24.0,-99.825283,-2.370232175502795,-19.638798903107997,-4.095463562283495,-23.647984654299997,19.781314994774856,-96.88181653494846,24.92,13,0.8100000000000023
2026-06-22 12:26:20.722084000,24.0,-99.825283,-2.907938004329827,-19.656926589254077,-4.095463562283495,-23.647984654299997,19.870854696573815,-98.41499154507697,24.93,13,0.8200000000000003
2026-06-22 12:26:20.732084000,24.0,-99.825283,-2.385111788618148,-19.584903794038304,-4.095463562283495,-23.647984654299997,19.729602501468225,-96.94347019406293,24.94,13,0.8300000000000018
2026-06-22 12:26:20.742084000,24.0,-99.825283,-3.6886679456434717,-20.087638049560375,-4.095463562283495,-23.647984654299997,20.42350297141417,-100.40523290014589,24.95,13,0.8399999999999999
2026-06-22 12:26:20.752084000,24.0,-99.825283,-3.818963709032792,-19.880603677058325,-4.095463562283495,-23.647984654299997,20.244082749662294,-100.87377245189529,24.96,13,0.8500000000000014
2026-06-22 12:26:20.762084000,24.0,-99.825283,-3.7781066749844094,-20.085266219588338,-4.095463562283495,-23.647984654299997,20.43751475006925,-100.65304921744907,24.97,13,0.8599999999999994
2026-06-22 12:26:20.772084000,24.0,-99.825283,-2.5311623108664545,-19.499858321870693,-4.095463562283495,-23.647984654299997,19.663449779145584,-97.39587631707377,24.98,13,0.870000000000001
2026-06-22 12:26:20.782084000,24.0,-99.825283,-3.7689660151047453,-20.001264549089452,-4.095463562283495,-23.647984654299997,20.353272178833482,-100.67147535262443,24.99,13,0.879999999999999
2026-06-22 12:26:20.792084000,24.0,-99.825283,-2.2646445739256915,-19.5154637047827,-4.095463562283495,-23.647984654299997,19.646423049982968,-96.6192025526683,25.0,13,0.8900000000000006
2026-06-22 12:26:20.802084000,24.0,-99.825283,-4.010394108873832,-20.062545115585298,-4.095463562283495,-23.647984654299997,20.459447143639668,-101.30412476523439,25.01,13,0.9000000000000021
2026-06-22 12:26:20.812084000,24.0,-99.825283,-2.33561766421655,-19.427030801540084,-4.095463562283495,-23.647984654299997,19.56692708724054,-96.85549001212694,25.02,13,0.9100000000000001
2026-06-22 12:26:20.822084000,24.0,-99.825283,-4.006593163538543,-20.03541521447698,-4.095463562283495,-23.647984654299997,20.432098560711022,-101.30858542894977,25.03,13,0.9200000000000017
2026-06-22 12:26:20.832084000,24.0,-99.825283,-2.3894955752212006,-19.50061218115564,-4.095463562283495,-23.647984654299997,19.646464428589624,-96.98587859815285,25.04,13,0.9299999999999997
2026-06-22 12:26:20.842084000,24.0,-99.825283,-2.8601434400502144,-19.70104205900816,-4.095463562283495,-23.647984654299997,19.907573400805806,-98.26033447413951,25.05,13,0.9400000000000013
2026-06-22 12:26:20.852084000,24.0,-99.825283,-2.3901471471473794,-19.584617117117237,-4.095463562283495,-23.647984654299997,19.729927293558337,-96.95808629144715,25.06,13,0.9499999999999993
2026-06-22 12:26:20.862084000,24.0,-99.825283,-3.8221878669276865,-20.06410371819964,-4.095463562283495,-23.647984654299997,20.42492051648578,-100.78554844969207,25.07,13,0.9600000000000009
2026-06-22 12:26:20.872084000,24.0,-99.825283,-2.426184751570949,-19.55076756139356,-4.095463562283495,-23.647984654299997,19.70073310027812,-97.07404881008758,25.08,13,0.9699999999999989
2026-06-22 12:26:20.882084000,24.0,-99.825283,-3.5891392405063893,-19.928113924050653,-4.095463562283495,-23.647984654299997,20.248744283478032,-100.2097626676981,25.09,13,0.9800000000000004
2026-06-22 12:26:20.892084000,24.0,-99.825283,-2.3237103128620578,-19.552494785631453,-4.095463562283495,-23.647984654299997,19.690090958658537,-96.77751018175957,25.1,13,0.990000000000002
2026-06-22 12:26:20.902084000,24.0,-99.825283,-3.9917856655289463,-20.054207508532407,-4.095463562283495,-23.647984654299997,20.44763046406111,-101.25757350988779,25.11,13,1.0
2026-06-22 12:26:20.912084000,24.0,-99.825283,-2.2731217790328357,-19.593863395693532,-4.095463562283495,-23.647984654299997,19.725277321026752,-96.61741198595753,25.12,13,1.0100000000000016
2026-06-22 12:26:20.922084000,24.0,-99.825283,-3.9619838763849264,-20.059161572052215,-4.095463562283495,-23.647984654299997,20.4466936009329,-101.17295951374444,25.13,13,1.0199999999999996
2026-06-22 12:26:20.932084000,24.0,-99.825283,-2.37603684210201,-19.635499999999485,-4.095463562283495,-23.647984654299997,19.77873634297717,-96.89965562617597,25.14,13,1.0300000000000011
2026-06-22 12:26:20.942084000,24.0,-99.825283,-3.218536395037008,-19.8734423691955,-4.095463562283495,-23.647984654299997,20.132379097561042,-99.199272650111,25.15,13,1.0399999999999991
2026-06-22 12:26:20.952084000,24.0,-99.825283,-2.279790301442021,-19.550726736566226,-4.095463562283495,-23.647984654299997,19.68319993665752,-96.65116420066406,25.16,13,1.0500000000000007
2026-06-22 12:26:20.962084000,24.0,-99.825283,-3.931013303772747,-20.00832150776126,-4.095463562283495,-23.647984654299997,20.39082624986982,-101.11526639835661,25.17,13,1.0600000000000023
2026-06-22 12:26:20.972084000,24.0,-99.825283,-2.15047182135812,-19.594610056205383,-4.095463562283495,-23.647984654299997,19.71226197850466,-96.26303956791062,25.18,13,1.0700000000000003
2026-06-22 12:26:20.982084000,24.0,-99.825283,-2.755512711511214,-19.66101016920897,-4.095463562283495,-23.647984654299997,19.85316526846635,-97.97810264265851,25.19,13,1.0800000000000018
2026-06-22 12:26:20.992084000,24.0,-99.825283,-3.1739893617079,-19.86472340425632,-4.095463562283495,-23.647984654299997,20.116695662952296,-99.07799690832687,25.2,13,1.0899999999999999
2026-06-22 12:26:21.002084000,24.0,-99.825283,-3.858271988175437,-20.08177753141186,-4.095463562283495,-23.647984654299997,20.44905991863336,-100.87559893447283,25.21,13,1.1000000000000014
2026-06-22 12:26:21.012084000,24.0,-99.825283,-3.0338474576275787,-19.88356779661034,-4.095463562283495,-23.647984654299997,20.113689336333927,-98.67531660250296,25.22,13,1.1099999999999994
2026-06-22 12:26:21.022084000,24.0,-99.825283,-3.720230053192156,-20.00470744680855,-4.095463562283495,-23.647984654299997,20.34768860782648,-100.53482087979243,25.23,13,1.120000000000001
2026-06-22 12:26:21.032084000,24.0,-99.825283,-2.5426322350841613,-19.66441959038278,-4.095463562283495,-23.647984654299997,19.82812085169745,-97.36753339179937,25.24,13,1.129999999999999
2026-06-22 12:26:21.042083999,24.0,-99.825283,-3.4244334203658617,-20.018694889966454,-4.095463562283495,-23.647984654299997,20.3094778206651,-99.70716122677345,25.249999999,13,1.1399999990000005
2026-06-22 12:26:21.052083999,24.0,-99.825283,-2.01258945908482,-19.614665742025014,-4.095463562283495,-23.647984654299997,19.717647641191608,-95.85840955726609,25.259999999,13,1.149999999000002
2026-06-22 12:26:21.062084000,24.0,-99.825283,-3.2033634104376034,-20.04609653985853,-4.095463562283495,-23.647984654299997,20.30043161178251,-99.0790955983658,25.27,13,1.1600000000000001
2026-06-22 12:26:21.072084000,24.0,-99.825283,-1.8740756412659614,-19.5787320726456,-4.095463562283495,-23.647984654299997,19.668220790951782,-95.46769198484385,25.28,13,1.1700000000000017
2026-06-22 12:26:21.082084000,24.0,-99.825283,-3.042004670277965,-20.09625406314218,-4.095463562283495,-23.647984654299997,20.325186832704674,-98.60761477351566,25.29,13,1.1799999999999997
2026-06-22 12:26:21.092084000,24.0,-99.825283,-1.863335145506811,-19.626141029740957,-4.095463562283495,-23.647984654299997,19.714396505695078,-95.42349030056613,25.3,13,1.1900000000000013
2026-06-22 12:26:21.102084000,24.0,-99.825283,-3.0612857142860905,-20.133626373626402,-4.095463562283495,-23.647984654299997,20.36502838636069,-98.6455131586577,25.31,13,1.1999999999999993
2026-06-22 12:26:21.112084000,24.0,-99.825283,-1.9396441860464142,-19.628995348837215,-4.095463562283495,-23.647984654299997,19.7245957619703,-95.64337649862006,25.32,13,1.2100000000000009
2026-06-22 12:26:21.122084000,24.0,-99.825283,-3.2911500539770886,-20.18032097876939,-4.095463562283495,-23.647984654299997,20.446931884367235,-99.26265621464317,25.33,13,1.2199999999999989
2026-06-22 12:26:21.132084000,24.0,-99.825283,-2.030586270529604,-19.63073639047795,-4.095463562283495,-23.647984654299997,19.735477998632277,-95.90562257612258,25.34,13,1.2300000000000004
2026-06-22 12:26:21.142084000,24.0,-99.825283,-3.1522812647486633,-20.197192071731948,-4.095463562283495,-23.647984654299997,20.44170845977697,-98.87088358370436,25.35,13,1.240000000000002
2026-06-22 12:26:21.152084000,24.0,-99.825283,-2.0138705010893254,-19.661773420479292,-4.095463562283495,-23.647984654299997,19.764640356794345,-95.84816497443911,25.36,13,1.25
2026-06-22 12:26:21.162084000,24.0,-99.825283,-2.659922413794167,-19.78913505747175,-4.095463562283495,-23.647984654299997,19.967099277818548,-97.65542993019369,25.37,13,1.2600000000000016
2026-06-22 12:26:21.172084000,24.0,-99.825283,-2.042426295828047,-19.63987635903919,-4.095463562283495,-23.647984654299997,19.745790654522708,-95.9370673267068,25.38,13,1.2699999999999996
2026-06-22 12:26:21.182084000,24.0,-99.825283,-2.663171820381825,-20.040066953482228,-4.095463562283495,-23.647984654299997,20.216250088602642,-97.56981743075605,25.39,13,1.2800000000000011
2026-06-22 12:26:21.192084000,24.0,-99.825283,-2.012207531022667,-19.630764227642334,-4.095463562283495,-23.647984654299997,19.73362316730474,-95.85253552954332,25.4,13,1.2899999999999991
2026-06-22 12:26:21.202084000,24.0,-99.825283,-2.718698293240158,-19.919020696142926,-4.095463562283495,-23.647984654299997,20.10369881148833,-97.77213590862382,25.41,13,1.3000000000000007
2026-06-22 12:26:21.212084000,24.0,-99.825283,-1.9991775147929054,-19.70995266272196,-4.095463562283495,-23.647984654299997,19.81108136125825,-95.79169476123731,25.42,13,1.3100000000000023
2026-06-22 12:26:21.222084000,24.0,-99.825283,-2.772326264274261,-20.18508874388254,-4.095463562283495,-23.647984654299997,20.374582216919162,-97.82037489835477,25.43,13,1.3200000000000003
2026-06-22 12:26:21.232084000,24.0,-99.825283,-2.033216644650145,-19.714076618230045,-4.095463562283495,-23.647984654299997,19.818647452173092,-95.8883966052826,25.44,13,1.3300000000000018
2026-06-22 12:26:21.242084000,24.0,-99.825283,-2.892157756584024,-20.28737107358477,-4.095463562283495,-23.647984654299997,20.492486466173233,-98.11338982734152,25.45,13,1.3399999999999999
2026-06-22 12:26:21.252084000,24.0,-99.825283,-3.525634001224966,-20.124627176480878,-4.095463562283495,-23.647984654299997,20.431121215022593,-99.9368094446651,25.46,13,1.3500000000000014
2026-06-22 12:26:21.262084000,24.0,-99.825283,-2.942331498729646,-20.218675275190574,-4.095463562283495,-23.647984654299997,20.43164566382305,-98.27987026230726,25.47,13,1.3599999999999994
2026-06-22 12:26:21.272084000,24.0,-99.825283,-2.004366609294418,-19.720717728055043,-4.095463562283495,-23.647984654299997,19.82231553613449,-95.80347712272432,25.48,13,1.370000000000001
2026-06-22 12:26:21.282084000,24.0,-99.825283,-2.9905602471684296,-20.307981462409714,-4.095463562283495,-23.647984654299997,20.526995924136603,-98.37718740563707,25.49,13,1.379999999999999
2026-06-22 12:26:21.292084000,24.0,-99.825283,-2.019396254681718,-19.690768539325884,-4.095463562283495,-23.647984654299997,19.794047764485377,-95.85552479373638,25.5,13,1.3900000000000006
2026-06-22 12:26:21.302084000,24.0,-99.825283,-3.094894995898817,-20.19672149302698,-4.095463562283495,-23.647984654299997,20.43247254011461,-98.71209185679314,25.51,13,1.4000000000000021
2026-06-22 12:26:21.312084000,24.0,-99.825283,-1.9693333333333332,-19.722,-4.095463562283495,-23.647984654299997,19.82007966123693,-95.7023473194436,25.52,13,1.4100000000000001
2026-06-22 12:26:21.322084000,24.0,-99.825283,-3.247642408203884,-20.27830532583516,-4.095463562283495,-23.647984654299997,20.53671950676054,-99.09885439160773,25.53,13,1.4200000000000017
2026-06-22 12:26:21.332084000,24.0,-99.825283,-1.9459043856182852,-19.648792572105872,-4.095463562283495,-23.647984654299997,19.744913102356552,-95.65580511435398,25.54,13,1.4299999999999997
2026-06-22 12:26:21.342084000,24.0,-99.825283,-3.28437142857152,-20.272847619047536,-4.095463562283495,-23.647984654299997,20.537172304529616,-99.20244165486248,25.55,13,1.4400000000000013
2026-06-22 12:26:21.352084000,24.0,-99.825283,-1.901908192090537,-19.682722693032133,-4.095463562283495,-23.647984654299997,19.774398281159993,-95.51925896805761,25.56,13,1.4499999999999993
2026-06-22 12:26:21.362084000,24.0,-99.825283,-3.3653562202583784,-20.266833446634827,-4.095463562283495,-23.647984654299997,20.544346191662267,-99.42807481288827,25.57,13,1.4600000000000009
2026-06-22 12:26:21.372084000,24.0,-99.825283,-1.9425074096029644,-19.65708802608205,-4.095463562283495,-23.647984654299997,19.752833839768428,-95.64362831924056,25.58,13,1.4699999999999989
2026-06-22 12:26:21.382084000,24.0,-99.825283,-3.3597253424657545,-20.28331301369854,-4.095463562283495,-23.647984654299997,20.55968241944605,-99.40507164133398,25.59,13,1.4800000000000004
2026-06-22 12:26:21.392084000,24.0,-99.825283,-1.973932773109345,-19.626643457383057,-4.095463562283495,-23.647984654299997,19.7256569978288,-95.74316134089915,25.6,13,1.490000000000002
2026-06-22 12:26:21.402084000,24.0,-99.825283,-3.352306251721277,-20.308335444781093,-4.095463562283495,-23.647984654299997,20.583159275074408,-99.37331505624209,25.61,13,1.5
2026-06-22 12:26:21.412084000,24.0,-99.825283,-1.9407530413626222,-19.71503710462294,-4.095463562283495,-23.647984654299997,19.810330900926857,-95.62209686908908,25.62,13,1.5100000000000016
2026-06-22 12:26:21.422084000,24.0,-99.825283,-3.3970956235012064,-20.299203237410136,-4.095463562283495,-23.647984654299997,20.581494375989642,-99.5004777232746,25.63,13,1.5199999999999996
2026-06-22 12:26:21.432084000,24.0,-99.825283,-1.937648013245009,-19.671192052980103,-4.095463562283495,-23.647984654299997,19.766392604834596,-95.62559050218606,25.64,13,1.5300000000000011
2026-06-22 12:26:21.442084000,24.0,-99.825283,-3.4903202687585138,-20.328821948488862,-4.095463562283495,-23.647984654299997,20.626277836581885,-99.7423065302179,25.65,13,1.5399999999999991
2026-06-22 12:26:21.452084000,24.0,-99.825283,-2.028320925553309,-19.687052313883285,-4.095463562283495,-23.647984654299997,19.791263592469647,-95.88232452467086,25.66,13,1.5500000000000007
2026-06-22 12:26:21.462084000,24.0,-99.825283,-3.6260288858325027,-20.306493810178928,-4.095463562283495,-23.647984654299997,20.627694402034532,-100.12431421128743,25.67,13,1.5600000000000023
2026-06-22 12:26:21.472084000,24.0,-99.825283,-2.041061403508726,-19.723583333333295,-4.095463562283495,-23.647984654299997,19.828909984157878,-95.90812634223239,25.68,13,1.5700000000000003
2026-06-22 12:26:21.482084000,24.0,-99.825283,-3.5491217425128667,-20.25390315052516,-4.095463562283495,-23.647984654299997,20.56251098416802,-99.9391145949404,25.69,13,1.5800000000000018
2026-06-22 12:26:21.492084000,24.0,-99.825283,-2.020857942316077,-19.679433921653118,-4.095463562283495,-23.647984654299997,19.78292158149886,-95.86308516442902,25.7,13,1.5899999999999999
2026-06-22 12:26:21.502084000,24.0,-99.825283,-3.6164390687533405,-20.330586395053057,-4.095463562283495,-23.647984654299997,20.649730620633335,-100.08636921920834,25.71,13,1.6000000000000014
2026-06-22 12:26:21.512084000,24.0,-99.825283,-1.971256963788257,-19.68195090529245,-4.095463562283495,-23.647984654299997,19.78042076032828,-95.71941811550407,25.72,13,1.6099999999999994
2026-06-22 12:26:21.522084000,24.0,-99.825283,-3.547259318766982,-20.292916131105688,-4.095463562283495,-23.647984654299997,20.60061877174248,-99.9152842325501,25.73,13,1.620000000000001
2026-06-22 12:26:21.532084000,24.0,-99.825283,-1.9991587591246105,-19.67064051094928,-4.095463562283495,-23.647984654299997,19.771968385954484,-95.80313658117,25.74,13,1.629999999999999
2026-06-22 12:26:21.542084000,24.0,-99.825283,-3.6458213566156292,-20.316662189388992,-4.095463562283495,-23.647984654299997,20.64119124183735,-100.17343705086911,25.75,13,1.6400000000000006
2026-06-22 12:26:21.552084000,24.0,-99.825283,-2.4474588521097154,-19.915014576373824,-4.095463562283495,-23.647984654299997,20.064841400069728,-97.00624251843753,25.76,13,1.6500000000000021
2026-06-22 12:26:21.562084000,24.0,-99.825283,-3.6000968586390174,-20.262086387434618,-4.095463562283495,-23.647984654299997,20.579427644214157,-100.07497360915022,25.77,13,1.6600000000000001
2026-06-22 12:26:21.572084000,24.0,-99.825283,-2.017490572068086,-19.6986081815278,-4.095463562283495,-23.647984654299997,19.80165226686242,-95.8477252821617,25.78,13,1.6700000000000017
2026-06-22 12:26:21.582084000,24.0,-99.825283,-3.3983493621193324,-20.204706575073516,-4.095463562283495,-23.647984654299997,20.488507660926302,-99.54755308673948,25.79,13,1.6799999999999997
2026-06-22 12:26:21.592084000,24.0,-99.825283,-1.9273690299615425,-19.713403737763315,-4.095463562283495,-23.647984654299997,19.80739857491931,-95.58403076823282,25.8,13,1.6900000000000013
2026-06-22 12:26:21.602084000,24.0,-99.825283,-3.4015116279092217,-20.276153846154454,-4.095463562283495,-23.647984654299997,20.559491631548813,-99.52321788828172,25.81,13,1.6999999999999993
2026-06-22 12:26:21.612084000,24.0,-99.825283,-1.7096767241379878,-19.66035344827589,-4.095463562283495,-23.647984654299997,19.734550722329427,-94.96997435405461,25.82,13,1.7100000000000009
2026-06-22 12:26:21.622084000,24.0,-99.825283,-2.4030096658961724,-19.973996848077334,-4.095463562283495,-23.647984654299997,20.11802687992522,-96.8601073105833,25.83,13,1.7199999999999989
2026-06-22 12:26:21.632084000,24.0,-99.825283,-1.8362573529409811,-19.768633951406603,-4.095463562283495,-23.647984654299997,19.853733386215694,-95.30682937532644,25.84,13,1.7300000000000004
2026-06-22 12:26:21.642084000,24.0,-99.825283,-3.199057995307722,-20.174457928260317,-4.095463562283495,-23.647984654299997,20.426520133309243,-99.01035524688677,25.85,13,1.740000000000002
2026-06-22 12:26:21.652084000,24.0,-99.825283,-1.7026699096594233,-19.80235302293257,-4.095463562283495,-23.647984654299997,19.87541873939028,-94.91438804193427,25.86,13,1.75
2026-06-22 12:26:21.662084000,24.0,-99.825283,-3.080054072553679,-20.256694045174672,-4.095463562283495,-23.647984654299997,20.48951894822496,-98.64566829393804,25.87,13,1.7600000000000016
2026-06-22 12:26:21.672084000,24.0,-99.825283,-1.6808894864206885,-19.74068539930081,-4.095463562283495,-23.647984654299997,19.81211875342281,-94.86690944237783,25.88,13,1.7699999999999996
2026-06-22 12:26:21.682084000,24.0,-99.825283,-2.996969879518536,-20.25476506024104,-4.095463562283495,-23.647984654299997,20.475285983455827,-98.41662732980244,25.89,13,1.7800000000000011
2026-06-22 12:26:21.692084000,24.0,-99.825283,-1.5832148093848526,-19.771998900293454,-4.095463562283495,-23.647984654299997,19.835284460926218,-94.57811046131863,25.9,13,1.7899999999999991
2026-06-22 12:26:21.702084000,24.0,-99.825283,-3.0708910299003667,-20.28770033222592,-4.095463562283495,-23.647984654299997,20.51880007426658,-98.60735747765612,25.91,13,1.8000000000000007
2026-06-22 12:26:21.712084000,24.0,-99.825283,-1.5340668202763657,-19.68517281105987,-4.095463562283495,-23.647984654299997,19.744857295264598,-94.4560577652356,25.92,13,1.8100000000000023
2026-06-22 12:26:21.722084000,24.0,-99.825283,-2.692498176133265,-20.237853569567466,-4.095463562283495,-23.647984654299997,20.416176515982016,-97.57828014366645,25.93,13,1.8200000000000003
2026-06-22 12:26:21.732084000,24.0,-99.825283,-1.5516519337011663,-19.759276243093783,-4.095463562283495,-23.647984654299997,19.820106492505253,-94.49009546403889,25.94,13,1.8300000000000018
2026-06-22 12:26:21.742084000,24.0,-99.825283,-3.020654929577244,-20.297366197183067,-4.095463562283495,-23.647984654299997,20.520902288791522,-98.46463536432405,25.95,13,1.8399999999999999
2026-06-22 12:26:21.752084000,24.0,-99.825283,-1.5763722323521163,-19.763651992706425,-4.095463562283495,-23.647984654299997,19.826418978316266,-94.5603247222232,25.96,13,1.8500000000000014
2026-06-22 12:26:21.762084000,24.0,-99.825283,-2.768053811659115,-20.326134529147975,-4.095463562283495,-23.647984654299997,20.513748238712058,-97.75494919940644,25.97,13,1.8599999999999994
2026-06-22 12:26:21.772084000,24.0,-99.825283,-1.5196754530476293,-19.763665568368996,-4.095463562283495,-23.647984654299997,19.822005200809773,-94.39695738252155,25.98,13,1.870000000000001
2026-06-22 12:26:21.782084000,24.0,-99.825283,-2.8607363896851767,-20.338773638968505,-4.095463562283495,-23.647984654299997,20.538975773598576,-98.00637622447633,25.99,13,1.879999999999999
2026-06-22 12:26:21.792084000,24.0,-99.825283,-1.5903043902439216,-19.76173560975612,-4.095463562283495,-23.647984654299997,19.82562136134785,-94.60090135137374,26.0,13,1.8900000000000006
2026-06-22 12:26:21.802084000,15.0,-99.825283,-2.3206642359249527,-20.12003806970517,-2.559664726427184,-14.779990408937499,20.253429695295722,-96.57947547746329,26.01,14,0.0
2026-06-22 12:26:21.812084000,15.0,-99.825283,-2.82914402250365,-20.293550210970476,-2.559664726427184,-14.779990408937499,20.48980810220652,-97.93650894364984,26.02,14,0.00999999999999801
2026-06-22 12:26:21.822084000,15.0,-99.825283,-2.3092972085377417,-19.944502463053862,-2.559664726427184,-14.779990408937499,20.07774967709583,-96.60464773799256,26.03,14,0.019999999999999574
2026-06-22 12:26:21.832084000,15.0,-99.825283,-1.59284946632326,-19.78115642252481,-2.559664726427184,-14.779990408937499,19.84518376923632,-94.60372798062157,26.04,14,0.029999999999997584
2026-06-22 12:26:21.842084000,15.0,-99.825283,-2.4255704481227416,-19.843012515139275,-2.559664726427184,-14.779990408937499,19.990711284863785,-96.96914824313399,26.05,14,0.03999999999999915
2026-06-22 12:26:21.852084000,15.0,-99.825283,-1.6935442993292242,-19.74239957642081,-2.559664726427184,-14.779990408937499,19.814904322979988,-94.90294900288836,26.06,14,0.04999999999999716
2026-06-22 12:26:21.862084000,15.0,-99.825283,-2.6864190344824377,-20.25883172413795,-2.559664726427184,-14.779990408937499,20.436171609569335,-97.55362865231025,26.07,14,0.05999999999999872
2026-06-22 12:26:21.872084000,15.0,-99.825283,-1.8092880470280646,-19.701440888308344,-2.559664726427184,-14.779990408937499,19.784344727906117,-95.24705828874612,26.08,14,0.06999999999999673
2026-06-22 12:26:21.882084000,15.0,-99.825283,-2.7193802197804393,-20.271780219780187,-2.559664726427184,-14.779990408937499,20.453364076816417,-97.64039306869026,26.09,14,0.0799999999999983
2026-06-22 12:26:21.892084000,15.0,-99.825283,-2.081573342862298,-19.338347686260413,-2.559664726427184,-14.779990408937499,19.450054982349236,-96.14364424198789,26.1,14,0.08999999999999986
2026-06-22 12:26:21.902084000,15.0,-99.825283,-3.677536719285947,-19.217251544269086,-2.559664726427184,-14.779990408937499,19.565966197390022,-100.83351067145081,26.11,14,0.09999999999999787
2026-06-22 12:26:21.912084000,15.0,-99.825283,-2.1947200236266933,-19.368015948021274,-2.559664726427184,-14.779990408937499,19.49196854463177,-96.46499224632767,26.12,14,0.10999999999999943
2026-06-22 12:26:21.922084000,15.0,-99.825283,-2.5262494583967783,-19.49917186873143,-2.559664726427184,-14.779990408937499,19.662137215785503,-97.38193678263117,26.13,14,0.11999999999999744
2026-06-22 12:26:21.932084000,15.0,-99.825283,-2.5236212506354856,-18.8222846975089,-2.559664726427184,-14.779990408937499,18.990709977532084,-97.636461476807,26.14,14,0.129999999999999
2026-06-22 12:26:21.942084000,15.0,-99.825283,-3.4046797430290736,-19.480924412247095,-2.559664726427184,-14.779990408937499,19.77620439083995,-99.91345452043782,26.15,14,0.13999999999999702
2026-06-22 12:26:21.952084000,15.0,-99.825283,-2.5445816409423387,-18.57077741673434,-2.559664726427184,-14.779990408937499,18.744296988399192,-97.80212464816037,26.16,14,0.14999999999999858
2026-06-22 12:26:21.962084000,15.0,-99.825283,-3.529954022988673,-19.236071670047302,-2.559664726427184,-14.779990408937499,19.55727559502116,-100.39848494960916,26.17,14,0.16000000000000014
2026-06-22 12:26:21.972084000,15.0,-99.825283,-2.4870857047205006,-18.75278908603949,-2.559664726427184,-14.779990408937499,18.91699484083312,-97.55475521285811,26.18,14,0.16999999999999815
2026-06-22 12:26:21.982084000,15.0,-99.825283,-3.548092822563876,-19.140071984845203,-2.559664726427184,-14.779990408937499,19.466158282069564,-100.5019973717423,26.19,14,0.17999999999999972
2026-06-22 12:26:21.992084000,15.0,-99.825283,-2.750422580645156,-17.87125000000002,-2.559664726427184,-14.779990408937499,18.081659241746138,-98.74929258495278,26.2,14,0.18999999999999773
2026-06-22 12:26:22.002084000,15.0,-99.825283,-3.698907821229527,-18.24461731843619,-2.559664726427184,-14.779990408937499,18.615799208364244,-101.4607871905075,26.21,14,0.1999999999999993
2026-06-22 12:26:22.012084000,15.0,-99.825283,-2.5158745781777223,-17.917809898762552,-2.559664726427184,-14.779990408937499,18.09357721572255,-97.99275819935049,26.22,14,0.2099999999999973
2026-06-22 12:26:22.022084000,15.0,-99.825283,-3.750812973883709,-18.123135636057278,-2.559664726427184,-14.779990408937499,18.507205171175457,-101.69300323530464,26.23,14,0.21999999999999886
2026-06-22 12:26:22.032084000,15.0,-99.825283,-3.0865990566038306,-16.884330188679293,-2.559664726427184,-14.779990408937499,17.164139933494326,-100.35976215749133,26.24,14,0.22999999999999687
2026-06-22 12:26:22.042083999,15.0,-99.825283,-4.392452088452323,-17.55620358020373,-2.559664726427184,-14.779990408937499,18.09734564788183,-104.04669005941533,26.249999999,14,0.23999999899999835
2026-06-22 12:26:22.052083999,15.0,-99.825283,-2.9185199390399985,-17.12114071628141,-2.559664726427184,-14.779990408937499,17.368109225280776,-99.6738226819955,26.259999999,14,0.24999999899999992
2026-06-22 12:26:22.062084000,15.0,-99.825283,-4.464453812562364,-16.968501175680093,-2.559664726427184,-14.779990408937499,17.545979026362687,-104.74059046948152,26.27,14,0.259999999999998
2026-06-22 12:26:22.072084000,15.0,-99.825283,-3.326889562289566,-16.28723299663306,-2.559664726427184,-14.779990408937499,16.623542126944063,-101.54463180511283,26.28,14,0.2699999999999996
2026-06-22 12:26:22.082084000,15.0,-99.825283,-4.545944897385526,-16.91974276075348,-2.559664726427184,-14.779990408937499,17.51979766150669,-105.03889721136575,26.29,14,0.2799999999999976
2026-06-22 12:26:22.092084000,15.0,-99.825283,-3.216767772511847,-16.233355450237017,-2.559664726427184,-14.779990408937499,16.54900069720256,-101.20841196461676,26.3,14,0.28999999999999915
2026-06-22 12:26:22.102084000,15.0,-99.825283,-4.789470519215149,-16.82516427104772,-2.559664726427184,-14.779990408937499,17.49357540933733,-105.88959385627773,26.31,14,0.29999999999999716
2026-06-22 12:26:22.112084000,15.0,-99.825283,-3.1771924473493183,-16.30530428467693,-2.559664726427184,-14.779990408937499,16.61196856677129,-101.0262810007597,26.32,14,0.3099999999999987
2026-06-22 12:26:22.122084000,15.0,-99.825283,-4.830177150629738,-16.84638184291076,-2.559664726427184,-14.779990408937499,17.525158843891226,-105.9986011561927,26.33,14,0.31999999999999673
2026-06-22 12:26:22.132084000,15.0,-99.825283,-3.2394935223662027,-16.217646785626993,-2.559664726427184,-14.779990408937499,16.538028466078117,-101.29622190093284,26.34,14,0.3299999999999983
2026-06-22 12:26:22.142084000,15.0,-99.825283,-4.893905956113721,-16.947546499477838,-2.559664726427184,-14.779990408937499,17.64000135655462,-106.10701529996116,26.35,14,0.33999999999999986
2026-06-22 12:26:22.152084000,15.0,-99.825283,-3.168655526238614,-16.290066549398983,-2.559664726427184,-14.779990408937499,16.59538026162131,-101.00741312245889,26.36,14,0.34999999999999787
2026-06-22 12:26:22.162084000,15.0,-99.825283,-4.715149127907488,-16.827898837209474,-2.559664726427184,-14.779990408937499,17.476006711310305,-105.65278318388305,26.37,14,0.35999999999999943
2026-06-22 12:26:22.172084000,15.0,-99.825283,-3.2420640191715036,-16.352084902430605,-2.559664726427184,-14.779990408937499,16.670382711884734,-101.21437624137762,26.38,14,0.36999999999999744
2026-06-22 12:26:22.182084000,15.0,-99.825283,-4.735070330693864,-16.85817186772237,-2.559664726427184,-14.779990408937499,17.510535393250635,-105.68882357563334,26.39,14,0.379999999999999
2026-06-22 12:26:22.192084000,15.0,-99.825283,-3.347408005618129,-16.30344522471923,-2.559664726427184,-14.779990408937499,16.643541286381833,-101.60266850402796,26.4,14,0.389999999999997
2026-06-22 12:26:22.202084000,15.0,-99.825283,-4.41782933579319,-16.735641143911387,-2.559664726427184,-14.779990408937499,17.30892545879075,-104.78746164774398,26.41,14,0.3999999999999986
2026-06-22 12:26:22.212084000,15.0,-99.825283,-3.270181007884829,-16.339703462461447,-2.559664726427184,-14.779990408937499,16.66373286708309,-101.31748588007237,26.42,14,0.41000000000000014
2026-06-22 12:26:22.222084000,15.0,-99.825283,-4.099056973795474,-16.64700710059173,-2.559664726427184,-14.779990408937499,17.144244325183095,-103.83297394987392,26.43,14,0.41999999999999815
2026-06-22 12:26:22.232084000,15.0,-99.825283,-3.3201806495264345,-16.341194857916182,-2.559664726427184,-14.779990408937499,16.67507867837139,-101.4849391924817,26.44,14,0.4299999999999997
2026-06-22 12:26:22.242084000,15.0,-99.825283,-3.9955487760319217,-16.653899890390864,-2.559664726427184,-14.779990408937499,17.12649384961239,-103.49122062927945,26.45,14,0.4399999999999977
2026-06-22 12:26:22.252084000,15.0,-99.825283,-3.299560762509939,-16.322419380460687,-2.559664726427184,-14.779990408937499,16.65258165141771,-101.42827633559516,26.46,14,0.4499999999999993
2026-06-22 12:26:22.262084000,15.0,-99.825283,-4.330977518373794,-16.695334630350015,-2.559664726427184,-14.779990408937499,17.247943781333,-104.54267869726675,26.47,14,0.4599999999999973
2026-06-22 12:26:22.272084000,15.0,-99.825283,-3.1226666666666363,-16.39751028806582,-2.559664726427184,-14.779990408937499,16.692195504436658,-100.78204334898282,26.48,14,0.46999999999999886
2026-06-22 12:26:22.282084000,15.0,-99.825283,-4.403508650519812,-16.76628059138111,-2.559664726427184,-14.779990408937499,17.334908517327854,-104.71584860716287,26.49,14,0.4799999999999969
2026-06-22 12:26:22.292084000,15.0,-99.825283,-3.039249344692031,-16.3107359108781,-2.559664726427184,-14.779990408937499,16.59147800931609,-100.55511959043984,26.5,14,0.48999999999999844
2026-06-22 12:26:22.302084000,15.0,-99.825283,-3.8745405556445567,-16.70468273990105,-2.559664726427184,-14.779990408937499,17.14813371647429,-103.05847258153395,26.51,14,0.5
2026-06-22 12:26:22.312084000,15.0,-99.825283,-4.84611967108416,-16.840400447070095,-2.559664726427184,-14.779990408937499,17.523811317294747,-106.0540979669173,26.52,14,0.509999999999998
2026-06-22 12:26:22.322084000,15.0,-99.825283,-4.438532556545813,-16.752903358464742,-2.559664726427184,-14.779990408937499,17.330907137065168,-104.83907345031926,26.53,14,0.5199999999999996
2026-06-22 12:26:22.332084000,15.0,-99.825283,-3.1324044213264077,-16.359675831320825,-2.559664726427184,-14.779990408937499,16.656858970545674,-100.8392937577127,26.54,14,0.5299999999999976
2026-06-22 12:26:22.342084000,15.0,-99.825283,-4.117909860347533,-16.820809987304322,-2.559664726427184,-14.779990408937499,17.31752956535499,-103.75605415462117,26.55,14,0.5399999999999991
2026-06-22 12:26:22.352084000,15.0,-99.825283,-3.1225635135134433,-16.36531756756755,-2.559664726427184,-14.779990408937499,16.6605528714764,-100.80240596284365,26.56,14,0.5499999999999972
2026-06-22 12:26:22.362084000,15.0,-99.825283,-3.3946725581397796,-16.40908632558144,-2.559664726427184,-14.779990408937499,16.75654844582771,-101.68832842975677,26.57,14,0.5599999999999987
2026-06-22 12:26:22.372084000,15.0,-99.825283,-3.0508692657568894,-16.39818427550355,-2.559664726427184,-14.779990408937499,16.67957585821989,-100.53933328264058,26.58,14,0.5699999999999967
2026-06-22 12:26:22.382084000,15.0,-99.825283,-3.9108515989935304,-16.77859288537548,-2.559664726427184,-14.779990408937499,17.228346973593343,-103.12057077505656,26.59,14,0.5799999999999983
2026-06-22 12:26:22.392084000,15.0,-99.825283,-3.1054181574239483,-16.37677549194991,-2.559664726427184,-14.779990408937499,16.66860514398819,-100.73713415554664,26.6,14,0.5899999999999999
2026-06-22 12:26:22.402084000,15.0,-99.825283,-3.779770419426199,-16.922075055187637,-2.559664726427184,-14.779990408937499,17.339068273611847,-102.59109457076988,26.61,14,0.5999999999999979
2026-06-22 12:26:22.412084000,15.0,-99.825283,-2.996725375813284,-16.384575947947045,-2.559664726427184,-14.779990408937499,16.656370912419312,-100.36478926464048,26.62,14,0.6099999999999994
2026-06-22 12:26:22.422084000,15.0,-99.825283,-3.991913816689439,-16.868621067031466,-2.559664726427184,-14.779990408937499,17.334524874451386,-103.31396272194426,26.63,14,0.6199999999999974
2026-06-22 12:26:22.432084000,15.0,-99.825283,-3.06100528347896,-16.356666327982115,-2.559664726427184,-14.779990408937499,16.640621584256703,-100.59979146530794,26.64,14,0.629999999999999
2026-06-22 12:26:22.442084000,15.0,-99.825283,-3.9014961240322457,-16.947157622738942,-2.559664726427184,-14.779990408937499,17.39045207853428,-102.96448365201958,26.65,14,0.639999999999997
2026-06-22 12:26:22.452084000,15.0,-99.825283,-3.6266377664043574,-16.4812588037583,-2.559664726427184,-14.779990408937499,16.87555608699076,-102.40994135992534,26.66,14,0.6499999999999986
2026-06-22 12:26:22.462084000,15.0,-99.825283,-3.5399018645740665,-16.45807163886195,-2.559664726427184,-14.779990408937499,16.83445951852114,-102.13859337100892,26.67,14,0.6600000000000001
2026-06-22 12:26:22.472084000,15.0,-99.825283,-3.061701820940832,-16.415211684370277,-2.559664726427184,-14.779990408937499,16.698299095507867,-100.5651887119085,26.68,14,0.6699999999999982
2026-06-22 12:26:22.482084000,15.0,-99.825283,-3.673757560915955,-16.51046981755846,-2.559664726427184,-14.779990408937499,16.914257542466828,-102.5445620029515,26.69,14,0.6799999999999997
2026-06-22 12:26:22.492084000,15.0,-99.825283,-3.1418968253968247,-16.348690476190473,-2.559664726427184,-14.779990408937499,16.647858599463166,-100.87849013244359,26.7,14,0.6899999999999977
2026-06-22 12:26:22.502084000,15.0,-99.825283,-3.6434006048066614,-16.491859621200078,-2.559664726427184,-14.779990408937499,16.889517510351652,-102.45775030373841,26.71,14,0.6999999999999993
2026-06-22 12:26:22.512084000,15.0,-99.825283,-3.083592201700366,-16.39188243916742,-2.559664726427184,-14.779990408937499,16.679398992945536,-100.653803863924,26.72,14,0.7099999999999973
2026-06-22 12:26:22.522084000,15.0,-99.825283,-3.533459759759863,-16.472375975976007,-2.559664726427184,-14.779990408937499,16.847091979559966,-102.10694449883928,26.73,14,0.7199999999999989
2026-06-22 12:26:22.532084000,15.0,-99.825283,-3.050648221343912,-16.421007905138325,-2.559664726427184,-14.779990408937499,16.701974589580843,-100.52426662934268,26.74,14,0.7299999999999969
2026-06-22 12:26:22.542084000,15.0,-99.825283,-3.705963115297856,-16.46966909911105,-2.559664726427184,-14.779990408937499,16.88147395360256,-102.68133569353135,26.75,14,0.7399999999999984
2026-06-22 12:26:22.552084000,15.0,-99.825283,-3.0939421052629967,-16.331265263157874,-2.559664726427184,-14.779990408937499,16.621753904036307,-100.72749479210927,26.76,14,0.75
2026-06-22 12:26:22.562084000,15.0,-99.825283,-3.3990748379493554,-16.41143193871538,-2.559664726427184,-14.779990408937499,16.759737707764632,-101.70144171753311,26.77,14,0.759999999999998
2026-06-22 12:26:22.572084000,15.0,-99.825283,-3.0410757679181377,-16.419804778156998,-2.559664726427184,-14.779990408937499,16.69904580444662,-100.49272926768984,26.78,14,0.7699999999999996
2026-06-22 12:26:22.582084000,15.0,-99.825283,-3.934300974658734,-16.74582261208563,-2.559664726427184,-14.779990408937499,17.201781858709843,-103.22141461892444,26.79,14,0.7799999999999976
2026-06-22 12:26:22.592084000,15.0,-99.825283,-3.157183911774338,-16.40132338631203,-2.559664726427184,-14.779990408937499,16.702431531820526,-100.89591351342516,26.8,14,0.7899999999999991
2026-06-22 12:26:22.602084000,15.0,-99.825283,-3.8756175115209537,-16.633870839733973,-2.559664726427184,-14.779990408937499,17.07940485522139,-103.11566544371993,26.81,14,0.7999999999999972
2026-06-22 12:26:22.612084000,15.0,-99.825283,-3.0807720090293436,-16.412943566591423,-2.559664726427184,-14.779990408937499,16.69957702134199,-100.63093561264722,26.82,14,0.8099999999999987
2026-06-22 12:26:22.622084000,15.0,-99.825283,-4.070255581823391,-16.733733648542447,-2.559664726427184,-14.779990408937499,17.22163820087178,-103.67094486761194,26.83,14,0.8199999999999967
2026-06-22 12:26:22.632084000,15.0,-99.825283,-3.223622129436306,-16.35974947807933,-2.559664726427184,-14.779990408937499,16.67432585200698,-101.14709476461752,26.84,14,0.8299999999999983
2026-06-22 12:26:22.642084000,15.0,-99.825283,-4.272705916813653,-16.836725248975164,-2.559664726427184,-14.779990408937499,17.370415451596205,-104.2395216830712,26.85,14,0.8399999999999999
2026-06-22 12:26:22.652084000,15.0,-99.825283,-3.119354463989315,-16.30004381015591,-2.559664726427184,-14.779990408937499,16.595836841961663,-100.83375942255697,26.86,14,0.8499999999999979
2026-06-22 12:26:22.662084000,15.0,-99.825283,-4.294524076433309,-16.655803312101998,-2.559664726427184,-14.779990408937499,17.200544206928257,-104.45820621384436,26.87,14,0.8599999999999994
2026-06-22 12:26:22.672084000,15.0,-99.825283,-3.1944194407457065,-16.327886151797617,-2.559664726427184,-14.779990408937499,16.63743314785903,-101.06963823351268,26.88,14,0.8699999999999974
2026-06-22 12:26:22.682084000,15.0,-99.825283,-4.213793046746766,-16.726425182053177,-2.559664726427184,-14.779990408937499,17.249039138793616,-104.13996540909872,26.89,14,0.879999999999999
2026-06-22 12:26:22.692084000,15.0,-99.825283,-3.1270610423266483,-16.304105960265016,-2.559664726427184,-14.779990408937499,16.60127651495469,-100.8572478493889,26.9,14,0.889999999999997
2026-06-22 12:26:22.702084000,15.0,-99.825283,-4.273993197279289,-16.746632653061354,-2.559664726427184,-14.779990408937499,17.28342336075149,-104.31712205259386,26.91,14,0.8999999999999986
2026-06-22 12:26:22.712084000,15.0,-99.825283,-3.134818758815239,-16.350731311706678,-2.559664726427184,-14.779990408937499,16.648528555948875,-100.8532432373244,26.92,14,0.9100000000000001
2026-06-22 12:26:22.722084000,15.0,-99.825283,-4.153757375075731,-16.654237507525746,-2.559664726427184,-14.779990408937499,17.164420388934587,-104.0045007711312,26.93,14,0.9199999999999982
2026-06-22 12:26:22.732084000,15.0,-99.825283,-3.194648540354899,-16.279503339057484,-2.559664726427184,-14.779990408937499,16.589997235164795,-101.10249759833243,26.94,14,0.9299999999999997
2026-06-22 12:26:22.742084000,15.0,-99.825283,-3.744143494009289,-16.561990247979885,-2.559664726427184,-14.779990408937499,16.979933200042716,-102.7386381049145,26.95,14,0.9399999999999977
2026-06-22 12:26:22.752084000,15.0,-99.825283,-3.233327201051298,-16.259901445466642,-2.559664726427184,-14.779990408937499,16.57826287055874,-101.24671781942664,26.96,14,0.9499999999999993
2026-06-22 12:26:22.762084000,15.0,-99.825283,-3.69235995196638,-16.48392434704292,-2.559664726427184,-14.779990408937499,16.892403141469227,-102.62570746034203,26.97,14,0.9599999999999973
2026-06-22 12:26:22.772084000,15.0,-99.825283,-4.6177133842577,-16.693393667663006,-2.559664726427184,-14.779990408937499,17.32029644788807,-105.46246669817009,26.98,14,0.9699999999999989
2026-06-22 12:26:22.782084000,15.0,-99.825283,-4.3913051580706135,-16.77207554076563,-2.559664726427184,-14.779990408937499,17.33741846228689,-104.67197725350393,26.99,14,0.9799999999999969
2026-06-22 12:26:22.792084000,15.0,-99.825283,-3.632690885072579,-16.47531571994714,-2.559664726427184,-14.779990408937499,16.87105423909326,-102.4343555287922,27.0,14,0.9899999999999984
2026-06-22 12:26:22.802084000,15.0,-99.825283,-4.2459878048784,-16.666531436314482,-2.559664726427184,-14.779990408937499,17.19888608476825,-104.29271153147812,27.01,14,1.0
2026-06-22 12:26:22.812084000,15.0,-99.825283,-3.2520545383716426,-16.390885664199477,-2.559664726427184,-14.779990408937499,16.710385739934416,-101.22210387281403,27.02,14,1.009999999999998
2026-06-22 12:26:22.822084000,15.0,-99.825283,-4.349326581490266,-16.695500155811978,-2.559664726427184,-14.779990408937499,17.25272057285968,-104.60152501799303,27.03,14,1.0199999999999996
2026-06-22 12:26:22.832084000,15.0,-99.825283,-3.612759865875787,-16.45994867165336,-2.559664726427184,-14.779990408937499,16.851763828215315,-102.37942989444836,27.04,14,1.0299999999999976
2026-06-22 12:26:22.842084000,15.0,-99.825283,-3.999095238095073,-16.65328571428567,-2.559664726427184,-14.779990408937499,17.12672437464286,-103.50323692863793,27.05,14,1.0399999999999991
2026-06-22 12:26:22.852084000,15.0,-99.825283,-3.540282979463622,-16.509024364775414,-2.559664726427184,-14.779990408937499,16.88435634104623,-102.10349993816426,27.06,14,1.0499999999999972
2026-06-22 12:26:22.862084000,15.0,-99.825283,-3.752780714635326,-16.55263338228101,-2.559664726427184,-14.779990408937499,16.972714425817177,-102.77404255638334,27.07,14,1.0599999999999987
2026-06-22 12:26:22.872084000,15.0,-99.825283,-3.877247202106426,-16.514039993416677,-2.559664726427184,-14.779990408937499,16.963094139053982,-103.21287121513477,27.08,14,1.0699999999999967
2026-06-22 12:26:22.882084000,15.0,-99.825283,-3.894011135857148,-16.637977728285023,-2.559664726427184,-14.779990408937499,17.08758688677509,-103.17260679817869,27.09,14,1.0799999999999983
2026-06-22 12:26:22.892084000,15.0,-99.825283,-3.104817421738197,-16.338002722146594,-2.559664726427184,-14.779990408937499,16.630400601645125,-100.75998742605242,27.1,14,1.0899999999999999
2026-06-22 12:26:22.902084000,15.0,-99.825283,-3.75704781997187,-16.5543488045007,-2.559664726427184,-14.779990408937499,16.975331297580887,-102.7868083860511,27.11,14,1.0999999999999979
2026-06-22 12:26:22.912084000,15.0,-99.825283,-3.09073605947951,-16.34771375464682,-2.559664726427184,-14.779990408937499,16.637319327140286,-100.70610284824951,27.12,14,1.1099999999999994
2026-06-22 12:26:22.922084000,15.0,-99.825283,-3.8326645435239386,-16.711360084925648,-2.559664726427184,-14.779990408937499,17.145228881272825,-102.91710860147425,27.13,14,1.1199999999999974
2026-06-22 12:26:22.932084000,15.0,-99.825283,-2.9608995433788254,-16.326863013698638,-2.559664726427184,-14.779990408937499,16.593172751889902,-100.27895580927286,27.14,14,1.129999999999999
2026-06-22 12:26:22.942084000,15.0,-99.825283,-3.7269703548086017,-16.46981150793651,-2.559664726427184,-14.779990408937499,16.886236973718567,-102.75076940452892,27.15,14,1.139999999999997
2026-06-22 12:26:22.952084000,15.0,-99.825283,-2.983303143479565,-16.301409586056636,-2.559664726427184,-14.779990408937499,16.572146877766748,-100.37087295186443,27.16,14,1.1499999999999986
2026-06-22 12:26:22.962084000,15.0,-99.825283,-3.8764191229333056,-16.812148094895754,-2.559664726427184,-14.779990408937499,17.25325907709468,-102.98391475664101,27.17,14,1.1600000000000001
2026-06-22 12:26:22.972084000,15.0,-99.825283,-4.415328929986931,-16.668573315719982,-2.559664726427184,-14.779990408937499,17.243447043486167,-104.83630754429825,27.18,14,1.1699999999999982
2026-06-22 12:26:22.982084000,15.0,-99.825283,-3.827285714285985,-16.86130252100839,-2.559664726427184,-14.779990408937499,17.29021800451751,-102.7886634375282,27.19,14,1.1799999999999997
2026-06-22 12:26:22.992084000,15.0,-99.825283,-3.0599372866894288,-16.33832807167236,-2.559664726427184,-14.779990408937499,16.622399958371517,-100.60780037222358,27.2,14,1.1899999999999977
2026-06-22 12:26:23.002084000,15.0,-99.825283,-3.63701054216869,-16.472403162650608,-2.559664726427184,-14.779990408937499,16.869140809085327,-102.4508130834376,27.21,14,1.1999999999999993
2026-06-22 12:26:23.012084000,15.0,-99.825283,-3.285183488319458,-16.41278521206624,-2.559664726427184,-14.779990408937499,16.738337700301877,-101.31874828154027,27.22,14,1.2099999999999973
2026-06-22 12:26:23.022084000,15.0,-99.825283,-3.703215736040619,-16.497289340101528,-2.559664726427184,-14.779990408937499,16.90781956251859,-102.65170548938549,27.23,14,1.2199999999999989
2026-06-22 12:26:23.032084000,15.0,-99.825283,-3.6649999999992624,-16.426678571428415,-2.559664726427184,-14.779990408937499,16.83056724798722,-102.57741615858983,27.24,14,1.2299999999999969
2026-06-22 12:26:23.042083999,15.0,-99.825283,-3.76699999999999,-16.646833333333536,-2.559664726427184,-14.779990408937499,17.06772829136275,-102.7506750974246,27.249999999,14,1.2399999989999984
2026-06-22 12:26:23.052083999,15.0,-99.825283,-4.489946514770666,-16.713259702645104,-2.559664726427184,-14.779990408937499,17.305856511411445,-105.03723091577123,27.259999999,14,1.249999999
2026-06-22 12:26:23.062084000,15.0,-99.825283,-3.7774350300347868,-16.789273474549532,-2.559664726427184,-14.779990408937499,17.208972055568758,-102.67989138265284,27.27,14,1.259999999999998
2026-06-22 12:26:23.072084000,15.0,-99.825283,-3.8124866612758166,-16.444822150363585,-2.559664726427184,-14.779990408937499,16.880972427543824,-103.05258416437924,27.28,14,1.2699999999999996
2026-06-22 12:26:23.082084000,15.0,-99.825283,-3.493841017488054,-16.397620031796496,-2.559664726427184,-14.779990408937499,16.765705107828172,-102.02814364720508,27.29,14,1.2799999999999976
2026-06-22 12:26:23.092084000,15.0,-99.825283,-3.0305335968380382,-16.38977865612639,-2.559664726427184,-14.779990408937499,16.667602655402494,-100.47589279781225,27.3,14,1.2899999999999991
2026-06-22 12:26:23.102084000,15.0,-99.825283,-3.7087846968360343,-16.482545190974427,-2.559664726427184,-14.779990408937499,16.894655364937144,-102.68108501887097,27.31,14,1.2999999999999972
2026-06-22 12:26:23.112084000,15.0,-99.825283,-3.080442374854508,-16.34199185098952,-2.559664726427184,-14.779990408937499,16.62978721699731,-100.67491694659932,27.32,14,1.3099999999999987
2026-06-22 12:26:23.122084000,15.0,-99.825283,-4.101014763015348,-16.87972727272786,-2.559664726427184,-14.779990408937499,17.370766099632522,-103.65571554619612,27.33,14,1.3199999999999967
2026-06-22 12:26:23.132084000,15.0,-99.825283,-4.0711125638891765,-16.573399263045264,-2.559664726427184,-14.779990408937499,17.066092717437275,-103.80096266229901,27.34,14,1.3299999999999983
2026-06-22 12:26:23.142084000,15.0,-99.825283,-4.010020060790959,-16.620654103343895,-2.559664726427184,-14.779990408937499,17.09755548933672,-103.56436893663161,27.35,14,1.3399999999999999
2026-06-22 12:26:23.152084000,15.0,-99.825283,-3.072292519288846,-16.314525662529363,-2.559664726427184,-14.779990408937499,16.601286965696588,-100.66483548161631,27.36,14,1.3499999999999979
2026-06-22 12:26:23.162084000,15.0,-99.825283,-3.6394329057720998,-16.478638875185005,-2.559664726427184,-14.779990408937499,16.875752162625975,-102.45427941602377,27.37,14,1.3599999999999994
2026-06-22 12:26:23.172084000,15.0,-99.825283,-3.0717517447655434,-16.298976570289092,-2.559664726427184,-14.779990408937499,16.585906548039603,-100.67294017587336,27.38,14,1.3699999999999974
2026-06-22 12:26:23.182084000,15.0,-99.825283,-3.966490130478455,-16.601928738708615,-2.559664726427184,-14.779990408937499,17.069185153379234,-103.43707029853992,27.39,14,1.379999999999999
2026-06-22 12:26:23.192084000,15.0,-99.825283,-3.241356218124484,-16.319402118477772,-2.559664726427184,-14.779990408937499,16.638187270173127,-101.2338736573219,27.4,14,1.389999999999997
2026-06-22 12:26:23.202084000,15.0,-99.825283,-4.236638819095501,-16.669418341708553,-2.559664726427184,-14.779990408937499,17.199378370579456,-104.26015730671345,27.41,14,1.3999999999999986
2026-06-22 12:26:23.212084000,15.0,-99.825283,-3.157617014341631,-16.2709837027381,-2.559664726427184,-14.779990408937499,16.574542402854703,-100.98255201841793,27.42,14,1.4100000000000001
2026-06-22 12:26:23.222084000,15.0,-99.825283,-3.8865052337752113,-16.479004884856913,-2.559664726427184,-14.779990408937499,16.93111115453738,-103.27047088506448,27.43,14,1.4199999999999982
2026-06-22 12:26:23.232084000,15.0,-99.825283,-3.1457847682119304,-16.278502483443727,-2.559664726427184,-14.779990408937499,16.579674451309284,-100.93746113042205,27.44,14,1.4299999999999997
2026-06-22 12:26:23.242084000,15.0,-99.825283,-3.9054796668293563,-16.533787359137513,-2.559664726427184,-14.779990408937499,16.988787357112717,-103.2903438864458,27.45,14,1.4399999999999977
2026-06-22 12:26:23.252084000,15.0,-99.825283,-3.1471323529410276,-16.18524999999988,-2.559664726427184,-14.779990408937499,16.488382564988726,-101.00354224514496,27.46,14,1.4499999999999993
2026-06-22 12:26:23.262084000,15.0,-99.825283,-3.8102487170706114,-16.51639001026321,-2.559664726427184,-14.779990408937499,16.9501956996685,-102.9905790686165,27.47,14,1.4599999999999973
2026-06-22 12:26:23.272084000,15.0,-99.825283,-3.211780411565472,-16.278874185985917,-2.559664726427184,-14.779990408937499,16.592687491038763,-101.1609664005676,27.48,14,1.4699999999999989
2026-06-22 12:26:23.282084000,15.0,-99.825283,-4.147324167874069,-16.563882778582194,-2.559664726427184,-14.779990408937499,17.075201622705485,-104.0569259918936,27.49,14,1.4799999999999969
2026-06-22 12:26:23.292084000,15.0,-99.825283,-3.267047337278078,-16.222373129133285,-2.559664726427184,-14.779990408937499,16.54808110461275,-101.38657012443015,27.5,14,1.4899999999999984
2026-06-22 12:26:23.302084000,15.0,-99.825283,-3.9519309360750183,-16.51409018264886,-2.559664726427184,-14.779990408937499,16.980369038515217,-103.45816276574708,27.51,14,1.5
2026-06-22 12:26:23.312084000,15.0,-99.825283,-3.2149605039155316,-16.2494896152536,-2.559664726427184,-14.779990408937499,16.564476562752336,-101.19143219425277,27.52,14,1.509999999999998
2026-06-22 12:26:23.322084000,15.0,-99.825283,-4.026158448151112,-16.5408687454678,-2.559664726427184,-14.779990408937499,17.02381539797739,-103.68014957430705,27.53,14,1.5199999999999996
2026-06-22 12:26:23.332084000,15.0,-99.825283,-3.235219512195119,-16.28189024390241,-2.559664726427184,-14.779990408937499,16.60019864961177,-101.23832169183576,27.54,14,1.5299999999999976
2026-06-22 12:26:23.342084000,15.0,-99.825283,-3.680378181818571,-16.41102909090912,-2.559664726427184,-14.779990408937499,16.818652127440878,-102.64015685760903,27.55,14,1.5399999999999991
2026-06-22 12:26:23.352084000,15.0,-99.825283,-3.1931713375795923,-16.305921656050945,-2.559664726427184,-14.779990408937499,16.615637942745714,-101.0799567474567,27.56,14,1.5499999999999972
2026-06-22 12:26:23.362084000,15.0,-99.825283,-4.006769230769715,-16.53233333333345,-2.559664726427184,-14.779990408937499,17.010944862443452,-103.62349513933216,27.57,14,1.5599999999999987
2026-06-22 12:26:23.372084000,15.0,-99.825283,-3.128667955160336,-16.279399304213342,-2.559664726427184,-14.779990408937499,16.57731597333142,-100.87878722531185,27.58,14,1.5699999999999967
2026-06-22 12:26:23.382084000,15.0,-99.825283,-3.6987676767677318,-16.41623232323232,-2.559664726427184,-14.779990408937499,16.82776176492404,-102.69737579939586,27.59,14,1.5799999999999983
2026-06-22 12:26:23.392084000,15.0,-99.825283,-3.130727654081939,-16.266172636334268,-2.559664726427184,-14.779990408937499,16.564716353715905,-100.89441793819036,27.6,14,1.5899999999999999
2026-06-22 12:26:23.402084000,15.0,-99.825283,-3.7375167144221506,-16.460331104743712,-2.559664726427184,-14.779990408937499,16.879322595068153,-102.79278812771902,27.61,14,1.5999999999999979
2026-06-22 12:26:23.412084000,15.0,-99.825283,-3.0763092991913115,-16.29596799191373,-2.559664726427184,-14.779990408937499,16.583794852137064,-100.69033885992523,27.62,14,1.6099999999999994
2026-06-22 12:26:23.422084000,15.0,-99.825283,-3.6982306129360323,-16.52524889942428,-2.559664726427184,-14.779990408937499,16.934011953886788,-102.61452824554006,27.63,14,1.6199999999999974
2026-06-22 12:26:23.432084000,15.0,-99.825283,-3.0705902841429182,-16.29818652612279,-2.559664726427184,-14.779990408937499,16.584915095753832,-100.66950258556524,27.64,14,1.629999999999999
2026-06-22 12:26:23.442084000,15.0,-99.825283,-4.014717791411668,-16.60561656441732,-2.559664726427184,-14.779990408937499,17.084041103589286,-103.59151281727078,27.65,14,1.639999999999997
2026-06-22 12:26:23.452084000,15.0,-99.825283,-3.065886477462342,-16.29443606010015,-2.559664726427184,-14.779990408937499,16.580359055502342,-100.65592844418498,27.66,14,1.6499999999999986
2026-06-22 12:26:23.462084000,15.0,-99.825283,-3.906538633819116,-16.610362821948573,-2.559664726427184,-14.779990408937499,17.06356343716906,-103.2346953037908,27.67,14,1.6600000000000001
2026-06-22 12:26:23.472084000,15.0,-99.825283,-3.1253706563707557,-16.258745173745176,-2.559664726427184,-14.779990408937499,16.556410733141572,-100.88107142398908,27.68,14,1.6699999999999982
2026-06-22 12:26:23.482084000,15.0,-99.825283,-3.471857738359258,-16.372297206208437,-2.559664726427184,-14.779990408937499,16.7363649566991,-101.9726033888375,27.69,14,1.6799999999999997
2026-06-22 12:26:23.492084000,15.0,-99.825283,-2.9884487875497956,-16.297959464350345,-2.559664726427184,-14.779990408937499,16.56968040903067,-100.39052287251306,27.7,14,1.6899999999999977
2026-06-22 12:26:23.502084000,15.0,-99.825283,-3.7310428061831424,-16.698769718588984,-2.559664726427184,-14.779990408937499,17.110511112647554,-102.59485478613759,27.71,14,1.6999999999999993
2026-06-22 12:26:23.512084000,15.0,-99.825283,-3.001833723653437,-16.27244028103045,-2.559664726427184,-14.779990408937499,16.547003305860713,-100.45204646222614,27.72,14,1.7099999999999973
2026-06-22 12:26:23.522084000,15.0,-99.825283,-3.7408741138149124,-16.57626901705317,-2.559664726427184,-14.779990408937499,16.993140782713695,-102.71727017623635,27.73,14,1.7199999999999989
2026-06-22 12:26:23.532084000,15.0,-99.825283,-2.990789883268165,-16.28567120622569,-2.559664726427184,-14.779990408937499,16.55801651053494,-100.4061598901859,27.74,14,1.7299999999999969
2026-06-22 12:26:23.542084000,15.0,-99.825283,-3.6832589771494497,-16.38753536452656,-2.559664726427184,-14.779990408937499,16.79636008236191,-102.66728287847016,27.75,14,1.7399999999999984
2026-06-22 12:26:23.552084000,15.0,-99.825283,-3.0538163771711093,-16.25257071960299,-2.559664726427184,-14.779990408937499,16.536984291616623,-100.64165176444588,27.76,14,1.75
2026-06-22 12:26:23.562084000,15.0,-99.825283,-3.732472618154548,-16.707321830457804,-2.559664726427184,-14.779990408937499,17.11916921441474,-102.59328365951542,27.77,14,1.759999999999998
2026-06-22 12:26:23.572084000,15.0,-99.825283,-3.027694508009067,-16.290898169336355,-2.559664726427184,-14.779990408937499,16.569861109783478,-100.5284064112912,27.78,14,1.7699999999999996
2026-06-22 12:26:23.582084000,15.0,-99.825283,-3.7146429659725393,-16.36516912138143,-2.559664726427184,-14.779990408937499,16.781458003882307,-102.78857276440105,27.79,14,1.7799999999999976
2026-06-22 12:26:23.592084000,15.0,-99.825283,-3.045334687246113,-16.285162469536946,-2.559664726427184,-14.779990408937499,16.567455447851945,-100.59200946209984,27.8,14,1.7899999999999991
2026-06-22 12:26:23.602084000,15.0,-99.825283,-3.7504267392148662,-16.72551107656482,-2.559664726427184,-14.779990408937499,17.140840746547713,-102.63859794523466,27.81,14,1.7999999999999972
2026-06-22 12:26:23.612084000,15.0,-99.825283,-3.077149609912798,-16.28320100963745,-2.559664726427184,-14.779990408937499,16.571405638691143,-100.70138218916605,27.82,14,1.8099999999999987
2026-06-22 12:26:23.622084000,15.0,-99.825283,-3.6484905933431464,-16.403363241678726,-2.559664726427184,-14.779990408937499,16.804219983330682,-102.53978735388446,27.83,14,1.8199999999999967
2026-06-22 12:26:23.632084000,15.0,-99.825283,-3.098677354709422,-16.28975283901135,-2.559664726427184,-14.779990408937499,16.581852999730376,-100.77027019281658,27.84,14,1.8299999999999983
2026-06-22 12:26:23.642084000,15.0,-99.825283,-3.7704502617801325,-16.5969382198955,-2.559664726427184,-14.779990408937499,17.01983118164178,-102.79907561841173,27.85,14,1.8399999999999999
2026-06-22 12:26:23.652084000,15.0,-99.825283,-3.0819000000000187,-16.28952499999999,-2.559664726427184,-14.779990408937499,16.57850211375035,-100.71345571853028,27.86,14,1.8499999999999979
2026-06-22 12:26:23.662084000,15.0,-99.825283,-3.8350920577617473,-16.70700812274373,-2.559664726427184,-14.779990408937499,17.141530022286,-102.92826900857234,27.87,14,1.8599999999999994
2026-06-22 12:26:23.672084000,15.0,-99.825283,-3.04077183004347,-16.257023753763782,-2.559664726427184,-14.779990408937499,16.538957483856887,-100.59439007781666,27.88,14,1.8699999999999974
2026-06-22 12:26:23.682084000,15.0,-99.825283,-3.5279994362386047,-16.386805051302293,-2.559664726427184,-14.779990408937499,16.76228384831513,-102.15004215350511,27.89,14,1.879999999999999
2026-06-22 12:26:23.692084000,15.0,-99.825283,-3.0546324757768395,-16.27920314066156,-2.559664726427184,-14.779990408937499,16.56330988833439,-100.6274135779201,27.9,14,1.889999999999997
2026-06-22 12:26:23.702084000,15.0,-99.825283,-3.8899893435636166,-16.531797101449378,-2.559664726427184,-14.779990408937499,16.98329569007525,-103.24102804921694,27.91,14,1.8999999999999986
2026-06-22 12:26:23.712084000,15.0,-99.825283,-3.0465131795716998,-16.19192339373976,-2.559664726427184,-14.779990408937499,16.476031856671103,-100.65563800679222,27.92,14,1.9100000000000001
2026-06-22 12:26:23.722084000,15.0,-99.825283,-4.018650955413874,-16.648695859872507,-2.559664726427184,-14.779990408937499,17.1268394438666,-103.57043513512448,27.93,14,1.9199999999999982
2026-06-22 12:26:23.732084000,15.0,-99.825283,-3.067192000000064,-16.271872000000027,-2.559664726427184,-14.779990408937499,16.55842640921079,-100.67480513669825,27.94,14,1.9299999999999997
2026-06-22 12:26:23.742084000,15.0,-99.825283,-4.097837150127183,-16.618938567793506,-2.559664726427184,-14.779990408937499,17.116699110198116,-103.85147322853996,27.95,14,1.9399999999999977
2026-06-22 12:26:23.752084000,15.0,-99.825283,-3.055931224209108,-16.272129298486952,-2.559664726427184,-14.779990408937499,16.556597100665755,-100.63634553059066,27.96,14,1.9499999999999993
2026-06-22 12:26:23.762084000,15.0,-99.825283,-3.9363636363636365,-16.520363636363637,-2.559664726427184,-14.779990408937499,16.982855276877675,-103.40215904545504,27.97,14,1.9599999999999973
2026-06-22 12:26:23.772084000,15.0,-99.825283,-3.163082568807411,-16.21778593272173,-2.559664726427184,-14.779990408937499,16.52336745027115,-101.0362997869812,27.98,14,1.9699999999999989
2026-06-22 12:26:23.782084000,15.0,-99.825283,-3.7317100765098825,-16.368874165717067,-2.559664726427184,-14.779990408937499,16.788856469343138,-102.84257442678053,27.99,14,1.9799999999999969
2026-06-22 12:26:23.792084000,15.0,-99.825283,-3.1847529411762583,-16.22536571428565,-2.559664726427184,-14.779990408937499,16.534967307456256,-101.1049737855554,28.0,14,1.9899999999999984
2026-06-22 12:26:23.802084000,15.0,-99.825283,-4.103479489518005,-16.49259434822292,-2.559664726427184,-14.779990408937499,16.995417389870997,-103.97191386756852,28.01,14,2.0
2026-06-22 12:26:23.902084000,10.0,-99.825283,-3.691403508771999,-16.40728846706933,-1.706443150951456,-9.853326939291666,16.817418788452656,-102.6795977495142,28.11,15,0.0
2026-06-22 12:26:23.912084000,10.0,-99.825283,-4.977953216374475,-16.714066340715224,-1.706443150951456,-9.853326939291666,17.439611001001214,-106.58511924535554,28.12,15,0.010000000000001563
2026-06-22 12:26:23.922084000,10.0,-99.825283,-3.7146152263374375,-16.387193415637874,-1.706443150951456,-9.853326939291666,16.8029305277759,-102.77185684901761,28.13,15,0.019999999999999574
2026-06-22 12:26:23.932084000,10.0,-99.825283,-3.2871935483870987,-16.227273527059452,-1.706443150951456,-9.853326939291666,16.556873121050433,-101.45156679029013,28.14,15,0.030000000000001137
2026-06-22 12:26:23.942084000,10.0,-99.825283,-3.6204482306695738,-16.316706422018566,-1.706443150951456,-9.853326939291666,16.713544024332492,-102.51044719335626,28.15,15,0.03999999999999915
2026-06-22 12:26:23.952084000,10.0,-99.825283,-3.2649062500000667,-16.189046874999836,-1.706443150951456,-9.853326939291666,16.5149886933728,-101.40211467585445,28.16,15,0.05000000000000071
2026-06-22 12:26:23.962084000,10.0,-99.825283,-3.816377814162992,-14.952078182562222,-1.706443150951456,-9.853326939291666,15.431441332483777,-104.31849626759828,28.17,15,0.060000000000002274
2026-06-22 12:26:23.972084000,10.0,-99.825283,-4.573643802647405,-11.914891696750946,-1.706443150951456,-9.853326939291666,12.762557023527833,-110.99977115686599,28.18,15,0.07000000000000028
2026-06-22 12:26:23.982084000,10.0,-99.825283,-5.098731316077287,-12.141129055778418,-1.706443150951456,-9.853326939291666,13.168298135393737,-112.78022789436444,28.19,15,0.08000000000000185
2026-06-22 12:26:23.992084000,10.0,-99.825283,-4.939726260257628,-12.64692672919103,-1.706443150951456,-9.853326939291666,13.577394861305512,-111.33497455057862,28.2,15,0.08999999999999986
2026-06-22 12:26:24.002084000,10.0,-99.825283,-4.826510948906365,-12.75687245486001,-1.706443150951456,-9.853326939291666,13.639391583552365,-110.72393322465086,28.21,15,0.10000000000000142
2026-06-22 12:26:24.012084000,10.0,-99.825283,-4.752054446461407,-12.415283121597268,-1.706443150951456,-9.853326939291666,13.293655496196358,-110.94476921090124,28.22,15,0.10999999999999943
2026-06-22 12:26:24.022084000,10.0,-99.825283,-5.1218228217285935,-12.25478891724392,-1.706443150951456,-9.853326939291666,13.2820525681607,-112.68222530727054,28.23,15,0.120000000000001
2026-06-22 12:26:24.032084000,10.0,-99.825283,-3.2573100436678946,-10.881362445414702,-1.706443150951456,-9.853326939291666,11.358438157997831,-106.66494621789703,28.24,15,0.129999999999999
2026-06-22 12:26:24.042083999,10.0,-99.825283,-4.128925613188397,-11.00230277442697,-1.706443150951456,-9.853326939291666,11.75154002926453,-110.57002408481854,28.249999999,15,0.13999999900000049
2026-06-22 12:26:24.052083999,10.0,-99.825283,-3.2151104256630365,-10.876334978408396,-1.706443150951456,-9.853326939291666,11.341587085225644,-106.4679981548394,28.259999999,15,0.14999999900000205
2026-06-22 12:26:24.062084000,10.0,-99.825283,-4.013493791786018,-11.142394460362947,-1.706443150951456,-9.853326939291666,11.8431873550591,-109.80903519762415,28.27,15,0.16000000000000014
2026-06-22 12:26:24.072084000,10.0,-99.825283,-3.2811090534977154,-10.873639917695437,-1.706443150951456,-9.853326939291666,11.357892484111844,-106.79113155895386,28.28,15,0.1700000000000017
2026-06-22 12:26:24.082084000,10.0,-99.825283,-4.05753219797764,-11.059426645378718,-1.706443150951456,-9.853326939291666,11.780258285035096,-110.14730437527295,28.29,15,0.17999999999999972
2026-06-22 12:26:24.092084000,10.0,-99.825283,-3.3720525568180175,-10.767384232954507,-1.706443150951456,-9.853326939291666,11.283053738506267,-107.38914024954141,28.3,15,0.19000000000000128
2026-06-22 12:26:24.102084000,10.0,-99.825283,-4.0659578721885135,-11.166164941092841,-1.706443150951456,-9.853326939291666,11.883402413034014,-110.00818340677165,28.31,15,0.1999999999999993
2026-06-22 12:26:24.112084000,10.0,-99.825283,-3.361708050089463,-10.802862969588551,-1.706443150951456,-9.853326939291666,11.313837958612623,-107.28545074688274,28.32,15,0.21000000000000085
2026-06-22 12:26:24.122084000,10.0,-99.825283,-4.091760026963255,-11.230690259521609,-1.706443150951456,-9.853326939291666,11.952861742008391,-110.01857190487398,28.33,15,0.21999999999999886
2026-06-22 12:26:24.132084000,10.0,-99.825283,-3.376399374348329,-10.87886757038582,-1.706443150951456,-9.853326939291666,11.390778390834054,-107.24241584324521,28.34,15,0.23000000000000043
2026-06-22 12:26:24.142084000,10.0,-99.825283,-4.055959216965783,-11.098834257748923,-1.706443150951456,-9.853326939291666,11.816722348040118,-110.07433094551035,28.35,15,0.240000000000002
2026-06-22 12:26:24.152084000,10.0,-99.825283,-3.438828102365981,-10.87732737807822,-1.706443150951456,-9.853326939291666,11.407970442086183,-107.54416340350484,28.36,15,0.25
2026-06-22 12:26:24.162084000,10.0,-99.825283,-4.0344818417639665,-11.24148638132312,-1.706443150951456,-9.853326939291666,11.943536318569821,-109.74266677654676,28.37,15,0.26000000000000156
2026-06-22 12:26:24.172084000,10.0,-99.825283,-3.381888034598666,-10.907049975973079,-1.706443150951456,-9.853326939291666,11.419321602307905,-107.2268030860441,28.38,15,0.2699999999999996
2026-06-22 12:26:24.182084000,10.0,-99.825283,-4.03257419354834,-11.275165982404959,-1.706443150951456,-9.853326939291666,11.974599056221216,-109.67963997383215,28.39,15,0.28000000000000114
2026-06-22 12:26:24.192084000,10.0,-99.825283,-3.480820067263845,-10.92500896860985,-1.706443150951456,-9.853326939291666,11.46612093538492,-107.6724131860384,28.4,15,0.28999999999999915
2026-06-22 12:26:24.202084000,10.0,-99.825283,-4.091739656912227,-11.3478435923311,-1.706443150951456,-9.853326939291666,12.06299662670757,-109.82799584404484,28.41,15,0.3000000000000007
2026-06-22 12:26:24.212084000,10.0,-99.825283,-3.454894876032823,-10.933681322314035,-1.706443150951456,-9.853326939291666,11.466546379026104,-107.53582900862112,28.42,15,0.3100000000000023
2026-06-22 12:26:24.222084000,10.0,-99.825283,-4.093462220346184,-11.366084001688703,-1.706443150951456,-9.853326939291666,12.080740808528482,-109.80633736646986,28.43,15,0.3200000000000003
2026-06-22 12:26:24.232084000,10.0,-99.825283,-3.4216026696960045,-10.970065038341335,-1.706443150951456,-9.853326939291666,11.49128764650462,-107.32288777822944,28.44,15,0.33000000000000185
2026-06-22 12:26:24.242084000,10.0,-99.825283,-4.093827949183257,-11.34663847549892,-1.706443150951456,-9.853326939291666,12.062571532272315,-109.83926855107669,28.45,15,0.33999999999999986
2026-06-22 12:26:24.252084000,10.0,-99.825283,-3.387460980036288,-10.96578039927405,-1.706443150951456,-9.853326939291666,11.477074176651964,-107.1665454981187,28.46,15,0.3500000000000014
2026-06-22 12:26:24.262084000,10.0,-99.825283,-4.04087506731288,-11.40713193322551,-1.706443150951456,-9.853326939291666,12.101707741126623,-109.50623827611544,28.47,15,0.35999999999999943
2026-06-22 12:26:24.272084000,10.0,-99.825283,-3.4730013383299236,-11.012680139186324,-1.706443150951456,-9.853326939291666,11.547331386258486,-107.50339120745426,28.48,15,0.370000000000001
2026-06-22 12:26:24.282084000,10.0,-99.825283,-4.100388999714993,-11.268980336278402,-1.706443150951456,-9.853326939291666,11.991793350805084,-109.99468225435862,28.49,15,0.379999999999999
2026-06-22 12:26:24.292084000,10.0,-99.825283,-3.5187215442089848,-11.002868244084633,-1.706443150951456,-9.853326939291666,11.551818510622754,-107.73429650501294,28.5,15,0.39000000000000057
2026-06-22 12:26:24.302084000,10.0,-99.825283,-4.119785908781524,-11.309630020422214,-1.706443150951456,-9.853326939291666,12.036626069336464,-110.01528539704756,28.51,15,0.40000000000000213
2026-06-22 12:26:24.312084000,10.0,-99.825283,-3.4365414951988966,-10.9863268175583,-1.706443150951456,-9.853326939291666,11.511263805092149,-107.36977050947418,28.52,15,0.41000000000000014
2026-06-22 12:26:24.322084000,10.0,-99.825283,-4.162339612768302,-11.330548927263445,-1.706443150951456,-9.853326939291666,12.070891021176978,-110.17108626198598,28.53,15,0.4200000000000017
2026-06-22 12:26:24.332084000,10.0,-99.825283,-3.412684644452049,-11.010429405702519,-1.706443150951456,-9.853326939291666,11.527184052509856,-107.22083226754374,28.54,15,0.4299999999999997
2026-06-22 12:26:24.342084000,10.0,-99.825283,-4.205899044205593,-11.356189068100534,-1.706443150951456,-9.853326939291666,12.110021342693644,-110.32270687851256,28.55,15,0.4400000000000013
2026-06-22 12:26:24.352084000,10.0,-99.825283,-3.435479047937403,-11.040838752933173,-1.706443150951456,-9.853326939291666,11.562985629027125,-107.28410744300201,28.56,15,0.4499999999999993
2026-06-22 12:26:24.362084000,10.0,-99.825283,-4.277260334813863,-11.372656303382403,-1.706443150951456,-9.853326939291666,12.150401942595787,-110.61129930995249,28.57,15,0.46000000000000085
2026-06-22 12:26:24.372084000,10.0,-99.825283,-3.4960709267306984,-11.01738407494136,-1.706443150951456,-9.853326939291666,11.558774319948597,-107.60543754061264,28.58,15,0.46999999999999886
2026-06-22 12:26:24.382084000,10.0,-99.825283,-4.4136213625469045,-11.343953782950884,-1.706443150951456,-9.853326939291666,12.172318635397943,-111.25964704655662,28.59,15,0.4800000000000004
2026-06-22 12:26:24.392084000,10.0,-99.825283,-3.773363636362386,-11.045454545454174,-1.706443150951456,-9.853326939291666,11.672203701440283,-108.86126500868608,28.6,15,0.490000000000002
2026-06-22 12:26:24.402084000,10.0,-99.825283,-4.255056533443678,-11.21351667011798,-1.706443150951456,-9.853326939291666,11.993684263553694,-110.7796409716228,28.61,15,0.5
2026-06-22 12:26:24.412084000,10.0,-99.825283,-4.046328504386486,-11.055173638032977,-1.706443150951456,-9.853326939291666,11.772410056248885,-110.10324258150186,28.62,15,0.5100000000000016
2026-06-22 12:26:24.422084000,10.0,-99.825283,-3.5723910806175248,-11.02486792452832,-1.706443150951456,-9.853326939291666,11.589205787549423,-107.95389457788731,28.63,15,0.5199999999999996
2026-06-22 12:26:24.432084000,10.0,-99.825283,-3.580050918951515,-10.94214251280507,-1.706443150951456,-9.853326939291666,11.512916544161243,-108.11706469174979,28.64,15,0.5300000000000011
2026-06-22 12:26:24.442084000,10.0,-99.825283,-4.1854536151654145,-11.224671867136472,-1.706443150951456,-9.853326939291666,11.979619379996436,-110.44947030484884,28.65,15,0.5399999999999991
2026-06-22 12:26:24.452084000,10.0,-99.825283,-3.6111472545757195,-10.942095673876874,-1.706443150951456,-9.853326939291666,11.522579669089069,-108.26409727557795,28.66,15,0.5500000000000007
2026-06-22 12:26:24.462084000,10.0,-99.825283,-4.172766490765239,-11.187550461741452,-1.706443150951456,-9.853326939291666,11.940404746928165,-110.45466192406225,28.67,15,0.5600000000000023
2026-06-22 12:26:24.472084000,10.0,-99.825283,-4.949811266447407,-11.458858141447394,-1.706443150951456,-9.853326939291666,12.482229828010093,-113.36259385017827,28.68,15,0.5700000000000003
2026-06-22 12:26:24.482084000,10.0,-99.825283,-4.108941020347998,-11.127950457092318,-1.706443150951456,-9.853326939291666,11.862321766172068,-110.26641932926067,28.69,15,0.5800000000000018
2026-06-22 12:26:24.492084000,10.0,-99.825283,-3.755442866365529,-10.952264686894846,-1.706443150951456,-9.853326939291666,11.578231855267868,-108.9264264496979,28.7,15,0.5899999999999999
2026-06-22 12:26:24.502084000,10.0,-99.825283,-4.130177049180318,-11.15747049180328,-1.706443150951456,-9.853326939291666,11.897374089816491,-110.3131137928721,28.71,15,0.6000000000000014
2026-06-22 12:26:24.512084000,10.0,-99.825283,-3.836776536312985,-11.025681564245874,-1.706443150951456,-9.853326939291666,11.6741812623307,-109.1871519606305,28.72,15,0.6099999999999994
2026-06-22 12:26:24.522084000,10.0,-99.825283,-4.143947453516231,-11.179278092158343,-1.706443150951456,-9.853326939291666,11.92260706218716,-110.338792745467,28.73,15,0.620000000000001
2026-06-22 12:26:24.532084000,10.0,-99.825283,-3.8412623274157607,-11.041552268244311,-1.706443150951456,-9.853326939291666,11.690644668297582,-109.18235203316657,28.74,15,0.629999999999999
2026-06-22 12:26:24.542084000,10.0,-99.825283,-4.14869946452477,-11.137076751450241,-1.706443150951456,-9.853326939291666,11.884703858937401,-110.43098746640837,28.75,15,0.6400000000000006
2026-06-22 12:26:24.552084000,10.0,-99.825283,-4.506181570336955,-11.228053980370445,-1.706443150951456,-9.853326939291666,12.098548199307098,-111.86718911759667,28.76,15,0.6500000000000021
2026-06-22 12:26:24.562084000,10.0,-99.825283,-4.125389978213508,-11.147407407407409,-1.706443150951456,-9.853326939291666,11.88627504221007,-110.30831294652697,28.77,15,0.6600000000000001
2026-06-22 12:26:24.572084000,10.0,-99.825283,-4.532261363635332,-11.226942272727047,-1.706443150951456,-9.853326939291666,12.10725509202838,-111.98368740534386,28.78,15,0.6700000000000017
2026-06-22 12:26:24.582084000,10.0,-99.825283,-4.256851990472881,-11.246550187138467,-1.706443150951456,-9.853326939291666,12.025210184467348,-110.73180021942962,28.79,15,0.6799999999999997
2026-06-22 12:26:24.592084000,10.0,-99.825283,-3.7202037037035542,-11.048900900900849,-1.706443150951456,-9.853326939291666,11.658392973089269,-108.60855991777085,28.8,15,0.6900000000000013
2026-06-22 12:26:24.602084000,10.0,-99.825283,-4.161871623236881,-11.151023906287396,-1.706443150951456,-9.853326939291666,11.90237411472591,-110.46697015008701,28.81,15,0.6999999999999993
2026-06-22 12:26:24.612084000,10.0,-99.825283,-4.727746935832722,-11.302626351838496,-1.706443150951456,-9.853326939291666,12.251569431650367,-112.69894693234929,28.82,15,0.7100000000000009
2026-06-22 12:26:24.622084000,10.0,-99.825283,-4.17548488082536,-11.195994308075457,-1.706443150951456,-9.853326939291666,11.949266192384334,-110.45272551933336,28.83,15,0.7199999999999989
2026-06-22 12:26:24.632084000,10.0,-99.825283,-3.9054965578109266,-11.08910979699906,-1.706443150951456,-9.853326939291666,11.756753780401013,-109.4018596157442,28.84,15,0.7300000000000004
2026-06-22 12:26:24.642084000,10.0,-99.825283,-4.1417275902212145,-11.214288416763724,-1.706443150951456,-9.853326939291666,11.954671560773246,-110.27049590303511,28.85,15,0.740000000000002
2026-06-22 12:26:24.652084000,10.0,-99.825283,-3.625507135016433,-10.975810098792518,-1.706443150951456,-9.853326939291666,11.559096388161615,-108.27931675848527,28.86,15,0.75
2026-06-22 12:26:24.662084000,10.0,-99.825283,-4.141831932773111,-11.262142857143056,-1.706443150951456,-9.853326939291666,11.999609722571705,-110.191800348739,28.87,15,0.7600000000000016
2026-06-22 12:26:24.672084000,10.0,-99.825283,-3.598219293820981,-11.000652206809601,-1.706443150951456,-9.853326939291666,11.574175178457017,-108.11247821916638,28.88,15,0.7699999999999996
2026-06-22 12:26:24.682084000,10.0,-99.825283,-4.169675324675298,-11.26860000000025,-1.706443150951456,-9.853326939291666,12.015304335438685,-110.30578553320538,28.89,15,0.7800000000000011
2026-06-22 12:26:24.692084000,10.0,-99.825283,-4.251784006721067,-11.18416871610782,-1.706443150951456,-9.853326939291666,11.965086590166152,-110.81484785638955,28.9,15,0.7899999999999991
2026-06-22 12:26:24.702084000,10.0,-99.825283,-3.5550524642287518,-10.995410174880744,-1.706443150951456,-9.853326939291666,11.555840209058358,-107.91713516470158,28.91,15,0.8000000000000007
2026-06-22 12:26:24.712084000,10.0,-99.825283,-3.6094142095911605,-11.010045115452893,-1.706443150951456,-9.853326939291666,11.58658553589912,-108.1506541241029,28.92,15,0.8100000000000023
2026-06-22 12:26:24.722084000,10.0,-99.825283,-4.136565882996174,-11.10546418808092,-1.706443150951456,-9.853326939291666,11.850844363888832,-110.4293677348617,28.93,15,0.8200000000000003
2026-06-22 12:26:24.732084000,10.0,-99.825283,-3.572877536231556,-11.012234782608614,-1.706443150951456,-9.853326939291666,11.577338588648216,-107.97545696542824,28.94,15,0.8300000000000018
2026-06-22 12:26:24.742084000,10.0,-99.825283,-4.131699857499101,-11.142314926968291,-1.706443150951456,-9.853326939291666,11.883691583182328,-110.34536574836987,28.95,15,0.8399999999999999
2026-06-22 12:26:24.752084000,10.0,-99.825283,-3.57196819507009,-11.05838828518417,-1.706443150951456,-9.853326939291666,11.620968473087377,-107.90096696375213,28.96,15,0.8500000000000014
2026-06-22 12:26:24.762084000,10.0,-99.825283,-4.026706319702655,-11.138624535315993,-1.706443150951456,-9.853326939291666,11.844125983958323,-109.87534882512846,28.97,15,0.8599999999999994
2026-06-22 12:26:24.772084000,10.0,-99.825283,-3.681533719174312,-11.042274282838365,-1.706443150951456,-9.853326939291666,11.639824391409476,-108.43857082920364,28.98,15,0.870000000000001
2026-06-22 12:26:24.782084000,10.0,-99.825283,-4.0491118349620985,-11.142566775244315,-1.706443150951456,-9.853326939291666,11.855467135157882,-109.97070431343502,28.99,15,0.879999999999999
2026-06-22 12:26:24.792084000,10.0,-99.825283,-3.7433281672816885,-11.038078474784752,-1.706443150951456,-9.853326939291666,11.655542981065746,-108.73326767482907,29.0,15,0.8900000000000006
2026-06-22 12:26:24.802084000,10.0,-99.825283,-4.18428741092637,-11.122480488632572,-1.706443150951456,-9.853326939291666,11.883510986120607,-110.6163459852461,29.01,15,0.9000000000000021
2026-06-22 12:26:24.812084000,10.0,-99.825283,-4.2021021377672225,-11.453325415676979,-1.706443150951456,-9.853326939291666,12.199849402907402,-110.14754505263674,29.02,15,0.9100000000000001
2026-06-22 12:26:24.822084000,10.0,-99.825283,-4.195943495400785,-11.420017082785867,-1.706443150951456,-9.853326939291666,12.166459303664201,-110.17434532061952,29.03,15,0.9200000000000017
2026-06-22 12:26:24.832084000,10.0,-99.825283,-4.768994589894761,-11.361673075065234,-1.706443150951456,-9.853326939291666,12.321969179603874,-112.76993836790157,29.04,15,0.9299999999999997
2026-06-22 12:26:24.842084000,10.0,-99.825283,-4.195945667125152,-11.364653370014038,-1.706443150951456,-9.853326939291666,12.11450808997368,-110.26465910107842,29.05,15,0.9400000000000013
2026-06-22 12:26:24.852084000,10.0,-99.825283,-4.05343105882325,-11.147292235294072,-1.706443150951456,-9.853326939291666,11.861383879112946,-109.9825174877638,29.06,15,0.9499999999999993
2026-06-22 12:26:24.862084000,10.0,-99.825283,-4.260092586265801,-11.35414075845575,-1.706443150951456,-9.853326939291666,12.12703183826871,-110.56617487273039,29.07,15,0.9600000000000009
2026-06-22 12:26:24.872084000,10.0,-99.825283,-3.881313465783492,-11.115638852097097,-1.706443150951456,-9.853326939291666,11.773785343292223,-109.24797208997485,29.08,15,0.9699999999999989
2026-06-22 12:26:24.882084000,10.0,-99.825283,-4.305965671641854,-11.27414776119416,-1.706443150951456,-9.853326939291666,12.068460883915453,-110.90349173940896,29.09,15,0.9800000000000004
2026-06-22 12:26:24.892084000,10.0,-99.825283,-4.466187667560048,-11.269346738158955,-1.706443150951456,-9.853326939291666,12.122087616690425,-111.61906244458017,29.1,15,0.990000000000002
2026-06-22 12:26:24.902084000,10.0,-99.825283,-4.312558522727214,-11.33374715909084,-1.706443150951456,-9.853326939291666,12.126499316709122,-110.83211905238768,29.11,15,1.0
2026-06-22 12:26:24.912084000,10.0,-99.825283,-3.9365123097160684,-11.101644051869922,-1.706443150951456,-9.853326939291666,11.77890613847334,-109.52390740144385,29.12,15,1.0100000000000016
2026-06-22 12:26:24.922084000,10.0,-99.825283,-4.232412716762851,-11.2464878612715,-1.706443150951456,-9.853326939291666,12.016522234770887,-110.62292234593686,29.13,15,1.0199999999999996
2026-06-22 12:26:24.932084000,10.0,-99.825283,-3.8475271542358733,-11.097036205648054,-1.706443150951456,-9.853326939291666,11.745112930578665,-109.12228258466882,29.14,15,1.0300000000000011
2026-06-22 12:26:24.942084000,10.0,-99.825283,-4.2893326758715355,-11.19100723208456,-1.706443150951456,-9.853326939291666,11.984866193365205,-110.9710229446245,29.15,15,1.0399999999999991
2026-06-22 12:26:24.952084000,10.0,-99.825283,-3.6796446700506107,-11.012304568527888,-1.706443150951456,-9.853326939291666,11.610798284693955,-108.47650376205078,29.16,15,1.0500000000000007
2026-06-22 12:26:24.962084000,10.0,-99.825283,-4.2427071516651695,-11.194207768187816,-1.706443150951456,-9.853326939291666,11.971251042900537,-110.75716649904552,29.17,15,1.0600000000000023
2026-06-22 12:26:24.972084000,10.0,-99.825283,-3.9727157136557207,-11.084716301631628,-1.706443150951456,-9.853326939291666,11.775118072834134,-109.71746601689352,29.18,15,1.0700000000000003
2026-06-22 12:26:24.982084000,10.0,-99.825283,-3.9207384828542287,-11.074198822306908,-1.706443150951456,-9.853326939291666,11.747768716097443,-109.49613359148768,29.19,15,1.0800000000000018
2026-06-22 12:26:24.992084000,10.0,-99.825283,-3.9693705983749252,-11.073564885496227,-1.706443150951456,-9.853326939291666,11.763491922917206,-109.72045321267545,29.2,15,1.0899999999999999
2026-06-22 12:26:25.002084000,10.0,-99.825283,-4.172254279430049,-11.181290236205417,-1.706443150951456,-9.853326939291666,11.93436035648685,-110.46286101558233,29.21,15,1.1000000000000014
2026-06-22 12:26:25.012084000,10.0,-99.825283,-5.0336638141809305,-11.550409535452399,-1.706443150951456,-9.853326939291666,12.599592526382121,-113.54755278353984,29.22,15,1.1099999999999994
2026-06-22 12:26:25.022084000,10.0,-99.825283,-3.5876213592232733,-11.015737864077648,-1.706443150951456,-9.853326939291666,11.585227995478942,-108.03946811085248,29.23,15,1.120000000000001
2026-06-22 12:26:25.032084000,10.0,-99.825283,-4.080217475015892,-11.08649555331436,-1.706443150951456,-9.853326939291666,11.813490521310124,-110.2053771497152,29.24,15,1.129999999999999
2026-06-22 12:26:25.042083999,10.0,-99.825283,-4.083571428570446,-11.151517857142698,-1.706443150951456,-9.853326939291666,11.875685501494612,-110.11221227355946,29.249999999,15,1.1399999990000005
2026-06-22 12:26:25.052083999,10.0,-99.825283,-3.9722539153130714,-11.048000290023149,-1.706443150951456,-9.853326939291666,11.740405085688977,-109.77579740464472,29.259999999,15,1.149999999000002
2026-06-22 12:26:25.062084000,10.0,-99.825283,-4.362270138323722,-11.231835638730644,-1.706443150951456,-9.853326939291666,12.049212944220493,-111.2253950691409,29.27,15,1.1600000000000001
2026-06-22 12:26:25.072084000,10.0,-99.825283,-3.9502819069865605,-11.083716500318513,-1.706443150951456,-9.853326939291666,11.766626475081898,-109.61627536373783,29.28,15,1.1700000000000017
2026-06-22 12:26:25.082084000,10.0,-99.825283,-4.176176855895217,-11.183873362445418,-1.706443150951456,-9.853326939291666,11.938152140047933,-110.47616489259798,29.29,15,1.1799999999999997
2026-06-22 12:26:25.092084000,10.0,-99.825283,-3.8884808494500183,-11.074706611047858,-1.706443150951456,-9.853326939291666,11.737521452049691,-109.34687138621054,29.3,15,1.1900000000000013
2026-06-22 12:26:25.102084000,10.0,-99.825283,-4.353200269725188,-11.252643964936418,-1.706443150951456,-9.853326939291666,12.065336662934667,-111.14947135465687,29.31,15,1.1999999999999993
2026-06-22 12:26:25.112084000,10.0,-99.825283,-3.884058577405922,-11.024019127316226,-1.706443150951456,-9.853326939291666,11.688238051654942,-109.40873234884043,29.32,15,1.2100000000000009
2026-06-22 12:26:25.122084000,10.0,-99.825283,-4.224576923076916,-11.167769230769233,-1.706443150951456,-9.853326939291666,11.940105517570187,-110.7207768849085,29.33,15,1.2199999999999989
2026-06-22 12:26:25.132084000,10.0,-99.825283,-4.610032728984969,-11.335668942783073,-1.706443150951456,-9.853326939291666,12.237229757697994,-112.13077825314733,29.34,15,1.2300000000000004
2026-06-22 12:26:25.142084000,10.0,-99.825283,-4.196406044678063,-11.180382391590014,-1.706443150951456,-9.853326939291666,11.94197530201711,-110.57294840669856,29.35,15,1.240000000000002
2026-06-22 12:26:25.152084000,10.0,-99.825283,-4.307681992337194,-11.173547892720315,-1.706443150951456,-9.853326939291666,11.975153304155263,-111.08289791844366,29.36,15,1.25
2026-06-22 12:26:25.162084000,10.0,-99.825283,-4.18345540796956,-11.188104364326424,-1.706443150951456,-9.853326939291666,11.944663177232322,-110.50177290908503,29.37,15,1.2600000000000016
2026-06-22 12:26:25.172084000,10.0,-99.825283,-3.7783980582524834,-11.071472740851421,-1.706443150951456,-9.853326939291666,11.69845291215989,-108.8434029683141,29.38,15,1.2699999999999996
2026-06-22 12:26:25.182084000,10.0,-99.825283,-4.244679931779349,-11.154440591245054,-1.706443150951456,-9.853326939291666,11.93477492987889,-110.8336833189486,29.39,15,1.2800000000000011
2026-06-22 12:26:25.192084000,10.0,-99.825283,-3.8107992783037825,-11.052190798376042,-1.706443150951456,-9.853326939291666,11.690727632753603,-109.02421144790927,29.4,15,1.2899999999999991
2026-06-22 12:26:25.202084000,10.0,-99.825283,-4.23889470927188,-11.179347302252511,-1.706443150951456,-9.853326939291666,11.956004117625321,-110.7653213585725,29.41,15,1.3000000000000007
2026-06-22 12:26:25.212084000,10.0,-99.825283,-5.083434714003701,-11.416285108481162,-1.706443150951456,-9.853326939291666,12.496914585995482,-114.00241715284693,29.42,15,1.3100000000000023
2026-06-22 12:26:25.222084000,10.0,-99.825283,-4.243180970149254,-11.197649875621893,-1.706443150951456,-9.853326939291666,11.97463767645818,-110.75344947147832,29.43,15,1.3200000000000003
2026-06-22 12:26:25.232084000,10.0,-99.825283,-4.135439260020077,-11.16502569373059,-1.706443150951456,-9.853326939291666,11.906286432594323,-110.32424044013489,29.44,15,1.3300000000000018
2026-06-22 12:26:25.242084000,10.0,-99.825283,-4.003984334202953,-11.090399477806523,-1.706443150951456,-9.853326939291666,11.791049619345763,-109.85118262218133,29.45,15,1.3399999999999999
2026-06-22 12:26:25.252084000,10.0,-99.825283,-3.7035830195138564,-11.059191030468995,-1.706443150951456,-9.853326939291666,11.662857001217036,-108.51504543039701,29.46,15,1.3500000000000014
2026-06-22 12:26:25.262084000,10.0,-99.825283,-4.232864108431622,-11.209442175673287,-1.706443150951456,-9.853326939291666,11.982017044313185,-110.687336042262,29.47,15,1.3599999999999994
2026-06-22 12:26:25.272084000,10.0,-99.825283,-3.661533921302634,-11.028755766621458,-1.706443150951456,-9.853326939291666,11.620683474591152,-108.36610560774766,29.48,15,1.370000000000001
2026-06-22 12:26:25.282084000,10.0,-99.825283,-4.224577718223648,-11.159344946401243,-1.706443150951456,-9.853326939291666,11.932226805172732,-110.73509274887014,29.49,15,1.379999999999999
2026-06-22 12:26:25.292084000,10.0,-99.825283,-3.7116466165415645,-11.015969924812035,-1.706443150951456,-9.853326939291666,11.62445327705556,-108.62038225711943,29.5,15,1.3900000000000006
2026-06-22 12:26:25.302084000,10.0,-99.825283,-4.1666842451341966,-11.153750789058398,-1.706443150951456,-9.853326939291666,11.906612207637837,-110.48407868775473,29.51,15,1.4000000000000021
2026-06-22 12:26:25.312084000,10.0,-99.825283,-3.6649439914924633,-10.978946118397756,-1.706443150951456,-9.853326939291666,11.574500953883838,-108.45981625810707,29.52,15,1.4100000000000001
2026-06-22 12:26:25.322084000,10.0,-99.825283,-4.152320523303371,-11.171796075224869,-1.706443150951456,-9.853326939291666,11.91850633572245,-110.38903653460392,29.53,15,1.4200000000000017
2026-06-22 12:26:25.332084000,10.0,-99.825283,-3.6064213881019,-11.021267705382424,-1.706443150951456,-9.853326939291666,11.596319116955362,-108.11932944950686,29.54,15,1.4299999999999997
2026-06-22 12:26:25.342084000,10.0,-99.825283,-4.215528020667722,-11.157199523052464,-1.706443150951456,-9.853326939291666,11.92701880983831,-110.69808405225706,29.55,15,1.4400000000000013
2026-06-22 12:26:25.352084000,10.0,-99.825283,-3.666536762167313,-10.993094580600605,-1.706443150951456,-9.853326939291666,11.58842613500016,-108.44513613595326,29.56,15,1.4499999999999993
2026-06-22 12:26:25.362084000,10.0,-99.825283,-4.193566147346177,-11.143094005809347,-1.706443150951456,-9.853326939291666,11.906071604625602,-110.623209885863,29.57,15,1.4600000000000009
2026-06-22 12:26:25.372084000,10.0,-99.825283,-3.7848315789467963,-11.052382775119447,-1.706443150951456,-9.853326939291666,11.68247041891183,-108.90350396036219,29.58,15,1.4699999999999989
2026-06-22 12:26:25.382084000,10.0,-99.825283,-4.150900024503794,-11.15198064199951,-1.706443150951456,-9.853326939291666,11.89943877890707,-110.41586594535144,29.59,15,1.4800000000000004
2026-06-22 12:26:25.392084000,10.0,-99.825283,-3.853455169258704,-11.045883806038352,-1.706443150951456,-9.853326939291666,11.698746334457677,-109.23178169366349,29.6,15,1.490000000000002
2026-06-22 12:26:25.402084000,10.0,-99.825283,-4.173374245472808,-11.134775653923548,-1.706443150951456,-9.853326939291666,11.89118503160994,-110.54627037740585,29.61,15,1.5
2026-06-22 12:26:25.412084000,10.0,-99.825283,-3.8422257189359583,-11.048576234400237,-1.706443150951456,-9.853326939291666,11.69759527777426,-109.17550449896007,29.62,15,1.5100000000000016
2026-06-22 12:26:25.422084000,10.0,-99.825283,-4.1700394555742655,-11.190491665392267,-1.706443150951456,-9.853326939291666,11.942208035964702,-110.43747183963727,29.63,15,1.5199999999999996
2026-06-22 12:26:25.432084000,10.0,-99.825283,-3.7454064925898103,-11.082976005645696,-1.706443150951456,-9.853326939291666,11.698736125601437,-108.67228662308857,29.64,15,1.5300000000000011
2026-06-22 12:26:25.442084000,10.0,-99.825283,-4.221087675350723,-11.340860470942262,-1.706443150951456,-9.853326939291666,12.100937872098118,-110.41535266529807,29.65,15,1.5399999999999991
2026-06-22 12:26:25.452084000,10.0,-99.825283,-3.8062576687118503,-11.091648006135019,-1.706443150951456,-9.853326939291666,11.726561854722242,-108.94039079407683,29.66,15,1.5500000000000007
2026-06-22 12:26:25.462084000,10.0,-99.825283,-4.240985991594994,-11.072780868521098,-1.706443150951456,-9.853326939291666,11.857168226148763,-110.95734037407777,29.67,15,1.5600000000000023
2026-06-22 12:26:25.472084000,10.0,-99.825283,-3.7694105263154265,-11.076552631578862,-1.706443150951456,-9.853326939291666,11.700362127559734,-108.79371602881987,29.68,15,1.5700000000000003
2026-06-22 12:26:25.482084000,10.0,-99.825283,-4.164622552051186,-11.18250072150072,-1.706443150951456,-9.853326939291666,11.93282880910547,-110.4264974123249,29.69,15,1.5800000000000018
2026-06-22 12:26:25.492084000,10.0,-99.825283,-3.6973791348601805,-11.072757633587814,-1.706443150951456,-9.853326939291666,11.673755782912226,-108.46502763563635,29.7,15,1.5899999999999999
2026-06-22 12:26:25.502084000,10.0,-99.825283,-4.209963694852991,-11.149378676470581,-1.706443150951456,-9.853326939291666,11.91773632798264,-110.68634891088738,29.71,15,1.6000000000000014
2026-06-22 12:26:25.512084000,10.0,-99.825283,-3.7481285714290506,-11.085651714285806,-1.706443150951456,-9.853326939291666,11.702142612291588,-108.68071863538515,29.72,15,1.6099999999999994
2026-06-22 12:26:25.522084000,10.0,-99.825283,-4.202326273095991,-11.156825597115818,-1.706443150951456,-9.853326939291666,11.922009206086512,-110.63936821501534,29.73,15,1.620000000000001
2026-06-22 12:26:25.532084000,10.0,-99.825283,-3.8582743797587815,-11.080720707442797,-1.706443150951456,-9.853326939291666,11.733228566164328,-109.19796708022398,29.74,15,1.629999999999999
2026-06-22 12:26:25.542084000,10.0,-99.825283,-4.196065662002164,-11.124642626480084,-1.706443150951456,-9.853326939291666,11.889686312377266,-110.66580118688937,29.75,15,1.6400000000000006
2026-06-22 12:26:25.552084000,10.0,-99.825283,-3.7363782006914614,-11.071260207612365,-1.706443150951456,-9.853326939291666,11.684747521588275,-108.64873908783908,29.76,15,1.6500000000000021
2026-06-22 12:26:25.562084000,10.0,-99.825283,-4.168671762090077,-11.156588104502493,-1.706443150951456,-9.853326939291666,11.909965675583356,-110.48825891006692,29.77,15,1.6600000000000001
2026-06-22 12:26:25.572084000,10.0,-99.825283,-3.971709277468319,-11.089299273193491,-1.706443150951456,-9.853326939291666,11.779093044677829,-109.70533647218967,29.78,15,1.6700000000000017
2026-06-22 12:26:25.582084000,10.0,-99.825283,-4.185426456984275,-11.171240518038852,-1.706443150951456,-9.853326939291666,11.929560316235335,-110.53900711617457,29.79,15,1.6799999999999997
2026-06-22 12:26:25.592084000,10.0,-99.825283,-3.910479233226404,-11.091472843450367,-1.706443150951456,-9.853326939291666,11.76063848906563,-109.42093151787434,29.8,15,1.6900000000000013
2026-06-22 12:26:25.602084000,10.0,-99.825283,-4.183788703778961,-11.1771298252743,-1.706443150951456,-9.853326939291666,11.93450120654,-110.52172461844282,29.81,15,1.6999999999999993
2026-06-22 12:26:25.612084000,10.0,-99.825283,-3.919977070063657,-11.061996178343943,-1.706443150951456,-9.853326939291666,11.736012085862933,-109.51251185651333,29.82,15,1.7100000000000009
2026-06-22 12:26:25.622084000,10.0,-99.825283,-4.008475377544389,-11.114209455023,-1.706443150951456,-9.853326939291666,11.814970446958482,-109.83245815216816,29.83,15,1.7199999999999989
2026-06-22 12:26:25.632084000,10.0,-99.825283,-3.9252630098453825,-11.023035161744053,-1.706443150951456,-9.853326939291666,11.701068065501806,-109.60063080399053,29.84,15,1.7300000000000004
2026-06-22 12:26:25.642084000,10.0,-99.825283,-4.244178107606704,-11.127224224754828,-1.706443150951456,-9.853326939291666,11.90916314259985,-110.8779964411823,29.85,15,1.740000000000002
2026-06-22 12:26:25.652084000,10.0,-99.825283,-3.8925881394593818,-11.01459661127411,-1.706443150951456,-9.853326939291666,11.682190759123518,-109.46354546621757,29.86,15,1.75
2026-06-22 12:26:25.662084000,10.0,-99.825283,-4.214328261411827,-11.146194562234948,-1.706443150951456,-9.853326939291666,11.916300428997683,-110.71138979497441,29.87,15,1.7600000000000016
2026-06-22 12:26:25.672084000,10.0,-99.825283,-3.8759435104237236,-11.026971755211862,-1.706443150951456,-9.853326939291666,11.688329400998073,-109.36640350226662,29.88,15,1.7699999999999996
2026-06-22 12:26:25.682084000,10.0,-99.825283,-4.245649311531844,-11.173535068846816,-1.706443150951456,-9.853326939291666,11.952967163481226,-110.80547358461094,29.89,15,1.7800000000000011
2026-06-22 12:26:25.692084000,10.0,-99.825283,-3.8922986767482715,-11.035397515527814,-1.706443150951456,-9.853326939291666,11.70170873482731,-109.42827243554862,29.9,15,1.7899999999999991
2026-06-22 12:26:25.702084000,10.0,-99.825283,-4.26624612649225,-11.172130810261624,-1.706443150951456,-9.853326939291666,11.958986698437588,-110.90010840424301,29.91,15,1.8000000000000007
2026-06-22 12:26:25.712084000,10.0,-99.825283,-3.8468188164890953,-11.018425531914817,-1.706443150951456,-9.853326939291666,11.670634781760883,-109.24542240306297,29.92,15,1.8100000000000023
2026-06-22 12:26:25.722084000,10.0,-99.825283,-4.133350718917377,-11.127583309839297,-1.706443150951456,-9.853326939291666,11.870454855774858,-110.37755891364682,29.93,15,1.8200000000000003
2026-06-22 12:26:25.732084000,10.0,-99.825283,-3.972649118045351,-11.085323473541184,-1.706443150951456,-9.853326939291666,11.77566717974611,-109.71616427225555,29.94,15,1.8300000000000018
2026-06-22 12:26:25.742084000,10.0,-99.825283,-4.109950836363617,-11.169305018181817,-1.706443150951456,-9.853326939291666,11.90147345779116,-110.20201847282496,29.95,15,1.8399999999999999
2026-06-22 12:26:25.752084000,10.0,-99.825283,-3.8752692661958004,-11.040538225360716,-1.706443150951456,-9.853326939291666,11.700905785073774,-109.34125973268287,29.96,15,1.8500000000000014
2026-06-22 12:26:25.762084000,10.0,-99.825283,-4.255255502805352,-11.159098403107464,-1.706443150951456,-9.853326939291666,11.942892303139587,-110.87315470320513,29.97,15,1.8599999999999994
2026-06-22 12:26:25.772084000,10.0,-99.825283,-3.8620717118307244,-11.056904824851273,-1.706443150951456,-9.853326939291666,11.711991385462271,-109.25382271927485,29.98,15,1.870000000000001
2026-06-22 12:26:25.782084000,10.0,-99.825283,-4.074624128686463,-11.109338337801628,-1.706443150951456,-9.853326939291666,11.83300300404859,-110.14175903629472,29.99,15,1.879999999999999
2026-06-22 12:26:25.792084000,10.0,-99.825283,-3.81699529190202,-11.022113308223476,-1.706443150951456,-9.853326939291666,11.66432316243507,-109.10114347579044,30.0,15,1.8900000000000006
2026-06-22 12:26:25.802084000,10.0,-99.825283,-4.180548840145302,-11.127509704907693,-1.706443150951456,-9.853326939291666,11.88690291193022,-110.59094427780511,30.01,15,1.9000000000000021
2026-06-22 12:26:25.812084000,10.0,-99.825283,-3.7629676985195086,-11.014707940780614,-1.706443150951456,-9.853326939291666,11.639747287668952,-108.86176696794439,30.02,15,1.9100000000000001
2026-06-22 12:26:25.822084000,10.0,-99.825283,-4.218055333090779,-11.122147979614134,-1.706443150951456,-9.853326939291666,11.895132049433093,-110.7691451323993,30.03,15,1.9200000000000017
2026-06-22 12:26:25.832084000,10.0,-99.825283,-3.837495620232124,-11.077233399265447,-1.706443150951456,-9.853326939291666,11.723117009443465,-109.10766480334011,30.04,15,1.9299999999999997
2026-06-22 12:26:25.842084000,10.0,-99.825283,-4.1916471348557085,-11.114761740629044,-1.706443150951456,-9.853326939291666,11.878881860431783,-110.6626800606547,30.05,15,1.9400000000000013
2026-06-22 12:26:25.852084000,5.0,-99.825283,-3.738328172272583,-11.03258284392239,-0.853221575475728,-4.926663469645833,11.64873305263785,-108.71865874952161,30.06,16,0.0
2026-06-22 12:26:25.862084000,5.0,-99.825283,-4.2242841496805825,-11.10570155156679,-0.853221575475728,-4.926663469645833,11.881968840630563,-110.82535132381936,30.07,16,0.010000000000001563
2026-06-22 12:26:25.872084000,5.0,-99.825283,-4.917882701421481,-11.330892687880743,-0.853221575475728,-4.926663469645833,12.3521131539996,-113.46201483254612,30.08,16,0.019999999999999574
2026-06-22 12:26:25.882084000,5.0,-99.825283,-4.297222036727883,-11.198454090150237,-0.853221575475728,-4.926663469645833,11.994644273263892,-110.99348137372394,30.09,16,0.030000000000001137
2026-06-22 12:26:25.892084000,5.0,-99.825283,-3.7565454545454258,-10.994287157287154,-0.853221575475728,-4.926663469645833,11.618346863859554,-108.86435292496805,30.1,16,0.0400000000000027
2026-06-22 12:26:25.902084000,5.0,-99.825283,-3.977383002774585,-11.005385263590584,-0.853221575475728,-4.926663469645833,11.70205453545731,-109.87002501617053,30.11,16,0.05000000000000071
2026-06-22 12:26:25.912084000,5.0,-99.825283,-2.590835616438211,-8.270835616438285,-0.853221575475728,-4.926663469645833,8.6671304931649,-107.39314202519607,30.12,16,0.060000000000002274
2026-06-22 12:26:25.922084000,5.0,-99.825283,-2.6905517424142125,-8.330466410494124,-0.853221575475728,-4.926663469645833,8.754184102186736,-107.89928005973529,30.13,16,0.07000000000000028
2026-06-22 12:26:25.932084000,5.0,-99.825283,-2.357153815260951,-8.75576104417669,-0.853221575475728,-4.926663469645833,9.06749830832746,-105.0674724612943,30.14,16,0.08000000000000185
2026-06-22 12:26:25.942084000,5.0,-99.825283,-2.423447930643047,-8.636505521725724,-0.853221575475728,-4.926663469645833,8.970079570401646,-105.67439325972093,30.15,16,0.08999999999999986
2026-06-22 12:26:25.952084000,5.0,-99.825283,-3.074241142856542,-8.903049142857014,-0.853221575475728,-4.926663469645833,9.418876931171726,-109.04989846295837,30.16,16,0.10000000000000142
2026-06-22 12:26:25.962084000,5.0,-99.825283,-2.5048701642819537,-8.823709062003354,-0.853221575475728,-4.926663469645833,9.172361536201569,-105.84815767328526,30.17,16,0.11000000000000298
2026-06-22 12:26:25.972084000,5.0,-99.825283,-2.732952207706097,-8.281583429799756,-0.853221575475728,-4.926663469645833,8.720874490229722,-108.26307509056552,30.18,16,0.120000000000001
2026-06-22 12:26:25.982084000,5.0,-99.825283,-1.6747636310905327,-6.014116299303934,-0.853221575475728,-4.926663469645833,6.24295027063141,-105.56103673326862,30.19,16,0.13000000000000256
2026-06-22 12:26:25.992084000,5.0,-99.825283,-2.819856623329492,-5.960779525411435,-0.853221575475728,-4.926663469645833,6.594124955344672,-115.317353181438,30.2,16,0.14000000000000057
2026-06-22 12:26:26.002084000,5.0,-99.825283,-1.677990459670423,-6.147202515177814,-0.853221575475728,-4.926663469645833,6.372107245280278,-105.26796336270932,30.21,16,0.15000000000000213
2026-06-22 12:26:26.012084000,5.0,-99.825283,-0.9296833229231626,-5.985540287320434,-0.853221575475728,-4.926663469645833,6.057309931979495,-98.82872265483154,30.22,16,0.16000000000000014
2026-06-22 12:26:26.022084000,5.0,-99.825283,-1.8015593288054774,-5.839915701158537,-0.853221575475728,-4.926663469645833,6.111483568810772,-107.14450464424868,30.23,16,0.1700000000000017
2026-06-22 12:26:26.032084000,5.0,-99.825283,-2.491569920844082,-5.683013192612024,-0.853221575475728,-4.926663469645833,6.205204236595061,-113.673803233961,30.24,16,0.17999999999999972
2026-06-22 12:26:26.042083999,5.0,-99.825283,-1.9183511604439696,-5.559115035317898,-0.853221575475728,-4.926663469645833,5.880801913912272,-109.0386385370272,30.249999999,16,0.1899999990000012
2026-06-22 12:26:26.052083999,5.0,-99.825283,-1.7384818181801873,-5.691577272726822,-0.853221575475728,-4.926663469645833,5.951165506315849,-106.98519536982204,30.259999999,16,0.19999999900000276
2026-06-22 12:26:26.062084000,5.0,-99.825283,-1.8897954335081901,-5.608136377661207,-0.853221575475728,-4.926663469645833,5.91798279914325,-108.62247213081822,30.27,16,0.21000000000000085
2026-06-22 12:26:26.072084000,5.0,-99.825283,-1.7176273215020204,-5.549307057366823,-0.853221575475728,-4.926663469645833,5.809049184893465,-107.19839669234734,30.28,16,0.22000000000000242
2026-06-22 12:26:26.082084000,5.0,-99.825283,-1.8741627906977225,-5.688539534883699,-0.853221575475728,-4.926663469645833,5.989321180732481,-108.23513460972914,30.29,16,0.23000000000000043
2026-06-22 12:26:26.092084000,5.0,-99.825283,-1.7640370228275777,-5.616467293305209,-0.853221575475728,-4.926663469645833,5.8869798262499184,-107.43661841938844,30.3,16,0.240000000000002
2026-06-22 12:26:26.102084000,5.0,-99.825283,-1.943844080338248,-5.673325052854129,-0.853221575475728,-4.926663469645833,5.997094877022404,-108.91293238573135,30.31,16,0.25
2026-06-22 12:26:26.112084000,5.0,-99.825283,-1.7252275985663914,-5.6495197132616735,-0.853221575475728,-4.926663469645833,5.907070615574814,-106.98141229731915,30.32,16,0.26000000000000156
2026-06-22 12:26:26.122084000,5.0,-99.825283,-1.8041868269922878,-5.719786252692068,-0.853221575475728,-4.926663469645833,5.997586588218437,-107.5067890445193,30.33,16,0.2699999999999996
2026-06-22 12:26:26.132084000,5.0,-99.825283,-1.73942944317273,-5.6698047292142055,-0.853221575475728,-4.926663469645833,5.930623951591937,-107.05539789452419,30.34,16,0.28000000000000114
2026-06-22 12:26:26.142084000,5.0,-99.825283,-1.8897750371471174,-5.756329866270433,-0.853221575475728,-4.926663469645833,6.058595812590684,-108.17475610820878,30.35,16,0.2900000000000027
2026-06-22 12:26:26.152084000,5.0,-99.825283,-1.7420977891159528,-5.732529761904863,-0.853221575475728,-4.926663469645833,5.99139400957471,-106.9038620489566,30.36,16,0.3000000000000007
2026-06-22 12:26:26.162084000,5.0,-99.825283,-1.9355522337923858,-5.7922327846825725,-0.853221575475728,-4.926663469645833,6.107071563498362,-108.47774183625936,30.37,16,0.3100000000000023
2026-06-22 12:26:26.172084000,5.0,-99.825283,-1.8327142316428178,-5.7334171082513565,-0.853221575475728,-4.926663469645833,6.019212007568388,-107.72672790380233,30.38,16,0.3200000000000003
2026-06-22 12:26:26.182084000,5.0,-99.825283,-1.9662927710843343,-5.792344578313256,-0.853221575475728,-4.926663469645833,6.116989698825189,-108.75050321687002,30.39,16,0.33000000000000185
2026-06-22 12:26:26.192084000,5.0,-99.825283,-1.713594001462175,-5.733675201170197,-0.853221575475728,-4.926663469645833,5.984265678791446,-106.63955672775329,30.4,16,0.33999999999999986
2026-06-22 12:26:26.202084000,5.0,-99.825283,-1.9666967241986288,-5.816386403663267,-0.853221575475728,-4.926663469645833,6.139889803709226,-108.68195534141404,30.41,16,0.3500000000000014
2026-06-22 12:26:26.212084000,5.0,-99.825283,-1.6828810716067284,-5.7018963445165305,-0.853221575475728,-4.926663469645833,5.945057663705474,-106.44365432718593,30.42,16,0.360000000000003
2026-06-22 12:26:26.222084000,5.0,-99.825283,-1.9610020060180526,-5.848706118355061,-0.853221575475728,-4.926663469645833,6.168702629118277,-108.53569344482351,30.43,16,0.370000000000001
2026-06-22 12:26:26.232084000,5.0,-99.825283,-2.6021085087457116,-6.029617699377312,-0.853221575475728,-4.926663469645833,6.567134709439953,-113.34282901238589,30.44,16,0.38000000000000256
2026-06-22 12:26:26.242084000,5.0,-99.825283,-1.9525564614757513,-5.825333876885451,-0.853221575475728,-4.926663469645833,6.143858031598711,-108.53030774719902,30.45,16,0.39000000000000057
2026-06-22 12:26:26.252084000,5.0,-99.825283,-1.7931835125446298,-5.80457753882909,-0.853221575475728,-4.926663469645833,6.0752471154629655,-107.16726590261443,30.46,16,0.40000000000000213
2026-06-22 12:26:26.262084000,5.0,-99.825283,-1.9030041200706214,-5.884144791053568,-0.853221575475728,-4.926663469645833,6.184220614037682,-107.9218393422392,30.47,16,0.41000000000000014
2026-06-22 12:26:26.272084000,5.0,-99.825283,-2.0532165125041835,-5.902039397053755,-0.853221575475728,-4.926663469645833,6.248981284305025,-109.1818938919964,30.48,16,0.4200000000000017
2026-06-22 12:26:26.282084000,5.0,-99.825283,-1.9481029572835895,-5.889208105147927,-0.853221575475728,-4.926663469645833,6.203053863857471,-108.30380241969017,30.49,16,0.4299999999999997
2026-06-22 12:26:26.292084000,5.0,-99.825283,-2.037618311533735,-5.854493261989645,-0.853221575475728,-4.926663469645833,6.198949889955535,-109.19011958733914,30.5,16,0.4400000000000013
2026-06-22 12:26:26.302084000,5.0,-99.825283,-1.9561401334604416,-5.903265967588201,-0.853221575475728,-4.926663469645833,6.218925414074339,-108.33342801864342,30.51,16,0.45000000000000284
2026-06-22 12:26:26.312084000,5.0,-99.825283,-2.122410732893106,-5.888869920111061,-0.853221575475728,-4.926663469645833,6.259665826151481,-109.81969664141744,30.52,16,0.46000000000000085
2026-06-22 12:26:26.322084000,5.0,-99.825283,-1.9724081237911373,-5.924163249516455,-0.853221575475728,-4.926663469645833,6.243885329962318,-108.41481357490221,30.53,16,0.4700000000000024
2026-06-22 12:26:26.332084000,5.0,-99.825283,-2.195296754767459,-5.934020073603204,-0.853221575475728,-4.926663469645833,6.327078478683373,-110.3020050448872,30.54,16,0.4800000000000004
2026-06-22 12:26:26.342084000,5.0,-99.825283,-1.960273895582314,-5.92991445783134,-0.853221575475728,-4.926663469645833,6.245523134445874,-108.2925285527911,30.55,16,0.490000000000002
2026-06-22 12:26:26.352084000,5.0,-99.825283,-2.4187744578790937,-6.030376836214529,-0.853221575475728,-4.926663469645833,6.497377522111599,-111.85564175709328,30.56,16,0.5
2026-06-22 12:26:26.362084000,5.0,-99.825283,-1.713019991492954,-5.864801361122921,-0.853221575475728,-4.926663469645833,6.109855358082038,-106.28228718181965,30.57,16,0.5100000000000016
2026-06-22 12:26:26.372084000,5.0,-99.825283,-1.7500195630908426,-5.832024779915183,-0.853221575475728,-4.926663469645833,6.088931064213603,-106.70295874478477,30.58,16,0.5199999999999996
2026-06-22 12:26:26.382084000,5.0,-99.825283,-1.9559432359377087,-5.929896769210963,-0.853221575475728,-4.926663469645833,6.244148431588497,-108.25484981800624,30.59,16,0.5300000000000011
2026-06-22 12:26:26.392084000,5.0,-99.825283,-1.7998970059878232,-5.849431137724488,-0.853221575475728,-4.926663469645833,6.120087733614995,-107.10337358255258,30.6,16,0.5400000000000027
2026-06-22 12:26:26.402084000,5.0,-99.825283,-1.9618689043698536,-5.936537365421145,-0.853221575475728,-4.926663469645833,6.252312011486215,-108.28735719987857,30.61,16,0.5500000000000007
2026-06-22 12:26:26.412084000,5.0,-99.825283,-2.771477347434542,-6.185978848077704,-0.853221575475728,-4.926663469645833,6.778452699267551,-114.13360474336835,30.62,16,0.5600000000000023
2026-06-22 12:26:26.422084000,5.0,-99.825283,-1.997170074982903,-5.959961145194238,-0.853221575475728,-4.926663469645833,6.285684144198802,-108.52588924316812,30.63,16,0.5700000000000003
2026-06-22 12:26:26.432084000,5.0,-99.825283,-2.854618887474986,-6.251543173968361,-0.853221575475728,-4.926663469645833,6.872455241667226,-114.54268486898104,30.64,16,0.5800000000000018
2026-06-22 12:26:26.442084000,5.0,-99.825283,-1.910612765957608,-5.958906382978721,-0.853221575475728,-4.926663469645833,6.257715751178279,-107.77748413985768,30.65,16,0.5899999999999999
2026-06-22 12:26:26.452084000,5.0,-99.825283,-1.8662920906981642,-5.8533586859489555,-0.853221575475728,-4.926663469645833,6.143684079945567,-107.68442591510326,30.66,16,0.6000000000000014
2026-06-22 12:26:26.462084000,5.0,-99.825283,-1.9573200149365544,-5.987861463778941,-0.853221575475728,-4.926663469645833,6.299649716474727,-108.10160114534283,30.67,16,0.610000000000003
2026-06-22 12:26:26.472084000,5.0,-99.825283,-1.7978328035602047,-5.8800476795931695,-0.853221575475728,-4.926663469645833,6.148753003971306,-107.00108554692544,30.68,16,0.620000000000001
2026-06-22 12:26:26.482084000,5.0,-99.825283,-1.7853395092639834,-5.926863795693562,-0.853221575475728,-4.926663469645833,6.189923393390427,-106.76379147530487,30.69,16,0.6300000000000026
2026-06-22 12:26:26.492084000,5.0,-99.825283,-2.2121922757476025,-6.01344912790701,-0.853221575475728,-4.926663469645833,6.407446065227778,-110.1972624964405,30.7,16,0.6400000000000006
2026-06-22 12:26:26.502084000,5.0,-99.825283,-1.9759128205128198,-5.988153846153845,-0.853221575475728,-4.926663469645833,6.305728979227859,-108.2613544910465,30.71,16,0.6500000000000021
2026-06-22 12:26:26.512084000,5.0,-99.825283,-2.4158750000001605,-6.125241071428639,-0.853221575475728,-4.926663469645833,6.5844536750395655,-111.52492312571344,30.72,16,0.6600000000000001
2026-06-22 12:26:26.522084000,5.0,-99.825283,-1.9730009402915447,-5.95296708979783,-0.853221575475728,-4.926663469645833,6.2714073287107865,-108.33682372425977,30.73,16,0.6700000000000017
2026-06-22 12:26:26.532084000,5.0,-99.825283,-2.7364129110840443,-6.329237515225272,-0.853221575475728,-4.926663469645833,6.8954480016952076,-113.38099082278555,30.74,16,0.6799999999999997
2026-06-22 12:26:26.542084000,5.0,-99.825283,-1.9226869527145376,-6.014542031523642,-0.853221575475728,-4.926663469645833,6.314383656945724,-107.72767684918968,30.75,16,0.6900000000000013
2026-06-22 12:26:26.552084000,5.0,-99.825283,-1.9002345716916373,-5.934087196806864,-0.853221575475728,-4.926663469645833,6.230913439196476,-107.75629049264724,30.76,16,0.7000000000000028
2026-06-22 12:26:26.562084000,5.0,-99.825283,-1.9149088197699222,-6.009043033659991,-0.853221575475728,-4.926663469645833,6.306780000000817,-107.67558122472379,30.77,16,0.7100000000000009
2026-06-22 12:26:26.572084000,5.0,-99.825283,-1.9719530132787024,-5.954613891726189,-0.853221575475728,-4.926663469645833,6.272641013649471,-108.32300540656614,30.78,16,0.7200000000000024
2026-06-22 12:26:26.582084000,5.0,-99.825283,-1.9537796875000022,-6.024887187500002,-0.853221575475728,-4.926663469645833,6.333760390904387,-107.96709369016548,30.79,16,0.7300000000000004
2026-06-22 12:26:26.592084000,5.0,-99.825283,-2.89840345821338,-6.307308357348671,-0.853221575475728,-4.926663469645833,6.941389005182152,-114.6802456334961,30.8,16,0.740000000000002
2026-06-22 12:26:26.602084000,5.0,-99.825283,-1.971084718060523,-6.005043857259604,-0.853221575475728,-4.926663469645833,6.320263182287826,-108.17181119160925,30.81,16,0.75
2026-06-22 12:26:26.612084000,5.0,-99.825283,-2.7117811747268266,-6.3425052807114675,-0.853221575475728,-4.926663469645833,6.897907680989625,-113.14945865962049,30.82,16,0.7600000000000016
2026-06-22 12:26:26.622084000,5.0,-99.825283,-1.9441568627451398,-6.011078431372569,-0.853221575475728,-4.926663469645833,6.317658570631332,-107.9227096442571,30.83,16,0.7699999999999996
2026-06-22 12:26:26.632084000,5.0,-99.825283,-2.28288936430313,-6.442018133659268,-0.853221575475728,-4.926663469645833,6.834557885045907,-109.51304763411196,30.84,16,0.7800000000000011
2026-06-22 12:26:26.642084000,5.0,-99.825283,-1.8056166239474398,-6.00086744782136,-0.853221575475728,-4.926663469645833,6.266630794852796,-106.74615229503668,30.85,16,0.7900000000000027
2026-06-22 12:26:26.652084000,5.0,-99.825283,-2.4901284421911374,-6.212792623521252,-0.853221575475728,-4.926663469645833,6.693245239903386,-111.84123995149407,30.86,16,0.8000000000000007
2026-06-22 12:26:26.662084000,5.0,-99.825283,-1.9457427884615417,-6.018915865384617,-0.853221575475728,-4.926663469645833,6.325603780938919,-107.91453159172532,30.87,16,0.8100000000000023
2026-06-22 12:26:26.672084000,5.0,-99.825283,-2.4374171970386955,-6.143009092089916,-0.853221575475728,-4.926663469645833,6.6089003092738015,-111.64213997257939,30.88,16,0.8200000000000003
2026-06-22 12:26:26.682084000,5.0,-99.825283,-1.909834403514749,-6.042579925650583,-0.853221575475728,-4.926663469645833,6.337210711876633,-107.53980479039835,30.89,16,0.8300000000000018
2026-06-22 12:26:26.692084000,5.0,-99.825283,-1.8130595342699396,-6.003589191564062,-0.853221575475728,-4.926663469645833,6.271384859492516,-106.80410273442389,30.9,16,0.8399999999999999
2026-06-22 12:26:26.702084000,5.0,-99.825283,-1.9043977721883003,-6.063499820337772,-0.853221575475728,-4.926663469645833,6.355529950047592,-107.43623501181862,30.91,16,0.8500000000000014
2026-06-22 12:26:26.712084000,5.0,-99.825283,-2.274792125396357,-6.0814963612613635,-0.853221575475728,-4.926663469645833,6.493017573193567,-110.50837952140489,30.92,16,0.860000000000003
2026-06-22 12:26:26.722084000,5.0,-99.825283,-1.885874086108786,-6.029406986190089,-0.853221575475728,-4.926663469645833,6.317457532407678,-107.36860583117404,30.93,16,0.870000000000001
2026-06-22 12:26:26.732084000,5.0,-99.825283,-2.455171227640709,-6.195837486622709,-0.853221575475728,-4.926663469645833,6.664553092119081,-111.61651134416398,30.94,16,0.8800000000000026
2026-06-22 12:26:26.742084000,5.0,-99.825283,-1.9034600000000002,-6.01166,-0.853221575475728,-4.926663469645833,6.305808110559661,-107.56924624891866,30.95,16,0.8900000000000006
2026-06-22 12:26:26.752084000,5.0,-99.825283,-2.678102229054536,-6.281119907763246,-0.853221575475728,-4.926663469645833,6.828228089699893,-113.0921084887332,30.96,16,0.9000000000000021
2026-06-22 12:26:26.762084000,5.0,-99.825283,-1.845192873741422,-6.040261037955065,-0.853221575475728,-4.926663469645833,6.31581270684495,-106.98698472876315,30.97,16,0.9100000000000001
2026-06-22 12:26:26.772084000,5.0,-99.825283,-1.7310929390463121,-5.992986722993335,-0.853221575475728,-4.926663469645833,6.237994279060408,-106.11152690023405,30.98,16,0.9200000000000017
2026-06-22 12:26:26.782084000,5.0,-99.825283,-1.5592747787611703,-5.95525796460181,-0.853221575475728,-4.926663469645833,6.156008062099495,-104.67247079640174,30.99,16,0.9299999999999997
2026-06-22 12:26:26.792084000,5.0,-99.825283,-1.8741042873695093,-6.055121668597883,-0.853221575475728,-4.926663469645833,6.33851443963492,-107.19767737426608,31.0,16,0.9400000000000013
2026-06-22 12:26:26.802084000,5.0,-99.825283,-1.646302690260459,-5.94420975399225,-0.853221575475728,-4.926663469645833,6.1679771519855215,-105.48055248606099,31.01,16,0.9500000000000028
2026-06-22 12:26:26.812084000,5.0,-99.825283,-1.8992859072487547,-6.067613687528088,-0.853221575475728,-4.926663469645833,6.357925984041646,-107.38117637643093,31.02,16,0.9600000000000009
2026-06-22 12:26:26.822084000,5.0,-99.825283,-1.9280804886813145,-6.030594322673371,-0.853221575475728,-4.926663469645833,6.331315997128391,-107.72993569408186,31.03,16,0.9700000000000024
2026-06-22 12:26:26.832084000,5.0,-99.825283,-1.7945279720282492,-6.016240623013423,-0.853221575475728,-4.926663469645833,6.2781750434651595,-106.60882232391253,31.04,16,0.9800000000000004
2026-06-22 12:26:26.842084000,5.0,-99.825283,-1.8794847101780323,-6.061151528982197,-0.853221575475728,-4.926663469645833,6.3458664209921904,-107.22798736574423,31.05,16,0.990000000000002
2026-06-22 12:26:26.852084000,5.0,-99.825283,-2.8737777777824345,-6.413810457516344,-0.853221575475728,-4.926663469645833,7.028197727797799,-114.13528626711722,31.06,16,1.0
2026-06-22 12:26:26.862084000,5.0,-99.825283,-1.9142828752643044,-6.064917547568717,-0.853221575475728,-4.926663469645833,6.359850924773089,-107.51737063734936,31.07,16,1.0100000000000016
2026-06-22 12:26:26.872084000,5.0,-99.825283,-2.2170922140056093,-6.19095606785549,-0.853221575475728,-4.926663469645833,6.575974066214146,-109.70335515369838,31.08,16,1.0199999999999996
2026-06-22 12:26:26.882084000,5.0,-99.825283,-1.9259700620664337,-6.104887550200738,-0.853221575475728,-4.926663469645833,6.401485193341633,-107.50944447827659,31.09,16,1.0300000000000011
2026-06-22 12:26:26.892084000,5.0,-99.825283,-2.4288946093270996,-6.221698364627367,-0.853221575475728,-4.926663469645833,6.679001389700791,-111.32522260874651,31.1,16,1.0400000000000027
2026-06-22 12:26:26.902084000,5.0,-99.825283,-1.950574317492417,-6.140521065048824,-0.853221575475728,-4.926663469645833,6.442882826683204,-107.62277068660669,31.11,16,1.0500000000000007
2026-06-22 12:26:26.912084000,5.0,-99.825283,-2.4000146566160154,-6.204499162478948,-0.853221575475728,-4.926663469645833,6.652509316729565,-111.14738910857466,31.12,16,1.0600000000000023
2026-06-22 12:26:26.922084000,5.0,-99.825283,-1.968070576201881,-6.132891578588226,-0.853221575475728,-4.926663469645833,6.440936337802912,-107.7916531221341,31.13,16,1.0700000000000003
2026-06-22 12:26:26.932084000,5.0,-99.825283,-2.937279411764994,-6.404588235294114,-0.853221575475728,-4.926663469645833,7.046017371994359,-114.63718962761257,31.14,16,1.0800000000000018
2026-06-22 12:26:26.942084000,5.0,-99.825283,-1.9459421487603472,-6.1220909090910265,-0.853221575475728,-4.926663469645833,6.423915312758803,-107.63316078985655,31.15,16,1.0899999999999999
2026-06-22 12:26:26.952084000,5.0,-99.825283,-2.5217596100791226,-6.272599779290058,-0.853221575475728,-4.926663469645833,6.7605310088909505,-111.90149929571216,31.16,16,1.1000000000000014
2026-06-22 12:26:26.962084000,5.0,-99.825283,-1.9361611687088205,-6.127645617342395,-0.853221575475728,-4.926663469645833,6.4262555880505845,-107.53504971170508,31.17,16,1.110000000000003
2026-06-22 12:26:26.972084000,5.0,-99.825283,-2.3638926116837817,-6.242512027491395,-0.853221575475728,-4.926663469645833,6.675098852672363,-110.74049931732095,31.18,16,1.120000000000001
2026-06-22 12:26:26.982084000,5.0,-99.825283,-1.8947193843408885,-6.104847423600282,-0.853221575475728,-4.926663469645833,6.392114173795406,-107.24241446123682,31.19,16,1.1300000000000026
2026-06-22 12:26:26.992084000,5.0,-99.825283,-2.2599476439793853,-6.214767015706864,-0.853221575475728,-4.926663469645833,6.61291860021322,-109.9833700607955,31.2,16,1.1400000000000006
2026-06-22 12:26:27.002084000,5.0,-99.825283,-1.962210984594726,-6.114369725385397,-0.853221575475728,-4.926663469645833,6.421509875938345,-107.79236802771842,31.21,16,1.1500000000000021
2026-06-22 12:26:27.012084000,5.0,-99.825283,-2.6371082423035643,-6.3035110228400555,-0.853221575475728,-4.926663469645833,6.832905026172358,-112.70226241372106,31.22,16,1.1600000000000001
2026-06-22 12:26:27.022084000,5.0,-99.825283,-1.9713386533665718,-6.0801546134664495,-0.853221575475728,-4.926663469645833,6.391749072821498,-107.96399482096646,31.23,16,1.1700000000000017
2026-06-22 12:26:27.032084000,5.0,-99.825283,-2.0348353765320706,-6.125355691768726,-0.853221575475728,-4.926663469645833,6.4544974521855645,-108.37642169485882,31.24,16,1.1799999999999997
2026-06-22 12:26:27.042083999,5.0,-99.825283,-1.876327888792349,-6.069029539530842,-0.853221575475728,-4.926663469645833,6.352458256294007,-107.17974716464333,31.249999999,16,1.1899999990000012
2026-06-22 12:26:27.052083999,5.0,-99.825283,-2.7842795489889793,-6.351090979782241,-0.853221575475728,-4.926663469645833,6.934592218752997,-113.67235209586183,31.259999999,16,1.1999999990000028
2026-06-22 12:26:27.062084000,5.0,-99.825283,-1.925427578834915,-6.086870924639231,-0.853221575475728,-4.926663469645833,6.384141995174961,-107.55344913528828,31.27,16,1.2100000000000009
2026-06-22 12:26:27.072084000,5.0,-99.825283,-3.1446567779703694,-6.4576490621259195,-0.853221575475728,-4.926663469645833,7.1826247055523345,-115.96451643629119,31.28,16,1.2200000000000024
2026-06-22 12:26:27.082084000,5.0,-99.825283,-1.9119762996941931,-6.114512996941898,-0.853221575475728,-4.926663469645833,6.406475049538841,-107.3641912835919,31.29,16,1.2300000000000004
2026-06-22 12:26:27.092084000,5.0,-99.825283,-2.0636722029563876,-6.193671655411445,-0.853221575475728,-4.926663469645833,6.528423357618746,-108.42758019780321,31.3,16,1.240000000000002
2026-06-22 12:26:27.102084000,5.0,-99.825283,-1.9601697200138353,-6.1157950224681805,-0.853221575475728,-4.926663469645833,6.422243695789321,-107.77114247751078,31.31,16,1.25
2026-06-22 12:26:27.112084000,5.0,-99.825283,-1.9132704545449595,-6.086779220779048,-0.853221575475728,-4.926663469645833,6.380398507518342,-107.44961026242927,31.32,16,1.2600000000000016
2026-06-22 12:26:27.122084000,5.0,-99.825283,-2.0290374572303045,-6.133982531964737,-0.853221575475728,-4.926663469645833,6.46086176181569,-108.30350838327435,31.33,16,1.2699999999999996
2026-06-22 12:26:27.132084000,5.0,-99.825283,-1.994903321161574,-6.142581637976016,-0.853221575475728,-4.926663469645833,6.458401384242202,-107.99204835368465,31.34,16,1.2800000000000011
2026-06-22 12:26:27.142084000,5.0,-99.825283,-1.9838761227545167,-6.09308308383246,-0.853221575475728,-4.926663469645833,6.407919002056812,-108.03497959841013,31.35,16,1.2900000000000027
2026-06-22 12:26:27.152084000,5.0,-99.825283,-1.9541745936182786,-6.1401992775436405,-0.853221575475728,-4.926663469645833,6.443667085619073,-107.65414750505212,31.36,16,1.3000000000000007
2026-06-22 12:26:27.162084000,5.0,-99.825283,-1.9726264164305938,-6.097109242209631,-0.853221575475728,-4.926663469645833,6.408275594123422,-107.928194104067,31.37,16,1.3100000000000023
2026-06-22 12:26:27.172084000,5.0,-99.825283,-3.2222280254771265,-6.475618046708991,-0.853221575475728,-4.926663469645833,7.233006465850379,-116.4546574719665,31.38,16,1.3200000000000003
2026-06-22 12:26:27.182084000,5.0,-99.825283,-1.9392066618040324,-6.151396790663743,-0.853221575475728,-4.926663469645833,6.449822086955061,-107.49727792556575,31.39,16,1.3300000000000018
2026-06-22 12:26:27.192084000,5.0,-99.825283,-2.7691423819024825,-6.342095642049133,-0.853221575475728,-4.926663469645833,6.9202837126917816,-113.58747341184431,31.4,16,1.3399999999999999
2026-06-22 12:26:27.202084000,5.0,-99.825283,-1.963591287458363,-6.128135682574946,-0.853221575475728,-4.926663469645833,6.435039835792059,-107.76661705506464,31.41,16,1.3500000000000014
2026-06-22 12:26:27.212084000,5.0,-99.825283,-1.6773020758765589,-6.051691481746497,-0.853221575475728,-4.926663469645833,6.279833759263291,-105.49137945237332,31.42,16,1.360000000000003
2026-06-22 12:26:27.222084000,5.0,-99.825283,-2.0083652359371587,-6.066453212476675,-0.853221575475728,-4.926663469645833,6.390257076212935,-108.31768638121328,31.43,16,1.370000000000001
2026-06-22 12:26:27.232084000,5.0,-99.825283,-1.7651121602286,-6.091931044348982,-0.853221575475728,-4.926663469645833,6.342495154691862,-106.1587296771703,31.44,16,1.3800000000000026
2026-06-22 12:26:27.242084000,5.0,-99.825283,-1.9681476692752562,-6.1022776454576295,-0.853221575475728,-4.926663469645833,6.411817036560349,-107.875898716791,31.45,16,1.3900000000000006
2026-06-22 12:26:27.252084000,5.0,-99.825283,-1.70952059925052,-6.0603508114855025,-0.853221575475728,-4.926663469645833,6.296849421538905,-105.75284531225138,31.46,16,1.4000000000000021
2026-06-22 12:26:27.262084000,5.0,-99.825283,-1.955797652319738,-6.117808831749591,-0.853221575475728,-4.926663469645833,6.42282876610086,-107.72851879879303,31.47,16,1.4100000000000001
2026-06-22 12:26:27.272084000,5.0,-99.825283,-1.7561570137260771,-6.06675460328086,-0.853221575475728,-4.926663469645833,6.315821314230542,-106.14426216225922,31.48,16,1.4200000000000017
2026-06-22 12:26:27.282084000,5.0,-99.825283,-1.9986410958903111,-6.122553424657526,-0.853221575475728,-4.926663469645833,6.4405144723047725,-108.07870942609057,31.49,16,1.4299999999999997
2026-06-22 12:26:27.292084000,5.0,-99.825283,-1.8162684582741018,-6.110053182461025,-0.853221575475728,-4.926663469645833,6.374290627593275,-106.55505664632537,31.5,16,1.4400000000000013
2026-06-22 12:26:27.302084000,5.0,-99.825283,-2.0102416666666127,-6.105858333333374,-0.853221575475728,-4.926663469645833,6.4282639604436875,-108.22317972992388,31.51,16,1.4500000000000028
2026-06-22 12:26:27.312084000,5.0,-99.825283,-1.8106577102804193,-6.095357768691601,-0.853221575475728,-4.926663469645833,6.3586057962533715,-106.54432573595899,31.52,16,1.4600000000000009
2026-06-22 12:26:27.322084000,5.0,-99.825283,-1.9836558548652716,-6.121611874656424,-0.853221575475728,-4.926663469645833,6.434984265285799,-107.95447244041397,31.53,16,1.4700000000000024
2026-06-22 12:26:27.332084000,5.0,-99.825283,-2.0447998961850224,-6.107718141707849,-0.853221575475728,-4.926663469645833,6.440918219787103,-108.51000491970285,31.54,16,1.4800000000000004
2026-06-22 12:26:27.342084000,5.0,-99.825283,-2.030657611481235,-6.062168631471082,-0.853221575475728,-4.926663469645833,6.39323539778246,-108.51941437144066,31.55,16,1.490000000000002
2026-06-22 12:26:27.352084000,5.0,-99.825283,-1.811571615862356,-6.084882661422124,-0.853221575475728,-4.926663469645833,6.348825775107845,-106.57915113974077,31.56,16,1.5
2026-06-22 12:26:27.362084000,5.0,-99.825283,-2.002103978602474,-6.083024406552991,-0.853221575475728,-4.926663469645833,6.404030470871858,-108.21791058639401,31.57,16,1.5100000000000016
2026-06-22 12:26:27.372084000,5.0,-99.825283,-2.1122552664177623,-6.1512094175957115,-0.853221575475728,-4.926663469645833,6.503768108537368,-108.95188791005133,31.58,16,1.5199999999999996
2026-06-22 12:26:27.382084000,5.0,-99.825283,-1.9403561730344199,-6.123673508051782,-0.853221575475728,-4.926663469645833,6.423734062945632,-107.58140224262951,31.59,16,1.5300000000000011
2026-06-22 12:26:27.392084000,5.0,-99.825283,-1.9170530948321174,-6.115501987506996,-0.853221575475728,-4.926663469645833,6.4089357250332455,-107.40487064254145,31.6,16,1.5400000000000027
2026-06-22 12:26:27.402084000,5.0,-99.825283,-1.990967362924264,-6.111741514360321,-0.853221575475728,-4.926663469645833,6.427856203944281,-108.04359222056893,31.61,16,1.5500000000000007
2026-06-22 12:26:27.412084000,5.0,-99.825283,-1.9121377587432533,-6.075139186295361,-0.853221575475728,-4.926663469645833,6.368954933211032,-107.47128989226793,31.62,16,1.5600000000000023
2026-06-22 12:26:27.422084000,5.0,-99.825283,-1.9911033783783778,-6.083230405405406,-0.853221575475728,-4.926663469645833,6.4007956402808714,-108.12379969147841,31.63,16,1.5700000000000003
2026-06-22 12:26:27.432084000,5.0,-99.825283,-1.9506504885994058,-6.070478501628684,-0.853221575475728,-4.926663469645833,6.376185894985272,-107.81397207383178,31.64,16,1.5800000000000018
2026-06-22 12:26:27.442084000,5.0,-99.825283,-1.9776508299942526,-6.097837435603908,-0.853221575475728,-4.926663469645833,6.410516687165661,-107.96891719528703,31.65,16,1.5899999999999999
2026-06-22 12:26:27.452084000,5.0,-99.825283,-1.9158679245279824,-6.083943396226292,-0.853221575475728,-4.926663469645833,6.378472948341215,-107.47950738042664,31.66,16,1.6000000000000014
2026-06-22 12:26:27.462084000,5.0,-99.825283,-1.942877709479173,-6.081128760918805,-0.853221575475728,-4.926663469645833,6.383956516210375,-107.7183140024713,31.67,16,1.610000000000003
2026-06-22 12:26:27.472084000,5.0,-99.825283,-1.872125539688155,-6.097580538027349,-0.853221575475728,-4.926663469645833,6.378506287061459,-107.0679315424176,31.68,16,1.620000000000001
2026-06-22 12:26:27.482084000,5.0,-99.825283,-1.9342960958639073,-6.148474294549702,-0.853221575475728,-4.926663469645833,6.445559520880465,-107.46345740519244,31.69,16,1.6300000000000026
2026-06-22 12:26:27.492084000,5.0,-99.825283,-2.0405590433486323,-6.150537817638365,-0.853221575475728,-4.926663469645833,6.480200356130324,-108.35425486527153,31.7,16,1.6400000000000006
2026-06-22 12:26:27.502084000,5.0,-99.825283,-1.977764829239047,-6.124799880167783,-0.853221575475728,-4.926663469645833,6.436204416570239,-107.895835307975,31.71,16,1.6500000000000021
2026-06-22 12:26:27.512084000,5.0,-99.825283,-2.1336712865312073,-6.150687255197037,-0.853221575475728,-4.926663469645833,6.510261659120239,-109.13164254796403,31.72,16,1.6600000000000001
2026-06-22 12:26:27.522084000,5.0,-99.825283,-1.9459828252468938,-6.097978531558617,-0.853221575475728,-4.926663469645833,6.40095237660035,-107.698888290572,31.73,16,1.6700000000000017
2026-06-22 12:26:27.532084000,5.0,-99.825283,-2.128674556212598,-6.13608284023651,-0.853221575475728,-4.926663469645833,6.494826247753812,-109.13222209835034,31.74,16,1.6799999999999997
2026-06-22 12:26:27.542084000,5.0,-99.825283,-1.918875685557581,-6.115793418647167,-0.853221575475728,-4.926663469645833,6.409759202668387,-107.41963732802559,31.75,16,1.6900000000000013
2026-06-22 12:26:27.552084000,5.0,-99.825283,-2.08693838443343,-6.1491261792450524,-0.853221575475728,-4.926663469645833,6.493617219138996,-108.7465853750764,31.76,16,1.7000000000000028
2026-06-22 12:26:27.562084000,5.0,-99.825283,-1.7785462606012556,-6.058828450269837,-0.853221575475728,-4.926663469645833,6.314477729068169,-106.35940265414287,31.77,16,1.7100000000000009
2026-06-22 12:26:27.572084000,5.0,-99.825283,-1.850251877132967,-6.092286689419756,-0.853221575475728,-4.926663469645833,6.367054979730833,-106.89374607005232,31.78,16,1.7200000000000024
2026-06-22 12:26:27.582084000,5.0,-99.825283,-1.925314756174795,-6.121814439518688,-0.853221575475728,-4.926663469645833,6.417433205125232,-107.45839673880214,31.79,16,1.7300000000000004
2026-06-22 12:26:27.592084000,5.0,-99.825283,-1.8819075171922168,-6.091379179511476,-0.853221575475728,-4.926663469645833,6.375458902059559,-107.16832711720497,31.8,16,1.740000000000002
2026-06-22 12:26:27.602084000,5.0,-99.825283,-1.9741826442526067,-6.11589550204455,-0.853221575475728,-4.926663469645833,6.426630135988609,-107.889838263901,31.81,16,1.75
2026-06-22 12:26:27.612084000,5.0,-99.825283,-1.8942965517241779,-6.093848275862077,-0.853221575475728,-4.926663469645833,6.381484641923172,-107.26806123056687,31.82,16,1.7600000000000016
2026-06-22 12:26:27.622084000,5.0,-99.825283,-1.9597925009100954,-6.129927921368826,-0.853221575475728,-4.926663469645833,6.435588781751099,-107.72954070902401,31.83,16,1.7699999999999996
2026-06-22 12:26:27.632084000,5.0,-99.825283,-1.9277886992347775,-6.085855208946424,-0.853221575475728,-4.926663469645833,6.383886190492249,-107.57640297004481,31.84,16,1.7800000000000011
2026-06-22 12:26:27.642084000,5.0,-99.825283,-1.9814655482324786,-6.118857998801708,-0.853221575475728,-4.926663469645833,6.431689430338803,-107.9434730300107,31.85,16,1.7900000000000027
2026-06-22 12:26:27.652084000,5.0,-99.825283,-1.9116621721736238,-6.100957771521703,-0.853221575475728,-4.926663469645833,6.393444923545571,-107.39775863602561,31.86,16,1.8000000000000007
2026-06-22 12:26:27.662084000,5.0,-99.825283,-1.9143779050186285,-6.131238800943081,-0.853221575475728,-4.926663469645833,6.423155921929147,-107.34011064938727,31.87,16,1.8100000000000023
2026-06-22 12:26:27.672084000,5.0,-99.825283,-1.8979208004851869,-6.121193450576115,-0.853221575475728,-4.926663469645833,6.408674794705241,-107.22643208919047,31.88,16,1.8200000000000003
2026-06-22 12:26:27.682084000,5.0,-99.825283,-1.8899631120054432,-6.131551978537941,-0.853221575475728,-4.926663469645833,6.416220868256784,-107.1311651423899,31.89,16,1.8300000000000018
2026-06-22 12:26:27.692084000,5.0,-99.825283,-1.897342152953785,-6.10879485320765,-0.853221575475728,-4.926663469645833,6.396661770326111,-107.25437064027736,31.9,16,1.8399999999999999
2026-06-22 12:26:27.702084000,5.0,-99.825283,-1.9163926146010228,-6.1429545840407505,-0.853221575475728,-4.926663469645833,6.434939912297908,-107.32614349437135,31.91,16,1.8500000000000014
2026-06-22 12:26:27.712084000,5.0,-99.825283,-1.990404266479935,-6.097104039167642,-0.853221575475728,-4.926663469645833,6.413765415764432,-108.07931106801342,31.92,16,1.860000000000003
2026-06-22 12:26:27.722084000,5.0,-99.825283,-1.95569770580296,-6.120035762483117,-0.853221575475728,-4.926663469645833,6.424919552068747,-107.72162256102467,31.93,16,1.870000000000001
2026-06-22 12:26:27.732084000,5.0,-99.825283,-1.9527353837626062,-6.107760044333578,-0.853221575475728,-4.926663469645833,6.412324714029711,-107.72979731523662,31.94,16,1.8800000000000026
2026-06-22 12:26:27.742084000,5.0,-99.825283,-1.87828480407772,-6.09837336731443,-0.853221575475728,-4.926663469645833,6.381074481025842,-107.1187105419089,31.95,16,1.8900000000000006
2026-06-22 12:26:27.752084000,5.0,-99.825283,-1.9372307692305535,-6.131555052790317,-0.853221575475728,-4.926663469645833,6.430305624047124,-107.53364214398572,31.96,16,1.9000000000000021
2026-06-22 12:26:27.762084000,5.0,-99.825283,-1.881811044577595,-6.155662674650689,-0.853221575475728,-4.926663469645833,6.436877796850107,-106.99860484636173,31.97,16,1.9100000000000001
2026-06-22 12:26:27.772084000,5.0,-99.825283,-2.262231213872776,-6.264820809248535,-0.853221575475728,-4.926663469645833,6.660755950867271,-109.85468694490662,31.98,16,1.9200000000000017
2026-06-22 12:26:27.782084000,5.0,-99.825283,-1.88549311789353,-6.140283363255547,-0.853221575475728,-4.926663469645833,6.423251830552552,-107.07011989472205,31.99,16,1.9299999999999997
2026-06-22 12:26:27.792084000,5.0,-99.825283,-1.9380334641123347,-6.162542349411434,-0.853221575475728,-4.926663469645833,6.460100766730242,-107.45763319246137,32.0,16,1.9400000000000013
2026-06-22 12:26:27.802084000,5.0,-82.637666,-1.9216717663420368,-6.13,0.6407182420994659,-4.95877808882803,6.424151490862909,-107.40549970400633,32.01,17,0.0
2026-06-22 12:26:27.812084000,5.0,-82.637666,-1.6792018124779795,-5.990064830951499,0.6407182420994659,-4.95877808882803,6.220980260861735,-105.65983950453713,32.02,17,0.010000000000005116
2026-06-22 12:26:27.822084000,5.0,-82.637666,-0.98674218659232,-5.836701289647964,0.6407182420994659,-4.95877808882803,5.919522116470146,-99.5955914167841,32.03,17,0.020000000000003126
2026-06-22 12:26:27.832084000,5.0,-82.637666,-0.2052172647914679,-5.597812318137735,0.6407182420994659,-4.95877808882803,5.60157271441361,-92.09953803538822,32.04,17,0.030000000000001137
2026-06-22 12:26:27.842084000,5.0,-82.637666,0.020778048780602174,-5.383602439024324,0.6407182420994659,-4.95877808882803,5.383642535382506,-89.77886766267328,32.05,17,0.03999999999999915
2026-06-22 12:26:27.852084000,5.0,-82.637666,-0.9655743299094292,-5.911501594048854,0.6407182420994659,-4.95877808882803,5.9898401383527915,-99.27667263914843,32.06,17,0.05000000000000426
2026-06-22 12:26:27.862084000,5.0,-82.637666,0.0005735199138753311,-5.464513024757807,0.6407182420994659,-4.95877808882803,5.464513054854276,-89.99398660589476,32.07,17,0.060000000000002274
2026-06-22 12:26:27.872084000,5.0,-82.637666,-0.3131919040480836,-5.522425787106468,0.6407182420994659,-4.95877808882803,5.531299643199576,-93.2459236981623,32.08,17,0.07000000000000028
2026-06-22 12:26:27.882084000,5.0,-82.637666,0.27388297956306656,-5.4040639154106715,0.6407182420994659,-4.95877808882803,5.410999786392351,-87.09867903680552,32.09,17,0.0800000000000054
2026-06-22 12:26:27.892084000,5.0,-82.637666,-0.5839406077344528,-5.658276243093808,0.6407182420994659,-4.95877808882803,5.688328109077487,-95.89213133660195,32.1,17,0.09000000000000341
2026-06-22 12:26:27.902084000,5.0,-82.637666,-0.22677106690770593,-5.4489670886075805,0.6407182420994659,-4.95877808882803,5.453683842093803,-92.38311799912226,32.11,17,0.10000000000000142
2026-06-22 12:26:27.912084000,5.0,-82.637666,-0.389021325210229,-5.566635186595711,0.6407182420994659,-4.95877808882803,5.580211903871912,-93.99758553230582,32.12,17,0.10999999999999943
2026-06-22 12:26:27.922084000,5.0,-82.637666,0.21771897694970552,-5.430734764761616,0.6407182420994659,-4.95877808882803,5.435097205948982,-87.70423295336042,32.13,17,0.12000000000000455
2026-06-22 12:26:27.932084000,5.0,-82.637666,-1.345098540155799,-5.816251824816884,0.6407182420994659,-4.95877808882803,5.9697634268382025,-103.02161174422382,32.14,17,0.13000000000000256
2026-06-22 12:26:27.942084000,5.0,-82.637666,-0.25490545004123333,-5.5160061932287325,0.6407182420994659,-4.95877808882803,5.521892892133861,-92.64586780761019,32.15,17,0.14000000000000057
2026-06-22 12:26:27.952084000,5.0,-82.637666,-0.8345620563964621,-5.714598503740314,0.6407182420994659,-4.95877808882803,5.775216869081864,-98.30875969609858,32.16,17,0.14999999999999858
2026-06-22 12:26:27.962084000,5.0,-82.637666,-0.22717805544722408,-5.51149394767669,0.6407182420994659,-4.95877808882803,5.51617398240425,-92.36033638116456,32.17,17,0.1600000000000037
2026-06-22 12:26:27.972084000,5.0,-82.637666,-1.1405285540705685,-5.763091130012176,0.6407182420994659,-4.95877808882803,5.874863807398034,-101.19431513484665,32.18,17,0.1700000000000017
2026-06-22 12:26:27.982084000,5.0,-82.637666,-0.24434569536422185,-5.560609271523178,0.6407182420994659,-4.95877808882803,5.565975232552922,-92.51608697469281,32.19,17,0.17999999999999972
2026-06-22 12:26:27.992084000,5.0,-82.637666,-1.420794642854384,-5.837172619046982,0.6407182420994659,-4.95877808882803,6.007598655179582,-103.68003520276457,32.2,17,0.19000000000000483
2026-06-22 12:26:28.002084000,5.0,-82.637666,-0.24007247579531693,-5.5512788381742775,0.6407182420994659,-4.95877808882803,5.5564675408748725,-92.47628960593892,32.21,17,0.20000000000000284
2026-06-22 12:26:28.012084000,5.0,-82.637666,-0.8224402566165959,-5.695239775461316,0.6407182420994659,-4.95877808882803,5.754316994717986,-98.21718421234681,32.22,17,0.21000000000000085
2026-06-22 12:26:28.022084000,5.0,-82.637666,-0.30722680412386627,-5.548061855670146,0.6407182420994659,-4.95877808882803,5.556561766372639,-93.169546416183,32.23,17,0.21999999999999886
2026-06-22 12:26:28.032084000,5.0,-82.637666,-0.6047512953354091,-5.662253886009885,0.6407182420994659,-4.95877808882803,5.694457234789272,-96.0963074542094,32.24,17,0.23000000000000398
2026-06-22 12:26:28.042083999,5.0,-82.637666,-0.3261821926491653,-5.571435994930349,0.6407182420994659,-4.95877808882803,5.580976067714943,-93.3505822120871,32.249999999,17,0.23999999900000546
2026-06-22 12:26:28.052083999,5.0,-82.637666,-1.4009853624203472,-5.908999718508083,0.6407182420994659,-4.95877808882803,6.072811347229936,-103.33816872051389,32.259999999,17,0.24999999900000347
2026-06-22 12:26:28.062084000,5.0,-82.637666,-0.2884462640740735,-5.552006141248748,0.6407182420994659,-4.95877808882803,5.559493991337891,-92.9740435558269,32.27,17,0.2600000000000051
2026-06-22 12:26:28.072084000,5.0,-82.637666,-1.2012230297524198,-5.8995066999772865,0.6407182420994659,-4.95877808882803,6.020557787305465,-101.50890436447396,32.28,17,0.2700000000000031
2026-06-22 12:26:28.082084000,5.0,-82.637666,-0.33670596641659833,-5.56150625223295,0.6407182420994659,-4.95877808882803,5.571689393841577,-93.4645851557738,32.29,17,0.28000000000000114
2026-06-22 12:26:28.092084000,5.0,-82.637666,-1.5422311151070722,-5.958934352517892,0.6407182420994659,-4.95877808882803,6.155272165389784,-104.51032681831151,32.3,17,0.28999999999999915
2026-06-22 12:26:28.102084000,5.0,-82.637666,-0.3607452326472631,-5.554655987795647,0.6407182420994659,-4.95877808882803,5.5663578995274605,-93.71583643126168,32.31,17,0.30000000000000426
2026-06-22 12:26:28.112084000,5.0,-82.637666,-0.703432156863404,-5.7066576470590356,0.6407182420994659,-4.95877808882803,5.749848545835523,-97.02712662760148,32.32,17,0.3100000000000023
2026-06-22 12:26:28.122084000,5.0,-82.637666,-0.34138299232735775,-5.559356777493605,0.6407182420994659,-4.95877808882803,5.569828554535091,-93.5139451339181,32.33,17,0.3200000000000003
2026-06-22 12:26:28.132084000,5.0,-82.637666,-0.5222821468493827,-5.663849422288132,0.6407182420994659,-4.95877808882803,5.68787912312412,-95.26853232936705,32.34,17,0.3300000000000054
2026-06-22 12:26:28.142084000,5.0,-82.637666,-0.3753634544850215,-5.578873291097061,0.6407182420994659,-4.95877808882803,5.591486825619737,-93.84923169290344,32.35,17,0.3400000000000034
2026-06-22 12:26:28.152084000,5.0,-82.637666,-1.5634136636640097,-5.942857207207259,0.6407182420994659,-4.95877808882803,6.145064203813218,-104.73908931385084,32.36,17,0.3500000000000014
2026-06-22 12:26:28.162084000,5.0,-82.637666,-0.38386328518632107,-5.568959355055418,0.6407182420994659,-4.95877808882803,5.58217335094256,-93.94310881880646,32.37,17,0.35999999999999943
2026-06-22 12:26:28.172084000,5.0,-82.637666,-1.295513726242288,-5.885778652332321,0.6407182420994659,-4.95877808882803,6.026669574411148,-102.41338342021646,32.38,17,0.37000000000000455
2026-06-22 12:26:28.182084000,5.0,-82.637666,-0.3831674357283891,-5.597862228081739,0.6407182420994659,-4.95877808882803,5.610960595868316,-93.91572454204214,32.39,17,0.38000000000000256
2026-06-22 12:26:28.192084000,5.0,-82.637666,-1.455976254308353,-5.9068456530064415,0.6407182420994659,-4.95877808882803,6.083641378446866,-103.84678993078283,32.4,17,0.39000000000000057
2026-06-22 12:26:28.202084000,5.0,-82.637666,-0.3705895721933547,-5.622020053476111,0.6407182420994659,-4.95877808882803,5.634220985434099,-93.77133922146189,32.41,17,0.3999999999999986
2026-06-22 12:26:28.212084000,5.0,-82.637666,-1.5657558139542491,-5.933176079734364,0.6407182420994659,-4.95877808882803,6.1362993458650275,-104.78323677018246,32.42,17,0.4100000000000037
2026-06-22 12:26:28.222084000,5.0,-82.637666,-0.36165885737789455,-5.582612412659324,0.6407182420994659,-4.95877808882803,5.594314835535969,-93.70661780419081,32.43,17,0.4200000000000017
2026-06-22 12:26:28.232084000,5.0,-82.637666,-0.7071038839494587,-5.684592419279363,0.6407182420994659,-4.95877808882803,5.728401773271914,-97.09057556284398,32.44,17,0.4299999999999997
2026-06-22 12:26:28.242084000,5.0,-82.637666,-0.34654214780631976,-5.605105946882286,0.6407182420994659,-4.95877808882803,5.615808413397077,-93.53787450750796,32.45,17,0.44000000000000483
2026-06-22 12:26:28.252084000,5.0,-82.637666,-1.4925698689949274,-5.958554039301052,0.6407182420994659,-4.95877808882803,6.142648537325118,-104.06276945452193,32.46,17,0.45000000000000284
2026-06-22 12:26:28.262084000,5.0,-82.637666,-0.38153458697082665,-5.609380120886453,0.6407182420994659,-4.95877808882803,5.622340614161606,-93.89110797158273,32.47,17,0.46000000000000085
2026-06-22 12:26:28.272084000,5.0,-82.637666,-1.6363436194137344,-6.052298296367225,0.6407182420994659,-4.95877808882803,6.269604063177009,-105.12918874773322,32.48,17,0.46999999999999886
2026-06-22 12:26:28.282084000,5.0,-82.637666,-0.466992771084327,-5.607612048192805,0.6407182420994659,-4.95877808882803,5.627023647656203,-94.76051402612832,32.49,17,0.480000000000004
2026-06-22 12:26:28.292084000,5.0,-82.637666,-1.580899497487631,-6.017928590320083,0.6407182420994659,-4.95877808882803,6.222114410660455,-104.71893170420678,32.5,17,0.490000000000002
2026-06-22 12:26:28.302084000,5.0,-82.637666,-0.4449131749459979,-5.612434989200854,0.6407182420994659,-4.95877808882803,5.630042117182296,-94.5325156937191,32.51,17,0.5
2026-06-22 12:26:28.312084000,5.0,-82.637666,-1.274673601227049,-5.883902003722987,0.6407182420994659,-4.95877808882803,6.020389985630542,-102.22352443372628,32.52,17,0.5100000000000051
2026-06-22 12:26:28.322084000,5.0,-82.637666,-0.45964521620700044,-5.6160643513789985,0.6407182420994659,-4.95877808882803,5.634842723946427,-94.67892828931133,32.53,17,0.5200000000000031
2026-06-22 12:26:28.332084000,5.0,-82.637666,-0.9290784617775103,-5.782074585207133,0.6407182420994659,-4.95877808882803,5.856242250542331,-99.1284036745446,32.54,17,0.5300000000000011
2026-06-22 12:26:28.342084000,5.0,-82.637666,-0.4926518619747426,-5.615315339938494,0.6407182420994659,-4.95877808882803,5.636884975237276,-95.01392725177965,32.55,17,0.5399999999999991
2026-06-22 12:26:28.352084000,5.0,-82.637666,-0.9516901626643242,-5.802195197521216,0.6407182420994659,-4.95877808882803,5.879726462672418,-99.31485045685771,32.56,17,0.5500000000000043
2026-06-22 12:26:28.362084000,5.0,-82.637666,0.04364501999617501,-5.5360428489812135,0.6407182420994659,-4.95877808882803,5.536214890475847,-89.54830124991295,32.57,17,0.5600000000000023
2026-06-22 12:26:28.372084000,5.0,-82.637666,-0.781468085106825,-5.719531914893749,0.6407182420994659,-4.95877808882803,5.772671625298695,-97.78023138292077,32.58,17,0.5700000000000003
2026-06-22 12:26:28.382084000,5.0,-82.637666,-0.4248781331031908,-5.620671564390668,0.6407182420994659,-4.95877808882803,5.636707395522593,-94.3228845361883,32.59,17,0.5800000000000054
2026-06-22 12:26:28.392084000,5.0,-82.637666,-0.982089907192874,-5.772530162413085,0.6407182420994659,-4.95877808882803,5.855476501684466,-99.65537459800308,32.6,17,0.5900000000000034
2026-06-22 12:26:28.402084000,5.0,-82.637666,-0.4195985699693339,-5.663862785154939,0.6407182420994659,-4.95877808882803,5.679384175153445,-94.23692981787048,32.61,17,0.6000000000000014
2026-06-22 12:26:28.412084000,5.0,-82.637666,-1.6985748865366246,-6.036663640948462,0.6407182420994659,-4.95877808882803,6.271081609987391,-105.71535070666603,32.62,17,0.6099999999999994
2026-06-22 12:26:28.422084000,5.0,-82.637666,-0.4232921166313632,-5.653962203023884,0.6407182420994659,-4.95877808882803,5.669785252478699,-94.28154458613793,32.63,17,0.6200000000000045
2026-06-22 12:26:28.432084000,5.0,-82.637666,-1.0617065803659405,-5.803497303128124,0.6407182420994659,-4.95877808882803,5.899813709788449,-100.36719402295697,32.64,17,0.6300000000000026
2026-06-22 12:26:28.442084000,5.0,-82.637666,-0.5120669603524355,-5.663130396475764,0.6407182420994659,-4.95877808882803,5.686234119289526,-95.16670187058794,32.65,17,0.6400000000000006
2026-06-22 12:26:28.452084000,5.0,-82.637666,-1.0719510489455875,-5.76759300699147,0.6407182420994659,-4.95877808882803,5.866362428765585,-100.52872217627456,32.66,17,0.6499999999999986
2026-06-22 12:26:28.462084000,5.0,-82.637666,-0.523697953422727,-5.642095271700773,0.6407182420994659,-4.95877808882803,5.666347906841529,-95.30298627506319,32.67,17,0.6600000000000037
2026-06-22 12:26:28.472084000,5.0,-82.637666,-1.3519541751527566,-5.9830127291242405,0.6407182420994659,-4.95877808882803,6.133858606829445,-102.73302346299026,32.68,17,0.6700000000000017
2026-06-22 12:26:28.482084000,5.0,-82.637666,-0.4477080270507895,-5.609290208762124,0.6407182420994659,-4.95877808882803,5.627128852585512,-94.56341446191593,32.69,17,0.6799999999999997
2026-06-22 12:26:28.492084000,5.0,-82.637666,-1.292222426659092,-6.023469181233027,0.6407182420994659,-4.95877808882803,6.160521063775757,-102.10820742367197,32.7,17,0.6900000000000048
2026-06-22 12:26:28.502084000,5.0,-82.637666,-0.3509471137232,-5.613592118907731,0.6407182420994659,-4.95877808882803,5.624551569155859,-93.57732672748463,32.71,17,0.7000000000000028
2026-06-22 12:26:28.512084000,5.0,-82.637666,-0.5397201787563954,-5.68484805775211,0.6407182420994659,-4.95877808882803,5.7104111332797025,-95.42341251426332,32.72,17,0.7100000000000009
2026-06-22 12:26:28.522084000,5.0,-82.637666,0.03991035634734762,-5.520707266147101,0.6407182420994659,-4.95877808882803,5.520851524451022,-89.58580394988951,32.73,17,0.7199999999999989
2026-06-22 12:26:28.532084000,5.0,-82.637666,-0.5513728935105638,-5.702610971674539,0.6407182420994659,-4.95877808882803,5.729204478979699,-95.52263589779841,32.74,17,0.730000000000004
2026-06-22 12:26:28.542084000,5.0,-82.637666,-0.4956994645247495,-5.635408634538198,0.6407182420994659,-4.95877808882803,5.657167881312857,-95.02688935888185,32.75,17,0.740000000000002
2026-06-22 12:26:28.552084000,5.0,-82.637666,-1.182504142011993,-6.067568047337369,0.6407182420994659,-4.95877808882803,6.181722903442449,-101.02809905571515,32.76,17,0.75
2026-06-22 12:26:28.562084000,5.0,-82.637666,-0.47397478991599595,-5.638275510204073,0.6407182420994659,-4.95877808882803,5.658162495938316,-94.80520243302735,32.77,17,0.7600000000000051
2026-06-22 12:26:28.572084000,5.0,-82.637666,-1.2826346761454397,-5.9219036334911825,0.6407182420994659,-4.95877808882803,6.059215655248358,-102.22101532408705,32.78,17,0.7700000000000031
2026-06-22 12:26:28.582084000,5.0,-82.637666,-0.40675481563022514,-5.657134837644482,0.6407182420994659,-4.95877808882803,5.671739067634303,-94.11255836036622,32.79,17,0.7800000000000011
2026-06-22 12:26:28.592084000,5.0,-82.637666,-1.2851400801602617,-5.932579559118302,0.6407182420994659,-4.95877808882803,6.07018000152406,-102.22279655961682,32.8,17,0.7899999999999991
2026-06-22 12:26:28.602084000,5.0,-82.637666,-0.3640292397663473,-5.68027485380116,0.6407182420994659,-4.95877808882803,5.691927591082889,-93.66687448329587,32.81,17,0.8000000000000043
2026-06-22 12:26:28.612084000,5.0,-82.637666,-0.9177293590821064,-6.012314861461032,0.6407182420994659,-4.95877808882803,6.081953400829906,-98.67872996697547,32.82,17,0.8100000000000023
2026-06-22 12:26:28.622084000,5.0,-82.637666,-0.40998951612905876,-5.691708870967755,0.6407182420994659,-4.95877808882803,5.706456104728115,-94.12005719972298,32.83,17,0.8200000000000003
2026-06-22 12:26:28.632084000,5.0,-82.637666,-1.3198093369142834,-5.970870481305358,0.6407182420994659,-4.95877808882803,6.114997219159612,-102.4643171626209,32.84,17,0.8300000000000054
2026-06-22 12:26:28.642084000,5.0,-82.637666,-0.4489169859514855,-5.678196040868466,0.6407182420994659,-4.95877808882803,5.695914038923875,-94.52038977948708,32.85,17,0.8400000000000034
2026-06-22 12:26:28.652084000,5.0,-82.637666,-1.220197523466856,-6.026729978030809,0.6407182420994659,-4.95877808882803,6.14901262190686,-101.44563005899406,32.86,17,0.8500000000000014
2026-06-22 12:26:28.662084000,5.0,-82.637666,-0.47341160409552074,-5.686534129692784,0.6407182420994659,-4.95877808882803,5.706206178806823,-94.75897636478845,32.87,17,0.8599999999999994
2026-06-22 12:26:28.672084000,5.0,-82.637666,-1.2339460916442428,-6.050127160298074,0.6407182420994659,-4.95877808882803,6.174679069624634,-101.52758603050574,32.88,17,0.8700000000000045
2026-06-22 12:26:28.682084000,5.0,-82.637666,-0.4224796896393588,-5.633628936558632,0.6407182420994659,-4.95877808882803,5.649448121983998,-94.2887237041161,32.89,17,0.8800000000000026
2026-06-22 12:26:28.692084000,5.0,-82.637666,-0.9936174888300708,-6.097505060636464,0.6407182420994659,-4.95877808882803,6.177931990447633,-99.25527004551942,32.9,17,0.8900000000000006
2026-06-22 12:26:28.702084000,5.0,-82.637666,-0.41560545808998395,-5.660153216374264,0.6407182420994659,-4.95877808882803,5.675390940686475,-94.19949445013614,32.91,17,0.8999999999999986
2026-06-22 12:26:28.712084000,5.0,-82.637666,-0.8120773374370266,-5.803584070796301,0.6407182420994659,-4.95877808882803,5.860124373149377,-97.96550070027268,32.92,17,0.9100000000000037
2026-06-22 12:26:28.722084000,5.0,-82.637666,-0.22584647302899363,-5.639589211618241,0.6407182420994659,-4.95877808882803,5.644109593654298,-92.29327676720982,32.93,17,0.9200000000000017
2026-06-22 12:26:28.732084000,5.0,-82.637666,-1.0127403462050455,-5.841308921438079,0.6407182420994659,-4.95877808882803,5.928451140433191,-99.83591412863473,32.94,17,0.9299999999999997
2026-06-22 12:26:28.742084000,5.0,-82.637666,-0.34114140828806366,-5.675936250362435,0.6407182420994659,-4.95877808882803,5.686178838079852,-93.4395167763613,32.95,17,0.9400000000000048
2026-06-22 12:26:28.752084000,5.0,-82.637666,-0.5653052266820865,-6.07553364135153,0.6407182420994659,-4.95877808882803,6.101776710639965,-95.31584813750577,32.96,17,0.9500000000000028
2026-06-22 12:26:28.762084000,5.0,-82.637666,-0.42187793144908625,-5.686274804570061,0.6407182420994659,-4.95877808882803,5.701903378884287,-94.24313287716994,32.97,17,0.9600000000000009
2026-06-22 12:26:28.772084000,5.0,-82.637666,-1.124763858089517,-5.852859201772616,0.6407182420994659,-4.95877808882803,5.959954242461833,-100.8781069473406,32.98,17,0.9699999999999989
2026-06-22 12:26:28.782084000,5.0,-82.637666,-0.40265500306943647,-5.709281154082264,0.6407182420994659,-4.95877808882803,5.7234624439980175,-94.03418483743214,32.99,17,0.980000000000004
2026-06-22 12:26:28.792084000,5.0,-82.637666,-0.5590653241650243,-6.033551375245542,0.6407182420994659,-4.95877808882803,6.05939734911081,-95.29387712194075,33.0,17,0.990000000000002
2026-06-22 12:26:28.802084000,5.0,-82.637666,-0.2893485477175924,-5.71073443983391,0.6407182420994659,-4.95877808882803,5.718060022802437,-92.9005526135973,33.01,17,1.0
2026-06-22 12:26:28.812084000,5.0,-82.637666,-0.5914300282254579,-5.986153327870478,0.6407182420994659,-4.95877808882803,6.015298923832594,-95.64249268228471,33.02,17,1.0100000000000051
2026-06-22 12:26:28.822084000,5.0,-82.637666,-0.3937766963294511,-5.673326473859885,0.6407182420994659,-4.95877808882803,5.686975766219826,-93.97044249305608,33.03,17,1.0200000000000031
2026-06-22 12:26:28.832084000,5.0,-82.637666,-0.9282106009075811,-5.876146541950291,0.6407182420994659,-4.95877808882803,5.949006060016377,-98.97641280182411,33.04,17,1.0300000000000011
2026-06-22 12:26:28.842084000,5.0,-82.637666,0.11875266498977051,-5.4958460893520655,0.6407182420994659,-4.95877808882803,5.497128926384078,-88.76216186229715,33.05,17,1.0399999999999991
2026-06-22 12:26:28.852084000,5.0,-82.637666,-1.0551651511416924,-5.925354141066234,0.6407182420994659,-4.95877808882803,6.018570859700385,-100.09717727521483,33.06,17,1.0500000000000043
2026-06-22 12:26:28.862084000,5.0,-82.637666,-0.22819128658957058,-5.612854322668495,0.6407182420994659,-4.95877808882803,5.6174909800349315,-92.32808491640056,33.07,17,1.0600000000000023
2026-06-22 12:26:28.872084000,5.0,-82.637666,-0.8923813216450119,-5.840758934591957,0.6407182420994659,-4.95877808882803,5.908536989410887,-98.68676822279876,33.08,17,1.0700000000000003
2026-06-22 12:26:28.882084000,5.0,-82.637666,-0.3499973992205532,-5.654661898569704,0.6407182420994659,-4.95877808882803,5.665483153853437,-93.54182521833698,33.09,17,1.0800000000000054
2026-06-22 12:26:28.892084000,5.0,-82.637666,-0.7086269655391619,-5.806383405820978,0.6407182420994659,-4.95877808882803,5.849464969694448,-96.95812455148642,33.1,17,1.0900000000000034
2026-06-22 12:26:28.902084000,5.0,-82.637666,-0.10112671232869058,-5.629424800228291,0.6407182420994659,-4.95877808882803,5.630333044622827,-91.02914789276167,33.11,17,1.1000000000000014
2026-06-22 12:26:28.912084000,5.0,-82.637666,-0.5676867374005093,-6.012527188328697,0.6407182420994659,-4.95877808882803,6.039267457416688,-95.39372450762426,33.12,17,1.1099999999999994
2026-06-22 12:26:28.922084000,5.0,-82.637666,-0.44446913580251296,-5.7036234567901065,0.6407182420994659,-4.95877808882803,5.7209154293283655,-94.45591180891716,33.13,17,1.1200000000000045
2026-06-22 12:26:28.932084000,5.0,-82.637666,-0.7983256097552929,-5.831851626016063,0.6407182420994659,-4.95877808882803,5.886239645737962,-97.79480496664927,33.14,17,1.1300000000000026
2026-06-22 12:26:28.942084000,5.0,-82.637666,-0.4013197997775687,-5.709852057842045,0.6407182420994659,-4.95877808882803,5.723938163898745,-94.02045072826917,33.15,17,1.1400000000000006
2026-06-22 12:26:28.952084000,5.0,-82.637666,-1.38828067484597,-5.96211196319003,0.6407182420994659,-4.95877808882803,6.121609452894268,-103.10778289181181,33.16,17,1.1499999999999986
2026-06-22 12:26:28.962084000,5.0,-82.637666,-0.4185730730729882,-5.6792372372372,0.6407182420994659,-4.95877808882803,5.694641254225185,-94.21521164714373,33.17,17,1.1600000000000037
2026-06-22 12:26:28.972084000,5.0,-82.637666,-1.0012583979327614,-5.8695684754521835,0.6407182420994659,-4.95877808882803,5.954355755869224,-99.68060032622915,33.18,17,1.1700000000000017
2026-06-22 12:26:28.982084000,5.0,-82.637666,-0.38562009672189884,-5.64739602364307,0.6407182420994659,-4.95877808882803,5.6605463258289275,-93.90625360580464,33.19,17,1.1799999999999997
2026-06-22 12:26:28.992084000,5.0,-82.637666,-0.7977838533276596,-5.852465422965266,0.6407182420994659,-4.95877808882803,5.906590438115237,-97.7624785520526,33.2,17,1.1900000000000048
2026-06-22 12:26:29.002084000,5.0,-82.637666,0.18116363230202126,-5.558508321233106,0.6407182420994659,-4.95877808882803,5.561459792076766,-88.13326922802595,33.21,17,1.2000000000000028
2026-06-22 12:26:29.012084000,5.0,-82.637666,-0.9556520584327038,-5.910721115537794,0.6407182420994659,-4.95877808882803,5.987478180540704,-99.18416948045595,33.22,17,1.2100000000000009
2026-06-22 12:26:29.022084000,5.0,-82.637666,-0.356358722831492,-5.688323716099273,0.6407182420994659,-4.95877808882803,5.699475259923104,-93.58474715181326,33.23,17,1.2199999999999989
2026-06-22 12:26:29.032084000,5.0,-82.637666,-0.8717204512885597,-5.87524015042952,0.6407182420994659,-4.95877808882803,5.939557506280567,-98.43951243613307,33.24,17,1.230000000000004
2026-06-22 12:26:29.042083999,5.0,-82.637666,-0.45215006640123745,-5.699564851704332,0.6407182420994659,-4.95877808882803,5.717471397508698,-94.53581101409235,33.249999999,17,1.2399999990000055
2026-06-22 12:26:29.052083999,5.0,-82.637666,-0.7859094579009541,-5.860939446366831,0.6407182420994659,-4.95877808882803,5.913397066830275,-97.63739016531167,33.259999999,17,1.2499999990000035
2026-06-22 12:26:29.062084000,5.0,-82.637666,-0.21303102378506739,-5.668456463288602,0.6407182420994659,-4.95877808882803,5.672458099738881,-92.15226791510665,33.27,17,1.2600000000000051
2026-06-22 12:26:29.072084000,5.0,-82.637666,-1.1332114803616908,-5.9075921450149185,0.6407182420994659,-4.95877808882803,6.01529826451403,-100.85873891562753,33.28,17,1.2700000000000031
2026-06-22 12:26:29.082084000,5.0,-82.637666,-0.15260902255642347,-5.612127819548894,0.6407182420994659,-4.95877808882803,5.614202363356726,-91.55764425690518,33.29,17,1.2800000000000011
2026-06-22 12:26:29.092084000,5.0,-82.637666,-1.062523115578072,-5.848607788944771,0.6407182420994659,-4.95877808882803,5.944339192882854,-100.29668975621765,33.3,17,1.2899999999999991
2026-06-22 12:26:29.102084000,5.0,-82.637666,-0.22433968957886666,-5.671409312638603,0.6407182420994659,-4.95877808882803,5.675844596868753,-92.26522525728703,33.31,17,1.3000000000000043
2026-06-22 12:26:29.112084000,5.0,-82.637666,-0.5229354028086022,-5.713537915742798,0.6407182420994659,-4.95877808882803,5.737419014691288,-95.22946493563121,33.32,17,1.3100000000000023
2026-06-22 12:26:29.122084000,5.0,-82.637666,-0.4406578947360228,-5.708065131578718,0.6407182420994659,-4.95877808882803,5.7250490763431845,-94.41443098052261,33.33,17,1.3200000000000003
2026-06-22 12:26:29.132084000,5.0,-82.637666,-1.7672550974176464,-6.16343452650668,0.6407182420994659,-4.95877808882803,6.411795048337343,-105.99930153087934,33.34,17,1.3300000000000054
2026-06-22 12:26:29.142084000,5.0,-82.637666,-0.09704035671049582,-5.642253476420651,0.6407182420994659,-4.95877808882803,5.643087906723713,-90.98532524006554,33.35,17,1.3400000000000034
2026-06-22 12:26:29.152084000,5.0,-82.637666,-1.093919117647079,-5.931004411764712,0.6407182420994659,-4.95877808882803,6.031042394837416,-100.45023476690426,33.36,17,1.3500000000000014
2026-06-22 12:26:29.162084000,5.0,-82.637666,-0.14383829483206695,-5.600774231959956,0.6407182420994659,-4.95877808882803,5.602620944919157,-91.47113876121679,33.37,17,1.3599999999999994
2026-06-22 12:26:29.172084000,5.0,-82.637666,-1.0418658901824873,-5.900166722129646,0.6407182420994659,-4.95877808882803,5.991448229105534,-100.01419527550712,33.38,17,1.3700000000000045
2026-06-22 12:26:29.182084000,5.0,-82.637666,-0.0835591319545522,-5.6248814448004545,0.6407182420994659,-4.95877808882803,5.625502057291726,-90.85108166653905,33.39,17,1.3800000000000026
2026-06-22 12:26:29.192084000,5.0,-82.637666,-1.0907525035773682,-5.86554148783999,0.6407182420994659,-4.95877808882803,5.9660973818428795,-100.5343588227106,33.4,17,1.3900000000000006
2026-06-22 12:26:29.202084000,5.0,-82.637666,-0.07207964601774193,-5.603359613837537,0.6407182420994659,-4.95877808882803,5.60382319825988,-90.73699209381591,33.41,17,1.3999999999999986
2026-06-22 12:26:29.212084000,5.0,-82.637666,-1.0531498708004532,-5.863780361756945,0.6407182420994659,-4.95877808882803,5.9576039463271995,-100.1819143215375,33.42,17,1.4100000000000037
2026-06-22 12:26:29.222084000,5.0,-82.637666,-0.09923402728034578,-5.661229002153863,0.6407182420994659,-4.95877808882803,5.662098657476599,-91.00421811806473,33.43,17,1.4200000000000017
2026-06-22 12:26:29.232084000,5.0,-82.637666,-1.288446534653434,-5.982439108910878,0.6407182420994659,-4.95877808882803,6.119613726738545,-102.15422035157482,33.44,17,1.4299999999999997
2026-06-22 12:26:29.242084000,5.0,-82.637666,-0.2934636871525146,-5.6918491620114855,0.6407182420994659,-4.95877808882803,5.6994094271922595,-92.95147586203692,33.45,17,1.4400000000000048
2026-06-22 12:26:29.252084000,5.0,-82.637666,-1.0290371415122956,-5.9106055477193795,0.6407182420994659,-4.95877808882803,5.9995145953104325,-99.87621069231811,33.46,17,1.4500000000000028
2026-06-22 12:26:29.262084000,5.0,-82.637666,-0.23018181818112418,-5.650142857142639,0.6407182420994659,-4.95877808882803,5.65482961507605,-92.33288929362948,33.47,17,1.4600000000000009
2026-06-22 12:26:29.272084000,5.0,-82.637666,-1.4831166180753663,-5.996425655976485,0.6407182420994659,-4.95877808882803,6.177115471679668,-103.89235836876605,33.48,17,1.4699999999999989
2026-06-22 12:26:29.282084000,5.0,-82.637666,-0.09872543267819775,-5.6035220005866755,0.6407182420994659,-4.95877808882803,5.604391628189129,-91.00935901525112,33.49,17,1.480000000000004
2026-06-22 12:26:29.292084000,5.0,-82.637666,-1.1015074110678928,-5.890607213438919,0.6407182420994659,-4.95877808882803,5.992709897838883,-100.59163820543637,33.5,17,1.490000000000002
2026-06-22 12:26:29.302084000,5.0,-82.637666,-0.023655220160621018,-5.634326779285518,0.6407182420994659,-4.95877808882803,5.634376436236291,-90.2405498240407,33.51,17,1.5
2026-06-22 12:26:29.312084000,5.0,-82.637666,-1.0725673352431286,-5.889416427889062,0.6407182420994659,-4.95877808882803,5.986286540896627,-100.32146096404988,33.52,17,1.5100000000000051
2026-06-22 12:26:29.322084000,5.0,-82.637666,-0.015086297992250605,-5.691829693554082,0.6407182420994659,-4.95877808882803,5.6918496867724,-90.15186314872639,33.53,17,1.5200000000000031
2026-06-22 12:26:29.332084000,5.0,-82.637666,-0.8502383453708479,-5.81508470124749,0.6407182420994659,-4.95877808882803,5.876913758651012,-98.31841870065736,33.54,17,1.5300000000000011
2026-06-22 12:26:29.342084000,5.0,-82.637666,-0.3399367647041768,-5.716404411764521,0.6407182420994659,-4.95877808882803,5.7265029819985624,-93.40319373350415,33.55,17,1.5399999999999991
2026-06-22 12:26:29.352084000,5.0,-82.637666,-0.9124894391833593,-5.846638018936314,0.6407182420994659,-4.95877808882803,5.917416083147501,-98.87063584520837,33.56,17,1.5500000000000043
2026-06-22 12:26:29.362084000,5.0,-82.637666,-0.08589689441000399,-5.613437267080807,0.6407182420994659,-4.95877808882803,5.61409442634526,-90.87667238712093,33.57,17,1.5600000000000023
2026-06-22 12:26:29.372084000,5.0,-82.637666,-0.877356302521303,-5.8485455462185785,0.6407182420994659,-4.95877808882803,5.913986733817301,-98.5314791123083,33.58,17,1.5700000000000003
2026-06-22 12:26:29.382084000,5.0,-82.637666,-0.1590264984234978,-5.638466876971775,0.6407182420994659,-4.95877808882803,5.640709011277632,-91.61553354703916,33.59,17,1.5800000000000054
2026-06-22 12:26:29.392084000,5.0,-82.637666,-0.8737470881861051,-5.861798668885106,0.6407182420994659,-4.95877808882803,5.926560352232726,-98.47796478209007,33.6,17,1.5900000000000034
2026-06-22 12:26:29.402084000,5.0,-82.637666,-0.029597222222180405,-5.6280601851851735,0.6407182420994659,-4.95877808882803,5.628138008580621,-90.30130812932047,33.61,17,1.6000000000000014
2026-06-22 12:26:29.412084000,5.0,-82.637666,-0.9902110266162161,-5.820466730038124,0.6407182420994659,-4.95877808882803,5.904096106324238,-99.65504543320183,33.62,17,1.6099999999999994
2026-06-22 12:26:29.422084000,5.0,-82.637666,0.0025509325681346874,-5.6895437589670665,0.6407182420994659,-4.95877808882803,5.689544330828091,-89.97431118093563,33.63,17,1.6200000000000045
2026-06-22 12:26:29.432084000,5.0,-82.637666,-0.9072370860916272,-5.840338079469832,0.6407182420994659,-4.95877808882803,5.910383068201704,-98.8297456533505,33.64,17,1.6300000000000026
2026-06-22 12:26:29.442084000,5.0,-82.637666,-0.11183939193657727,-5.652090548579005,0.6407182420994659,-4.95877808882803,5.653196937921485,-91.13357862407247,33.65,17,1.6400000000000006
2026-06-22 12:26:29.452084000,5.0,-82.637666,-0.9440531240561851,-5.875680048294373,0.6407182420994659,-4.95877808882803,5.951037920477806,-99.12777531562297,33.66,17,1.6499999999999986
2026-06-22 12:26:29.462084000,5.0,-82.637666,-0.25833004926086256,-5.676180623973656,0.6407182420994659,-4.95877808882803,5.682056044278786,-92.60580416292864,33.67,17,1.6600000000000037
2026-06-22 12:26:29.472084000,5.0,-82.637666,-0.9605615615615627,-5.887458458458459,0.6407182420994659,-4.95877808882803,5.965303480429444,-99.2663819523432,33.68,17,1.6700000000000017
2026-06-22 12:26:29.482084000,5.0,-82.637666,-0.059259400364294154,-5.653074374689331,0.6407182420994659,-4.95877808882803,5.653384964983431,-90.6005916345551,33.69,17,1.6799999999999997
2026-06-22 12:26:29.492084000,5.0,-82.637666,-1.0065513495713607,-5.8814321922314186,0.6407182420994659,-4.95877808882803,5.966941448609999,-99.71154469025011,33.7,17,1.6900000000000048
2026-06-22 12:26:29.502084000,5.0,-82.637666,-0.0812875399360699,-5.662152289669848,0.6407182420994659,-4.95877808882803,5.662735753640846,-90.82249872414869,33.71,17,1.7000000000000028
2026-06-22 12:26:29.512084000,5.0,-82.637666,-1.025988309352392,-5.918718525179798,0.6407182420994659,-4.95877808882803,6.006986015568398,-99.83428853854912,33.72,17,1.7100000000000009
2026-06-22 12:26:29.522084000,5.0,-82.637666,-0.10085830903928172,-5.688441399417047,0.6407182420994659,-4.95877808882803,5.689335457951485,-91.01577033065423,33.73,17,1.7199999999999989
2026-06-22 12:26:29.532084000,5.0,-82.637666,-1.0038955916472185,-5.912361948955869,0.6407182420994659,-4.95877808882803,5.996985090392502,-99.63668661513476,33.74,17,1.730000000000004
2026-06-22 12:26:29.542084000,5.0,-82.637666,0.010971739130418962,-5.6104282608695515,0.6407182420994659,-4.95877808882803,5.610438989011759,-89.88795266323912,33.75,17,1.740000000000002
2026-06-22 12:26:29.552084000,5.0,-82.637666,-1.0659724047312429,-5.928934296977897,0.6407182420994659,-4.95877808882803,6.023998594416279,-100.19240591629834,33.76,17,1.75
2026-06-22 12:26:29.562084000,5.0,-82.637666,-0.43568592171730774,-5.754146464646476,0.6407182420994659,-4.95877808882803,5.770617277119165,-94.32999463967963,33.77,17,1.7600000000000051
2026-06-22 12:26:29.572084000,5.0,-82.637666,-1.1181603333335657,-5.929581333333424,0.6407182420994659,-4.95877808882803,6.034087944309133,-100.67904713491933,33.78,17,1.7700000000000031
2026-06-22 12:26:29.582084000,5.0,-82.637666,0.028123735955030177,-5.607526685393236,0.6407182420994659,-4.95877808882803,5.6075972102069995,-89.7126437457589,33.79,17,1.7800000000000011
2026-06-22 12:26:29.592084000,5.0,-82.637666,-1.1361526602182268,-5.958342805320682,0.6407182420994659,-4.95877808882803,6.065697969157192,-100.7957131384868,33.8,17,1.7899999999999991
2026-06-22 12:26:29.602084000,5.0,-82.637666,-0.35627234636996374,-5.676858240223737,0.6407182420994659,-4.95877808882803,5.688026851587824,-93.59109991704321,33.81,17,1.8000000000000043
2026-06-22 12:26:29.612084000,5.0,-82.637666,-1.1439028286184618,-5.959576039933224,0.6407182420994659,-4.95877808882803,6.068365534233043,-100.865411952158,33.82,17,1.8100000000000023
2026-06-22 12:26:29.622084000,5.0,-82.637666,0.0772681718695986,-5.646981799331871,0.6407182420994659,-4.95877808882803,5.647510408345387,-89.2160654959123,33.83,17,1.8200000000000003
2026-06-22 12:26:29.632084000,5.0,-82.637666,-1.1571971496419564,-5.946740413979696,0.6407182420994659,-4.95877808882803,6.058285796691906,-101.01177084792053,33.84,17,1.8300000000000054
2026-06-22 12:26:29.642084000,5.0,-82.637666,-0.25943811394919447,-5.739324165029558,0.6407182420994659,-4.95877808882803,5.745184940997265,-92.58821357085739,33.85,17,1.8400000000000034
2026-06-22 12:26:29.652084000,5.0,-82.637666,-1.1814681697615799,-5.974291777188421,0.6407182420994659,-4.95877808882803,6.089994193358558,-101.18640145615528,33.86,17,1.8500000000000014
2026-06-22 12:26:29.662084000,5.0,-82.637666,-0.030542372881148416,-5.6064092009684225,0.6407182420994659,-4.95877808882803,5.606492394112793,-90.31213057917618,33.87,17,1.8599999999999994
2026-06-22 12:26:29.672084000,5.0,-82.637666,-1.0701618257250318,-5.917062240663567,0.6407182420994659,-4.95877808882803,6.013058447506202,-100.25171281259728,33.88,17,1.8700000000000045
2026-06-22 12:26:29.682084000,5.0,-82.637666,0.04924375876577098,-5.610278821879374,0.6407182420994659,-4.95877808882803,5.610494934228673,-89.49710394445454,33.89,17,1.8800000000000026
2026-06-22 12:26:29.692084000,5.0,-82.637666,-1.0397342657346285,-5.919701631701746,0.6407182420994659,-4.95877808882803,6.010317358652123,-99.96180131921521,33.9,17,1.8900000000000006
2026-06-22 12:26:29.702084000,5.0,-82.637666,-0.41479013761487293,-5.735459862385372,0.6407182420994659,-4.95877808882803,5.750439173775877,-94.13644607720013,33.91,17,1.8999999999999986
2026-06-22 12:26:29.712084000,5.0,-82.637666,-1.0181635546331127,-5.897845435684522,0.6407182420994659,-4.95877808882803,5.985084611532896,-99.79461121824527,33.92,17,1.9100000000000037
2026-06-22 12:26:29.722084000,5.0,-82.637666,0.0386285158781486,-5.644451069345419,0.6407182420994659,-4.95877808882803,5.6445832473685424,-89.60789519658337,33.93,17,1.9200000000000017
2026-06-22 12:26:29.732084000,5.0,-82.637666,-1.0404674017268578,-5.921782837967767,0.6407182420994659,-4.95877808882803,6.012494024454894,-99.9652514726941,33.94,17,1.9299999999999997
2026-06-22 12:26:29.742084000,5.0,-82.637666,-0.3533863636427607,-5.776126262627594,0.6407182420994659,-4.95877808882803,5.786926345118354,-93.50102132078607,33.95,17,1.9400000000000048
2026-06-22 12:26:29.752084000,5.0,-82.637666,-1.0136964354141618,-5.917836335760307,0.6407182420994659,-4.95877808882803,6.004029260423066,-99.72015000346724,33.96,17,1.9500000000000028
2026-06-22 12:26:29.762084000,5.0,-82.637666,0.07095238095215456,-5.653285714285778,0.6407182420994659,-4.95877808882803,5.653730945818915,-89.28093877640688,33.97,17,1.9600000000000009
2026-06-22 12:26:29.772084000,5.0,-82.637666,-0.943971014490796,-5.9272753623182215,0.6407182420994659,-4.95877808882803,6.0019725504989925,-99.04886692745326,33.98,17,1.9699999999999989
2026-06-22 12:26:29.782084000,5.0,-82.637666,-0.15113973799128155,-5.664262008733628,0.6407182420994659,-4.95877808882803,5.666278083890976,-91.5284629813735,33.99,17,1.980000000000004
2026-06-22 12:26:29.792084000,5.0,-82.637666,-1.1112808870118998,-5.959108412530893,0.6407182420994659,-4.95877808882803,6.061841162727246,-100.56343281756082,34.0,17,1.990000000000002
2026-06-22 12:26:29.802084000,10.0,-82.637666,0.10329257381451379,-5.615414554130621,1.2814364841989319,-9.91755617765606,5.616364479852356,-88.94619335355533,34.01,18,0.0
2026-06-22 12:26:29.812084000,10.0,-82.637666,-0.337292866082824,-5.682007978723448,1.2814364841989319,-9.91755617765606,5.692010290555287,-93.39718035970573,34.02,18,0.010000000000005116
2026-06-22 12:26:29.822084000,10.0,-82.637666,0.164888030888094,-5.632694980694983,1.2814364841989319,-9.91755617765606,5.635107879027394,-88.32323761629632,34.03,18,0.020000000000003126
2026-06-22 12:26:29.832084000,10.0,-82.637666,-1.1478925541944478,-6.0965283694627805,1.2814364841989319,-9.91755617765606,6.2036533974456995,-100.66316873034071,34.04,18,0.030000000000001137
2026-06-22 12:26:29.842084000,10.0,-82.637666,-0.26594786729820474,-5.733189573459641,1.2814364841989319,-9.91755617765606,5.739354576374142,-92.65589944491722,34.05,18,0.03999999999999915
2026-06-22 12:26:29.852084000,10.0,-82.637666,-1.4820871559628783,-6.046286697247604,1.2814364841989319,-9.91755617765606,6.225284343962408,-103.77297761276681,34.06,18,0.05000000000000426
2026-06-22 12:26:29.862084000,10.0,-82.637666,0.21003002729773118,-5.60835959963603,1.2814364841989319,-9.91755617765606,5.612290977060642,-87.8553063536722,34.07,18,0.060000000000002274
2026-06-22 12:26:29.872084000,10.0,-82.637666,-0.2749107835531246,-7.4356346004654785,1.2814364841989319,-9.91755617765606,7.440714874966868,-92.11737900059194,34.08,18,0.07000000000000028
2026-06-22 12:26:29.882084000,10.0,-82.637666,0.4658436781597215,-7.396076149425279,1.2814364841989319,-9.91755617765606,7.4107322675008875,-86.39597207814032,34.09,18,0.0800000000000054
2026-06-22 12:26:29.892084000,10.0,-82.637666,-0.7061214215196427,-6.841444554129336,1.2814364841989319,-9.91755617765606,6.8777882381732915,-95.892765132986,34.1,18,0.09000000000000341
2026-06-22 12:26:29.902084000,10.0,-82.637666,-0.1287721707968139,-6.731325470289318,1.2814364841989319,-9.91755617765606,6.732557081743713,-91.09595087718482,34.11,18,0.10000000000000142
2026-06-22 12:26:29.912084000,10.0,-82.637666,-1.1926288354246024,-7.243001917712542,1.2814364841989319,-9.91755617765606,7.340534062251452,-99.3503900672732,34.12,18,0.10999999999999943
2026-06-22 12:26:29.922084000,10.0,-82.637666,0.44390150753750435,-6.81506934673371,1.2814364841989319,-9.91755617765606,6.829510871884128,-86.27328725081139,34.13,18,0.12000000000000455
2026-06-22 12:26:29.932084000,10.0,-82.637666,-0.06487672583822536,-6.9582445759368685,1.2814364841989319,-9.91755617765606,6.958547015585246,-90.53419434040434,34.14,18,0.13000000000000256
2026-06-22 12:26:29.942084000,10.0,-82.637666,0.6817197330791673,-8.398672068636786,1.2814364841989319,-9.91755617765606,8.426294221718658,-85.35947844951522,34.15,18,0.14000000000000057
2026-06-22 12:26:29.952084000,10.0,-82.637666,0.509932065951858,-8.423687629516166,1.2814364841989319,-9.91755617765606,8.439108009235907,-86.53579930656896,34.16,18,0.14999999999999858
2026-06-22 12:26:29.962084000,10.0,-82.637666,0.34378511128149136,-7.956910974673967,1.2814364841989319,-9.91755617765606,7.964334276110329,-87.5260257394016,34.17,18,0.1600000000000037
2026-06-22 12:26:29.972084000,10.0,-82.637666,-0.6163618014378978,-8.53874378705685,1.2814364841989319,-9.91755617765606,8.560960654697212,-94.1286850947755,34.18,18,0.1700000000000017
2026-06-22 12:26:29.982084000,10.0,-82.637666,0.6235503875976555,-8.077984496124078,1.2814364841989319,-9.91755617765606,8.102015095363262,-85.58601545464536,34.19,18,0.17999999999999972
2026-06-22 12:26:29.992084000,10.0,-82.637666,-0.6955470610346458,-8.541385135981917,1.2814364841989319,-9.91755617765606,8.56965843865943,-94.65547094708606,34.2,18,0.19000000000000483
2026-06-22 12:26:30.002084000,10.0,-82.637666,0.9992544946064998,-8.563529764282853,1.2814364841989319,-9.91755617765606,8.62163276698501,-83.34441306497887,34.21,18,0.20000000000000284
2026-06-22 12:26:30.012084000,10.0,-82.637666,-0.015390116636394335,-8.710753222836274,1.2814364841989319,-9.91755617765606,8.710766818417458,-90.10122980061577,34.22,18,0.21000000000000085
2026-06-22 12:26:30.022084000,10.0,-82.637666,0.7000621657751349,-8.380610962566946,1.2814364841989319,-9.91755617765606,8.409799470965229,-85.22496617213336,34.23,18,0.21999999999999886
2026-06-22 12:26:30.032084000,10.0,-82.637666,-0.3504559627686529,-8.899269226294257,1.2814364841989319,-9.91755617765606,8.906167084886073,-92.25516014990446,34.24,18,0.23000000000000398
2026-06-22 12:26:30.042083999,10.0,-82.637666,0.8584120026970047,-8.400302764666248,1.2814364841989319,-9.91755617765606,8.444048655972662,-84.16529941271538,34.249999999,18,0.23999999900000546
2026-06-22 12:26:30.052083999,10.0,-82.637666,-0.38815273236848535,-8.80715973844012,1.2814364841989319,-9.91755617765606,8.81570900166548,-92.52352990241546,34.259999999,18,0.24999999900000347
2026-06-22 12:26:30.062084000,10.0,-82.637666,0.8459909182638765,-8.457804238143435,1.2814364841989319,-9.91755617765606,8.500009009674168,-84.28799502989297,34.27,18,0.2600000000000051
2026-06-22 12:26:30.072084000,10.0,-82.637666,-0.0959506116898316,-8.766687358404996,1.2814364841989319,-9.91755617765606,8.767212428126834,-90.6270721611043,34.28,18,0.2700000000000031
2026-06-22 12:26:30.082084000,10.0,-82.637666,0.8751088180112891,-8.374168855534704,1.2814364841989319,-9.91755617765606,8.419769561239104,-84.03418869834479,34.29,18,0.28000000000000114
2026-06-22 12:26:30.092084000,10.0,-82.637666,0.05642915761653798,-8.622499396572218,1.2814364841989319,-9.91755617765606,8.62268404232218,-89.62503837141348,34.3,18,0.28999999999999915
2026-06-22 12:26:30.102084000,10.0,-82.637666,0.9261568998109171,-8.3735066162571,1.2814364841989319,-9.91755617765606,8.424569998259187,-83.68841908453422,34.31,18,0.30000000000000426
2026-06-22 12:26:30.112084000,10.0,-82.637666,-0.22758646616519518,-8.675011278195411,1.2814364841989319,-9.91755617765606,8.677996097970956,-91.50279385496673,34.32,18,0.3100000000000023
2026-06-22 12:26:30.122084000,10.0,-82.637666,0.8765911066535694,-8.416904379806013,1.2814364841989319,-9.91755617765606,8.462428215770093,-84.05428018090363,34.33,18,0.3200000000000003
2026-06-22 12:26:30.132084000,10.0,-82.637666,-0.23288785481586993,-8.693442066077054,1.2814364841989319,-9.91755617765606,8.696560912749295,-91.53452458603708,34.34,18,0.3300000000000054
2026-06-22 12:26:30.142084000,10.0,-82.637666,1.041251638530278,-8.245800595829202,1.2814364841989319,-9.91755617765606,8.311283441257386,-82.80297667067194,34.35,18,0.3400000000000034
2026-06-22 12:26:30.152084000,10.0,-82.637666,-0.32998623110161573,-8.818115415766792,1.2814364841989319,-9.91755617765606,8.824287529228668,-92.1430883355358,34.36,18,0.3500000000000014
2026-06-22 12:26:30.162084000,10.0,-82.637666,0.8934221430889865,-8.383749109744175,1.2814364841989319,-9.91755617765606,8.43121890718643,-83.91717793435537,34.37,18,0.35999999999999943
2026-06-22 12:26:30.172084000,10.0,-82.637666,0.07411305663759507,-8.65750886294812,1.2814364841989319,-9.91755617765606,8.657826081481968,-89.50952846886386,34.38,18,0.37000000000000455
2026-06-22 12:26:30.182084000,10.0,-82.637666,0.8565345060892637,-8.393941136671184,1.2814364841989319,-9.91755617765606,8.4375292097878,-84.17359108884264,34.39,18,0.38000000000000256
2026-06-22 12:26:30.192084000,10.0,-82.637666,0.08640752110498558,-8.62563775901771,1.2814364841989319,-9.91755617765606,8.62607054280775,-89.4260574324206,34.4,18,0.39000000000000057
2026-06-22 12:26:30.202084000,10.0,-82.637666,0.9133257760718063,-8.374701081269832,1.2814364841989319,-9.91755617765606,8.424356484257967,-83.7760503724134,34.41,18,0.3999999999999986
2026-06-22 12:26:30.212084000,10.0,-82.637666,-0.15985318252377695,-8.643209580838292,1.2814364841989319,-9.91755617765606,8.644687669213841,-91.05954490092039,34.42,18,0.4100000000000037
2026-06-22 12:26:30.222084000,10.0,-82.637666,0.8732651612900729,-8.340316129032328,1.2814364841989319,-9.91755617765606,8.385908726794,-84.0226774111405,34.43,18,0.4200000000000017
2026-06-22 12:26:30.232084000,10.0,-82.637666,-0.0880222687976745,-8.633880796437076,1.2814364841989319,-9.91755617765606,8.63432947755002,-90.58410926734814,34.44,18,0.4299999999999997
2026-06-22 12:26:30.242084000,10.0,-82.637666,0.885058562836067,-8.366046217157356,1.2814364841989319,-9.91755617765606,8.412731896789673,-83.96104222436462,34.45,18,0.44000000000000483
2026-06-22 12:26:30.252084000,10.0,-82.637666,0.00962734584415878,-8.610152144772258,1.2814364841989319,-9.91755617765606,8.610157527125407,-89.93593538817557,34.46,18,0.45000000000000284
2026-06-22 12:26:30.262084000,10.0,-82.637666,0.7989683776352865,-8.372112282309804,1.2814364841989319,-9.91755617765606,8.410149495464621,-84.54865161148295,34.47,18,0.46000000000000085
2026-06-22 12:26:30.272084000,10.0,-82.637666,-0.06876002274572313,-8.666897640033651,1.2814364841989319,-9.91755617765606,8.667170394283758,-90.45455439902894,34.48,18,0.46999999999999886
2026-06-22 12:26:30.282084000,10.0,-82.637666,0.958080229226301,-8.397184654568614,1.2814364841989319,-9.91755617765606,8.451664205856556,-83.49096151135116,34.49,18,0.480000000000004
2026-06-22 12:26:30.292084000,10.0,-82.637666,-0.2101046270064424,-8.591430972615631,1.2814364841989319,-9.91755617765606,8.593999657406828,-91.4008969484573,34.5,18,0.490000000000002
2026-06-22 12:26:30.302084000,10.0,-82.637666,0.977211911357482,-8.36956232686977,1.2814364841989319,-9.91755617765606,8.426417783557653,-83.34042203565261,34.51,18,0.5
2026-06-22 12:26:30.312084000,10.0,-82.637666,-0.14842801690622853,-8.604104545846456,1.2814364841989319,-9.91755617765606,8.605384704477677,-90.98830220313636,34.52,18,0.5100000000000051
2026-06-22 12:26:30.322084000,10.0,-82.637666,0.6563679806780243,-8.334976623824712,1.2814364841989319,-9.91755617765606,8.360780719870826,-85.49732812495351,34.53,18,0.5200000000000031
2026-06-22 12:26:30.332084000,10.0,-82.637666,-0.17879561042527842,-8.717732853223637,1.2814364841989319,-9.91755617765606,8.719566157239825,-91.17493826005732,34.54,18,0.5300000000000011
2026-06-22 12:26:30.342084000,10.0,-82.637666,0.7296457657650495,-8.344636036036084,1.2814364841989319,-9.91755617765606,8.376475005478788,-85.00282979914452,34.55,18,0.5399999999999991
2026-06-22 12:26:30.352084000,10.0,-82.637666,-0.17827338129443263,-8.702690647479185,1.2814364841989319,-9.91755617765606,8.704516408405457,-91.17353177069913,34.56,18,0.5500000000000043
2026-06-22 12:26:30.362084000,10.0,-82.637666,0.913476211453213,-8.381799118942787,1.2814364841989319,-9.91755617765606,8.431429016436123,-83.78026347652492,34.57,18,0.5600000000000023
2026-06-22 12:26:30.372084000,10.0,-82.637666,-0.19477476859786222,-8.711636612958472,1.2814364841989319,-9.91755617765606,8.713813728025228,-91.28080563197747,34.58,18,0.5700000000000003
2026-06-22 12:26:30.382084000,10.0,-82.637666,0.9133333333331732,-8.365458333333361,1.2814364841989319,-9.91755617765606,8.415169095420131,-83.76917662166109,34.59,18,0.5800000000000054
2026-06-22 12:26:30.392084000,10.0,-82.637666,-0.19409185082877373,-8.7012251381215,1.2814364841989319,-9.91755617765606,8.703389601232134,-91.27784304314333,34.6,18,0.5900000000000034
2026-06-22 12:26:30.402084000,10.0,-82.637666,0.9072481804949604,-8.361684861717603,1.2814364841989319,-9.91755617765606,8.410759358565,-83.80759508918366,34.61,18,0.6000000000000014
2026-06-22 12:26:30.412084000,10.0,-82.637666,-0.11264598414314074,-8.764779386418592,1.2814364841989319,-9.91755617765606,8.765503226303203,-90.73633161347465,34.62,18,0.6099999999999994
2026-06-22 12:26:30.422084000,10.0,-82.637666,0.8185988352172345,-8.30608290510458,1.2814364841989319,-9.91755617765606,8.34632357864764,-84.37144016312212,34.63,18,0.6200000000000045
2026-06-22 12:26:30.432084000,10.0,-82.637666,-0.18460291927299274,-8.704677390527328,1.2814364841989319,-9.91755617765606,8.706634637502699,-91.21490808302794,34.64,18,0.6300000000000026
2026-06-22 12:26:30.442084000,10.0,-82.637666,0.7804486301373836,-8.332477397260204,1.2814364841989319,-9.91755617765606,8.368947343611113,-84.6490904003504,34.65,18,0.6400000000000006
2026-06-22 12:26:30.452084000,10.0,-82.637666,0.08417881315882024,-8.782297969463174,1.2814364841989319,-9.91755617765606,8.782701389494113,-89.45083359287847,34.66,18,0.6499999999999986
2026-06-22 12:26:30.462084000,10.0,-82.637666,0.8130379008740358,-8.35913540654372,1.2814364841989319,-9.91755617765606,8.398581747723274,-84.44469195767107,34.67,18,0.6600000000000037
2026-06-22 12:26:30.472084000,10.0,-82.637666,0.0550188647746592,-8.764502170283814,1.2814364841989319,-9.91755617765606,8.764674858110299,-89.64033241396244,34.68,18,0.6700000000000017
2026-06-22 12:26:30.482084000,10.0,-82.637666,0.9931155378486479,-8.293195219123488,1.2814364841989319,-9.91755617765606,8.35244667232357,-83.17131076233865,34.69,18,0.6799999999999997
2026-06-22 12:26:30.492084000,10.0,-82.637666,-0.2508728711128717,-8.702960443907175,1.2814364841989319,-9.91755617765606,8.70657554298321,-91.65115967755047,34.7,18,0.6900000000000048
2026-06-22 12:26:30.502084000,10.0,-82.637666,1.1391708333334487,-8.218366666666657,1.2814364841989319,-9.91755617765606,8.29694286200015,-82.1083571135313,34.71,18,0.7000000000000028
2026-06-22 12:26:30.512084000,10.0,-82.637666,-0.22302427921196416,-8.702305007587647,1.2814364841989319,-9.91755617765606,8.705162392178739,-91.46806546030093,34.72,18,0.7100000000000009
2026-06-22 12:26:30.522084000,10.0,-82.637666,1.2449482955844993,-8.239221002058994,1.2814364841989319,-9.91755617765606,8.332746184748984,-81.40759225497668,34.73,18,0.7199999999999989
2026-06-22 12:26:30.532084000,10.0,-82.637666,-0.3669169675080975,-8.693915162454571,1.2814364841989319,-9.91755617765606,8.701654377933131,-92.41667015298066,34.74,18,0.730000000000004
2026-06-22 12:26:30.542084000,10.0,-82.637666,1.253037917374094,-8.281648556876059,1.2814364841989319,-9.91755617765606,8.375906329585145,-81.39623718438612,34.75,18,0.740000000000002
2026-06-22 12:26:30.552084000,10.0,-82.637666,-0.05004340028731108,-8.531417862267013,1.2814364841989319,-9.91755617765606,8.531564632734195,-90.3360804488537,34.76,18,0.75
2026-06-22 12:26:30.562084000,10.0,-82.637666,1.2240845360824666,-8.230156701030925,1.2814364841989319,-9.91755617765606,8.32068881012867,-81.5403212639951,34.77,18,0.7600000000000051
2026-06-22 12:26:30.572084000,10.0,-82.637666,-0.06169147398803265,-8.584641618496967,1.2814364841989319,-9.91755617765606,8.584863281147408,-90.41173532971513,34.78,18,0.7700000000000031
2026-06-22 12:26:30.582084000,10.0,-82.637666,1.214082107059074,-8.218658349328214,1.2814364841989319,-9.91755617765606,8.307848122448036,-81.59688732249958,34.79,18,0.7800000000000011
2026-06-22 12:26:30.592084000,10.0,-82.637666,-0.415524843422697,-8.660479123172971,1.2814364841989319,-9.91755617765606,8.670441715300111,-92.74691225823437,34.8,18,0.7899999999999991
2026-06-22 12:26:30.602084000,10.0,-82.637666,1.123398170382862,-8.194480617495795,1.2814364841989319,-9.91755617765606,8.271126648754318,-82.19386468998982,34.81,18,0.8000000000000043
2026-06-22 12:26:30.612084000,10.0,-82.637666,-0.2920291587004519,-8.624955066921768,1.2814364841989319,-9.91755617765606,8.629897504371113,-91.93921575770052,34.82,18,0.8100000000000023
2026-06-22 12:26:30.622084000,10.0,-82.637666,0.8745486809047991,-8.313436243718488,1.2814364841989319,-9.91755617765606,8.359309634990469,-83.99474222093377,34.83,18,0.8200000000000003
2026-06-22 12:26:30.632084000,10.0,-82.637666,-0.3428695652186091,-8.687260869565181,1.2814364841989319,-9.91755617765606,8.694024439500476,-92.26018169650924,34.84,18,0.8300000000000054
2026-06-22 12:26:30.642084000,10.0,-82.637666,0.894496580027411,-8.297495212038287,1.2814364841989319,-9.91755617765606,8.345570736952569,-83.84709329434247,34.85,18,0.8400000000000034
2026-06-22 12:26:30.652084000,10.0,-82.637666,0.6054736842105233,-8.697842105263296,1.2814364841989319,-9.91755617765606,8.718890736232593,-86.0179532995485,34.86,18,0.8500000000000014
2026-06-22 12:26:30.662084000,10.0,-82.637666,0.9262191283309468,-8.279011501210256,1.2814364841989319,-9.91755617765606,8.330661036848026,-83.61654579030139,34.87,18,0.8599999999999994
2026-06-22 12:26:30.672084000,10.0,-82.637666,0.5936647354190034,-8.3514828118965,1.2814364841989319,-9.91755617765606,8.372556537610407,-85.93397183420579,34.88,18,0.8700000000000045
2026-06-22 12:26:30.682084000,10.0,-82.637666,0.9640427046268192,-8.245846975088874,1.2814364841989319,-9.91755617765606,8.30201003811285,-83.33167845234966,34.89,18,0.8800000000000026
2026-06-22 12:26:30.692084000,10.0,-82.637666,0.5572713772455112,-8.574405029939907,1.2814364841989319,-9.91755617765606,8.5924951559693,-86.28143820715061,34.9,18,0.8900000000000006
2026-06-22 12:26:30.702084000,10.0,-82.637666,1.2277676767708976,-8.207484848483714,1.2814364841989319,-9.91755617765606,8.298808408814674,-81.49214171144348,34.91,18,0.8999999999999986
2026-06-22 12:26:30.712084000,10.0,-82.637666,-0.15432657731282418,-8.590145472376587,1.2814364841989319,-9.91755617765606,8.591531640461849,-91.02923873039761,34.92,18,0.9100000000000037
2026-06-22 12:26:30.722084000,10.0,-82.637666,1.3031657379810242,-8.174740184009334,1.2814364841989319,-9.91755617765606,8.27795977380324,-80.94247899976966,34.93,18,0.9200000000000017
2026-06-22 12:26:30.732084000,10.0,-82.637666,-0.574515858768662,-8.676116696589276,1.2814364841989319,-9.91755617765606,8.695117561299092,-93.78848613299118,34.94,18,0.9299999999999997
2026-06-22 12:26:30.742084000,10.0,-82.637666,0.6783931062779678,-8.316900287238449,1.2814364841989319,-9.91755617765606,8.344522011146742,-85.33682021662953,34.95,18,0.9400000000000048
2026-06-22 12:26:30.752084000,10.0,-82.637666,-0.39212352106016246,-8.643551822053974,1.2814364841989319,-9.91755617765606,8.652441791558104,-92.59750034803004,34.96,18,0.9500000000000028
2026-06-22 12:26:30.762084000,10.0,-82.637666,0.746135785007781,-8.269277227722686,1.2814364841989319,-9.91755617765606,8.302870857637265,-84.84417112076333,34.97,18,0.9600000000000009
2026-06-22 12:26:30.772084000,10.0,-82.637666,0.529204465334905,-8.582303172738172,1.2814364841989319,-9.91755617765606,8.598603672394843,-86.4714786070143,34.98,18,0.9699999999999989
2026-06-22 12:26:30.782084000,10.0,-82.637666,0.8067719568557892,-8.317280431433215,1.2814364841989319,-9.91755617765606,8.35631705750032,-84.45967138060188,34.99,18,0.980000000000004
2026-06-22 12:26:30.792084000,10.0,-82.637666,-0.29992222797054213,-8.670180031039845,1.2814364841989319,-9.91755617765606,8.67536599305602,-91.98120780356018,35.0,18,0.990000000000002
2026-06-22 12:26:30.802084000,10.0,-82.637666,1.0412553242979157,-8.189819215876161,1.2814364841989319,-9.91755617765606,8.255746570669015,-82.75427723673202,35.01,18,1.0
2026-06-22 12:26:30.812084000,10.0,-82.637666,-0.2631234641886458,-8.61154060533397,1.2814364841989319,-9.91755617765606,8.615559503289521,-91.75011368274637,35.02,18,1.0100000000000051
2026-06-22 12:26:30.822084000,10.0,-82.637666,0.6701151485787674,-8.306691052971596,1.2814364841989319,-9.91755617765606,8.333676893297046,-85.38783817224896,35.03,18,1.0200000000000031
2026-06-22 12:26:30.832084000,10.0,-82.637666,0.6069968006398829,-8.548963207358655,1.2814364841989319,-9.91755617765606,8.57048522761454,-85.93867852770516,35.04,18,1.0300000000000011
2026-06-22 12:26:30.842084000,10.0,-82.637666,0.8373097199275715,-8.249626029654912,1.2814364841989319,-9.91755617765606,8.29200923758802,-84.20451464280231,35.05,18,1.0399999999999991
2026-06-22 12:26:30.852084000,10.0,-82.637666,-0.6303075226668265,-8.696847586376,1.2814364841989319,-9.91755617765606,8.719658566353642,-94.14528681611887,35.06,18,1.0500000000000043
2026-06-22 12:26:30.862084000,10.0,-82.637666,0.7848067226884675,-8.296731092437044,1.2814364841989319,-9.91755617765606,8.333766760126455,-84.5963399972601,35.07,18,1.0600000000000023
2026-06-22 12:26:30.872084000,10.0,-82.637666,-0.4568117067344182,-8.65621785874274,1.2814364841989319,-9.91755617765606,8.668263064387604,-93.02084889128216,35.08,18,1.0700000000000003
2026-06-22 12:26:30.882084000,10.0,-82.637666,0.6941551433388218,-8.291136593591949,1.2814364841989319,-9.91755617765606,8.320144071866979,-85.21421203672821,35.09,18,1.0800000000000054
2026-06-22 12:26:30.892084000,10.0,-82.637666,0.07056432026823739,-8.599172475071628,1.2814364841989319,-9.91755617765606,8.599461993597298,-89.52984464474794,35.1,18,1.0900000000000034
2026-06-22 12:26:30.902084000,10.0,-82.637666,1.0034540816325603,-8.18931632653063,1.2814364841989319,-9.91755617765606,8.250564949742907,-83.01425085687178,35.11,18,1.1000000000000014
2026-06-22 12:26:30.912084000,10.0,-82.637666,-0.5029081662315508,-8.729501598372758,1.2814364841989319,-9.91755617765606,8.743975913716536,-93.29717574350212,35.12,18,1.1099999999999994
2026-06-22 12:26:30.922084000,10.0,-82.637666,0.8315708289601613,-8.24568940188898,1.2814364841989319,-9.91755617765606,8.28751493247534,-84.24123949845583,35.13,18,1.1200000000000045
2026-06-22 12:26:30.932084000,10.0,-82.637666,-0.34396267190552415,-8.61477799607069,1.2814364841989319,-9.91755617765606,8.621641968978306,-92.28643698103357,35.14,18,1.1300000000000026
2026-06-22 12:26:30.942084000,10.0,-82.637666,1.1177947019867502,-8.207920529801328,1.2814364841989319,-9.91755617765606,8.283684229817295,-82.24488903117185,35.15,18,1.1400000000000006
2026-06-22 12:26:30.952084000,10.0,-82.637666,-0.2659164420461589,-8.587497304581401,1.2814364841989319,-9.91755617765606,8.591613440462933,-91.77362767927349,35.16,18,1.1499999999999986
2026-06-22 12:26:30.962084000,10.0,-82.637666,0.8230330123796241,-8.247929848693264,1.2814364841989319,-9.91755617765606,8.288891972298346,-84.30151204520098,35.17,18,1.1600000000000037
2026-06-22 12:26:30.972084000,10.0,-82.637666,-0.3046114218436413,-8.693330585811243,1.2814364841989319,-9.91755617765606,8.698665690352678,-92.00680408547659,35.18,18,1.1700000000000017
2026-06-22 12:26:30.982084000,10.0,-82.637666,0.8596969620573388,-8.25846098575569,1.2814364841989319,-9.91755617765606,8.303087180068596,-84.05697626956909,35.19,18,1.1799999999999997
2026-06-22 12:26:30.992084000,10.0,-82.637666,-0.41228571428754357,-8.675985714286387,1.2814364841989319,-9.91755617765606,8.685776167085304,-92.72066772748188,35.2,18,1.1900000000000048
2026-06-22 12:26:31.002084000,10.0,-82.637666,0.9491015192135406,-8.285426899016981,1.2814364841989319,-9.91755617765606,8.339609858544199,-83.4652114147521,35.21,18,1.2000000000000028
2026-06-22 12:26:31.012084000,10.0,-82.637666,0.5612552278820422,-8.300619034852547,1.2814364841989319,-9.91755617765606,8.319572332312601,-86.13177255144069,35.22,18,1.2100000000000009
2026-06-22 12:26:31.022084000,10.0,-82.637666,0.9441253561247409,-8.300759971510061,1.2814364841989319,-9.91755617765606,8.35427966928935,-83.51108515805522,35.23,18,1.2199999999999989
2026-06-22 12:26:31.032084000,10.0,-82.637666,-0.30393779752417516,-8.610953982862483,1.2814364841989319,-9.91755617765606,8.616316305692306,-92.02150964446068,35.24,18,1.230000000000004
2026-06-22 12:26:31.042083999,10.0,-82.637666,0.8686930693069579,-8.213401980198016,1.2814364841989319,-9.91755617765606,8.259213021649376,-83.9625392042199,35.249999999,18,1.2399999990000055
2026-06-22 12:26:31.052083999,10.0,-82.637666,-0.2884104316552782,-8.602829496403139,1.2814364841989319,-9.91755617765606,8.607662628220943,-91.92012567614458,35.259999999,18,1.2499999990000035
2026-06-22 12:26:31.062084000,10.0,-82.637666,1.0196571428571863,-8.174085714285644,1.2814364841989319,-9.91755617765606,8.23743758419257,-82.8895021284768,35.27,18,1.2600000000000051
2026-06-22 12:26:31.072084000,10.0,-82.637666,-0.3320409332788093,-8.61476545231275,1.2814364841989319,-9.91755617765606,8.621162043468034,-92.20727212624838,35.28,18,1.2700000000000031
2026-06-22 12:26:31.082084000,10.0,-82.637666,1.0305652298850547,-8.199592049808446,1.2814364841989319,-9.91755617765606,8.264101552880986,-82.83634653318151,35.29,18,1.2800000000000011
2026-06-22 12:26:31.092084000,10.0,-82.637666,-0.24703112841965813,-8.613276264596763,1.2814364841989319,-9.91755617765606,8.616817996724444,-91.64280835311901,35.3,18,1.2899999999999991
2026-06-22 12:26:31.102084000,10.0,-82.637666,0.9949789272029459,-8.295914750957854,1.2814364841989319,-9.91755617765606,8.355368610704021,-83.16084083929441,35.31,18,1.3000000000000043
2026-06-22 12:26:31.112084000,10.0,-82.637666,-0.12218640289814342,-8.543253552521739,1.2814364841989319,-9.91755617765606,8.544127268465077,-90.81939367482516,35.32,18,1.3100000000000023
2026-06-22 12:26:31.122084000,10.0,-82.637666,0.9335995982592962,-8.251683629059238,1.2814364841989319,-9.91755617765606,8.304329649282606,-83.54497665150866,35.33,18,1.3200000000000003
2026-06-22 12:26:31.132084000,10.0,-82.637666,-0.23116956521817533,-8.61315217391333,1.2814364841989319,-9.91755617765606,8.616253811191443,-91.53740015709586,35.34,18,1.3300000000000054
2026-06-22 12:26:31.142084000,10.0,-82.637666,1.0046970010343288,-8.275158221302975,1.2814364841989319,-9.91755617765606,8.33592584248958,-83.07753117556135,35.35,18,1.3400000000000034
2026-06-22 12:26:31.152084000,10.0,-82.637666,-0.7161813232833816,-8.687636515913002,1.2814364841989319,-9.91755617765606,8.71710639607232,-94.71262702134953,35.36,18,1.3500000000000014
2026-06-22 12:26:31.162084000,10.0,-82.637666,0.985432194046312,-8.284401323043,1.2814364841989319,-9.91755617765606,8.342804198247705,-83.21652237029124,35.37,18,1.3599999999999994
2026-06-22 12:26:31.172084000,10.0,-82.637666,-0.5241307084069776,-8.692044376310958,1.2814364841989319,-9.91755617765606,8.707832591365898,-93.45075997184767,35.38,18,1.3700000000000045
2026-06-22 12:26:31.182084000,10.0,-82.637666,0.9991672689727075,-8.274678884873508,1.2814364841989319,-9.91755617765606,8.334785292924938,-83.11486993728835,35.39,18,1.3800000000000026
2026-06-22 12:26:31.192084000,10.0,-82.637666,-0.48995641406580837,-8.756812778603074,1.2814364841989319,-9.91755617765606,8.770508954854918,-93.20244318172703,35.4,18,1.3900000000000006
2026-06-22 12:26:31.202084000,10.0,-82.637666,0.8575815310670427,-8.262956402334384,1.2814364841989319,-9.91755617765606,8.307339802205401,-84.07469822677503,35.41,18,1.3999999999999986
2026-06-22 12:26:31.212084000,10.0,-82.637666,-0.4566186146476713,-8.709979831377355,1.2814364841989319,-9.91755617765606,8.721940679816795,-93.000970338899,35.42,18,1.4100000000000037
2026-06-22 12:26:31.222084000,10.0,-82.637666,0.906631067961203,-8.319888982693119,1.2814364841989319,-9.91755617765606,8.369141687038809,-83.78093025167365,35.43,18,1.4200000000000017
2026-06-22 12:26:31.232084000,10.0,-82.637666,-0.4653742991354384,-8.675363085315666,1.2814364841989319,-9.91755617765606,8.687836203586803,-93.07058632633132,35.44,18,1.4299999999999997
2026-06-22 12:26:31.242084000,10.0,-82.637666,0.86768700448074,-8.33440434332993,1.2814364841989319,-9.91755617765606,8.379449653519112,-84.05640213677435,35.45,18,1.4400000000000048
2026-06-22 12:26:31.252084000,10.0,-82.637666,-0.39486211573228336,-8.648027350813688,1.2814364841989319,-9.91755617765606,8.65703720396662,-92.61426445472615,35.46,18,1.4500000000000028
2026-06-22 12:26:31.262084000,10.0,-82.637666,0.821779247202117,-8.26967344862671,1.2814364841989319,-9.91755617765606,8.310404326989973,-84.32499849938762,35.47,18,1.4600000000000009
2026-06-22 12:26:31.272084000,10.0,-82.637666,-0.3455417320100975,-8.781306150897848,1.2814364841989319,-9.91755617765606,8.788102002386916,-92.25340895662342,35.48,18,1.4699999999999989
2026-06-22 12:26:31.282084000,10.0,-82.637666,0.8423803345852071,-8.281997610105837,1.2814364841989319,-9.91755617765606,8.324727565626079,-84.19229195043714,35.49,18,1.480000000000004
2026-06-22 12:26:31.292084000,10.0,-82.637666,-0.3469555796320176,-8.721673889490976,1.2814364841989319,-9.91755617765606,8.728572254891771,-92.27807348264767,35.5,18,1.490000000000002
2026-06-22 12:26:31.302084000,10.0,-82.637666,0.9589391733206961,-8.319167214654772,1.2814364841989319,-9.91755617765606,8.374252652238038,-83.42461246508692,35.51,18,1.5
2026-06-22 12:26:31.312084000,10.0,-82.637666,-0.3723659431365985,-8.682952002445681,1.2814364841989319,-9.91755617765606,8.690932738917237,-92.45560868311601,35.52,18,1.5100000000000051
2026-06-22 12:26:31.322084000,10.0,-82.637666,0.9128486132509082,-8.31991024653318,1.2814364841989319,-9.91755617765606,8.369838654423507,-83.73863425423794,35.53,18,1.5200000000000031
2026-06-22 12:26:31.332084000,10.0,-82.637666,-0.13122474226807346,-8.76350563045204,1.2814364841989319,-9.91755617765606,8.764488055097566,-90.85788294645407,35.54,18,1.5300000000000011
2026-06-22 12:26:31.342084000,10.0,-82.637666,0.8592916249579535,-8.254480814147561,1.2814364841989319,-9.91755617765606,8.299086432123302,-84.05691450642041,35.55,18,1.5399999999999991
2026-06-22 12:26:31.352084000,10.0,-82.637666,-0.013433474448133143,-8.66553613547021,1.2814364841989319,-9.91755617765606,8.665546547874273,-90.08882090634472,35.56,18,1.5500000000000043
2026-06-22 12:26:31.362084000,10.0,-82.637666,0.9460347742092325,-8.286609997585112,1.2814364841989319,-9.91755617765606,8.340436861825085,-83.48706692333782,35.57,18,1.5600000000000023
2026-06-22 12:26:31.372084000,10.0,-82.637666,-0.18175467695277556,-8.665706846673082,1.2814364841989319,-9.91755617765606,8.66761269987711,-91.20154644556392,35.58,18,1.5700000000000003
2026-06-22 12:26:31.382084000,10.0,-82.637666,0.9081218961615468,-8.287516930022772,1.2814364841989319,-9.91755617765606,8.337123139530933,-83.74664450918473,35.59,18,1.5800000000000054
2026-06-22 12:26:31.392084000,10.0,-82.637666,0.17797174126099502,-8.749337634759913,1.2814364841989319,-9.91755617765606,8.751147524051554,-88.8346976609345,35.6,18,1.5900000000000034
2026-06-22 12:26:31.402084000,10.0,-82.637666,0.887550408719168,-8.210059264305215,1.2814364841989319,-9.91755617765606,8.257894335205643,-83.82998746446546,35.61,18,1.6000000000000014
2026-06-22 12:26:31.412084000,10.0,-82.637666,-0.029005322687830515,-8.742730538922183,1.2814364841989319,-9.91755617765606,8.742778653548699,-90.19008666328341,35.62,18,1.6099999999999994
2026-06-22 12:26:31.422084000,10.0,-82.637666,0.9627147435892143,-8.283073717948811,1.2814364841989319,-9.91755617765606,8.33883264579032,-83.37044307732926,35.63,18,1.6200000000000045
2026-06-22 12:26:31.432084000,10.0,-82.637666,0.20470069605575913,-8.708833660538893,1.2814364841989319,-9.91755617765606,8.711239068117749,-88.65351352525192,35.64,18,1.6300000000000026
2026-06-22 12:26:31.442084000,10.0,-82.637666,0.9228984126987932,-8.300414285714174,1.2814364841989319,-9.91755617765606,8.351563853234309,-83.65551150129939,35.65,18,1.6400000000000006
2026-06-22 12:26:31.452084000,10.0,-82.637666,0.44094233789528003,-8.635871438187417,1.2814364841989319,-9.91755617765606,8.647121234390655,-87.07705072045225,35.66,18,1.6499999999999986
2026-06-22 12:26:31.462084000,10.0,-82.637666,0.8911112956806146,-8.205594684385558,1.2814364841989319,-9.91755617765606,8.253839316688088,-83.80208102468836,35.67,18,1.6600000000000037
2026-06-22 12:26:31.472084000,10.0,-82.637666,-0.023969895288187604,-8.721066426701556,1.2814364841989319,-9.91755617765606,8.721099367328707,-90.1574773439302,35.68,18,1.6700000000000017
2026-06-22 12:26:31.482084000,10.0,-82.637666,0.9290955857952796,-8.21267739794217,1.2814364841989319,-9.91755617765606,8.265064346404959,-83.5456023056198,35.69,18,1.6799999999999997
2026-06-22 12:26:31.492084000,10.0,-82.637666,-0.07395410156319876,-8.66305976562496,1.2814364841989319,-9.91755617765606,8.663375422543341,-90.48910605323516,35.7,18,1.6900000000000048
2026-06-22 12:26:31.502084000,10.0,-82.637666,0.9435346038115001,-8.291764292878616,1.2814364841989319,-9.91755617765606,8.345274868885179,-83.50813537954383,35.71,18,1.7000000000000028
2026-06-22 12:26:31.512084000,10.0,-82.637666,0.11908130081313295,-8.72788524970966,1.2814364841989319,-9.91755617765606,8.728697571132981,-89.21831778907462,35.72,18,1.7100000000000009
2026-06-22 12:26:31.522084000,10.0,-82.637666,0.9396721156862287,-8.249615529707853,1.2814364841989319,-9.91755617765606,8.302959717654616,-83.50173359805923,35.73,18,1.7199999999999989
2026-06-22 12:26:31.532084000,10.0,-82.637666,0.1453582904882182,-8.774171915167077,1.2814364841989319,-9.91755617765606,8.7753758796715,-89.05088994726016,35.74,18,1.730000000000004
2026-06-22 12:26:31.542084000,10.0,-82.637666,0.9394813251055316,-8.18877460214356,1.2814364841989319,-9.91755617765606,8.242490803448524,-83.45518792554695,35.75,18,1.740000000000002
2026-06-22 12:26:31.552084000,10.0,-82.637666,-0.29014008147792697,-8.721062362895692,1.2814364841989319,-9.91755617765606,8.72588734767965,-91.90546430395601,35.76,18,1.75
2026-06-22 12:26:31.562084000,10.0,-82.637666,0.9744722044719761,-8.273353354632876,1.2814364841989319,-9.91755617765606,8.330544508488238,-83.28240000980875,35.77,18,1.7600000000000051
2026-06-22 12:26:31.572084000,10.0,-82.637666,-0.22209449929526437,-8.666850292161973,1.2814364841989319,-9.91755617765606,8.669695493693265,-91.46792579785357,35.78,18,1.7700000000000031
2026-06-22 12:26:31.582084000,10.0,-82.637666,0.9742527716187162,-8.250519797275865,1.2814364841989319,-9.91755617765606,8.307842402708886,-83.26548234763574,35.79,18,1.7800000000000011
2026-06-22 12:26:31.592084000,10.0,-82.637666,-0.39044855549991686,-8.703706538266536,1.2814364841989319,-9.91755617765606,8.712459903997011,-92.56856842216985,35.8,18,1.7899999999999991
2026-06-22 12:26:31.602084000,10.0,-82.637666,0.8589001892136326,-8.226308420057128,1.2814364841989319,-9.91755617765606,8.271025314731784,-84.039404730355,35.81,18,1.8000000000000043
2026-06-22 12:26:31.612084000,10.0,-82.637666,0.08275431754855134,-8.735021169916429,1.2814364841989319,-9.91755617765606,8.735413162292962,-89.45720437395994,35.82,18,1.8100000000000023
2026-06-22 12:26:31.622084000,10.0,-82.637666,1.0037961282516235,-8.232098608590448,1.2814364841989319,-9.91755617765606,8.293072661483784,-83.04785408907883,35.83,18,1.8200000000000003
2026-06-22 12:26:31.632084000,10.0,-82.637666,-0.2530608365023922,-8.658730038022782,1.2814364841989319,-9.91755617765606,8.66242723827042,-91.67405516458516,35.84,18,1.8300000000000054
2026-06-22 12:26:31.642084000,10.0,-82.637666,0.9908219178077275,-8.29973458904121,1.2814364841989319,-9.91755617765606,8.358667496756599,-83.1922509648247,35.85,18,1.8400000000000034
2026-06-22 12:26:31.652084000,10.0,-82.637666,-0.28952312064083874,-8.670769051924559,1.2814364841989319,-9.91755617765606,8.675601396398887,-91.91243612485277,35.86,18,1.8500000000000014
2026-06-22 12:26:31.662084000,10.0,-82.637666,0.931280692266707,-8.250812330989564,1.2814364841989319,-9.91755617765606,8.303203469083376,-83.560200759809,35.87,18,1.8599999999999994
2026-06-22 12:26:31.672084000,10.0,-82.637666,-0.3222835062939061,-8.717725546478253,1.2814364841989319,-9.91755617765606,8.723680723304163,-92.11718977813769,35.88,18,1.8700000000000045
2026-06-22 12:26:31.682084000,10.0,-82.637666,0.8240665315761284,-8.265514690983018,1.2814364841989319,-9.91755617765606,8.306492566379628,-84.30646217750629,35.89,18,1.8800000000000026
2026-06-22 12:26:31.692084000,10.0,-82.637666,-0.19937865249931652,-8.603506640907995,1.2814364841989319,-9.91755617765606,8.605816542735523,-91.32754137137229,35.9,18,1.8900000000000006
2026-06-22 12:26:31.702084000,10.0,-82.637666,0.8442171052627501,-8.286081371191203,1.2814364841989319,-9.91755617765606,8.328976348316766,-84.18256418508511,35.91,18,1.8999999999999986
2026-06-22 12:26:31.712084000,10.0,-82.637666,-0.4320927099842935,-8.642604595879556,1.2814364841989319,-9.91755617765606,8.653399234447697,-92.86215711036505,35.92,18,1.9100000000000037
2026-06-22 12:26:31.722084000,10.0,-82.637666,0.8436877076409934,-8.253473606496907,1.2814364841989319,-9.91755617765606,8.296483322538869,-84.16337632185537,35.93,18,1.9200000000000017
2026-06-22 12:26:31.732084000,10.0,-82.637666,-0.2483695238085838,-8.679728095238062,1.2814364841989319,-9.91755617765606,8.68328090226395,-91.63906555386063,35.94,18,1.9299999999999997
2026-06-22 12:26:31.742084000,10.0,-82.637666,0.8772125930935945,-8.231496276235681,1.2814364841989319,-9.91755617765606,8.278105633486678,-83.91707182831084,35.95,18,1.9400000000000048
2026-06-22 12:26:31.752084000,10.0,-82.637666,0.48867636857185565,-8.544456643040329,1.2814364841989319,-9.91755617765606,8.558419475463714,-86.72669351139167,35.96,18,1.9500000000000028
2026-06-22 12:26:31.762084000,10.0,-82.637666,0.8428097300901756,-8.305230589803354,1.2814364841989319,-9.91755617765606,8.347884965123804,-84.20549567288167,35.97,18,1.9600000000000009
2026-06-22 12:26:31.772084000,10.0,-82.637666,-0.3058656429954115,-8.612766602687275,1.2814364841989319,-9.91755617765606,8.61819600287266,-92.03389334969644,35.98,18,1.9699999999999989
2026-06-22 12:26:31.782084000,10.0,-82.637666,0.8186622340427258,-8.272032579787185,1.2814364841989319,-9.91755617765606,8.312444336926921,-84.34798603197207,35.99,18,1.980000000000004
2026-06-22 12:26:31.792084000,10.0,-82.637666,-0.4139243678676273,-8.660435667934674,1.2814364841989319,-9.91755617765606,8.670321755318525,-92.73636180704551,36.0,18,1.990000000000002
2026-06-22 12:26:31.802084000,10.0,-82.637666,0.8539972222226299,-8.195095555555486,1.2814364841989319,-9.91755617765606,8.239472217335845,-84.05077544572161,36.01,18,2.0
2026-06-22 12:26:31.902084000,15.0,-82.637666,1.0476097352691607,-8.159246797608793,1.9221547262983976,-14.876334266484092,8.2262260157207,-82.68351538849454,36.11,19,0.0
2026-06-22 12:26:31.912084000,15.0,-82.637666,-0.5330161904759667,-8.813120714285633,1.9221547262983976,-14.876334266484092,8.829224370457466,-93.46102414948517,36.12,19,0.00999999999999801
2026-06-22 12:26:31.922084000,15.0,-82.637666,1.4263603603598165,-8.81635135135189,1.9221547262983976,-14.876334266484092,8.930988468702111,-80.80998675128446,36.13,19,0.020000000000003126
2026-06-22 12:26:31.932084000,15.0,-82.637666,0.7929077587826847,-9.113133571294377,1.9221547262983976,-14.876334266484092,9.14756285587535,-85.0273803982445,36.14,19,0.030000000000001137
2026-06-22 12:26:31.942084000,15.0,-82.637666,1.217196779063936,-8.758271766482125,1.9221547262983976,-14.876334266484092,8.842448322411704,-82.08789449065613,36.15,19,0.03999999999999915
2026-06-22 12:26:31.952084000,15.0,-82.637666,-0.36089830508325815,-9.478169491524842,1.9221547262983976,-14.876334266484092,9.485037928057233,-92.180586152474,36.16,19,0.04999999999999716
2026-06-22 12:26:31.962084000,15.0,-82.637666,1.286073170731671,-8.806880758807628,1.9221547262983976,-14.876334266484092,8.900288360515733,-81.69179396478938,36.17,19,0.060000000000002274
2026-06-22 12:26:31.972084000,15.0,-82.637666,-0.25000747065022916,-9.265039843471842,1.9221547262983976,-14.876334266484092,9.268412325555097,-91.54569197615629,36.18,19,0.07000000000000028
2026-06-22 12:26:31.982084000,15.0,-82.637666,1.2332354161863206,-8.875857505187737,1.9221547262983976,-14.876334266484092,8.961122476795735,-82.08981372424356,36.19,19,0.0799999999999983
2026-06-22 12:26:31.992084000,15.0,-82.637666,-0.3485947852755532,-10.418125766871476,1.9221547262983976,-14.876334266484092,10.423956198040775,-91.9164254189831,36.2,19,0.09000000000000341
2026-06-22 12:26:32.002084000,15.0,-82.637666,0.7539506743737039,-11.515892485549355,1.9221547262983976,-14.876334266484092,11.540546839648485,-86.25416539608469,36.21,19,0.10000000000000142
2026-06-22 12:26:32.012084000,15.0,-82.637666,-1.1109684852590946,-11.60398847848173,1.9221547262983976,-14.876334266484092,11.657049351528698,-95.46884207293489,36.22,19,0.10999999999999943
2026-06-22 12:26:32.022084000,15.0,-82.637666,0.23011741489852494,-10.840063147508838,1.9221547262983976,-14.876334266484092,10.842505386976702,-88.78388377721902,36.23,19,0.11999999999999744
2026-06-22 12:26:32.032084000,15.0,-82.637666,-0.1997648871901992,-11.345427567500993,1.9221547262983976,-14.876334266484092,11.347186113727297,-91.00873257239701,36.24,19,0.13000000000000256
2026-06-22 12:26:32.042083999,15.0,-82.637666,0.2549233543732657,-11.147125338142475,1.9221547262983976,-14.876334266484092,11.150039875303715,-88.68993248120461,36.249999999,19,0.13999999900000404
2026-06-22 12:26:32.052083999,15.0,-82.637666,-1.1924652267816982,-11.425581425485962,1.9221547262983976,-14.876334266484092,11.487640498705264,-95.95827525934544,36.259999999,19,0.14999999900000205
2026-06-22 12:26:32.062084000,15.0,-82.637666,0.6334637681159523,-11.587144927536517,1.9221547262983976,-14.876334266484092,11.604447592076536,-86.87078166949647,36.27,19,0.1600000000000037
2026-06-22 12:26:32.072084000,15.0,-82.637666,-0.19653178807862756,-12.715445695363938,1.9221547262983976,-14.876334266484092,12.716964416694525,-90.88550143794471,36.28,19,0.1700000000000017
2026-06-22 12:26:32.082084000,15.0,-82.637666,1.2716655405403325,-12.125388513513505,1.9221547262983976,-14.876334266484092,12.191889921199378,-84.01291894367456,36.29,19,0.17999999999999972
2026-06-22 12:26:32.092084000,15.0,-82.637666,-0.3854252422126426,-12.304697564808057,1.9221547262983976,-14.876334266484092,12.310732503743553,-91.79411330148272,36.3,19,0.18999999999999773
2026-06-22 12:26:32.102084000,15.0,-82.637666,1.1254965449159031,-12.07549292530444,1.9221547262983976,-14.876334266484092,12.127830468047252,-84.67512959702945,36.31,19,0.20000000000000284
2026-06-22 12:26:32.112084000,15.0,-82.637666,-0.3989570370359772,-12.535245555555164,1.9221547262983976,-14.876334266484092,12.54159271605748,-91.82292726936215,36.32,19,0.21000000000000085
2026-06-22 12:26:32.122084000,15.0,-82.637666,1.0756545842217795,-11.855891257995731,1.9221547262983976,-14.876334266484092,11.90458694394631,-84.81589415800642,36.33,19,0.21999999999999886
2026-06-22 12:26:32.132084000,15.0,-82.637666,-0.39394915803371067,-12.463708873057687,1.9221547262983976,-14.876334266484092,12.469933232036665,-91.81038502493081,36.34,19,0.23000000000000398
2026-06-22 12:26:32.142084000,15.0,-82.637666,1.1280518076779291,-12.004845322400303,1.9221547262983976,-14.876334266484092,12.057728314054927,-84.63188579341823,36.35,19,0.240000000000002
2026-06-22 12:26:32.152084000,15.0,-82.637666,-0.1546582340065913,-12.378410362442276,1.9221547262983976,-14.876334266484092,12.379376489563777,-90.7158272156025,36.36,19,0.25
2026-06-22 12:26:32.162084000,15.0,-82.637666,1.1371835443042013,-11.908101265822722,1.9221547262983976,-14.876334266484092,11.962276629911424,-84.54498850917933,36.37,19,0.259999999999998
2026-06-22 12:26:32.172084000,15.0,-82.637666,-0.4168918348899685,-12.457101536607402,1.9221547262983976,-14.876334266484092,12.464075476959549,-91.916756573326,36.38,19,0.2700000000000031
2026-06-22 12:26:32.182084000,15.0,-82.637666,1.1874426229500412,-11.867459016393564,1.9221547262983976,-14.876334266484092,11.926718051860679,-84.28607643420493,36.39,19,0.28000000000000114
2026-06-22 12:26:32.192084000,15.0,-82.637666,-0.38038046734597947,-12.299082684242112,1.9221547262983976,-14.876334266484092,12.304963395872516,-91.77145329621753,36.4,19,0.28999999999999915
2026-06-22 12:26:32.202084000,15.0,-82.637666,1.1886544578298597,-11.927272289156743,1.9221547262983976,-14.876334266484092,11.986355729737255,-84.30877843124574,36.41,19,0.29999999999999716
2026-06-22 12:26:32.212084000,15.0,-82.637666,-0.2784261548460522,-12.374629798308094,1.9221547262983976,-14.876334266484092,12.377761662307002,-91.28892360464725,36.42,19,0.3100000000000023
2026-06-22 12:26:32.222084000,15.0,-82.637666,1.3466502038965955,-11.793450838241977,1.9221547262983976,-14.876334266484092,11.870086328484943,-83.48582238671648,36.43,19,0.3200000000000003
2026-06-22 12:26:32.232084000,15.0,-82.637666,-0.2999546320999066,-12.324426610750935,1.9221547262983976,-14.876334266484092,12.328076251593512,-91.39420216583821,36.44,19,0.3299999999999983
2026-06-22 12:26:32.242084000,15.0,-82.637666,1.3717825561727237,-11.893945397439044,1.9221547262983976,-14.876334266484092,11.972791007057676,-83.42088755737961,36.45,19,0.3400000000000034
2026-06-22 12:26:32.252084000,15.0,-82.637666,-0.4261761102608933,-12.291019908116423,1.9221547262983976,-14.876334266484092,12.298406256855861,-91.98586561258077,36.46,19,0.3500000000000014
2026-06-22 12:26:32.262084000,15.0,-82.637666,1.5063828202591463,-11.792994538232147,1.9221547262983976,-14.876334266484092,11.888814464863398,-82.7207205259003,36.47,19,0.35999999999999943
2026-06-22 12:26:32.272084000,15.0,-82.637666,-0.31975892584878973,-12.339898992981528,1.9221547262983976,-14.876334266484092,12.344041191102956,-91.48435072166005,36.48,19,0.36999999999999744
2026-06-22 12:26:32.282084000,15.0,-82.637666,1.3745559157202338,-11.758916369530223,1.9221547262983976,-14.876334266484092,11.838982986348418,-83.33268099552654,36.49,19,0.38000000000000256
2026-06-22 12:26:32.292084000,15.0,-82.637666,-0.3284542936279303,-12.321528162511472,1.9221547262983976,-14.876334266484092,12.325905179035168,-91.52696880456993,36.5,19,0.39000000000000057
2026-06-22 12:26:32.302084000,15.0,-82.637666,1.7162553561092921,-11.793597568036963,1.9221547262983976,-14.876334266484092,11.91782178269927,-81.72019182714656,36.51,19,0.3999999999999986
2026-06-22 12:26:32.312084000,15.0,-82.637666,-0.36903644123435575,-12.222030203545623,1.9221547262983976,-14.876334266484092,12.227600344766767,-91.72948421829553,36.52,19,0.4100000000000037
2026-06-22 12:26:32.322084000,15.0,-82.637666,1.3911778047784171,-11.793754151478502,1.9221547262983976,-14.876334266484092,11.875521574651975,-83.27254278050367,36.53,19,0.4200000000000017
2026-06-22 12:26:32.332084000,15.0,-82.637666,-0.23918150684990624,-12.327171232876736,1.9221547262983976,-14.876334266484092,12.3294914087274,-91.111558466356,36.54,19,0.4299999999999997
2026-06-22 12:26:32.342084000,15.0,-82.637666,1.3455024982143204,-11.780149179157933,1.9221547262983976,-14.876334266484092,11.856740346988976,-83.48404038992375,36.55,19,0.4399999999999977
2026-06-22 12:26:32.352084000,15.0,-82.637666,-0.1470868552423079,-12.280483860232943,1.9221547262983976,-14.876334266484092,12.281364679237683,-90.68621506855325,36.56,19,0.45000000000000284
2026-06-22 12:26:32.362084000,15.0,-82.637666,1.410714822939582,-11.791502663741761,1.9221547262983976,-14.876334266484092,11.875590569764963,-83.17765960060991,36.57,19,0.46000000000000085
2026-06-22 12:26:32.372084000,15.0,-82.637666,-0.0010668041221977287,-12.321602061855728,1.9221547262983976,-14.876334266484092,12.32160210803767,-90.00496066772077,36.58,19,0.46999999999999886
2026-06-22 12:26:32.382084000,15.0,-82.637666,1.369874643873607,-11.727036223036574,1.9221547262983976,-14.876334266484092,11.806774966786644,-83.33728237518791,36.59,19,0.480000000000004
2026-06-22 12:26:32.392084000,15.0,-82.637666,-0.017098178138029496,-12.357081309041828,1.9221547262983976,-14.876334266484092,12.357093138192596,-90.07927865771634,36.6,19,0.490000000000002
2026-06-22 12:26:32.402084000,15.0,-82.637666,1.4463092250922325,-11.724544649446505,1.9221547262983976,-14.876334266484092,11.813414307957355,-82.9676690200469,36.61,19,0.5
2026-06-22 12:26:32.412084000,15.0,-82.637666,0.707,-12.172214042363972,1.9221547262983976,-14.876334266484092,12.192729132278904,-86.67581800669193,36.62,19,0.509999999999998
2026-06-22 12:26:32.422084000,15.0,-82.637666,0.34838649219101453,-12.015311186154408,1.9221547262983976,-14.876334266484092,12.020360895084158,-88.33916207032625,36.63,19,0.5200000000000031
2026-06-22 12:26:32.432084000,15.0,-82.637666,0.18926404494425986,-12.275876404494422,1.9221547262983976,-14.876334266484092,12.277335312564025,-89.1167089386241,36.64,19,0.5300000000000011
2026-06-22 12:26:32.442084000,15.0,-82.637666,1.3440761776582373,-11.730645222072647,1.9221547262983976,-14.876334266484092,11.807395059770137,-83.46365683522264,36.65,19,0.5399999999999991
2026-06-22 12:26:32.452084000,15.0,-82.637666,0.05046583850772246,-12.316107878391568,1.9221547262983976,-14.876334266484092,12.31621127104578,-89.76522912901974,36.66,19,0.5499999999999972
2026-06-22 12:26:32.462084000,15.0,-82.637666,1.4641193049663497,-11.771231905869485,1.9221547262983976,-14.876334266484092,11.861936853690247,-82.9098985697011,36.67,19,0.5600000000000023
2026-06-22 12:26:32.472084000,15.0,-82.637666,0.17000769230656154,-12.2523192307692,1.9221547262983976,-14.876334266484092,12.253498649288707,-89.20504044887612,36.68,19,0.5700000000000003
2026-06-22 12:26:32.482084000,15.0,-82.637666,1.431524595367087,-11.800708029196924,1.9221547262983976,-14.876334266484092,11.88721887816884,-83.08333843376336,36.69,19,0.5799999999999983
2026-06-22 12:26:32.492084000,15.0,-82.637666,0.3249151803397209,-12.28411177170027,1.9221547262983976,-14.876334266484092,12.288408029278662,-88.48487791711304,36.7,19,0.5900000000000034
2026-06-22 12:26:32.502084000,15.0,-82.637666,1.3813147773279462,-11.731742408906936,1.9221547262983976,-14.876334266484092,11.812781656452051,-83.28481723341622,36.71,19,0.6000000000000014
2026-06-22 12:26:32.512084000,15.0,-82.637666,0.0793533765040233,-12.279989824236853,1.9221547262983976,-14.876334266484092,12.280246212585611,-89.6297594423664,36.72,19,0.6099999999999994
2026-06-22 12:26:32.522084000,15.0,-82.637666,1.4481875781053508,-11.791159585103667,1.9221547262983976,-14.876334266484092,11.879759746003314,-82.9980123032269,36.73,19,0.6199999999999974
2026-06-22 12:26:32.532084000,15.0,-82.637666,0.3473211009162942,-12.208744266054877,1.9221547262983976,-14.876334266484092,12.213683658138095,-88.37045752691604,36.74,19,0.6300000000000026
2026-06-22 12:26:32.542084000,15.0,-82.637666,1.0328599431393561,-11.778368696693098,1.9221547262983976,-14.876334266484092,11.823568362274637,-84.98848068979225,36.75,19,0.6400000000000006
2026-06-22 12:26:32.552084000,15.0,-82.637666,0.7675605580216505,-12.217450221939428,1.9221547262983976,-14.876334266484092,12.241537449838491,-86.40512084192464,36.76,19,0.6499999999999986
2026-06-22 12:26:32.562084000,15.0,-82.637666,1.3962364217251804,-11.716283607765993,1.9221547262983976,-14.876334266484092,11.79918546862274,-83.2040783087675,36.77,19,0.6600000000000037
2026-06-22 12:26:32.572084000,15.0,-82.637666,0.6861953585943763,-11.84162422971027,1.9221547262983976,-14.876334266484092,11.861489302267984,-86.68354791377503,36.78,19,0.6700000000000017
2026-06-22 12:26:32.582084000,15.0,-82.637666,1.3533379310345062,-11.788806896551725,1.9221547262983976,-14.876334266484092,11.866233252374666,-83.45119547406165,36.79,19,0.6799999999999997
2026-06-22 12:26:32.592084000,15.0,-82.637666,0.3699999999988203,-12.233615094339214,1.9221547262983976,-14.876334266484092,12.239209054364721,-88.26764387570579,36.8,19,0.6899999999999977
2026-06-22 12:26:32.602084000,15.0,-82.637666,1.33294085047411,-11.747661835233966,1.9221547262983976,-14.876334266484092,11.823040637072822,-83.52665632949183,36.81,19,0.7000000000000028
2026-06-22 12:26:32.612084000,15.0,-82.637666,0.8731863517059355,-11.860406824147033,1.9221547262983976,-14.876334266484092,11.892506230356956,-85.78936914220446,36.82,19,0.7100000000000009
2026-06-22 12:26:32.622084000,15.0,-82.637666,1.2932641669018416,-11.741716098111075,1.9221547262983976,-14.876334266484092,11.812723188750047,-83.71462398380093,36.83,19,0.7199999999999989
2026-06-22 12:26:32.632084000,15.0,-82.637666,0.7454586666666384,-11.78920957575759,1.9221547262983976,-14.876334266484092,11.812754591747128,-86.38187392082402,36.84,19,0.730000000000004
2026-06-22 12:26:32.642084000,15.0,-82.637666,1.3473907839610866,-11.80342549371641,1.9221547262983976,-14.876334266484092,11.880080610434332,-83.48773134857896,36.85,19,0.740000000000002
2026-06-22 12:26:32.652084000,15.0,-82.637666,0.26673702726484577,-12.251343740838518,1.9221547262983976,-14.876334266484092,12.254247104489822,-88.75274973120897,36.86,19,0.75
2026-06-22 12:26:32.662084000,15.0,-82.637666,1.2369165571620384,-11.766647174769929,1.9221547262983976,-14.876334266484092,11.831481238834922,-83.99907480184079,36.87,19,0.759999999999998
2026-06-22 12:26:32.672084000,15.0,-82.637666,0.24130147746396155,-12.302342809051769,1.9221547262983976,-14.876334266484092,12.304709057692264,-88.87632917687492,36.88,19,0.7700000000000031
2026-06-22 12:26:32.682084000,15.0,-82.637666,1.298345723783476,-11.703208220006108,1.9221547262983976,-14.876334266484092,11.77500676260041,-83.66953245835262,36.89,19,0.7800000000000011
2026-06-22 12:26:32.692084000,15.0,-82.637666,0.08836453900718141,-12.179187234042619,1.9221547262983976,-14.876334266484092,12.17950778864321,-89.58430507625525,36.9,19,0.7899999999999991
2026-06-22 12:26:32.702084000,15.0,-82.637666,1.325080038572716,-11.7977862423659,1.9221547262983976,-14.876334266484092,11.871966868601932,-83.5916247263626,36.91,19,0.7999999999999972
2026-06-22 12:26:32.712084000,15.0,-82.637666,0.0551257632843467,-12.24481382356748,1.9221547262983976,-14.876334266484092,12.24493791015728,-89.74205796135016,36.92,19,0.8100000000000023
2026-06-22 12:26:32.722084000,15.0,-82.637666,1.3305870206488737,-11.73436578171108,1.9221547262983976,-14.876334266484092,11.80956401051754,-83.53073080199636,36.93,19,0.8200000000000003
2026-06-22 12:26:32.732084000,15.0,-82.637666,0.00145781990514883,-12.218529857820004,1.9221547262983976,-14.876334266484092,12.218529944787868,-89.99316391346335,36.94,19,0.8299999999999983
2026-06-22 12:26:32.742084000,15.0,-82.637666,1.1397000759305007,-11.665426727410685,1.9221547262983976,-14.876334266484092,11.720968261865721,-84.41997083626714,36.95,19,0.8400000000000034
2026-06-22 12:26:32.752084000,15.0,-82.637666,0.14237614069995297,-12.080328355732686,1.9221547262983976,-14.876334266484092,12.081167333820014,-89.3247555820265,36.96,19,0.8500000000000014
2026-06-22 12:26:32.762084000,15.0,-82.637666,1.379298611111122,-11.64610763888886,1.9221547262983976,-14.876334266484092,11.727501344924184,-83.24567741914477,36.97,19,0.8599999999999994
2026-06-22 12:26:32.772084000,15.0,-82.637666,0.8508346839545204,-11.852213938411728,1.9221547262983976,-14.876334266484092,11.882714121836862,-85.89395249530362,36.98,19,0.8699999999999974
2026-06-22 12:26:32.782084000,15.0,-82.637666,1.3021465822783913,-11.65682708860775,1.9221547262983976,-14.876334266484092,11.72933090570126,-83.62609753844183,36.99,19,0.8800000000000026
2026-06-22 12:26:32.792084000,15.0,-82.637666,0.8201667042633477,-11.6957404692082,1.9221547262983976,-14.876334266484092,11.724462399012443,-85.988685915502,37.0,19,0.8900000000000006
2026-06-22 12:26:32.802084000,15.0,-82.637666,1.3674458483756307,-11.696332129963745,1.9221547262983976,-14.876334266484092,11.775996494677722,-83.331686919947,37.01,19,0.8999999999999986
2026-06-22 12:26:32.812084000,15.0,-82.637666,0.921762802547599,-11.74642573248408,1.9221547262983976,-14.876334266484092,11.782536405754263,-85.51309362230107,37.02,19,0.9100000000000037
2026-06-22 12:26:32.822084000,15.0,-82.637666,1.3594960355216925,-11.713671424040873,1.9221547262983976,-14.876334266484092,11.792299508619637,-83.37983464538537,37.03,19,0.9200000000000017
2026-06-22 12:26:32.832084000,15.0,-82.637666,-0.20589110639880415,-12.221331046526064,1.9221547262983976,-14.876334266484092,12.223065233257817,-90.96516292274654,37.04,19,0.9299999999999997
2026-06-22 12:26:32.842084000,15.0,-82.637666,1.3146702702702178,-11.66494054054066,1.9221547262983976,-14.876334266484092,11.738790215941394,-83.56974494079076,37.05,19,0.9399999999999977
2026-06-22 12:26:32.852084000,15.0,-82.637666,-0.32077410468317646,-12.172022038567487,1.9221547262983976,-14.876334266484092,12.176248048295005,-91.50958890326467,37.06,19,0.9500000000000028
2026-06-22 12:26:32.862084000,15.0,-82.637666,1.362387186629479,-11.66407799442904,1.9221547262983976,-14.876334266484092,11.743373208172171,-83.33792735498203,37.07,19,0.9600000000000009
2026-06-22 12:26:32.872084000,15.0,-82.637666,-0.3002497427104236,-12.138521097770385,1.9221547262983976,-14.876334266484092,12.142233910982542,-91.41693833508745,37.08,19,0.9699999999999989
2026-06-22 12:26:32.882084000,15.0,-82.637666,1.2399534883723908,-11.588017054263457,1.9221547262983976,-14.876334266484092,11.654167662395611,-83.89241443330238,37.09,19,0.980000000000004
2026-06-22 12:26:32.892084000,15.0,-82.637666,-0.3511754032250842,-12.25895362903186,1.9221547262983976,-14.876334266484092,12.26398256043214,-91.64087147545024,37.1,19,0.990000000000002
2026-06-22 12:26:32.902084000,15.0,-82.637666,1.299040669856468,-11.620370813397118,1.9221547262983976,-14.876334266484092,11.692755214353575,-83.62139085479706,37.11,19,1.0
2026-06-22 12:26:32.912084000,15.0,-82.637666,0.09370070100591443,-12.004390734532112,1.9221547262983976,-14.876334266484092,12.004756421047842,-89.55278482708127,37.12,19,1.009999999999998
2026-06-22 12:26:32.922084000,15.0,-82.637666,1.3125971223022252,-11.696697841726865,1.9221547262983976,-14.876334266484092,11.77011689007947,-83.59708659857004,37.13,19,1.0200000000000031
2026-06-22 12:26:32.932084000,15.0,-82.637666,0.7918371424246994,-11.777407143938252,1.9221547262983976,-14.876334266484092,11.803996149364464,-86.15358886778017,37.14,19,1.0300000000000011
2026-06-22 12:26:32.942084000,15.0,-82.637666,1.253516846127133,-11.626204584925256,1.9221547262983976,-14.876334266484092,11.693585315636158,-83.84624210983192,37.15,19,1.0399999999999991
2026-06-22 12:26:32.952084000,15.0,-82.637666,0.7368464392750272,-11.763063507920648,1.9221547262983976,-14.876334266484092,11.786119198720447,-86.41563599822763,37.16,19,1.0499999999999972
2026-06-22 12:26:32.962084000,15.0,-82.637666,1.2470718975705286,-11.654088312541102,1.9221547262983976,-14.876334266484092,11.720621259737781,-83.89217829399779,37.17,19,1.0600000000000023
2026-06-22 12:26:32.972084000,15.0,-82.637666,-0.4845545435063843,-12.192380518645592,1.9221547262983976,-14.876334266484092,12.202005401452716,-92.27587445113711,37.18,19,1.0700000000000003
2026-06-22 12:26:32.982084000,15.0,-82.637666,0.767760777680746,-11.744939983094762,1.9221547262983976,-14.876334266484092,11.770007298988515,-86.25992518353863,37.19,19,1.0799999999999983
2026-06-22 12:26:32.992084000,15.0,-82.637666,-0.444145743622953,-12.189436237164273,1.9221547262983976,-14.876334266484092,12.19752520888856,-92.08675964928322,37.2,19,1.0900000000000034
2026-06-22 12:26:33.002084000,15.0,-82.637666,1.1600812077046483,-11.674790213430425,1.9221547262983976,-14.876334266484092,11.732285154055893,-84.32535552615069,37.21,19,1.1000000000000014
2026-06-22 12:26:33.012084000,15.0,-82.637666,-0.4515455989837095,-12.162917063870584,1.9221547262983976,-14.876334266484092,12.171295942937046,-92.12611669550982,37.22,19,1.1099999999999994
2026-06-22 12:26:33.022084000,15.0,-82.637666,1.2384572748266944,-11.626015315424892,1.9221547262983976,-14.876334266484092,11.691792357721091,-83.91951707856931,37.23,19,1.1199999999999974
2026-06-22 12:26:33.032084000,15.0,-82.637666,-0.5194904240764966,-12.111555403556729,1.9221547262983976,-14.876334266484092,12.122691309859018,-92.45603268375517,37.24,19,1.1300000000000026
2026-06-22 12:26:33.042083999,15.0,-82.637666,1.2010902226772684,-11.58706654722291,1.9221547262983976,-14.876334266484092,11.649151423721094,-84.08197946544598,37.249999999,19,1.139999999000004
2026-06-22 12:26:33.052083999,15.0,-82.637666,0.9162098016718957,-11.74475889198491,1.9221547262983976,-14.876334266484092,11.780441495612049,-85.53938441233294,37.259999999,19,1.149999999000002
2026-06-22 12:26:33.062084000,15.0,-82.637666,1.2292440311634891,-11.619757476753005,1.9221547262983976,-14.876334266484092,11.68459689962424,-83.96118996797053,37.27,19,1.1600000000000037
2026-06-22 12:26:33.072084000,15.0,-82.637666,-0.3148544542043962,-12.088707653701748,1.9221547262983976,-14.876334266484092,12.092807203623135,-91.49195053756573,37.28,19,1.1700000000000017
2026-06-22 12:26:33.082084000,15.0,-82.637666,1.2912567685590082,-11.61283449781658,1.9221547262983976,-14.876334266484092,11.684402813838126,-83.6552181597326,37.29,19,1.1799999999999997
2026-06-22 12:26:33.092084000,15.0,-82.637666,-0.4729205202294124,-12.156371387282823,1.9221547262983976,-14.876334266484092,12.165566946262825,-92.22785992004596,37.3,19,1.1899999999999977
2026-06-22 12:26:33.102084000,15.0,-82.637666,1.3245151515152447,-11.565212121212088,1.9221547262983976,-14.876334266484092,11.640810615898896,-83.46662016275027,37.31,19,1.2000000000000028
2026-06-22 12:26:33.112084000,15.0,-82.637666,-0.5104581999293382,-12.152726431874887,1.9221547262983976,-14.876334266484092,12.163442247236826,-92.40521487777413,37.32,19,1.2100000000000009
2026-06-22 12:26:33.122084000,15.0,-82.637666,1.4358973736483758,-11.573610461266775,1.9221547262983976,-14.876334266484092,11.662343691419577,-82.92765228926338,37.33,19,1.2199999999999989
2026-06-22 12:26:33.132084000,15.0,-82.637666,0.12698712848044502,-12.002014041657045,1.9221547262983976,-14.876334266484092,12.002685815555306,-89.39380548915351,37.34,19,1.230000000000004
2026-06-22 12:26:33.142084000,15.0,-82.637666,1.2654855967073593,-11.56826495726512,1.9221547262983976,-14.876334266484092,11.637276653794991,-83.75707441071019,37.35,19,1.240000000000002
2026-06-22 12:26:33.152084000,15.0,-82.637666,0.014057198570140872,-12.035303867403293,1.9221547262983976,-14.876334266484092,12.035312076783232,-89.93307873299543,37.36,19,1.25
2026-06-22 12:26:33.162084000,15.0,-82.637666,1.3796289869870089,-11.592951007910097,1.9221547262983976,-14.876334266484092,11.674754353455945,-83.2133851925168,37.37,19,1.259999999999998
2026-06-22 12:26:33.172084000,15.0,-82.637666,0.34648306997570766,-11.946397291196643,1.9221547262983976,-14.876334266484092,11.951420784027741,-88.3387080206993,37.38,19,1.2700000000000031
2026-06-22 12:26:33.182084000,15.0,-82.637666,1.5142825229960493,-11.582594393342092,1.9221547262983976,-14.876334266484092,11.681161947346288,-82.55152338979718,37.39,19,1.2800000000000011
2026-06-22 12:26:33.192084000,15.0,-82.637666,0.39308340847781936,-11.96310820559038,1.9221547262983976,-14.876334266484092,11.969564424183714,-88.1180542805004,37.4,19,1.2899999999999991
2026-06-22 12:26:33.202084000,15.0,-82.637666,1.3770639324482223,-11.554265379976004,1.9221547262983976,-14.876334266484092,11.636036848728255,-83.20341668323493,37.41,19,1.2999999999999972
2026-06-22 12:26:33.212084000,15.0,-82.637666,0.14564740450489966,-11.998150832517176,1.9221547262983976,-14.876334266484092,11.999034818112314,-89.30451185145242,37.42,19,1.3100000000000023
2026-06-22 12:26:33.222084000,15.0,-82.637666,1.4479081206496822,-11.58004593967516,1.9221547262983976,-14.876334266484092,11.670214303552031,-82.87302340073492,37.43,19,1.3200000000000003
2026-06-22 12:26:33.232084000,15.0,-82.637666,1.5192465283147691,-11.530802121671346,1.9221547262983976,-14.876334266484092,11.630456035037358,-82.49419936490695,37.44,19,1.3299999999999983
2026-06-22 12:26:33.242084000,15.0,-82.637666,1.2959452571675385,-11.587091361766632,1.9221547262983976,-14.876334266484092,11.659337902964385,-83.61833903211557,37.45,19,1.3400000000000034
2026-06-22 12:26:33.252084000,15.0,-82.637666,1.0726439860204664,-11.643380601861876,1.9221547262983976,-14.876334266484092,11.692684762729186,-84.73649524141507,37.46,19,1.3500000000000014
2026-06-22 12:26:33.262084000,15.0,-82.637666,0.8400436018959477,-11.696518483412367,1.9221547262983976,-14.876334266484092,11.726645636578837,-85.8920722132847,37.47,19,1.3599999999999994
2026-06-22 12:26:33.272084000,15.0,-82.637666,-0.10834690961250759,-12.050828152911867,1.9221547262983976,-14.876334266484092,12.051315207222647,-90.5151225545469,37.48,19,1.3699999999999974
2026-06-22 12:26:33.282084000,15.0,-82.637666,1.3913966840849112,-11.588770401909553,1.9221547262983976,-14.876334266484092,11.67200000688217,-83.15359928864684,37.49,19,1.3800000000000026
2026-06-22 12:26:33.292084000,15.0,-82.637666,1.5242913360428192,-11.568771692148896,1.9221547262983976,-14.876334266484092,11.668759254616612,-82.49399437730906,37.5,19,1.3900000000000006
2026-06-22 12:26:33.302084000,15.0,-82.637666,0.1913898431670008,-12.060426935523985,1.9221547262983976,-14.876334266484092,12.061945445871489,-89.09083567820598,37.51,19,1.3999999999999986
2026-06-22 12:26:33.312084000,15.0,-82.637666,1.4337523299157566,-11.557062092264768,1.9221547262983976,-14.876334266484092,11.645657128217461,-82.92810121238223,37.52,19,1.4100000000000037
2026-06-22 12:26:33.322084000,15.0,-82.637666,0.7654363312554889,-11.71656010685665,1.9221547262983976,-14.876334266484092,11.741536250201271,-86.2622102192296,37.53,19,1.4200000000000017
2026-06-22 12:26:33.332084000,15.0,-82.637666,0.7441468602986163,-11.905170791572772,1.9221547262983976,-14.876334266484092,11.928405011828268,-86.42331237869661,37.54,19,1.4299999999999997
2026-06-22 12:26:33.342084000,15.0,-82.637666,1.4010031970771384,-11.566730075359692,1.9221547262983976,-14.876334266484092,11.651268368484642,-83.09377524260366,37.55,19,1.4399999999999977
2026-06-22 12:26:33.352084000,15.0,-82.637666,1.0061593341253983,-11.714368608799184,1.9221547262983976,-14.876334266484092,11.757499245522721,-85.09085413242073,37.56,19,1.4500000000000028
2026-06-22 12:26:33.362084000,15.0,-82.637666,1.5148287671232696,-11.553,1.9221547262983976,-14.876334266484092,11.651888910975087,-82.5299950197834,37.57,19,1.4600000000000009
2026-06-22 12:26:33.372084000,15.0,-82.637666,0.7557506297229264,-11.750217884130938,1.9221547262983976,-14.876334266484092,11.774496988783731,-86.31991849733087,37.58,19,1.4699999999999989
2026-06-22 12:26:33.382084000,15.0,-82.637666,1.4464601593614674,-11.564302788844952,1.9221547262983976,-14.876334266484092,11.65441315488288,-82.8704843733382,37.59,19,1.480000000000004
2026-06-22 12:26:33.392084000,15.0,-82.637666,0.30177993122796254,-12.06358737105343,1.9221547262983976,-14.876334266484092,12.067361409435442,-88.56700080628244,37.6,19,1.490000000000002
2026-06-22 12:26:33.402084000,15.0,-82.637666,1.0445918944387587,-11.671106503298825,1.9221547262983976,-14.876334266484092,11.717759992305323,-84.88551871965626,37.61,19,1.5
2026-06-22 12:26:33.412084000,15.0,-82.637666,0.768248648648808,-11.717789189189174,1.9221547262983976,-14.876334266484092,11.742946370840215,-86.24890858585665,37.62,19,1.509999999999998
2026-06-22 12:26:33.422084000,15.0,-82.637666,1.4920484261502784,-11.604946731234815,1.9221547262983976,-14.876334266484092,11.700469953842672,-82.67367179614082,37.63,19,1.5200000000000031
2026-06-22 12:26:33.432084000,15.0,-82.637666,1.197889948730182,-11.681969238106593,1.9221547262983976,-14.876334266484092,11.743225519819395,-84.14525195053848,37.64,19,1.5300000000000011
2026-06-22 12:26:33.442084000,15.0,-82.637666,0.7432835820895576,-11.98582089552221,1.9221547262983976,-14.876334266484092,12.008845615750946,-86.45142821892215,37.65,19,1.5399999999999991
2026-06-22 12:26:33.452084000,15.0,-82.637666,1.3027155068622112,-11.560174091018615,1.9221547262983976,-14.876334266484092,11.633344003616385,-83.57046585830676,37.66,19,1.5499999999999972
2026-06-22 12:26:33.462084000,15.0,-82.637666,1.3236153846170557,-11.632269230769094,1.9221547262983976,-14.876334266484092,11.7073329645779,-83.50833579937202,37.67,19,1.5600000000000023
2026-06-22 12:26:33.472084000,15.0,-82.637666,0.34021098169691993,-12.099088851913452,1.9221547262983976,-14.876334266484092,12.103871056755501,-88.38933999928831,37.68,19,1.5700000000000003
2026-06-22 12:26:33.482084000,15.0,-82.637666,1.2472601547388114,-11.613966150870418,1.9221547262983976,-14.876334266484092,11.680747734933878,-83.87032008255193,37.69,19,1.5799999999999983
2026-06-22 12:26:33.492084000,15.0,-82.637666,0.33190791223278926,-12.106497007978573,1.9221547262983976,-14.876334266484092,12.11104589481837,-88.42959031052568,37.7,19,1.5900000000000034
2026-06-22 12:26:33.502084000,15.0,-82.637666,1.3830253853127643,-11.553660924750634,1.9221547262983976,-14.876334266484092,11.636143690266515,-83.17391684353146,37.71,19,1.6000000000000014
2026-06-22 12:26:33.512084000,15.0,-82.637666,0.2963770599868679,-12.130237969677,1.9221547262983976,-14.876334266484092,12.133858107077073,-88.60037561757672,37.72,19,1.6099999999999994
2026-06-22 12:26:33.522084000,15.0,-82.637666,1.412397654941357,-11.57745762144059,1.9221547262983976,-14.876334266484092,11.663292507347,-83.04454301105639,37.73,19,1.6199999999999974
2026-06-22 12:26:33.532084000,15.0,-82.637666,0.28514848883024185,-12.126860709592592,1.9221547262983976,-14.876334266484092,12.130212707555573,-88.65300713142696,37.74,19,1.6300000000000026
2026-06-22 12:26:33.542084000,15.0,-82.637666,1.3688869778869956,-11.541415233415247,1.9221547262983976,-14.876334266484092,11.622311179293819,-83.23594723608251,37.75,19,1.6400000000000006
2026-06-22 12:26:33.552084000,15.0,-82.637666,0.2537372060862677,-12.117272475795401,1.9221547262983976,-14.876334266484092,12.119928829098845,-88.80039450505645,37.76,19,1.6499999999999986
2026-06-22 12:26:33.562084000,15.0,-82.637666,1.3739723903175955,-11.556658093797173,1.9221547262983976,-14.876334266484092,11.638047363122507,-83.219923893972,37.77,19,1.6600000000000037
2026-06-22 12:26:33.572084000,15.0,-82.637666,0.23173992673993266,-12.095935730935732,1.9221547262983976,-14.876334266484092,12.098155421409215,-88.90243335613138,37.78,19,1.6700000000000017
2026-06-22 12:26:33.582084000,15.0,-82.637666,1.4725205031447062,-11.579372578616322,1.9221547262983976,-14.876334266484092,11.672625495002963,-82.75273531963644,37.79,19,1.6799999999999997
2026-06-22 12:26:33.592084000,15.0,-82.637666,0.29824332060985753,-12.115669847327979,1.9221547262983976,-14.876334266484092,12.119340119319235,-88.58987299731636,37.8,19,1.6899999999999977
2026-06-22 12:26:33.602084000,15.0,-82.637666,1.392738328530166,-11.573273775216153,1.9221547262983976,-14.876334266484092,11.656774250531875,-83.1379717885265,37.81,19,1.7000000000000028
2026-06-22 12:26:33.612084000,15.0,-82.637666,0.2504056517770458,-12.148638103920304,1.9221547262983976,-14.876334266484092,12.151218489125533,-88.81919638898849,37.82,19,1.7100000000000009
2026-06-22 12:26:33.622084000,15.0,-82.637666,1.3932811361980484,-11.544168973051734,1.9221547262983976,-14.876334266484092,11.627943481237585,-83.11818164418915,37.83,19,1.7199999999999989
2026-06-22 12:26:33.632084000,15.0,-82.637666,0.12941770030166022,-12.156048273550057,1.9221547262983976,-14.876334266484092,12.156737167925886,-89.39003138854977,37.84,19,1.730000000000004
2026-06-22 12:26:33.642084000,15.0,-82.637666,1.339987914471511,-11.543837620080664,1.9221547262983976,-14.876334266484092,11.621349087335743,-83.378840991334,37.85,19,1.740000000000002
2026-06-22 12:26:33.652084000,15.0,-82.637666,0.3014149365630055,-12.011370242214433,1.9221547262983976,-14.876334266484092,12.015151520456897,-88.56251370604113,37.86,19,1.75
2026-06-22 12:26:33.662084000,15.0,-82.637666,1.4675248868780626,-11.539471719456884,1.9221547262983976,-14.876334266484092,11.632413200095312,-82.75235185996448,37.87,19,1.759999999999998
2026-06-22 12:26:33.672084000,15.0,-82.637666,0.08426620209044001,-12.151251567943888,1.9221547262983976,-14.876334266484092,12.151543748029447,-89.60267299920342,37.88,19,1.7700000000000031
2026-06-22 12:26:33.682084000,15.0,-82.637666,1.33288817330182,-11.588031030445073,1.9221547262983976,-14.876334266484092,11.664435436191747,-83.4385123692151,37.89,19,1.7800000000000011
2026-06-22 12:26:33.692084000,15.0,-82.637666,0.11850040683558138,-12.077969351776085,1.9221547262983976,-14.876334266484092,12.078550658454956,-89.43787277982497,37.9,19,1.7899999999999991
2026-06-22 12:26:33.702084000,15.0,-82.637666,1.3580237439778238,-11.53729731589835,1.9221547262983976,-14.876334266484092,11.616947010494746,-83.28676059521177,37.91,19,1.7999999999999972
2026-06-22 12:26:33.712084000,15.0,-82.637666,-0.10337699115046481,-12.138961061946945,1.9221547262983976,-14.876334266484092,12.139401240002055,-90.48792660908731,37.92,19,1.8100000000000023
2026-06-22 12:26:33.722084000,15.0,-82.637666,1.3454149253730627,-11.537713432835899,1.9221547262983976,-14.876334266484092,11.6158931029714,-83.34876754490759,37.93,19,1.8200000000000003
2026-06-22 12:26:33.732084000,15.0,-82.637666,-0.08077249401296967,-12.154451590831274,1.9221547262983976,-14.876334266484092,12.154719974958285,-90.38075390301395,37.94,19,1.8299999999999983
2026-06-22 12:26:33.742084000,15.0,-82.637666,1.385927728613385,-11.484924778761263,1.9221547262983976,-14.876334266484092,11.56824501999953,-83.11918055098998,37.95,19,1.8400000000000034
2026-06-22 12:26:33.752084000,15.0,-82.637666,-0.1458487163823038,-12.100828239609166,1.9221547262983976,-14.876334266484092,12.101707149513784,-90.6905404420593,37.96,19,1.8500000000000014
2026-06-22 12:26:33.762084000,15.0,-82.637666,1.4019264705884995,-11.531042279411528,1.9221547262983976,-14.876334266484092,11.615951699215735,-83.06808751430849,37.97,19,1.8599999999999994
2026-06-22 12:26:33.772084000,15.0,-82.637666,-0.2809112383672424,-12.129181818181301,1.9221547262983976,-14.876334266484092,12.132434327139004,-91.32673018196685,37.98,19,1.8699999999999974
2026-06-22 12:26:33.782084000,15.0,-82.637666,1.3117423312882672,-11.529952965235259,1.9221547262983976,-14.876334266484092,11.604330369488405,-83.50946739882183,37.99,19,1.8800000000000026
2026-06-22 12:26:33.792084000,15.0,-82.637666,-0.20949581590037825,-12.035439853556728,1.9221547262983976,-14.876334266484092,12.037263018039496,-90.99722271570792,38.0,19,1.8900000000000006
2026-06-22 12:26:33.802084000,24.0,-82.637666,1.3239092193570858,-11.46221582479695,3.075447562077436,-23.802134826374544,11.538419616018665,-83.41141634548403,38.01,20,0.0
2026-06-22 12:26:33.812084000,24.0,-82.637666,-0.3284167679232991,-12.054487646820895,3.075447562077436,-23.802134826374544,12.058960568838872,-91.56060064119416,38.02,20,0.010000000000005116
2026-06-22 12:26:33.822084000,24.0,-82.637666,-0.19916927438826426,-11.943645909902306,3.075447562077436,-23.802134826374544,11.94530644315944,-90.95536164715382,38.03,20,0.020000000000003126
2026-06-22 12:26:33.832084000,24.0,-82.637666,0.6007077464795367,-11.667915492957585,3.075447562077436,-23.802134826374544,11.683368595892203,-87.05280195786283,38.04,20,0.030000000000001137
2026-06-22 12:26:33.842084000,24.0,-82.637666,1.3073140655109017,-11.45383236994208,3.075447562077436,-23.802134826374544,11.528197865434809,-83.48856972892682,38.05,20,0.03999999999999915
2026-06-22 12:26:33.852084000,24.0,-82.637666,0.3739516553382801,-11.831359460644762,3.075447562077436,-23.802134826374544,11.837267696876614,-88.18966525423521,38.06,20,0.05000000000000426
2026-06-22 12:26:33.862084000,24.0,-82.637666,1.5365412126292124,-12.598442302318896,3.075447562077436,-23.802134826374544,12.691796852414802,-83.04638912916663,38.07,20,0.060000000000002274
2026-06-22 12:26:33.872084000,24.0,-82.637666,0.09216168452725282,-15.301637901861241,3.075447562077436,-23.802134826374544,15.301915444014561,-89.65491199444439,38.08,20,0.07000000000000028
2026-06-22 12:26:33.882084000,24.0,-82.637666,2.126323710073972,-14.9969447174447,3.075447562077436,-23.802134826374544,15.14693379460395,-81.93017511254997,38.09,20,0.0800000000000054
2026-06-22 12:26:33.892084000,24.0,-82.637666,0.5040228937736624,-15.300890567765295,3.075447562077436,-23.802134826374544,15.309189764457718,-88.11331595303767,38.1,20,0.09000000000000341
2026-06-22 12:26:33.902084000,24.0,-82.637666,2.1759745352288404,-14.796897047336348,3.075447562077436,-23.802134826374544,14.956036487232689,-81.63426448430738,38.11,20,0.10000000000000142
2026-06-22 12:26:33.912084000,24.0,-82.637666,1.6566135582122865,-15.093460782708178,3.075447562077436,-23.802134826374544,15.18410112191046,-83.73645610809872,38.12,20,0.10999999999999943
2026-06-22 12:26:33.922084000,24.0,-82.637666,2.7641815800960265,-16.251578786556294,3.075447562077436,-23.802134826374544,16.4849784004526,-80.34711243498744,38.13,20,0.12000000000000455
2026-06-22 12:26:33.932084000,24.0,-82.637666,1.2505896017704896,-17.617591814159084,3.075447562077436,-23.802134826374544,17.66192276289254,-85.93965409343885,38.14,20,0.13000000000000256
2026-06-22 12:26:33.942084000,24.0,-82.637666,2.7818083916082097,-16.613019020979337,3.075447562077436,-23.802134826374544,16.844312361121872,-80.49415437638544,38.15,20,0.14000000000000057
2026-06-22 12:26:33.952084000,24.0,-82.637666,1.2903537604444022,-17.20731197771655,3.075447562077436,-23.802134826374544,17.255625121262934,-85.71149113906493,38.16,20,0.14999999999999858
2026-06-22 12:26:33.962084000,24.0,-82.637666,2.794853572031684,-16.819577098463206,3.075447562077436,-23.802134826374544,17.05020176596882,-80.56555197904162,38.17,20,0.1600000000000037
2026-06-22 12:26:33.972084000,24.0,-82.637666,1.50184220460569,-18.098420536051208,3.075447562077436,-23.802134826374544,18.160626528490006,-85.2563528986815,38.18,20,0.1700000000000017
2026-06-22 12:26:33.982084000,24.0,-82.637666,2.8209350049488404,-18.87400461893762,3.075447562077436,-23.802134826374544,19.08365071619747,-81.49941766131305,38.19,20,0.17999999999999972
2026-06-22 12:26:33.992084000,24.0,-82.637666,1.6796769155671178,-19.17511566617888,3.075447562077436,-23.802134826374544,19.248542161733386,-84.99385686275693,38.2,20,0.19000000000000483
2026-06-22 12:26:34.002084000,24.0,-82.637666,2.850379740391838,-18.67081012980408,3.075447562077436,-23.802134826374544,18.887133598501148,-81.31995829798184,38.21,20,0.20000000000000284
2026-06-22 12:26:34.012084000,24.0,-82.637666,1.6634030003417393,-19.978030003408914,3.075447562077436,-23.802134826374544,20.04715920919103,-85.24043927264854,38.22,20,0.21000000000000085
2026-06-22 12:26:34.022084000,24.0,-82.637666,3.6406463524464403,-20.26735394776351,3.075447562077436,-23.802134826374544,20.591744508601177,-79.8165026820809,38.23,20,0.21999999999999886
2026-06-22 12:26:34.032084000,24.0,-82.637666,2.371388508170572,-20.637679230363766,3.075447562077436,-23.802134826374544,20.773475575167275,-83.44513193470262,38.24,20,0.23000000000000398
2026-06-22 12:26:34.042083999,24.0,-82.637666,3.6689549206352643,-20.128258412698273,3.075447562077436,-23.802134826374544,20.459912437202963,-79.66960829220162,38.249999999,20,0.23999999900000546
2026-06-22 12:26:34.052083999,24.0,-82.637666,2.6601974522287457,-21.295878980892045,3.075447562077436,-23.802134826374544,21.46138653614076,-82.879718704388,38.259999999,20,0.24999999900000347
2026-06-22 12:26:34.062084000,24.0,-82.637666,4.421115102040798,-20.98103918367343,3.075447562077436,-23.802134826374544,21.44178779795036,-78.10074083392631,38.27,20,0.2600000000000051
2026-06-22 12:26:34.072084000,24.0,-82.637666,2.935647879304538,-21.03616253914062,3.075447562077436,-23.802134826374544,21.24001324962883,-82.05554131829669,38.28,20,0.2700000000000031
2026-06-22 12:26:34.082084000,24.0,-82.637666,4.300799679743789,-20.882218414731778,3.075447562077436,-23.802134826374544,21.32050477371132,-78.3623666661087,38.29,20,0.28000000000000114
2026-06-22 12:26:34.092084000,24.0,-82.637666,3.4792541666640857,-21.928825000000902,3.075447562077436,-23.802134826374544,22.20312084903638,-80.98453033568056,38.3,20,0.28999999999999915
2026-06-22 12:26:34.102084000,24.0,-82.637666,4.84355571428576,-21.306289999999663,3.075447562077436,-23.802134826374544,21.849897608947185,-77.19262182140665,38.31,20,0.30000000000000426
2026-06-22 12:26:34.112084000,24.0,-82.637666,3.192923682409083,-21.65841375770027,3.075447562077436,-23.802134826374544,21.892502098696465,-81.6137546899718,38.32,20,0.3100000000000023
2026-06-22 12:26:34.122084000,24.0,-82.637666,4.912213349968423,-21.236056768559013,3.075447562077436,-23.802134826374544,21.79678754021035,-76.97571068433635,38.33,20,0.3200000000000003
2026-06-22 12:26:34.132084000,24.0,-82.637666,3.5251968576701183,-21.8268789279115,3.075447562077436,-23.802134826374544,22.10971860108207,-80.8255454506936,38.34,20,0.3300000000000054
2026-06-22 12:26:34.142084000,24.0,-82.637666,5.074043003412929,-21.339902389078507,3.075447562077436,-23.802134826374544,21.934843203813475,-76.62500031385558,38.35,20,0.3400000000000034
2026-06-22 12:26:34.152084000,24.0,-82.637666,3.757154406409673,-21.662585943190024,3.075447562077436,-23.802134826374544,21.985991880733916,-80.16051440829544,38.36,20,0.3500000000000014
2026-06-22 12:26:34.162084000,24.0,-82.637666,4.9898744769874295,-21.29004602510461,3.075447562077436,-23.802134826374544,21.86698212024611,-76.80933841991909,38.37,20,0.35999999999999943
2026-06-22 12:26:34.172084000,24.0,-82.637666,3.6901023411354137,-21.679764548495225,3.075447562077436,-23.802134826374544,21.991567615025616,-80.34028760408432,38.38,20,0.37000000000000455
2026-06-22 12:26:34.182084000,24.0,-82.637666,4.976565936663084,-21.229384276035876,3.075447562077436,-23.802134826374544,21.804883977255066,-76.8070126062727,38.39,20,0.38000000000000256
2026-06-22 12:26:34.192084000,24.0,-82.637666,4.139782698961978,-21.629139100345725,3.075447562077436,-23.802134826374544,22.02174968109322,-79.16472179804269,38.4,20,0.39000000000000057
2026-06-22 12:26:34.202084000,24.0,-82.637666,5.073926662707932,-21.196930225653194,3.075447562077436,-23.802134826374544,21.795746896349947,-76.5383573492897,38.41,20,0.3999999999999986
2026-06-22 12:26:34.212084000,24.0,-82.637666,3.7555563610005938,-21.69429394708226,3.075447562077436,-23.802134826374544,22.016961494335728,-80.17871281492826,38.42,20,0.4100000000000037
2026-06-22 12:26:34.222084000,24.0,-82.637666,4.840996178343986,-21.182467515923555,3.075447562077436,-23.802134826374544,21.728602671637624,-77.12682531189951,38.43,20,0.4200000000000017
2026-06-22 12:26:34.232084000,24.0,-82.637666,3.6982730627323077,-21.65881885273382,3.075447562077436,-23.802134826374544,21.97229295594953,-80.31011858099993,38.44,20,0.4299999999999997
2026-06-22 12:26:34.242084000,24.0,-82.637666,4.890361716857317,-21.146772931810233,3.075447562077436,-23.802134826374544,21.704876022480423,-76.97879424738932,38.45,20,0.44000000000000483
2026-06-22 12:26:34.252084000,24.0,-82.637666,3.855306419054346,-21.59973193379098,3.075447562077436,-23.802134826374544,21.941098586817194,-79.87992618364208,38.46,20,0.45000000000000284
2026-06-22 12:26:34.262084000,24.0,-82.637666,4.9134086886564345,-21.139915728077245,3.075447562077436,-23.802134826374544,21.70340116046267,-76.91543723196504,38.47,20,0.46000000000000085
2026-06-22 12:26:34.272084000,24.0,-82.637666,3.8853565789443105,-21.653619736842135,3.075447562077436,-23.802134826374544,21.99943734401644,-79.82754108778778,38.48,20,0.46999999999999886
2026-06-22 12:26:34.282084000,24.0,-82.637666,4.877001595532644,-21.11615795771835,3.075447562077436,-23.802134826374544,21.67203893172352,-76.99497059566407,38.49,20,0.480000000000004
2026-06-22 12:26:34.292084000,24.0,-82.637666,3.750302631579787,-21.675473684210488,3.075447562077436,-23.802134826374544,21.99752097994989,-80.18383473963509,38.5,20,0.490000000000002
2026-06-22 12:26:34.302084000,24.0,-82.637666,4.809941678520538,-21.116052631579002,3.075447562077436,-23.802134826374544,21.65694386773867,-77.16777177062747,38.51,20,0.5
2026-06-22 12:26:34.312084000,24.0,-82.637666,4.119849015842319,-21.183888382141195,3.075447562077436,-23.802134826374544,21.58078503901917,-78.994479507438,38.52,20,0.5100000000000051
2026-06-22 12:26:34.322084000,24.0,-82.637666,4.7231383647799365,-21.063406446540885,3.075447562077436,-23.802134826374544,21.586457030857012,-77.36138033247698,38.53,20,0.5200000000000031
2026-06-22 12:26:34.332084000,24.0,-82.637666,3.8628450118764284,-21.59607482185273,3.075447562077436,-23.802134826374544,21.93882447390562,-79.85886636941147,38.54,20,0.5300000000000011
2026-06-22 12:26:34.342084000,24.0,-82.637666,4.73363606340847,-21.145320343460984,3.075447562077436,-23.802134826374544,21.66868438111521,-77.38168629182645,38.55,20,0.5399999999999991
2026-06-22 12:26:34.352084000,24.0,-82.637666,4.077464285712268,-21.637863095237964,3.075447562077436,-23.802134826374544,22.01869283880222,-79.3282598439338,38.56,20,0.5500000000000043
2026-06-22 12:26:34.362084000,24.0,-82.637666,4.734268984641714,-21.114046501706476,3.075447562077436,-23.802134826374544,21.638305444169234,-77.36196068369924,38.57,20,0.5600000000000023
2026-06-22 12:26:34.372084000,24.0,-82.637666,3.9979596381351596,-21.591043145441898,3.075447562077436,-23.802134826374544,21.95806970971017,-79.50950227867202,38.58,20,0.5700000000000003
2026-06-22 12:26:34.382084000,24.0,-82.637666,4.734474656189069,-21.064241060903694,3.075447562077436,-23.802134826374544,21.589754554926227,-77.33250921179291,38.59,20,0.5800000000000054
2026-06-22 12:26:34.392084000,24.0,-82.637666,4.152237757514324,-21.139288753799388,3.075447562077436,-23.802134826374544,21.54322648563666,-78.8872792398226,38.6,20,0.5900000000000034
2026-06-22 12:26:34.402084000,24.0,-82.637666,4.766026326963894,-21.021232696390694,3.075447562077436,-23.802134826374544,21.554749616386598,-77.22561135670277,38.61,20,0.6000000000000014
2026-06-22 12:26:34.412084000,24.0,-82.637666,4.161404825737336,-21.167431635388738,3.075447562077436,-23.802134826374544,21.572608839974034,-78.87779502515531,38.62,20,0.6099999999999994
2026-06-22 12:26:34.422084000,24.0,-82.637666,4.791618290258406,-21.056514910536876,3.075447562077436,-23.802134826374544,21.59482405617607,-77.18008961822629,38.63,20,0.6200000000000045
2026-06-22 12:26:34.432084000,24.0,-82.637666,4.127073280383645,-21.108101603476705,3.075447562077436,-23.802134826374544,21.507782014060687,-78.93704629394342,38.64,20,0.6300000000000026
2026-06-22 12:26:34.442084000,24.0,-82.637666,4.823349148859216,-21.02153495110449,3.075447562077436,-23.802134826374544,21.567791465801697,-77.07727736011809,38.65,20,0.6400000000000006
2026-06-22 12:26:34.452084000,24.0,-82.637666,4.128298588838924,-21.078292815907655,3.075447562077436,-23.802134826374544,21.478763401829113,-78.91858022391364,38.66,20,0.6499999999999986
2026-06-22 12:26:34.462084000,24.0,-82.637666,4.780812210526239,-20.958419789473822,3.075447562077436,-23.802134826374544,21.496779420744048,-77.15015979468401,38.67,20,0.6600000000000037
2026-06-22 12:26:34.472084000,24.0,-82.637666,4.342466958498234,-21.10970005892752,3.075447562077436,-23.802134826374544,21.551715844997897,-78.37586444305121,38.68,20,0.6700000000000017
2026-06-22 12:26:34.482084000,24.0,-82.637666,4.443134020619092,-20.99973195876277,3.075447562077436,-23.802134826374544,21.464626301547046,-78.05351676243589,38.69,20,0.6799999999999997
2026-06-22 12:26:34.492084000,24.0,-82.637666,4.247573689839549,-21.057537754010696,3.075447562077436,-23.802134826374544,21.481661446736446,-78.59574010863388,38.7,20,0.6900000000000048
2026-06-22 12:26:34.502084000,24.0,-82.637666,4.803028288543069,-20.900425742574352,3.075447562077436,-23.802134826374544,21.44520638654265,-77.05783178083016,38.71,20,0.7000000000000028
2026-06-22 12:26:34.512084000,24.0,-82.637666,3.7872858187152634,-21.29658918128524,3.075447562077436,-23.802134826374544,21.6307245516436,-79.91620595043344,38.72,20,0.7100000000000009
2026-06-22 12:26:34.522084000,24.0,-82.637666,4.735587145969417,-20.835680827887067,3.075447562077436,-23.802134826374544,21.367062998424736,-77.19519753175722,38.73,20,0.7199999999999989
2026-06-22 12:26:34.532084000,24.0,-82.637666,4.031005780346827,-20.996252408477847,3.075447562077436,-23.802134826374544,21.37970118597782,-79.13219758015148,38.74,20,0.730000000000004
2026-06-22 12:26:34.542084000,24.0,-82.637666,4.7648792934254125,-20.739265947006672,3.075447562077436,-23.802134826374544,21.279596488222815,-77.06075406273818,38.75,20,0.740000000000002
2026-06-22 12:26:34.552084000,24.0,-82.637666,4.177914546273321,-21.06447129024995,3.075447562077436,-23.802134826374544,21.47479733766367,-78.78158274008743,38.76,20,0.75
2026-06-22 12:26:34.562084000,24.0,-82.637666,4.693411810869935,-20.869098293113435,3.075447562077436,-23.802134826374544,21.39035712637925,-77.32519659126753,38.77,20,0.7600000000000051
2026-06-22 12:26:34.572084000,24.0,-82.637666,4.158548513132112,-21.0453603212503,3.075447562077436,-23.802134826374544,21.452289313435287,-78.82238785477682,38.78,20,0.7700000000000031
2026-06-22 12:26:34.582084000,24.0,-82.637666,4.755180949705076,-20.854783085136226,3.075447562077436,-23.802134826374544,21.390037947430624,-77.15535872830215,38.79,20,0.7800000000000011
2026-06-22 12:26:34.592084000,24.0,-82.637666,4.084551368326583,-21.024835352175852,3.075447562077436,-23.802134826374544,21.417919167524236,-79.00594162036624,38.8,20,0.7899999999999991
2026-06-22 12:26:34.602084000,24.0,-82.637666,4.706529670329655,-20.790159560439573,3.075447562077436,-23.802134826374544,21.316241603205533,-77.24424070102506,38.81,20,0.8000000000000043
2026-06-22 12:26:34.612084000,24.0,-82.637666,4.269146620731531,-20.988254737055446,3.075447562077436,-23.802134826374544,21.418040287963645,-78.50252197432604,38.82,20,0.8100000000000023
2026-06-22 12:26:34.622084000,24.0,-82.637666,4.66667920510999,-20.816164300922665,3.075447562077436,-23.802134826374544,21.332852387958184,-77.36405081743136,38.83,20,0.8200000000000003
2026-06-22 12:26:34.632084000,24.0,-82.637666,3.21640414161469,-21.32760921843759,3.075447562077436,-23.802134826374544,21.568777679242285,-81.42388455735868,38.84,20,0.8300000000000054
2026-06-22 12:26:34.642084000,24.0,-82.637666,3.93174490346236,-21.037858914895924,3.075447562077436,-23.802134826374544,21.402105637272427,-79.41416595683695,38.85,20,0.8400000000000034
2026-06-22 12:26:34.652084000,24.0,-82.637666,3.541098809791062,-21.231598023804214,3.075447562077436,-23.802134826374544,21.524872483364696,-80.53111599372127,38.86,20,0.8500000000000014
2026-06-22 12:26:34.662084000,24.0,-82.637666,4.681200320085586,-20.735165377433642,3.075447562077436,-23.802134826374544,21.25701577518096,-77.27809944181689,38.87,20,0.8599999999999994
2026-06-22 12:26:34.672084000,24.0,-82.637666,3.5612859288920315,-21.133415122684458,3.075447562077436,-23.802134826374544,21.431378682087452,-80.43469965797173,38.88,20,0.8700000000000045
2026-06-22 12:26:34.682084000,24.0,-82.637666,4.607386080104878,-20.679255416940478,3.075447562077436,-23.802134826374544,21.186307160291204,-77.43952313848509,38.89,20,0.8800000000000026
2026-06-22 12:26:34.692084000,24.0,-82.637666,4.101629569455727,-21.008345247766037,3.075447562077436,-23.802134826374544,21.404997901760407,-78.95264878083835,38.9,20,0.8900000000000006
2026-06-22 12:26:34.702084000,24.0,-82.637666,4.644254901960909,-20.771235294117385,3.075447562077436,-23.802134826374544,21.284109547687816,-77.39649612787954,38.91,20,0.8999999999999986
2026-06-22 12:26:34.712084000,24.0,-82.637666,3.68538103331034,-21.07753891910277,3.075447562077436,-23.802134826374544,21.397305443606108,-80.0821639769883,38.92,20,0.9100000000000037
2026-06-22 12:26:34.722084000,24.0,-82.637666,4.684926061493404,-20.689613469985364,3.075447562077436,-23.802134826374544,21.213407028081555,-77.24118950312098,38.93,20,0.9200000000000017
2026-06-22 12:26:34.732084000,24.0,-82.637666,3.296921787710528,-21.279635474859983,3.075447562077436,-23.802134826374544,21.533522220417165,-81.19300522294904,38.94,20,0.9299999999999997
2026-06-22 12:26:34.742084000,24.0,-82.637666,4.6272404953291515,-20.808007603736677,3.075447562077436,-23.802134826374544,21.316297404539498,-77.46269405474942,38.95,20,0.9400000000000048
2026-06-22 12:26:34.752084000,24.0,-82.637666,3.7126466821876782,-21.085482537835006,3.075447562077436,-23.802134826374544,21.409841644442494,-80.01394907289345,38.96,20,0.9500000000000028
2026-06-22 12:26:34.762084000,24.0,-82.637666,4.595931098351627,-20.77522291165029,3.075447562077436,-23.802134826374544,21.277510890363907,-77.52582932670623,38.97,20,0.9600000000000009
2026-06-22 12:26:34.772084000,24.0,-82.637666,4.227344323022714,-20.8520889979626,3.075447562077436,-23.802134826374544,21.27627917668748,-78.53974452318991,38.98,20,0.9699999999999989
2026-06-22 12:26:34.782084000,24.0,-82.637666,4.655434389139564,-20.687484162896077,3.075447562077436,-23.802134826374544,21.204836013081053,-77.31763823141321,38.99,20,0.980000000000004
2026-06-22 12:26:34.792084000,24.0,-82.637666,4.078147216064667,-20.946171208762546,3.075447562077436,-23.802134826374544,21.339479211608914,-78.98254159781497,39.0,20,0.990000000000002
2026-06-22 12:26:34.802084000,24.0,-82.637666,4.681127138544581,-20.76266655484728,3.075447562077436,-23.802134826374544,21.28382657688679,-77.29459504531106,39.01,20,1.0
2026-06-22 12:26:34.812084000,24.0,-82.637666,4.036497485331108,-20.946298267672542,3.075447562077436,-23.802134826374544,21.331683549766673,-79.09241401279117,39.02,20,1.0100000000000051
2026-06-22 12:26:34.822084000,24.0,-82.637666,4.709147688838155,-20.778568207440923,3.075447562077436,-23.802134826374544,21.305514983369083,-77.23049132509848,39.03,20,1.0200000000000031
2026-06-22 12:26:34.832084000,24.0,-82.637666,4.04356806311813,-20.909678186465193,3.075447562077436,-23.802134826374544,21.29706751040169,-79.0550932072024,39.04,20,1.0300000000000011
2026-06-22 12:26:34.842084000,24.0,-82.637666,3.4725247761207383,-21.17384059701454,3.075447562077436,-23.802134826374544,21.456699512006814,-80.6863617797749,39.05,20,1.0399999999999991
2026-06-22 12:26:34.852084000,24.0,-82.637666,4.08236288016634,-20.956004419027845,3.075447562077436,-23.802134826374544,21.349936952967205,-78.97647987668782,39.06,20,1.0500000000000043
2026-06-22 12:26:34.862084000,24.0,-82.637666,4.8011186932848995,-20.731349909255915,3.075447562077436,-23.802134826374544,21.28002842495787,-76.96088568481187,39.07,20,1.0600000000000023
2026-06-22 12:26:34.872084000,24.0,-82.637666,3.8487169502623293,-21.09769862565433,3.075447562077436,-23.802134826374544,21.445873949600962,-79.66158233272586,39.08,20,1.0700000000000003
2026-06-22 12:26:34.882084000,24.0,-82.637666,4.886300666666812,-20.733534666666685,3.075447562077436,-23.802134826374544,21.301535014616615,-76.73900035607554,39.09,20,1.0800000000000054
2026-06-22 12:26:34.892084000,24.0,-82.637666,3.9707718411547646,-21.010724187725764,3.075447562077436,-23.802134826374544,21.38264623256888,-79.2980139835316,39.1,20,1.0900000000000034
2026-06-22 12:26:34.902084000,24.0,-82.637666,4.292128824476508,-20.843210950080564,3.075447562077436,-23.802134826374544,21.280550099926,-78.36404664960793,39.11,20,1.1000000000000014
2026-06-22 12:26:34.912084000,24.0,-82.637666,3.9839333333333333,-20.953733333333336,3.075447562077436,-23.802134826374544,21.329103717898906,-79.23484411338801,39.12,20,1.1099999999999994
2026-06-22 12:26:34.922084000,24.0,-82.637666,4.794921139827899,-20.69035122597753,3.075447562077436,-23.802134826374544,21.238688815260662,-76.95222008348112,39.13,20,1.1200000000000045
2026-06-22 12:26:34.932084000,24.0,-82.637666,4.105432947329097,-21.041052297347733,3.075447562077436,-23.802134826374544,21.437827815913103,-78.95942242869465,39.14,20,1.1300000000000026
2026-06-22 12:26:34.942084000,24.0,-82.637666,3.5872491338904586,-21.002986040350486,3.075447562077436,-23.802134826374544,21.307129768219728,-80.30757280430333,39.15,20,1.1400000000000006
2026-06-22 12:26:34.952084000,24.0,-82.637666,3.729089400225016,-21.121732930969596,3.075447562077436,-23.802134826374544,21.44839643801084,-79.98748288688843,39.16,20,1.1499999999999986
2026-06-22 12:26:34.962084000,24.0,-82.637666,4.681169491526271,-20.699033898304844,3.075447562077436,-23.802134826374544,21.221765999359462,-77.25669828101113,39.17,20,1.1600000000000037
2026-06-22 12:26:34.972084000,24.0,-82.637666,4.0279357387411086,-21.0508980774296,3.075447562077436,-23.802134826374544,21.432792076203164,-79.16780046844073,39.18,20,1.1700000000000017
2026-06-22 12:26:34.982084000,24.0,-82.637666,4.701418847538974,-20.688057743097236,3.075447562077436,-23.802134826374544,21.215538465043025,-77.1968201396937,39.19,20,1.1799999999999997
2026-06-22 12:26:34.992084000,24.0,-82.637666,4.06325681818178,-20.987034090909308,3.075447562077436,-23.802134826374544,21.376755036803182,-79.04264746651631,39.2,20,1.1900000000000048
2026-06-22 12:26:35.002084000,24.0,-82.637666,4.783070422535241,-20.682704225352108,3.075447562077436,-23.802134826374544,21.228566054736937,-76.97871973737772,39.21,20,1.2000000000000028
2026-06-22 12:26:35.012084000,24.0,-82.637666,4.066649909145934,-21.018873410054358,3.075447562077436,-23.802134826374544,21.408659017123114,-79.04992893348424,39.22,20,1.2100000000000009
2026-06-22 12:26:35.022084000,24.0,-82.637666,4.607809246309722,-20.762326534576392,3.075447562077436,-23.802134826374544,21.26748948932977,-77.48707977396363,39.23,20,1.2199999999999989
2026-06-22 12:26:35.032084000,24.0,-82.637666,4.084947089947161,-20.90902998236552,3.075447562077436,-23.802134826374544,21.30432649794703,-78.94550179045467,39.24,20,1.230000000000004
2026-06-22 12:26:35.042083999,24.0,-82.637666,4.771357477365048,-20.699059943802695,3.075447562077436,-23.802134826374544,21.241867496384224,-77.01944072353396,39.249999999,20,1.2399999990000055
2026-06-22 12:26:35.052083999,24.0,-82.637666,3.994222421524187,-21.164417937219714,3.075447562077436,-23.802134826374544,21.538022178786846,-79.31264076237335,39.259999999,20,1.2499999990000035
2026-06-22 12:26:35.062084000,24.0,-82.637666,4.432814578245884,-20.75257542739042,3.075447562077436,-23.802134826374544,21.22072647094434,-77.94264164722804,39.27,20,1.2600000000000051
2026-06-22 12:26:35.072084000,24.0,-82.637666,3.9910460210934575,-21.233899328859078,3.075447562077436,-23.802134826374544,21.605715194147308,-79.3550883962028,39.28,20,1.2700000000000031
2026-06-22 12:26:35.082084000,24.0,-82.637666,4.631245454545726,-20.701613636363575,3.075447562077436,-23.802134826374544,21.213326981157973,-77.38975544946422,39.29,20,1.2800000000000011
2026-06-22 12:26:35.092084000,24.0,-82.637666,4.03260083782166,-21.17568132854598,3.075447562077436,-23.802134826374544,21.556236898988907,-79.217953546391,39.3,20,1.2899999999999991
2026-06-22 12:26:35.102084000,24.0,-82.637666,4.711180235720759,-20.665852039891206,3.075447562077436,-23.802134826374544,21.19605292850821,-77.15778813772414,39.31,20,1.3000000000000043
2026-06-22 12:26:35.112084000,24.0,-82.637666,4.036953079178893,-21.202912023460733,3.075447562077436,-23.802134826374544,21.58380106557016,-79.22012693854751,39.32,20,1.3100000000000023
2026-06-22 12:26:35.122084000,24.0,-82.637666,4.648948490605858,-20.687642248962074,3.075447562077436,-23.802134826374544,21.203567244436655,-77.33483046132015,39.33,20,1.3200000000000003
2026-06-22 12:26:35.132084000,24.0,-82.637666,4.710168672155411,-20.67567968475124,3.075447562077436,-23.802134826374544,21.205410143324023,-77.16635496776973,39.34,20,1.3300000000000054
2026-06-22 12:26:35.142084000,24.0,-82.637666,4.650988136776067,-20.699249825540825,3.075447562077436,-23.802134826374544,21.21533959163943,-77.33632928298415,39.35,20,1.3400000000000034
2026-06-22 12:26:35.152084000,24.0,-82.637666,3.984801184990112,-21.184186965108765,3.075447562077436,-23.802134826374544,21.555704995582555,-79.34699312173298,39.36,20,1.3500000000000014
2026-06-22 12:26:35.162084000,24.0,-82.637666,3.7837004909980863,-20.894104200763866,3.075447562077436,-23.802134826374544,21.233934627335497,-79.73557943865676,39.37,20,1.3599999999999994
2026-06-22 12:26:35.172084000,24.0,-82.637666,4.0582988892624074,-21.246548300235585,3.075447562077436,-23.802134826374544,21.630663525394503,-79.18620200038826,39.38,20,1.3700000000000045
2026-06-22 12:26:35.182084000,24.0,-82.637666,4.7564413946587605,-20.71070548961424,3.075447562077436,-23.802134826374544,21.249871920046033,-77.06568409302292,39.39,20,1.3800000000000026
2026-06-22 12:26:35.192084000,24.0,-82.637666,4.014529934997828,-21.258436537803583,3.075447562077436,-23.802134826374544,21.634176079315246,-79.30596808292898,39.4,20,1.3900000000000006
2026-06-22 12:26:35.202084000,24.0,-82.637666,4.734519042968729,-20.685455078125024,3.075447562077436,-23.802134826374544,21.22036103268184,-77.10811310012714,39.41,20,1.3999999999999986
2026-06-22 12:26:35.212084000,24.0,-82.637666,4.0055918854415244,-21.04962529832944,3.075447562077436,-23.802134826374544,21.427353815923833,-79.22584275767096,39.42,20,1.4100000000000037
2026-06-22 12:26:35.222084000,24.0,-82.637666,4.639465858328018,-20.625609444798975,3.075447562077436,-23.802134826374544,21.140965172384444,-77.32304393616471,39.43,20,1.4200000000000017
2026-06-22 12:26:35.232084000,24.0,-82.637666,3.978080539119024,-21.09162721893464,3.075447562077436,-23.802134826374544,21.463500728404536,-79.31894829017365,39.44,20,1.4299999999999997
2026-06-22 12:26:35.242084000,24.0,-82.637666,4.723587927059255,-20.661320897086554,3.075447562077436,-23.802134826374544,21.194396998193778,-77.12236228762428,39.45,20,1.4400000000000048
2026-06-22 12:26:35.252084000,24.0,-82.637666,3.9468552255852662,-21.035219874358035,3.075447562077436,-23.802134826374544,21.402292898993718,-79.37310488735443,39.46,20,1.4500000000000028
2026-06-22 12:26:35.262084000,24.0,-82.637666,4.767808281670394,-20.67033079892386,3.075447562077436,-23.802134826374544,21.21307547593477,-77.01135227193384,39.47,20,1.4600000000000009
2026-06-22 12:26:35.272084000,24.0,-82.637666,3.8715929411763783,-21.11022857142889,3.075447562077436,-23.802134826374544,21.462315397928048,-79.6075070576375,39.48,20,1.4699999999999989
2026-06-22 12:26:35.282084000,24.0,-82.637666,4.72634614563308,-20.64069058295967,3.075447562077436,-23.802134826374544,21.174901549471738,-77.10264564083074,39.49,20,1.480000000000004
2026-06-22 12:26:35.292084000,24.0,-82.637666,3.8351447225245323,-20.901183895538527,3.075447562077436,-23.802134826374544,21.250125253226788,-79.60249381047913,39.5,20,1.490000000000002
2026-06-22 12:26:35.302084000,24.0,-82.637666,4.726977222878474,-20.61944406951237,3.075447562077436,-23.802134826374544,21.154332591725996,-77.0881350737149,39.51,20,1.5
2026-06-22 12:26:35.312084000,24.0,-82.637666,3.627553995680167,-21.029446004319833,3.075447562077436,-23.802134826374544,21.340026880024745,-80.21286364520101,39.52,20,1.5100000000000051
2026-06-22 12:26:35.322084000,24.0,-82.637666,4.675062137050185,-20.58628977932637,3.075447562077436,-23.802134826374544,21.110460271241784,-77.2053677942362,39.53,20,1.5200000000000031
2026-06-22 12:26:35.332084000,24.0,-82.637666,3.7208772429509613,-21.02525833095964,3.075447562077436,-23.802134826374544,21.351965140021612,-79.96417407667339,39.54,20,1.5300000000000011
2026-06-22 12:26:35.342084000,24.0,-82.637666,4.782180392157244,-20.564129411764632,3.075447562077436,-23.802134826374544,21.112855509545277,-76.90857025767116,39.55,20,1.5399999999999991
2026-06-22 12:26:35.352084000,24.0,-82.637666,3.5322773797332445,-21.09977823268567,3.075447562077436,-23.802134826374544,21.393401434925938,-80.49634040548406,39.56,20,1.5500000000000043
2026-06-22 12:26:35.362084000,24.0,-82.637666,4.428179487179736,-20.60535612535608,3.075447562077436,-23.802134826374544,21.075803059988694,-77.87136126712562,39.57,20,1.5600000000000023
2026-06-22 12:26:35.372084000,24.0,-82.637666,3.4273131998645585,-21.03871428571412,3.075447562077436,-23.802134826374544,21.316049694206413,-80.74750355903836,39.58,20,1.5700000000000003
2026-06-22 12:26:35.382084000,24.0,-82.637666,4.6916975289335365,-20.533025649045953,3.075447562077436,-23.802134826374544,21.06222134551292,-77.12914995543098,39.59,20,1.5800000000000054
2026-06-22 12:26:35.392084000,24.0,-82.637666,3.4333763066191634,-21.043890243903018,3.075447562077436,-23.802134826374544,21.32213379238322,-80.73365935358288,39.6,20,1.5900000000000034
2026-06-22 12:26:35.402084000,24.0,-82.637666,4.578490059955423,-20.56317103187135,3.075447562077436,-23.802134826374544,21.066717212586862,-77.44757240046162,39.61,20,1.6000000000000014
2026-06-22 12:26:35.412084000,24.0,-82.637666,3.3859283489102148,-21.042551401868895,3.075447562077436,-23.802134826374544,21.313223132230576,-80.85896849549418,39.62,20,1.6099999999999994
2026-06-22 12:26:35.422084000,24.0,-82.637666,4.723255123255846,-20.441383724383478,3.075447562077436,-23.802134826374544,20.979973963922173,-76.98938311870197,39.63,20,1.6200000000000045
2026-06-22 12:26:35.432084000,24.0,-82.637666,3.706449966863453,-20.829495692512587,3.075447562077436,-23.802134826374544,21.156693081889298,-79.91026038296457,39.64,20,1.6300000000000026
2026-06-22 12:26:35.442084000,24.0,-82.637666,4.364193594959848,-20.559992912455744,3.075447562077436,-23.802134826374544,21.01807541842304,-78.01591288107207,39.65,20,1.6400000000000006
2026-06-22 12:26:35.452084000,24.0,-82.637666,3.672289686729216,-20.81428581485431,3.075447562077436,-23.802134826374544,21.135756563835205,-79.99420813234799,39.66,20,1.6499999999999986
2026-06-22 12:26:35.462084000,24.0,-82.637666,4.606570457903026,-20.455476514032327,3.075447562077436,-23.802134826374544,20.967761225265637,-77.30871759158872,39.67,20,1.6600000000000037
2026-06-22 12:26:35.472084000,24.0,-82.637666,3.566962482946525,-20.850656207367088,3.075447562077436,-23.802134826374544,21.153559644479785,-80.29227201695082,39.68,20,1.6700000000000017
2026-06-22 12:26:35.482084000,24.0,-82.637666,4.518829560585856,-20.543193075898813,3.075447562077436,-23.802134826374544,21.034319631290227,-77.59437163150832,39.69,20,1.6799999999999997
2026-06-22 12:26:35.492084000,24.0,-82.637666,3.569449829350604,-20.8533559726966,3.075447562077436,-23.802134826374544,21.156640267496446,-80.28686518600333,39.7,20,1.6900000000000048
2026-06-22 12:26:35.502084000,24.0,-82.637666,4.6679617271835125,-20.484510958456003,3.075447562077436,-23.802134826374544,21.009641974425794,-77.16278236770322,39.71,20,1.7000000000000028
2026-06-22 12:26:35.512084000,24.0,-82.637666,3.614206896552985,-20.85689655172368,3.075447562077436,-23.802134826374544,21.16772602950998,-80.16907236500965,39.72,20,1.7100000000000009
2026-06-22 12:26:35.522084000,24.0,-82.637666,4.539020188425969,-20.468746971735897,3.075447562077436,-23.802134826374544,20.965979749677476,-77.49677640876845,39.73,20,1.7199999999999989
2026-06-22 12:26:35.532084000,24.0,-82.637666,3.544462499999728,-20.786661458333434,3.075447562077436,-23.802134826374544,21.086690328196813,-80.32321185717201,39.74,20,1.730000000000004
2026-06-22 12:26:35.542084000,24.0,-82.637666,4.585807302231556,-20.412111561865842,3.075447562077436,-23.802134826374544,20.92089689825122,-77.33810010243145,39.75,20,1.740000000000002
2026-06-22 12:26:35.552084000,24.0,-82.637666,3.536444481717946,-20.854474337470524,3.075447562077436,-23.802134826374544,21.15219940016853,-80.37549757416504,39.76,20,1.75
2026-06-22 12:26:35.562084000,24.0,-82.637666,4.463177559113112,-20.544104567484133,3.075447562077436,-23.802134826374544,21.023324818018043,-77.74303494678988,39.77,20,1.7600000000000051
2026-06-22 12:26:35.572084000,24.0,-82.637666,3.5379686248331046,-20.824156875834447,3.075447562077436,-23.802134826374544,21.122564512380272,-80.35767218234209,39.78,20,1.7700000000000031
2026-06-22 12:26:35.582084000,24.0,-82.637666,4.466595794392604,-20.531621135873433,3.075447562077436,-23.802134826374544,21.011852475627425,-77.72669984640972,39.79,20,1.7800000000000011
2026-06-22 12:26:35.592084000,24.0,-82.637666,3.5029458737029233,-20.85379886401686,3.075447562077436,-23.802134826374544,21.145958404739265,-80.46467980711374,39.8,20,1.7899999999999991
2026-06-22 12:26:35.602084000,24.0,-82.637666,4.405943135054287,-20.52974186307515,3.075447562077436,-23.802134826374544,20.99720543010027,-77.88733225417197,39.81,20,1.8000000000000043
2026-06-22 12:26:35.612084000,24.0,-82.637666,3.5515563293736316,-20.732116345759803,3.075447562077436,-23.802134826374544,21.03411991348425,-80.27918913185196,39.82,20,1.8100000000000023
2026-06-22 12:26:35.622084000,24.0,-82.637666,4.499905759162263,-20.483748691099603,3.075447562077436,-23.802134826374544,20.97219855621881,-77.60997521420309,39.83,20,1.8200000000000003
2026-06-22 12:26:35.632084000,24.0,-82.637666,3.7750544027892143,-20.705662772450044,3.075447562077436,-23.802134826374544,21.04698331330269,-79.66732944048155,39.84,20,1.8300000000000054
2026-06-22 12:26:35.642084000,24.0,-82.637666,4.534934579439299,-20.496461059189972,3.075447562077436,-23.802134826374544,20.992154429469245,-77.52403936726327,39.85,20,1.8400000000000034
2026-06-22 12:26:35.652084000,24.0,-82.637666,3.7804840735748284,-20.68296231493974,3.075447562077436,-23.802134826374544,21.025626981181095,-79.64167792556371,39.86,20,1.8500000000000014
2026-06-22 12:26:35.662084000,24.0,-82.637666,4.512178305565388,-20.523354484225464,3.075447562077436,-23.802134826374544,21.013515468535775,-77.60046290786559,39.87,20,1.8599999999999994
2026-06-22 12:26:35.672084000,24.0,-82.637666,3.5447575652162393,-20.776091478261247,3.075447562077436,-23.802134826374544,21.07632044046677,-80.31759117326577,39.88,20,1.8700000000000045
2026-06-22 12:26:35.682084000,24.0,-82.637666,4.560816060770462,-20.51039446554529,3.075447562077436,-23.802134826374544,21.01136179005189,-77.46333784865908,39.89,20,1.8800000000000026
2026-06-22 12:26:35.692084000,24.0,-82.637666,3.967002503128911,-20.6339073842303,3.075447562077436,-23.802134826374544,21.01178818665429,-79.11730230628781,39.9,20,1.8900000000000006
2026-06-22 12:26:35.702084000,24.0,-82.637666,4.622175609756049,-20.469886178861703,3.075447562077436,-23.802134826374544,20.985250714322596,-77.27579546171579,39.91,20,1.8999999999999986
2026-06-22 12:26:35.712084000,24.0,-82.637666,3.9082977433473682,-20.687057595150023,3.075447562077436,-23.802134826374544,21.05300793700768,-79.30150387597104,39.92,20,1.9100000000000037
2026-06-22 12:26:35.722084000,24.0,-82.637666,4.625502676086475,-20.508497323913527,3.075447562077436,-23.802134826374544,21.023647102523658,-77.29012800364418,39.93,20,1.9200000000000017
2026-06-22 12:26:35.732084000,24.0,-82.637666,3.978034517425796,-20.61658947721193,3.075447562077436,-23.802134826374544,20.996869297438533,-79.07881777417201,39.94,20,1.9299999999999997
2026-06-22 12:26:35.742084000,24.0,-82.637666,4.598695031410689,-20.47057110222727,3.075447562077436,-23.802134826374544,20.980759691757196,-77.33875517323106,39.95,20,1.9400000000000048
2026-06-22 12:26:35.752084000,24.0,-82.637666,3.876274599541418,-20.660242562929348,3.075447562077436,-23.802134826374544,21.020730899046477,-79.37370317701907,39.96,20,1.9500000000000028
2026-06-22 12:26:35.762084000,24.0,-82.637666,4.6192584652373645,-20.476622720897634,3.075447562077436,-23.802134826374544,20.99117973870569,-77.28761231380501,39.97,20,1.9600000000000009
2026-06-22 12:26:35.772084000,24.0,-82.637666,3.908507246375383,-20.683376811594588,3.075447562077436,-23.802134826374544,21.049430045143207,-79.29908360113737,39.98,20,1.9699999999999989
2026-06-22 12:26:35.782084000,24.0,-82.637666,4.623955456570182,-20.471258351893066,3.075447562077436,-23.802134826374544,20.986981263971643,-77.27188081329469,39.99,20,1.980000000000004
2026-06-22 12:26:35.792084000,24.0,-82.637666,3.883793068639502,-20.684015814266765,3.075447562077436,-23.802134826374544,21.04548309744516,-79.36552027147565,40.0,20,1.990000000000002
2026-06-22 12:26:35.802084000,24.0,-65.450049,4.5698576814319525,-20.450524505184024,9.971673546349022,-21.83038539937037,20.954893265432656,-77.40367206935933,40.01,21,0.0
2026-06-22 12:26:35.812084000,24.0,-65.450049,4.133798823748639,-20.464369118745378,9.971673546349022,-21.83038539937037,20.877708115199933,-78.57993588845294,40.02,21,0.010000000000005116
2026-06-22 12:26:35.822084000,24.0,-65.450049,3.305296296294179,-20.81629629629655,9.971673546349022,-21.83038539937037,21.077077005635896,-80.97766448926973,40.03,21,0.020000000000003126
2026-06-22 12:26:35.832084000,24.0,-65.450049,3.9491547898720967,-20.672985382406623,9.971673546349022,-21.83038539937037,21.046808503323433,-79.18510022875616,40.04,21,0.030000000000001137
2026-06-22 12:26:35.842084000,24.0,-65.450049,2.846769405265916,-20.957063023967077,9.971673546349022,-21.83038539937037,21.149529229684667,-82.26439259550878,40.05,21,0.03999999999999915
2026-06-22 12:26:35.852084000,24.0,-65.450049,4.484962686567046,-21.569256218905515,9.971673546349022,-21.83038539937037,22.030608346949773,-78.25368964920996,40.06,21,0.05000000000000426
2026-06-22 12:26:35.862084000,24.0,-65.450049,5.428547066848546,-21.376587312414753,9.971673546349022,-21.83038539937037,22.055103907764327,-75.75104368150704,40.07,21,0.060000000000002274
2026-06-22 12:26:35.872084000,24.0,-65.450049,4.615384322839636,-21.430290724698885,9.971673546349022,-21.83038539937037,21.92165899270922,-77.84600521699076,40.08,21,0.07000000000000028
2026-06-22 12:26:35.882084000,24.0,-65.450049,4.775782518749211,-21.44945642617002,9.971673546349022,-21.83038539937037,21.974696349314065,-77.44768258905165,40.09,21,0.0800000000000054
2026-06-22 12:26:35.892084000,24.0,-65.450049,4.630607551487417,-21.451312356979397,9.971673546349022,-21.83038539937037,21.945417018880942,-77.81870607463495,40.1,21,0.09000000000000341
2026-06-22 12:26:35.902084000,24.0,-65.450049,4.637928066037485,-21.451233490566114,9.971673546349022,-21.83038539937037,21.94688577025277,-77.79998157610197,40.11,21,0.10000000000000142
2026-06-22 12:26:35.912084000,24.0,-65.450049,4.526778615489671,-21.62948320767652,9.971673546349022,-21.83038539937037,22.098105540177315,-78.17933015318289,40.12,21,0.10999999999999943
2026-06-22 12:26:35.922084000,24.0,-65.450049,4.5587508858196975,-21.364328657169704,9.971673546349022,-21.83038539937037,21.845291222836206,-77.95478939670795,40.13,21,0.12000000000000455
2026-06-22 12:26:35.932084000,24.0,-65.450049,5.278842671193912,-21.159048670062234,9.971673546349022,-21.83038539937037,21.80760235718911,-75.99158907367531,40.14,21,0.13000000000000256
2026-06-22 12:26:35.942084000,24.0,-65.450049,5.287722301136429,-21.182685369318158,9.971673546349022,-21.83038539937037,21.832685739263987,-75.98399444654054,40.15,21,0.14000000000000057
2026-06-22 12:26:35.952084000,24.0,-65.450049,4.582874884863365,-21.50833911575082,9.971673546349022,-21.83038539937037,21.991166265763354,-77.97161958535851,40.16,21,0.14999999999999858
2026-06-22 12:26:35.962084000,24.0,-65.450049,5.221631126831946,-21.191358767054037,9.971673546349022,-21.83038539937037,21.825194570007806,-76.1578471993622,40.17,21,0.1600000000000037
2026-06-22 12:26:35.972084000,24.0,-65.450049,4.61692537313437,-21.400173317088125,9.971673546349022,-21.83038539937037,21.892542518001477,-77.8254674324571,40.18,21,0.1700000000000017
2026-06-22 12:26:35.982084000,24.0,-65.450049,5.318854500616294,-21.12242540073979,9.971673546349022,-21.83038539937037,21.78180589410675,-75.86615088873305,40.19,21,0.17999999999999972
2026-06-22 12:26:35.992084000,24.0,-65.450049,4.631395656465878,-21.425736426456293,9.971673546349022,-21.83038539937037,21.92058409675041,-77.80258676721775,40.2,21,0.19000000000000483
2026-06-22 12:26:36.002084000,24.0,-65.450049,5.4365572269457365,-21.024386527141914,9.971673546349022,-21.83038539937037,21.715915438325926,-75.50183616554482,40.21,21,0.20000000000000284
2026-06-22 12:26:36.012084000,24.0,-65.450049,5.127180778790379,-21.15951549295769,9.971673546349022,-21.83038539937037,21.771841415808495,-76.37914006099335,40.22,21,0.21000000000000085
2026-06-22 12:26:36.022084000,24.0,-65.450049,5.530365759906818,-20.895645180366483,9.971673546349022,-21.83038539937037,21.615108904239246,-75.17565824640621,40.23,21,0.21999999999999886
2026-06-22 12:26:36.032084000,24.0,-65.450049,5.170561089825456,-21.107787994891567,9.971673546349022,-21.83038539937037,21.731852567623072,-76.23586819343492,40.24,21,0.23000000000000398
2026-06-22 12:26:36.042083999,24.0,-65.450049,5.827870469798589,-20.803190939597286,9.971673546349022,-21.83038539937037,21.604092840989484,-74.350150691904,40.249999999,21,0.23999999900000546
2026-06-22 12:26:36.052083999,24.0,-65.450049,5.2519490650044975,-21.086667497773526,9.971673546349022,-21.83038539937037,21.73086549456924,-76.01419244200993,40.259999999,21,0.24999999900000347
2026-06-22 12:26:36.062084000,24.0,-65.450049,5.878295839210197,-20.799216502115694,9.971673546349022,-21.83038539937037,21.613925350920358,-74.21859264219978,40.27,21,0.2600000000000051
2026-06-22 12:26:36.072084000,24.0,-65.450049,5.219809401709389,-21.072397008547075,9.971673546349022,-21.83038539937037,21.709268202221775,-76.08739943023576,40.28,21,0.2700000000000031
2026-06-22 12:26:36.082084000,24.0,-65.450049,5.927031218529684,-20.759994964753297,9.971673546349022,-21.83038539937037,21.589513426708063,-74.0658214188034,40.29,21,0.28000000000000114
2026-06-22 12:26:36.092084000,24.0,-65.450049,5.238268013206384,-21.069074189163125,9.971673546349022,-21.83038539937037,21.71048914618556,-76.03800622678125,40.3,21,0.28999999999999915
2026-06-22 12:26:36.102084000,24.0,-65.450049,5.979937153419471,-20.80766173752316,9.971673546349022,-21.83038539937037,21.649906127787986,-73.96581909941717,40.31,21,0.30000000000000426
2026-06-22 12:26:36.112084000,24.0,-65.450049,5.221440586586173,-21.02494587017462,9.971673546349022,-21.83038539937037,21.663605208806363,-76.05303679129635,40.32,21,0.3100000000000023
2026-06-22 12:26:36.122084000,24.0,-65.450049,5.97868074150373,-20.7673089598351,9.971673546349022,-21.83038539937037,21.610778441372137,-73.93946998696751,40.33,21,0.3200000000000003
2026-06-22 12:26:36.132084000,24.0,-65.450049,5.195463047285431,-20.991951838879213,9.971673546349022,-21.83038539937037,21.625329553131273,-76.09876504929514,40.34,21,0.3300000000000054
2026-06-22 12:26:36.142084000,24.0,-65.450049,5.912456171735262,-20.735801431126983,9.971673546349022,-21.83038539937037,21.562249395038037,-74.08541346817739,40.35,21,0.3400000000000034
2026-06-22 12:26:36.152084000,24.0,-65.450049,5.236951645790859,-20.946117390037863,9.971673546349022,-21.83038539937037,21.59086603769284,-75.96266933715397,40.36,21,0.3500000000000014
2026-06-22 12:26:36.162084000,24.0,-65.450049,5.712083570209283,-20.671675952245778,9.971673546349022,-21.83038539937037,21.446353661816527,-74.55323785928478,40.37,21,0.35999999999999943
2026-06-22 12:26:36.172084000,24.0,-65.450049,5.23711030008076,-20.939338199513617,9.971673546349022,-21.83038539937037,21.584327845194117,-75.95789590313878,40.38,21,0.37000000000000455
2026-06-22 12:26:36.182084000,24.0,-65.450049,5.95604604811005,-20.672991752577182,9.971673546349022,-21.83038539937037,21.51388092672569,-73.92790676448818,40.39,21,0.38000000000000256
2026-06-22 12:26:36.192084000,24.0,-65.450049,5.093753671245821,-20.94479441023214,9.971673546349022,-21.83038539937037,21.555294926078414,-76.33108464597656,40.4,21,0.39000000000000057
2026-06-22 12:26:36.202084000,24.0,-65.450049,5.881034953113358,-20.685632992327232,9.971673546349022,-21.83038539937037,21.50539430963771,-74.12926839059871,40.41,21,0.3999999999999986
2026-06-22 12:26:36.212084000,24.0,-65.450049,5.041109313853068,-20.968077484998865,9.971673546349022,-21.83038539937037,21.56555254407205,-76.4816079428308,40.42,21,0.4100000000000037
2026-06-22 12:26:36.222084000,24.0,-65.450049,5.644449469311784,-20.695360867558936,9.971673546349022,-21.83038539937037,21.451288335438125,-74.74421094882373,40.43,21,0.4200000000000017
2026-06-22 12:26:36.232084000,24.0,-65.450049,5.267979114868225,-20.886906016907012,9.971673546349022,-21.83038539937037,21.540994566495627,-75.8444047311216,40.44,21,0.4299999999999997
2026-06-22 12:26:36.242084000,24.0,-65.450049,5.703846054751308,-20.653970048309183,9.971673546349022,-21.83038539937037,21.427093563354664,-74.56185911944293,40.45,21,0.44000000000000483
2026-06-22 12:26:36.252084000,24.0,-65.450049,5.046719033232639,-20.95049676305567,9.971673546349022,-21.83038539937037,21.549772333349573,-76.45617970785068,40.46,21,0.45000000000000284
2026-06-22 12:26:36.262084000,24.0,-65.450049,5.695836123347582,-20.644854625550703,9.971673546349022,-21.83038539937037,21.4161754674861,-74.57602353503704,40.47,21,0.46000000000000085
2026-06-22 12:26:36.272084000,24.0,-65.450049,5.157558230827648,-20.93891991625293,9.971673546349022,-21.83038539937037,21.564757688497956,-76.16267394016172,40.48,21,0.46999999999999886
2026-06-22 12:26:36.282084000,24.0,-65.450049,5.705323668239965,-20.63845111260959,9.971673546349022,-21.83038539937037,21.41252863365173,-74.54699392867897,40.49,21,0.480000000000004
2026-06-22 12:26:36.292084000,24.0,-65.450049,5.07746488682453,-20.846148578061825,9.971673546349022,-21.83038539937037,21.45559507950234,-76.31110003638024,40.5,21,0.490000000000002
2026-06-22 12:26:36.302084000,24.0,-65.450049,5.35459158878532,-20.667423364485884,9.971673546349022,-21.83038539937037,21.349801863473758,-75.47497300781905,40.51,21,0.5
2026-06-22 12:26:36.312084000,24.0,-65.450049,5.226866537717615,-20.737477756286186,9.971673546349022,-21.83038539937037,21.386049600044803,-75.85330108360449,40.52,21,0.5100000000000051
2026-06-22 12:26:36.322084000,24.0,-65.450049,4.126790738123432,-21.174588868355382,9.971673546349022,-21.83038539937037,21.57298346404922,-78.97166697257825,40.53,21,0.5200000000000031
2026-06-22 12:26:36.332084000,24.0,-65.450049,5.244230990783417,-20.826604262672817,9.971673546349022,-21.83038539937037,21.476717714741113,-75.86649382048942,40.54,21,0.5300000000000011
2026-06-22 12:26:36.342084000,24.0,-65.450049,4.560475343576141,-20.945278900565185,9.971673546349022,-21.83038539937037,21.4360127724777,-77.71654136173744,40.55,21,0.5399999999999991
2026-06-22 12:26:36.352084000,24.0,-65.450049,5.200861780619822,-20.82380472208564,9.971673546349022,-21.83038539937037,21.463452806216157,-75.9769368278456,40.56,21,0.5500000000000043
2026-06-22 12:26:36.362084000,24.0,-65.450049,5.557223292747437,-20.675793118051907,9.971673546349022,-21.83038539937037,21.40960419498542,-74.95563851529981,40.57,21,0.5600000000000023
2026-06-22 12:26:36.372084000,24.0,-65.450049,5.212884502062462,-20.813500883912788,9.971673546349022,-21.83038539937037,21.456373968508316,-75.93912170424842,40.58,21,0.5700000000000003
2026-06-22 12:26:36.382084000,24.0,-65.450049,5.671001976284777,-20.625109824957526,9.971673546349022,-21.83038539937037,21.390545077360354,-74.62608149240262,40.59,21,0.5800000000000054
2026-06-22 12:26:36.392084000,24.0,-65.450049,5.215236116824413,-20.802758124228717,9.971673546349022,-21.83038539937037,21.446524970945614,-75.92605471049674,40.6,21,0.5900000000000034
2026-06-22 12:26:36.402084000,24.0,-65.450049,5.663640872792677,-20.697441795073694,9.971673546349022,-21.83038539937037,21.458353263855805,-74.69623590071164,40.61,21,0.6000000000000014
2026-06-22 12:26:36.412084000,24.0,-65.450049,5.199432637571117,-20.759944971536964,9.971673546349022,-21.83038539937037,21.401154524321406,-75.93922147566899,40.62,21,0.6099999999999994
2026-06-22 12:26:36.422084000,24.0,-65.450049,5.581028312342604,-20.644761209067997,9.971673546349022,-21.83038539937037,21.385837425796737,-74.87246718525536,40.63,21,0.6200000000000045
2026-06-22 12:26:36.432084000,24.0,-65.450049,5.357452599388246,-20.65152293577988,9.971673546349022,-21.83038539937037,21.335128261197173,-75.4568258079596,40.64,21,0.6300000000000026
2026-06-22 12:26:36.442084000,24.0,-65.450049,5.6180109159941996,-20.593999050783115,9.971673546349022,-21.83038539937037,21.346541723564634,-74.74108581241167,40.65,21,0.6400000000000006
2026-06-22 12:26:36.452084000,24.0,-65.450049,5.2132876100202585,-20.784634394041948,9.971673546349022,-21.83038539937037,21.42847158802471,-75.91932417912845,40.66,21,0.6499999999999986
2026-06-22 12:26:36.462084000,24.0,-65.450049,5.65493915552062,-20.670598478887957,9.971673546349022,-21.83038539937037,21.43016514934137,-74.6997335802848,40.67,21,0.6600000000000037
2026-06-22 12:26:36.472084000,24.0,-65.450049,5.185805202542509,-20.757300436854443,9.971673546349022,-21.83038539937037,21.395282120704895,-75.97290127067501,40.68,21,0.6700000000000017
2026-06-22 12:26:36.482084000,24.0,-65.450049,4.44794463840396,-20.984607148794684,9.971673546349022,-21.83038539937037,21.450826294004422,-78.03258328965585,40.69,21,0.6799999999999997
2026-06-22 12:26:36.492084000,24.0,-65.450049,5.193634553440735,-20.811822840410013,9.971673546349022,-21.83038539937037,21.450077151733172,-75.98791109172946,40.7,21,0.6900000000000048
2026-06-22 12:26:36.502084000,24.0,-65.450049,5.692919932574789,-20.654560050568907,9.971673546349022,-21.83038539937037,21.42475643365087,-74.59044435061485,40.71,21,0.7000000000000028
2026-06-22 12:26:36.512084000,24.0,-65.450049,5.119079641612372,-20.78788850174224,9.971673546349022,-21.83038539937037,21.408906668441468,-76.16599330597022,40.72,21,0.7100000000000009
2026-06-22 12:26:36.522084000,24.0,-65.450049,5.7374182314783635,-20.61492318197325,9.971673546349022,-21.83038539937037,21.398435124129016,-74.4473795120143,40.73,21,0.7199999999999989
2026-06-22 12:26:36.532084000,24.0,-65.450049,5.147957288567704,-20.74610900977482,9.971673546349022,-21.83038539937037,21.375277852939767,-76.06405535775093,40.74,21,0.730000000000004
2026-06-22 12:26:36.542084000,24.0,-65.450049,5.772373961218864,-20.602260387811558,9.971673546349022,-21.83038539937037,21.395640542768213,-74.34810634416907,40.75,21,0.740000000000002
2026-06-22 12:26:36.552084000,24.0,-65.450049,5.174954233409596,-20.822899313501114,9.971673546349022,-21.83038539937037,21.456311126055407,-76.04347136473957,40.76,21,0.75
2026-06-22 12:26:36.562084000,24.0,-65.450049,5.781909686315155,-20.625504308858986,9.971673546349022,-21.83038539937037,21.420595407585328,-74.34031973311376,40.77,21,0.7600000000000051
2026-06-22 12:26:36.572084000,24.0,-65.450049,5.144320106702295,-20.77331143714578,9.971673546349022,-21.83038539937037,21.40080599942145,-76.09104620692544,40.78,21,0.7700000000000031
2026-06-22 12:26:36.582084000,24.0,-65.450049,5.469687086737082,-20.67094496304927,9.971673546349022,-21.83038539937037,21.382362883746744,-75.17878789685024,40.79,21,0.7800000000000011
2026-06-22 12:26:36.592084000,24.0,-65.450049,5.130230704697924,-20.648607382550228,9.971673546349022,-21.83038539937037,21.2763778383947,-76.04715134291152,40.8,21,0.7899999999999991
2026-06-22 12:26:36.602084000,24.0,-65.450049,5.779205607476648,-20.60738760452532,9.971673546349022,-21.83038539937037,21.402421389567895,-74.3341988666837,40.81,21,0.8000000000000043
2026-06-22 12:26:36.612084000,24.0,-65.450049,5.131427528675756,-20.833994786235603,9.971673546349022,-21.83038539937037,21.45662804904218,-76.16341581603587,40.82,21,0.8100000000000023
2026-06-22 12:26:36.622084000,24.0,-65.450049,5.815558312655158,-20.621998014888288,9.971673546349022,-21.83038539937037,21.426327744481764,-74.25114950101842,40.83,21,0.8200000000000003
2026-06-22 12:26:36.632084000,24.0,-65.450049,5.17873808586057,-20.792726270185153,9.971673546349022,-21.83038539937037,21.42794422964533,-76.01419382245481,40.84,21,0.8300000000000054
2026-06-22 12:26:36.642084000,24.0,-65.450049,4.17983271088219,-20.985933290405665,9.971673546349022,-21.83038539937037,21.39814004908645,-78.735632198644,40.85,21,0.8400000000000034
2026-06-22 12:26:36.652084000,24.0,-65.450049,4.7669006704741825,-20.87765383660297,9.971673546349022,-21.83038539937037,21.414942720520873,-77.13839042067869,40.86,21,0.8500000000000014
2026-06-22 12:26:36.662084000,24.0,-65.450049,5.797802494801991,-20.600388080388083,9.971673546349022,-21.83038539937037,21.40071267110812,-74.28119902288718,40.87,21,0.8599999999999994
2026-06-22 12:26:36.672084000,24.0,-65.450049,5.13666303077522,-20.72209310479165,9.971673546349022,-21.83038539937037,21.34924939512831,-76.07795148176073,40.88,21,0.8700000000000045
2026-06-22 12:26:36.682084000,24.0,-65.450049,4.951886075942774,-20.788126582281357,9.971673546349022,-21.83038539937037,21.36977731540665,-76.6014194773694,40.89,21,0.8800000000000026
2026-06-22 12:26:36.692084000,24.0,-65.450049,5.151149122807026,-20.7477073365231,9.971673546349022,-21.83038539937037,21.377598017724303,-76.05678417196857,40.9,21,0.8900000000000006
2026-06-22 12:26:36.702084000,24.0,-65.450049,5.784298507462802,-20.5393717350746,9.971673546349022,-21.83038539937037,21.338320001701582,-74.27171696097392,40.91,21,0.8999999999999986
2026-06-22 12:26:36.712084000,24.0,-65.450049,5.151576129225208,-20.91272001196549,9.971673546349022,-21.83038539937037,21.537887429227244,-76.16145652512375,40.92,21,0.9100000000000037
2026-06-22 12:26:36.722084000,24.0,-65.450049,4.791990806006831,-20.87572326080292,9.971673546349022,-21.83038539937037,21.418660031535172,-77.07180763954696,40.93,21,0.9200000000000017
2026-06-22 12:26:36.732084000,24.0,-65.450049,5.1368188087774325,-20.8190181818178,9.971673546349022,-21.83038539937037,21.443377195047187,-76.13985839528036,40.94,21,0.9299999999999997
2026-06-22 12:26:36.742084000,24.0,-65.450049,4.408789804625978,-21.066513361778583,9.971673546349022,-21.83038539937037,21.522904375649897,-78.1797634889129,40.95,21,0.9400000000000048
2026-06-22 12:26:36.752084000,24.0,-65.450049,5.0997936632626635,-20.81569468447222,9.971673546349022,-21.83038539937037,21.431309820097766,-76.23383313217367,40.96,21,0.9500000000000028
2026-06-22 12:26:36.762084000,24.0,-65.450049,5.749501834189334,-20.55495021486217,9.971673546349022,-21.83038539937037,21.34391598739109,-74.3729641985515,40.97,21,0.9600000000000009
2026-06-22 12:26:36.772084000,24.0,-65.450049,5.197247016706397,-20.609700477327113,9.971673546349022,-21.83038539937037,21.25490838177857,-75.84653983880709,40.98,21,0.9699999999999989
2026-06-22 12:26:36.782084000,24.0,-65.450049,5.794359090407383,-20.580755160613734,9.971673546349022,-21.83038539937037,21.38088118506147,-74.27582810665733,40.99,21,0.980000000000004
2026-06-22 12:26:36.792084000,24.0,-65.450049,5.157142649199413,-20.778842794759893,9.971673546349022,-21.83038539937037,21.409260337375894,-76.06129487136658,41.0,21,0.990000000000002
2026-06-22 12:26:36.802084000,24.0,-65.450049,5.709421364985123,-20.577556083086062,9.971673546349022,-21.83038539937037,21.354936353815265,-74.4928641624584,41.01,21,1.0
2026-06-22 12:26:36.812084000,24.0,-65.450049,5.14515651134994,-20.659754679410618,9.971673546349022,-21.83038539937037,21.29079845707332,-76.0154029196794,41.02,21,1.0100000000000051
2026-06-22 12:26:36.822084000,24.0,-65.450049,5.686289156626518,-20.572253012048193,9.971673546349022,-21.83038539937037,21.34365194535589,-74.54889466065937,41.03,21,1.0200000000000031
2026-06-22 12:26:36.832084000,24.0,-65.450049,5.20756056846379,-20.636504737198287,9.971673546349022,-21.83038539937037,21.283421126375014,-75.83726226015953,41.04,21,1.0300000000000011
2026-06-22 12:26:36.842084000,24.0,-65.450049,5.380033420139406,-20.63624327256929,9.971673546349022,-21.83038539937037,21.326023914609074,-75.3877942879813,41.05,21,1.0399999999999991
2026-06-22 12:26:36.852084000,24.0,-65.450049,5.221765252621543,-20.66767778836988,9.971673546349022,-21.83038539937037,21.317123106023555,-75.82074421596587,41.06,21,1.0500000000000043
2026-06-22 12:26:36.862084000,24.0,-65.450049,5.772504492052526,-20.574268486523838,9.971673546349022,-21.83038539937037,21.36872321563304,-74.32752023543276,41.07,21,1.0600000000000023
2026-06-22 12:26:36.872084000,24.0,-65.450049,5.137333333333386,-20.848934782608236,9.971673546349022,-21.83038539937037,21.472547015834657,-76.15764828997737,41.08,21,1.0700000000000003
2026-06-22 12:26:36.882084000,24.0,-65.450049,4.722122866894351,-20.708723549488006,9.971673546349022,-21.83038539937037,21.240284259377642,-77.15471299596008,41.09,21,1.0800000000000054
2026-06-22 12:26:36.892084000,24.0,-65.450049,5.086468142186537,-20.838881287726917,9.971673546349022,-21.83038539937037,21.450667390210814,-76.2831413088304,41.1,21,1.0900000000000034
2026-06-22 12:26:36.902084000,24.0,-65.450049,5.1902346670783555,-20.653487100262698,9.971673546349022,-21.83038539937037,21.2956583673776,-75.89364007448671,41.11,21,1.1000000000000014
2026-06-22 12:26:36.912084000,24.0,-65.450049,5.178528115751576,-20.634011180532656,9.971673546349022,-21.83038539937037,21.273917618623425,-75.91143382223115,41.12,21,1.1099999999999994
2026-06-22 12:26:36.922084000,24.0,-65.450049,5.745328285296434,-20.507414264777506,9.971673546349022,-21.83038539937037,21.29701474228318,-74.34932789343674,41.13,21,1.1200000000000045
2026-06-22 12:26:36.932084000,24.0,-65.450049,5.109425443563608,-20.68656436391095,9.971673546349022,-21.83038539937037,21.308218450766024,-76.12605380709539,41.14,21,1.1300000000000026
2026-06-22 12:26:36.942084000,24.0,-65.450049,5.630271889400271,-20.5805852534563,9.971673546349022,-21.83038539937037,21.336833198095583,-74.69984232473074,41.15,21,1.1400000000000006
2026-06-22 12:26:36.952084000,24.0,-65.450049,5.147400173988605,-20.629220530665446,9.971673546349022,-21.83038539937037,21.261713671621266,-75.98965133323902,41.16,21,1.1499999999999986
2026-06-22 12:26:36.962084000,24.0,-65.450049,5.523996576515387,-20.585020883259137,9.971673546349022,-21.83038539937037,21.31332031715304,-74.97855974486093,41.17,21,1.1600000000000037
2026-06-22 12:26:36.972084000,24.0,-65.450049,5.075245266402434,-20.625210920299438,9.971673546349022,-21.83038539937037,21.240467038673597,-76.17587969962918,41.18,21,1.1700000000000017
2026-06-22 12:26:36.982084000,24.0,-65.450049,5.4651320754707,-20.549279245283017,9.971673546349022,-21.83038539937037,21.26359673486492,-75.10679204335749,41.19,21,1.1799999999999997
2026-06-22 12:26:36.992084000,24.0,-65.450049,5.141436168671135,-20.63954905086218,9.971673546349022,-21.83038539937037,21.270292684856635,-76.01197427429109,41.2,21,1.1900000000000048
2026-06-22 12:26:37.002084000,24.0,-65.450049,5.564772572137748,-20.54093887682284,9.971673546349022,-21.83038539937037,21.281373633320488,-74.84176984158847,41.21,21,1.2000000000000028
2026-06-22 12:26:37.012084000,24.0,-65.450049,5.155072396076657,-20.610963101354503,9.971673546349022,-21.83038539937037,21.245860099656788,-75.95765636463369,41.22,21,1.2100000000000009
2026-06-22 12:26:37.022084000,24.0,-65.450049,5.360481717934633,-20.53667614625639,9.971673546349022,-21.83038539937037,21.22474573191697,-75.3710601139486,41.23,21,1.2199999999999989
2026-06-22 12:26:37.032084000,24.0,-65.450049,5.133655974049299,-20.64633014957652,9.971673546349022,-21.83038539937037,21.274994061226067,-76.03672014444322,41.24,21,1.230000000000004
2026-06-22 12:26:37.042083999,24.0,-65.450049,5.205817287687087,-20.56691091356153,9.971673546349022,-21.83038539937037,21.2155216329733,-75.79584042558947,41.249999999,21,1.2399999990000055
2026-06-22 12:26:37.052083999,24.0,-65.450049,5.76341670572796,-20.556741633073955,9.971673546349022,-21.83038539937037,21.349393403392522,-74.33829603316318,41.259999999,21,1.2499999990000035
2026-06-22 12:26:37.062084000,24.0,-65.450049,5.418368593956693,-20.512647174769782,9.971673546349022,-21.83038539937037,21.21620636062364,-75.20341141011677,41.27,21,1.2600000000000051
2026-06-22 12:26:37.072084000,24.0,-65.450049,5.086582420200137,-20.65078989995233,9.971673546349022,-21.83038539937037,21.268014580808014,-76.1626876167059,41.28,21,1.2700000000000031
2026-06-22 12:26:37.082084000,24.0,-65.450049,4.612547165316952,-21.00175067492447,9.971673546349022,-21.83038539937037,21.50230505699247,-77.61297904310044,41.29,21,1.2800000000000011
2026-06-22 12:26:37.092084000,24.0,-65.450049,5.071293804130051,-20.644804130579963,9.971673546349022,-21.83038539937037,21.258550243086177,-76.19883905771673,41.3,21,1.2899999999999991
2026-06-22 12:26:37.102084000,24.0,-65.450049,5.225250070008677,-20.513807756930767,9.971673546349022,-21.83038539937037,21.168834332160063,-75.70958341539155,41.31,21,1.3000000000000043
2026-06-22 12:26:37.112084000,24.0,-65.450049,5.079502325581383,-20.59450232558138,9.971673546349022,-21.83038539937037,21.211668249196325,-76.1448939806928,41.32,21,1.3100000000000023
2026-06-22 12:26:37.122084000,24.0,-65.450049,5.483020760139809,-20.42276269562453,9.971673546349022,-21.83038539937037,21.14598668253428,-74.97184409087824,41.33,21,1.3200000000000003
2026-06-22 12:26:37.132084000,24.0,-65.450049,5.155810670443369,-20.624988825936434,9.971673546349022,-21.83038539937037,21.259645992806664,-75.96489789099994,41.34,21,1.3300000000000054
2026-06-22 12:26:37.142084000,24.0,-65.450049,5.234830472482695,-20.507354450539736,9.971673546349022,-21.83038539937037,21.16494830222142,-75.68013856133766,41.35,21,1.3400000000000034
2026-06-22 12:26:37.152084000,24.0,-65.450049,5.347868149979398,-20.577331685208076,9.971673546349022,-21.83038539937037,21.26090950624249,-75.43162112468106,41.36,21,1.3500000000000014
2026-06-22 12:26:37.162084000,24.0,-65.450049,5.301440646479723,-20.48712372283112,9.971673546349022,-21.83038539937037,21.16193543518024,-75.4918473837369,41.37,21,1.3599999999999994
2026-06-22 12:26:37.172084000,24.0,-65.450049,5.0827464153371436,-20.65457451264713,9.971673546349022,-21.83038539937037,21.270772421826035,-76.17515870471924,41.38,21,1.3700000000000045
2026-06-22 12:26:37.182084000,24.0,-65.450049,5.4075761173190005,-20.51190677374279,9.971673546349022,-21.83038539937037,21.212736715457396,-75.23108457434782,41.39,21,1.3800000000000026
2026-06-22 12:26:37.192084000,24.0,-65.450049,5.140303163169434,-20.649257438145945,9.971673546349022,-21.83038539937037,21.279439592153626,-76.0212530703712,41.4,21,1.3900000000000006
2026-06-22 12:26:37.202084000,24.0,-65.450049,5.326595607725498,-20.46746081029886,9.971673546349022,-21.83038539937037,21.14922156461935,-75.41252776828595,41.41,21,1.3999999999999986
2026-06-22 12:26:37.212084000,24.0,-65.450049,5.101739756367661,-20.628122923588066,9.971673546349022,-21.83038539937037,21.24964008853707,-76.10838749918982,41.42,21,1.4100000000000037
2026-06-22 12:26:37.222084000,24.0,-65.450049,5.383829817662068,-20.426105470146496,9.971673546349022,-21.83038539937037,21.12371672275255,-75.23403889681015,41.43,21,1.4200000000000017
2026-06-22 12:26:37.232084000,24.0,-65.450049,5.1084109090909235,-20.617730909090913,9.971673546349022,-21.83038539937037,21.241155567807557,-76.0841891468065,41.44,21,1.4299999999999997
2026-06-22 12:26:37.242084000,24.0,-65.450049,5.374108296943777,-20.43893668122256,9.971673546349022,-21.83038539937037,21.1336502442504,-75.2683908413482,41.45,21,1.4400000000000048
2026-06-22 12:26:37.252084000,24.0,-65.450049,5.127950326426346,-20.612259721827993,9.971673546349022,-21.83038539937037,21.240553791989242,-76.02947974073305,41.46,21,1.4500000000000028
2026-06-22 12:26:37.262084000,24.0,-65.450049,5.403365779467573,-20.44575133079855,9.971673546349022,-21.83038539937037,21.147697492341145,-75.19642379187663,41.47,21,1.4600000000000009
2026-06-22 12:26:37.272084000,24.0,-65.450049,5.1202105967353955,-20.62702649183849,9.971673546349022,-21.83038539937037,21.25301810214089,-76.059338928279,41.48,21,1.4699999999999989
2026-06-22 12:26:37.282084000,24.0,-65.450049,5.421837263367857,-20.453737960810287,9.971673546349022,-21.83038539937037,21.16014451462787,-75.15359376471825,41.49,21,1.480000000000004
2026-06-22 12:26:37.292084000,24.0,-65.450049,5.091051645569619,-20.530578227848107,9.971673546349022,-21.83038539937037,21.152386371935624,-76.07305608274633,41.5,21,1.490000000000002
2026-06-22 12:26:37.302084000,24.0,-65.450049,5.426840000000088,-20.436482051282024,9.971673546349022,-21.83038539937037,21.14474854468535,-75.1285096302655,41.51,21,1.5
2026-06-22 12:26:37.312084000,24.0,-65.450049,5.0488656089594075,-20.605625758282777,9.971673546349022,-21.83038539937037,21.2151562998659,-76.23242107238988,41.52,21,1.5100000000000051
2026-06-22 12:26:37.322084000,24.0,-65.450049,5.510080433101496,-20.451293890177773,9.971673546349022,-21.83038539937037,21.180566757329007,-74.92116049657051,41.53,21,1.5200000000000031
2026-06-22 12:26:37.332084000,24.0,-65.450049,5.107464690496944,-20.57554315605929,9.971673546349022,-21.83038539937037,21.199980465357307,-76.0592505010303,41.54,21,1.5300000000000011
2026-06-22 12:26:37.342084000,24.0,-65.450049,5.533168160631347,-20.474728935102007,9.971673546349022,-21.83038539937037,21.209207313328047,-74.87740711228196,41.55,21,1.5399999999999991
2026-06-22 12:26:37.352084000,24.0,-65.450049,5.055267407161837,-20.607868700265225,9.971673546349022,-21.83038539937037,21.21885908632422,-76.21707274163414,41.56,21,1.5500000000000043
2026-06-22 12:26:37.362084000,24.0,-65.450049,5.4935490196079435,-20.456352941176434,9.971673546349022,-21.83038539937037,21.181158053440164,-74.96789896203032,41.57,21,1.5600000000000023
2026-06-22 12:26:37.372084000,24.0,-65.450049,5.076809433962261,-20.602591374663053,9.971673546349022,-21.83038539937037,21.21887757116546,-76.15718434240023,41.58,21,1.5700000000000003
2026-06-22 12:26:37.382084000,24.0,-65.450049,5.478015238095443,-20.40743047619042,9.971673546349022,-21.83038539937037,21.129880964864697,-74.97417275349116,41.59,21,1.5800000000000054
2026-06-22 12:26:37.392084000,24.0,-65.450049,5.0945881226053675,-20.576281609195405,9.971673546349022,-21.83038539937037,21.19759875551721,-76.09351077462145,41.6,21,1.5900000000000034
2026-06-22 12:26:37.402084000,24.0,-65.450049,5.493641744548526,-20.39779408099682,9.971673546349022,-21.83038539937037,21.12463261191056,-74.9264625033525,41.61,21,1.6000000000000014
2026-06-22 12:26:37.412084000,24.0,-65.450049,5.0867819848064375,-20.592013625949598,9.971673546349022,-21.83038539937037,21.21099658507929,-76.1241922518675,41.62,21,1.6099999999999994
2026-06-22 12:26:37.422084000,24.0,-65.450049,5.5841002923977126,-20.397002046783626,9.971673546349022,-21.83038539937037,21.147573585923556,-74.68925419062178,41.63,21,1.6200000000000045
2026-06-22 12:26:37.432084000,24.0,-65.450049,5.1055137052564055,-20.60856981618836,9.971673546349022,-21.83038539937037,21.23156659465502,-76.08583251038466,41.64,21,1.6300000000000026
2026-06-22 12:26:37.442084000,24.0,-65.450049,5.543708809684027,-20.445956960322736,9.971673546349022,-21.83038539937037,21.184188995331827,-74.82958403895631,41.65,21,1.6400000000000006
2026-06-22 12:26:37.452084000,24.0,-65.450049,5.049555450416321,-20.573045420136282,9.971673546349022,-21.83038539937037,21.183677870139064,-76.20963759958748,41.66,21,1.6499999999999986
2026-06-22 12:26:37.462084000,24.0,-65.450049,5.532764266305634,-20.378503396738584,9.971673546349022,-21.83038539937037,21.116223173602673,-74.81034951882236,41.67,21,1.6600000000000037
2026-06-22 12:26:37.472084000,24.0,-65.450049,5.112507061197044,-20.63191728312037,9.971673546349022,-21.83038539937037,21.255910689225022,-76.08266842529336,41.68,21,1.6700000000000017
2026-06-22 12:26:37.482084000,24.0,-65.450049,5.644618518518065,-20.384884848484884,9.971673546349022,-21.83038539937037,21.151956138985955,-74.52247526547254,41.69,21,1.6799999999999997
2026-06-22 12:26:37.492084000,24.0,-65.450049,5.092,-20.64279071661246,9.971673546349022,-21.83038539937037,21.261544454010426,-76.14335644872713,41.7,21,1.6900000000000048
2026-06-22 12:26:37.502084000,24.0,-65.450049,5.648153974200326,-20.409457344985206,9.971673546349022,-21.83038539937037,21.176581226275538,-74.53099846064387,41.71,21,1.7000000000000028
2026-06-22 12:26:37.512084000,24.0,-65.450049,5.051594936708859,-20.59171835443034,9.971673546349022,-21.83038539937037,21.20229884217195,-76.21631338099046,41.72,21,1.7100000000000009
2026-06-22 12:26:37.522084000,24.0,-65.450049,5.540343424790102,-20.431876064332414,9.971673546349022,-21.83038539937037,21.169718108015864,-74.82840201752191,41.73,21,1.7199999999999989
2026-06-22 12:26:37.532084000,24.0,-65.450049,5.063110861423202,-20.589326591760333,9.971673546349022,-21.83038539937037,21.202722964214544,-76.18455034117824,41.74,21,1.730000000000004
2026-06-22 12:26:37.542084000,24.0,-65.450049,5.542073778051291,-20.365824162311625,9.971673546349022,-21.83038539937037,21.106429721095886,-74.77694235179493,41.75,21,1.740000000000002
2026-06-22 12:26:37.552084000,24.0,-65.450049,5.08812265011866,-20.604118817302403,9.971673546349022,-21.83038539937037,21.223070096952643,-76.1285158182662,41.76,21,1.75
2026-06-22 12:26:37.562084000,24.0,-65.450049,5.7116992503750605,-20.405855172413744,9.971673546349022,-21.83038539937037,21.190149448370104,-74.3628053259884,41.77,21,1.7600000000000051
2026-06-22 12:26:37.572084000,24.0,-65.450049,5.07475842936406,-20.623026461801082,9.971673546349022,-21.83038539937037,21.238229529801895,-76.1757469041081,41.78,21,1.7700000000000031
2026-06-22 12:26:37.582084000,24.0,-65.450049,5.671268661624181,-20.392092074975327,9.971673546349022,-21.83038539937037,21.166027199892568,-74.45815669887898,41.79,21,1.7800000000000011
2026-06-22 12:26:37.592084000,24.0,-65.450049,5.0453034776082335,-20.57249587190412,9.971673546349022,-21.83038539937037,21.18213099715602,-76.22045294623426,41.8,21,1.7899999999999991
2026-06-22 12:26:37.602084000,24.0,-65.450049,5.591808432632384,-20.389080659944593,9.971673546349022,-21.83038539937037,21.141970856686594,-74.66343762304209,41.81,21,1.8000000000000043
2026-06-22 12:26:37.612084000,24.0,-65.450049,5.040477250725997,-20.563886737657462,9.971673546349022,-21.83038539937037,21.17262026000303,-76.22758830546596,41.82,21,1.8100000000000023
2026-06-22 12:26:37.622084000,24.0,-65.450049,5.3559390243890865,-20.443280487805133,9.971673546349022,-21.83038539937037,21.133239220149097,-75.31902625942035,41.83,21,1.8200000000000003
2026-06-22 12:26:37.632084000,24.0,-65.450049,5.09125478468893,-20.612849880382925,9.971673546349022,-21.83038539937037,21.232297461033752,-76.12595880601246,41.84,21,1.8300000000000054
2026-06-22 12:26:37.642084000,24.0,-65.450049,5.282111441940268,-20.47174734155659,9.971673546349022,-21.83038539937037,21.142212289673132,-75.53212036646813,41.85,21,1.8400000000000034
2026-06-22 12:26:37.652084000,24.0,-65.450049,5.076239457627136,-20.592625898304995,9.971673546349022,-21.83038539937037,21.209065241511993,-76.15223818565698,41.86,21,1.8500000000000014
2026-06-22 12:26:37.662084000,24.0,-65.450049,5.232778169013112,-20.447671654929906,9.971673546349022,-21.83038539937037,21.106616106660113,-75.64546484738148,41.87,21,1.8599999999999994
2026-06-22 12:26:37.672084000,24.0,-65.450049,5.0085310344828615,-20.53473793103527,9.971673546349022,-21.83038539937037,21.136717933957407,-76.29288528150657,41.88,21,1.8700000000000045
2026-06-22 12:26:37.682084000,24.0,-65.450049,5.3949312896415185,-20.417694503171102,9.971673546349022,-21.83038539937037,21.11841690195495,-75.19909843792587,41.89,21,1.8800000000000026
2026-06-22 12:26:37.692084000,24.0,-65.450049,5.021641744548292,-20.564199376947016,9.971673546349022,-21.83038539937037,21.168447789703855,-76.27730530373059,41.9,21,1.8900000000000006
2026-06-22 12:26:37.702084000,24.0,-65.450049,5.35027515400506,-20.422040383298903,9.971673546349022,-21.83038539937037,21.111257130750293,-75.31928662224553,41.91,21,1.8999999999999986
2026-06-22 12:26:37.712084000,24.0,-65.450049,5.059156535216098,-20.594006543826517,9.971673546349022,-21.83038539937037,21.206323829815226,-76.19794457979364,41.92,21,1.9100000000000037
2026-06-22 12:26:37.722084000,24.0,-65.450049,5.330340317674872,-20.37791584994931,9.971673546349022,-21.83038539937037,21.06352255179189,-75.34132369984854,41.93,21,1.9200000000000017
2026-06-22 12:26:37.732084000,24.0,-65.450049,5.084009967751417,-20.54876751685721,9.971673546349022,-21.83038539937037,21.1683491045958,-76.1034047977623,41.94,21,1.9299999999999997
2026-06-22 12:26:37.742084000,24.0,-65.450049,5.377648154307493,-20.412373461921977,9.971673546349022,-21.83038539937037,21.108862831059927,-75.24076389604042,41.95,21,1.9400000000000048
2026-06-22 12:26:37.752084000,24.0,-65.450049,5.037880810301507,-20.53237908291467,9.971673546349022,-21.83038539937037,21.14140094372452,-76.21409432109255,41.96,21,1.9500000000000028
2026-06-22 12:26:37.762084000,24.0,-65.450049,5.325159021406939,-20.402867278287445,9.971673546349022,-21.83038539937037,21.086353686180175,-75.37210101950646,41.97,21,1.9600000000000009
2026-06-22 12:26:37.772084000,24.0,-65.450049,5.093449799196485,-20.511441767068305,9.971673546349022,-21.83038539937037,21.134390793698522,-76.0542592022042,41.98,21,1.9699999999999989
2026-06-22 12:26:37.782084000,24.0,-65.450049,5.37377852349085,-20.39333557046967,9.971673546349022,-21.83038539937037,21.089467307386286,-75.23775341424127,41.99,21,1.980000000000004
2026-06-22 12:26:37.792084000,24.0,-65.450049,5.155488974113164,-20.51571875998721,9.971673546349022,-21.83038539937037,21.15357612322544,-75.89396691144141,42.0,21,1.990000000000002
2026-06-22 12:26:37.802084000,24.0,-65.450049,5.406054840893456,-20.415907244414388,9.971673546349022,-21.83038539937037,21.119533554396494,-75.16868369012957,42.01,21,2.0
2026-06-22 12:26:37.902084000,15.0,-65.450049,5.000578571428621,-20.444631428571427,6.232295966468139,-13.643990874606482,21.047297695883945,-76.25579326413501,42.11,22,0.0
2026-06-22 12:26:37.912084000,15.0,-65.450049,5.13776445548067,-20.418399787158567,6.232295966468139,-13.643990874606482,21.054872915034125,-75.87620187011855,42.12,22,0.00999999999999801
2026-06-22 12:26:37.922084000,15.0,-65.450049,5.005093295494834,-20.405629301170627,6.232295966468139,-13.643990874606482,21.010489429649198,-76.21856448545716,42.13,22,0.020000000000003126
2026-06-22 12:26:37.932084000,15.0,-65.450049,4.2975829145725895,-20.808628140703515,6.232295966468139,-13.643990874606482,21.247781625518098,-78.33083293396471,42.14,22,0.030000000000001137
2026-06-22 12:26:37.942084000,15.0,-65.450049,4.991316738816388,-20.397928451178476,6.232295966468139,-13.643990874606482,20.999731614632246,-76.25006519073868,42.15,22,0.03999999999999915
2026-06-22 12:26:37.952084000,15.0,-65.450049,5.615640417457277,-20.383983159392802,6.232295966468139,-13.643990874606482,21.143372170507455,-74.59750233610005,42.16,22,0.04999999999999716
2026-06-22 12:26:37.962084000,15.0,-65.450049,5.107607221542263,-20.425975764993876,6.232295966468139,-13.643990874606482,21.054883934177074,-75.96081746272723,42.17,22,0.060000000000002274
2026-06-22 12:26:37.972084000,15.0,-65.450049,5.026285912240244,-20.521758429561054,6.232295966468139,-13.643990874606482,21.128325042767706,-76.237768436678,42.18,22,0.07000000000000028
2026-06-22 12:26:37.982084000,15.0,-65.450049,4.6414607941272665,-20.506285952619372,6.232295966468139,-13.643990874606482,21.025007060022954,-77.24637986192519,42.19,22,0.0799999999999983
2026-06-22 12:26:37.992084000,15.0,-65.450049,5.474248256624545,-20.056951882843823,6.232295966468139,-13.643990874606482,20.790591930146416,-74.73379307698809,42.2,22,0.09000000000000341
2026-06-22 12:26:38.002084000,15.0,-65.450049,8.456475903615846,-18.372787817938633,6.232295966468139,-13.643990874606482,20.225511536458843,-65.28471840943293,42.21,22,0.10000000000000142
2026-06-22 12:26:38.012084000,15.0,-65.450049,8.766295031055897,-18.593652173913018,6.232295966468139,-13.643990874606482,20.55655199044761,-64.7576652386077,42.22,22,0.10999999999999943
2026-06-22 12:26:38.022084000,15.0,-65.450049,8.685555419847917,-18.104230229007417,6.232295966468139,-13.643990874606482,20.079891063851804,-64.37050588735447,42.23,22,0.11999999999999744
2026-06-22 12:26:38.032084000,15.0,-65.450049,8.664127761470596,-18.223306349451587,6.232295966468139,-13.643990874606482,20.17810705128328,-64.57161619630655,42.24,22,0.13000000000000256
2026-06-22 12:26:38.042083999,15.0,-65.450049,8.796441489361262,-17.92056316489388,6.232295966468139,-13.643990874606482,19.963065070842894,-63.85554419531078,42.249999999,22,0.13999999900000404
2026-06-22 12:26:38.052083999,15.0,-65.450049,8.660958311158668,-17.766514458044984,6.232295966468139,-13.643990874606482,19.765152032189125,-64.01133311984628,42.259999999,22,0.14999999900000205
2026-06-22 12:26:38.062084000,15.0,-65.450049,9.050596860107154,-18.080537706756164,6.232295966468139,-13.643990874606482,20.219276626269618,-63.408771903315746,42.27,22,0.1600000000000037
2026-06-22 12:26:38.072084000,15.0,-65.450049,9.255472553699205,-18.056300715990506,6.232295966468139,-13.643990874606482,20.290238237599837,-62.86079324231953,42.28,22,0.1700000000000017
2026-06-22 12:26:38.082084000,15.0,-65.450049,8.849805775764677,-17.93701585503969,6.232295966468139,-13.643990874606482,20.001389953018343,-63.739084998123474,42.29,22,0.17999999999999972
2026-06-22 12:26:38.092084000,15.0,-65.450049,8.62548306496346,-18.123203775679883,6.232295966468139,-13.643990874606482,20.071110412699866,-64.54854671536707,42.3,22,0.18999999999999773
2026-06-22 12:26:38.102084000,15.0,-65.450049,8.197734337187484,-17.25761064802365,6.232295966468139,-13.643990874606482,19.105705261567344,-64.59128157829598,42.31,22,0.20000000000000284
2026-06-22 12:26:38.112084000,15.0,-65.450049,8.275548780487249,-17.520121951219757,6.232295966468139,-13.643990874606482,19.376258173440927,-64.71650792581478,42.32,22,0.21000000000000085
2026-06-22 12:26:38.122084000,15.0,-65.450049,8.415534759358124,-17.87734090909095,6.232295966468139,-13.643990874606482,19.759062307352078,-64.79187508477932,42.33,22,0.21999999999999886
2026-06-22 12:26:38.132084000,15.0,-65.450049,7.945197255574543,-17.24529845626068,6.232295966468139,-13.643990874606482,18.987534813016044,-65.2636860035948,42.34,22,0.23000000000000398
2026-06-22 12:26:38.142084000,15.0,-65.450049,8.092058494908148,-17.34805159382157,6.232295966468139,-13.643990874606482,19.142526081656783,-64.9931391284287,42.35,22,0.240000000000002
2026-06-22 12:26:38.152084000,15.0,-65.450049,7.963165644171717,-17.592355828220903,6.232295966468139,-13.643990874606482,19.310696275982767,-65.64615329053144,42.36,22,0.25
2026-06-22 12:26:38.162084000,15.0,-65.450049,8.185091266719049,-17.230856018882907,6.232295966468139,-13.643990874606482,19.076113812514166,-64.59110265336719,42.37,22,0.259999999999998
2026-06-22 12:26:38.172084000,15.0,-65.450049,7.59706682577566,-17.157914081145655,6.232295966468139,-13.643990874606482,18.7645793976651,-66.1175147432875,42.38,22,0.2700000000000031
2026-06-22 12:26:38.182084000,15.0,-65.450049,8.181933163590049,-17.17447549331642,6.232295966468139,-13.643990874606482,19.023843953417536,-64.52683445952485,42.39,22,0.28000000000000114
2026-06-22 12:26:38.192084000,15.0,-65.450049,7.69271925754057,-17.246,6.232295966468139,-13.643990874606482,18.883920291489673,-65.96034854023883,42.4,22,0.28999999999999915
2026-06-22 12:26:38.202084000,15.0,-65.450049,7.781487493052909,-16.864548082267458,6.232295966468139,-13.643990874606482,18.57322076602897,-65.2308816583652,42.41,22,0.29999999999999716
2026-06-22 12:26:38.212084000,15.0,-65.450049,7.413254724964567,-16.784461777150973,6.232295966468139,-13.643990874606482,18.348692126847936,-66.17021506477317,42.42,22,0.3100000000000023
2026-06-22 12:26:38.222084000,15.0,-65.450049,7.711474080772307,-16.82133453887857,6.232295966468139,-13.643990874606482,18.504705568241075,-65.37166214994305,42.43,22,0.3200000000000003
2026-06-22 12:26:38.232084000,15.0,-65.450049,7.195806889352848,-16.71686221294367,6.232295966468139,-13.643990874606482,18.199810961529295,-66.71044200280184,42.44,22,0.3299999999999983
2026-06-22 12:26:38.242084000,15.0,-65.450049,7.408270154658144,-16.403800263243866,6.232295966468139,-13.643990874606482,17.999086914640923,-65.69515396635194,42.45,22,0.3400000000000034
2026-06-22 12:26:38.252084000,15.0,-65.450049,7.248281879194368,-16.467416107382746,6.232295966468139,-13.643990874606482,17.992036667757937,-66.24287217959876,42.46,22,0.3500000000000014
2026-06-22 12:26:38.262084000,15.0,-65.450049,7.4320680628280575,-16.495102094240522,6.232295966468139,-13.643990874606482,18.092098518135668,-65.74547716989652,42.47,22,0.35999999999999943
2026-06-22 12:26:38.272084000,15.0,-65.450049,7.1715656913364,-16.471288009179872,6.232295966468139,-13.643990874606482,17.964817926895503,-66.47178777279402,42.48,22,0.36999999999999744
2026-06-22 12:26:38.282084000,15.0,-65.450049,7.260249272552125,-16.588096993210147,6.232295966468139,-13.643990874606482,18.107351583148244,-66.36205060221955,42.49,22,0.38000000000000256
2026-06-22 12:26:38.292084000,15.0,-65.450049,6.973357730263237,-16.55507236842087,6.232295966468139,-13.643990874606482,17.963800799326243,-67.1581122574883,42.5,22,0.39000000000000057
2026-06-22 12:26:38.302084000,15.0,-65.450049,7.272666666666667,-16.608,6.232295966468139,-13.643990874606482,18.130563820368202,-66.35132081052011,42.51,22,0.3999999999999986
2026-06-22 12:26:38.312084000,15.0,-65.450049,6.998398090122335,-16.568602805132805,6.232295966468139,-13.643990874606482,17.985999409042652,-67.1013315356034,42.52,22,0.4100000000000037
2026-06-22 12:26:38.322084000,15.0,-65.450049,7.2753884127531645,-16.573414124099983,6.232295966468139,-13.643990874606482,18.099981554834244,-66.29951231177606,42.53,22,0.4200000000000017
2026-06-22 12:26:38.332084000,15.0,-65.450049,7.046425766871563,-16.606500613496678,6.232295966468139,-13.643990874606482,18.03962246595247,-67.00764681880722,42.54,22,0.4299999999999997
2026-06-22 12:26:38.342084000,15.0,-65.450049,7.338555443886651,-16.588990284756942,6.232295966468139,-13.643990874606482,18.13970767875708,-66.13659695038685,42.55,22,0.4399999999999977
2026-06-22 12:26:38.352084000,15.0,-65.450049,6.984855453350789,-16.631269382391988,6.232295966468139,-13.643990874606482,18.038495695980124,-67.21840747585293,42.56,22,0.45000000000000284
2026-06-22 12:26:38.362084000,15.0,-65.450049,7.137923076922934,-16.63271545929803,6.232295966468139,-13.643990874606482,18.099645560121907,-66.77342924420516,42.57,22,0.46000000000000085
2026-06-22 12:26:38.372084000,15.0,-65.450049,7.046551640340254,-16.575721142162823,6.232295966468139,-13.643990874606482,18.011341465940994,-66.96903281438996,42.58,22,0.46999999999999886
2026-06-22 12:26:38.382084000,15.0,-65.450049,7.279675469076809,-16.57947185545478,6.232295966468139,-13.643990874606482,18.107251639630345,-66.29479586677627,42.59,22,0.480000000000004
2026-06-22 12:26:38.392084000,15.0,-65.450049,7.000593296809486,-16.639377376732476,6.232295966468139,-13.643990874606482,18.05206874551087,-67.18231836718265,42.6,22,0.490000000000002
2026-06-22 12:26:38.402084000,15.0,-65.450049,7.243967370440831,-16.571940499040593,6.232295966468139,-13.643990874606482,18.086024305185294,-66.38878109823523,42.61,22,0.5
2026-06-22 12:26:38.412084000,15.0,-65.450049,7.224932112891052,-16.515275514874133,6.232295966468139,-13.643990874606482,18.02647967208477,-66.3720809303158,42.62,22,0.509999999999998
2026-06-22 12:26:38.422084000,15.0,-65.450049,7.173347368421001,-16.586275789473696,6.232295966468139,-13.643990874606482,18.071011511050337,-66.61214879739697,42.63,22,0.5200000000000031
2026-06-22 12:26:38.432084000,15.0,-65.450049,7.063015151515158,-16.573393939393938,6.232295966468139,-13.643990874606482,18.015647912325342,-66.91795113614846,42.64,22,0.5300000000000011
2026-06-22 12:26:38.442084000,15.0,-65.450049,6.561077975377487,-17.016140902872877,6.232295966468139,-13.643990874606482,18.237236507360617,-68.91437488138894,42.65,22,0.5399999999999991
2026-06-22 12:26:38.452084000,15.0,-65.450049,6.975752158618127,-16.670572753437927,6.232295966468139,-13.643990874606482,18.071223370489683,-67.29327108883778,42.66,22,0.5499999999999972
2026-06-22 12:26:38.462084000,15.0,-65.450049,6.417098896044107,-17.023132474701008,6.232295966468139,-13.643990874606482,18.192476398028678,-69.34539020873491,42.67,22,0.5600000000000023
2026-06-22 12:26:38.472084000,15.0,-65.450049,6.967660171920156,-16.685930085959804,6.232295966468139,-13.643990874606482,18.082271735180317,-67.33570821262124,42.68,22,0.5700000000000003
2026-06-22 12:26:38.482084000,15.0,-65.450049,6.022776536304203,-16.941251396650983,6.232295966468139,-13.643990874606482,17.979984318424346,-70.42921466685902,42.69,22,0.5799999999999983
2026-06-22 12:26:38.492084000,15.0,-65.450049,7.179823335529815,-16.62666776532676,6.232295966468139,-13.643990874606482,18.11065830134218,-66.64406949820759,42.7,22,0.5900000000000034
2026-06-22 12:26:38.502084000,15.0,-65.450049,6.687350860189236,-16.695148049430486,6.232295966468139,-13.643990874606482,17.984677642918047,-68.17110629524913,42.71,22,0.6000000000000014
2026-06-22 12:26:38.512084000,15.0,-65.450049,7.176951035782591,-16.613854990583476,6.232295966468139,-13.643990874606482,18.097756872556232,-66.63633652996603,42.72,22,0.6099999999999994
2026-06-22 12:26:38.522084000,15.0,-65.450049,6.7477560529933145,-16.655963910460876,6.232295966468139,-13.643990874606482,17.970902746865086,-67.94587440820487,42.73,22,0.6199999999999974
2026-06-22 12:26:38.532084000,15.0,-65.450049,7.262571938168103,-16.612651605232077,6.232295966468139,-13.643990874606482,18.13077892738993,-66.3864390648073,42.74,22,0.6300000000000026
2026-06-22 12:26:38.542084000,15.0,-65.450049,7.119682642487307,-16.615841968911884,6.232295966468139,-13.643990874606482,18.07694900323582,-66.80546618462314,42.75,22,0.6400000000000006
2026-06-22 12:26:38.552084000,15.0,-65.450049,7.202485504445388,-16.6634310011596,6.232295966468139,-13.643990874606482,18.15339445316365,-66.62440402184595,42.76,22,0.6499999999999986
2026-06-22 12:26:38.562084000,15.0,-65.450049,6.914352230484083,-16.63554182156122,6.232295966468139,-13.643990874606482,18.015257934987012,-67.43040556971867,42.77,22,0.6600000000000037
2026-06-22 12:26:38.572084000,15.0,-65.450049,7.087442999999167,-16.66337200000034,6.232295966468139,-13.643990874606482,18.108004160829886,-66.95846298924873,42.78,22,0.6700000000000017
2026-06-22 12:26:38.582084000,15.0,-65.450049,6.885678012626854,-16.652303870436462,6.232295966468139,-13.643990874606482,18.01976098306873,-67.53505142602437,42.79,22,0.6799999999999997
2026-06-22 12:26:38.592084000,15.0,-65.450049,7.311999999999544,-16.58500000000007,6.232295966468139,-13.643990874606482,18.125329486660252,-66.20826197612129,42.8,22,0.6899999999999977
2026-06-22 12:26:38.602084000,15.0,-65.450049,6.903399066511135,-16.58873978996499,6.232295966468139,-13.643990874606482,17.967838113993416,-67.40537809376104,42.81,22,0.7000000000000028
2026-06-22 12:26:38.612084000,15.0,-65.450049,7.005129207210027,-16.670035412346472,6.232295966468139,-13.643990874606482,18.082088260446923,-67.20674307624306,42.82,22,0.7100000000000009
2026-06-22 12:26:38.622084000,15.0,-65.450049,7.059253575165283,-16.612775723753085,6.232295966468139,-13.643990874606482,18.05041213618691,-66.97794378071931,42.83,22,0.7199999999999989
2026-06-22 12:26:38.632084000,15.0,-65.450049,7.004050771333586,-16.681268111696944,6.232295966468139,-13.643990874606482,18.092026780373057,-67.2236728802132,42.84,22,0.730000000000004
2026-06-22 12:26:38.642084000,15.0,-65.450049,6.879604498080947,-16.598900164563567,6.232295966468139,-13.643990874606482,17.968095189061195,-67.48787732855888,42.85,22,0.740000000000002
2026-06-22 12:26:38.652084000,15.0,-65.450049,6.968052450135439,-16.701522531396204,6.232295966468139,-13.643990874606482,18.096812145087146,-67.3535846911819,42.86,22,0.75
2026-06-22 12:26:38.662084000,15.0,-65.450049,6.08462984723762,-16.91984998041554,6.232295966468139,-13.643990874606482,17.980657489025884,-70.22066008952693,42.87,22,0.759999999999998
2026-06-22 12:26:38.672084000,15.0,-65.450049,6.912607942973537,-16.681980651731195,6.232295966468139,-13.643990874606482,18.05748119306773,-67.49206955036757,42.88,22,0.7700000000000031
2026-06-22 12:26:38.682084000,15.0,-65.450049,6.156056496390898,-17.063675666296493,6.232295966468139,-13.643990874606482,18.140178026450446,-70.1620943055509,42.89,22,0.7800000000000011
2026-06-22 12:26:38.692084000,15.0,-65.450049,7.54523529411733,-16.593882352941613,6.232295966468139,-13.643990874606482,18.228754954380754,-65.54871569525326,42.9,22,0.7899999999999991
2026-06-22 12:26:38.702084000,15.0,-65.450049,6.969766247380283,-16.653656184486138,6.232295966468139,-13.643990874606482,18.053307338385252,-67.29007174813097,42.91,22,0.7999999999999972
2026-06-22 12:26:38.712084000,15.0,-65.450049,6.993844413793114,-16.709948413793107,6.232295966468139,-13.643990874606482,18.114531064202904,-67.28855698330908,42.92,22,0.8100000000000023
2026-06-22 12:26:38.722084000,15.0,-65.450049,6.354673913044085,-16.831739130434606,6.232295966468139,-13.643990874606482,17.991368005133086,-69.31641540953053,42.93,22,0.8200000000000003
2026-06-22 12:26:38.732084000,15.0,-65.450049,6.910684745762726,-16.67467796610163,6.232295966468139,-13.643990874606482,18.049998585277308,-67.48883543361481,42.94,22,0.8299999999999983
2026-06-22 12:26:38.742084000,15.0,-65.450049,6.023942063492193,-16.87011111111101,6.232295966468139,-13.643990874606482,17.913361685779186,-70.34948214156685,42.95,22,0.8400000000000034
2026-06-22 12:26:38.752084000,15.0,-65.450049,6.912714736238525,-16.696433199541282,6.232295966468139,-13.643990874606482,18.07087453919576,-67.50929848113353,42.96,22,0.8500000000000014
2026-06-22 12:26:38.762084000,15.0,-65.450049,6.928191508052549,-16.628337628111325,6.232295966468139,-13.643990874606482,18.01392377708739,-67.3809644753619,42.97,22,0.8599999999999994
2026-06-22 12:26:38.772084000,15.0,-65.450049,7.073994736841557,-16.630864692982417,6.232295966468139,-13.643990874606482,18.072826618245173,-66.95735996416221,42.98,22,0.8699999999999974
2026-06-22 12:26:38.782084000,15.0,-65.450049,6.576431737346321,-16.804747058823466,6.232295966468139,-13.643990874606482,18.04574681488721,-68.62742289564183,42.99,22,0.8800000000000026
2026-06-22 12:26:38.792084000,15.0,-65.450049,7.369099509738988,-16.419717371140827,6.232295966468139,-13.643990874606482,17.99752055513701,-65.82965929585744,43.0,22,0.8900000000000006
2026-06-22 12:26:38.802084000,15.0,-65.450049,6.916228070171404,-16.66047368421152,6.232295966468139,-13.643990874606482,18.039002026191234,-67.45529696267975,43.01,22,0.8999999999999986
2026-06-22 12:26:38.812084000,15.0,-65.450049,6.8987387721466895,-16.616165636588438,6.232295966468139,-13.643990874606482,17.9913745197209,-67.45263744664378,43.02,22,0.9100000000000037
2026-06-22 12:26:38.822084000,15.0,-65.450049,5.968444599238387,-17.0016232933965,6.232295966468139,-13.643990874606482,18.01881032545546,-70.65630194312669,43.03,22,0.9200000000000017
2026-06-22 12:26:38.832084000,15.0,-65.450049,6.830830282861904,-16.688786688851906,6.232295966468139,-13.643990874606482,18.032632738989165,-67.74039141726556,43.04,22,0.9299999999999997
2026-06-22 12:26:38.842084000,15.0,-65.450049,5.632659968271772,-17.118274457958375,6.232295966468139,-13.643990874606482,18.021159195128416,-71.78653639687826,43.05,22,0.9399999999999977
2026-06-22 12:26:38.852084000,15.0,-65.450049,6.9103521298174195,-16.71338904665313,6.232295966468139,-13.643990874606482,18.085639053759117,-67.53676238641076,43.06,22,0.9500000000000028
2026-06-22 12:26:38.862084000,15.0,-65.450049,5.980853051058713,-16.980742631797366,6.232295966468139,-13.643990874606482,18.00322814235544,-70.59702936840385,43.07,22,0.9600000000000009
2026-06-22 12:26:38.872084000,15.0,-65.450049,6.841586431582999,-16.684322345726343,6.232295966468139,-13.643990874606482,18.03257932290675,-67.70338904189506,43.08,22,0.9699999999999989
2026-06-22 12:26:38.882084000,15.0,-65.450049,6.72162322015495,-16.739711062431216,6.232295966468139,-13.643990874606482,18.03879555755894,-68.12268480445113,43.09,22,0.980000000000004
2026-06-22 12:26:38.892084000,15.0,-65.450049,7.319159720198182,-16.50619945594091,6.232295966468139,-13.643990874606482,18.056154615229552,-66.08659994710541,43.1,22,0.990000000000002
2026-06-22 12:26:38.902084000,15.0,-65.450049,6.961128404669102,-16.65711964980549,6.232295966468139,-13.643990874606482,18.053169907089092,-67.3196041626332,43.11,22,1.0
2026-06-22 12:26:38.912084000,15.0,-65.450049,6.843057392996536,-16.69065272373529,6.232295966468139,-13.643990874606482,18.03899450712752,-67.70669476601428,43.12,22,1.009999999999998
2026-06-22 12:26:38.922084000,15.0,-65.450049,6.887153153153338,-16.677162162162112,6.232295966468139,-13.643990874606482,18.04329837745975,-67.56088572668834,43.13,22,1.0200000000000031
2026-06-22 12:26:38.932084000,15.0,-65.450049,6.912466284074501,-16.678720229555253,6.232295966468139,-13.643990874606482,18.054414934420954,-67.48852392561818,43.14,22,1.0300000000000011
2026-06-22 12:26:38.942084000,15.0,-65.450049,6.923984039898911,-16.702655361596335,6.232295966468139,-13.643990874606482,18.080936123802818,-67.48384629585878,43.15,22,1.0399999999999991
2026-06-22 12:26:38.952084000,15.0,-65.450049,6.8994094240836485,-16.696922513089053,6.232295966468139,-13.643990874606482,18.06624121972344,-67.54887952234714,43.16,22,1.0499999999999972
2026-06-22 12:26:38.962084000,15.0,-65.450049,7.04578184328666,-16.64459889540888,6.232295966468139,-13.643990874606482,18.074449207990668,-67.05670007625027,43.17,22,1.0600000000000023
2026-06-22 12:26:38.972084000,15.0,-65.450049,6.886079154486252,-16.64564447942431,6.232295966468139,-13.643990874606482,18.01376046963096,-67.52577858835139,43.18,22,1.0700000000000003
2026-06-22 12:26:38.982084000,15.0,-65.450049,6.915560669454382,-16.674761506276432,6.232295966468139,-13.643990874606482,18.051943127101378,-67.47464024846838,43.19,22,1.0799999999999983
2026-06-22 12:26:38.992084000,15.0,-65.450049,6.913400990098892,-16.5884034653467,6.232295966468139,-13.643990874606482,17.97137286851026,-67.37552580412527,43.2,22,1.0900000000000034
2026-06-22 12:26:39.002084000,15.0,-65.450049,6.820022705544935,-16.799230401529627,6.232295966468139,-13.643990874606482,18.130826009529343,-67.90420859643976,43.21,22,1.1000000000000014
2026-06-22 12:26:39.012084000,15.0,-65.450049,6.896413127413072,-16.70054954954959,6.232295966468139,-13.643990874606482,18.068449553874743,-67.56205310754625,43.22,22,1.1099999999999994
2026-06-22 12:26:39.022084000,15.0,-65.450049,6.426930290645529,-16.81173932788358,6.232295966468139,-13.643990874606482,17.99833359479495,-69.07873244497505,43.23,22,1.1199999999999974
2026-06-22 12:26:39.032084000,15.0,-65.450049,6.868041345093634,-16.680063947078345,6.232295966468139,-13.643990874606482,18.03869521879391,-67.6205119170731,43.24,22,1.1300000000000026
2026-06-22 12:26:39.042083999,15.0,-65.450049,6.680559270050417,-16.79513954914897,6.232295966468139,-13.643990874606482,18.075026545929177,-68.30894913560023,43.249999999,22,1.139999999000004
2026-06-22 12:26:39.052083999,15.0,-65.450049,6.903616071428911,-16.603410714285435,6.232295966468139,-13.643990874606482,17.98146718732762,-67.42270035975496,43.259999999,22,1.149999999000002
2026-06-22 12:26:39.062084000,15.0,-65.450049,6.342714567706481,-16.853290959336704,6.232295966468139,-13.643990874606482,18.007316408822728,-69.37623578913164,43.27,22,1.1600000000000037
2026-06-22 12:26:39.072084000,15.0,-65.450049,7.3032659574465715,-16.55629255319153,6.232295966468139,-13.643990874606482,18.095538586957375,-66.19689763505588,43.28,22,1.1700000000000017
2026-06-22 12:26:39.082084000,15.0,-65.450049,6.328212884181223,-16.866607918041343,6.232295966468139,-13.643990874606482,18.014681261916685,-69.43432120567145,43.29,22,1.1799999999999997
2026-06-22 12:26:39.092084000,15.0,-65.450049,7.190862137861435,-16.588914085914183,6.232295966468139,-13.643990874606482,18.080391833020965,-66.56452443509542,43.3,22,1.1899999999999977
2026-06-22 12:26:39.102084000,15.0,-65.450049,6.7634002447986115,-16.67325214198279,6.232295966468139,-13.643990874606482,17.99280189024143,-67.92037371743605,43.31,22,1.2000000000000028
2026-06-22 12:26:39.112084000,15.0,-65.450049,7.540626392022686,-16.515099279423552,6.232295966468139,-13.643990874606482,18.155152177640524,-65.4590430824931,43.32,22,1.2100000000000009
2026-06-22 12:26:39.122084000,15.0,-65.450049,6.81458705357019,-16.69649218750034,6.232295966468139,-13.643990874606482,18.033619938269364,-67.7974266386825,43.33,22,1.2199999999999989
2026-06-22 12:26:39.132084000,15.0,-65.450049,6.864690055527448,-16.68644220090864,6.232295966468139,-13.643990874606482,18.0433179565933,-67.63806371831555,43.34,22,1.230000000000004
2026-06-22 12:26:39.142084000,15.0,-65.450049,6.788219020173586,-16.664047390329618,6.232295966468139,-13.643990874606482,17.993620894444724,-67.83612335322482,43.35,22,1.240000000000002
2026-06-22 12:26:39.152084000,15.0,-65.450049,6.90573387790215,-16.63564466895957,6.232295966468139,-13.643990874606482,18.0120469115614,-67.45584627143971,43.36,22,1.25
2026-06-22 12:26:39.162084000,15.0,-65.450049,6.139077216397542,-17.01298951382273,6.232295966468139,-13.643990874606482,18.086737717629834,-70.15820040691275,43.37,22,1.259999999999998
2026-06-22 12:26:39.172084000,15.0,-65.450049,6.8842476875642005,-16.69500239808154,6.232295966468139,-13.643990874606482,18.058681327707223,-67.59101143486906,43.38,22,1.2700000000000031
2026-06-22 12:26:39.182084000,15.0,-65.450049,5.831082850323979,-16.991439481759297,6.232295966468139,-13.643990874606482,17.964146037861948,-71.05892335689344,43.39,22,1.2800000000000011
2026-06-22 12:26:39.192084000,15.0,-65.450049,6.85137288135581,-16.70401694915256,6.232295966468139,-13.643990874606482,18.05451446583247,-67.69836675223648,43.4,22,1.2899999999999991
2026-06-22 12:26:39.202084000,15.0,-65.450049,5.8944986733482665,-16.997623673348972,6.232295966468139,-13.643990874606482,17.990673282312084,-70.87428823645864,43.41,22,1.2999999999999972
2026-06-22 12:26:39.212084000,15.0,-65.450049,7.445298368298366,-16.57144055944056,6.232295966468139,-13.643990874606482,18.1671436942646,-65.80633530645076,43.42,22,1.3100000000000023
2026-06-22 12:26:39.222084000,15.0,-65.450049,6.5537846783197296,-16.731983637039484,6.232295966468139,-13.643990874606482,17.969734834992295,-68.61011712502427,43.43,22,1.3200000000000003
2026-06-22 12:26:39.232084000,15.0,-65.450049,7.156747899159831,-16.602310924369732,6.232295966468139,-13.643990874606482,18.07915287068438,-66.68060538259057,43.44,22,1.3299999999999983
2026-06-22 12:26:39.242084000,15.0,-65.450049,6.783561827958575,-16.692535954300485,6.232295966468139,-13.643990874606482,18.01825373501414,-67.88401409328529,43.45,22,1.3400000000000034
2026-06-22 12:26:39.252084000,15.0,-65.450049,7.0694522262715545,-16.611601331009357,6.232295966468139,-13.643990874606482,18.053322507503367,-66.9466966320377,43.46,22,1.3500000000000014
2026-06-22 12:26:39.262084000,15.0,-65.450049,6.826852607709112,-16.690797862002093,6.232295966468139,-13.643990874606482,18.032987822255034,-67.7545083308595,43.47,22,1.3599999999999994
2026-06-22 12:26:39.272084000,15.0,-65.450049,7.011272802481521,-16.59949120992776,6.232295966468139,-13.643990874606482,18.019463220065298,-67.10183596738806,43.48,22,1.3699999999999974
2026-06-22 12:26:39.282084000,15.0,-65.450049,6.770740000001603,-16.652863999999397,6.232295966468139,-13.643990874606482,17.976673762131238,-67.87426957867011,43.49,22,1.3800000000000026
2026-06-22 12:26:39.292084000,15.0,-65.450049,6.969818854886741,-16.59302764067124,6.232295966468139,-13.643990874606482,17.997414846416543,-67.21540096727561,43.5,22,1.3900000000000006
2026-06-22 12:26:39.302084000,15.0,-65.450049,6.49454745529582,-16.737467675378227,6.232295966468139,-13.643990874606482,17.953327569935897,-68.79252702057187,43.51,22,1.3999999999999986
2026-06-22 12:26:39.312084000,15.0,-65.450049,7.1273233552102875,-16.656377621258212,6.232295966468139,-13.643990874606482,18.117219810767804,-66.83374530101386,43.52,22,1.4100000000000037
2026-06-22 12:26:39.322084000,15.0,-65.450049,6.862849310461599,-16.59444365960297,6.232295966468139,-13.643990874606482,17.957568349580086,-67.53181892441464,43.53,22,1.4200000000000017
2026-06-22 12:26:39.332084000,15.0,-65.450049,6.899464811346271,-16.677398983141547,6.232295966468139,-13.643990874606482,18.048220176125295,-67.52504742813102,43.54,22,1.4299999999999997
2026-06-22 12:26:39.342084000,15.0,-65.450049,6.722063829787992,-16.671624307781716,6.232295966468139,-13.643990874606482,17.975794813903562,-68.04051592657058,43.55,22,1.4399999999999977
2026-06-22 12:26:39.352084000,15.0,-65.450049,6.738061602418821,-16.661182161753572,6.232295966468139,-13.643990874606482,17.972102414161967,-67.98076579956287,43.56,22,1.4500000000000028
2026-06-22 12:26:39.362084000,15.0,-65.450049,6.794665133394418,-16.63349770009209,6.232295966468139,-13.643990874606482,17.967768921430803,-67.78033550196868,43.57,22,1.4600000000000009
2026-06-22 12:26:39.372084000,15.0,-65.450049,6.7314709677419415,-16.651687741935476,6.232295966468139,-13.643990874606482,17.9608297704888,-67.98890127656219,43.58,22,1.4699999999999989
2026-06-22 12:26:39.382084000,15.0,-65.450049,6.616039134913841,-16.717043254376396,6.232295966468139,-13.643990874606482,17.9786403546932,-68.40801963476261,43.59,22,1.480000000000004
2026-06-22 12:26:39.392084000,15.0,-65.450049,7.362804386484887,-16.632872199170116,6.232295966468139,-13.643990874606482,18.1896488703759,-66.12266425306137,43.6,22,1.490000000000002
2026-06-22 12:26:39.402084000,15.0,-65.450049,6.5823538188271735,-16.688668916518832,6.232295966468139,-13.643990874606482,17.939873243738667,-68.47470535810714,43.61,22,1.5
2026-06-22 12:26:39.412084000,15.0,-65.450049,7.261813694975545,-16.6092859048466,6.232295966468139,-13.643990874606482,18.127391329407285,-66.3843737465236,43.62,22,1.509999999999998
2026-06-22 12:26:39.422084000,15.0,-65.450049,6.702099403579097,-16.707146785950794,6.232295966468139,-13.643990874606482,18.00130245684354,-68.1417300489779,43.63,22,1.5200000000000031
2026-06-22 12:26:39.432084000,15.0,-65.450049,6.7377243001120055,-16.640782306830893,6.232295966468139,-13.643990874606482,17.953065602499645,-67.95735490974883,43.64,22,1.5300000000000011
2026-06-22 12:26:39.442084000,15.0,-65.450049,6.690375448905993,-16.681689193601148,6.232295966468139,-13.643990874606482,17.97331015698648,-68.1462023363749,43.65,22,1.5399999999999991
2026-06-22 12:26:39.452084000,15.0,-65.450049,6.701590018484291,-16.623746395563774,6.232295966468139,-13.643990874606482,17.923734348619092,-68.04398242958446,43.66,22,1.5499999999999972
2026-06-22 12:26:39.462084000,15.0,-65.450049,6.776171052633244,-16.695631578946813,6.232295966468139,-13.643990874606482,18.018340876852974,-67.90949251603107,43.67,22,1.5600000000000023
2026-06-22 12:26:39.472084000,15.0,-65.450049,7.272092534864643,-16.62916505332242,6.232295966468139,-13.643990874606482,18.149723419553087,-66.37978225679642,43.68,22,1.5700000000000003
2026-06-22 12:26:39.482084000,15.0,-65.450049,6.783666870042336,-16.700615619280185,6.232295966468139,-13.643990874606482,18.025778714570286,-67.8933734546468,43.69,22,1.5799999999999983
2026-06-22 12:26:39.492084000,15.0,-65.450049,6.694191835378923,-16.68772519083982,6.232295966468139,-13.643990874606482,17.980333044019062,-68.14207478401201,43.7,22,1.5900000000000034
2026-06-22 12:26:39.502084000,15.0,-65.450049,6.6013085399452205,-16.73992436764327,6.232295966468139,-13.643990874606482,17.994508669979588,-68.4784418659633,43.71,22,1.6000000000000014
2026-06-22 12:26:39.512084000,15.0,-65.450049,7.164615998669537,-16.604682687510415,6.232295966468139,-13.643990874606482,18.08444662026736,-66.66068828433104,43.72,22,1.6099999999999994
2026-06-22 12:26:39.522084000,15.0,-65.450049,6.781353100645794,-16.69065333785116,6.232295966468139,-13.643990874606482,18.015678136555405,-67.88826760662594,43.73,22,1.6199999999999974
2026-06-22 12:26:39.532084000,15.0,-65.450049,7.1083372319639535,-16.602651072124907,6.232295966468139,-13.643990874606482,18.060356608496278,-66.82206800311141,43.74,22,1.6300000000000026
2026-06-22 12:26:39.542084000,15.0,-65.450049,6.538566465956482,-16.709064844835567,6.232295966468139,-13.643990874606482,17.94284535458773,-68.62867372955968,43.75,22,1.6400000000000006
2026-06-22 12:26:39.552084000,15.0,-65.450049,7.192403899721458,-16.625576601671252,6.232295966468139,-13.643990874606482,18.11464797324991,-66.60617006466742,43.76,22,1.6499999999999986
2026-06-22 12:26:39.562084000,15.0,-65.450049,6.755825503356264,-16.69762320230089,6.232295966468139,-13.643990874606482,18.01254559571789,-67.97184097175514,43.77,22,1.6600000000000037
2026-06-22 12:26:39.572084000,15.0,-65.450049,6.759242290750507,-16.71466519823748,6.232295966468139,-13.643990874606482,18.029625315969305,-67.98208784474816,43.78,22,1.6700000000000017
2026-06-22 12:26:39.582084000,15.0,-65.450049,6.0928639905550215,-16.877555844155815,6.232295966468139,-13.643990874606482,17.943658570091,-70.15021841730142,43.79,22,1.6799999999999997
2026-06-22 12:26:39.592084000,15.0,-65.450049,6.77244630071064,-16.663890214798414,6.232295966468139,-13.643990874606482,17.987530847419375,-67.88246304096249,43.8,22,1.6899999999999977
2026-06-22 12:26:39.602084000,15.0,-65.450049,6.524653757034917,-16.738880503144358,6.232295966468139,-13.643990874606482,17.96555668905743,-68.70464434173849,43.81,22,1.7000000000000028
2026-06-22 12:26:39.612084000,15.0,-65.450049,6.723545586949985,-16.640500145645284,6.232295966468139,-13.643990874606482,17.947487577848197,-67.99897254967294,43.82,22,1.7100000000000009
2026-06-22 12:26:39.622084000,15.0,-65.450049,6.568498141263079,-16.77023494423823,6.232295966468139,-13.643990874606482,18.01071758472509,-68.6109147233799,43.83,22,1.7199999999999989
2026-06-22 12:26:39.632084000,15.0,-65.450049,7.043088908296622,-16.639126462882224,6.232295966468139,-13.643990874606482,18.068359937137583,-67.05779927878055,43.84,22,1.730000000000004
2026-06-22 12:26:39.642084000,15.0,-65.450049,6.729587774767577,-16.725075278530227,6.232295966468139,-13.643990874606482,18.02818611759941,-68.08186318800028,43.85,22,1.740000000000002
2026-06-22 12:26:39.652084000,15.0,-65.450049,6.906095184770575,-16.56388036580811,6.232295966468139,-13.643990874606482,17.94592665408824,-67.36693686746904,43.86,22,1.75
2026-06-22 12:26:39.662084000,15.0,-65.450049,6.592834865900024,-16.78171417624533,6.232295966468139,-13.643990874606482,18.03029124174705,-68.5522087118658,43.87,22,1.759999999999998
2026-06-22 12:26:39.672084000,15.0,-65.450049,6.850029598825612,-16.53262451076338,6.232295966468139,-13.643990874606482,17.895546337529936,-67.4941068321798,43.88,22,1.7700000000000031
2026-06-22 12:26:39.682084000,15.0,-65.450049,6.656326690624049,-16.73783338778175,6.232295966468139,-13.643990874606482,18.01282186470114,-68.31319945187896,43.89,22,1.7800000000000011
2026-06-22 12:26:39.692084000,15.0,-65.450049,6.928034489257721,-16.582577082548028,6.232295966468139,-13.643990874606482,17.971631105244498,-67.32531686423835,43.9,22,1.7899999999999991
2026-06-22 12:26:39.702084000,15.0,-65.450049,6.705022852185091,-16.74958316459319,6.232295966468139,-13.643990874606482,18.041781165836923,-68.1832885567419,43.91,22,1.7999999999999972
2026-06-22 12:26:39.712084000,15.0,-65.450049,6.839861364857655,-16.58445298226761,6.232295966468139,-13.643990874606482,17.939559197804094,-67.58747077277215,43.92,22,1.8100000000000023
2026-06-22 12:26:39.722084000,15.0,-65.450049,6.67286927670871,-16.779757133377565,6.232295966468139,-13.643990874606482,18.05789117918198,-68.31358188288189,43.93,22,1.8200000000000003
2026-06-22 12:26:39.732084000,15.0,-65.450049,6.923466905525057,-16.580711484065635,6.232295966468139,-13.643990874606482,17.968149245532405,-67.33646267341157,43.94,22,1.8299999999999983
2026-06-22 12:26:39.742084000,15.0,-65.450049,6.395323076924738,-16.80562564102524,6.232295966468139,-13.643990874606482,17.981357302621266,-69.16584961211072,43.95,22,1.8400000000000034
2026-06-22 12:26:39.752084000,15.0,-65.450049,7.108905600461715,-16.552150404157054,6.232295966468139,-13.643990874606482,18.014167253528885,-66.7571871996699,43.96,22,1.8500000000000014
2026-06-22 12:26:39.762084000,15.0,-65.450049,6.526048048048183,-16.76346846846843,6.232295966468139,-13.643990874606482,17.988973795599595,-68.72894838165628,43.97,22,1.8599999999999994
2026-06-22 12:26:39.772084000,15.0,-65.450049,6.919686947584033,-16.641621171634227,6.232295966468139,-13.643990874606482,18.02291937153217,-67.42216271791727,43.98,22,1.8699999999999974
2026-06-22 12:26:39.782084000,15.0,-65.450049,6.557832219251309,-16.749166109625676,6.232295966468139,-13.643990874606482,17.987210144535585,-68.61807388320715,43.99,22,1.8800000000000026
2026-06-22 12:26:39.792084000,15.0,-65.450049,7.077520760380331,-16.609886443221587,6.232295966468139,-13.643990874606482,18.054905919730817,-66.92100553003951,44.0,22,1.8900000000000006
2026-06-22 12:26:39.802084000,10.0,-65.450049,6.150597541632858,-16.832988501189778,4.154863977645426,-9.095993916404321,17.921477394465207,-69.92822636136857,44.01,23,0.0
2026-06-22 12:26:39.812084000,10.0,-65.450049,7.094127529042841,-16.282290301527137,4.154863977645426,-9.095993916404321,17.760620002171326,-66.45743929343263,44.02,23,0.010000000000005116
2026-06-22 12:26:39.822084000,10.0,-65.450049,6.803097264438438,-15.46286018237057,4.154863977645426,-9.095993916404321,16.893258341982193,-66.25224775401807,44.03,23,0.020000000000003126
2026-06-22 12:26:39.832084000,10.0,-65.450049,7.944411371237876,-15.468347157190474,4.154863977645426,-9.095993916404321,17.38917582321877,-62.815353857932,44.04,23,0.030000000000001137
2026-06-22 12:26:39.842084000,10.0,-65.450049,7.450285714289303,-15.469253968252426,4.154863977645426,-9.095993916404321,17.169874069393657,-64.28365291578103,44.05,23,0.03999999999999915
2026-06-22 12:26:39.852084000,10.0,-65.450049,7.707512939615146,-15.44277969475779,4.154863977645426,-9.095993916404321,17.259351100639865,-63.47615249303728,44.06,23,0.05000000000000426
2026-06-22 12:26:39.862084000,10.0,-65.450049,7.167042600897,-15.787345291479769,4.154863977645426,-9.095993916404321,17.338015197694368,-65.58319158522889,44.07,23,0.060000000000002274
2026-06-22 12:26:39.872084000,10.0,-65.450049,7.727009875756599,-15.45932207709461,4.154863977645426,-9.095993916404321,17.282862051853126,-63.44281001412549,44.08,23,0.07000000000000028
2026-06-22 12:26:39.882084000,10.0,-65.450049,6.442628175523032,-14.287732101611365,4.154863977645426,-9.095993916404321,15.673121782703634,-65.72842095237321,44.09,23,0.0800000000000054
2026-06-22 12:26:39.892084000,10.0,-65.450049,6.410414201183466,-12.994140696909886,4.154863977645426,-9.095993916404321,14.48934445314295,-63.74144166517636,44.1,23,0.09000000000000341
2026-06-22 12:26:39.902084000,10.0,-65.450049,5.812320080862507,-13.593693396226415,4.154863977645426,-9.095993916404321,14.78416601885298,-66.8496710816439,44.11,23,0.10000000000000142
2026-06-22 12:26:39.912084000,10.0,-65.450049,7.15438451948052,-13.52272955844156,4.154863977645426,-9.095993916404321,15.298674209333681,-62.11831072603968,44.12,23,0.10999999999999943
2026-06-22 12:26:39.922084000,10.0,-65.450049,7.119406164502147,-13.49779449350648,4.154863977645426,-9.095993916404321,15.260288343412292,-62.19061274774763,44.13,23,0.12000000000000455
2026-06-22 12:26:39.932084000,10.0,-65.450049,7.084427809523798,-13.47285942857142,4.154863977645426,-9.095993916404321,15.221926900704785,-62.26327930862185,44.14,23,0.13000000000000256
2026-06-22 12:26:39.942084000,10.0,-65.450049,6.922069767441835,-13.509567031463757,4.154863977645426,-9.095993916404321,15.179705242294553,-62.87017888650948,44.15,23,0.14000000000000057
2026-06-22 12:26:39.952084000,10.0,-65.450049,6.689511627906844,-13.580246466028312,4.154863977645426,-9.095993916404321,15.13844971910847,-63.77554271743938,44.16,23,0.14999999999999858
2026-06-22 12:26:39.962084000,10.0,-65.450049,6.11482665576445,-13.969264513491394,4.154863977645426,-9.095993916404321,15.24898213252076,-66.35935405632509,44.17,23,0.1600000000000037
2026-06-22 12:26:39.972084000,10.0,-65.450049,5.823194058326544,-13.871826519487607,4.154863977645426,-9.095993916404321,15.044505974863023,-67.22803362701924,44.18,23,0.1700000000000017
2026-06-22 12:26:39.982084000,10.0,-65.450049,6.596171357321161,-13.440622016387577,4.154863977645426,-9.095993916404321,14.971967030505596,-63.85986499898889,44.19,23,0.17999999999999972
2026-06-22 12:26:39.992084000,10.0,-65.450049,7.096822282314731,-13.341463169280736,4.154863977645426,-9.095993916404321,15.111569276684445,-61.98982134062887,44.2,23,0.19000000000000483
2026-06-22 12:26:40.002084000,10.0,-65.450049,6.916300305867068,-13.467056168319587,4.154863977645426,-9.095993916404321,15.139247397463704,-62.81624618021586,44.21,23,0.20000000000000284
2026-06-22 12:26:40.012084000,10.0,-65.450049,6.548428698356281,-13.567713904931157,4.154863977645426,-9.095993916404321,15.065350278819222,-64.23581714592119,44.22,23,0.21000000000000085
2026-06-22 12:26:40.022084000,10.0,-65.450049,3.1186815744112484,-10.87584495307392,4.154863977645426,-9.095993916404321,11.314158307442744,-73.99959490329232,44.23,23,0.21999999999999886
2026-06-22 12:26:40.032084000,10.0,-65.450049,4.164061293981293,-11.433223609536611,4.154863977645426,-9.095993916404321,12.167908964390659,-69.98801670682315,44.24,23,0.23000000000000398
2026-06-22 12:26:40.042083999,10.0,-65.450049,4.206364331210204,-11.467331756141952,4.154863977645426,-9.095993916404321,12.214466770690366,-69.85631522064814,44.249999999,23,0.23999999900000546
2026-06-22 12:26:40.052083999,10.0,-65.450049,4.266873885350321,-11.48871483166515,4.154863977645426,-9.095993916404321,12.255479641238338,-69.62515588793975,44.259999999,23,0.24999999900000347
2026-06-22 12:26:40.062084000,10.0,-65.450049,4.309287319417902,-11.025764044943719,4.154863977645426,-9.095993916404321,11.837965618131758,-68.65255424485531,44.27,23,0.2600000000000051
2026-06-22 12:26:40.072084000,10.0,-65.450049,4.305342297348209,-11.34285708797548,4.154863977645426,-9.095993916404321,12.132451492405446,-69.21503179187735,44.28,23,0.2700000000000031
2026-06-22 12:26:40.082084000,10.0,-65.450049,4.277765611633874,-11.325022954091816,4.154863977645426,-9.095993916404321,12.106007745693205,-69.30710121148967,44.29,23,0.28000000000000114
2026-06-22 12:26:40.092084000,10.0,-65.450049,4.724261280167364,-11.060316894019406,4.154863977645426,-9.095993916404321,12.027021844139956,-66.87091985645463,44.3,23,0.28999999999999915
2026-06-22 12:26:40.102084000,10.0,-65.450049,3.663083692219397,-11.495817973011762,4.154863977645426,-9.095993916404321,12.06532274764434,-72.32578592602269,44.31,23,0.30000000000000426
2026-06-22 12:26:40.112084000,10.0,-65.450049,3.9799800459373817,-11.432654033878846,4.154863977645426,-9.095993916404321,12.105611071913138,-70.80577181963031,44.32,23,0.3100000000000023
2026-06-22 12:26:40.122084000,10.0,-65.450049,4.296876399655367,-11.36949009474593,4.154863977645426,-9.095993916404321,12.154359374662288,-69.29689514431492,44.33,23,0.3200000000000003
2026-06-22 12:26:40.132084000,10.0,-65.450049,4.695917970882544,-11.184511601455883,4.154863977645426,-9.095993916404321,12.130331625819586,-67.22446142816771,44.34,23,0.3300000000000054
2026-06-22 12:26:40.142084000,10.0,-65.450049,4.513479390354821,-11.218633530482265,4.154863977645426,-9.095993916404321,12.092528044144396,-68.08409620880042,44.35,23,0.3400000000000034
2026-06-22 12:26:40.152084000,10.0,-65.450049,4.3310408098270985,-11.252755459508647,4.154863977645426,-9.095993916404321,12.05746324596884,-68.94892652150789,44.36,23,0.3500000000000014
2026-06-22 12:26:40.162084000,10.0,-65.450049,4.346077686915889,-11.221984228971962,4.154863977645426,-9.095993916404321,12.034173062408717,-68.8294880629508,44.37,23,0.35999999999999943
2026-06-22 12:26:40.172084000,10.0,-65.450049,3.587659779270697,-11.44355796199508,4.154863977645426,-9.095993916404321,11.99276121338775,-72.59331620079887,44.38,23,0.37000000000000455
2026-06-22 12:26:40.182084000,10.0,-65.450049,3.4383184392703696,-11.501164883574466,4.154863977645426,-9.095993916404321,12.004117100769765,-73.35575819702028,44.39,23,0.38000000000000256
2026-06-22 12:26:40.192084000,10.0,-65.450049,4.36097996786286,-11.379322013926076,4.154863977645426,-9.095993916404321,12.186349567311934,-69.03130706242725,44.4,23,0.39000000000000057
2026-06-22 12:26:40.202084000,10.0,-65.450049,4.726690476190223,-11.110460317460644,4.154863977645426,-9.095993916404321,12.074101677705675,-66.9537859034622,44.41,23,0.3999999999999986
2026-06-22 12:26:40.212084000,10.0,-65.450049,4.562040687158948,-11.295389692586202,4.154863977645426,-9.095993916404321,12.181873564385583,-68.00694679752122,44.42,23,0.4100000000000037
2026-06-22 12:26:40.222084000,10.0,-65.450049,4.077289132947768,-11.389302774566524,4.154863977645426,-9.095993916404321,12.097127938663899,-70.3029949632218,44.43,23,0.4200000000000017
2026-06-22 12:26:40.232084000,10.0,-65.450049,4.809296542553278,-11.156679521276587,4.154863977645426,-9.095993916404321,12.149108246068405,-66.68063308507111,44.44,23,0.4299999999999997
2026-06-22 12:26:40.242084000,10.0,-65.450049,3.403532677442514,-11.62001686577638,4.154863977645426,-9.095993916404321,12.108213189705017,-73.67455718444792,44.45,23,0.44000000000000483
2026-06-22 12:26:40.252084000,10.0,-65.450049,4.794301077301065,-11.222484123984128,4.154863977645426,-9.095993916404321,12.203666364371239,-66.8675853384622,44.46,23,0.45000000000000284
2026-06-22 12:26:40.262084000,10.0,-65.450049,4.894471177471151,-11.193661595161602,4.154863977645426,-9.095993916404321,12.216951666192823,-66.38246284659762,44.47,23,0.46000000000000085
2026-06-22 12:26:40.272084000,10.0,-65.450049,4.650523702874136,-11.247933308448443,4.154863977645426,-9.095993916404321,12.171416286624089,-67.53706639233408,44.48,23,0.46999999999999886
2026-06-22 12:26:40.282084000,10.0,-65.450049,3.8315492957768376,-11.62368309859125,4.154863977645426,-9.095993916404321,12.238904312986676,-71.75607570487863,44.49,23,0.480000000000004
2026-06-22 12:26:40.292084000,10.0,-65.450049,4.635591637417902,-11.337084999237003,4.154863977645426,-9.095993916404321,12.248191952644417,-67.76096377071805,44.5,23,0.490000000000002
2026-06-22 12:26:40.302084000,10.0,-65.450049,3.8502086720858735,-11.581052845528674,4.154863977645426,-9.095993916404321,12.204298088359407,-71.61022289092642,44.51,23,0.5
2026-06-22 12:26:40.312084000,10.0,-65.450049,4.636276861852971,-11.372739056282043,4.154863977645426,-9.095993916404321,12.28145987991803,-67.82095761098249,44.52,23,0.5100000000000051
2026-06-22 12:26:40.322084000,10.0,-65.450049,4.198422805247178,-11.42100908173608,4.154863977645426,-9.095993916404321,12.168245662243905,-69.81630767222366,44.53,23,0.5200000000000031
2026-06-22 12:26:40.332084000,10.0,-65.450049,4.3676888595911665,-11.384082399472693,4.154863977645426,-9.095993916404321,12.19319638372895,-69.00987465140733,44.54,23,0.5300000000000011
2026-06-22 12:26:40.342084000,10.0,-65.450049,3.255287868852589,-11.753972459016369,4.154863977645426,-9.095993916404321,12.196424380793502,-74.5198150629544,44.55,23,0.5399999999999991
2026-06-22 12:26:40.352084000,10.0,-65.450049,4.007200437158402,-11.611167358834257,4.154863977645426,-9.095993916404321,12.283194323074945,-70.95962294093084,44.56,23,0.5500000000000043
2026-06-22 12:26:40.362084000,10.0,-65.450049,3.9789001636677277,-11.540073649754111,4.154863977645426,-9.095993916404321,12.206758224614111,-70.9763267807822,44.57,23,0.5600000000000023
2026-06-22 12:26:40.372084000,10.0,-65.450049,4.780366548042712,-11.357793594306049,4.154863977645426,-9.095993916404321,12.322799181375363,-67.17432631868863,44.58,23,0.5700000000000003
2026-06-22 12:26:40.382084000,10.0,-65.450049,3.90264246927791,-11.525338382394711,4.154863977645426,-9.095993916404321,12.16815692994269,-71.29317313685515,44.59,23,0.5800000000000054
2026-06-22 12:26:40.392084000,10.0,-65.450049,4.444405996559332,-11.438818014254117,4.154863977645426,-9.095993916404321,12.271890735558113,-68.76700119085773,44.6,23,0.5900000000000034
2026-06-22 12:26:40.402084000,10.0,-65.450049,4.048957472660391,-11.549003645200672,4.154863977645426,-9.095993916404321,12.238200105091877,-70.6798780331382,44.61,23,0.6000000000000014
2026-06-22 12:26:40.412084000,10.0,-65.450049,4.427688763377058,-11.478830261593355,4.154863977645426,-9.095993916404321,12.30316918358058,-68.90705242170297,44.62,23,0.6099999999999994
2026-06-22 12:26:40.422084000,10.0,-65.450049,3.7460984036740888,-11.673284058604773,4.154863977645426,-9.095993916404321,12.259641673510929,-72.2079343980628,44.63,23,0.6200000000000045
2026-06-22 12:26:40.432084000,10.0,-65.450049,4.436619047618945,-11.476514285714295,4.154863977645426,-9.095993916404321,12.304225645033478,-68.8643728093915,44.64,23,0.6300000000000026
2026-06-22 12:26:40.442084000,10.0,-65.450049,3.639767428235838,-11.627491505565494,4.154863977645426,-9.095993916404321,12.183860867707093,-72.6182526828166,44.65,23,0.6400000000000006
2026-06-22 12:26:40.452084000,10.0,-65.450049,4.462419533412104,-11.453877817319185,4.154863977645426,-9.095993916404321,12.292457246061684,-68.71416063775783,44.66,23,0.6499999999999986
2026-06-22 12:26:40.462084000,10.0,-65.450049,3.8069521086499023,-11.60541744102907,4.154863977645426,-9.095993916404321,12.213869097795984,-71.83883717246668,44.67,23,0.6600000000000037
2026-06-22 12:26:40.472084000,10.0,-65.450049,4.726528753377112,-11.383886144345801,4.154863977645426,-9.095993916404321,12.326107974698619,-67.45203599276122,44.68,23,0.6700000000000017
2026-06-22 12:26:40.482084000,10.0,-65.450049,3.7955545741316,-11.620410094637487,4.154863977645426,-9.095993916404321,12.224572192627607,-71.9114979246427,44.69,23,0.6799999999999997
2026-06-22 12:26:40.492084000,10.0,-65.450049,4.875980736469598,-11.31105962521293,4.154863977645426,-9.095993916404321,12.31727477924986,-66.68005321952681,44.7,23,0.6900000000000048
2026-06-22 12:26:40.502084000,10.0,-65.450049,3.8525678168775017,-11.64007072087457,4.154863977645426,-9.095993916404321,12.261057261533432,-71.68676774881114,44.71,23,0.7000000000000028
2026-06-22 12:26:40.512084000,10.0,-65.450049,4.6036294573645415,-11.394979844961146,4.154863977645426,-9.095993916404321,12.28979128576988,-68.00104279384472,44.72,23,0.7100000000000009
2026-06-22 12:26:40.522084000,10.0,-65.450049,3.904075595238344,-11.59981458333323,4.154863977645426,-9.095993916404321,12.239179082808041,-71.3986392651804,44.73,23,0.7199999999999989
2026-06-22 12:26:40.532084000,10.0,-65.450049,4.883162166003327,-11.369136725412156,4.154863977645426,-9.095993916404321,12.373461222333942,-66.75597524082404,44.74,23,0.730000000000004
2026-06-22 12:26:40.542084000,10.0,-65.450049,3.8410301559785234,-11.621296707106055,4.154863977645426,-9.095993916404321,12.239609871794542,-71.71042780906896,44.75,23,0.740000000000002
2026-06-22 12:26:40.552084000,10.0,-65.450049,4.561472469949546,-11.47012369135324,4.154863977645426,-9.095993916404321,12.343855499358801,-68.31312839935467,44.76,23,0.75
2026-06-22 12:26:40.562084000,10.0,-65.450049,3.935081773904995,-11.629874903870448,4.154863977645426,-9.095993916404321,12.27757544660162,-71.30624905421278,44.77,23,0.7600000000000051
2026-06-22 12:26:40.572084000,10.0,-65.450049,4.706035528185261,-11.425830885836135,4.154863977645426,-9.095993916404321,12.357037744713288,-67.61437000927461,44.78,23,0.7700000000000031
2026-06-22 12:26:40.582084000,10.0,-65.450049,3.705598702501479,-11.705246524560092,4.154863977645426,-9.095993916404321,12.277795321013734,-72.43346903700237,44.79,23,0.7800000000000011
2026-06-22 12:26:40.592084000,10.0,-65.450049,4.601168503936863,-11.472033070866168,4.154863977645426,-9.095993916404321,12.360351709424277,-68.14541455739098,44.8,23,0.7899999999999991
2026-06-22 12:26:40.602084000,10.0,-65.450049,3.4803941605841575,-11.763521167883024,4.154863977645426,-9.095993916404321,12.267582230425859,-73.51844808145805,44.81,23,0.8000000000000043
2026-06-22 12:26:40.612084000,10.0,-65.450049,4.518417047817031,-11.496070062370064,4.154863977645426,-9.095993916404321,12.352154447582205,-68.54318086816842,44.82,23,0.8100000000000023
2026-06-22 12:26:40.622084000,10.0,-65.450049,3.717354630003823,-11.714636473918393,4.154863977645426,-9.095993916404321,12.290298334917262,-72.39443190194747,44.83,23,0.8200000000000003
2026-06-22 12:26:40.632084000,10.0,-65.450049,4.505638204224923,-11.506291373239469,4.154863977645426,-9.095993916404321,12.357002743111138,-68.61566252023037,44.84,23,0.8300000000000054
2026-06-22 12:26:40.642084000,10.0,-65.450049,3.4513144058887324,-11.769844374342695,4.154863977645426,-9.095993916404321,12.265431412084185,-73.65708761594716,44.85,23,0.8400000000000034
2026-06-22 12:26:40.652084000,10.0,-65.450049,4.589717898064124,-11.495687870406933,4.154863977645426,-9.095993916404321,12.378059217730025,-68.23536743208923,44.86,23,0.8500000000000014
2026-06-22 12:26:40.662084000,10.0,-65.450049,3.6242146705335383,-11.686803564028388,4.154863977645426,-9.095993916404321,12.235861617487227,-72.77072449641628,44.87,23,0.8599999999999994
2026-06-22 12:26:40.672084000,10.0,-65.450049,4.816145251396617,-11.348256983240276,4.154863977645426,-9.095993916404321,12.327943528432138,-67.00386766225915,44.88,23,0.8700000000000045
2026-06-22 12:26:40.682084000,10.0,-65.450049,3.882884230893154,-11.629861980006469,4.154863977645426,-9.095993916404321,12.260933065004421,-71.5372833190806,44.89,23,0.8800000000000026
2026-06-22 12:26:40.692084000,10.0,-65.450049,4.783048273800645,-11.399664923030908,4.154863977645426,-9.095993916404321,12.362439530565503,-67.23815202789167,44.9,23,0.8900000000000006
2026-06-22 12:26:40.702084000,10.0,-65.450049,3.8692808823537783,-11.673988235293878,4.154863977645426,-9.095993916404321,12.298509497671997,-71.66249879870985,44.91,23,0.8999999999999986
2026-06-22 12:26:40.712084000,10.0,-65.450049,4.775676372248512,-11.410633184731171,4.154863977645426,-9.095993916404321,12.369706321855057,-67.28929528424347,44.92,23,0.9100000000000037
2026-06-22 12:26:40.722084000,10.0,-65.450049,3.464739832535872,-11.825850478468903,4.154863977645426,-9.095993916404321,12.322952635073458,-73.67046118572657,44.93,23,0.9200000000000017
2026-06-22 12:26:40.732084000,10.0,-65.450049,4.486079589991355,-11.536980102502161,4.154863977645426,-9.095993916404321,12.378482135272796,-68.75175405815988,44.94,23,0.9299999999999997
2026-06-22 12:26:40.742084000,10.0,-65.450049,3.8341976516638345,-11.684715459882456,4.154863977645426,-9.095993916404321,12.297709014708412,-71.83337771188017,44.95,23,0.9400000000000048
2026-06-22 12:26:40.752084000,10.0,-65.450049,4.530433411966368,-11.496098434484276,4.154863977645426,-9.095993916404321,12.35658148986252,-68.49137238181063,44.96,23,0.9500000000000028
2026-06-22 12:26:40.762084000,10.0,-65.450049,3.9068147818348398,-11.650286731967826,4.154863977645426,-9.095993916404321,12.287895779043245,-71.46160363960234,44.97,23,0.9600000000000009
2026-06-22 12:26:40.772084000,10.0,-65.450049,4.718248046874975,-11.455315917968793,4.154863977645426,-9.095993916404321,12.388951828637834,-67.61407787502557,44.98,23,0.9699999999999989
2026-06-22 12:26:40.782084000,10.0,-65.450049,3.436830753354207,-11.831517027863699,4.154863977645426,-9.095993916404321,12.320576318006795,-73.8024235657189,44.99,23,0.980000000000004
2026-06-22 12:26:40.792084000,10.0,-65.450049,4.6963965517241295,-11.40807068965518,4.154863977645426,-9.095993916404321,12.336945222834375,-67.62434970967766,45.0,23,0.990000000000002
2026-06-22 12:26:40.802084000,10.0,-65.450049,3.7562260383372816,-11.780805910543444,4.154863977645426,-9.095993916404321,12.36513736086172,-72.31548854567839,45.01,23,1.0
2026-06-22 12:26:40.812084000,10.0,-65.450049,4.745913599999802,-11.385944000000105,4.154863977645426,-9.095993916404321,12.335453646696642,-67.37254501145452,45.02,23,1.0100000000000051
2026-06-22 12:26:40.822084000,10.0,-65.450049,3.7563867126302752,-11.719906298965558,4.154863977645426,-9.095993916404321,12.307178587773798,-72.22865041098834,45.03,23,1.0200000000000031
2026-06-22 12:26:40.832084000,10.0,-65.450049,4.446569308176157,-11.511411069182362,4.154863977645426,-9.095993916404321,12.340363180073282,-68.87970418432963,45.04,23,1.0300000000000011
2026-06-22 12:26:40.842084000,10.0,-65.450049,3.554069343821605,-11.788848892568664,4.154863977645426,-9.095993916404321,12.312934951201113,-73.22313760814718,45.05,23,1.0399999999999991
2026-06-22 12:26:40.852084000,10.0,-65.450049,4.973868316189484,-11.380647206004994,4.154863977645426,-9.095993916404321,12.420084414139177,-66.39245081145633,45.06,23,1.0500000000000043
2026-06-22 12:26:40.862084000,10.0,-65.450049,3.9287450980384864,-11.714941176470758,4.154863977645426,-9.095993916404321,12.356167885454273,-71.46050870359684,45.07,23,1.0600000000000023
2026-06-22 12:26:40.872084000,10.0,-65.450049,4.891316144661856,-11.441973870911891,4.154863977645426,-9.095993916404321,12.443622450462733,-66.85383274883182,45.08,23,1.0700000000000003
2026-06-22 12:26:40.882084000,10.0,-65.450049,3.5877591899630232,-11.806150781421888,4.154863977645426,-9.095993916404321,12.339254932078873,-73.09655090539073,45.09,23,1.0800000000000054
2026-06-22 12:26:40.892084000,10.0,-65.450049,5.08638542115083,-11.365205194432486,4.154863977645426,-9.095993916404321,12.451474039809538,-65.88956842537581,45.1,23,1.0900000000000034
2026-06-22 12:26:40.902084000,10.0,-65.450049,3.9469303066514225,-11.70539068100343,4.154863977645426,-9.095993916404321,12.352911796029526,-71.36645376157308,45.11,23,1.1000000000000014
2026-06-22 12:26:40.912084000,10.0,-65.450049,4.390170590365819,-11.535292285403829,4.154863977645426,-9.095993916404321,12.342470008965389,-69.16387658541778,45.12,23,1.1099999999999994
2026-06-22 12:26:40.922084000,10.0,-65.450049,4.361890881208005,-11.792796980063843,4.154863977645426,-9.095993916404321,12.573629256207948,-69.701697473653,45.13,23,1.1200000000000045
2026-06-22 12:26:40.932084000,10.0,-65.450049,4.404932659932639,-11.568306397306403,4.154863977645426,-9.095993916404321,12.3785760344436,-69.15437097685704,45.14,23,1.1300000000000026
2026-06-22 12:26:40.942084000,10.0,-65.450049,3.1745207852190958,-11.895642609699845,4.154863977645426,-9.095993916404321,12.311941167561457,-75.05801853977636,45.15,23,1.1400000000000006
2026-06-22 12:26:40.952084000,10.0,-65.450049,4.449903409090651,-11.558235660173224,4.154863977645426,-9.095993916404321,12.385251387288696,-68.94336918389575,45.16,23,1.1499999999999986
2026-06-22 12:26:40.962084000,10.0,-65.450049,3.707217073946035,-11.784658203744625,4.154863977645426,-9.095993916404321,12.354012603702593,-72.53747041877979,45.17,23,1.1600000000000037
2026-06-22 12:26:40.972084000,10.0,-65.450049,4.841908053543772,-11.421543559359321,4.154863977645426,-9.095993916404321,12.405471811959206,-67.02656954803146,45.18,23,1.1700000000000017
2026-06-22 12:26:40.982084000,10.0,-65.450049,3.6787055016178645,-11.746757281553462,4.154863977645426,-9.095993916404321,12.309312767143535,-72.61112678924003,45.19,23,1.1799999999999997
2026-06-22 12:26:40.992084000,10.0,-65.450049,4.742911089001604,-11.481264743125866,4.154863977645426,-9.095993916404321,12.422344613635522,-67.55447754974175,45.2,23,1.1900000000000048
2026-06-22 12:26:41.002084000,10.0,-65.450049,3.6963885774345986,-11.769065522074492,4.154863977645426,-9.095993916404321,12.335890392601238,-72.56371433315407,45.21,23,1.2000000000000028
2026-06-22 12:26:41.012084000,10.0,-65.450049,4.570022335518094,-11.57734571497944,4.154863977645426,-9.095993916404321,12.446687830555046,-68.45894937286667,45.22,23,1.2100000000000009
2026-06-22 12:26:41.022084000,10.0,-65.450049,3.710804035876362,-11.80054215246581,4.154863977645426,-9.095993916404321,12.370240971169427,-72.54369935554173,45.23,23,1.2199999999999989
2026-06-22 12:26:41.032084000,10.0,-65.450049,4.806731808731682,-11.41231254331261,4.154863977645426,-9.095993916404321,12.383276959969976,-67.1597465006401,45.24,23,1.230000000000004
2026-06-22 12:26:41.042083999,10.0,-65.450049,3.490380010688786,-11.917369855692364,4.154863977645426,-9.095993916404321,12.417989245299776,-73.67565582886412,45.249999999,23,1.2399999990000055
2026-06-22 12:26:41.052083999,10.0,-65.450049,4.47454561251068,-11.566945699391901,4.154863977645426,-9.095993916404321,12.402249443190513,-68.85158638332913,45.259999999,23,1.2499999990000035
2026-06-22 12:26:41.062084000,10.0,-65.450049,3.823212573254692,-11.943097282898195,4.154863977645426,-9.095993916404321,12.540116709547124,-72.2491427893857,45.27,23,1.2600000000000051
2026-06-22 12:26:41.072084000,10.0,-65.450049,4.654485165794165,-11.512131762652674,4.154863977645426,-9.095993916404321,12.417463906904441,-67.9859590464032,45.28,23,1.2700000000000031
2026-06-22 12:26:41.082084000,10.0,-65.450049,3.339097938897851,-11.96713667592456,4.154863977645426,-9.095993916404321,12.424247875256297,-74.40971254101905,45.29,23,1.2800000000000011
2026-06-22 12:26:41.092084000,10.0,-65.450049,4.7053143712568,-11.538344311377333,4.154863977645426,-9.095993916404321,12.460873676442171,-67.81446053550711,45.3,23,1.2899999999999991
2026-06-22 12:26:41.102084000,10.0,-65.450049,3.824573811214173,-11.797789567068616,4.154863977645426,-9.095993916404321,12.40222574807677,-72.03849043821405,45.31,23,1.3000000000000043
2026-06-22 12:26:41.112084000,10.0,-65.450049,4.797763694522123,-11.490999500199937,4.154863977645426,-9.095993916404321,12.45237350797308,-67.33831132054564,45.32,23,1.3100000000000023
2026-06-22 12:26:41.122084000,10.0,-65.450049,3.7950702604483975,-11.739037552998118,4.154863977645426,-9.095993916404321,12.337242842403642,-72.08468948837475,45.33,23,1.3200000000000003
2026-06-22 12:26:41.132084000,10.0,-65.450049,4.689625118934179,-11.471279257849723,4.154863977645426,-9.095993916404321,12.392854052546237,-67.76454503317242,45.34,23,1.3300000000000054
2026-06-22 12:26:41.142084000,10.0,-65.450049,3.471729890764497,-11.90867576961267,4.154863977645426,-9.095993916404321,12.404413207410803,-73.74704026130567,45.35,23,1.3400000000000034
2026-06-22 12:26:41.152084000,10.0,-65.450049,4.655117408159265,-11.566805242754324,4.154863977645426,-9.095993916404321,12.468404132348146,-68.07743875533895,45.36,23,1.3500000000000014
2026-06-22 12:26:41.162084000,10.0,-65.450049,3.99756901840507,-11.896401840490608,4.154863977645426,-9.095993916404321,12.55009700390162,-71.42601565247146,45.37,23,1.3599999999999994
2026-06-22 12:26:41.172084000,10.0,-65.450049,4.41629115175446,-11.619546218487466,4.154863977645426,-9.095993916404321,12.430506098330474,-69.18948805417924,45.38,23,1.3700000000000045
2026-06-22 12:26:41.182084000,10.0,-65.450049,3.6024193671371973,-11.89650228745697,4.154863977645426,-9.095993916404321,12.429971519363756,-73.15298846967525,45.39,23,1.3800000000000026
2026-06-22 12:26:41.192084000,10.0,-65.450049,4.399419461972533,-11.593855197608804,4.154863977645426,-9.095993916404321,12.400498778093702,-69.22018406440621,45.4,23,1.3900000000000006
2026-06-22 12:26:41.202084000,10.0,-65.450049,3.5885288192504032,-11.8832775601566,4.154863977645426,-9.095993916404321,12.41329225702481,-73.19666037432805,45.41,23,1.3999999999999986
2026-06-22 12:26:41.212084000,10.0,-65.450049,4.401697261287332,-11.58205440414519,4.154863977645426,-9.095993916404321,12.390275339983505,-69.19097594564606,45.42,23,1.4100000000000037
2026-06-22 12:26:41.222084000,10.0,-65.450049,3.5645633802817818,-11.840456740442624,4.154863977645426,-9.095993916404321,12.36537617358805,-73.24560570663996,45.43,23,1.4200000000000017
2026-06-22 12:26:41.232084000,10.0,-65.450049,4.394339051462915,-11.586223007063627,4.154863977645426,-9.095993916404321,12.391560808414027,-69.22962675018516,45.44,23,1.4299999999999997
2026-06-22 12:26:41.242084000,10.0,-65.450049,3.6255150102557607,-11.823063770277715,4.154863977645426,-9.095993916404321,12.366454463816352,-72.95196366623563,45.45,23,1.4400000000000048
2026-06-22 12:26:41.252084000,10.0,-65.450049,4.550496225795941,-11.601846734492932,4.154863977645426,-9.095993916404321,12.462337804426882,-68.58381009487951,45.46,23,1.4500000000000028
2026-06-22 12:26:41.262084000,10.0,-65.450049,3.727953377735308,-11.835797018712412,4.154863977645426,-9.095993916404321,12.409017989137164,-72.51699375577313,45.47,23,1.4600000000000009
2026-06-22 12:26:41.272084000,10.0,-65.450049,4.6984319999986655,-11.534528000000275,4.154863977645426,-9.095993916404321,12.454742046361371,-67.83714827128811,45.48,23,1.4699999999999989
2026-06-22 12:26:41.282084000,10.0,-65.450049,3.552620069761648,-11.860703514891059,4.154863977645426,-9.095993916404321,12.381332611161948,-73.32553742123407,45.49,23,1.480000000000004
2026-06-22 12:26:41.292084000,10.0,-65.450049,4.58289436038496,-11.571562585969785,4.154863977645426,-9.095993916404321,12.446042800804761,-68.39405631861621,45.5,23,1.490000000000002
2026-06-22 12:26:41.302084000,10.0,-65.450049,3.6946014418121536,-11.798874356333814,4.154863977645426,-9.095993916404321,12.363798602791624,-72.61300827096366,45.51,23,1.5
2026-06-22 12:26:41.312084000,10.0,-65.450049,4.532224181359797,-11.567085922194284,4.154863977645426,-9.095993916404321,12.423306031871213,-68.60372384614043,45.52,23,1.5100000000000051
2026-06-22 12:26:41.322084000,10.0,-65.450049,3.5470431251747807,-11.886105852702421,4.154863977645426,-9.095993916404321,12.404073011454601,-73.38388242976269,45.53,23,1.5200000000000031
2026-06-22 12:26:41.332084000,10.0,-65.450049,4.560940298507855,-11.58886140724938,4.154863977645426,-9.095993916404321,12.454071026093716,-68.51726565805917,45.54,23,1.5300000000000011
2026-06-22 12:26:41.342084000,10.0,-65.450049,3.6160528925629776,-11.87103338842944,4.154863977645426,-9.095993916404321,12.409563740559925,-73.0586630226215,45.55,23,1.5399999999999991
2026-06-22 12:26:41.352084000,10.0,-65.450049,4.517660714285087,-11.58101970443371,4.154863977645426,-9.095993916404321,12.43098048119603,-68.68965162689146,45.56,23,1.5500000000000043
2026-06-22 12:26:41.362084000,10.0,-65.450049,3.593394474782691,-11.832053646000828,4.154863977645426,-9.095993916404321,12.365677390795875,-73.10646507172505,45.57,23,1.5600000000000023
2026-06-22 12:26:41.372084000,10.0,-65.450049,4.501002843602248,-11.544543601895636,4.154863977645426,-9.095993916404321,12.390944821690757,-68.70011469340767,45.58,23,1.5700000000000003
2026-06-22 12:26:41.382084000,10.0,-65.450049,3.7074248756219954,-11.837992039800953,4.154863977645426,-9.095993916404321,12.404960892432168,-72.61047625594395,45.59,23,1.5800000000000054
2026-06-22 12:26:41.392084000,10.0,-65.450049,4.524995841209787,-11.53384650283555,4.154863977645426,-9.095993916404321,12.389721647960366,-68.57876969418852,45.6,23,1.5900000000000034
2026-06-22 12:26:41.402084000,10.0,-65.450049,3.5685119236877343,-11.911255961844441,4.154863977645426,-9.095993916404321,12.434319279239869,-73.3222270571092,45.61,23,1.6000000000000014
2026-06-22 12:26:41.412084000,10.0,-65.450049,4.555573132234786,-11.556531743247799,4.154863977645426,-9.095993916404321,12.422023687621655,-68.48569123930513,45.62,23,1.6099999999999994
2026-06-22 12:26:41.422084000,10.0,-65.450049,3.738813443073992,-11.822354595335703,4.154863977645426,-9.095993916404321,12.399467494209821,-72.45046859608249,45.63,23,1.6200000000000045
2026-06-22 12:26:41.432084000,10.0,-65.450049,4.567905464297711,-11.563065035199454,4.154863977645426,-9.095993916404321,12.432627772881041,-68.44385935537402,45.64,23,1.6300000000000026
2026-06-22 12:26:41.442084000,10.0,-65.450049,3.6347394305427407,-11.849642795513622,4.154863977645426,-9.095993916404321,12.394569984844576,-72.94721698586994,45.65,23,1.6400000000000006
2026-06-22 12:26:41.452084000,10.0,-65.450049,4.44994082991766,-11.583263575819801,4.154863977645426,-9.095993916404321,12.408624760894416,-68.98472909231177,45.66,23,1.6499999999999986
2026-06-22 12:26:41.462084000,10.0,-65.450049,3.8199828825753794,-11.830558712769317,4.154863977645426,-9.095993916404321,12.4319905356886,-72.10519026171843,45.67,23,1.6600000000000037
2026-06-22 12:26:41.472084000,10.0,-65.450049,4.421246580027245,-11.542302325581495,4.154863977645426,-9.095993916404321,12.360103733242962,-69.04080181025913,45.68,23,1.6700000000000017
2026-06-22 12:26:41.482084000,10.0,-65.450049,3.692998064265652,-11.879679442508927,4.154863977645426,-9.095993916404321,12.44045892881123,-72.73126462951807,45.69,23,1.6799999999999997
2026-06-22 12:26:41.492084000,10.0,-65.450049,4.407552010634619,-11.607077434363653,4.154863977645426,-9.095993916404321,12.415746505698447,-69.20674319270499,45.7,23,1.6900000000000048
2026-06-22 12:26:41.502084000,10.0,-65.450049,3.680414959349209,-11.867493008130149,4.154863977645426,-9.095993916404321,12.425089318432258,-72.76999171490151,45.71,23,1.7000000000000028
2026-06-22 12:26:41.512084000,10.0,-65.450049,4.466827714197399,-11.615690380451564,4.154863977645426,-9.095993916404321,12.444951299335687,-68.96569247540405,45.72,23,1.7100000000000009
2026-06-22 12:26:41.522084000,10.0,-65.450049,3.616441497200921,-11.879040377247076,4.154863977645426,-9.095993916404321,12.417336646275771,-73.06771343080842,45.73,23,1.7199999999999989
2026-06-22 12:26:41.532084000,10.0,-65.450049,4.369726518420116,-11.60978094922009,4.154863977645426,-9.095993916404321,12.404899174707456,-69.3745055517394,45.74,23,1.730000000000004
2026-06-22 12:26:41.542084000,10.0,-65.450049,3.4538768079801767,-11.943736658354082,4.154863977645426,-9.095993916404321,12.433105419355796,-73.8712456803455,45.75,23,1.740000000000002
2026-06-22 12:26:41.552084000,10.0,-65.450049,4.421893842887731,-11.62816135881101,4.154863977645426,-9.095993916404321,12.440549897183562,-69.17946449661937,45.76,23,1.75
2026-06-22 12:26:41.562084000,10.0,-65.450049,3.739777410832555,-11.872330581241677,4.154863977645426,-9.095993916404321,12.447416138012732,-72.5156021899139,45.77,23,1.7600000000000051
2026-06-22 12:26:41.572084000,10.0,-65.450049,4.4378461538460865,-11.627923076923073,4.154863977645426,-9.095993916404321,12.44600633006615,-69.11043293395117,45.78,23,1.7700000000000031
2026-06-22 12:26:41.582084000,10.0,-65.450049,3.4580830170772283,-11.927859108159526,4.154863977645426,-9.095993916404321,12.419024158809826,-73.83225479812307,45.79,23,1.7800000000000011
2026-06-22 12:26:41.592084000,10.0,-65.450049,4.465171253820737,-11.595551138294727,4.154863977645426,-9.095993916404321,12.425560773130329,-68.93949008424875,45.8,23,1.7899999999999991
2026-06-22 12:26:41.602084000,10.0,-65.450049,3.7362140762468825,-11.843820136852244,4.154863977645426,-9.095993916404321,12.419153395366854,-72.49176354987976,45.81,23,1.8000000000000043
2026-06-22 12:26:41.612084000,10.0,-65.450049,4.511995956328701,-11.630525272947708,4.154863977645426,-9.095993916404321,12.475064153526501,-68.79652084631725,45.82,23,1.8100000000000023
2026-06-22 12:26:41.622084000,10.0,-65.450049,3.773949152541836,-11.837420338983229,4.154863977645426,-9.095993916404321,12.424460249352688,-72.31692961777965,45.83,23,1.8200000000000003
2026-06-22 12:26:41.632084000,10.0,-65.450049,4.584199185717937,-11.62856154087088,4.154863977645426,-9.095993916404321,12.49953301864347,-68.48470196968039,45.84,23,1.8300000000000054
2026-06-22 12:26:41.642084000,10.0,-65.450049,3.7026884273006435,-11.870973293768206,4.154863977645426,-9.095993916404321,12.435027484128215,-72.67671969628903,45.85,23,1.8400000000000034
2026-06-22 12:26:41.652084000,10.0,-65.450049,4.446475987192686,-11.628997509783188,4.154863977645426,-9.095993916404321,12.450089629686397,-69.07509167153435,45.86,23,1.8500000000000014
2026-06-22 12:26:41.662084000,10.0,-65.450049,3.567768338450574,-11.921692596383638,4.154863977645426,-9.095993916404321,12.444104036832817,-73.33929733683199,45.87,23,1.8599999999999994
2026-06-22 12:26:41.672084000,10.0,-65.450049,4.707643848288357,-11.500000925069488,4.154863977645426,-9.095993916404321,12.42625977029799,-67.7377553452632,45.88,23,1.8700000000000045
2026-06-22 12:26:41.682084000,10.0,-65.450049,3.410526579460266,-11.969015864180289,4.154863977645426,-9.095993916404321,12.445442230238521,-74.0952946661817,45.89,23,1.8800000000000026
2026-06-22 12:26:41.692084000,10.0,-65.450049,4.509520504732497,-11.581299684542346,4.154863977645426,-9.095993916404321,12.428285383180718,-68.72508207692799,45.9,23,1.8900000000000006
2026-06-22 12:26:41.702084000,10.0,-65.450049,3.4721619154097887,-11.95650121110456,4.154863977645426,-9.095993916404321,12.450454994817136,-73.80672951950861,45.91,23,1.8999999999999986
2026-06-22 12:26:41.712084000,10.0,-65.450049,4.560125085440292,-11.664998974709867,4.154863977645426,-9.095993916404321,12.524653363460567,-68.6482914298088,45.92,23,1.9100000000000037
2026-06-22 12:26:41.722084000,10.0,-65.450049,3.533802464066201,-11.943159958932055,4.154863977645426,-9.095993916404321,12.454992158154026,-73.51730214473297,45.93,23,1.9200000000000017
2026-06-22 12:26:41.732084000,10.0,-65.450049,4.504149081007569,-11.660183798502342,4.154863977645426,-9.095993916404321,12.499889805866202,-68.87922273057845,45.94,23,1.9299999999999997
2026-06-22 12:26:41.742084000,10.0,-65.450049,3.540212739641675,-11.95623763141607,4.154863977645426,-9.095993916404321,12.46935140818523,-73.50610717406755,45.95,23,1.9400000000000048
2026-06-22 12:26:41.752084000,10.0,-65.450049,4.468240775780696,-11.5908235572374,4.154863977645426,-9.095993916404321,12.422252869965202,-68.91844228796424,45.96,23,1.9500000000000028
2026-06-22 12:26:41.762084000,10.0,-65.450049,3.6522696339888907,-11.922265955490369,4.154863977645426,-9.095993916404321,12.46914187074644,-72.96806654827093,45.97,23,1.9600000000000009
2026-06-22 12:26:41.772084000,10.0,-65.450049,4.68164554331983,-11.56085539164772,4.154863977645426,-9.095993916404321,12.472817740185118,-67.9541851861184,45.98,23,1.9699999999999989
2026-06-22 12:26:41.782084000,10.0,-65.450049,3.6846810715686074,-11.929740516229776,4.154863977645426,-9.095993916404321,12.485815287106815,-72.83590426695696,45.99,23,1.980000000000004
2026-06-22 12:26:41.792084000,5.0,-65.450049,4.593857191663996,-11.605895797745085,2.077431988822713,-4.547996958202161,12.482000687610942,-68.40530085867822,46.0,24,0.0
2026-06-22 12:26:41.802084000,5.0,-65.450049,3.9176767731459177,-11.968680292365798,2.077431988822713,-4.547996958202161,12.593549906190567,-71.8753113250531,46.01,24,0.00999999999999801
2026-06-22 12:26:41.812084000,5.0,-65.450049,4.829656785121899,-11.586272693794966,2.077431988822713,-4.547996958202161,12.552581391771689,-67.3715264934653,46.02,24,0.020000000000003126
2026-06-22 12:26:41.822084000,5.0,-65.450049,3.4795628742518163,-12.03519161676577,2.077431988822713,-4.547996958202161,12.528096226008987,-73.87458806851131,46.03,24,0.030000000000001137
2026-06-22 12:26:41.832084000,5.0,-65.450049,4.910015314120413,-11.514916917882495,2.077431988822713,-4.547996958202161,12.518049449120797,-66.90636971749743,46.04,24,0.03999999999999915
2026-06-22 12:26:41.842084000,5.0,-65.450049,3.546606094809632,-11.959486455980748,2.077431988822713,-4.547996958202161,12.47428278830201,-73.48218677534096,46.05,24,0.04999999999999716
2026-06-22 12:26:41.852084000,5.0,-65.450049,4.747815327102495,-10.624588037382788,2.077431988822713,-4.547996958202161,11.637165520192914,-65.92153953407035,46.06,24,0.060000000000002274
2026-06-22 12:26:41.862084000,5.0,-65.450049,4.194895306858969,-8.746296028881268,2.077431988822713,-4.547996958202161,9.700249525673637,-64.376709192486,46.07,24,0.07000000000000028
2026-06-22 12:26:41.872084000,5.0,-65.450049,5.725820066772194,-8.137525918116236,2.077431988822713,-4.547996958202161,9.950092638014212,-54.86857152268474,46.08,24,0.0799999999999983
2026-06-22 12:26:41.882084000,5.0,-65.450049,5.392649043869561,-8.735930258717666,2.077431988822713,-4.547996958202161,10.266310982798357,-58.31315977648628,46.09,24,0.09000000000000341
2026-06-22 12:26:41.892084000,5.0,-65.450049,6.242613508442366,-8.36190806754231,2.077431988822713,-4.547996958202161,10.435120025462872,-53.256684502436464,46.1,24,0.10000000000000142
2026-06-22 12:26:41.902084000,5.0,-65.450049,4.758866666666548,-8.243549999999377,2.077431988822713,-4.547996958202161,9.518557062580426,-60.00286265565175,46.11,24,0.10999999999999943
2026-06-22 12:26:41.912084000,5.0,-65.450049,4.1243007417400745,-6.169320296696029,2.077431988822713,-4.547996958202161,7.420941283391435,-56.23656558171677,46.12,24,0.11999999999999744
2026-06-22 12:26:41.922084000,5.0,-65.450049,2.5964489795918446,-6.083503401360391,2.077431988822713,-4.547996958202161,6.614420680451689,-66.88713304911178,46.13,24,0.13000000000000256
2026-06-22 12:26:41.932084000,5.0,-65.450049,3.76848691619726,-6.068203709837674,2.077431988822713,-4.547996958202161,7.143149858545434,-58.15881671720881,46.14,24,0.14000000000000057
2026-06-22 12:26:41.942084000,5.0,-65.450049,2.9308029197077485,-6.644075425792759,2.077431988822713,-4.547996958202161,7.261772787535472,-66.19699326405512,46.15,24,0.14999999999999858
2026-06-22 12:26:41.952084000,5.0,-65.450049,3.606190413656555,-5.801404464871888,2.077431988822713,-4.547996958202161,6.83087864513665,-58.13464945041619,46.16,24,0.1599999999999966
2026-06-22 12:26:41.962084000,5.0,-65.450049,2.104264529058084,-5.650996793587148,2.077431988822713,-4.547996958202161,6.030065834581267,-69.57615340976689,46.17,24,0.1700000000000017
2026-06-22 12:26:41.972084000,5.0,-65.450049,2.930409469823496,-5.21302834278082,2.077431988822713,-4.547996958202161,5.980214391095638,-60.65827078346653,46.18,24,0.17999999999999972
2026-06-22 12:26:41.982084000,5.0,-65.450049,2.1996924656128782,-5.8986924656128785,2.077431988822713,-4.547996958202161,6.295492017876935,-69.54891725596042,46.19,24,0.18999999999999773
2026-06-22 12:26:41.992084000,5.0,-65.450049,3.0906385911171776,-5.414209800918881,2.077431988822713,-4.547996958202161,6.234237296515817,-60.280618133935874,46.2,24,0.20000000000000284
2026-06-22 12:26:42.002084000,5.0,-65.450049,1.7668886509635695,-5.511503211991447,2.077431988822713,-4.547996958202161,5.7877943260533975,-72.22508548447463,46.21,24,0.21000000000000085
2026-06-22 12:26:42.012084000,5.0,-65.450049,2.7614420043303842,-5.032797092483748,2.077431988822713,-4.547996958202161,5.740610465568368,-61.246893863018286,46.22,24,0.21999999999999886
2026-06-22 12:26:42.022084000,5.0,-65.450049,1.7381214444722828,-5.555212465990462,2.077431988822713,-4.547996958202161,5.820777585342894,-72.6260804574968,46.23,24,0.22999999999999687
2026-06-22 12:26:42.032084000,5.0,-65.450049,2.8329648382554264,-5.205016877637243,2.077431988822713,-4.547996958202161,5.926034970473946,-61.44161608047582,46.24,24,0.240000000000002
2026-06-22 12:26:42.042083999,5.0,-65.450049,1.6808959050899286,-5.556546498277845,2.077431988822713,-4.547996958202161,5.80522351260241,-73.16905057204784,46.249999999,24,0.24999999900000347
2026-06-22 12:26:42.052083999,5.0,-65.450049,2.857926305015452,-5.23338041624016,2.077431988822713,-4.547996958202161,5.962886326770393,-61.3612379275378,46.259999999,24,0.2599999990000015
2026-06-22 12:26:42.062084000,5.0,-65.450049,1.7816707692301135,-5.672807032966945,2.077431988822713,-4.547996958202161,5.946014662209324,-72.56394796817591,46.27,24,0.2700000000000031
2026-06-22 12:26:42.072084000,5.0,-65.450049,2.8582949727436016,-5.262241368867429,2.077431988822713,-4.547996958202161,5.988408334059319,-61.49048993824347,46.28,24,0.28000000000000114
2026-06-22 12:26:42.082084000,5.0,-65.450049,1.936366871777834,-5.682362048894066,2.077431988822713,-4.547996958202161,6.003228724347444,-71.18253504235251,46.29,24,0.28999999999999915
2026-06-22 12:26:42.092084000,5.0,-65.450049,2.896530578511797,-5.2887375206613925,2.077431988822713,-4.547996958202161,6.029977939819141,-61.291404121533205,46.3,24,0.29999999999999716
2026-06-22 12:26:42.102084000,5.0,-65.450049,1.7579331536394935,-5.624728840970103,2.077431988822713,-4.547996958202161,5.893038563178233,-72.64406932714007,46.31,24,0.3100000000000023
2026-06-22 12:26:42.112084000,5.0,-65.450049,2.9158595731516628,-5.330311166099692,2.077431988822713,-4.547996958202161,6.075726637842362,-61.319856692877636,46.32,24,0.3200000000000003
2026-06-22 12:26:42.122084000,5.0,-65.450049,1.7959965753420317,-5.656165362035401,2.077431988822713,-4.547996958202161,5.934459562700665,-72.38384688804652,46.33,24,0.3299999999999983
2026-06-22 12:26:42.132084000,5.0,-65.450049,2.972871240105043,-5.303380474934197,2.077431988822713,-4.547996958202161,6.079786827854819,-60.72668569189574,46.34,24,0.3400000000000034
2026-06-22 12:26:42.142084000,5.0,-65.450049,1.787426119402827,-5.698600746268726,2.077431988822713,-4.547996958202161,5.972348164474165,-72.58541781283296,46.35,24,0.3500000000000014
2026-06-22 12:26:42.152084000,5.0,-65.450049,2.9557459994181925,-5.37041256910093,2.077431988822713,-4.547996958202161,6.130070601178579,-61.17267053350364,46.36,24,0.35999999999999943
2026-06-22 12:26:42.162084000,5.0,-65.450049,1.750833214029402,-5.7616537819139015,2.077431988822713,-4.547996958202161,6.021799668370851,-73.09718735683515,46.37,24,0.36999999999999744
2026-06-22 12:26:42.172084000,5.0,-65.450049,2.9493374432183677,-5.367893900065103,2.077431988822713,-4.547996958202161,6.124775610283694,-61.21383105646425,46.38,24,0.38000000000000256
2026-06-22 12:26:42.182084000,5.0,-65.450049,1.6619589533096044,-5.8115371985633875,2.077431988822713,-4.547996958202161,6.0445076038310965,-74.04075265577308,46.39,24,0.39000000000000057
2026-06-22 12:26:42.192084000,5.0,-65.450049,2.907127191475272,-5.385862839463537,2.077431988822713,-4.547996958202161,6.12036821056782,-61.64115750514958,46.4,24,0.3999999999999986
2026-06-22 12:26:42.202084000,5.0,-65.450049,1.7578391294598399,-5.777621494278441,2.077431988822713,-4.547996958202161,6.0391148801963,-73.07763699227512,46.41,24,0.4099999999999966
2026-06-22 12:26:42.212084000,5.0,-65.450049,3.0103423507458813,-5.399422885572244,2.077431988822713,-4.547996958202161,6.181903312567703,-60.85900493144628,46.42,24,0.4200000000000017
2026-06-22 12:26:42.222084000,5.0,-65.450049,1.7795412555113461,-5.787655889145446,2.077431988822713,-4.547996958202161,6.055058032028005,-72.90881067617606,46.43,24,0.4299999999999997
2026-06-22 12:26:42.232084000,5.0,-65.450049,2.996810313075666,-5.427167587476931,2.077431988822713,-4.547996958202161,6.199598380146639,-61.09309968800081,46.44,24,0.4399999999999977
2026-06-22 12:26:42.242084000,5.0,-65.450049,1.776405405406364,-5.8221715258561835,2.077431988822713,-4.547996958202161,6.087141976399718,-73.03250428197494,46.45,24,0.45000000000000284
2026-06-22 12:26:42.252084000,5.0,-65.450049,2.8624708668869596,-5.504120795831653,2.077431988822713,-4.547996958202161,6.203957220910139,-62.52288038352074,46.46,24,0.46000000000000085
2026-06-22 12:26:42.262084000,5.0,-65.450049,1.6824038039496627,-5.866226773957776,2.077431988822713,-4.547996958202161,6.102712439812591,-73.99737967434098,46.47,24,0.46999999999999886
2026-06-22 12:26:42.272084000,5.0,-65.450049,2.8698658109674033,-5.480864644107892,2.077431988822713,-4.547996958202161,6.186760624106247,-62.36274754852837,46.48,24,0.4799999999999969
2026-06-22 12:26:42.282084000,5.0,-65.450049,1.4919753388868606,-5.856630736566851,2.077431988822713,-4.547996958202161,6.043683810090179,-75.70791067792223,46.49,24,0.490000000000002
2026-06-22 12:26:42.292084000,5.0,-65.450049,2.795619071902042,-5.4801993880673265,2.077431988822713,-4.547996958202161,6.152078618496023,-62.97246658689004,46.5,24,0.5
2026-06-22 12:26:42.302084000,5.0,-65.450049,2.214870816476593,-5.941627896285395,2.077431988822713,-4.547996958202161,6.341024743020366,-69.55596775912589,46.51,24,0.509999999999998
2026-06-22 12:26:42.312084000,5.0,-65.450049,3.1538782646224743,-5.406614504640752,2.077431988822713,-4.547996958202161,6.2592674099969425,-59.74340625316059,46.52,24,0.5200000000000031
2026-06-22 12:26:42.322084000,5.0,-65.450049,2.1493458445038613,-5.935742719792907,2.077431988822713,-4.547996958202161,6.312901804626817,-70.09456402003605,46.53,24,0.5300000000000011
2026-06-22 12:26:42.332084000,5.0,-65.450049,2.8330413135592027,-5.5147182203390095,2.077431988822713,-4.547996958202161,6.19985807370397,-62.80936101709732,46.54,24,0.5399999999999991
2026-06-22 12:26:42.342084000,5.0,-65.450049,1.6881635434437574,-5.839749574105037,2.077431988822713,-4.547996958202161,6.078862659879111,-73.87639676392229,46.55,24,0.5499999999999972
2026-06-22 12:26:42.352084000,5.0,-65.450049,3.3338539429273006,-5.4079664007364165,2.077431988822713,-4.547996958202161,6.353005800742346,-58.347375731832706,46.56,24,0.5600000000000023
2026-06-22 12:26:42.362084000,5.0,-65.450049,1.6810275111963113,-5.822770313499704,2.077431988822713,-4.547996958202161,6.060569908611921,-73.89662819030109,46.57,24,0.5700000000000003
2026-06-22 12:26:42.372084000,5.0,-65.450049,2.9269861635223404,-5.49991698113199,2.077431988822713,-4.547996958202161,6.230275660096851,-61.97865741906984,46.58,24,0.5799999999999983
2026-06-22 12:26:42.382084000,5.0,-65.450049,2.5497439999999894,-5.887123540983672,2.077431988822713,-4.547996958202161,6.4155606187098,-66.58231126954233,46.59,24,0.5900000000000034
2026-06-22 12:26:42.392084000,5.0,-65.450049,2.9980904255319967,-5.485824468085088,2.077431988822713,-4.547996958202161,6.251625092270623,-61.3426930264518,46.6,24,0.6000000000000014
2026-06-22 12:26:42.402084000,5.0,-65.450049,2.5630133086876135,-5.820212939001816,2.077431988822713,-4.547996958202161,6.3595531191927295,-66.23302621957824,46.61,24,0.6099999999999994
2026-06-22 12:26:42.412084000,5.0,-65.450049,2.861801749272015,-5.542499514091107,2.077431988822713,-4.547996958202161,6.237724754735217,-62.69098531748233,46.62,24,0.6199999999999974
2026-06-22 12:26:42.422084000,5.0,-65.450049,1.6562402717729157,-5.8737825818405875,2.077431988822713,-4.547996958202161,6.102823416794582,-74.25305183286417,46.63,24,0.6300000000000026
2026-06-22 12:26:42.432084000,5.0,-65.450049,2.841885439303955,-5.556291524371502,2.077431988822713,-4.547996958202161,6.240888426652925,-62.91154473892083,46.64,24,0.6400000000000006
2026-06-22 12:26:42.442084000,5.0,-65.450049,1.447179128563435,-5.908612694997371,2.077431988822713,-4.547996958202161,6.083258288913411,-76.2376419548914,46.65,24,0.6499999999999986
2026-06-22 12:26:42.452084000,5.0,-65.450049,2.823796054627892,-5.543205766312722,2.077431988822713,-4.547996958202161,6.221009108321146,-63.004992290257924,46.66,24,0.6599999999999966
2026-06-22 12:26:42.462084000,5.0,-65.450049,1.5191096433284654,-5.916070013210057,2.077431988822713,-4.547996958202161,6.107993001768812,-75.59890026880586,46.67,24,0.6700000000000017
2026-06-22 12:26:42.472084000,5.0,-65.450049,2.754372464393427,-5.499839879154112,2.077431988822713,-4.547996958202161,6.151000436428422,-63.39785272347757,46.68,24,0.6799999999999997
2026-06-22 12:26:42.482084000,5.0,-65.450049,1.4243433918127215,-5.9144858479532445,2.077431988822713,-4.547996958202161,6.083575999643612,-76.45969642786446,46.69,24,0.6899999999999977
2026-06-22 12:26:42.492084000,5.0,-65.450049,2.861621495326483,-5.523771028037558,2.077431988822713,-4.547996958202161,6.221006667148146,-62.61332370270605,46.7,24,0.7000000000000028
2026-06-22 12:26:42.502084000,5.0,-65.450049,1.691660631383787,-5.896660863509736,2.077431988822713,-4.547996958202161,6.1345191360872935,-73.99263494065536,46.71,24,0.7100000000000009
2026-06-22 12:26:42.512084000,5.0,-65.450049,3.063168674699878,-5.479987951807056,2.077431988822713,-4.547996958202161,6.277998907423694,-60.79596147466201,46.72,24,0.7199999999999989
2026-06-22 12:26:42.522084000,5.0,-65.450049,1.4035586690025175,-5.949959719789655,2.077431988822713,-4.547996958202161,6.113264071218543,-76.72692707097924,46.73,24,0.7299999999999969
2026-06-22 12:26:42.532084000,5.0,-65.450049,2.865649999997788,-5.540695535715029,2.077431988822713,-4.547996958202161,6.237888820905658,-62.651976184254686,46.74,24,0.740000000000002
2026-06-22 12:26:42.542084000,5.0,-65.450049,2.03105147712663,-5.865482264598374,2.077431988822713,-4.547996958202161,6.207177482483995,-70.90046982925931,46.75,24,0.75
2026-06-22 12:26:42.552084000,5.0,-65.450049,3.1882251461977322,-5.438331871345376,2.077431988822713,-4.547996958202161,6.303985495362316,-59.619011793419745,46.76,24,0.759999999999998
2026-06-22 12:26:42.562084000,5.0,-65.450049,1.3096898537882742,-5.944291980505084,2.077431988822713,-4.547996958202161,6.0868624645717935,-77.57469506030681,46.77,24,0.7700000000000031
2026-06-22 12:26:42.572084000,5.0,-65.450049,2.1665795303498445,-5.791877270713368,2.077431988822713,-4.547996958202161,6.183842590197221,-69.49058060531758,46.78,24,0.7800000000000011
2026-06-22 12:26:42.582084000,5.0,-65.450049,1.5268493408664239,-5.913314500941583,2.077431988822713,-4.547996958202161,6.107254481086427,-75.52214170737673,46.79,24,0.7899999999999991
2026-06-22 12:26:42.592084000,5.0,-65.450049,3.1089692710030183,-5.450608041843891,2.077431988822713,-4.547996958202161,6.274935693204699,-60.30002115031046,46.8,24,0.7999999999999972
2026-06-22 12:26:42.602084000,5.0,-65.450049,1.3834941373557754,-5.935755443885477,2.077431988822713,-4.547996958202161,6.094854281909772,-76.87985143892534,46.81,24,0.8100000000000023
2026-06-22 12:26:42.612084000,5.0,-65.450049,2.7699808873721974,-5.569785665528955,2.077431988822713,-4.547996958202161,6.2205551582104865,-63.55779824504536,46.82,24,0.8200000000000003
2026-06-22 12:26:42.622084000,5.0,-65.450049,1.832976945245127,-5.863213256484111,2.077431988822713,-4.547996958202161,6.1430508847649286,-72.63954071201411,46.83,24,0.8299999999999983
2026-06-22 12:26:42.632084000,5.0,-65.450049,2.7778504893683875,-5.577368207897532,2.077431988822713,-4.547996958202161,6.23084981906564,-63.52405214539215,46.84,24,0.8400000000000034
2026-06-22 12:26:42.642084000,5.0,-65.450049,1.8141492962201706,-5.884270441246239,2.077431988822713,-4.547996958202161,6.157578768858776,-72.86521419705034,46.85,24,0.8500000000000014
2026-06-22 12:26:42.652084000,5.0,-65.450049,2.917010928962255,-5.506459016393274,2.077431988822713,-4.547996958202161,6.231375743678439,-62.08788450910478,46.86,24,0.8599999999999994
2026-06-22 12:26:42.662084000,5.0,-65.450049,1.7238269556375747,-5.8683220453777825,2.077431988822713,-4.547996958202161,6.116271985552113,-73.62978299489201,46.87,24,0.8699999999999974
2026-06-22 12:26:42.672084000,5.0,-65.450049,2.7941875302076142,-5.560987916868134,2.077431988822713,-4.547996958202161,6.223509505537942,-63.3221903225145,46.88,24,0.8800000000000026
2026-06-22 12:26:42.682084000,5.0,-65.450049,1.6061192935689115,-5.899056647784038,2.077431988822713,-4.547996958202161,6.113794935957482,-74.76942254565127,46.89,24,0.8900000000000006
2026-06-22 12:26:42.692084000,5.0,-65.450049,2.7720544707095938,-5.548351832819359,2.077431988822713,-4.547996958202161,6.20229748152497,-63.45247741201326,46.9,24,0.8999999999999986
2026-06-22 12:26:42.702084000,5.0,-65.450049,2.4604516415261677,-5.697118012422436,2.077431988822713,-4.547996958202161,6.205721225430367,-66.6416167971389,46.91,24,0.9099999999999966
2026-06-22 12:26:42.712084000,5.0,-65.450049,2.802779237844926,-5.569269382391594,2.077431988822713,-4.547996958202161,6.234768071848306,-63.28580889282079,46.92,24,0.9200000000000017
2026-06-22 12:26:42.722084000,5.0,-65.450049,1.7315810540356322,-5.905314209473094,2.077431988822713,-4.547996958202161,6.153950670853641,-73.65758593089565,46.93,24,0.9299999999999997
2026-06-22 12:26:42.732084000,5.0,-65.450049,2.8419426751595456,-5.554419108280092,2.077431988822713,-4.547996958202161,6.239247534704806,-62.903246950558575,46.94,24,0.9399999999999977
2026-06-22 12:26:42.742084000,5.0,-65.450049,1.6163911701144802,-5.927733251003333,2.077431988822713,-4.547996958202161,6.144163239194952,-74.7472505910734,46.95,24,0.9500000000000028
2026-06-22 12:26:42.752084000,5.0,-65.450049,2.8826142857140535,-5.511885714286025,2.077431988822713,-4.547996958202161,6.220156689951878,-62.39126491578395,46.96,24,0.9600000000000009
2026-06-22 12:26:42.762084000,5.0,-65.450049,1.5942609275933413,-5.919313980647576,2.077431988822713,-4.547996958202161,6.13024843760354,-74.92610159126362,46.97,24,0.9699999999999989
2026-06-22 12:26:42.772084000,5.0,-65.450049,2.9363388287401797,-5.48560777559052,2.077431988822713,-4.547996958202161,6.222055800520148,-61.840725536521,46.98,24,0.9799999999999969
2026-06-22 12:26:42.782084000,5.0,-65.450049,1.6612416918431485,-5.9183141993956925,2.077431988822713,-4.547996958202161,6.147045381440303,-74.32083023414147,46.99,24,0.990000000000002
2026-06-22 12:26:42.792084000,5.0,-65.450049,2.9114643672330884,-5.520604108546769,2.077431988822713,-4.547996958202161,6.241289488957506,-62.19366584244446,47.0,24,1.0
2026-06-22 12:26:42.802084000,5.0,-65.450049,1.6298311688309517,-5.9029090909091755,2.077431988822713,-4.547996958202161,6.123780317290216,-74.56482863791402,47.01,24,1.009999999999998
2026-06-22 12:26:42.812084000,5.0,-65.450049,2.876261832829796,-5.45841767371598,2.077431988822713,-4.547996958202161,6.169862691480937,-62.21343354398926,47.02,24,1.0200000000000031
2026-06-22 12:26:42.822084000,5.0,-65.450049,1.3997031325300067,-5.956130602409672,2.077431988822713,-4.547996958202161,6.118387092377804,-76.7753353936552,47.03,24,1.0300000000000011
2026-06-22 12:26:42.832084000,5.0,-65.450049,2.869572724161533,-5.4814457563312775,2.077431988822713,-4.547996958202161,6.187139500516698,-62.367648259898914,47.04,24,1.0399999999999991
2026-06-22 12:26:42.842084000,5.0,-65.450049,1.3090538581055697,-5.996569653029221,2.077431988822713,-4.547996958202161,6.137790286988638,-77.68549606205002,47.05,24,1.0499999999999972
2026-06-22 12:26:42.852084000,5.0,-65.450049,2.8264258857555222,-5.50969414316713,2.077431988822713,-4.547996958202161,6.192367304910059,-62.84256504973887,47.06,24,1.0600000000000023
2026-06-22 12:26:42.862084000,5.0,-65.450049,1.3333537074148798,-5.985925350701379,2.077431988822713,-4.547996958202161,6.132628670745232,-77.44248091856944,47.07,24,1.0700000000000003
2026-06-22 12:26:42.872084000,5.0,-65.450049,2.906712717291855,-5.5377630375113025,2.077431988822713,-4.547996958202161,6.254262408988978,-62.3054983621285,47.08,24,1.0799999999999983
2026-06-22 12:26:42.882084000,5.0,-65.450049,1.6937664974613913,-5.878997461929107,2.077431988822713,-4.547996958202161,6.118125211638898,-73.9280629346984,47.09,24,1.0900000000000034
2026-06-22 12:26:42.892084000,5.0,-65.450049,2.8898268292682965,-5.5325048780493775,2.077431988822713,-4.547996958202161,6.241771329422362,-62.420311233914624,47.1,24,1.1000000000000014
2026-06-22 12:26:42.902084000,5.0,-65.450049,1.3247242859809683,-5.991391450438676,2.077431988822713,-4.547996958202161,6.136095333863176,-77.53222764439437,47.11,24,1.1099999999999994
2026-06-22 12:26:42.912084000,5.0,-65.450049,2.801874741913242,-5.467208947006234,2.077431988822713,-4.547996958202161,6.143360297068405,-62.86544007301441,47.12,24,1.1199999999999974
2026-06-22 12:26:42.922084000,5.0,-65.450049,1.441130394858726,-5.947066115702156,2.077431988822713,-4.547996958202161,6.119187217230602,-76.37830666507693,47.13,24,1.1300000000000026
2026-06-22 12:26:42.932084000,5.0,-65.450049,2.8666680656237777,-5.539750095383517,2.077431988822713,-4.547996958202161,6.23751688717304,-62.639680163965345,47.14,24,1.1400000000000006
2026-06-22 12:26:42.942084000,5.0,-65.450049,2.440294628928013,-5.685059505237351,2.077431988822713,-4.547996958202161,6.186674345241106,-66.76871733801613,47.15,24,1.1499999999999986
2026-06-22 12:26:42.952084000,5.0,-65.450049,2.7375145510833447,-5.574782662538748,2.077431988822713,-4.547996958202161,6.210651145567239,-63.84650832658987,47.16,24,1.1599999999999966
2026-06-22 12:26:42.962084000,5.0,-65.450049,1.305264408919076,-5.976310685738211,2.077431988822713,-4.547996958202161,6.1171892720153425,-77.67970272596519,47.17,24,1.1700000000000017
2026-06-22 12:26:42.972084000,5.0,-65.450049,2.885705059203363,-5.565572658773516,2.077431988822713,-4.547996958202161,6.269201919606609,-62.59362072611155,47.18,24,1.1799999999999997
2026-06-22 12:26:42.982084000,5.0,-65.450049,1.7748254506242578,-5.847212139885889,2.077431988822713,-4.547996958202161,6.110637870878336,-73.11519253287939,47.19,24,1.1899999999999977
2026-06-22 12:26:42.992084000,5.0,-65.450049,2.9168667992048056,-5.5367017892646295,2.077431988822713,-4.547996958202161,6.258049107153877,-62.21866692727081,47.2,24,1.2000000000000028
2026-06-22 12:26:43.002084000,5.0,-65.450049,1.8085156674514815,-5.8169793515667685,2.077431988822713,-4.547996958202161,6.091631776131221,-72.72937985527389,47.21,24,1.2100000000000009
2026-06-22 12:26:43.012084000,5.0,-65.450049,2.7950245115456553,-5.558784014209491,2.077431988822713,-4.547996958202161,6.221916243149855,-63.30619136562426,47.22,24,1.2199999999999989
2026-06-22 12:26:43.022084000,5.0,-65.450049,1.247919463087537,-6.0156577181206705,2.077431988822713,-4.547996958202161,6.143731827475666,-78.28048794287321,47.23,24,1.2299999999999969
2026-06-22 12:26:43.032084000,5.0,-65.450049,2.7390711925497024,-5.554180234304709,2.077431988822713,-4.547996958202161,6.192853064056724,-63.74956341444967,47.24,24,1.240000000000002
2026-06-22 12:26:43.042083999,5.0,-65.450049,1.334722498119033,-5.983909706546189,2.077431988822713,-4.547996958202161,6.130959103034599,-77.42589963372664,47.249999999,24,1.2499999990000035
2026-06-22 12:26:43.052083999,5.0,-65.450049,2.6468788109756884,-5.5468582317073025,2.077431988822713,-4.547996958202161,6.146023404011014,-64.49021292736835,47.259999999,24,1.2599999990000015
2026-06-22 12:26:43.062084000,5.0,-65.450049,1.4441688804558233,-5.96196150718335,2.077431988822713,-4.547996958202161,6.134379248824855,-76.38349039242387,47.27,24,1.2700000000000031
2026-06-22 12:26:43.072084000,5.0,-65.450049,2.3638439849627195,-5.587373433583832,2.077431988822713,-4.547996958202161,6.0668361006015985,-67.06828900552354,47.28,24,1.2800000000000011
2026-06-22 12:26:43.082084000,5.0,-65.450049,1.501673206818878,-5.9342981666130745,2.077431988822713,-4.547996958202161,6.121349291646817,-75.79941090892471,47.29,24,1.2899999999999991
2026-06-22 12:26:43.092084000,5.0,-65.450049,2.914588514769649,-5.521095847965328,2.077431988822713,-4.547996958202161,6.243182327374969,-62.17041036695341,47.3,24,1.2999999999999972
2026-06-22 12:26:43.102084000,5.0,-65.450049,1.4599125888757034,-5.977514010873737,2.077431988822713,-4.547996958202161,6.153212048787981,-76.27510606367765,47.31,24,1.3100000000000023
2026-06-22 12:26:43.112084000,5.0,-65.450049,2.903817636129771,-5.475628412176667,2.077431988822713,-4.547996958202161,6.197956386756418,-62.06224222898879,47.32,24,1.3200000000000003
2026-06-22 12:26:43.122084000,5.0,-65.450049,1.4993661971826782,-5.9878450704228845,2.077431988822713,-4.547996958202161,6.172713145825074,-75.9421002229608,47.33,24,1.3299999999999983
2026-06-22 12:26:43.132084000,5.0,-65.450049,2.7544909090904843,-5.525509090909186,2.077431988822713,-4.547996958202161,6.17401578245328,-63.50354046380804,47.34,24,1.3400000000000034
2026-06-22 12:26:43.142084000,5.0,-65.450049,1.726115441538929,-5.935206709422902,2.077431988822713,-4.547996958202161,6.181112618380105,-73.78416886623003,47.35,24,1.3500000000000014
2026-06-22 12:26:43.152084000,5.0,-65.450049,2.80135061482255,-5.550143236955738,2.077431988822713,-4.547996958202161,6.217045537704561,-63.21833139909878,47.36,24,1.3599999999999994
2026-06-22 12:26:43.162084000,5.0,-65.450049,1.5426501809407418,-5.99722114998018,2.077431988822713,-4.547996958202161,6.1924495236155215,-75.57467827178824,47.37,24,1.3699999999999974
2026-06-22 12:26:43.172084000,5.0,-65.450049,2.8313877342416602,-5.5648402044293155,2.077431988822713,-4.547996958202161,6.24373309827118,-63.033032207374696,47.38,24,1.3800000000000026
2026-06-22 12:26:43.182084000,5.0,-65.450049,1.5565584944049864,-6.0463296032551295,2.077431988822713,-4.547996958202161,6.243474675027011,-75.56333532005002,47.39,24,1.3900000000000006
2026-06-22 12:26:43.192084000,5.0,-65.450049,2.7891162790695447,-5.585108305647883,2.077431988822713,-4.547996958202161,6.242804209967481,-63.46317017737259,47.4,24,1.3999999999999986
2026-06-22 12:26:43.202084000,5.0,-65.450049,1.5315689939527697,-5.971857339197276,2.077431988822713,-4.547996958202161,6.165126410947456,-75.6156929617594,47.41,24,1.4099999999999966
2026-06-22 12:26:43.212084000,5.0,-65.450049,2.730899808551353,-5.554148691767715,2.077431988822713,-4.547996958202161,6.189214930393906,-63.81727834763168,47.42,24,1.4200000000000017
2026-06-22 12:26:43.222084000,5.0,-65.450049,1.6133778558873009,-6.025189806678064,2.077431988822713,-4.547996958202161,6.237459443745085,-75.00946623156062,47.43,24,1.4299999999999997
2026-06-22 12:26:43.232084000,5.0,-65.450049,2.7867990607179323,-5.544696746058359,2.077431988822713,-4.547996958202161,6.205635423594308,-63.31561317444008,47.44,24,1.4399999999999977
2026-06-22 12:26:43.242084000,5.0,-65.450049,1.6949485134151023,-5.984389412617567,2.077431988822713,-4.547996958202161,6.219788348889156,-74.18637631272426,47.45,24,1.4500000000000028
2026-06-22 12:26:43.252084000,5.0,-65.450049,2.814242744062786,-5.538554089709853,2.077431988822713,-4.547996958202161,6.2125311771573255,-63.06402610853765,47.46,24,1.4600000000000009
2026-06-22 12:26:43.262084000,5.0,-65.450049,1.7780067781290747,-6.055285585178617,2.077431988822713,-4.547996958202161,6.310926367907083,-73.63623725610232,47.47,24,1.4699999999999989
2026-06-22 12:26:43.272084000,5.0,-65.450049,2.844366834170549,-5.555411287205295,2.077431988822713,-4.547996958202161,6.241235234898408,-62.88758417302647,47.48,24,1.4799999999999969
2026-06-22 12:26:43.282084000,5.0,-65.450049,1.809956337173727,-6.100084293511516,2.077431988822713,-4.547996958202161,6.3629372408048495,-73.47384779721379,47.49,24,1.490000000000002
2026-06-22 12:26:43.292084000,5.0,-65.450049,2.7730938222662496,-5.572017509084907,2.077431988822713,-4.547996958202161,6.223939947383812,-63.54128832311097,47.5,24,1.5
2026-06-22 12:26:43.302084000,5.0,-65.450049,1.9262154036247396,-6.050602965403255,2.077431988822713,-4.547996958202161,6.349811180350788,-72.34107481323039,47.51,24,1.509999999999998
2026-06-22 12:26:43.312084000,5.0,-65.450049,2.756704038406665,-5.504751200226175,2.077431988822713,-4.547996958202161,6.156435895204232,-63.39891838643024,47.52,24,1.5200000000000031
2026-06-22 12:26:43.322084000,5.0,-65.450049,2.0755831234255804,-5.955098866498882,2.077431988822713,-4.547996958202161,6.306444942439865,-70.78457083346652,47.53,24,1.5300000000000011
2026-06-22 12:26:43.332084000,5.0,-65.450049,2.8049090909092627,-5.534011730205237,2.077431988822713,-4.547996958202161,6.204256670892541,-63.12186818966724,47.54,24,1.5399999999999991
2026-06-22 12:26:43.342084000,5.0,-65.450049,2.0024768211883393,-6.05285871964609,2.077431988822713,-4.547996958202161,6.375500929291145,-71.6941537066726,47.55,24,1.5499999999999972
2026-06-22 12:26:43.352084000,5.0,-65.450049,2.7776544190665198,-5.571861966236348,2.077431988822713,-4.547996958202161,6.225834068022609,-63.50307598010008,47.56,24,1.5600000000000023
2026-06-22 12:26:43.362084000,5.0,-65.450049,1.8745011337865058,-6.014963718820806,2.077431988822713,-4.547996958202161,6.300281187319937,-72.69089562770326,47.57,24,1.5700000000000003
2026-06-22 12:26:43.372084000,5.0,-65.450049,2.850806250000156,-5.535299999999964,2.077431988822713,-4.547996958202161,6.226286402426373,-62.7504956238116,47.58,24,1.5799999999999983
2026-06-22 12:26:43.382084000,5.0,-65.450049,1.839628942484589,-6.017870500927441,2.077431988822713,-4.547996958202161,6.29277363425379,-73.00190431555264,47.59,24,1.5900000000000034
2026-06-22 12:26:43.392084000,5.0,-65.450049,2.8041234798873784,-5.522234798877567,2.077431988822713,-4.547996958202161,6.193398555267541,-63.07909531404221,47.6,24,1.6000000000000014
2026-06-22 12:26:43.402084000,5.0,-65.450049,1.8936035767514305,-5.998294336810763,2.077431988822713,-4.547996958202161,6.2900929609109815,-72.47959667344566,47.61,24,1.6099999999999994
2026-06-22 12:26:43.412084000,5.0,-65.450049,2.7712682456627706,-5.4956584962819,2.077431988822713,-4.547996958202161,6.154850932165152,-63.23978920471231,47.62,24,1.6199999999999974
2026-06-22 12:26:43.422084000,5.0,-65.450049,1.9364519796145543,-6.0113292826341125,2.077431988822713,-4.547996958202161,6.315530540944876,-72.14449888788602,47.63,24,1.6300000000000026
2026-06-22 12:26:43.432084000,5.0,-65.450049,2.881099157733426,-5.510765696784099,2.077431988822713,-4.547996958202161,6.218462102605804,-62.39885299103596,47.64,24,1.6400000000000006
2026-06-22 12:26:43.442084000,5.0,-65.450049,2.114447058823644,-6.053431862745108,2.077431988822713,-4.547996958202161,6.4120919894731445,-70.74583248385674,47.65,24,1.6499999999999986
2026-06-22 12:26:43.452084000,5.0,-65.450049,2.812613563949965,-5.546349112426212,2.077431988822713,-4.547996958202161,6.218744530612779,-63.10994144597846,47.66,24,1.6599999999999966
2026-06-22 12:26:43.462084000,5.0,-65.450049,1.9338521892448357,-6.07555862474288,2.077431988822713,-4.547996958202161,6.375907534816878,-72.34371108493907,47.67,24,1.6700000000000017
2026-06-22 12:26:43.472084000,5.0,-65.450049,2.8038810763891306,-5.538958333333282,2.077431988822713,-4.547996958202161,6.20820493451491,-63.15097002846223,47.68,24,1.6799999999999997
2026-06-22 12:26:43.482084000,5.0,-65.450049,2.236559168553228,-5.860753653014822,2.077431988822713,-4.547996958202161,6.273008073943958,-69.11233004269471,47.69,24,1.6899999999999977
2026-06-22 12:26:43.492084000,5.0,-65.450049,2.8028853786956485,-5.524673147023143,2.077431988822713,-4.547996958202161,6.195012496157247,-63.09951567201778,47.7,24,1.7000000000000028
2026-06-22 12:26:43.502084000,5.0,-65.450049,2.2780309291418397,-5.904539485359447,2.077431988822713,-4.547996958202161,6.3287448556799655,-68.90288219949116,47.71,24,1.7100000000000009
2026-06-22 12:26:43.512084000,5.0,-65.450049,2.775483923484683,-5.493322751322564,2.077431988822713,-4.547996958202161,6.154665373496762,-63.19495679319134,47.72,24,1.7199999999999989
2026-06-22 12:26:43.522084000,5.0,-65.450049,2.146863117869357,-6.04961089987312,2.077431988822713,-4.547996958202161,6.419253327820254,-70.4614356617807,47.73,24,1.7299999999999969
2026-06-22 12:26:43.532084000,5.0,-65.450049,2.722487138263121,-5.540641157556361,2.077431988822713,-4.547996958202161,6.173381622321401,-63.832030271175526,47.74,24,1.740000000000002
2026-06-22 12:26:43.542084000,5.0,-65.450049,2.051773195877024,-6.034051546391801,2.077431988822713,-4.547996958202161,6.37334694739214,-71.22030135173178,47.75,24,1.75
2026-06-22 12:26:43.552084000,5.0,-65.450049,2.700425817556213,-5.5519101549052685,2.077431988822713,-4.547996958202161,6.173816158929936,-64.06190592854995,47.76,24,1.759999999999998
2026-06-22 12:26:43.562084000,5.0,-65.450049,2.1018712686562013,-5.976914179104473,2.077431988822713,-4.547996958202161,6.335721421778464,-70.62501351359832,47.77,24,1.7700000000000031
2026-06-22 12:26:43.572084000,5.0,-65.450049,2.77247619047587,-5.549395363408585,2.077431988822713,-4.547996958202161,6.203419470435342,-63.45330072517003,47.78,24,1.7800000000000011
2026-06-22 12:26:43.582084000,5.0,-65.450049,1.8722116182573114,-5.985016597510374,2.077431988822713,-4.547996958202161,6.271012678667802,-72.62945893842964,47.79,24,1.7899999999999991
2026-06-22 12:26:43.592084000,5.0,-65.450049,2.6704819439749055,-5.544055011812582,2.077431988822713,-4.547996958202161,6.153699682881852,-64.28063268770339,47.8,24,1.7999999999999972
2026-06-22 12:26:43.602084000,5.0,-65.450049,1.952259084789484,-5.990267833108944,2.077431988822713,-4.547996958202161,6.30036699300309,-71.94894458105297,47.81,24,1.8100000000000023
2026-06-22 12:26:43.612084000,5.0,-65.450049,2.8612942603072216,-5.490526273241709,2.077431988822713,-4.547996958202161,6.1913555544181555,-62.47449449345357,47.82,24,1.8200000000000003
2026-06-22 12:26:43.622084000,5.0,-65.450049,1.8764708377555046,-5.969810180275939,2.077431988822713,-4.547996958202161,6.257777272600319,-72.55067348701132,47.83,24,1.8299999999999983
2026-06-22 12:26:43.632084000,5.0,-65.450049,2.718391976322612,-5.538153896744679,2.077431988822713,-4.547996958202161,6.169343848495027,-63.85597758914263,47.84,24,1.8400000000000034
2026-06-22 12:26:43.642084000,5.0,-65.450049,1.2223469119578583,-5.979268725361368,2.077431988822713,-4.547996958202161,6.102932611725077,-78.44617270686066,47.85,24,1.8500000000000014
2026-06-22 12:26:43.652084000,5.0,-65.450049,2.7069430617117747,-5.569898738492947,2.077431988822713,-4.547996958202161,6.192843668010266,-64.0804788046862,47.86,24,1.8599999999999994
2026-06-22 12:26:43.662084000,5.0,-65.450049,1.7662340425431342,-5.96038297872373,2.077431988822713,-4.547996958202161,6.216570432810829,-73.4939185952502,47.87,24,1.8699999999999974
2026-06-22 12:26:43.672084000,5.0,-65.450049,2.7561130407320897,-5.540760972529306,2.077431988822713,-4.547996958202161,6.188391652763857,-63.553099540956836,47.88,24,1.8800000000000026
2026-06-22 12:26:43.682084000,5.0,-65.450049,1.3848194087396515,-5.903480719794377,2.077431988822713,-4.547996958202161,6.06372900151433,-76.7984314617961,47.89,24,1.8900000000000006
2026-06-22 12:26:43.692084000,5.0,-65.450049,2.6598730998017146,-5.522839722405816,2.077431988822713,-4.547996958202161,6.129982341445392,-64.2839149669737,47.9,24,1.8999999999999986
2026-06-22 12:26:43.702084000,5.0,-65.450049,2.040640394082331,-5.90951559934359,2.077431988822713,-4.547996958202161,6.251926729964589,-70.94947325460784,47.91,24,1.9099999999999966
2026-06-22 12:26:43.712084000,5.0,-65.450049,2.78240481927684,-5.5076208835341784,2.077431988822713,-4.547996958202161,6.170548142189379,-63.1974695170124,47.92,24,1.9200000000000017
2026-06-22 12:26:43.722084000,5.0,-65.450049,1.2199134020626676,-5.969777319587576,2.077431988822713,-4.547996958202161,6.093146145793184,-78.45071620746435,47.93,24,1.9299999999999997
2026-06-22 12:26:43.732084000,5.0,-65.450049,2.6848434326893207,-5.5344962332132015,2.077431988822713,-4.547996958202161,6.151343984326197,-64.12147942790934,47.94,24,1.9399999999999977
2026-06-22 12:26:43.742084000,5.0,-65.450049,1.1311729802208979,-5.971042574589378,2.077431988822713,-4.547996958202161,6.077244584410008,-79.27283080286755,47.95,24,1.9500000000000028
2026-06-22 12:26:43.752084000,5.0,-65.450049,2.7731116384178773,-5.505478870056545,2.077431988822713,-4.547996958202161,6.164450157781128,-63.26558840517777,47.96,24,1.9600000000000009
2026-06-22 12:26:43.762084000,5.0,-65.450049,1.2175624532546574,-5.934830216903412,2.077431988822713,-4.547996958202161,6.058437754986454,-78.40632949031651,47.97,24,1.9699999999999989
2026-06-22 12:26:43.772084000,5.0,-65.450049,2.659654711443376,-5.534689925008378,2.077431988822713,-4.547996958202161,6.140566403035814,-64.3337288123122,47.98,24,1.9799999999999969
2026-06-22 12:26:43.782084000,5.0,-65.450049,2.225370165745851,-5.783582119537998,2.077431988822713,-4.547996958202161,6.196942351517509,-68.95458859252244,47.99,24,1.990000000000002
2026-06-22 12:26:43.792084000,5.0,-65.450049,2.691104484967729,-5.479060867422454,2.077431988822713,-4.547996958202161,6.104273203087614,-63.84150020854447,48.0,24,2.0
2026-06-22 12:26:43.802084000,5.0,-48.262432,1.9868811204737309,-5.806602254611702,3.328598856479559,-3.7310092002892423,6.137126879098774,-71.11027393767634,48.01,25,0.0
2026-06-22 12:26:43.812084000,5.0,-48.262432,2.981854475209179,-5.11111976819055,3.328598856479559,-3.7310092002892423,5.917347496650271,-59.74048546730644,48.02,25,0.010000000000005116
2026-06-22 12:26:43.822084000,5.0,-48.262432,2.746511116002862,-5.052426810477625,3.328598856479559,-3.7310092002892423,5.750681697465127,-61.4713928109279,48.03,25,0.020000000000003126
2026-06-22 12:26:43.832084000,5.0,-48.262432,3.7463233532930555,-4.504928143712655,3.328598856479559,-3.7310092002892423,5.859122481007141,-50.25290086921444,48.04,25,0.030000000000001137
2026-06-22 12:26:43.842084000,5.0,-48.262432,3.5172635228843276,-4.606471220527154,3.328598856479559,-3.7310092002892423,5.795750149459308,-52.636515861254615,48.05,25,0.03999999999999915
2026-06-22 12:26:43.852084000,5.0,-48.262432,3.846178266178085,-4.53442897842922,3.328598856479559,-3.7310092002892423,5.945934192003753,-49.69483470022471,48.06,25,0.05000000000000426
2026-06-22 12:26:43.862084000,5.0,-48.262432,3.4015523365663154,-4.7499635974304235,3.328598856479559,-3.7310092002892423,5.842320812426679,-54.39272440310208,48.07,25,0.060000000000002274
2026-06-22 12:26:43.872084000,5.0,-48.262432,3.7733993839837043,-4.5776971252565515,3.328598856479559,-3.7310092002892423,5.932440803044789,-50.50121413968962,48.08,25,0.07000000000000028
2026-06-22 12:26:43.882084000,5.0,-48.262432,2.7156469465643576,-4.892682251908501,3.328598856479559,-3.7310092002892423,5.5958089635480555,-60.96786050903426,48.09,25,0.0800000000000054
2026-06-22 12:26:43.892084000,5.0,-48.262432,4.172877058177154,-4.41631942919878,3.328598856479559,-3.7310092002892423,6.075918057658436,-46.6234914737043,48.1,25,0.09000000000000341
2026-06-22 12:26:43.902084000,5.0,-48.262432,3.6197429519071336,-4.596216991963243,3.328598856479559,-3.7310092002892423,5.850448672973126,-51.777859321785655,48.11,25,0.10000000000000142
2026-06-22 12:26:43.912084000,5.0,-48.262432,4.299334714411939,-4.386417875111136,3.328598856479559,-3.7310092002892423,6.142063233282615,-45.57442695397697,48.12,25,0.10999999999999943
2026-06-22 12:26:43.922084000,5.0,-48.262432,3.45321414896483,-4.641846020603642,3.328598856479559,-3.7310092002892423,5.78544919929341,-53.35328947527305,48.13,25,0.12000000000000455
2026-06-22 12:26:43.932084000,5.0,-48.262432,3.870329119441294,-4.473510897995,3.328598856479559,-3.7310092002892423,5.9153822570714105,-49.13475758724564,48.14,25,0.13000000000000256
2026-06-22 12:26:43.942084000,5.0,-48.262432,2.7887368421046967,-4.8434736842106725,3.328598856479559,-3.7310092002892423,5.588943594647684,-60.06786470038083,48.15,25,0.14000000000000057
2026-06-22 12:26:43.952084000,5.0,-48.262432,4.342055817081485,-4.34096785474107,3.328598856479559,-3.7310092002892423,6.1398249677451275,-44.99282097430518,48.16,25,0.14999999999999858
2026-06-22 12:26:43.962084000,5.0,-48.262432,2.663623655914321,-4.889021505376238,3.328598856479559,-3.7310092002892423,5.567532870165897,-61.417685845736244,48.17,25,0.1600000000000037
2026-06-22 12:26:43.972084000,5.0,-48.262432,4.208370967741877,-4.339243279569988,3.328598856479559,-3.7310092002892423,6.04478439991254,-45.87718573229995,48.18,25,0.1700000000000017
2026-06-22 12:26:43.982084000,5.0,-48.262432,2.624191489360638,-4.889404255319459,3.328598856479559,-3.7310092002892423,5.549112987205147,-61.77710592444579,48.19,25,0.17999999999999972
2026-06-22 12:26:43.992084000,5.0,-48.262432,4.14514744801503,-4.388948960302489,3.328598856479559,-3.7310092002892423,6.0369794054581485,-46.63637704340657,48.2,25,0.19000000000000483
2026-06-22 12:26:44.002084000,5.0,-48.262432,2.6715664868299194,-4.9142329419230615,3.328598856479559,-3.7310092002892423,5.593474135189555,-61.469791937831985,48.21,25,0.20000000000000284
2026-06-22 12:26:44.012084000,5.0,-48.262432,4.141478407810741,-4.389616597821999,3.328598856479559,-3.7310092002892423,6.034946335986508,-46.666053854798164,48.22,25,0.21000000000000085
2026-06-22 12:26:44.022084000,5.0,-48.262432,2.6248676470601855,-4.932397058823052,3.328598856479559,-3.7310092002892423,5.587349184583828,-61.97948663331926,48.23,25,0.21999999999999886
2026-06-22 12:26:44.032084000,5.0,-48.262432,4.214720430107382,-4.383659498208186,3.328598856479559,-3.7310092002892423,6.081146183097015,-46.12558998603091,48.24,25,0.23000000000000398
2026-06-22 12:26:44.042083999,5.0,-48.262432,2.6267887788779545,-4.91747986798678,3.328598856479559,-3.7310092002892423,5.575089913256504,-61.89003624758226,48.249999999,25,0.23999999900000546
2026-06-22 12:26:44.052083999,5.0,-48.262432,4.151848205128227,-4.4102454700854405,3.328598856479559,-3.7310092002892423,6.057070960855223,-46.72861697030487,48.259999999,25,0.24999999900000347
2026-06-22 12:26:44.062084000,5.0,-48.262432,2.620917409977473,-4.92242286091816,3.328598856479559,-3.7310092002892423,5.576688523811667,-61.967172367732005,48.27,25,0.2600000000000051
2026-06-22 12:26:44.072084000,5.0,-48.262432,4.142476578411316,-4.397533604888088,3.328598856479559,-3.7310092002892423,6.041391727806297,-46.71069449516685,48.28,25,0.2700000000000031
2026-06-22 12:26:44.082084000,5.0,-48.262432,2.614025658113675,-4.926658113962108,3.328598856479559,-3.7310092002892423,5.577193766863879,-62.05011508562368,48.29,25,0.28000000000000114
2026-06-22 12:26:44.092084000,5.0,-48.262432,4.21091556728211,-4.399552770448681,3.328598856479559,-3.7310092002892423,6.089981485582816,-46.25502894100896,48.3,25,0.28999999999999915
2026-06-22 12:26:44.102084000,5.0,-48.262432,2.6440280373835052,-4.9422543391186675,3.328598856479559,-3.7310092002892423,5.605065763664809,-61.85392212952051,48.31,25,0.30000000000000426
2026-06-22 12:26:44.112084000,5.0,-48.262432,4.207467111853052,-4.422598664440842,3.328598856479559,-3.7310092002892423,6.1042737851475,-46.427981903087456,48.32,25,0.3100000000000023
2026-06-22 12:26:44.122084000,5.0,-48.262432,2.637904290428318,-4.930264026402886,3.328598856479559,-3.7310092002892423,5.591604636909027,-61.85129400489478,48.33,25,0.3200000000000003
2026-06-22 12:26:44.132084000,5.0,-48.262432,4.225318915429481,-4.341676350333465,3.328598856479559,-3.7310092002892423,6.058339167472475,-45.77814680963982,48.34,25,0.3300000000000054
2026-06-22 12:26:44.142084000,5.0,-48.262432,2.6228021178028635,-4.91942686962274,3.328598856479559,-3.7310092002892423,5.574930643040985,-61.93560390922362,48.35,25,0.3400000000000034
2026-06-22 12:26:44.152084000,5.0,-48.262432,4.181031578947398,-4.3789052631578045,3.328598856479559,-3.7310092002892423,6.054406359657939,-46.32422802046823,48.36,25,0.3500000000000014
2026-06-22 12:26:44.162084000,5.0,-48.262432,2.5512962697282613,-4.918685796269358,3.328598856479559,-3.7310092002892423,5.54099112238517,-62.584469463827666,48.37,25,0.35999999999999943
2026-06-22 12:26:44.172084000,5.0,-48.262432,4.176908036097778,-4.392862913622868,3.328598856479559,-3.7310092002892423,6.061666876355166,-46.44352573924872,48.38,25,0.37000000000000455
2026-06-22 12:26:44.182084000,5.0,-48.262432,2.6083537190080057,-4.938873719008414,3.328598856479559,-3.7310092002892423,5.585336403098285,-62.16024562864647,48.39,25,0.38000000000000256
2026-06-22 12:26:44.192084000,5.0,-48.262432,4.221968790637193,-4.413074122236669,3.328598856479559,-3.7310092002892423,6.107392543260129,-46.26782714279415,48.4,25,0.39000000000000057
2026-06-22 12:26:44.202084000,5.0,-48.262432,2.6246782637511106,-4.932048045062809,3.328598856479559,-3.7310092002892423,5.586952112468427,-61.979519669070804,48.41,25,0.3999999999999986
2026-06-22 12:26:44.212084000,5.0,-48.262432,4.2237505784356575,-4.431085608514838,3.328598856479559,-3.7310092002892423,6.121649174758618,-46.3723137221444,48.42,25,0.4100000000000037
2026-06-22 12:26:44.222084000,5.0,-48.262432,2.5642091767876467,-4.93633333333352,3.328598856479559,-3.7310092002892423,5.562603300622974,-62.55009750430444,48.43,25,0.4200000000000017
2026-06-22 12:26:44.232084000,5.0,-48.262432,4.214403019300406,-4.287022358112146,3.328598856479559,-3.7310092002892423,6.011634844868889,-45.48940974554334,48.44,25,0.4299999999999997
2026-06-22 12:26:44.242084000,5.0,-48.262432,2.6585470510274,-4.893024850894522,3.328598856479559,-3.7310092002892423,5.568623224280652,-61.48326002726362,48.45,25,0.44000000000000483
2026-06-22 12:26:44.252084000,5.0,-48.262432,4.229895910780686,-4.401814952498942,3.328598856479559,-3.7310092002892423,6.104751779727201,-46.141017518873575,48.46,25,0.45000000000000284
2026-06-22 12:26:44.262084000,5.0,-48.262432,2.7096067042811036,-4.9071686027217085,3.328598856479559,-3.7310092002892423,5.605557259311765,-61.093699477176834,48.47,25,0.46000000000000085
2026-06-22 12:26:44.272084000,5.0,-48.262432,3.8135151898738053,-4.498281645569499,3.328598856479559,-3.7310092002892423,5.8972396819415165,-49.70967035713273,48.48,25,0.46999999999999886
2026-06-22 12:26:44.282084000,5.0,-48.262432,2.7515770750989437,-4.890588932806234,3.328598856479559,-3.7310092002892423,5.61150928983432,-60.636721868341034,48.49,25,0.480000000000004
2026-06-22 12:26:44.292084000,5.0,-48.262432,4.3122041884816795,-4.345104712041881,3.328598856479559,-3.7310092002892423,6.121686035870142,-45.21774111222835,48.5,25,0.490000000000002
2026-06-22 12:26:44.302084000,5.0,-48.262432,3.2114820741654815,-4.719748730573849,3.328598856479559,-3.7310092002892423,5.708734114708766,-55.767259599962216,48.51,25,0.5
2026-06-22 12:26:44.312084000,5.0,-48.262432,4.00142553191504,-4.395540326570941,3.328598856479559,-3.7310092002892423,5.94408790732211,-47.68722716059853,48.52,25,0.5100000000000051
2026-06-22 12:26:44.322084000,5.0,-48.262432,4.285113475177346,-4.275137885535195,3.328598856479559,-3.7310092002892423,6.053015895855951,-44.933231058080295,48.53,25,0.5200000000000031
2026-06-22 12:26:44.332084000,5.0,-48.262432,2.7793462986196444,-4.845678795483124,3.328598856479559,-3.7310092002892423,5.586176584806956,-60.162619262268116,48.54,25,0.5300000000000011
2026-06-22 12:26:44.342084000,5.0,-48.262432,2.5904827465201348,-4.91152392092639,3.328598856479559,-3.7310092002892423,5.552807225705809,-62.19151198751428,48.55,25,0.5399999999999991
2026-06-22 12:26:44.352084000,5.0,-48.262432,4.314858454475468,-4.395668706962715,3.328598856479559,-3.7310092002892423,6.159537877432826,-45.53153540482082,48.56,25,0.5500000000000043
2026-06-22 12:26:44.362084000,5.0,-48.262432,2.6854363430298043,-4.949126558367993,3.328598856479559,-3.7310092002892423,5.630756791338861,-61.515382101077506,48.57,25,0.5600000000000023
2026-06-22 12:26:44.372084000,5.0,-48.262432,4.308474031768794,-4.329610387292482,3.328598856479559,-3.7310092002892423,6.1080663542709654,-45.14019561400004,48.58,25,0.5700000000000003
2026-06-22 12:26:44.382084000,5.0,-48.262432,2.7919014084509817,-4.941784037558444,3.328598856479559,-3.7310092002892423,5.67590899754198,-60.53536724407301,48.59,25,0.5800000000000054
2026-06-22 12:26:44.392084000,5.0,-48.262432,4.278277831692767,-4.3812573131845305,3.328598856479559,-3.7310092002892423,6.123648981570278,-45.68133120892225,48.6,25,0.5900000000000034
2026-06-22 12:26:44.402084000,5.0,-48.262432,2.7889336378291505,-4.942122783449735,3.328598856479559,-3.7310092002892423,5.674744790993502,-60.56313844177626,48.61,25,0.6000000000000014
2026-06-22 12:26:44.412084000,5.0,-48.262432,4.361426085458293,-4.398425396278467,3.328598856479559,-3.7310092002892423,6.194205636362377,-45.242000877881296,48.62,25,0.6099999999999994
2026-06-22 12:26:44.422084000,5.0,-48.262432,2.841639167862415,-4.917140124342314,3.328598856479559,-3.7310092002892423,5.6791883366152724,-59.976174002217284,48.63,25,0.6200000000000045
2026-06-22 12:26:44.432084000,5.0,-48.262432,4.397746760894973,-4.327861349486835,3.328598856479559,-3.7310092002892423,6.1701345555299065,-44.5411146756784,48.64,25,0.6300000000000026
2026-06-22 12:26:44.442084000,5.0,-48.262432,2.8320199115043994,-4.968554424778808,3.328598856479559,-3.7310092002892423,5.718992031044147,-60.31734819950955,48.65,25,0.6400000000000006
2026-06-22 12:26:44.452084000,5.0,-48.262432,4.375024449384055,-4.332932511618401,3.328598856479559,-3.7310092002892423,6.157527351376363,-44.72304966440054,48.66,25,0.6499999999999986
2026-06-22 12:26:44.462084000,5.0,-48.262432,2.9724445219818305,-4.9174187020237605,3.328598856479559,-3.7310092002892423,5.745992788654789,-58.84819088851361,48.67,25,0.6600000000000037
2026-06-22 12:26:44.472084000,5.0,-48.262432,4.195232519943709,-4.435919521351476,3.328598856479559,-3.7310092002892423,6.105518642695341,-46.59732749604291,48.68,25,0.6700000000000017
2026-06-22 12:26:44.482084000,5.0,-48.262432,2.925289684660586,-4.911839657936967,3.328598856479559,-3.7310092002892423,5.71694748659317,-59.22371151315801,48.69,25,0.6799999999999997
2026-06-22 12:26:44.492084000,5.0,-48.262432,4.41671931956258,-4.346804374240573,3.328598856479559,-3.7310092002892423,6.196944232096519,-44.54290688908163,48.7,25,0.6900000000000048
2026-06-22 12:26:44.502084000,5.0,-48.262432,2.977097422162723,-4.919826916638696,3.328598856479559,-3.7310092002892423,5.750461368510404,-58.82092862216446,48.71,25,0.7000000000000028
2026-06-22 12:26:44.512084000,5.0,-48.262432,4.218690616324062,-4.361247640199946,3.328598856479559,-3.7310092002892423,6.067769894731531,-45.95189080239401,48.72,25,0.7100000000000009
2026-06-22 12:26:44.522084000,5.0,-48.262432,3.197797350343144,-4.901767173699933,3.328598856479559,-3.7310092002892423,5.852625848200435,-56.88051812707404,48.73,25,0.7199999999999989
2026-06-22 12:26:44.532084000,5.0,-48.262432,4.437619618248708,-4.368121030557229,3.328598856479559,-3.7310092002892423,6.226792851369167,-44.547807136356006,48.74,25,0.730000000000004
2026-06-22 12:26:44.542084000,5.0,-48.262432,4.181666666666092,-4.433666666666795,3.328598856479559,-3.7310092002892423,6.094566122556925,-46.67543381692306,48.75,25,0.740000000000002
2026-06-22 12:26:44.552084000,5.0,-48.262432,4.4309426086957195,-4.391340869565222,3.328598856479559,-3.7310092002892423,6.238359322311362,-44.74281065900566,48.76,25,0.75
2026-06-22 12:26:44.562084000,5.0,-48.262432,3.607684123025437,-4.697931005819059,3.328598856479559,-3.7310092002892423,5.923338625046342,-52.47824512517708,48.77,25,0.7600000000000051
2026-06-22 12:26:44.572084000,5.0,-48.262432,4.421539336801063,-4.370349154746415,3.328598856479559,-3.7310092002892423,6.216909348001778,-44.66640292989025,48.78,25,0.7700000000000031
2026-06-22 12:26:44.582084000,5.0,-48.262432,3.527981493577203,-4.777086871325911,3.328598856479559,-3.7310092002892423,5.9386204117806365,-53.553334100539466,48.79,25,0.7800000000000011
2026-06-22 12:26:44.592084000,5.0,-48.262432,4.420954545454451,-4.387707792207778,3.328598856479559,-3.7310092002892423,6.228709237295897,-44.783748141865885,48.8,25,0.7899999999999991
2026-06-22 12:26:44.602084000,5.0,-48.262432,3.8421945854480217,-4.538871968415479,3.328598856479559,-3.7310092002892423,5.946748521512735,-49.75179550893953,48.81,25,0.8000000000000043
2026-06-22 12:26:44.612084000,5.0,-48.262432,4.477950045689901,-4.37334663417607,3.328598856479559,-3.7310092002892423,6.259248948104983,-44.32291784705622,48.82,25,0.8100000000000023
2026-06-22 12:26:44.622084000,5.0,-48.262432,3.5923615460853595,-4.820960753220878,3.328598856479559,-3.7310092002892423,6.01221457217628,-53.30818985671993,48.83,25,0.8200000000000003
2026-06-22 12:26:44.632084000,5.0,-48.262432,4.449802122560602,-4.381732625813133,3.328598856479559,-3.7310092002892423,6.245023597558307,-44.55839865199264,48.84,25,0.8300000000000054
2026-06-22 12:26:44.642084000,5.0,-48.262432,3.771012547735799,-4.651243180578485,3.328598856479559,-3.7310092002892423,5.9878709705586255,-50.96646196584631,48.85,25,0.8400000000000034
2026-06-22 12:26:44.652084000,5.0,-48.262432,4.4959075215783395,-4.379852034525275,3.328598856479559,-3.7310092002892423,6.276646261095162,-44.25086854374938,48.86,25,0.8500000000000014
2026-06-22 12:26:44.662084000,5.0,-48.262432,3.3141297071119027,-4.89227044503588,3.328598856479559,-3.7310092002892423,5.909125639460815,-55.88543860195413,48.87,25,0.8599999999999994
2026-06-22 12:26:44.672084000,5.0,-48.262432,4.526421709727756,-4.370873937922669,3.328598856479559,-3.7310092002892423,6.292299458505322,-43.99842341138633,48.88,25,0.8700000000000045
2026-06-22 12:26:44.682084000,5.0,-48.262432,3.4445891203695163,-4.897594907407296,3.328598856479559,-3.7310092002892423,5.9876230747459305,-54.88041389299371,48.89,25,0.8800000000000026
2026-06-22 12:26:44.692084000,5.0,-48.262432,4.505226828314433,-4.35367813844349,3.328598856479559,-3.7310092002892423,6.265108307740968,-44.019940559984015,48.9,25,0.8900000000000006
2026-06-22 12:26:44.702084000,5.0,-48.262432,3.3970445269001703,-4.8959332096473025,3.328598856479559,-3.7310092002892423,5.959032934215899,-55.24514296972765,48.91,25,0.8999999999999986
2026-06-22 12:26:44.712084000,5.0,-48.262432,4.492258190148841,-4.378286368843026,3.328598856479559,-3.7310092002892423,6.2729399147892355,-44.26388453306694,48.92,25,0.9100000000000037
2026-06-22 12:26:44.722084000,5.0,-48.262432,3.323383601758143,-4.88263250366041,3.328598856479559,-3.7310092002892423,5.906350711753921,-55.75868034381247,48.93,25,0.9200000000000017
2026-06-22 12:26:44.732084000,5.0,-48.262432,4.500265072765327,-4.364471413721468,3.328598856479559,-3.7310092002892423,6.269050681430433,-44.12238845693032,48.94,25,0.9299999999999997
2026-06-22 12:26:44.742084000,5.0,-48.262432,3.73288782051275,-4.939110256410404,3.328598856479559,-3.7310092002892423,6.191063043251206,-52.91868896285315,48.95,25,0.9400000000000048
2026-06-22 12:26:44.752084000,5.0,-48.262432,4.443682926829169,-4.372008536585314,3.328598856479559,-3.7310092002892423,6.233841239409928,-44.534177257117605,48.96,25,0.9500000000000028
2026-06-22 12:26:44.762084000,5.0,-48.262432,3.5735613455182236,-4.9406025665953806,3.328598856479559,-3.7310092002892423,6.097531829456151,-54.12160526979906,48.97,25,0.9600000000000009
2026-06-22 12:26:44.772084000,5.0,-48.262432,4.502193095377529,-4.373614979520128,3.328598856479559,-3.7310092002892423,6.276802582298406,-44.17005099169292,48.98,25,0.9699999999999989
2026-06-22 12:26:44.782084000,5.0,-48.262432,3.7881479620323883,-4.846790619765471,3.328598856479559,-3.7310092002892423,6.151539993700496,-51.98957695086905,48.99,25,0.980000000000004
2026-06-22 12:26:44.792084000,5.0,-48.262432,4.479506502395569,-4.335909650923983,3.328598856479559,-3.7310092002892423,6.234267479502297,-44.06677508848224,49.0,25,0.990000000000002
2026-06-22 12:26:44.802084000,5.0,-48.262432,3.644593246869129,-4.864129919499096,3.328598856479559,-3.7310092002892423,6.07806053020948,-53.15652860793787,49.01,25,1.0
2026-06-22 12:26:44.812084000,5.0,-48.262432,4.509968253968245,-4.3398412698412585,3.328598856479559,-3.7310092002892423,6.258916511603168,-43.89869294246258,49.02,25,1.0100000000000051
2026-06-22 12:26:44.822084000,5.0,-48.262432,3.775090295796325,-4.8919792423456006,3.328598856479559,-3.7310092002892423,6.1792206344292175,-52.342998636960026,49.03,25,1.0200000000000031
2026-06-22 12:26:44.832084000,5.0,-48.262432,4.495363104524149,-4.35824609984398,3.328598856479559,-3.7310092002892423,6.26119784931943,-44.11272369626351,49.04,25,1.0300000000000011
2026-06-22 12:26:44.842084000,5.0,-48.262432,3.8834937681406565,-4.831395595015052,3.328598856479559,-3.7310092002892423,6.198702061134909,-51.20754950429759,49.05,25,1.0399999999999991
2026-06-22 12:26:44.852084000,5.0,-48.262432,4.56923574730406,-4.333625577811819,3.328598856479559,-3.7310092002892423,6.29747774613822,-43.48404713914891,49.06,25,1.0500000000000043
2026-06-22 12:26:44.862084000,5.0,-48.262432,3.839983083306726,-4.711627513565225,3.328598856479559,-3.7310092002892423,6.078231972100658,-50.819917250628336,49.07,25,1.0600000000000023
2026-06-22 12:26:44.872084000,5.0,-48.262432,4.546409064155384,-4.367732783990582,3.328598856479559,-3.7310092002892423,6.304516242423391,-43.85170931315665,49.08,25,1.0700000000000003
2026-06-22 12:26:44.882084000,5.0,-48.262432,3.3419266822886877,-4.881880482089004,3.328598856479559,-3.7310092002892423,5.916183819929419,-55.606126189278626,49.09,25,1.0800000000000054
2026-06-22 12:26:44.892084000,5.0,-48.262432,4.318671378586824,-4.388854443666803,3.328598856479559,-3.7310092002892423,6.157350550676717,-45.461796660701864,49.1,25,1.0900000000000034
2026-06-22 12:26:44.902084000,5.0,-48.262432,3.4873676651622545,-4.894758309396809,3.328598856479559,-3.7310092002892423,6.01002430439581,-54.53127405974737,49.11,25,1.1000000000000014
2026-06-22 12:26:44.912084000,5.0,-48.262432,4.411714631197732,-4.411967351874098,3.328598856479559,-3.7310092002892423,6.239285367822751,-45.00164101881452,49.12,25,1.1099999999999994
2026-06-22 12:26:44.922084000,5.0,-48.262432,3.516737040133559,-4.896107859531753,3.328598856479559,-3.7310092002892423,6.02820964977297,-54.311372194964775,49.13,25,1.1200000000000045
2026-06-22 12:26:44.932084000,5.0,-48.262432,4.29718811234517,-4.432525800130568,3.328598856479559,-3.7310092002892423,6.173581670448993,-45.88819144006849,49.14,25,1.1300000000000026
2026-06-22 12:26:44.942084000,5.0,-48.262432,3.3131941776718405,-4.879974189675935,3.328598856479559,-3.7310092002892423,5.8984238361499495,-55.825972932378114,49.15,25,1.1400000000000006
2026-06-22 12:26:44.952084000,5.0,-48.262432,3.999123917645089,-4.4794416971328825,3.328598856479559,-3.7310092002892423,6.004863864126623,-48.24238781351373,49.16,25,1.1499999999999986
2026-06-22 12:26:44.962084000,5.0,-48.262432,3.7484313471481796,-4.881022020725443,3.328598856479559,-3.7310092002892423,6.154276036309211,-52.47716660016752,49.17,25,1.1600000000000037
2026-06-22 12:26:44.972084000,5.0,-48.262432,4.628056629834192,-4.384486533149184,3.328598856479559,-3.7310092002892423,6.375157278712328,-43.451919492414774,49.18,25,1.1700000000000017
2026-06-22 12:26:44.982084000,5.0,-48.262432,3.4920118556725672,-4.862380412371298,3.328598856479559,-3.7310092002892423,5.986392074928758,-54.31525667943409,49.19,25,1.1799999999999997
2026-06-22 12:26:44.992084000,5.0,-48.262432,4.631089642358698,-4.349237343242177,3.328598856479559,-3.7310092002892423,6.353176901630733,-43.20233184948828,49.2,25,1.1900000000000048
2026-06-22 12:26:45.002084000,5.0,-48.262432,3.8739443671766365,-4.793382475660816,3.328598856479559,-3.7310092002892423,6.163112891871428,-51.05534352139153,49.21,25,1.2000000000000028
2026-06-22 12:26:45.012084000,5.0,-48.262432,4.662329032258125,-4.371023999999989,3.328598856479559,-3.7310092002892423,6.3908655762434,-43.15298185948088,49.22,25,1.2100000000000009
2026-06-22 12:26:45.022084000,5.0,-48.262432,3.890369894982499,-4.686013418903207,3.328598856479559,-3.7310092002892423,6.090459726648479,-50.300241755585056,49.23,25,1.2199999999999989
2026-06-22 12:26:45.032084000,5.0,-48.262432,4.594191051994863,-4.38153929866996,3.328598856479559,-3.7310092002892423,6.34858079006788,-43.64281026608417,49.24,25,1.230000000000004
2026-06-22 12:26:45.042083999,5.0,-48.262432,3.9204463276836083,-4.897517601042992,3.328598856479559,-3.7310092002892423,6.273402430959917,-51.322845511274856,49.249999999,25,1.2399999990000055
2026-06-22 12:26:45.052083999,5.0,-48.262432,4.287786361115655,-4.409355756791901,3.328598856479559,-3.7310092002892423,6.150408935064668,-45.8008331471245,49.259999999,25,1.2499999990000035
2026-06-22 12:26:45.062084000,5.0,-48.262432,3.7538637877436254,-4.85559047513321,3.328598856479559,-3.7310092002892423,6.137446716602701,-52.29234029942529,49.27,25,1.2600000000000051
2026-06-22 12:26:45.072084000,5.0,-48.262432,3.1999056603782776,-4.7530104821800885,3.328598856479559,-3.7310092002892423,5.729790997849288,-56.05007525111555,49.28,25,1.2700000000000031
2026-06-22 12:26:45.082084000,5.0,-48.262432,3.403446530418012,-4.820044914448676,3.328598856479559,-3.7310092002892423,5.9005322863888265,-54.77398311883597,49.29,25,1.2800000000000011
2026-06-22 12:26:45.092084000,5.0,-48.262432,4.228712224753716,-4.4666160465703175,3.328598856479559,-3.7310092002892423,6.150826447499634,-46.56721917907699,49.3,25,1.2899999999999991
2026-06-22 12:26:45.102084000,5.0,-48.262432,3.3056544901050744,-4.822529680365348,3.328598856479559,-3.7310092002892423,5.846720801094965,-55.570895077279324,49.31,25,1.3000000000000043
2026-06-22 12:26:45.112084000,5.0,-48.262432,4.2963905808478575,-4.433867503924603,3.328598856479559,-3.7310092002892423,6.173990044173766,-45.9021722393217,49.32,25,1.3100000000000023
2026-06-22 12:26:45.122084000,5.0,-48.262432,3.3526513449105018,-4.840139257745969,3.328598856479559,-3.7310092002892423,5.887887488302057,-55.29055929980834,49.33,25,1.3200000000000003
2026-06-22 12:26:45.132084000,5.0,-48.262432,4.612523884820072,-4.389613182423481,3.328598856479559,-3.7310092002892423,6.367423378364411,-43.58153314649741,49.34,25,1.3300000000000054
2026-06-22 12:26:45.142084000,5.0,-48.262432,4.198908705059927,-4.502795605858854,3.328598856479559,-3.7310092002892423,6.156785084893725,-47.00010976275918,49.35,25,1.3400000000000034
2026-06-22 12:26:45.152084000,5.0,-48.262432,4.630325632562715,-4.363829482948436,3.328598856479559,-3.7310092002892423,6.362619210656671,-43.30282685019302,49.36,25,1.3500000000000014
2026-06-22 12:26:45.162084000,5.0,-48.262432,3.8231148050937835,-4.636195489452881,3.328598856479559,-3.7310092002892423,6.009202561850492,-50.49021367929279,49.37,25,1.3599999999999994
2026-06-22 12:26:45.172084000,5.0,-48.262432,4.483018669075404,-4.36484733514007,3.328598856479559,-3.7310092002892423,6.256944034139828,-44.23480801518887,49.38,25,1.3700000000000045
2026-06-22 12:26:45.182084000,5.0,-48.262432,3.628104856675937,-4.772826971632273,3.328598856479559,-3.7310092002892423,5.995249965779243,-52.75941103033748,49.39,25,1.3800000000000026
2026-06-22 12:26:45.192084000,5.0,-48.262432,4.621884199511883,-4.3644189047784625,3.328598856479559,-3.7310092002892423,6.356883350360083,-43.35887570623831,49.4,25,1.3900000000000006
2026-06-22 12:26:45.202084000,5.0,-48.262432,3.473562187974407,-4.825599088343867,3.328598856479559,-3.7310092002892423,5.945758222056352,-54.252909785787566,49.41,25,1.3999999999999986
2026-06-22 12:26:45.212084000,5.0,-48.262432,4.552081902245274,-4.44996697490098,3.328598856479559,-3.7310092002892423,6.3658193284492715,-44.35009201662587,49.42,25,1.4100000000000037
2026-06-22 12:26:45.222084000,5.0,-48.262432,3.8920189840944084,-4.700371985633646,3.328598856479559,-3.7310092002892423,6.10256573712081,-50.374440826810094,49.43,25,1.4200000000000017
2026-06-22 12:26:45.232084000,5.0,-48.262432,4.516524694944633,-4.400031377106402,3.328598856479559,-3.7310092002892423,6.305495336574722,-44.25148278351359,49.44,25,1.4299999999999997
2026-06-22 12:26:45.242084000,5.0,-48.262432,3.475660110749369,-4.8450721787284365,3.328598856479559,-3.7310092002892423,5.962796124515967,-54.3458628642892,49.45,25,1.4400000000000048
2026-06-22 12:26:45.252084000,5.0,-48.262432,4.538065122524096,-4.402795568982962,3.328598856479559,-3.7310092002892423,6.3228667452766745,-44.13321731369585,49.46,25,1.4500000000000028
2026-06-22 12:26:45.262084000,5.0,-48.262432,3.858209927611156,-4.737536711478847,3.328598856479559,-3.7310092002892423,6.1098312528356375,-50.840919364079554,49.47,25,1.4600000000000009
2026-06-22 12:26:45.272084000,5.0,-48.262432,4.5119182908532,-4.368305097451758,3.328598856479559,-3.7310092002892423,6.280087267527313,-44.07347909416541,49.48,25,1.4699999999999989
2026-06-22 12:26:45.282084000,5.0,-48.262432,3.154936120401012,-4.866860200668938,3.328598856479559,-3.7310092002892423,5.799995701435156,-57.046725492028315,49.49,25,1.480000000000004
2026-06-22 12:26:45.292084000,5.0,-48.262432,4.524848914857938,-4.407347245409049,3.328598856479559,-3.7310092002892423,6.316562945455843,-44.24632628747219,49.5,25,1.490000000000002
2026-06-22 12:26:45.302084000,5.0,-48.262432,3.0048195364254617,-4.899802980132207,3.328598856479559,-3.7310092002892423,5.747783023966422,-58.48116186683159,49.51,25,1.5
2026-06-22 12:26:45.312084000,5.0,-48.262432,4.340227132001019,-4.434848015761364,3.328598856479559,-3.7310092002892423,6.205275858514293,-45.61779154022952,49.52,25,1.5100000000000051
2026-06-22 12:26:45.322084000,5.0,-48.262432,2.990651478816337,-4.932956035172019,3.328598856479559,-3.7310092002892423,5.7687131591617895,-58.77326334751738,49.53,25,1.5200000000000031
2026-06-22 12:26:45.332084000,5.0,-48.262432,4.455467328087656,-4.44653643516932,3.328598856479559,-3.7310092002892423,6.294670394940854,-44.942518301111065,49.54,25,1.5300000000000011
2026-06-22 12:26:45.342084000,5.0,-48.262432,2.8416790971503363,-4.933303238469978,3.328598856479559,-3.7310092002892423,5.693208316395907,-60.05721651967662,49.55,25,1.5399999999999991
2026-06-22 12:26:45.352084000,5.0,-48.262432,4.394349672074288,-4.412204694511687,3.328598856479559,-3.7310092002892423,6.227187110303526,-45.11616529966697,49.56,25,1.5500000000000043
2026-06-22 12:26:45.362084000,5.0,-48.262432,2.8570353905908856,-4.906913681484761,3.328598856479559,-3.7310092002892423,5.67806772596375,-59.79002796709741,49.57,25,1.5600000000000023
2026-06-22 12:26:45.372084000,5.0,-48.262432,4.409636722606135,-4.415243336623878,3.328598856479559,-3.7310092002892423,6.240133792392446,-45.03640109272868,49.58,25,1.5700000000000003
2026-06-22 12:26:45.382084000,5.0,-48.262432,3.0032979732634724,-4.882464855541363,3.328598856479559,-3.7310092002892423,5.732212642758904,-58.403528333653725,49.59,25,1.5800000000000054
2026-06-22 12:26:45.392084000,5.0,-48.262432,4.3666606463878335,-4.427700570342148,3.328598856479559,-3.7310092002892423,6.218702239319743,-45.397672301470315,49.6,25,1.5900000000000034
2026-06-22 12:26:45.402084000,5.0,-48.262432,2.8806060320442493,-4.9379971724790215,3.328598856479559,-3.7310092002892423,5.716791686537173,-59.74263062664332,49.61,25,1.6000000000000014
2026-06-22 12:26:45.412084000,5.0,-48.262432,4.340902708387937,-4.424021036024353,3.328598856479559,-3.7310092002892423,6.198015686562572,-45.54332322379013,49.62,25,1.6099999999999994
2026-06-22 12:26:45.422084000,5.0,-48.262432,2.906151256730424,-4.96100448833098,3.328598856479559,-3.7310092002892423,5.749546126455196,-59.63827253248207,49.63,25,1.6200000000000045
2026-06-22 12:26:45.432084000,5.0,-48.262432,4.357608608608236,-4.450387387387604,3.328598856479559,-3.7310092002892423,6.228539209448334,-45.60350116684803,49.64,25,1.6300000000000026
2026-06-22 12:26:45.442084000,5.0,-48.262432,2.8997478338807134,-4.922766955482639,3.328598856479559,-3.7310092002892423,5.713332827526128,-59.49985749820274,49.65,25,1.6400000000000006
2026-06-22 12:26:45.452084000,5.0,-48.262432,4.311030982201598,-4.394434739617763,3.328598856479559,-3.7310092002892423,6.155976349066126,-45.54891228650985,49.66,25,1.6499999999999986
2026-06-22 12:26:45.462084000,5.0,-48.262432,2.720155751612153,-4.969116389548597,3.328598856479559,-3.7310092002892423,5.664924095335184,-61.30315833520177,49.67,25,1.6600000000000037
2026-06-22 12:26:45.472084000,5.0,-48.262432,4.276207340025061,-4.431692597239665,3.328598856479559,-3.7310092002892423,6.158396584445748,-46.02294496896004,49.68,25,1.6700000000000017
2026-06-22 12:26:45.482084000,5.0,-48.262432,2.721163451421632,-5.004654857944276,3.328598856479559,-3.7310092002892423,5.696604319811771,-61.46590276981546,49.69,25,1.6799999999999997
2026-06-22 12:26:45.492084000,5.0,-48.262432,4.399271850699436,-4.466134681182134,3.328598856479559,-3.7310092002892423,6.268967363674362,-45.43211615221321,49.7,25,1.6900000000000048
2026-06-22 12:26:45.502084000,5.0,-48.262432,2.7123505962518473,-5.0014681431006,3.328598856479559,-3.7310092002892423,5.689598346407057,-61.52854134691456,49.71,25,1.7000000000000028
2026-06-22 12:26:45.512084000,5.0,-48.262432,4.265467980295692,-4.467783251231407,3.328598856479559,-3.7310092002892423,6.176997998292673,-46.327081732315406,49.72,25,1.7100000000000009
2026-06-22 12:26:45.522084000,5.0,-48.262432,3.07102131186209,-4.899243428842564,3.328598856479559,-3.7310092002892423,5.782193188831397,-57.91904039556389,49.73,25,1.7199999999999989
2026-06-22 12:26:45.532084000,5.0,-48.262432,4.255577248511415,-4.4080225634598875,3.328598856479559,-3.7310092002892423,6.127038488374254,-46.008076555848056,49.74,25,1.730000000000004
2026-06-22 12:26:45.542084000,5.0,-48.262432,2.6438055335980533,-4.998061660078694,3.328598856479559,-3.7310092002892423,5.654230987272475,-62.1226741884016,49.75,25,1.740000000000002
2026-06-22 12:26:45.552084000,5.0,-48.262432,4.302542184874097,-4.409964369747595,3.328598856479559,-3.7310092002892423,6.1611407219008125,-45.70640130051206,49.76,25,1.75
2026-06-22 12:26:45.562084000,5.0,-48.262432,2.692126223419927,-5.021800539993944,3.328598856479559,-3.7310092002892423,5.6978964773246545,-61.804781962671356,49.77,25,1.7600000000000051
2026-06-22 12:26:45.572084000,5.0,-48.262432,4.340416408135019,-4.444861082385441,3.328598856479559,-3.7310092002892423,6.2125682803259705,-45.68113467358613,49.78,25,1.7700000000000031
2026-06-22 12:26:45.582084000,5.0,-48.262432,2.997939150785212,-4.937975927783496,3.328598856479559,-3.7310092002892423,5.776785041455155,-58.73726585111615,49.79,25,1.7800000000000011
2026-06-22 12:26:45.592084000,5.0,-48.262432,4.316677180559803,-4.439783070486333,3.328598856479559,-3.7310092002892423,6.192364297596095,-45.805460548016434,49.8,25,1.7899999999999991
2026-06-22 12:26:45.602084000,5.0,-48.262432,2.789215057079873,-4.996576365319788,3.328598856479559,-3.7310092002892423,5.722368042088291,-60.828642452567266,49.81,25,1.8000000000000043
2026-06-22 12:26:45.612084000,5.0,-48.262432,4.279959520239855,-4.415667166416961,3.328598856479559,-3.7310092002892423,6.149485345902091,-45.89410970362115,49.82,25,1.8100000000000023
2026-06-22 12:26:45.622084000,5.0,-48.262432,2.933639531790978,-4.927512370311064,3.328598856479559,-3.7310092002892423,5.7346856114398586,-59.23215974193536,49.83,25,1.8200000000000003
2026-06-22 12:26:45.632084000,5.0,-48.262432,4.271624400274076,-4.432711788896842,3.328598856479559,-3.7310092002892423,6.155949059279317,-46.060227204273936,49.84,25,1.8300000000000054
2026-06-22 12:26:45.642084000,5.0,-48.262432,2.6489514691312017,-5.039737867283086,3.328598856479559,-3.7310092002892423,5.693496435121341,-62.27300313301938,49.85,25,1.8400000000000034
2026-06-22 12:26:45.652084000,5.0,-48.262432,4.322455082243393,-4.414345002109049,3.328598856479559,-3.7310092002892423,6.178192270855358,-45.60259024090958,49.86,25,1.8500000000000014
2026-06-22 12:26:45.662084000,5.0,-48.262432,2.8029680170545985,-5.019014011575722,3.328598856479559,-3.7310092002892423,5.74866344057681,-60.81795819005016,49.87,25,1.8599999999999994
2026-06-22 12:26:45.672084000,5.0,-48.262432,4.347831277750249,-4.44457918105587,3.328598856479559,-3.7310092002892423,6.217549430158045,-45.63043267322656,49.88,25,1.8700000000000045
2026-06-22 12:26:45.682084000,5.0,-48.262432,2.741145929846246,-5.057244870946932,3.328598856479559,-3.7310092002892423,5.752356620849554,-61.54126337075338,49.89,25,1.8800000000000026
2026-06-22 12:26:45.692084000,5.0,-48.262432,4.341327990135707,-4.451421701602784,3.328598856479559,-3.7310092002892423,6.217900279309403,-45.71736096561871,49.9,25,1.8900000000000006
2026-06-22 12:26:45.702084000,5.0,-48.262432,2.7700563380270475,-5.0333098591553345,3.328598856479559,-3.7310092002892423,5.745208460457645,-61.17403727072894,49.91,25,1.8999999999999986
2026-06-22 12:26:45.712084000,5.0,-48.262432,4.315593692022116,-4.489426716141111,3.328598856479559,-3.7310092002892423,6.22730287959584,-46.13101440465798,49.92,25,1.9100000000000037
2026-06-22 12:26:45.722084000,5.0,-48.262432,2.6816007684259615,-5.012173943415627,3.328598856479559,-3.7310092002892423,5.684441073692054,-61.85243928060486,49.93,25,1.9200000000000017
2026-06-22 12:26:45.732084000,5.0,-48.262432,3.9897304179345143,-4.5885568779410075,3.328598856479559,-3.7310092002892423,6.080526542158306,-48.99318164718636,49.94,25,1.9299999999999997
2026-06-22 12:26:45.742084000,5.0,-48.262432,2.715128618420744,-5.037145394736934,3.328598856479559,-3.7310092002892423,5.722303482190266,-61.67438726550669,49.95,25,1.9400000000000048
2026-06-22 12:26:45.752084000,5.0,-48.262432,3.3875280748664895,-4.754774064171078,3.328598856479559,-3.7310092002892423,5.838083834557587,-54.5321136206612,49.96,25,1.9500000000000028
2026-06-22 12:26:45.762084000,5.0,-48.262432,3.099141253508924,-4.930838166510422,3.328598856479559,-3.7310092002892423,5.823902603368013,-57.849726673129666,49.97,25,1.9600000000000009
2026-06-22 12:26:45.772084000,5.0,-48.262432,4.39592028985497,-4.514384057971084,3.328598856479559,-3.7310092002892423,6.3010934461902774,-45.76171068864937,49.98,25,1.9699999999999989
2026-06-22 12:26:45.782084000,5.0,-48.262432,3.051638828632078,-4.982399132321525,3.328598856479559,-3.7310092002892423,5.842670678223551,-58.51320498563014,49.99,25,1.980000000000004
2026-06-22 12:26:45.792084000,5.0,-48.262432,4.382515424164517,-4.512374035989759,3.328598856479559,-3.7310092002892423,6.290306899008537,-45.83641532425863,50.0,25,1.990000000000002
2026-06-22 12:26:45.802084000,10.0,-48.262432,3.933479920564956,-4.629123455428059,6.657197712959118,-7.462018400578485,6.074623301167069,-49.64462646493057,50.01,26,0.0
2026-06-22 12:26:45.812084000,10.0,-48.262432,3.2628730839995153,-4.833485591660723,6.657197712959118,-7.462018400578485,5.831717047926821,-55.978448792702146,50.02,26,0.010000000000005116
2026-06-22 12:26:45.822084000,10.0,-48.262432,3.8255174237879706,-4.666427878060753,6.657197712959118,-7.462018400578485,6.034080932573571,-50.655247938379254,50.03,26,0.020000000000003126
2026-06-22 12:26:45.832084000,10.0,-48.262432,3.8282441511697662,-4.670790641871625,6.657197712959118,-7.462018400578485,6.039183595583187,-50.66148325993438,50.04,26,0.030000000000001137
2026-06-22 12:26:45.842084000,10.0,-48.262432,3.9224414268331516,-4.635576813944255,6.657197712959118,-7.462018400578485,6.072406371852469,-49.76342361221729,50.05,26,0.03999999999999915
2026-06-22 12:26:45.852084000,10.0,-48.262432,4.402944804088551,-4.5420589437819645,6.657197712959118,-7.462018400578485,6.32583768339341,-45.89100136490159,50.06,26,0.05000000000000426
2026-06-22 12:26:45.862084000,10.0,-48.262432,3.328703801652182,-5.645943471075061,6.657197712959118,-7.462018400578485,6.5541549171276685,-59.47748649597343,50.07,26,0.060000000000002274
2026-06-22 12:26:45.872084000,10.0,-48.262432,5.767361874910942,-6.049263855250009,6.657197712959118,-7.462018400578485,8.357993550285288,-46.36661099226774,50.08,26,0.07000000000000028
2026-06-22 12:26:45.882084000,10.0,-48.262432,4.253634482756754,-6.216864367816369,6.657197712959118,-7.462018400578485,7.532782280188518,-55.619715278360104,50.09,26,0.0800000000000054
2026-06-22 12:26:45.892084000,10.0,-48.262432,4.96497597894021,-5.172940440934608,6.657197712959118,-7.462018400578485,7.1700975779211,-46.175173923739784,50.1,26,0.09000000000000341
2026-06-22 12:26:45.902084000,10.0,-48.262432,4.4565168625446585,-5.380066683699561,6.657197712959118,-7.462018400578485,6.986104785014242,-50.363735998788414,50.11,26,0.10000000000000142
2026-06-22 12:26:45.912084000,10.0,-48.262432,5.219071960297557,-5.59596724565781,6.657197712959118,-7.462018400578485,7.652029896781587,-46.99590340761374,50.12,26,0.10999999999999943
2026-06-22 12:26:45.922084000,10.0,-48.262432,4.316136413161632,-6.002959032469126,6.657197712959118,-7.462018400578485,7.3935479089894605,-54.28380915188629,50.13,26,0.12000000000000455
2026-06-22 12:26:45.932084000,10.0,-48.262432,4.660234581281006,-6.164086206896508,6.657197712959118,-7.462018400578485,7.727466927694944,-52.90962284471148,50.14,26,0.13000000000000256
2026-06-22 12:26:45.942084000,10.0,-48.262432,4.859640449437965,-6.961423901940865,6.657197712959118,-7.462018400578485,8.489848528703394,-55.08182380830868,50.15,26,0.14000000000000057
2026-06-22 12:26:45.952084000,10.0,-48.262432,5.867165825522292,-6.049965392934478,6.657197712959118,-7.462018400578485,8.427675603621767,-45.87880398219747,50.16,26,0.14999999999999858
2026-06-22 12:26:45.962084000,10.0,-48.262432,4.847037618579722,-6.461715407262476,6.657197712959118,-7.462018400578485,8.077594919304895,-53.125840417465106,50.17,26,0.1600000000000037
2026-06-22 12:26:45.972084000,10.0,-48.262432,5.982592135954683,-6.317994668443851,6.657197712959118,-7.462018400578485,8.701061159173157,-46.56190833233753,50.18,26,0.1700000000000017
2026-06-22 12:26:45.982084000,10.0,-48.262432,4.731332676195079,-6.806749630359841,6.657197712959118,-7.462018400578485,8.289592838205934,-55.19705752486548,50.19,26,0.17999999999999972
2026-06-22 12:26:45.992084000,10.0,-48.262432,5.992742697327391,-6.266460534493608,6.657197712959118,-7.462018400578485,8.670726190275916,-46.27906122927618,50.2,26,0.19000000000000483
2026-06-22 12:26:46.002084000,10.0,-48.262432,5.177602365114189,-6.469173688100735,6.657197712959118,-7.462018400578485,8.285998700099519,-51.32797037372199,50.21,26,0.20000000000000284
2026-06-22 12:26:46.012084000,10.0,-48.262432,6.026690662041073,-6.302976582827402,6.657197712959118,-7.462018400578485,8.720579919913792,-46.28368171796028,50.22,26,0.21000000000000085
2026-06-22 12:26:46.022084000,10.0,-48.262432,4.810408555485647,-6.759318660881003,6.657197712959118,-7.462018400578485,8.2962894856691,-54.56165899196587,50.23,26,0.21999999999999886
2026-06-22 12:26:46.032084000,10.0,-48.262432,5.979922976501231,-6.284909921671042,6.657197712959118,-7.462018400578485,8.675227462632115,-46.42446818695682,50.24,26,0.23000000000000398
2026-06-22 12:26:46.042083999,10.0,-48.262432,4.965238095238345,-6.723333333333122,6.657197712959118,-7.462018400578485,8.35803807442359,-53.553821066238314,50.249999999,26,0.23999999900000546
2026-06-22 12:26:46.052083999,10.0,-48.262432,6.0031893278604604,-6.294950743971271,6.657197712959118,-7.462018400578485,8.698545106807357,-46.35903173261316,50.259999999,26,0.24999999900000347
2026-06-22 12:26:46.062084000,10.0,-48.262432,4.8320364963496205,-6.837343065693134,6.657197712959118,-7.462018400578485,8.372445096866072,-54.75066972018068,50.27,26,0.2600000000000051
2026-06-22 12:26:46.072084000,10.0,-48.262432,5.995796370967719,-6.262131804435527,6.657197712959118,-7.462018400578485,8.66970984856083,-46.24470427561447,50.28,26,0.2700000000000031
2026-06-22 12:26:46.082084000,10.0,-48.262432,4.93610617760639,-6.837122724765635,6.657197712959118,-7.462018400578485,8.432757043227951,-54.1723486065129,50.29,26,0.28000000000000114
2026-06-22 12:26:46.092084000,10.0,-48.262432,5.964182301355132,-6.237456019133659,6.657197712959118,-7.462018400578485,8.63002480381282,-46.283009143778465,50.3,26,0.28999999999999915
2026-06-22 12:26:46.102084000,10.0,-48.262432,4.851806637317128,-6.785856755841403,6.657197712959118,-7.462018400578485,8.341935000748505,-54.43568424923255,50.31,26,0.30000000000000426
2026-06-22 12:26:46.112084000,10.0,-48.262432,6.0252273635152385,-6.276043941411407,6.657197712959118,-7.462018400578485,8.700120248397697,-46.16806954603455,50.32,26,0.3100000000000023
2026-06-22 12:26:46.122084000,10.0,-48.262432,4.913156144938909,-6.798375420246658,6.657197712959118,-7.462018400578485,8.387908658251167,-54.14452530553516,50.33,26,0.3200000000000003
2026-06-22 12:26:46.132084000,10.0,-48.262432,6.003785954785891,-6.2805911495911095,6.657197712959118,-7.462018400578485,8.688571285269317,-46.29083354200218,50.34,26,0.3300000000000054
2026-06-22 12:26:46.142084000,10.0,-48.262432,4.960611778845828,-6.844919471153774,6.657197712959118,-7.462018400578485,8.45343668498227,-54.06861507592788,50.35,26,0.3400000000000034
2026-06-22 12:26:46.152084000,10.0,-48.262432,6.003094017094015,-6.277854700854727,6.657197712959118,-7.462018400578485,8.68611520894777,-46.28166007864109,50.36,26,0.3500000000000014
2026-06-22 12:26:46.162084000,10.0,-48.262432,4.880022566994859,-6.78209308885736,6.657197712959118,-7.462018400578485,8.355322071608363,-54.26327779520773,50.37,26,0.35999999999999943
2026-06-22 12:26:46.172084000,10.0,-48.262432,5.932509902371007,-6.260397629009741,6.657197712959118,-7.462018400578485,8.624804474017996,-46.540408325370024,50.38,26,0.37000000000000455
2026-06-22 12:26:46.182084000,10.0,-48.262432,5.033369750456625,-6.732831405964501,6.657197712959118,-7.462018400578485,8.40629703174672,-53.21872874830276,50.39,26,0.38000000000000256
2026-06-22 12:26:46.192084000,10.0,-48.262432,5.980125298736798,-6.266634687606715,6.657197712959118,-7.462018400578485,8.66213650876662,-46.34017363950198,50.4,26,0.39000000000000057
2026-06-22 12:26:46.202084000,10.0,-48.262432,4.968823892893732,-6.785070030895961,6.657197712959118,-7.462018400578485,8.40989810894009,-53.784038304879445,50.41,26,0.3999999999999986
2026-06-22 12:26:46.212084000,10.0,-48.262432,5.9738134287286515,-6.267905888827723,6.657197712959118,-7.462018400578485,8.658700313122058,-46.376196902554994,50.42,26,0.4100000000000037
2026-06-22 12:26:46.222084000,10.0,-48.262432,4.9955986910096355,-6.8001264209439025,6.657197712959118,-7.462018400578485,8.437874473019642,-53.69776046662964,50.43,26,0.4200000000000017
2026-06-22 12:26:46.232084000,10.0,-48.262432,5.998057518488095,-6.264870994248169,6.657197712959118,-7.462018400578485,8.673252133407837,-46.246429384291694,50.44,26,0.4299999999999997
2026-06-22 12:26:46.242084000,10.0,-48.262432,5.0273266932257945,-6.7983266932269375,6.657197712959118,-7.462018400578485,8.455250410736664,-53.517270056302486,50.45,26,0.44000000000000483
2026-06-22 12:26:46.252084000,10.0,-48.262432,5.950366367296396,-6.245696810157901,6.657197712959118,-7.462018400578485,8.626447040900947,-46.38715923776977,50.46,26,0.45000000000000284
2026-06-22 12:26:46.262084000,10.0,-48.262432,4.999801820021094,-6.780642062689672,6.657197712959118,-7.462018400578485,8.424673585475148,-53.59627029370768,50.47,26,0.46000000000000085
2026-06-22 12:26:46.272084000,10.0,-48.262432,5.945218370630448,-6.258107064501938,6.657197712959118,-7.462018400578485,8.631890030882623,-46.468720544263306,50.48,26,0.46999999999999886
2026-06-22 12:26:46.282084000,10.0,-48.262432,5.096145661449894,-6.763067709815025,6.657197712959118,-7.462018400578485,8.46816305052384,-53.00103425925999,50.49,26,0.480000000000004
2026-06-22 12:26:46.292084000,10.0,-48.262432,5.899961414790675,-6.274803858520973,6.657197712959118,-7.462018400578485,8.612938416065012,-46.76349253445005,50.5,26,0.490000000000002
2026-06-22 12:26:46.302084000,10.0,-48.262432,5.229020077220147,-6.691794594594279,6.657197712959118,-7.462018400578485,8.492512341128073,-51.995655721290525,50.51,26,0.5
2026-06-22 12:26:46.312084000,10.0,-48.262432,5.869796628721543,-6.2455919439579635,6.657197712959118,-7.462018400578485,8.570993594268018,-46.77663176930236,50.52,26,0.5100000000000051
2026-06-22 12:26:46.322084000,10.0,-48.262432,5.899714900758906,-6.187214827787501,6.657197712959118,-7.462018400578485,8.549167400129102,-46.36258150520198,50.53,26,0.5200000000000031
2026-06-22 12:26:46.332084000,10.0,-48.262432,5.935493201483292,-6.257862793572316,6.657197712959118,-7.462018400578485,8.625017465955132,-46.514440768258794,50.54,26,0.5300000000000011
2026-06-22 12:26:46.342084000,10.0,-48.262432,5.186662308385684,-6.75028099639314,6.657197712959118,-7.462018400578485,8.5127997410661,-52.46267803814491,50.55,26,0.5399999999999991
2026-06-22 12:26:46.352084000,10.0,-48.262432,5.907528115942191,-6.2355263768116,6.657197712959118,-7.462018400578485,8.5895679540103,-46.54725053603984,50.56,26,0.5500000000000043
2026-06-22 12:26:46.362084000,10.0,-48.262432,5.302766434080064,-6.644725302974629,6.657197712959118,-7.462018400578485,8.501276739784293,-51.40868078341363,50.57,26,0.5600000000000023
2026-06-22 12:26:46.372084000,10.0,-48.262432,5.985275491949912,-6.207008944543828,6.657197712959118,-7.462018400578485,8.622672599152965,-46.0418876560749,50.58,26,0.5700000000000003
2026-06-22 12:26:46.382084000,10.0,-48.262432,5.12285077815044,-6.743738175160192,6.657197712959118,-7.462018400578485,8.468860883868,-52.778040797474794,50.59,26,0.5800000000000054
2026-06-22 12:26:46.392084000,10.0,-48.262432,5.763541426673235,-6.298177226406563,6.657197712959118,-7.462018400578485,8.537297356435749,-47.53797474377364,50.6,26,0.5900000000000034
2026-06-22 12:26:46.402084000,10.0,-48.262432,5.202703448274975,-6.783786206896489,6.657197712959118,-7.462018400578485,8.549144897097683,-52.51424311934799,50.61,26,0.6000000000000014
2026-06-22 12:26:46.412084000,10.0,-48.262432,5.596093693694648,-6.301053853853602,6.657197712959118,-7.462018400578485,8.42730943408229,-48.391070715748704,50.62,26,0.6099999999999994
2026-06-22 12:26:46.422084000,10.0,-48.262432,5.191383483625957,-6.341358329378264,6.657197712959118,-7.462018400578485,8.195321100215626,-50.69436355060566,50.63,26,0.6200000000000045
2026-06-22 12:26:46.432084000,10.0,-48.262432,4.901959657558226,-6.4910226339862,6.657197712959118,-7.462018400578485,8.134038561455773,-52.940238290792706,50.64,26,0.6300000000000026
2026-06-22 12:26:46.442084000,10.0,-48.262432,5.234763900080598,-6.532829975825626,6.657197712959118,-7.462018400578485,8.371416880231978,-51.29476448064015,50.65,26,0.6400000000000006
2026-06-22 12:26:46.452084000,10.0,-48.262432,5.975643049327688,-6.195801793721887,6.657197712959118,-7.462018400578485,8.607919012169297,-46.03626082240539,50.66,26,0.6499999999999986
2026-06-22 12:26:46.462084000,10.0,-48.262432,5.582977093013696,-6.296035134914833,6.657197712959118,-7.462018400578485,8.414849472283963,-48.43515533591584,50.67,26,0.6600000000000037
2026-06-22 12:26:46.472084000,10.0,-48.262432,6.027915094339731,-6.188391872278629,6.657197712959118,-7.462018400578485,8.63897877931489,-45.75260987502021,50.68,26,0.6700000000000017
2026-06-22 12:26:46.482084000,10.0,-48.262432,5.166362485448086,-6.7102463620488955,6.657197712959118,-7.462018400578485,8.468689837893212,-52.40655502440933,50.69,26,0.6799999999999997
2026-06-22 12:26:46.492084000,10.0,-48.262432,6.02672845417243,-6.219325581395341,6.657197712959118,-7.462018400578485,8.660338708603152,-45.9010325132446,50.7,26,0.6900000000000048
2026-06-22 12:26:46.502084000,10.0,-48.262432,5.270245828144459,-6.626682440846814,6.657197712959118,-7.462018400578485,8.466900924240319,-51.50453010794479,50.71,26,0.7000000000000028
2026-06-22 12:26:46.512084000,10.0,-48.262432,6.057457319288144,-6.228946240464959,6.657197712959118,-7.462018400578485,8.688645489464975,-45.799660648102645,50.72,26,0.7100000000000009
2026-06-22 12:26:46.522084000,10.0,-48.262432,5.120597115534185,-6.674688509170806,6.657197712959118,-7.462018400578485,8.41260848453521,-52.505789704808734,50.73,26,0.7199999999999989
2026-06-22 12:26:46.532084000,10.0,-48.262432,5.730250000000989,-6.2255277777773745,6.657197712959118,-7.462018400578485,8.461262386570283,-47.37216773504757,50.74,26,0.730000000000004
2026-06-22 12:26:46.542084000,10.0,-48.262432,4.9998839242349735,-6.687575522098111,6.657197712959118,-7.462018400578485,8.350000336502337,-53.21682262611349,50.75,26,0.740000000000002
2026-06-22 12:26:46.552084000,10.0,-48.262432,6.0150494092372675,-6.22137486573576,6.657197712959118,-7.462018400578485,8.653688497720163,-45.96600587283816,50.76,26,0.75
2026-06-22 12:26:46.562084000,10.0,-48.262432,5.151455169780653,-6.61642006867624,6.657197712959118,-7.462018400578485,8.38537446340004,-52.09615747733798,50.77,26,0.7600000000000051
2026-06-22 12:26:46.572084000,10.0,-48.262432,6.0024472656250705,-6.206690429687487,6.657197712959118,-7.462018400578485,8.634371967119794,-45.95839527279985,50.78,26,0.7700000000000031
2026-06-22 12:26:46.582084000,10.0,-48.262432,5.236828974434335,-6.331762562444903,6.657197712959118,-7.462018400578485,8.216787380397149,-50.406772747968574,50.79,26,0.7800000000000011
2026-06-22 12:26:46.592084000,10.0,-48.262432,5.945718778908708,-6.227076164045558,6.657197712959118,-7.462018400578485,8.609764767442371,-46.32407725146557,50.8,26,0.7899999999999991
2026-06-22 12:26:46.602084000,10.0,-48.262432,5.20962239369562,-6.508702840256172,6.657197712959118,-7.462018400578485,8.33686860563687,-51.325915986246265,50.81,26,0.8000000000000043
2026-06-22 12:26:46.612084000,10.0,-48.262432,5.957565814696617,-6.215956869009551,6.657197712959118,-7.462018400578485,8.609919293107733,-46.21595815320905,50.82,26,0.8100000000000023
2026-06-22 12:26:46.622084000,10.0,-48.262432,5.211213712911031,-6.447601443464221,6.657197712959118,-7.462018400578485,8.290254081473853,-51.053447041365544,50.83,26,0.8200000000000003
2026-06-22 12:26:46.632084000,10.0,-48.262432,5.926546404425509,-6.192800860479384,6.657197712959118,-7.462018400578485,8.571740475618888,-46.258549875011184,50.84,26,0.8300000000000054
2026-06-22 12:26:46.642084000,10.0,-48.262432,5.280821849694468,-6.375973433726415,6.657197712959118,-7.462018400578485,8.278895858494387,-50.36716303914496,50.85,26,0.8400000000000034
2026-06-22 12:26:46.652084000,10.0,-48.262432,5.930295068714668,-6.221679870654792,6.657197712959118,-7.462018400578485,8.595213785295426,-46.37359736659251,50.86,26,0.8500000000000014
2026-06-22 12:26:46.662084000,10.0,-48.262432,5.042688609784321,-6.581971849285922,6.657197712959118,-7.462018400578485,8.29162600700495,-52.54295813279876,50.87,26,0.8599999999999994
2026-06-22 12:26:46.672084000,10.0,-48.262432,5.809913994384563,-6.21169750258608,6.657197712959118,-7.462018400578485,8.50530931158766,-46.91421371691863,50.88,26,0.8700000000000045
2026-06-22 12:26:46.682084000,10.0,-48.262432,4.9784729222495585,-6.564149597855615,6.657197712959118,-7.462018400578485,8.238522475577772,-52.82209070617951,50.89,26,0.8800000000000026
2026-06-22 12:26:46.692084000,10.0,-48.262432,5.868750971502538,-6.231754533678757,6.657197712959118,-7.462018400578485,8.560198743810668,-46.71830311105817,50.9,26,0.8900000000000006
2026-06-22 12:26:46.702084000,10.0,-48.262432,4.982746703292884,-6.575256043956795,6.657197712959118,-7.462018400578485,8.249954954590144,-52.845053214246576,50.91,26,0.8999999999999986
2026-06-22 12:26:46.712084000,10.0,-48.262432,5.9134884252644175,-6.216724778508145,6.657197712959118,-7.462018400578485,8.580035683343828,-46.43200660500084,50.92,26,0.9100000000000037
2026-06-22 12:26:46.722084000,10.0,-48.262432,5.291288395904337,-6.3639010238908025,6.657197712959118,-7.462018400578485,8.276289575075916,-50.25804892445433,50.93,26,0.9200000000000017
2026-06-22 12:26:46.732084000,10.0,-48.262432,5.733155283505106,-6.1768782216495035,6.657197712959118,-7.462018400578485,8.427508176790482,-47.133637877274374,50.94,26,0.9299999999999997
2026-06-22 12:26:46.742084000,10.0,-48.262432,5.304250156641495,-6.364791510025082,6.657197712959118,-7.462018400578485,8.285266482758336,-50.19306235360869,50.95,26,0.9400000000000048
2026-06-22 12:26:46.752084000,10.0,-48.262432,5.785141502178935,-6.202426813637526,6.657197712959118,-7.462018400578485,8.481624878451234,-46.99365181227763,50.96,26,0.9500000000000028
2026-06-22 12:26:46.762084000,10.0,-48.262432,4.760448430492948,-6.559470852018012,6.657197712959118,-7.462018400578485,8.10484590339981,-54.030232307530014,50.97,26,0.9600000000000009
2026-06-22 12:26:46.772084000,10.0,-48.262432,5.692436220472279,-6.175718503936882,6.657197712959118,-7.462018400578485,8.39900762971514,-47.33184904119446,50.98,26,0.9699999999999989
2026-06-22 12:26:46.782084000,10.0,-48.262432,5.085793345008157,-6.508587127846054,6.657197712959118,-7.462018400578485,8.25996370142706,-51.99602192771587,50.99,26,0.980000000000004
2026-06-22 12:26:46.792084000,10.0,-48.262432,4.164800420172482,-6.757703781510994,6.657197712959118,-7.462018400578485,7.938017569803992,-58.35430238169079,51.0,26,0.990000000000002
2026-06-22 12:26:46.802084000,10.0,-48.262432,4.515687630298998,-6.6116772063932725,6.657197712959118,-7.462018400578485,8.006604165061223,-55.66744335980272,51.01,26,1.0
2026-06-22 12:26:46.812084000,10.0,-48.262432,5.666422594142281,-6.220008368200807,6.657197712959118,-7.462018400578485,8.414086350632147,-47.666504837029294,51.02,26,1.0100000000000051
2026-06-22 12:26:46.822084000,10.0,-48.262432,4.550539901477389,-6.5966197044336505,6.657197712959118,-7.462018400578485,8.013913208904883,-55.40096052820011,51.03,26,1.0200000000000031
2026-06-22 12:26:46.832084000,10.0,-48.262432,5.327513838119675,-6.373508224543217,6.657197712959118,-7.462018400578485,8.30686528021712,-50.108287503144815,51.04,26,1.0300000000000011
2026-06-22 12:26:46.842084000,10.0,-48.262432,4.836438461536822,-6.513011538462021,6.657197712959118,-7.462018400578485,8.112364408258056,-53.403122985135205,51.05,26,1.0399999999999991
2026-06-22 12:26:46.852084000,10.0,-48.262432,5.706837686567216,-6.2531828358208505,6.657197712959118,-7.462018400578485,8.465830848713454,-47.61550758574726,51.06,26,1.0500000000000043
2026-06-22 12:26:46.862084000,10.0,-48.262432,4.810046948357557,-6.5371654929575485,6.657197712959118,-7.462018400578485,8.116100315281887,-53.654361952003235,51.07,26,1.0600000000000023
2026-06-22 12:26:46.872084000,10.0,-48.262432,5.659044677048713,-6.261068419708984,6.657197712959118,-7.462018400578485,8.439535793698047,-47.891259186017514,51.08,26,1.0700000000000003
2026-06-22 12:26:46.882084000,10.0,-48.262432,4.584408169092958,-6.5669440159959285,6.657197712959118,-7.462018400578485,8.008842111695733,-55.08096274746922,51.09,26,1.0800000000000054
2026-06-22 12:26:46.892084000,10.0,-48.262432,5.684155334114954,-6.236194021101973,6.657197712959118,-7.462018400578485,8.437993702958984,-47.65150822080527,51.1,26,1.0900000000000034
2026-06-22 12:26:46.902084000,10.0,-48.262432,4.604260641781183,-6.537468565815351,6.657197712959118,-7.462018400578485,7.996106008957053,-54.84342307459699,51.11,26,1.1000000000000014
2026-06-22 12:26:46.912084000,10.0,-48.262432,5.624745605745665,-6.229127197127168,6.657197712959118,-7.462018400578485,8.392841519255832,-47.9187553509503,51.12,26,1.1099999999999994
2026-06-22 12:26:46.922084000,10.0,-48.262432,4.555724938117229,-6.599585396040035,6.657197712959118,-7.462018400578485,8.019299041151173,-55.38249829207143,51.13,26,1.1200000000000045
2026-06-22 12:26:46.932084000,10.0,-48.262432,5.633931732933229,-6.270402850712684,6.657197712959118,-7.462018400578485,8.429658277864991,-48.06043317726892,51.14,26,1.1300000000000026
2026-06-22 12:26:46.942084000,10.0,-48.262432,4.642953687821222,-6.559479416809723,6.657197712959118,-7.462018400578485,8.036403994748094,-54.70824287230056,51.15,26,1.1400000000000006
2026-06-22 12:26:46.952084000,10.0,-48.262432,5.538923076923316,-6.262961538461385,6.657197712959118,-7.462018400578485,8.36088249434952,-48.51066131159379,51.16,26,1.1499999999999986
2026-06-22 12:26:46.962084000,10.0,-48.262432,4.9540760013123855,-6.5063524294159025,6.657197712959118,-7.462018400578485,8.177743635168905,-52.71357835609244,51.17,26,1.1600000000000037
2026-06-22 12:26:46.972084000,10.0,-48.262432,5.646856725146259,-6.218983082706716,6.657197712959118,-7.462018400578485,8.400163180398454,-47.76045006660274,51.18,26,1.1700000000000017
2026-06-22 12:26:46.982084000,10.0,-48.262432,4.627377793799584,-6.641410958904104,6.657197712959118,-7.462018400578485,8.09450213241068,-55.13329161240034,51.19,26,1.1799999999999997
2026-06-22 12:26:46.992084000,10.0,-48.262432,5.580736526946247,-6.205197604790373,6.657197712959118,-7.462018400578485,8.345603483133395,-48.03290004849999,51.2,26,1.1900000000000048
2026-06-22 12:26:47.002084000,10.0,-48.262432,4.4979851729818545,-6.600158154859975,6.657197712959118,-7.462018400578485,7.9871120115802325,-55.72570395537025,51.21,26,1.2000000000000028
2026-06-22 12:26:47.012084000,10.0,-48.262432,5.6101714610143665,-6.257491483724466,6.657197712959118,-7.462018400578485,8.404178930202777,-48.122096540877436,51.22,26,1.2100000000000009
2026-06-22 12:26:47.022084000,10.0,-48.262432,4.622069210865275,-6.556051099612383,6.657197712959118,-7.462018400578485,8.021554077032548,-54.81585289136276,51.23,26,1.2199999999999989
2026-06-22 12:26:47.032084000,10.0,-48.262432,5.6149672379032545,-6.245354082661272,6.657197712959118,-7.462018400578485,8.398351308473629,-48.04245984595927,51.24,26,1.230000000000004
2026-06-22 12:26:47.042083999,10.0,-48.262432,4.943843750000959,-6.450269531249699,6.657197712959118,-7.462018400578485,8.12696548843366,-52.53144579882016,51.249999999,26,1.2399999990000055
2026-06-22 12:26:47.052083999,10.0,-48.262432,5.47966520121739,-6.269938789313514,6.657197712959118,-7.462018400578485,8.326996045343785,-48.84789538457054,51.259999999,26,1.2499999990000035
2026-06-22 12:26:47.062084000,10.0,-48.262432,4.616691943125339,-6.588054502370524,6.657197712959118,-7.462018400578485,8.04464459276623,-54.97849216434357,51.27,26,1.2600000000000051
2026-06-22 12:26:47.072084000,10.0,-48.262432,5.7719198949450865,-6.208892974392389,6.657197712959118,-7.462018400578485,8.477346945897759,-47.08880820964029,51.28,26,1.2700000000000031
2026-06-22 12:26:47.082084000,10.0,-48.262432,5.210634063260351,-6.392368856447694,6.657197712959118,-7.462018400578485,8.24700472523761,-50.81536974394966,51.29,26,1.2800000000000011
2026-06-22 12:26:47.092084000,10.0,-48.262432,5.7467277227722455,-6.173461103253627,6.657197712959118,-7.462018400578485,8.434245758398587,-47.05026825864918,51.3,26,1.2899999999999991
2026-06-22 12:26:47.102084000,10.0,-48.262432,4.751267744479594,-6.5213052050472795,6.657197712959118,-7.462018400578485,8.06857898003787,-53.92380997749347,51.31,26,1.3000000000000043
2026-06-22 12:26:47.112084000,10.0,-48.262432,5.599099999999885,-6.170563636363679,6.657197712959118,-7.462018400578485,8.332213175406187,-47.77975326189165,51.32,26,1.3100000000000023
2026-06-22 12:26:47.122084000,10.0,-48.262432,5.037505363129049,-6.51052301675961,6.657197712959118,-7.462018400578485,8.231850960465124,-52.269152704616914,51.33,26,1.3200000000000003
2026-06-22 12:26:47.132084000,10.0,-48.262432,5.7756603705048315,-6.1159415183437185,6.657197712959118,-7.462018400578485,8.412074260919269,-46.63908571031981,51.34,26,1.3300000000000054
2026-06-22 12:26:47.142084000,10.0,-48.262432,4.610460061919012,-6.60059226006212,6.657197712959118,-7.462018400578485,8.051345239532473,-55.066013660666755,51.35,26,1.3400000000000034
2026-06-22 12:26:47.152084000,10.0,-48.262432,4.447186003280554,-6.619985565882959,6.657197712959118,-7.462018400578485,7.975065657427103,-56.1075116416159,51.36,26,1.3500000000000014
2026-06-22 12:26:47.162084000,10.0,-48.262432,4.639324070971947,-6.659300636090647,6.657197712959118,-7.462018400578485,8.116009659761193,-55.136293682577886,51.37,26,1.3599999999999994
2026-06-22 12:26:47.172084000,10.0,-48.262432,5.577099612528252,-6.263246528898935,6.657197712959118,-7.462018400578485,8.386435307675564,-48.31657564772346,51.38,26,1.3700000000000045
2026-06-22 12:26:47.182084000,10.0,-48.262432,4.595730211081521,-6.612420184696686,6.657197712959118,-7.462018400578485,8.052629190024309,-55.200125841750484,51.39,26,1.3800000000000026
2026-06-22 12:26:47.192084000,10.0,-48.262432,5.579182202749609,-6.246694213627452,6.657197712959118,-7.462018400578485,8.375467906334826,-48.23063422417293,51.4,26,1.3900000000000006
2026-06-22 12:26:47.202084000,10.0,-48.262432,4.625176100627957,-6.638100628931225,6.657197712959118,-7.462018400578485,8.090527419250067,-55.132682862381465,51.41,26,1.3999999999999986
2026-06-22 12:26:47.212084000,10.0,-48.262432,5.705347311828052,-6.212564516129001,6.657197712959118,-7.462018400578485,8.434864896111186,-47.436993860209164,51.42,26,1.4100000000000037
2026-06-22 12:26:47.222084000,10.0,-48.262432,4.73830559006183,-6.609708074534285,6.657197712959118,-7.462018400578485,8.132636761553716,-54.36437269580591,51.43,26,1.4200000000000017
2026-06-22 12:26:47.232084000,10.0,-48.262432,5.5934459805423415,-6.225036183649216,6.657197712959118,-7.462018400578485,8.368853770080301,-48.0590275327658,51.44,26,1.4299999999999997
2026-06-22 12:26:47.242084000,10.0,-48.262432,4.898025641025602,-6.587827838827857,6.657197712959118,-7.462018400578485,8.209149213784555,-53.36933381496279,51.45,26,1.4400000000000048
2026-06-22 12:26:47.252084000,10.0,-48.262432,5.633137428023054,-6.22028023032629,6.657197712959118,-7.462018400578485,8.391908211293917,-47.83575020062105,51.46,26,1.4500000000000028
2026-06-22 12:26:47.262084000,10.0,-48.262432,4.723568257123593,-6.656573227303037,6.657197712959118,-7.462018400578485,8.162234020790704,-54.640122475815794,51.47,26,1.4600000000000009
2026-06-22 12:26:47.272084000,10.0,-48.262432,5.667957115830171,-6.221829304183154,6.657197712959118,-7.462018400578485,8.41646587097471,-47.66713061602519,51.48,26,1.4699999999999989
2026-06-22 12:26:47.282084000,10.0,-48.262432,4.791604288497973,-6.622031838857068,6.657197712959118,-7.462018400578485,8.173785985232845,-54.11105722201012,51.49,26,1.480000000000004
2026-06-22 12:26:47.292084000,10.0,-48.262432,5.543838547486018,-6.2683011173184395,6.657197712959118,-7.462018400578485,8.368138666272655,-48.50967051094023,51.5,26,1.490000000000002
2026-06-22 12:26:47.302084000,10.0,-48.262432,4.836597484277737,-6.609685534590572,6.657197712959118,-7.462018400578485,8.19027582509268,-53.805425232926524,51.51,26,1.5
2026-06-22 12:26:47.312084000,10.0,-48.262432,5.616525301205281,-6.286984853700407,6.657197712959118,-7.462018400578485,8.43039352638638,-48.22375136569843,51.52,26,1.5100000000000051
2026-06-22 12:26:47.322084000,10.0,-48.262432,4.701971279372699,-6.7060722367281,6.657197712959118,-7.462018400578485,8.190234352951151,-54.96373210573594,51.53,26,1.5200000000000031
2026-06-22 12:26:47.332084000,10.0,-48.262432,5.753033185840832,-6.283826327433612,6.657197712959118,-7.462018400578485,8.519616432136702,-47.52495402350243,51.54,26,1.5300000000000011
2026-06-22 12:26:47.342084000,10.0,-48.262432,4.778106695463759,-6.706542548596549,6.657197712959118,-7.462018400578485,8.234562316806613,-54.53185544464132,51.55,26,1.5399999999999991
2026-06-22 12:26:47.352084000,10.0,-48.262432,5.499519542675001,-6.276831693698447,6.657197712959118,-7.462018400578485,8.345258013463788,-48.776398464969496,51.56,26,1.5500000000000043
2026-06-22 12:26:47.362084000,10.0,-48.262432,4.776939651318473,-6.723149754135224,6.657197712959118,-7.462018400578485,8.247417477542118,-54.605403350731606,51.57,26,1.5600000000000023
2026-06-22 12:26:47.372084000,10.0,-48.262432,5.657253197442282,-6.28018764988006,6.657197712959118,-7.462018400578485,8.452530429266549,-47.98717046946803,51.58,26,1.5700000000000003
2026-06-22 12:26:47.382084000,10.0,-48.262432,4.829212648945286,-6.6858643446385635,6.657197712959118,-7.462018400578485,8.247549747873146,-54.15934617553652,51.59,26,1.5800000000000054
2026-06-22 12:26:47.392084000,10.0,-48.262432,5.552602765856411,-6.284998569384754,6.657197712959118,-7.462018400578485,8.386453630263789,-48.54039351775899,51.6,26,1.5900000000000034
2026-06-22 12:26:47.402084000,10.0,-48.262432,4.773367076632523,-6.727860927151829,6.657197712959118,-7.462018400578485,8.249190621107962,-54.644583841418275,51.61,26,1.6000000000000014
2026-06-22 12:26:47.412084000,10.0,-48.262432,5.58429528812526,-6.2687566061762405,6.657197712959118,-7.462018400578485,8.39533580343611,-48.304907633211734,51.62,26,1.6099999999999994
2026-06-22 12:26:47.422084000,10.0,-48.262432,4.849692266666015,-6.717128533334108,6.657197712959118,-7.462018400578485,8.284885685070819,-54.17113358375463,51.63,26,1.6200000000000045
2026-06-22 12:26:47.432084000,10.0,-48.262432,5.638828081298131,-6.311554913294737,6.657197712959118,-7.462018400578485,8.463575341070184,-48.22196958358874,51.64,26,1.6300000000000026
2026-06-22 12:26:47.442084000,10.0,-48.262432,4.8639511568122895,-6.733514138817553,6.657197712959118,-7.462018400578485,8.30651753224608,-54.157551438587745,51.65,26,1.6400000000000006
2026-06-22 12:26:47.452084000,10.0,-48.262432,5.637836992929518,-6.301192035727521,6.657197712959118,-7.462018400578485,8.455189355062398,-48.18019206050847,51.66,26,1.6499999999999986
2026-06-22 12:26:47.462084000,10.0,-48.262432,4.8311177927129165,-6.761969579059346,6.657197712959118,-7.462018400578485,8.310471208974334,-54.45592924987083,51.67,26,1.6600000000000037
2026-06-22 12:26:47.472084000,10.0,-48.262432,5.612120220658526,-6.288469469279016,6.657197712959118,-7.462018400578485,8.428566997845993,-48.252806450826924,51.68,26,1.6700000000000017
2026-06-22 12:26:47.482084000,10.0,-48.262432,4.877579344139213,-6.775533358461392,6.657197712959118,-7.462018400578485,8.348570689045918,-54.2505943895096,51.69,26,1.6799999999999997
2026-06-22 12:26:47.492084000,10.0,-48.262432,5.8208271014065,-6.238845647621772,6.657197712959118,-7.462018400578485,8.532597679447774,-46.98522080084628,51.7,26,1.6900000000000048
2026-06-22 12:26:47.502084000,10.0,-48.262432,4.896732905982917,-6.790024928774911,6.657197712959118,-7.462018400578485,8.371525051382253,-54.20215113743788,51.71,26,1.7000000000000028
2026-06-22 12:26:47.512084000,10.0,-48.262432,5.575916083916087,-6.2940342090342085,6.657197712959118,-7.462018400578485,8.408668550928084,-48.46210793986238,51.72,26,1.7100000000000009
2026-06-22 12:26:47.522084000,10.0,-48.262432,4.975093945719832,-6.771797494781715,6.657197712959118,-7.462018400578485,8.402904324045945,-53.69607552764531,51.73,26,1.7199999999999989
2026-06-22 12:26:47.532084000,10.0,-48.262432,5.590530695771035,-6.352994201909925,6.657197712959118,-7.462018400578485,8.462539145543689,-48.652752409426675,51.74,26,1.730000000000004
2026-06-22 12:26:47.542084000,10.0,-48.262432,5.010146522619891,-6.793382174206473,6.657197712959118,-7.462018400578485,8.441066848624434,-53.5910770127962,51.75,26,1.740000000000002
2026-06-22 12:26:47.552084000,10.0,-48.262432,5.50635134668446,-6.311556975138217,6.657197712959118,-7.462018400578485,8.375897361092102,-48.89778720292033,51.76,26,1.75
2026-06-22 12:26:47.562084000,10.0,-48.262432,4.984714285714081,-6.754250517599054,6.657197712959118,-7.462018400578485,8.394478933482954,-53.572249318475535,51.77,26,1.7600000000000051
2026-06-22 12:26:47.572084000,10.0,-48.262432,5.618860392968228,-6.285871768355665,6.657197712959118,-7.462018400578485,8.431119498849357,-48.20687776719245,51.78,26,1.7700000000000031
2026-06-22 12:26:47.582084000,10.0,-48.262432,5.085895882156004,-6.777237027117539,6.657197712959118,-7.462018400578485,8.473327483690477,-53.11404629751577,51.79,26,1.7800000000000011
2026-06-22 12:26:47.592084000,10.0,-48.262432,5.495092393770141,-6.350498109783705,6.657197712959118,-7.462018400578485,8.39790846928191,-49.130331008502445,51.8,26,1.7899999999999991
2026-06-22 12:26:47.602084000,10.0,-48.262432,5.129883714118341,-6.737277973052109,6.657197712959118,-7.462018400578485,8.467976228506414,-52.71370722557781,51.81,26,1.8000000000000043
2026-06-22 12:26:47.612084000,10.0,-48.262432,5.5660084178304015,-6.334264970346297,6.657197712959118,-7.462018400578485,8.432280973847767,-48.69376884748162,51.82,26,1.8100000000000023
2026-06-22 12:26:47.622084000,10.0,-48.262432,5.105604379562043,-6.75837956204404,6.657197712959118,-7.462018400578485,8.470117495363196,-52.930849569165204,51.83,26,1.8200000000000003
2026-06-22 12:26:47.632084000,10.0,-48.262432,5.530060510806071,-6.305623968565701,6.657197712959118,-7.462018400578485,8.387041366663633,-48.749092408976246,51.84,26,1.8300000000000054
2026-06-22 12:26:47.642084000,10.0,-48.262432,5.150515151515188,-6.726272727273188,6.657197712959118,-7.462018400578485,8.47175018090398,-52.557601805185996,51.85,26,1.8400000000000034
2026-06-22 12:26:47.652084000,10.0,-48.262432,5.51922810218963,-6.3552864963503986,6.657197712959118,-7.462018400578485,8.417335997493119,-49.02742330346842,51.86,26,1.8500000000000014
2026-06-22 12:26:47.662084000,10.0,-48.262432,5.131288710241205,-6.746586508214799,6.657197712959118,-7.462018400578485,8.476234620435822,-52.744268987389205,51.87,26,1.8599999999999994
2026-06-22 12:26:47.672084000,10.0,-48.262432,5.559888910813693,-6.333599250197113,6.657197712959118,-7.462018400578485,8.42774253063574,-48.72203347311871,51.88,26,1.8700000000000045
2026-06-22 12:26:47.682084000,10.0,-48.262432,5.139435860753451,-6.760895565093026,6.657197712959118,-7.462018400578485,8.492556141050414,-52.75896083392966,51.89,26,1.8800000000000026
2026-06-22 12:26:47.692084000,10.0,-48.262432,5.386130624912055,-6.384042178022251,6.657197712959118,-7.462018400578485,8.35262818754568,-49.846123490613934,51.9,26,1.8900000000000006
2026-06-22 12:26:47.702084000,10.0,-48.262432,5.178692015209203,-6.81960006913335,6.657197712959118,-7.462018400578485,8.563048294346771,-52.787561601052765,51.91,26,1.8999999999999986
2026-06-22 12:26:47.712084000,10.0,-48.262432,5.451185619001454,-6.368169838945745,6.657197712959118,-7.462018400578485,8.382661376345018,-49.4363070965105,51.92,26,1.9100000000000037
2026-06-22 12:26:47.722084000,10.0,-48.262432,5.1328904747129505,-6.7240881166612265,6.657197712959118,-7.462018400578485,8.459309997040164,-52.64338462564762,51.93,26,1.9200000000000017
2026-06-22 12:26:47.732084000,10.0,-48.262432,5.537031849653643,-6.336391889218634,6.657197712959118,-7.462018400578485,8.414783650090746,-48.851538513919714,51.94,26,1.9299999999999997
2026-06-22 12:26:47.742084000,10.0,-48.262432,5.140735405872237,-6.767649050087143,6.657197712959118,-7.462018400578485,8.498719561106473,-52.7795394522946,51.95,26,1.9400000000000048
2026-06-22 12:26:47.752084000,10.0,-48.262432,5.476417308092518,-6.3340490950696475,6.657197712959118,-7.462018400578485,8.373250531969523,-49.153314606946196,51.96,26,1.9500000000000028
2026-06-22 12:26:47.762084000,10.0,-48.262432,5.142480735242137,-6.760662424885185,6.657197712959118,-7.462018400578485,8.494213591356822,-52.74165851167001,51.97,26,1.9600000000000009
2026-06-22 12:26:47.772084000,10.0,-48.262432,5.716094128611468,-6.255785647716677,6.657197712959118,-7.462018400578485,8.473994698920013,-47.581142290791334,51.98,26,1.9699999999999989
2026-06-22 12:26:47.782084000,10.0,-48.262432,5.155394061243421,-6.72615620167023,6.657197712959118,-7.462018400578485,8.474624780836661,-52.53093339885511,51.99,26,1.980000000000004
2026-06-22 12:26:47.792084000,10.0,-48.262432,5.609471481240409,-6.3515092170895935,6.657197712959118,-7.462018400578485,8.473950650884364,-48.54997749234161,52.0,26,1.990000000000002
2026-06-22 12:26:47.802084000,15.0,-48.262432,5.1578108108108065,-6.659081081081065,9.985796569438678,-11.193027600867728,8.422967007208836,-52.24032216231383,52.01,27,0.0
2026-06-22 12:26:47.812084000,15.0,-48.262432,5.681731392931611,-6.274733749133729,9.985796569438678,-11.193027600867728,8.464889558874493,-47.839360456876406,52.02,27,0.010000000000005116
2026-06-22 12:26:47.822084000,15.0,-48.262432,5.095393645873689,-6.547480046493546,9.985796569438678,-11.193027600867728,8.296537311772973,-52.10915774344643,52.03,27,0.020000000000003126
2026-06-22 12:26:47.832084000,15.0,-48.262432,5.7984133016628085,-6.267410926365785,9.985796569438678,-11.193027600867728,8.53826894263875,-47.22596178108241,52.04,27,0.030000000000001137
2026-06-22 12:26:47.842084000,15.0,-48.262432,5.11740050820964,-6.502760164191117,9.985796569438678,-11.193027600867728,8.274882338403076,-51.79873299412237,52.05,27,0.03999999999999915
2026-06-22 12:26:47.852084000,15.0,-48.262432,4.65153269345877,-7.109909418117015,9.985796569438678,-11.193027600867728,8.496326755259878,-56.80599073224243,52.06,27,0.05000000000000426
2026-06-22 12:26:47.862084000,15.0,-48.262432,6.127443102352163,-7.78842784488248,9.985796569438678,-11.193027600867728,9.909852030555443,-51.8065666591698,52.07,27,0.060000000000002274
2026-06-22 12:26:47.872084000,15.0,-48.262432,6.494747223456098,-7.027066192803226,9.985796569438678,-11.193027600867728,9.56877216651273,-47.25442312696651,52.08,27,0.07000000000000028
2026-06-22 12:26:47.882084000,15.0,-48.262432,5.953932861383697,-7.19701712719811,9.985796569438678,-11.193027600867728,9.340576644246733,-50.39979914109165,52.09,27,0.0800000000000054
2026-06-22 12:26:47.892084000,15.0,-48.262432,6.813254771784285,-7.351160995850617,9.985796569438678,-11.193027600867728,10.02297403828608,-47.17481285294161,52.1,27,0.09000000000000341
2026-06-22 12:26:47.902084000,15.0,-48.262432,6.031356100949313,-7.444048969668863,9.985796569438678,-11.193027600867728,9.580768313621123,-50.98473693821675,52.11,27,0.10000000000000142
2026-06-22 12:26:47.912084000,15.0,-48.262432,6.722294413057778,-7.399815442561568,9.985796569438678,-11.193027600867728,9.997325180256992,-47.74671092617007,52.12,27,0.10999999999999943
2026-06-22 12:26:47.922084000,15.0,-48.262432,6.973942396314661,-8.772502304150114,9.985796569438678,-11.193027600867728,11.206813517830755,-51.516088687104286,52.13,27,0.12000000000000455
2026-06-22 12:26:47.932084000,15.0,-48.262432,7.741324316016206,-10.31128476278312,9.985796569438678,-11.193027600867728,12.893823933377837,-53.1021579695489,52.14,27,0.13000000000000256
2026-06-22 12:26:47.942084000,15.0,-48.262432,8.978375216138385,-10.901700864553138,9.985796569438678,-11.193027600867728,14.122970766165547,-50.52596205826216,52.15,27,0.14000000000000057
2026-06-22 12:26:47.952084000,15.0,-48.262432,9.048899199629158,-10.229799559215657,9.985796569438678,-11.193027600867728,13.657648983144137,-48.50522485981902,52.16,27,0.14999999999999858
2026-06-22 12:26:47.962084000,15.0,-48.262432,8.849739999997128,-10.26594000000108,9.985796569438678,-11.193027600867728,13.553871113123783,-49.23706165072759,52.17,27,0.1600000000000037
2026-06-22 12:26:47.972084000,15.0,-48.262432,10.547523506988664,-11.537686149936508,9.985796569438678,-11.193027600867728,15.632288822335493,-47.567065261084416,52.18,27,0.1700000000000017
2026-06-22 12:26:47.982084000,15.0,-48.262432,10.117177551020436,-11.65670544217689,9.985796569438678,-11.193027600867728,15.434897581926101,-49.0443819069052,52.19,27,0.17999999999999972
2026-06-22 12:26:47.992084000,15.0,-48.262432,10.27974412698451,-11.09371809523813,9.985796569438678,-11.193027600867728,15.12427586672785,-47.18096373064267,52.2,27,0.19000000000000483
2026-06-22 12:26:48.002084000,15.0,-48.262432,9.668053351810153,-11.690361683700093,9.985796569438678,-11.193027600867728,15.170227813357677,-50.40889014178397,52.21,27,0.20000000000000284
2026-06-22 12:26:48.012084000,15.0,-48.262432,10.535081812255566,-11.455554758800474,9.985796569438678,-11.193027600867728,15.563344230042404,-47.39685861675989,52.22,27,0.21000000000000085
2026-06-22 12:26:48.022084000,15.0,-48.262432,9.724073985680034,-11.409145584725504,9.985796569438678,-11.193027600867728,14.990871150551612,-49.55887273997079,52.23,27,0.21999999999999886
2026-06-22 12:26:48.032084000,15.0,-48.262432,10.388579470198676,-11.359003311258283,9.985796569438678,-11.193027600867728,15.393165354591954,-47.55496584779752,52.24,27,0.23000000000000398
2026-06-22 12:26:48.042083999,15.0,-48.262432,9.863960436562232,-11.483496589357413,9.985796569438678,-11.193027600867728,15.13830933135693,-49.33846398967938,52.249999999,27,0.23999999900000546
2026-06-22 12:26:48.052083999,15.0,-48.262432,10.414804362194314,-11.252633840052875,9.985796569438678,-11.193027600867728,15.332642245910677,-47.21439142732043,52.259999999,27,0.24999999900000347
2026-06-22 12:26:48.062084000,15.0,-48.262432,9.777722650231086,-11.392320107858236,9.985796569438678,-11.193027600867728,15.012954994429082,-49.36139284413232,52.27,27,0.2600000000000051
2026-06-22 12:26:48.072084000,15.0,-48.262432,10.412474320241682,-11.349745216515586,9.985796569438678,-11.193027600867728,15.402478305438736,-47.46613170280052,52.28,27,0.2700000000000031
2026-06-22 12:26:48.082084000,15.0,-48.262432,9.634220294599317,-11.437158101472557,9.985796569438678,-11.193027600867728,14.954156148808554,-49.8905076588264,52.29,27,0.28000000000000114
2026-06-22 12:26:48.092084000,15.0,-48.262432,10.37868754163879,-11.309503664223884,9.985796569438678,-11.193027600867728,15.34998463250246,-47.45751828063826,52.3,27,0.28999999999999915
2026-06-22 12:26:48.102084000,15.0,-48.262432,9.72926909518222,-11.422907168037542,9.985796569438678,-11.193027600867728,15.004715435358024,-49.57786154156662,52.31,27,0.30000000000000426
2026-06-22 12:26:48.112084000,15.0,-48.262432,10.359429884275034,-11.24031722260041,9.985796569438678,-11.193027600867728,15.286023642265441,-47.335359447924674,52.32,27,0.3100000000000023
2026-06-22 12:26:48.122084000,15.0,-48.262432,9.745309249011886,-11.383590197628466,9.985796569438678,-11.193027600867728,14.985232001754913,-49.433697529944695,52.33,27,0.3200000000000003
2026-06-22 12:26:48.132084000,15.0,-48.262432,10.27387981790651,-11.237334142640272,9.985796569438678,-11.193027600867728,15.225974029471331,-47.564476335492046,52.34,27,0.3300000000000054
2026-06-22 12:26:48.142084000,15.0,-48.262432,9.414569012796575,-11.45832723948837,9.985796569438678,-11.193027600867728,14.82994851049425,-50.59225894997984,52.35,27,0.3400000000000034
2026-06-22 12:26:48.152084000,15.0,-48.262432,10.312580059425155,-11.18913040607467,9.985796569438678,-11.193027600867728,15.216633882899266,-47.3344580579749,52.36,27,0.3500000000000014
2026-06-22 12:26:48.162084000,15.0,-48.262432,9.526510976178482,-11.341225128445027,9.985796569438678,-11.193027600867728,14.811407724903194,-49.97009063638404,52.37,27,0.35999999999999943
2026-06-22 12:26:48.172084000,15.0,-48.262432,10.15100729927023,-11.081790754257826,9.985796569438678,-11.193027600867728,15.028274535388011,-47.510071523768055,52.38,27,0.37000000000000455
2026-06-22 12:26:48.182084000,15.0,-48.262432,9.72208774113255,-11.293906658369673,9.985796569438678,-11.193027600867728,14.902057497347359,-49.27727697330215,52.39,27,0.38000000000000256
2026-06-22 12:26:48.192084000,15.0,-48.262432,10.216239413137794,-11.123745581860586,9.985796569438678,-11.193027600867728,15.103286513752991,-47.435098374647254,52.4,27,0.39000000000000057
2026-06-22 12:26:48.202084000,15.0,-48.262432,9.409701857722519,-11.41304123244317,9.985796569438678,-11.193027600867728,14.791889643472688,-50.4954668107154,52.41,27,0.3999999999999986
2026-06-22 12:26:48.212084000,15.0,-48.262432,10.211150250941031,-11.148396800501882,9.985796569438678,-11.193027600867728,15.118013780544509,-47.512499269749505,52.42,27,0.4100000000000037
2026-06-22 12:26:48.222084000,15.0,-48.262432,9.379855809612506,-11.36456416238924,9.985796569438678,-11.193027600867728,14.735501810599574,-50.46510039770121,52.43,27,0.4200000000000017
2026-06-22 12:26:48.232084000,15.0,-48.262432,10.114069930069773,-11.117898601398661,9.985796569438678,-11.193027600867728,15.030039250159126,-47.70687801295082,52.44,27,0.4299999999999997
2026-06-22 12:26:48.242084000,15.0,-48.262432,9.383576039931375,-11.35604692179769,9.985796569438678,-11.193027600867728,14.731303438163405,-50.43285419487208,52.45,27,0.44000000000000483
2026-06-22 12:26:48.252084000,15.0,-48.262432,10.07191219799638,-11.092879198585818,9.985796569438678,-11.193027600867728,14.983170033025928,-47.76174653253861,52.46,27,0.45000000000000284
2026-06-22 12:26:48.262084000,15.0,-48.262432,9.385109937273427,-11.371499834928901,9.985796569438678,-11.193027600867728,14.74419536734699,-50.466509890953915,52.47,27,0.46000000000000085
2026-06-22 12:26:48.272084000,15.0,-48.262432,10.061774774775245,-11.106819819818748,9.985796569438678,-11.193027600867728,14.986686028879832,-47.826266902016016,52.48,27,0.46999999999999886
2026-06-22 12:26:48.282084000,15.0,-48.262432,9.406243817485592,-11.340019505398706,9.985796569438678,-11.193027600867728,14.733413220866678,-50.325198478834565,52.49,27,0.480000000000004
2026-06-22 12:26:48.292084000,15.0,-48.262432,10.061789473684131,-11.137147368421077,9.985796569438678,-11.193027600867728,15.009185817980578,-47.903952319990815,52.5,27,0.490000000000002
2026-06-22 12:26:48.302084000,15.0,-48.262432,9.32616468163214,-11.35387219422777,9.985796569438678,-11.193027600867728,14.69311952826156,-50.6000333922248,52.51,27,0.5
2026-06-22 12:26:48.312084000,15.0,-48.262432,9.963484110484176,-11.082067122067032,9.985796569438678,-11.193027600867728,14.902457089952305,-48.04244045913773,52.52,27,0.5100000000000051
2026-06-22 12:26:48.322084000,15.0,-48.262432,9.770619187620783,-11.185580580270816,9.985796569438678,-11.193027600867728,14.85201037662023,-48.86274481766659,52.53,27,0.5200000000000031
2026-06-22 12:26:48.332084000,15.0,-48.262432,10.047023239269585,-11.106941427555167,9.985796569438678,-11.193027600867728,14.976876304675962,-47.86840297614756,52.54,27,0.5300000000000011
2026-06-22 12:26:48.342084000,15.0,-48.262432,9.4048977966543,-11.34105707459543,9.985796569438678,-11.193027600867728,14.733352576204235,-50.331803379332726,52.55,27,0.5399999999999991
2026-06-22 12:26:48.352084000,15.0,-48.262432,8.885995294117679,-11.481176470588224,9.985796569438678,-11.193027600867728,14.518206690768325,-52.261487403624805,52.56,27,0.5500000000000043
2026-06-22 12:26:48.362084000,15.0,-48.262432,9.593826254826189,-11.295010617760552,9.985796569438678,-11.193027600867728,14.819540042225194,-49.65588621875562,52.57,27,0.5600000000000023
2026-06-22 12:26:48.372084000,15.0,-48.262432,9.74177036599715,-11.171305785124076,9.985796569438678,-11.193027600867728,14.822286018309285,-48.910430561977414,52.58,27,0.5700000000000003
2026-06-22 12:26:48.382084000,15.0,-48.262432,9.514577590480894,-11.248394893406227,9.985796569438678,-11.193027600867728,14.732738184169584,-49.77342397927067,52.59,27,0.5800000000000054
2026-06-22 12:26:48.392084000,15.0,-48.262432,10.145274875326557,-11.073371052006637,9.985796569438678,-11.193027600867728,15.018193924415508,-47.50450107033,52.6,27,0.5900000000000034
2026-06-22 12:26:48.402084000,15.0,-48.262432,9.506600289121785,-11.315287495482492,9.985796569438678,-11.193027600867728,14.778740817896255,-49.96451963648899,52.61,27,0.6000000000000014
2026-06-22 12:26:48.412084000,15.0,-48.262432,10.149764030241592,-11.084729717941133,9.985796569438678,-11.193027600867728,15.029602216605513,-47.521134270256454,52.62,27,0.6099999999999994
2026-06-22 12:26:48.422084000,15.0,-48.262432,9.526441614290546,-11.371849818061895,9.985796569438678,-11.193027600867728,14.834825853883187,-50.04637209176266,52.63,27,0.6200000000000045
2026-06-22 12:26:48.432084000,15.0,-48.262432,9.586661352487917,-11.232747897687402,9.985796569438678,-11.193027600867728,14.767487979351335,-49.52068631334457,52.64,27,0.6300000000000026
2026-06-22 12:26:48.442084000,15.0,-48.262432,9.572009048361847,-11.407365366614355,9.985796569438678,-11.193027600867728,14.891317665987579,-49.99972595820068,52.65,27,0.6400000000000006
2026-06-22 12:26:48.452084000,15.0,-48.262432,10.06904880213094,-11.059940254362228,9.985796569438678,-11.193027600867728,14.956872073055802,-47.685047113610736,52.66,27,0.6499999999999986
2026-06-22 12:26:48.462084000,15.0,-48.262432,9.478344904316865,-11.419326657765964,9.985796569438678,-11.193027600867728,14.840486630901086,-50.30642438640128,52.67,27,0.6600000000000037
2026-06-22 12:26:48.472084000,15.0,-48.262432,9.997492113565183,-11.075577287066094,9.985796569438678,-11.193027600867728,14.920397474684526,-47.9286633136958,52.68,27,0.6700000000000017
2026-06-22 12:26:48.482084000,15.0,-48.262432,9.841340528470385,-11.093267584666918,9.985796569438678,-11.193027600867728,14.829449386350646,-48.42231441845347,52.69,27,0.6799999999999997
2026-06-22 12:26:48.492084000,15.0,-48.262432,10.123604503647453,-11.044385981604766,9.985796569438678,-11.193027600867728,14.982183747936709,-47.49072559719936,52.7,27,0.6900000000000048
2026-06-22 12:26:48.502084000,15.0,-48.262432,9.58286489252814,-11.207902763561929,9.985796569438678,-11.193027600867728,14.746131150437645,-49.469238444945475,52.71,27,0.7000000000000028
2026-06-22 12:26:48.512084000,15.0,-48.262432,10.094023352527087,-11.051712731925804,9.985796569438678,-11.193027600867728,14.96762044382383,-47.593151085667614,52.72,27,0.7100000000000009
2026-06-22 12:26:48.522084000,15.0,-48.262432,9.510386500754146,-11.319712104072801,9.985796569438678,-11.193027600867728,14.784564028500096,-49.96431533896632,52.73,27,0.7199999999999989
2026-06-22 12:26:48.532084000,15.0,-48.262432,9.536100183262558,-11.187502138057326,9.985796569438678,-11.193027600867728,14.700252065670758,-49.55610198813471,52.74,27,0.730000000000004
2026-06-22 12:26:48.542084000,15.0,-48.262432,9.4214416491964,-11.292415094340072,9.985796569438678,-11.193027600867728,14.706536009954624,-50.16121998690988,52.75,27,0.740000000000002
2026-06-22 12:26:48.552084000,15.0,-48.262432,9.91942062598469,-11.101300833145773,9.985796569438678,-11.193027600867728,14.887370007600857,-48.21804023621273,52.76,27,0.75
2026-06-22 12:26:48.562084000,15.0,-48.262432,9.46564390555189,-11.356849393746483,9.985796569438678,-11.193027600867728,14.784330985842798,-50.18965722593616,52.77,27,0.7600000000000051
2026-06-22 12:26:48.572084000,15.0,-48.262432,9.686906913516426,-11.14221879854996,9.985796569438678,-11.193027600867728,14.76432204017145,-48.99670837966513,52.78,27,0.7700000000000031
2026-06-22 12:26:48.582084000,15.0,-48.262432,9.320407349081467,-11.327486089238647,9.985796569438678,-11.193027600867728,14.669080893317988,-50.55199422100945,52.79,27,0.7800000000000011
2026-06-22 12:26:48.592084000,15.0,-48.262432,9.92189583333416,-11.099145833333159,9.985796569438678,-11.193027600867728,14.887412641460926,-48.20541065780102,52.8,27,0.7899999999999991
2026-06-22 12:26:48.602084000,15.0,-48.262432,9.793120972432265,-11.071751308596022,9.985796569438678,-11.193027600867728,14.781369876303428,-48.506784964023716,52.81,27,0.8000000000000043
2026-06-22 12:26:48.612084000,15.0,-48.262432,9.899090135055673,-11.05505020551969,9.985796569438678,-11.193027600867728,14.839343669735447,-48.15758923548969,52.82,27,0.8100000000000023
2026-06-22 12:26:48.622084000,15.0,-48.262432,9.327804620997554,-11.221329550060373,9.985796569438678,-11.193027600867728,14.591990128785088,-50.264722003428794,52.83,27,0.8200000000000003
2026-06-22 12:26:48.632084000,15.0,-48.262432,9.87741185647476,-11.050294851793993,9.985796569438678,-11.193027600867728,14.82134546166484,-48.20775798924742,52.84,27,0.8300000000000054
2026-06-22 12:26:48.642084000,15.0,-48.262432,9.516582335623337,-11.162888910696665,9.985796569438678,-11.193027600867728,14.668859130254564,-49.551755504164795,52.85,27,0.8400000000000034
2026-06-22 12:26:48.652084000,15.0,-48.262432,9.984339854015056,-11.019247883211628,9.985796569438678,-11.193027600867728,14.86979711469317,-47.82084880986165,52.86,27,0.8500000000000014
2026-06-22 12:26:48.662084000,15.0,-48.262432,9.640657041838292,-11.161362698880412,9.985796569438678,-11.193027600867728,14.748501127040173,-49.181098792797535,52.87,27,0.8599999999999994
2026-06-22 12:26:48.672084000,15.0,-48.262432,9.873027489481741,-11.029456661991482,9.985796569438678,-11.193027600867728,14.802891138788072,-48.16665865183813,52.88,27,0.8700000000000045
2026-06-22 12:26:48.682084000,15.0,-48.262432,9.401670956157442,-11.156313930869352,9.985796569438678,-11.193027600867728,14.58954273758996,-49.878424478337884,52.89,27,0.8800000000000026
2026-06-22 12:26:48.692084000,15.0,-48.262432,9.79178999999984,-11.014526153846203,9.985796569438678,-11.193027600867728,14.737670704621506,-48.363264133899335,52.9,27,0.8900000000000006
2026-06-22 12:26:48.702084000,15.0,-48.262432,9.465113089004193,-11.171194554974234,9.985796569438678,-11.193027600867728,14.641856220190268,-49.72611038897807,52.91,27,0.8999999999999986
2026-06-22 12:26:48.712084000,15.0,-48.262432,9.883949739642409,-11.023031922119038,9.985796569438678,-11.193027600867728,14.80539412551495,-48.11858208464609,52.92,27,0.9100000000000037
2026-06-22 12:26:48.722084000,15.0,-48.262432,9.474336652542355,-11.16615995762712,9.985796569438678,-11.193027600867728,14.643981125534912,-49.6858428189505,52.93,27,0.9200000000000017
2026-06-22 12:26:48.732084000,15.0,-48.262432,9.940685292566606,-10.952610437533076,9.985796569438678,-11.193027600867728,14.791108798268253,-47.772840127317494,52.94,27,0.9299999999999997
2026-06-22 12:26:48.742084000,15.0,-48.262432,9.44934129922508,-11.20680175025269,9.985796569438678,-11.193027600867728,14.658869549140121,-49.86311226028392,52.95,27,0.9400000000000048
2026-06-22 12:26:48.752084000,15.0,-48.262432,9.861334470989892,-10.966034888130418,9.985796569438678,-11.193027600867728,14.747875735726383,-48.036169101806045,52.96,27,0.9500000000000028
2026-06-22 12:26:48.762084000,15.0,-48.262432,9.373598997494055,-11.172454302422612,9.985796569438678,-11.193027600867728,14.583829857261195,-50.003621381177574,52.97,27,0.9600000000000009
2026-06-22 12:26:48.772084000,15.0,-48.262432,9.86273939393976,-10.979263636363376,9.985796569438678,-11.193027600867728,14.758653676726151,-48.06645360961378,52.98,27,0.9699999999999989
2026-06-22 12:26:48.782084000,15.0,-48.262432,9.451532029511606,-11.132249209509295,9.985796569438678,-11.193027600867728,14.603370507095413,-49.66798793907238,52.99,27,0.980000000000004
2026-06-22 12:26:48.792084000,15.0,-48.262432,9.74590499194832,-11.017872249060757,9.985796569438678,-11.193027600867728,14.709730555272122,-48.50549887103576,53.0,27,0.990000000000002
2026-06-22 12:26:48.802084000,15.0,-48.262432,9.471741385311494,-11.171774799860703,9.985796569438678,-11.193027600867728,14.646584484070857,-49.707794739063345,53.01,27,1.0
2026-06-22 12:26:48.812084000,15.0,-48.262432,9.971788175553263,-11.013673558215327,9.985796569438678,-11.193027600867728,14.85723946986907,-47.84228481651928,53.02,27,1.0100000000000051
2026-06-22 12:26:48.822084000,15.0,-48.262432,9.455989271345445,-11.16850335270455,9.985796569438678,-11.193027600867728,14.633905843593942,-49.74655372360189,53.03,27,1.0200000000000031
2026-06-22 12:26:48.832084000,15.0,-48.262432,9.911470044145481,-10.97100966996006,9.985796569438678,-11.193027600867728,14.785137524363796,-47.904594463727825,53.04,27,1.0300000000000011
2026-06-22 12:26:48.842084000,15.0,-48.262432,9.433244800545085,-11.121151039890984,9.985796569438678,-11.193027600867728,14.583076078766071,-49.694537906870636,53.05,27,1.0399999999999991
2026-06-22 12:26:48.852084000,15.0,-48.262432,9.96205390931831,-10.957549803641585,9.985796569438678,-11.193027600867728,14.809132850759696,-47.72446450292689,53.06,27,1.0500000000000043
2026-06-22 12:26:48.862084000,15.0,-48.262432,9.413944578313291,-11.197676305220854,9.985796569438678,-11.193027600867728,14.629091125564116,-49.946059710994376,53.07,27,1.0600000000000023
2026-06-22 12:26:48.872084000,15.0,-48.262432,9.976939834024746,-11.003810071671097,9.985796569438678,-11.193027600867728,14.853388991915615,-47.80201704645943,53.08,27,1.0700000000000003
2026-06-22 12:26:48.882084000,15.0,-48.262432,9.422142169566785,-11.223250277675103,9.985796569438678,-11.193027600867728,14.653945197756915,-49.98587176191556,53.09,27,1.0800000000000054
2026-06-22 12:26:48.892084000,15.0,-48.262432,9.503043333333924,-11.11264111111092,9.985796569438678,-11.193027600867728,14.621854364600097,-49.46438958088531,53.1,27,1.0900000000000034
2026-06-22 12:26:48.902084000,15.0,-48.262432,9.426465934065924,-11.26832307692301,9.985796569438678,-11.193027600867728,14.691268324144822,-50.0859815558575,53.11,27,1.1000000000000014
2026-06-22 12:26:48.912084000,15.0,-48.262432,9.413340540543032,-11.143864864864218,9.985796569438678,-11.193027600867728,14.587553059323767,-49.81186613156188,53.12,27,1.1099999999999994
2026-06-22 12:26:48.922084000,15.0,-48.262432,9.44381267123289,-11.348715410959013,9.985796569438678,-11.193027600867728,14.764109835959548,-50.23452753882273,53.13,27,1.1200000000000045
2026-06-22 12:26:48.932084000,15.0,-48.262432,10.070286043829238,-10.99506228373703,9.985796569438678,-11.193027600867728,14.90979730337735,-47.51369097897767,53.14,27,1.1300000000000026
2026-06-22 12:26:48.942084000,15.0,-48.262432,9.456136436597196,-11.326505617977311,9.985796569438678,-11.193027600867728,14.754939709182572,-50.142576944049225,53.15,27,1.1400000000000006
2026-06-22 12:26:48.952084000,15.0,-48.262432,9.14160938858317,-11.232299913068632,9.985796569438678,-11.193027600867728,14.482181588094852,-50.858960148626686,53.16,27,1.1499999999999986
2026-06-22 12:26:48.962084000,15.0,-48.262432,9.464555768310193,-11.3867204404023,9.985796569438678,-11.193027600867728,14.806593743306706,-50.26689765972486,53.17,27,1.1600000000000037
2026-06-22 12:26:48.972084000,15.0,-48.262432,9.183072809667987,-11.209695468277856,9.985796569438678,-11.193027600867728,14.49089709849575,-50.67538967842401,53.18,27,1.1700000000000017
2026-06-22 12:26:48.982084000,15.0,-48.262432,9.40866995073909,-11.285642036123978,9.985796569438678,-11.193027600867728,14.693154406371331,-50.18254132958026,53.19,27,1.1799999999999997
2026-06-22 12:26:48.992084000,15.0,-48.262432,8.500674778765102,-11.42073008849396,9.985796569438678,-11.193027600867728,14.23708353029385,-53.338962274603446,53.2,27,1.1900000000000048
2026-06-22 12:26:49.002084000,15.0,-48.262432,9.391943785850803,-11.272564053537627,9.985796569438678,-11.193027600867728,14.672399545326257,-50.200007511467135,53.21,27,1.2000000000000028
2026-06-22 12:26:49.012084000,15.0,-48.262432,8.877868716447198,-11.333148853099015,9.985796569438678,-11.193027600867728,14.396416771994737,-51.92648045259273,53.22,27,1.2100000000000009
2026-06-22 12:26:49.022084000,15.0,-48.262432,9.407564841498456,-11.230524495677983,9.985796569438678,-11.193027600867728,14.650152104842498,-50.047827702565186,53.23,27,1.2199999999999989
2026-06-22 12:26:49.032084000,15.0,-48.262432,9.933799402193394,-11.052014945200723,9.985796569438678,-11.193027600867728,14.860262612482929,-48.050084110099014,53.24,27,1.230000000000004
2026-06-22 12:26:49.042083999,15.0,-48.262432,9.806175974710532,-11.028769230769143,9.985796569438678,-11.193027600867728,14.757873762590268,-48.358261681255705,53.249999999,27,1.2399999990000055
2026-06-22 12:26:49.052083999,15.0,-48.262432,9.888529508873225,-11.070225340487008,9.985796569438678,-11.193027600867728,14.84361495515891,-48.22703216466231,53.259999999,27,1.2499999990000035
2026-06-22 12:26:49.062084000,15.0,-48.262432,9.329524064171137,-11.190904869124818,9.985796569438678,-11.193027600867728,14.569707308444801,-50.183039523423425,53.27,27,1.2600000000000051
2026-06-22 12:26:49.072084000,15.0,-48.262432,9.67079157029084,-11.063931637111171,9.985796569438678,-11.193027600867728,14.694719897523662,-48.84385442755083,53.28,27,1.2700000000000031
2026-06-22 12:26:49.082084000,15.0,-48.262432,9.339008869179622,-11.307767184035447,9.985796569438678,-11.193027600867728,14.665697574509185,-50.4469286053037,53.29,27,1.2800000000000011
2026-06-22 12:26:49.092084000,15.0,-48.262432,9.131185825545563,-11.18134672897177,9.985796569438678,-11.193027600867728,14.436102980172034,-50.76339321325644,53.3,27,1.2899999999999991
2026-06-22 12:26:49.102084000,15.0,-48.262432,9.310613874942756,-11.250109995436349,9.985796569438678,-11.193027600867728,14.603167657658847,-50.38877367698823,53.31,27,1.3000000000000043
2026-06-22 12:26:49.112084000,15.0,-48.262432,9.058363316386457,-11.171667579194336,9.985796569438678,-11.193027600867728,14.382631973031838,-50.96369968824577,53.32,27,1.3100000000000023
2026-06-22 12:26:49.122084000,15.0,-48.262432,9.312633200795432,-11.28200994035753,9.985796569438678,-11.193027600867728,14.629042532814083,-50.462338540922545,53.33,27,1.3200000000000003
2026-06-22 12:26:49.132084000,15.0,-48.262432,9.561670188960912,-11.107284311287902,9.985796569438678,-11.193027600867728,14.655964709777592,-49.27659017847303,53.34,27,1.3300000000000054
2026-06-22 12:26:49.142084000,15.0,-48.262432,9.48599371069213,-11.092880503144665,9.985796569438678,-11.193027600867728,14.595755360252435,-49.46484072199285,53.35,27,1.3400000000000034
2026-06-22 12:26:49.152084000,15.0,-48.262432,9.912190364277302,-11.018799059929497,9.985796569438678,-11.193027600867728,14.821115023532304,-48.026375408122625,53.36,27,1.3500000000000014
2026-06-22 12:26:49.162084000,15.0,-48.262432,9.781721108949199,-11.128318871595374,9.985796569438678,-11.193027600867728,14.816259607646192,-48.684735767347796,53.37,27,1.3599999999999994
2026-06-22 12:26:49.172084000,15.0,-48.262432,9.796534801763139,-11.003511013215633,9.985796569438678,-11.193027600867728,14.73259477281969,-48.32101096242179,53.38,27,1.3700000000000045
2026-06-22 12:26:49.182084000,15.0,-48.262432,9.403965517241605,-11.148172413792974,9.985796569438678,-11.193027600867728,14.584797414332632,-49.85092098006121,53.39,27,1.3800000000000026
2026-06-22 12:26:49.192084000,15.0,-48.262432,9.972167224080058,-10.981866220735839,9.985796569438678,-11.193027600867728,14.833930862558159,-47.758742266339304,53.4,27,1.3900000000000006
2026-06-22 12:26:49.202084000,15.0,-48.262432,9.346542840875799,-11.229161400512995,9.985796569438678,-11.193027600867728,14.609994142199291,-50.22784498596187,53.41,27,1.3999999999999986
2026-06-22 12:26:49.212084000,15.0,-48.262432,9.856138856923836,-10.957076332949727,9.985796569438678,-11.193027600867728,14.737740496190415,-48.02790016982821,53.42,27,1.4100000000000037
2026-06-22 12:26:49.222084000,15.0,-48.262432,9.38428327187425,-11.165417365068569,9.985796569438678,-11.193027600867728,14.585311702632673,-49.953700361946034,53.43,27,1.4200000000000017
2026-06-22 12:26:49.232084000,15.0,-48.262432,9.822927321668649,-10.93479407806195,9.985796569438678,-11.193027600867728,14.698966722065979,-48.0660615537417,53.44,27,1.4299999999999997
2026-06-22 12:26:49.242084000,15.0,-48.262432,9.349439856372458,-11.164443447038044,9.985796569438678,-11.193027600867728,14.56217096143417,-50.05618347807168,53.45,27,1.4400000000000048
2026-06-22 12:26:49.252084000,15.0,-48.262432,9.774038638454531,-10.921639374424998,9.985796569438678,-11.193027600867728,14.656535672900079,-48.17387088261202,53.46,27,1.4500000000000028
2026-06-22 12:26:49.262084000,15.0,-48.262432,9.388834173926666,-11.162882164144785,9.985796569438678,-11.193027600867728,14.586299919995989,-49.93360839156286,53.47,27,1.4600000000000009
2026-06-22 12:26:49.272084000,15.0,-48.262432,9.761061761728579,-10.94631960850476,9.985796569438678,-11.193027600867728,14.666296045280678,-48.275945572505904,53.48,27,1.4699999999999989
2026-06-22 12:26:49.282084000,15.0,-48.262432,9.341047529940104,-11.158326721556891,9.985796569438678,-11.193027600867728,14.552093463883837,-50.06605434891167,53.49,27,1.480000000000004
2026-06-22 12:26:49.292084000,15.0,-48.262432,9.678877166254011,-10.961779089697217,9.985796569438678,-11.193027600867728,14.623312347438812,-48.55659386720141,53.5,27,1.490000000000002
2026-06-22 12:26:49.302084000,15.0,-48.262432,9.270839810146047,-11.182171759121662,9.985796569438678,-11.193027600867728,14.525475415141731,-50.338780086418495,53.51,27,1.5
2026-06-22 12:26:49.312084000,15.0,-48.262432,9.729072850035731,-10.937009594882579,9.985796569438678,-11.193027600867728,14.638068089739711,-48.34514401374376,53.52,27,1.5100000000000051
2026-06-22 12:26:49.322084000,15.0,-48.262432,9.234049067431727,-11.1694766140603,9.985796569438678,-11.193027600867728,14.492234817714511,-50.418721072551534,53.53,27,1.5200000000000031
2026-06-22 12:26:49.332084000,15.0,-48.262432,9.775968457539044,-10.932495320623866,9.985796569438678,-11.193027600867728,14.66591331006225,-48.19653571907115,53.54,27,1.5300000000000011
2026-06-22 12:26:49.342084000,15.0,-48.262432,9.361807451561935,-11.16602921013499,9.985796569438678,-11.193027600867728,14.571329626417365,-50.022903048054836,53.55,27,1.5399999999999991
2026-06-22 12:26:49.352084000,15.0,-48.262432,9.76840663900421,-10.945342323651417,9.985796569438678,-11.193027600867728,14.670456258987194,-48.251995587787356,53.56,27,1.5500000000000043
2026-06-22 12:26:49.362084000,15.0,-48.262432,9.42929906229075,-11.133630944407244,9.985796569438678,-11.193027600867728,14.590045195693527,-49.738056761305174,53.57,27,1.5600000000000023
2026-06-22 12:26:49.372084000,15.0,-48.262432,9.824722545330056,-10.941396168320225,9.985796569438678,-11.193027600867728,14.705078143445862,-48.07804862238546,53.58,27,1.5700000000000003
2026-06-22 12:26:49.382084000,15.0,-48.262432,9.408707349785416,-11.122554184549402,9.985796569438678,-11.193027600867728,14.568286981733424,-49.771701904903445,53.59,27,1.5800000000000054
2026-06-22 12:26:49.392084000,15.0,-48.262432,9.826256377551054,-10.911827487244917,9.985796569438678,-11.193027600867728,14.684117049000818,-47.99651234517345,53.6,27,1.5900000000000034
2026-06-22 12:26:49.402084000,15.0,-48.262432,9.407206634416038,-11.127670352453354,9.985796569438678,-11.193027600867728,14.57122452422824,-49.78919968006458,53.61,27,1.6000000000000014
2026-06-22 12:26:49.412084000,15.0,-48.262432,9.831956446595347,-10.952316972001348,9.985796569438678,-11.193027600867728,14.718037050603474,-48.08549945672518,53.62,27,1.6099999999999994
2026-06-22 12:26:49.422084000,15.0,-48.262432,9.36965648854951,-11.166447328244352,9.985796569438678,-11.193027600867728,14.576694023264444,-50.0003172022009,53.63,27,1.6200000000000045
2026-06-22 12:26:49.432084000,15.0,-48.262432,9.879997054491918,-10.957561119293077,9.985796569438678,-11.193027600867728,14.754066811554445,-47.96027614827741,53.64,27,1.6300000000000026
2026-06-22 12:26:49.442084000,15.0,-48.262432,9.416565730142185,-11.21921921609425,9.985796569438678,-11.193027600867728,14.6472724412727,-49.99243966235643,53.65,27,1.6400000000000006
2026-06-22 12:26:49.452084000,15.0,-48.262432,9.801858851674687,-10.935781100478476,9.985796569438678,-11.193027600867728,14.685630569564783,-48.12978363426155,53.66,27,1.6499999999999986
2026-06-22 12:26:49.462084000,15.0,-48.262432,9.392013217678672,-11.221302354399185,9.985796569438678,-11.193027600867728,14.633097375808566,-50.07131907658891,53.67,27,1.6600000000000037
2026-06-22 12:26:49.472084000,15.0,-48.262432,9.919866845098683,-10.912112412177978,9.985796569438678,-11.193027600867728,14.747133806963873,-47.72698757784681,53.68,27,1.6700000000000017
2026-06-22 12:26:49.482084000,15.0,-48.262432,9.425228081527045,-11.224625040439877,9.985796569438678,-11.193027600867728,14.656982352697156,-49.980088167259694,53.69,27,1.6799999999999997
2026-06-22 12:26:49.492084000,15.0,-48.262432,9.230045923817906,-11.15052545389768,9.985796569438678,-11.193027600867728,14.47508085137377,-50.38313715195836,53.7,27,1.6900000000000048
2026-06-22 12:26:49.502084000,15.0,-48.262432,9.44149999999998,-11.232406250000194,9.985796569438678,-11.193027600867728,14.67340698048831,-49.950968048231985,53.71,27,1.7000000000000028
2026-06-22 12:26:49.512084000,15.0,-48.262432,9.857728076138494,-10.94681327894856,9.985796569438678,-11.193027600867728,14.73117523442219,-47.99660918615635,53.72,27,1.7100000000000009
2026-06-22 12:26:49.522084000,15.0,-48.262432,9.423092792403981,-11.270407854985107,9.985796569438678,-11.193027600867728,14.690703556738386,-50.10128920468814,53.73,27,1.7199999999999989
2026-06-22 12:26:49.532084000,15.0,-48.262432,9.817445273632613,-10.901684079602012,9.985796569438678,-11.193027600867728,14.670683265349957,-47.995574425498326,53.74,27,1.730000000000004
2026-06-22 12:26:49.542084000,15.0,-48.262432,9.381005608709994,-11.25119795447082,9.985796569438678,-11.193027600867728,14.648983638510105,-50.17938342096011,53.75,27,1.740000000000002
2026-06-22 12:26:49.552084000,15.0,-48.262432,9.929436283741124,-10.910038292529801,9.985796569438678,-11.193027600867728,14.752038518704502,-47.694067162883655,53.76,27,1.75
2026-06-22 12:26:49.562084000,15.0,-48.262432,9.454019892884384,-11.12327697016071,9.985796569438678,-11.193027600867728,14.598143124725189,-49.637752758005966,53.77,27,1.7600000000000051
2026-06-22 12:26:49.572084000,15.0,-48.262432,9.977525679758442,-10.93203625377643,9.985796569438678,-11.193027600867728,14.800690367145762,-47.613707850674786,53.78,27,1.7700000000000031
2026-06-22 12:26:49.582084000,15.0,-48.262432,9.42337639344265,-11.279996721311141,9.985796569438678,-11.193027600867728,14.698243047564642,-50.12441699955793,53.79,27,1.7800000000000011
2026-06-22 12:26:49.592084000,15.0,-48.262432,8.30071681047837,-11.390623557542314,9.985796569438678,-11.193027600867728,14.094261406593684,-53.91796281730347,53.8,27,1.7899999999999991
2026-06-22 12:26:49.602084000,15.0,-48.262432,9.39337632978729,-11.320059840426184,9.985796569438678,-11.193027600867728,14.709835949589575,-50.31414045198044,53.81,27,1.8000000000000043
2026-06-22 12:26:49.612084000,15.0,-48.262432,9.932262605041993,-10.936689075630252,9.985796569438678,-11.193027600867728,14.77365927563397,-47.75552994386117,53.82,27,1.8100000000000023
2026-06-22 12:26:49.622084000,15.0,-48.262432,9.4037394587791,-11.298558212712534,9.985796569438678,-11.193027600867728,14.69992290777924,-50.22953911542393,53.83,27,1.8200000000000003
2026-06-22 12:26:49.632084000,15.0,-48.262432,9.650091370559409,-11.031955210510208,9.985796569438678,-11.193027600867728,14.657022181427186,-48.82251643091586,53.84,27,1.8300000000000054
2026-06-22 12:26:49.642084000,15.0,-48.262432,9.40225781512605,-11.318801344537798,9.985796569438678,-11.193027600867728,14.714540968008807,-50.28439766537893,53.85,27,1.8400000000000034
2026-06-22 12:26:49.652084000,15.0,-48.262432,9.762318291214797,-11.01567448856809,9.985796569438678,-11.193027600867728,14.718965413950697,-48.45197492573254,53.86,27,1.8500000000000014
2026-06-22 12:26:49.662084000,15.0,-48.262432,9.392770012706368,-11.288731893266243,9.985796569438678,-11.193027600867728,14.685353120359158,-50.2379088743365,53.87,27,1.8599999999999994
2026-06-22 12:26:49.672084000,15.0,-48.262432,9.25405987489201,-11.095711349418673,9.985796569438678,-11.193027600867728,14.448267526513504,-50.17117311452064,53.88,27,1.8700000000000045
2026-06-22 12:26:49.682084000,15.0,-48.262432,9.369672754379422,-11.31352254938521,9.985796569438678,-11.193027600867728,14.68967528571029,-50.36900632889293,53.89,27,1.8800000000000026
2026-06-22 12:26:49.692084000,15.0,-48.262432,9.708800656275502,-10.985095980311742,9.985796569438678,-11.193027600867728,14.66059834658725,-48.5292448036327,53.9,27,1.8900000000000006
2026-06-22 12:26:49.702084000,15.0,-48.262432,9.37749036777575,-11.219689141856747,9.985796569438678,-11.193027600867728,14.622542529862073,-50.110899370159856,53.91,27,1.8999999999999986
2026-06-22 12:26:49.712084000,15.0,-48.262432,9.812458483755064,-11.01462815884472,9.985796569438678,-11.193027600867728,14.751487212245136,-48.30352995920718,53.92,27,1.9100000000000037
2026-06-22 12:26:49.722084000,15.0,-48.262432,9.379572695597163,-11.225513778903917,9.985796569438678,-11.193027600867728,14.628347259767711,-50.11927191392652,53.93,27,1.9200000000000017
2026-06-22 12:26:49.732084000,15.0,-48.262432,9.844518779341112,-10.989680281690205,9.985796569438678,-11.193027600867728,14.75424083748704,-48.14612352651694,53.94,27,1.9299999999999997
2026-06-22 12:26:49.742084000,15.0,-48.262432,9.348404204204106,-11.200632432432528,9.985796569438678,-11.193027600867728,14.589270991096177,-50.15055012011658,53.95,27,1.9400000000000048
2026-06-22 12:26:49.752084000,15.0,-48.262432,9.670419406576102,-10.994821170809905,9.985796569438678,-11.193027600867728,14.642510169952875,-48.66697861769944,53.96,27,1.9500000000000028
2026-06-22 12:26:49.762084000,15.0,-48.262432,9.333856255821367,-11.219562868674165,9.985796569438678,-11.193027600867728,14.594501141473378,-50.242018514850976,53.97,27,1.9600000000000009
2026-06-22 12:26:49.772084000,15.0,-48.262432,9.72842962659097,-11.0015449322937,9.985796569438678,-11.193027600867728,14.685922984164465,-48.51436190420635,53.98,27,1.9699999999999989
2026-06-22 12:26:49.782084000,15.0,-48.262432,9.33866583229045,-11.160732165206461,9.985796569438678,-11.193027600867728,14.55240949089405,-50.07932395683,53.99,27,1.980000000000004
2026-06-22 12:26:49.792084000,15.0,-48.262432,9.642475333720087,-11.009242019733065,9.985796569438678,-11.193027600867728,14.634915114562725,-48.78641290343773,54.0,27,1.990000000000002
