timestamp,Fx,Fy
2026-06-15 16:51:45.860114,0.247000,0.226000
2026-06-15 16:51:45.864162,0.255000,0.035000
2026-06-15 16:51:45.864466,0.032000,-0.012000
2026-06-15 16:51:45.873687,0.017000,-0.072000
2026-06-15 16:51:45.874549,-0.618000,-0.417000
2026-06-15 16:51:45.875235,-0.153000,-0.014000
2026-06-15 16:51:45.887513,0.188000,0.245000
2026-06-15 16:51:45.910449,0.234000,0.182000
2026-06-15 16:51:45.920761,0.253000,0.064000
2026-06-15 16:51:45.932928,0.026000,-0.009000
2026-06-15 16:51:45.933292,-0.023000,-0.015000
2026-06-15 16:51:45.933457,-0.641000,-0.417000
2026-06-15 16:51:45.933621,-0.158000,-0.018000
2026-06-15 16:51:45.934054,0.235000,0.244000
2026-06-15 16:51:45.936730,0.252000,0.225000
2026-06-15 16:51:45.936955,0.262000,0.058000
2026-06-15 16:51:45.937078,0.014000,-0.008000
2026-06-15 16:51:45.937227,0.012000,-0.035000
2026-06-15 16:51:45.937941,-0.655000,-0.427000
2026-06-15 16:51:45.967511,-0.226000,-0.091000
2026-06-15 16:51:45.972005,0.179000,0.148000
2026-06-15 16:51:45.976883,0.248000,0.124000
2026-06-15 16:51:45.984953,0.281000,-0.066000
2026-06-15 16:51:45.985997,-0.007000,-0.156000
2026-06-15 16:51:45.996176,-0.018000,-0.154000
2026-06-15 16:51:45.998838,-0.671000,-0.538000
2026-06-15 16:51:46.003065,-0.327000,-0.208000
2026-06-15 16:51:46.004383,0.020000,0.033000
2026-06-15 16:51:46.015402,0.142000,0.021000
2026-06-15 16:51:46.031360,0.074000,-0.192000
2026-06-15 16:51:46.044751,-0.157000,-0.228000
2026-06-15 16:51:46.050108,-0.204000,-0.258000
2026-06-15 16:51:46.050623,-0.802000,-0.581000
2026-06-15 16:51:46.050987,-0.516000,-0.249000
2026-06-15 16:51:46.051689,-0.102000,-0.035000
2026-06-15 16:51:46.052138,0.039000,-0.033000
2026-06-15 16:51:46.052328,0.047000,-0.265000
2026-06-15 16:51:46.057253,-0.252000,-0.321000
2026-06-15 16:51:46.064415,-0.296000,-0.362000
2026-06-15 16:51:46.089476,-0.895000,-0.738000
2026-06-15 16:51:46.090478,-0.666000,-0.450000
2026-06-15 16:51:46.090843,-0.235000,-0.219000
2026-06-15 16:51:46.098985,-0.087000,-0.247000
2026-06-15 16:51:46.116763,-0.177000,-0.466000
2026-06-15 16:51:46.124655,-0.505000,-0.587000
2026-06-15 16:51:46.129645,-0.520000,-0.594000
2026-06-15 16:51:46.130489,-1.119000,-0.990000
2026-06-15 16:51:46.131328,-0.958000,-0.681000
2026-06-15 16:51:46.131600,-0.575000,-0.466000
2026-06-15 16:51:46.131869,-0.394000,-0.474000
2026-06-15 16:51:46.137691,-0.457000,-0.670000
2026-06-15 16:51:46.164358,-0.744000,-0.813000
2026-06-15 16:51:46.167181,-0.830000,-0.872000
2026-06-15 16:51:46.167566,-1.311000,-1.320000
2026-06-15 16:51:46.168489,-1.382000,-1.061000
2026-06-15 16:51:46.172236,-0.994000,-0.908000
2026-06-15 16:51:46.172480,-0.784000,-0.913000
2026-06-15 16:51:46.172680,-0.865000,-1.125000
2026-06-15 16:51:46.172882,-1.236000,-1.309000
2026-06-15 16:51:46.173128,-1.350000,-1.408000
2026-06-15 16:51:46.173415,-1.814000,-1.874000
2026-06-15 16:51:46.173725,-2.005000,-1.638000
2026-06-15 16:51:46.177982,-1.623000,-1.503000
2026-06-15 16:51:46.191447,-1.442000,-1.438000
2026-06-15 16:51:46.191749,-1.574000,-1.699000
2026-06-15 16:51:46.193533,-1.885000,-1.887000
2026-06-15 16:51:46.194473,-2.055000,-1.937000
2026-06-15 16:51:46.195265,-2.349000,-2.424000
2026-06-15 16:51:46.233727,-2.626000,-2.188000
2026-06-15 16:51:46.272790,-2.179000,-1.982000
2026-06-15 16:51:46.276352,-1.867000,-1.993000
2026-06-15 16:51:46.276566,-1.942000,-2.040000
2026-06-15 16:51:46.276728,-2.219000,-2.222000
2026-06-15 16:51:46.284590,-2.271000,-2.223000
2026-06-15 16:51:46.324065,-2.495000,-2.632000
2026-06-15 16:51:46.336376,-2.713000,-2.256000
2026-06-15 16:51:46.337462,-2.175000,-2.000000
2026-06-15 16:51:46.337969,-1.846000,-1.953000
2026-06-15 16:51:46.342928,-1.877000,-1.966000
2026-06-15 16:51:46.343097,-2.141000,-2.079000
2026-06-15 16:51:46.343202,-2.241000,-2.079000
2026-06-15 16:51:46.345364,-2.334000,-2.565000
2026-06-15 16:51:46.357644,-2.699000,-2.226000
2026-06-15 16:51:46.358276,-2.180000,-1.965000
2026-06-15 16:51:46.369279,-1.858000,-1.955000
2026-06-15 16:51:46.372923,-1.894000,-1.955000
2026-06-15 16:51:46.398844,-2.133000,-2.097000
2026-06-15 16:51:46.400582,-2.147000,-2.126000
2026-06-15 16:51:46.410614,-2.248000,-2.572000
2026-06-15 16:51:46.440830,-2.717000,-2.239000
2026-06-15 16:51:46.462819,-2.157000,-1.974000
2026-06-15 16:51:46.463676,-1.779000,-1.934000
2026-06-15 16:51:46.477988,-1.811000,-1.912000
2026-06-15 16:51:46.478573,-2.050000,-2.077000
2026-06-15 16:51:46.478940,-2.139000,-2.093000
2026-06-15 16:51:46.489559,-2.195000,-2.521000
2026-06-15 16:51:46.513200,-2.757000,-2.231000
2026-06-15 16:51:46.538821,-2.169000,-1.955000
2026-06-15 16:51:46.546450,-1.756000,-1.882000
2026-06-15 16:51:46.546888,-1.883000,-1.882000
2026-06-15 16:51:46.577622,-2.061000,-2.057000
2026-06-15 16:51:46.637279,-2.150000,-2.037000
2026-06-15 16:51:46.646953,-2.135000,-2.496000
2026-06-15 16:51:46.659696,-2.702000,-2.208000
2026-06-15 16:51:46.662126,-2.139000,-1.952000
2026-06-15 16:51:46.679175,-1.774000,-1.880000
2026-06-15 16:51:46.680270,-1.784000,-1.864000
2026-06-15 16:51:46.680465,-2.016000,-2.049000
2026-06-15 16:51:46.680612,-2.085000,-2.065000
2026-06-15 16:51:46.680782,-2.124000,-2.506000
2026-06-15 16:51:46.680954,-2.642000,-2.236000
2026-06-15 16:51:46.681107,-2.118000,-1.953000
2026-06-15 16:51:46.681291,-1.735000,-1.846000
2026-06-15 16:51:46.691509,-1.722000,-1.874000
2026-06-15 16:51:46.697683,-1.991000,-2.043000
2026-06-15 16:51:46.699800,-2.097000,-2.031000
2026-06-15 16:51:46.733085,-2.121000,-2.466000
2026-06-15 16:51:46.764958,-2.634000,-2.246000
2026-06-15 16:51:46.765841,-2.130000,-1.970000
2026-06-15 16:51:46.770174,-1.761000,-1.859000
2026-06-15 16:51:46.772609,-1.729000,-1.869000
2026-06-15 16:51:46.775402,-1.958000,-2.036000
2026-06-15 16:51:46.775675,-2.058000,-2.051000
2026-06-15 16:51:46.776155,-2.071000,-2.426000
2026-06-15 16:51:46.776449,-2.618000,-2.260000
2026-06-15 16:51:46.776639,-2.120000,-1.976000
2026-06-15 16:51:46.776861,-1.749000,-1.874000
2026-06-15 16:51:46.777119,-1.681000,-1.866000
2026-06-15 16:51:46.777382,-1.940000,-2.050000
2026-06-15 16:51:46.777603,-2.079000,-2.030000
2026-06-15 16:51:46.777756,-2.083000,-2.414000
2026-06-15 16:51:46.777951,-2.601000,-2.267000
2026-06-15 16:51:46.778204,-2.130000,-1.951000
2026-06-15 16:51:46.778398,-1.757000,-1.796000
2026-06-15 16:51:46.778597,-1.659000,-1.853000
2026-06-15 16:51:46.778803,-1.971000,-2.024000
2026-06-15 16:51:46.778959,-2.069000,-2.019000
2026-06-15 16:51:46.779325,-2.084000,-2.353000
2026-06-15 16:51:46.779655,-2.617000,-2.296000
2026-06-15 16:51:46.779936,-2.118000,-1.961000
2026-06-15 16:51:46.781345,-1.767000,-1.804000
2026-06-15 16:51:46.781649,-1.646000,-1.867000
2026-06-15 16:51:46.810506,-1.899000,-2.013000
2026-06-15 16:51:46.820155,-2.036000,-2.026000
2026-06-15 16:51:46.832637,-2.061000,-2.304000
2026-06-15 16:51:46.833478,-2.586000,-2.306000
2026-06-15 16:51:46.861760,-2.119000,-1.993000
2026-06-15 16:51:46.876508,-1.787000,-1.783000
2026-06-15 16:51:46.891048,-1.633000,-1.826000
2026-06-15 16:51:46.918074,-1.912000,-1.973000
2026-06-15 16:51:46.924687,-2.062000,-2.002000
2026-06-15 16:51:46.959648,-2.047000,-2.229000
2026-06-15 16:51:46.972124,-2.601000,-2.345000
2026-06-15 16:51:46.976312,-2.133000,-1.974000
2026-06-15 16:51:47.004108,-1.825000,-1.792000
2026-06-15 16:51:47.014353,-1.758000,-1.793000
2026-06-15 16:51:47.015619,-1.844000,-1.973000
2026-06-15 16:51:47.017611,-2.041000,-2.024000
2026-06-15 16:51:47.019510,-2.060000,-2.206000
2026-06-15 16:51:47.024549,-2.627000,-2.378000
2026-06-15 16:51:47.025448,-2.138000,-2.011000
2026-06-15 16:51:47.026339,-1.837000,-1.773000
2026-06-15 16:51:47.038574,-1.763000,-1.798000
2026-06-15 16:51:47.039367,-1.804000,-1.977000
2026-06-15 16:51:47.058600,-2.032000,-2.030000
2026-06-15 16:51:47.059798,-2.074000,-2.105000
2026-06-15 16:51:47.060132,-2.645000,-2.408000
2026-06-15 16:51:47.060306,-2.180000,-2.011000
2026-06-15 16:51:47.060510,-1.837000,-1.758000
2026-06-15 16:51:47.060724,-1.812000,-1.790000
2026-06-15 16:51:47.060897,-1.831000,-1.971000
2026-06-15 16:51:47.061061,-2.032000,-1.976000
2026-06-15 16:51:47.061231,-2.065000,-2.062000
2026-06-15 16:51:47.061365,-2.669000,-2.406000
2026-06-15 16:51:47.093969,-2.187000,-2.003000
2026-06-15 16:51:47.096477,-1.835000,-1.760000
2026-06-15 16:51:47.096714,-1.794000,-1.805000
2026-06-15 16:51:47.096819,-1.784000,-1.933000
2026-06-15 16:51:47.096917,-2.038000,-2.020000
2026-06-15 16:51:47.097014,-2.030000,-2.041000
2026-06-15 16:51:47.097106,-2.631000,-2.407000
2026-06-15 16:51:47.097197,-2.210000,-2.028000
2026-06-15 16:51:47.114451,-1.859000,-1.756000
2026-06-15 16:51:47.124785,-1.787000,-1.776000
2026-06-15 16:51:47.154965,-1.799000,-1.918000
2026-06-15 16:51:47.162483,-2.023000,-1.996000
2026-06-15 16:51:47.164052,-2.039000,-1.996000
2026-06-15 16:51:47.166523,-2.670000,-2.386000
2026-06-15 16:51:47.189386,-2.248000,-2.002000
2026-06-15 16:51:47.197123,-1.873000,-1.748000
2026-06-15 16:51:47.238884,-1.789000,-1.806000
2026-06-15 16:51:47.249162,-1.825000,-1.931000
2026-06-15 16:51:47.251202,-2.042000,-2.014000
2026-06-15 16:51:47.259567,-2.025000,-1.992000
2026-06-15 16:51:47.265062,-2.628000,-2.397000
2026-06-15 16:51:47.265300,-2.252000,-2.025000
2026-06-15 16:51:47.265456,-1.862000,-1.754000
2026-06-15 16:51:47.265582,-1.741000,-1.763000
2026-06-15 16:51:47.268799,-1.743000,-1.930000
2026-06-15 16:51:47.275279,-2.005000,-1.991000
2026-06-15 16:51:47.299192,-2.024000,-2.008000
2026-06-15 16:51:47.305303,-2.644000,-2.362000
2026-06-15 16:51:47.313589,-2.303000,-2.008000
2026-06-15 16:51:47.343264,-1.889000,-1.790000
2026-06-15 16:51:47.343618,-1.759000,-1.674000
2026-06-15 16:51:47.343755,-1.800000,-1.907000
2026-06-15 16:51:47.343914,-2.020000,-1.978000
2026-06-15 16:51:47.344050,-2.054000,-1.990000
2026-06-15 16:51:47.344190,-2.619000,-2.351000
2026-06-15 16:51:47.344326,-2.321000,-2.042000
2026-06-15 16:51:47.344476,-1.925000,-1.752000
2026-06-15 16:51:47.344780,-1.708000,-1.702000
2026-06-15 16:51:47.359419,-1.796000,-1.955000
2026-06-15 16:51:47.390829,-2.002000,-1.956000
2026-06-15 16:51:47.391019,-2.035000,-2.022000
2026-06-15 16:51:47.400955,-2.590000,-2.383000
2026-06-15 16:51:47.405498,-2.347000,-2.032000
2026-06-15 16:51:47.417526,-1.860000,-1.774000
2026-06-15 16:51:47.430097,-1.715000,-1.757000
2026-06-15 16:51:47.430692,-1.749000,-1.933000
2026-06-15 16:51:47.463174,-2.029000,-1.967000
2026-06-15 16:51:47.473667,-2.031000,-1.959000
2026-06-15 16:51:47.476453,-2.594000,-2.334000
2026-06-15 16:51:47.500849,-2.401000,-2.022000
2026-06-15 16:51:47.504690,-1.952000,-1.806000
2026-06-15 16:51:47.505025,-1.723000,-1.779000
2026-06-15 16:51:47.517601,-1.748000,-1.895000
2026-06-15 16:51:47.518122,-1.995000,-1.978000
2026-06-15 16:51:47.518491,-2.025000,-1.995000
2026-06-15 16:51:47.519927,-2.475000,-2.364000
2026-06-15 16:51:47.526602,-2.391000,-2.070000
2026-06-15 16:51:47.549768,-1.945000,-1.832000
2026-06-15 16:51:47.575616,-1.700000,-1.756000
2026-06-15 16:51:47.580018,-1.727000,-1.909000
2026-06-15 16:51:47.587730,-2.023000,-2.007000
2026-06-15 16:51:47.588093,-2.034000,-1.967000
2026-06-15 16:51:47.593220,-2.403000,-2.387000
2026-06-15 16:51:47.609969,-2.448000,-2.060000
2026-06-15 16:51:47.617171,-1.989000,-1.822000
2026-06-15 16:51:47.631977,-1.722000,-1.764000
2026-06-15 16:51:47.634581,-1.742000,-1.902000
2026-06-15 16:51:47.636183,-2.005000,-1.985000
2026-06-15 16:51:47.638461,-2.057000,-1.963000
2026-06-15 16:51:47.664096,-2.394000,-2.417000
2026-06-15 16:51:47.673094,-2.502000,-2.070000
2026-06-15 16:51:47.675014,-2.018000,-1.861000
2026-06-15 16:51:47.676183,-1.718000,-1.805000
2026-06-15 16:51:47.676869,-1.724000,-1.878000
2026-06-15 16:51:47.681812,-1.991000,-2.016000
2026-06-15 16:51:47.689083,-2.020000,-1.977000
2026-06-15 16:51:47.700155,-2.260000,-2.417000
2026-06-15 16:51:47.705393,-2.535000,-2.086000
2026-06-15 16:51:47.705698,-2.023000,-1.841000
2026-06-15 16:51:47.705887,-1.674000,-1.848000
2026-06-15 16:51:47.706058,-1.701000,-1.866000
2026-06-15 16:51:47.706485,-1.962000,-1.977000
2026-06-15 16:51:47.707128,-2.027000,-1.975000
2026-06-15 16:51:47.708313,-2.229000,-2.417000
2026-06-15 16:51:47.714066,-2.574000,-2.102000
2026-06-15 16:51:47.724068,-2.068000,-1.851000
2026-06-15 16:51:47.724672,-1.669000,-1.819000
2026-06-15 16:51:47.736451,-1.710000,-1.815000
2026-06-15 16:51:47.737016,-1.957000,-1.992000
2026-06-15 16:51:47.737511,-2.059000,-1.980000
2026-06-15 16:51:47.738014,-2.107000,-2.447000
2026-06-15 16:51:47.738267,-2.589000,-2.124000
2026-06-15 16:51:47.743077,-2.027000,-1.867000
2026-06-15 16:51:47.755793,-1.655000,-1.800000
2026-06-15 16:51:47.760991,-1.709000,-1.831000
2026-06-15 16:51:47.773310,-1.945000,-2.006000
2026-06-15 16:51:47.778253,-2.004000,-1.978000
2026-06-15 16:51:47.782017,-2.076000,-2.444000
2026-06-15 16:51:47.782179,-2.599000,-2.138000
2026-06-15 16:51:47.791897,-2.019000,-1.851000
2026-06-15 16:51:47.794067,-1.670000,-1.797000
2026-06-15 16:51:47.795299,-1.688000,-1.805000
2026-06-15 16:51:47.797130,-1.973000,-1.996000
2026-06-15 16:51:47.797507,-2.025000,-2.005000
2026-06-15 16:51:47.797746,-2.031000,-2.407000
2026-06-15 16:51:47.797933,-2.582000,-2.146000
2026-06-15 16:51:47.808043,-2.048000,-1.876000
2026-06-15 16:51:47.809329,-1.784000,-1.814000
2026-06-15 16:51:47.817404,-1.661000,-1.813000
2026-06-15 16:51:47.822037,-1.906000,-2.002000
2026-06-15 16:51:47.823386,-2.048000,-1.974000
2026-06-15 16:51:47.829456,-2.008000,-2.408000
2026-06-15 16:51:47.829925,-2.564000,-2.172000
2026-06-15 16:51:47.831144,-2.052000,-1.921000
2026-06-15 16:51:47.831975,-1.691000,-1.794000
2026-06-15 16:51:47.832139,-1.664000,-1.831000
2026-06-15 16:51:47.832270,-1.901000,-1.980000
2026-06-15 16:51:47.832387,-2.010000,-1.977000
2026-06-15 16:51:47.832497,-2.064000,-2.401000
2026-06-15 16:51:47.832627,-2.555000,-2.197000
2026-06-15 16:51:47.832803,-2.130000,-1.862000
2026-06-15 16:51:47.833141,-1.708000,-1.776000
2026-06-15 16:51:47.833602,-1.626000,-1.806000
2026-06-15 16:51:47.834034,-1.926000,-1.960000
2026-06-15 16:51:47.834389,-2.016000,-1.981000
2026-06-15 16:51:47.834707,-2.027000,-2.378000
2026-06-15 16:51:47.835059,-2.543000,-2.223000
2026-06-15 16:51:47.835404,-2.061000,-1.907000
2026-06-15 16:51:47.835791,-1.693000,-1.770000
2026-06-15 16:51:47.852050,-1.619000,-1.845000
2026-06-15 16:51:47.874481,-1.898000,-2.013000
2026-06-15 16:51:47.880541,-1.997000,-1.987000
2026-06-15 16:51:47.885629,-2.022000,-2.349000
2026-06-15 16:51:47.891272,-2.553000,-2.241000
2026-06-15 16:51:47.896210,-2.064000,-1.948000
2026-06-15 16:51:47.897068,-1.744000,-1.771000
2026-06-15 16:51:47.897537,-1.678000,-1.790000
2026-06-15 16:51:47.900874,-1.869000,-1.975000
2026-06-15 16:51:47.901915,-2.033000,-1.993000
2026-06-15 16:51:47.906462,-2.058000,-2.268000
2026-06-15 16:51:47.908667,-2.559000,-2.276000
2026-06-15 16:51:47.910362,-2.098000,-1.944000
2026-06-15 16:51:47.912209,-1.744000,-1.780000
2026-06-15 16:51:47.942704,-1.674000,-1.804000
2026-06-15 16:51:47.953581,-1.854000,-1.995000
2026-06-15 16:51:47.953839,-2.014000,-2.000000
2026-06-15 16:51:47.954044,-2.020000,-2.233000
2026-06-15 16:51:47.954182,-2.577000,-2.322000
2026-06-15 16:51:47.957595,-2.136000,-1.986000
2026-06-15 16:51:47.989621,-1.778000,-1.762000
2026-06-15 16:51:47.995598,-1.704000,-1.787000
2026-06-15 16:51:47.999581,-1.830000,-1.965000
2026-06-15 16:51:48.000684,-2.016000,-1.988000
2026-06-15 16:51:48.001487,-2.037000,-2.173000
2026-06-15 16:51:48.006590,-2.612000,-2.342000
2026-06-15 16:51:48.017096,-2.143000,-1.981000
2026-06-15 16:51:48.025213,-1.810000,-1.741000
2026-06-15 16:51:48.053416,-1.774000,-1.822000
2026-06-15 16:51:48.054504,-1.763000,-1.934000
2026-06-15 16:51:48.070397,-2.062000,-1.991000
2026-06-15 16:51:48.074434,-2.021000,-2.092000
2026-06-15 16:51:48.075242,-2.633000,-2.372000
2026-06-15 16:51:48.076890,-2.159000,-1.978000
2026-06-15 16:51:48.077502,-1.824000,-1.724000
2026-06-15 16:51:48.077944,-1.762000,-1.794000
2026-06-15 16:51:48.078438,-1.784000,-1.960000
2026-06-15 16:51:48.078846,-2.001000,-2.010000
2026-06-15 16:51:48.079308,-2.055000,-2.077000
2026-06-15 16:51:48.079670,-2.631000,-2.385000
2026-06-15 16:51:48.105122,-2.167000,-1.952000
2026-06-15 16:51:48.107159,-1.832000,-1.739000
2026-06-15 16:51:48.107460,-1.791000,-1.736000
2026-06-15 16:51:48.107663,-1.798000,-1.955000
2026-06-15 16:51:48.107872,-2.012000,-1.997000
2026-06-15 16:51:48.139220,-2.031000,-2.006000
2026-06-15 16:51:48.149944,-2.649000,-2.387000
2026-06-15 16:51:48.155054,-2.194000,-1.991000
2026-06-15 16:51:48.157617,-1.892000,-1.729000
2026-06-15 16:51:48.158024,-1.794000,-1.760000
2026-06-15 16:51:48.158278,-1.765000,-1.944000
2026-06-15 16:51:48.189975,-2.043000,-1.967000
2026-06-15 16:51:48.197151,-2.062000,-1.983000
2026-06-15 16:51:48.209937,-2.637000,-2.398000
2026-06-15 16:51:48.210278,-2.221000,-1.998000
2026-06-15 16:51:48.211199,-1.879000,-1.746000
2026-06-15 16:51:48.214778,-1.759000,-1.758000
2026-06-15 16:51:48.215535,-1.791000,-1.913000
2026-06-15 16:51:48.220346,-2.017000,-2.001000
2026-06-15 16:51:48.221214,-2.020000,-1.989000
2026-06-15 16:51:48.227226,-2.666000,-2.397000
2026-06-15 16:51:48.230616,-2.241000,-1.968000
2026-06-15 16:51:48.243770,-1.875000,-1.731000
2026-06-15 16:51:48.246394,-1.735000,-1.726000
2026-06-15 16:51:48.250259,-1.781000,-1.917000
2026-06-15 16:51:48.253806,-2.017000,-1.986000
2026-06-15 16:51:48.265704,-2.039000,-1.990000
2026-06-15 16:51:48.273713,-2.625000,-2.355000
2026-06-15 16:51:48.276289,-2.278000,-1.989000
2026-06-15 16:51:48.295152,-1.933000,-1.733000
2026-06-15 16:51:48.310665,-1.765000,-1.679000
2026-06-15 16:51:48.314406,-1.764000,-1.898000
2026-06-15 16:51:48.334280,-2.012000,-2.003000
2026-06-15 16:51:48.334718,-2.024000,-2.029000
2026-06-15 16:51:48.335277,-2.611000,-2.352000
2026-06-15 16:51:48.346927,-2.281000,-2.004000
2026-06-15 16:51:48.347108,-1.904000,-1.743000
2026-06-15 16:51:48.347233,-1.739000,-1.669000
2026-06-15 16:51:48.347427,-1.775000,-1.924000
2026-06-15 16:51:48.349889,-2.035000,-1.984000
2026-06-15 16:51:48.351074,-2.063000,-1.985000
2026-06-15 16:51:48.352063,-2.641000,-2.360000
2026-06-15 16:51:48.358572,-2.346000,-2.006000
2026-06-15 16:51:48.363172,-1.910000,-1.782000
2026-06-15 16:51:48.363678,-1.725000,-1.684000
2026-06-15 16:51:48.364041,-1.793000,-1.934000
2026-06-15 16:51:48.364683,-2.030000,-1.966000
2026-06-15 16:51:48.382333,-2.082000,-1.973000
2026-06-15 16:51:48.395016,-2.567000,-2.364000
2026-06-15 16:51:48.396181,-2.393000,-2.036000
2026-06-15 16:51:48.403659,-1.915000,-1.778000
2026-06-15 16:51:48.410340,-1.695000,-1.746000
2026-06-15 16:51:48.411474,-1.742000,-1.924000
2026-06-15 16:51:48.416041,-2.005000,-1.958000
2026-06-15 16:51:48.432410,-2.025000,-1.993000
2026-06-15 16:51:48.451676,-2.519000,-2.344000
2026-06-15 16:51:48.459642,-2.463000,-2.014000
2026-06-15 16:51:48.463520,-1.999000,-1.749000
2026-06-15 16:51:48.498721,-1.722000,-1.681000
2026-06-15 16:51:48.502321,-1.745000,-1.895000
2026-06-15 16:51:48.503278,-2.016000,-1.950000
2026-06-15 16:51:48.536077,-2.026000,-1.982000
2026-06-15 16:51:48.541805,-2.438000,-2.378000
2026-06-15 16:51:48.551127,-2.509000,-2.025000
2026-06-15 16:51:48.589274,-1.983000,-1.811000
2026-06-15 16:51:48.592259,-1.704000,-1.741000
2026-06-15 16:51:48.602289,-1.725000,-1.871000
2026-06-15 16:51:48.606515,-1.995000,-1.984000
2026-06-15 16:51:48.632724,-2.028000,-1.989000
2026-06-15 16:51:48.655254,-2.315000,-2.425000
2026-06-15 16:51:48.664442,-2.496000,-2.050000
2026-06-15 16:51:48.666567,-2.028000,-1.836000
2026-06-15 16:51:48.669542,-1.673000,-1.826000
2026-06-15 16:51:48.681317,-1.713000,-1.874000
2026-06-15 16:51:48.694298,-1.999000,-1.972000
2026-06-15 16:51:48.695333,-2.019000,-1.939000
2026-06-15 16:51:48.696205,-2.286000,-2.417000
2026-06-15 16:51:48.699543,-2.527000,-2.081000
2026-06-15 16:51:48.700450,-2.027000,-1.849000
2026-06-15 16:51:48.700774,-1.749000,-1.785000
2026-06-15 16:51:48.704193,-1.757000,-1.808000
2026-06-15 16:51:48.704476,-2.009000,-1.972000
2026-06-15 16:51:48.704614,-2.105000,-1.967000
2026-06-15 16:51:48.717138,-2.223000,-2.430000
2026-06-15 16:51:48.724751,-2.545000,-2.095000
2026-06-15 16:51:48.729500,-2.010000,-1.854000
2026-06-15 16:51:48.755944,-1.682000,-1.838000
2026-06-15 16:51:48.771015,-1.715000,-1.871000
2026-06-15 16:51:48.778151,-1.964000,-1.994000
2026-06-15 16:51:48.791823,-2.027000,-1.982000
2026-06-15 16:51:48.792157,-2.166000,-2.426000
2026-06-15 16:51:48.792297,-2.623000,-2.087000
2026-06-15 16:51:48.800816,-2.030000,-1.880000
2026-06-15 16:51:48.805327,-1.671000,-1.801000
2026-06-15 16:51:48.807239,-1.741000,-1.809000
2026-06-15 16:51:48.808572,-1.957000,-1.946000
2026-06-15 16:51:48.812632,-2.007000,-1.972000
2026-06-15 16:51:48.815246,-2.089000,-2.430000
2026-06-15 16:51:48.830058,-2.601000,-2.145000
2026-06-15 16:51:48.846355,-2.028000,-1.869000
2026-06-15 16:51:48.848845,-1.653000,-1.805000
2026-06-15 16:51:48.849319,-1.680000,-1.794000
2026-06-15 16:51:48.858402,-1.936000,-1.969000
2026-06-15 16:51:48.864852,-2.006000,-1.980000
2026-06-15 16:51:48.865297,-2.038000,-2.400000
2026-06-15 16:51:48.868853,-2.568000,-2.143000
2026-06-15 16:51:48.869254,-2.077000,-1.865000
2026-06-15 16:51:48.869374,-1.702000,-1.765000
2026-06-15 16:51:48.869467,-1.658000,-1.785000
2026-06-15 16:51:48.869558,-1.995000,-1.948000
2026-06-15 16:51:48.869647,-2.059000,-1.971000
2026-06-15 16:51:48.869737,-2.066000,-2.414000
2026-06-15 16:51:48.869827,-2.586000,-2.184000
2026-06-15 16:51:48.869915,-2.051000,-1.895000
2026-06-15 16:51:48.870002,-1.645000,-1.813000
2026-06-15 16:51:48.870091,-1.633000,-1.788000
2026-06-15 16:51:48.870178,-1.895000,-1.971000
2026-06-15 16:51:48.870266,-2.008000,-1.978000
2026-06-15 16:51:48.870353,-2.027000,-2.335000
2026-06-15 16:51:48.870441,-2.533000,-2.246000
2026-06-15 16:51:48.870529,-2.074000,-1.916000
2026-06-15 16:51:48.870617,-1.757000,-1.777000
2026-06-15 16:51:48.870705,-1.652000,-1.776000
2026-06-15 16:51:48.870792,-1.899000,-1.967000
2026-06-15 16:51:48.870880,-2.004000,-1.973000
2026-06-15 16:51:48.870968,-2.020000,-2.212000
2026-06-15 16:51:48.871954,-2.579000,-2.312000
2026-06-15 16:51:48.874448,-2.113000,-1.963000
2026-06-15 16:51:48.888849,-1.772000,-1.773000
2026-06-15 16:51:48.889491,-1.668000,-1.789000
2026-06-15 16:51:48.890068,-1.855000,-1.950000
2026-06-15 16:51:48.890304,-2.065000,-1.956000
2026-06-15 16:51:48.917296,-6.013000,-6.021000
2026-06-15 16:51:48.918798,-5.667000,-5.759000
2026-06-15 16:51:48.932160,-5.649000,-5.735000
2026-06-15 16:51:48.937822,-5.676000,-5.947000
2026-06-15 16:51:48.939273,-5.867000,-6.013000
2026-06-15 16:51:48.964936,-5.866000,-6.031000
2026-06-15 16:51:48.967638,-6.513000,-6.379000
2026-06-15 16:51:48.980423,-6.037000,-5.985000
2026-06-15 16:51:48.989831,-5.709000,-5.706000
2026-06-15 16:51:48.999264,-5.623000,-5.718000
2026-06-15 16:51:49.036229,-5.648000,-5.914000
2026-06-15 16:51:49.040133,-5.880000,-6.007000
2026-06-15 16:51:49.051901,-5.862000,-5.994000
2026-06-15 16:51:49.052143,-6.520000,-6.396000
2026-06-15 16:51:49.052257,-6.064000,-5.986000
2026-06-15 16:51:49.058325,-5.701000,-5.710000
2026-06-15 16:51:49.061724,-5.612000,-5.762000
2026-06-15 16:51:49.075508,-5.636000,-5.913000
2026-06-15 16:51:49.075894,-5.851000,-5.977000
2026-06-15 16:51:49.076828,-5.871000,-6.006000
2026-06-15 16:51:49.077230,-6.527000,-6.365000
2026-06-15 16:51:49.077772,-6.094000,-5.993000
2026-06-15 16:51:49.078386,-5.715000,-5.718000
2026-06-15 16:51:49.087326,-5.580000,-5.720000
2026-06-15 16:51:49.089843,-5.629000,-5.871000
2026-06-15 16:51:49.091839,-5.855000,-5.968000
2026-06-15 16:51:49.092381,-5.878000,-5.957000
2026-06-15 16:51:49.095160,-6.529000,-6.353000
2026-06-15 16:51:49.095850,-6.088000,-6.002000
2026-06-15 16:51:49.096080,-5.711000,-5.719000
2026-06-15 16:51:49.096433,-5.552000,-5.728000
2026-06-15 16:51:49.096571,-5.585000,-5.923000
2026-06-15 16:51:49.096726,-5.870000,-5.901000
2026-06-15 16:51:49.096866,-5.860000,-5.977000
2026-06-15 16:51:49.104632,-6.463000,-6.327000
2026-06-15 16:51:49.109199,-6.115000,-5.995000
2026-06-15 16:51:49.114276,-5.700000,-5.750000
2026-06-15 16:51:49.114916,-5.576000,-5.674000
2026-06-15 16:51:49.115039,-5.569000,-5.909000
2026-06-15 16:51:49.115131,-5.814000,-5.945000
2026-06-15 16:51:49.115222,-5.866000,-5.965000
2026-06-15 16:51:49.117803,-6.450000,-6.295000
2026-06-15 16:51:49.118253,-6.156000,-5.947000
2026-06-15 16:51:49.118445,-5.742000,-5.764000
2026-06-15 16:51:49.118596,-5.547000,-5.693000
2026-06-15 16:51:49.118774,-5.608000,-5.926000
2026-06-15 16:51:49.118939,-5.858000,-5.960000
2026-06-15 16:51:49.119120,-5.845000,-5.931000
2026-06-15 16:51:49.119290,-6.443000,-6.310000
2026-06-15 16:51:49.119441,-6.190000,-5.996000
2026-06-15 16:51:49.119608,-5.748000,-5.744000
2026-06-15 16:51:49.119770,-5.548000,-5.648000
2026-06-15 16:51:49.119947,-5.611000,-5.896000
2026-06-15 16:51:49.140033,-5.819000,-5.975000
2026-06-15 16:51:49.140750,-5.853000,-5.974000
2026-06-15 16:51:49.141279,-6.423000,-6.328000
2026-06-15 16:51:49.141566,-6.172000,-6.018000
2026-06-15 16:51:49.141708,-5.728000,-5.779000
2026-06-15 16:51:49.142500,-5.537000,-5.629000
2026-06-15 16:51:49.143007,-5.559000,-5.911000
2026-06-15 16:51:49.143874,-5.818000,-5.935000
2026-06-15 16:51:49.148267,-5.834000,-5.974000
2026-06-15 16:51:49.149924,-6.374000,-6.340000
2026-06-15 16:51:49.150433,-6.217000,-6.013000
2026-06-15 16:51:49.183534,-5.732000,-5.767000
2026-06-15 16:51:49.187431,-5.512000,-5.695000
2026-06-15 16:51:49.190154,-5.554000,-5.886000
2026-06-15 16:51:49.191175,-5.828000,-5.958000
2026-06-15 16:51:49.192250,-5.843000,-5.961000
2026-06-15 16:51:49.194316,-6.345000,-6.319000
2026-06-15 16:51:49.195990,-6.215000,-6.012000
2026-06-15 16:51:49.197341,-5.760000,-5.802000
2026-06-15 16:51:49.203442,-5.558000,-5.660000
2026-06-15 16:51:49.232644,-5.562000,-5.839000
2026-06-15 16:51:49.232874,-5.841000,-5.922000
2026-06-15 16:51:49.233078,-5.831000,-5.950000
2026-06-15 16:51:49.234708,-6.245000,-6.348000
2026-06-15 16:51:49.235285,-6.268000,-5.967000
2026-06-15 16:51:49.236214,-5.784000,-5.777000
2026-06-15 16:51:49.236553,-5.512000,-5.693000
2026-06-15 16:51:49.237745,-5.528000,-5.880000
2026-06-15 16:51:49.239182,-5.794000,-5.945000
2026-06-15 16:51:49.244954,-5.839000,-5.930000
2026-06-15 16:51:49.266727,-6.206000,-6.349000
2026-06-15 16:51:49.270861,-6.285000,-6.020000
2026-06-15 16:51:49.273357,-5.794000,-5.754000
2026-06-15 16:51:49.273920,-5.488000,-5.688000
2026-06-15 16:51:49.274209,-5.550000,-5.874000
2026-06-15 16:51:49.288282,-5.804000,-5.893000
2026-06-15 16:51:49.306677,-5.883000,-5.915000
2026-06-15 16:51:49.308079,-6.150000,-6.358000
2026-06-15 16:51:49.308562,-6.324000,-6.027000
2026-06-15 16:51:49.309334,-5.816000,-5.803000
2026-06-15 16:51:49.310399,-5.471000,-5.777000
2026-06-15 16:51:49.311375,-5.509000,-5.808000
2026-06-15 16:51:49.311994,-5.779000,-5.963000
2026-06-15 16:51:49.312674,-5.820000,-5.883000
2026-06-15 16:51:49.313256,-6.087000,-6.383000
2026-06-15 16:51:49.318481,-6.313000,-6.024000
2026-06-15 16:51:49.327106,-5.833000,-5.785000
2026-06-15 16:51:49.331798,-5.486000,-5.761000
2026-06-15 16:51:49.333210,-5.497000,-5.790000
2026-06-15 16:51:49.335379,-5.766000,-5.921000
2026-06-15 16:51:49.350083,-5.822000,-5.897000
2026-06-15 16:51:49.363037,-5.994000,-6.344000
2026-06-15 16:51:49.370904,-6.381000,-6.041000
2026-06-15 16:51:49.376943,-5.828000,-5.804000
2026-06-15 16:51:49.380582,-5.430000,-5.750000
2026-06-15 16:51:49.382148,-5.493000,-5.839000
2026-06-15 16:51:49.387390,-5.745000,-5.931000
2026-06-15 16:51:49.390047,-5.828000,-5.922000
2026-06-15 16:51:49.397344,-5.918000,-6.387000
2026-06-15 16:51:49.398058,-6.376000,-6.065000
2026-06-15 16:51:49.422663,-5.826000,-5.796000
2026-06-15 16:51:49.423237,-5.451000,-5.742000
2026-06-15 16:51:49.427117,-5.474000,-5.751000
2026-06-15 16:51:49.427620,-5.761000,-5.921000
2026-06-15 16:51:49.427880,-5.829000,-5.912000
2026-06-15 16:51:49.450060,-5.881000,-6.362000
2026-06-15 16:51:49.464951,-6.353000,-6.069000
2026-06-15 16:51:49.469226,-5.860000,-5.781000
2026-06-15 16:51:49.470383,-5.463000,-5.731000
2026-06-15 16:51:49.472337,-5.487000,-5.751000
2026-06-15 16:51:49.473489,-5.738000,-5.933000
2026-06-15 16:51:49.475683,-5.801000,-5.903000
2026-06-15 16:51:49.498052,-5.818000,-6.320000
2026-06-15 16:51:49.498234,-6.365000,-6.073000
2026-06-15 16:51:49.498377,-5.828000,-5.793000
2026-06-15 16:51:49.498535,-5.470000,-5.739000
2026-06-15 16:51:49.498890,-5.437000,-5.748000
2026-06-15 16:51:49.519109,-5.714000,-5.899000
2026-06-15 16:51:49.520228,-5.801000,-5.912000
2026-06-15 16:51:49.520477,-5.829000,-6.354000
2026-06-15 16:51:49.520906,-6.354000,-6.077000
2026-06-15 16:51:49.528982,-5.832000,-5.830000
2026-06-15 16:51:49.532890,-5.459000,-5.717000
2026-06-15 16:51:49.536252,-5.400000,-5.736000
2026-06-15 16:51:49.542246,-5.703000,-5.900000
2026-06-15 16:51:49.550886,-5.797000,-5.901000
2026-06-15 16:51:49.573819,-5.807000,-6.323000
2026-06-15 16:51:49.580880,-6.330000,-6.108000
2026-06-15 16:51:49.581423,-5.817000,-5.818000
2026-06-15 16:51:49.587039,-5.441000,-5.702000
2026-06-15 16:51:49.619540,-5.353000,-5.723000
2026-06-15 16:51:49.635288,-5.697000,-5.862000
2026-06-15 16:51:49.635975,-5.798000,-5.899000
2026-06-15 16:51:49.636231,-5.805000,-6.317000
2026-06-15 16:51:49.637610,-6.325000,-6.108000
2026-06-15 16:51:49.638192,-5.862000,-5.772000
2026-06-15 16:51:49.645669,-5.484000,-5.679000
2026-06-15 16:51:49.649753,-5.408000,-5.712000
2026-06-15 16:51:49.655713,-5.691000,-5.903000
2026-06-15 16:51:49.660786,-5.785000,-5.865000
2026-06-15 16:51:49.662892,-5.806000,-6.295000
2026-06-15 16:51:49.667515,-6.294000,-6.146000
2026-06-15 16:51:49.668184,-5.829000,-5.814000
2026-06-15 16:51:49.669511,-5.506000,-5.657000
2026-06-15 16:51:49.679674,-5.327000,-5.740000
2026-06-15 16:51:49.696443,-5.677000,-5.888000
2026-06-15 16:51:49.701625,-5.764000,-5.895000
2026-06-15 16:51:49.705701,-5.816000,-6.259000
2026-06-15 16:51:49.718051,-6.317000,-6.140000
2026-06-15 16:51:49.725542,-5.819000,-5.831000
2026-06-15 16:51:49.727862,-5.469000,-5.686000
2026-06-15 16:51:49.728050,-5.433000,-5.727000
2026-06-15 16:51:49.728184,-5.669000,-5.878000
2026-06-15 16:51:49.728313,-5.762000,-5.883000
2026-06-15 16:51:49.728484,-5.804000,-6.203000
2026-06-15 16:51:49.728691,-6.311000,-6.192000
2026-06-15 16:51:49.728969,-5.867000,-5.799000
2026-06-15 16:51:49.729217,-5.519000,-5.640000
2026-06-15 16:51:49.729439,-5.427000,-5.672000
2026-06-15 16:51:49.729630,-5.641000,-5.891000
2026-06-15 16:51:49.729804,-5.777000,-5.899000
2026-06-15 16:51:49.730033,-5.819000,-6.174000
2026-06-15 16:51:49.743989,-6.350000,-6.193000
2026-06-15 16:51:49.750288,-5.845000,-5.861000
2026-06-15 16:51:49.757717,-5.510000,-5.664000
2026-06-15 16:51:49.759653,-5.350000,-5.711000
2026-06-15 16:51:49.763003,-5.633000,-5.871000
2026-06-15 16:51:49.766425,-5.768000,-5.893000
2026-06-15 16:51:49.769309,-5.796000,-6.112000
2026-06-15 16:51:49.769896,-6.323000,-6.207000
2026-06-15 16:51:49.797388,-5.874000,-5.858000
2026-06-15 16:51:49.798996,-5.535000,-5.659000
2026-06-15 16:51:49.803296,-5.332000,-5.718000
2026-06-15 16:51:49.810565,-5.633000,-5.897000
2026-06-15 16:51:49.815679,-5.745000,-5.887000
2026-06-15 16:51:49.821710,-5.784000,-6.056000
2026-06-15 16:51:49.822619,-6.374000,-6.197000
2026-06-15 16:51:49.826809,-5.898000,-5.858000
2026-06-15 16:51:49.847719,-5.529000,-5.622000
2026-06-15 16:51:49.855653,-5.377000,-5.686000
2026-06-15 16:51:49.859347,-5.623000,-5.853000
2026-06-15 16:51:49.859708,-5.762000,-5.886000
2026-06-15 16:51:49.860772,-5.783000,-6.025000
2026-06-15 16:51:49.863947,-6.348000,-6.242000
2026-06-15 16:51:49.871136,-5.877000,-5.866000
2026-06-15 16:51:49.893236,-5.528000,-5.648000
2026-06-15 16:51:49.897304,-5.366000,-5.664000
2026-06-15 16:51:49.900115,-5.589000,-5.832000
2026-06-15 16:51:49.900526,-5.730000,-5.834000
2026-06-15 16:51:49.902997,-5.784000,-5.989000
2026-06-15 16:51:49.904959,-6.381000,-6.244000
2026-06-15 16:51:49.905725,-5.894000,-5.869000
2026-06-15 16:51:49.909496,-5.536000,-5.644000
2026-06-15 16:51:49.914708,-5.389000,-5.688000
2026-06-15 16:51:49.932824,-5.583000,-5.836000
2026-06-15 16:51:49.934132,-5.729000,-5.863000
2026-06-15 16:51:49.936249,-5.785000,-5.948000
2026-06-15 16:51:49.936554,-6.372000,-6.258000
2026-06-15 16:51:49.936740,-5.917000,-5.853000
2026-06-15 16:51:49.936905,-5.549000,-5.629000
2026-06-15 16:51:49.937049,-5.466000,-5.649000
2026-06-15 16:51:49.954856,-5.563000,-5.818000
2026-06-15 16:51:49.989419,-5.774000,-5.853000
2026-06-15 16:51:50.027533,-5.765000,-5.914000
2026-06-15 16:51:50.029264,-6.385000,-6.248000
2026-06-15 16:51:50.030074,-5.954000,-5.840000
2026-06-15 16:51:50.038731,-5.559000,-5.607000
2026-06-15 16:51:50.043876,-5.448000,-5.664000
2026-06-15 16:51:50.081979,-5.533000,-5.784000
2026-06-15 16:51:50.084105,-5.754000,-5.853000
2026-06-15 16:51:50.099344,-5.760000,-5.873000
2026-06-15 16:51:50.117467,-6.379000,-6.261000
2026-06-15 16:51:50.119654,-5.942000,-5.874000
2026-06-15 16:51:50.120784,-5.577000,-5.600000
2026-06-15 16:51:50.121180,-5.474000,-5.644000
2026-06-15 16:51:50.121511,-5.509000,-5.784000
2026-06-15 16:51:50.123072,-5.753000,-5.847000
2026-06-15 16:51:50.123308,-5.735000,-5.890000
2026-06-15 16:51:50.123483,-6.405000,-6.212000
2026-06-15 16:51:50.123652,-5.972000,-5.864000
2026-06-15 16:51:50.123792,-5.573000,-5.638000
2026-06-15 16:51:50.126963,-5.467000,-5.623000
2026-06-15 16:51:50.128031,-5.495000,-5.799000
2026-06-15 16:51:50.128861,-5.748000,-5.851000
2026-06-15 16:51:50.161058,-5.751000,-5.822000
2026-06-15 16:51:50.167547,-6.387000,-6.210000
2026-06-15 16:51:50.179746,-5.967000,-5.875000
2026-06-15 16:51:50.180557,-5.588000,-5.620000
2026-06-15 16:51:50.187074,-5.467000,-5.624000
2026-06-15 16:51:50.187704,-5.506000,-5.792000
2026-06-15 16:51:50.221791,-5.735000,-5.834000
2026-06-15 16:51:50.222259,-5.748000,-5.835000
2026-06-15 16:51:50.222640,-6.370000,-6.221000
2026-06-15 16:51:50.223588,-6.008000,-5.877000
2026-06-15 16:51:50.224808,-5.616000,-5.625000
2026-06-15 16:51:50.226189,-5.476000,-5.562000
2026-06-15 16:51:50.226678,-5.481000,-5.794000
2026-06-15 16:51:50.227147,-5.713000,-5.870000
2026-06-15 16:51:50.245524,-5.724000,-5.883000
2026-06-15 16:51:50.259979,-6.326000,-6.224000
2026-06-15 16:51:50.272329,-6.020000,-5.854000
2026-06-15 16:51:50.282977,-5.604000,-5.626000
2026-06-15 16:51:50.283246,-5.434000,-5.554000
2026-06-15 16:51:50.288762,-5.493000,-5.787000
2026-06-15 16:51:50.297316,-5.709000,-5.850000
2026-06-15 16:51:50.301506,-5.749000,-5.864000
2026-06-15 16:51:50.301689,-6.274000,-6.210000
2026-06-15 16:51:50.304006,-6.030000,-5.887000
2026-06-15 16:51:50.306634,-5.609000,-5.644000
2026-06-15 16:51:50.307093,-5.430000,-5.609000
2026-06-15 16:51:50.339304,-5.449000,-5.793000
2026-06-15 16:51:50.340856,-5.703000,-5.854000
2026-06-15 16:51:50.341108,-5.764000,-5.856000
2026-06-15 16:51:50.341488,-6.287000,-6.171000
2026-06-15 16:51:50.341650,-6.080000,-5.872000
2026-06-15 16:51:50.341964,-5.617000,-5.641000
2026-06-15 16:51:50.342124,-5.428000,-5.573000
2026-06-15 16:51:50.342297,-5.463000,-5.800000
2026-06-15 16:51:50.346512,-5.729000,-5.848000
2026-06-15 16:51:50.347484,-5.710000,-5.834000
2026-06-15 16:51:50.369755,-6.232000,-6.225000
2026-06-15 16:51:50.377595,-6.074000,-5.882000
2026-06-15 16:51:50.378088,-5.637000,-5.656000
2026-06-15 16:51:50.378281,-5.431000,-5.591000
2026-06-15 16:51:50.381257,-5.445000,-5.803000
2026-06-15 16:51:50.381568,-5.689000,-5.847000
2026-06-15 16:51:50.382173,-5.729000,-5.823000
2026-06-15 16:51:50.382944,-6.193000,-6.206000
2026-06-15 16:51:50.384078,-6.124000,-5.905000
2026-06-15 16:51:50.384376,-5.654000,-5.643000
2026-06-15 16:51:50.384507,-5.387000,-5.514000
2026-06-15 16:51:50.424050,-5.461000,-5.791000
2026-06-15 16:51:50.442549,-5.695000,-5.811000
2026-06-15 16:51:50.476137,-5.724000,-5.876000
2026-06-15 16:51:50.485280,-6.135000,-6.242000
2026-06-15 16:51:50.487237,-6.147000,-5.882000
2026-06-15 16:51:50.515960,-5.653000,-5.651000
2026-06-15 16:51:50.517613,-5.414000,-5.643000
2026-06-15 16:51:50.534134,-5.426000,-5.763000
2026-06-15 16:51:50.538201,-5.710000,-5.836000
2026-06-15 16:51:50.556967,-5.720000,-5.823000
2026-06-15 16:51:50.558922,-6.049000,-6.234000
2026-06-15 16:51:50.559162,-6.186000,-5.906000
2026-06-15 16:51:50.559289,-5.684000,-5.674000
2026-06-15 16:51:50.559399,-5.384000,-5.546000
2026-06-15 16:51:50.559494,-5.438000,-5.746000
2026-06-15 16:51:50.559588,-5.700000,-5.815000
2026-06-15 16:51:50.559682,-5.720000,-5.834000
2026-06-15 16:51:50.559774,-5.999000,-6.243000
2026-06-15 16:51:50.559892,-6.218000,-5.945000
2026-06-15 16:51:50.559989,-5.708000,-5.723000
2026-06-15 16:51:50.560080,-5.366000,-5.693000
2026-06-15 16:51:50.560177,-5.391000,-5.719000
2026-06-15 16:51:50.560278,-5.685000,-5.799000
2026-06-15 16:51:50.560379,-5.705000,-5.814000
2026-06-15 16:51:50.560470,-5.915000,-6.268000
2026-06-15 16:51:50.560558,-6.231000,-5.900000
2026-06-15 16:51:50.560646,-5.721000,-5.660000
2026-06-15 16:51:50.560736,-5.377000,-5.680000
2026-06-15 16:51:50.564142,-5.366000,-5.695000
2026-06-15 16:51:50.588797,-5.676000,-5.821000
2026-06-15 16:51:50.598774,-5.740000,-5.813000
2026-06-15 16:51:50.599068,-5.900000,-6.270000
2026-06-15 16:51:50.599184,-6.235000,-5.945000
2026-06-15 16:51:50.599292,-5.710000,-5.688000
2026-06-15 16:51:50.599400,-5.351000,-5.650000
2026-06-15 16:51:50.599496,-5.383000,-5.669000
2026-06-15 16:51:50.627698,-5.647000,-5.801000
2026-06-15 16:51:50.628579,-5.729000,-5.820000
2026-06-15 16:51:50.628782,-5.819000,-6.297000
2026-06-15 16:51:50.643308,-6.250000,-5.939000
2026-06-15 16:51:50.649561,-5.702000,-5.687000
2026-06-15 16:51:50.660388,-5.347000,-5.628000
2026-06-15 16:51:50.663360,-5.370000,-5.673000
2026-06-15 16:51:50.691878,-5.641000,-5.828000
2026-06-15 16:51:50.700155,-5.705000,-5.797000
2026-06-15 16:51:50.711816,-5.767000,-6.274000
2026-06-15 16:51:50.716078,-6.254000,-5.963000
2026-06-15 16:51:50.723320,-5.736000,-5.675000
2026-06-15 16:51:50.726811,-5.356000,-5.630000
2026-06-15 16:51:50.731449,-5.329000,-5.636000
2026-06-15 16:51:50.734860,-5.651000,-5.815000
2026-06-15 16:51:50.740434,-5.696000,-5.760000
2026-06-15 16:51:50.746898,-5.775000,-6.243000
2026-06-15 16:51:50.748623,-6.264000,-5.919000
2026-06-15 16:51:50.759932,-5.740000,-5.693000
2026-06-15 16:51:50.767488,-5.320000,-5.633000
2026-06-15 16:51:50.778467,-5.301000,-5.639000
2026-06-15 16:51:50.811727,-5.600000,-5.794000
2026-06-15 16:51:50.812809,-5.690000,-5.793000
2026-06-15 16:51:50.821699,-5.721000,-6.248000
2026-06-15 16:51:50.825350,-6.225000,-5.974000
2026-06-15 16:51:50.825994,-5.728000,-5.718000
2026-06-15 16:51:50.832343,-5.345000,-5.632000
2026-06-15 16:51:50.847521,-5.290000,-5.659000
2026-06-15 16:51:50.850474,-5.590000,-5.779000
2026-06-15 16:51:50.856837,-5.688000,-5.774000
2026-06-15 16:51:50.857727,-5.712000,-6.234000
2026-06-15 16:51:50.858373,-6.222000,-6.002000
2026-06-15 16:51:50.879544,-5.731000,-5.729000
2026-06-15 16:51:50.906145,-5.375000,-5.603000
2026-06-15 16:51:50.906385,-5.297000,-5.639000
2026-06-15 16:51:50.906514,-5.593000,-5.807000
2026-06-15 16:51:50.906633,-5.692000,-5.795000
2026-06-15 16:51:50.906749,-5.735000,-6.205000
2026-06-15 16:51:50.906885,-6.224000,-6.019000
2026-06-15 16:51:50.907018,-5.733000,-5.710000
2026-06-15 16:51:50.915906,-5.369000,-5.597000
2026-06-15 16:51:50.916250,-5.287000,-5.606000
2026-06-15 16:51:50.916480,-5.572000,-5.792000
2026-06-15 16:51:50.920382,-5.669000,-5.794000
2026-06-15 16:51:50.921039,-5.703000,-6.203000
2026-06-15 16:51:50.921544,-6.206000,-6.029000
2026-06-15 16:51:50.922009,-5.739000,-5.753000
2026-06-15 16:51:50.922340,-5.372000,-5.629000
2026-06-15 16:51:50.922817,-5.250000,-5.679000
2026-06-15 16:51:50.923215,-5.622000,-5.887000
2026-06-15 16:51:50.923631,-5.733000,-5.945000
2026-06-15 16:51:50.951672,-5.797000,-6.363000
2026-06-15 16:51:50.954487,-6.311000,-6.348000
2026-06-15 16:51:50.954857,-5.832000,-6.104000
2026-06-15 16:51:50.968036,-5.480000,-6.009000
2026-06-15 16:51:50.974034,-5.402000,-6.019000
2026-06-15 16:51:50.991696,-5.680000,-6.225000
2026-06-15 16:51:50.995778,-5.800000,-6.262000
2026-06-15 16:51:51.042775,-5.855000,-6.581000
2026-06-15 16:51:51.048364,-6.334000,-6.608000
2026-06-15 16:51:51.057248,-5.857000,-6.311000
2026-06-15 16:51:51.062773,-5.528000,-6.168000
2026-06-15 16:51:51.063634,-5.433000,-6.217000
2026-06-15 16:51:51.094263,-5.766000,-6.409000
2026-06-15 16:51:51.107002,-5.911000,-6.424000
2026-06-15 16:51:51.107755,-5.955000,-6.691000
2026-06-15 16:51:51.129329,-6.531000,-6.790000
2026-06-15 16:51:51.131670,-6.115000,-6.465000
2026-06-15 16:51:51.135417,-5.793000,-6.315000
2026-06-15 16:51:51.135954,-5.757000,-6.372000
2026-06-15 16:51:51.136208,-5.980000,-6.542000
2026-06-15 16:51:51.136844,-6.147000,-6.590000
2026-06-15 16:51:51.137130,-6.185000,-6.826000
2026-06-15 16:51:51.138406,-6.742000,-6.951000
2026-06-15 16:51:51.157760,-6.351000,-6.630000
2026-06-15 16:51:51.183718,-6.007000,-6.507000
2026-06-15 16:51:51.189893,-5.920000,-6.547000
2026-06-15 16:51:51.193603,-6.154000,-6.712000
2026-06-15 16:51:51.193829,-6.300000,-6.763000
2026-06-15 16:51:51.193976,-6.330000,-6.939000
2026-06-15 16:51:51.194716,-6.952000,-7.165000
2026-06-15 16:51:51.195320,-6.497000,-6.800000
2026-06-15 16:51:51.203853,-6.188000,-6.624000
2026-06-15 16:51:51.218243,-6.095000,-6.688000
2026-06-15 16:51:51.238378,-6.311000,-6.862000
2026-06-15 16:51:51.242392,-6.535000,-6.899000
2026-06-15 16:51:51.245261,-6.542000,-7.108000
2026-06-15 16:51:51.245511,-7.198000,-7.373000
2026-06-15 16:51:51.245636,-6.766000,-7.041000
2026-06-15 16:51:51.245738,-6.446000,-6.836000
2026-06-15 16:51:51.245833,-6.405000,-6.899000
2026-06-15 16:51:51.245940,-6.494000,-7.098000
2026-06-15 16:51:51.246063,-6.733000,-7.180000
2026-06-15 16:51:51.251255,-6.780000,-7.254000
2026-06-15 16:51:51.269259,-7.444000,-7.617000
2026-06-15 16:51:51.271227,-7.090000,-7.394000
2026-06-15 16:51:51.272986,-7.044000,-7.459000
2026-06-15 16:51:51.297071,-7.360000,-7.934000
2026-06-15 16:51:51.308864,-8.089000,-8.670000
2026-06-15 16:51:51.317046,-8.830000,-9.332000
2026-06-15 16:51:51.320193,-9.344000,-9.859000
2026-06-15 16:51:51.321377,-10.333000,-10.606000
2026-06-15 16:51:51.322524,-10.139000,-10.413000
2026-06-15 16:51:51.340198,-10.068000,-10.270000
2026-06-15 16:51:51.351786,-10.208000,-10.354000
2026-06-15 16:51:51.357346,-10.297000,-10.541000
2026-06-15 16:51:51.360438,-10.430000,-10.592000
2026-06-15 16:51:51.360660,-10.306000,-10.613000
2026-06-15 16:51:51.360838,-10.753000,-10.839000
2026-06-15 16:51:51.361150,-10.220000,-10.328000
2026-06-15 16:51:51.361481,-9.806000,-9.897000
2026-06-15 16:51:51.361650,-9.573000,-9.793000
2026-06-15 16:51:51.361852,-9.598000,-9.933000
2026-06-15 16:51:51.362084,-9.739000,-10.053000
2026-06-15 16:51:51.362338,-9.848000,-10.208000
2026-06-15 16:51:51.365877,-10.553000,-10.528000
2026-06-15 16:51:51.371137,-10.118000,-10.258000
2026-06-15 16:51:51.374858,-9.799000,-10.008000
2026-06-15 16:51:51.374971,-9.671000,-9.924000
2026-06-15 16:51:51.375072,-9.669000,-10.064000
2026-06-15 16:51:51.375163,-9.897000,-9.999000
2026-06-15 16:51:51.375258,-9.936000,-10.182000
2026-06-15 16:51:51.375358,-10.508000,-10.523000
2026-06-15 16:51:51.375452,-9.965000,-10.157000
2026-06-15 16:51:51.375542,-9.592000,-9.884000
2026-06-15 16:51:51.375630,-9.468000,-9.890000
2026-06-15 16:51:51.375723,-9.716000,-10.029000
2026-06-15 16:51:51.375816,-9.923000,-10.093000
2026-06-15 16:51:51.377037,-9.883000,-10.173000
2026-06-15 16:51:51.380449,-10.446000,-10.508000
2026-06-15 16:51:51.381975,-9.940000,-10.085000
2026-06-15 16:51:51.382634,-9.608000,-9.834000
2026-06-15 16:51:51.398487,-9.574000,-9.829000
2026-06-15 16:51:51.425469,-9.577000,-9.962000
2026-06-15 16:51:51.428029,-9.801000,-10.009000
2026-06-15 16:51:51.432515,-9.777000,-10.070000
2026-06-15 16:51:51.444165,-10.395000,-10.461000
2026-06-15 16:51:51.447662,-9.943000,-10.106000
2026-06-15 16:51:51.452999,-9.585000,-9.819000
2026-06-15 16:51:51.455143,-9.425000,-9.785000
2026-06-15 16:51:51.477028,-9.584000,-9.947000
2026-06-15 16:51:51.483058,-9.725000,-9.969000
2026-06-15 16:51:51.485790,-9.735000,-9.983000
2026-06-15 16:51:51.495973,-10.393000,-10.389000
2026-06-15 16:51:51.500671,-9.937000,-10.021000
2026-06-15 16:51:51.508079,-9.547000,-9.753000
2026-06-15 16:51:51.520403,-9.459000,-9.797000
2026-06-15 16:51:51.520727,-9.558000,-9.913000
2026-06-15 16:51:51.520908,-9.718000,-9.877000
2026-06-15 16:51:51.521067,-9.741000,-9.978000
2026-06-15 16:51:51.521202,-10.362000,-10.401000
2026-06-15 16:51:51.521373,-9.903000,-9.999000
2026-06-15 16:51:51.521645,-9.512000,-9.735000
2026-06-15 16:51:51.521940,-9.425000,-9.749000
2026-06-15 16:51:51.522153,-9.458000,-9.888000
2026-06-15 16:51:51.522378,-9.688000,-9.893000
2026-06-15 16:51:51.522551,-9.681000,-9.959000
2026-06-15 16:51:51.522739,-10.324000,-10.338000
2026-06-15 16:51:51.522906,-9.870000,-9.980000
2026-06-15 16:51:51.523050,-9.496000,-9.688000
2026-06-15 16:51:51.523228,-9.403000,-9.736000
2026-06-15 16:51:51.523373,-9.410000,-9.890000
2026-06-15 16:51:51.523523,-9.662000,-9.896000
2026-06-15 16:51:51.526685,-9.665000,-9.917000
2026-06-15 16:51:51.533772,-10.289000,-10.295000
2026-06-15 16:51:51.535273,-9.871000,-9.945000
2026-06-15 16:51:51.538620,-9.477000,-9.668000
2026-06-15 16:51:51.540497,-9.385000,-9.696000
2026-06-15 16:51:51.540990,-9.399000,-9.841000
2026-06-15 16:51:51.541270,-9.625000,-9.887000
2026-06-15 16:51:51.541929,-9.659000,-9.848000
2026-06-15 16:51:51.546069,-10.267000,-10.210000
2026-06-15 16:51:51.571475,-9.857000,-9.850000
2026-06-15 16:51:51.574768,-9.455000,-9.663000
2026-06-15 16:51:51.575712,-9.345000,-9.652000
2026-06-15 16:51:51.576936,-9.355000,-9.825000
2026-06-15 16:51:51.577715,-9.583000,-9.872000
2026-06-15 16:51:51.580553,-9.591000,-9.845000
2026-06-15 16:51:51.584085,-10.234000,-10.234000
2026-06-15 16:51:51.604255,-9.834000,-9.915000
2026-06-15 16:51:51.611112,-9.450000,-9.622000
2026-06-15 16:51:51.613763,-9.303000,-9.588000
2026-06-15 16:51:51.615702,-9.312000,-9.823000
2026-06-15 16:51:51.622528,-9.576000,-9.823000
2026-06-15 16:51:51.625531,-9.577000,-9.846000
2026-06-15 16:51:51.634908,-10.198000,-10.197000
2026-06-15 16:51:51.635275,-9.834000,-9.860000
2026-06-15 16:51:51.635439,-9.417000,-9.605000
2026-06-15 16:51:51.635624,-9.267000,-9.569000
2026-06-15 16:51:51.656876,-9.315000,-9.785000
2026-06-15 16:51:51.657223,-9.552000,-9.820000
2026-06-15 16:51:51.660161,-9.590000,-9.815000
2026-06-15 16:51:51.664970,-10.186000,-10.189000
2026-06-15 16:51:51.674234,-9.792000,-9.794000
2026-06-15 16:51:51.693280,-9.379000,-9.567000
2026-06-15 16:51:51.710167,-9.248000,-9.529000
2026-06-15 16:51:51.710399,-9.289000,-9.768000
2026-06-15 16:51:51.716884,-9.558000,-9.807000
2026-06-15 16:51:51.725769,-9.523000,-9.806000
2026-06-15 16:51:51.727238,-10.141000,-10.136000
2026-06-15 16:51:51.728748,-9.810000,-9.800000
2026-06-15 16:51:51.741080,-9.382000,-9.564000
2026-06-15 16:51:51.741914,-9.238000,-9.449000
2026-06-15 16:51:51.742371,-9.262000,-9.742000
2026-06-15 16:51:51.742785,-9.489000,-9.788000
2026-06-15 16:51:51.742944,-9.497000,-9.795000
2026-06-15 16:51:51.743077,-10.110000,-10.120000
2026-06-15 16:51:51.743190,-9.832000,-9.798000
2026-06-15 16:51:51.749917,-9.385000,-9.564000
2026-06-15 16:51:51.750911,-9.226000,-9.508000
2026-06-15 16:51:51.751398,-9.229000,-9.716000
2026-06-15 16:51:51.751803,-9.479000,-9.757000
2026-06-15 16:51:51.752131,-9.523000,-9.746000
2026-06-15 16:51:51.752519,-10.100000,-10.120000
2026-06-15 16:51:51.752932,-9.823000,-9.794000
2026-06-15 16:51:51.753313,-9.386000,-9.530000
2026-06-15 16:51:51.760030,-9.165000,-9.496000
2026-06-15 16:51:51.761810,-9.218000,-9.705000
2026-06-15 16:51:51.789170,-9.475000,-9.747000
2026-06-15 16:51:51.791735,-9.491000,-9.736000
2026-06-15 16:51:51.828988,-10.038000,-10.099000
2026-06-15 16:51:51.836429,-9.823000,-9.790000
2026-06-15 16:51:51.847015,-9.361000,-9.552000
2026-06-15 16:51:51.848433,-9.177000,-9.495000
2026-06-15 16:51:51.864693,-9.185000,-9.723000
2026-06-15 16:51:51.889988,-9.488000,-9.716000
2026-06-15 16:51:51.919672,-9.469000,-9.738000
2026-06-15 16:51:51.920339,-9.983000,-10.079000
2026-06-15 16:51:51.929539,-9.827000,-9.777000
2026-06-15 16:51:51.944449,-9.382000,-9.531000
2026-06-15 16:51:51.957638,-9.144000,-9.444000
2026-06-15 16:51:51.958147,-9.176000,-9.688000
2026-06-15 16:51:51.958440,-9.440000,-9.733000
2026-06-15 16:51:51.958846,-9.440000,-9.718000
2026-06-15 16:51:51.993887,-9.970000,-10.076000
2026-06-15 16:51:51.998161,-9.836000,-9.758000
2026-06-15 16:51:52.003267,-9.368000,-9.521000
2026-06-15 16:51:52.005751,-9.120000,-9.449000
2026-06-15 16:51:52.006930,-9.152000,-9.692000
2026-06-15 16:51:52.007606,-9.413000,-9.672000
2026-06-15 16:51:52.008569,-9.464000,-9.710000
2026-06-15 16:51:52.009934,-9.891000,-10.087000
2026-06-15 16:51:52.025707,-9.846000,-9.751000
2026-06-15 16:51:52.027411,-9.378000,-9.525000
2026-06-15 16:51:52.031097,-9.103000,-9.517000
2026-06-15 16:51:52.032440,-9.139000,-9.616000
2026-06-15 16:51:52.032800,-9.387000,-9.697000
2026-06-15 16:51:52.040003,-9.432000,-9.651000
2026-06-15 16:51:52.040898,-9.672000,-10.116000
2026-06-15 16:51:52.042598,-9.934000,-9.766000
2026-06-15 16:51:52.043031,-9.409000,-9.497000
2026-06-15 16:51:52.043217,-9.082000,-9.486000
2026-06-15 16:51:52.043389,-9.111000,-9.577000
2026-06-15 16:51:52.043551,-9.367000,-9.647000
2026-06-15 16:51:52.043705,-9.427000,-9.671000
2026-06-15 16:51:52.046943,-9.522000,-10.098000
2026-06-15 16:51:52.047607,-9.970000,-9.820000
2026-06-15 16:51:52.052439,-9.429000,-9.543000
2026-06-15 16:51:52.077824,-9.068000,-9.502000
2026-06-15 16:51:52.080296,-9.073000,-9.524000
2026-06-15 16:51:52.080877,-9.172000,-9.818000
2026-06-15 16:51:52.099786,-9.048000,-9.841000
2026-06-15 16:51:52.117013,-9.075000,-10.098000
2026-06-15 16:51:52.117926,-9.312000,-10.212000
2026-06-15 16:51:52.120157,-9.328000,-10.352000
2026-06-15 16:51:52.126538,-9.991000,-10.757000
2026-06-15 16:51:52.132185,-9.613000,-10.437000
2026-06-15 16:51:52.155108,-9.227000,-10.203000
2026-06-15 16:51:52.160037,-9.125000,-10.258000
2026-06-15 16:51:52.169386,-9.185000,-10.482000
2026-06-15 16:51:52.174915,-9.457000,-10.583000
2026-06-15 16:51:52.180711,-9.510000,-10.674000
2026-06-15 16:51:52.182693,-10.220000,-11.101000
2026-06-15 16:51:52.209755,-9.866000,-10.816000
2026-06-15 16:51:52.220924,-9.519000,-10.590000
2026-06-15 16:51:52.233584,-9.467000,-10.618000
2026-06-15 16:51:52.239996,-9.607000,-10.844000
2026-06-15 16:51:52.244057,-9.909000,-10.948000
2026-06-15 16:51:52.252004,-9.981000,-11.019000
2026-06-15 16:51:52.252284,-10.668000,-11.452000
2026-06-15 16:51:52.252442,-10.340000,-11.108000
2026-06-15 16:51:52.252684,-10.001000,-10.894000
2026-06-15 16:51:52.253604,-9.939000,-10.948000
2026-06-15 16:51:52.253812,-10.055000,-11.172000
2026-06-15 16:51:52.253966,-10.304000,-11.281000
2026-06-15 16:51:52.254133,-10.386000,-11.284000
2026-06-15 16:51:52.254305,-11.056000,-11.800000
2026-06-15 16:51:52.254479,-10.690000,-11.452000
2026-06-15 16:51:52.254661,-10.343000,-11.248000
2026-06-15 16:51:52.254828,-10.316000,-11.262000
2026-06-15 16:51:52.254992,-10.419000,-11.544000
2026-06-15 16:51:52.255163,-10.688000,-11.658000
2026-06-15 16:51:52.255326,-10.758000,-11.761000
2026-06-15 16:51:52.255478,-11.454000,-12.194000
2026-06-15 16:51:52.255626,-11.096000,-11.873000
2026-06-15 16:51:52.255768,-10.805000,-11.705000
2026-06-15 16:51:52.256611,-10.699000,-11.765000
2026-06-15 16:51:52.258417,-10.983000,-11.968000
2026-06-15 16:51:52.259149,-11.161000,-12.078000
2026-06-15 16:51:52.263015,-11.208000,-12.152000
2026-06-15 16:51:52.264651,-11.855000,-12.541000
2026-06-15 16:51:52.265308,-11.422000,-12.187000
2026-06-15 16:51:52.266496,-11.100000,-11.992000
2026-06-15 16:51:52.279180,-10.943000,-12.047000
2026-06-15 16:51:52.279669,-11.207000,-12.221000
2026-06-15 16:51:52.285209,-11.372000,-12.288000
2026-06-15 16:51:52.291018,-11.435000,-12.434000
2026-06-15 16:51:52.292013,-12.043000,-12.758000
2026-06-15 16:51:52.293547,-11.640000,-12.391000
2026-06-15 16:51:52.295511,-11.334000,-12.059000
2026-06-15 16:51:52.296678,-11.219000,-12.233000
2026-06-15 16:51:52.296940,-11.495000,-12.507000
2026-06-15 16:51:52.329553,-11.641000,-12.521000
2026-06-15 16:51:52.332633,-11.708000,-12.757000
2026-06-15 16:51:52.333332,-12.314000,-12.970000
2026-06-15 16:51:52.334658,-11.890000,-12.629000
2026-06-15 16:51:52.336676,-11.570000,-12.462000
2026-06-15 16:51:52.337218,-11.439000,-12.546000
2026-06-15 16:51:52.388967,-11.780000,-12.724000
2026-06-15 16:51:52.402073,-11.901000,-12.783000
2026-06-15 16:51:52.411750,-11.944000,-13.048000
2026-06-15 16:51:52.415234,-12.532000,-13.153000
2026-06-15 16:51:52.426469,-12.088000,-12.831000
2026-06-15 16:51:52.432762,-11.783000,-12.702000
2026-06-15 16:51:52.440934,-11.649000,-12.751000
2026-06-15 16:51:52.443934,-12.030000,-12.959000
2026-06-15 16:51:52.444578,-12.167000,-13.030000
2026-06-15 16:51:52.444948,-12.199000,-13.348000
2026-06-15 16:51:52.445295,-12.768000,-13.366000
2026-06-15 16:51:52.446002,-12.326000,-13.026000
2026-06-15 16:51:52.465871,-11.985000,-12.883000
2026-06-15 16:51:52.476992,-11.852000,-12.979000
2026-06-15 16:51:52.494995,-12.224000,-13.160000
2026-06-15 16:51:52.500105,-12.350000,-13.136000
2026-06-15 16:51:52.500703,-12.412000,-13.625000
2026-06-15 16:51:52.509744,-12.960000,-13.471000
2026-06-15 16:51:52.513208,-12.492000,-13.215000
2026-06-15 16:51:52.534572,-12.165000,-13.109000
2026-06-15 16:51:52.545552,-12.091000,-13.175000
2026-06-15 16:51:52.545841,-12.465000,-13.387000
2026-06-15 16:51:52.546052,-12.569000,-13.435000
2026-06-15 16:51:52.546817,-12.653000,-13.905000
2026-06-15 16:51:52.567020,-13.224000,-13.680000
2026-06-15 16:51:52.571793,-12.748000,-13.331000
2026-06-15 16:51:52.578798,-12.392000,-13.336000
2026-06-15 16:51:52.580318,-12.343000,-13.385000
2026-06-15 16:51:52.580874,-12.702000,-13.591000
2026-06-15 16:51:52.581923,-12.839000,-13.538000
2026-06-15 16:51:52.582509,-12.854000,-14.097000
2026-06-15 16:51:52.585561,-13.432000,-13.863000
2026-06-15 16:51:52.610995,-12.952000,-13.654000
2026-06-15 16:51:52.618068,-12.578000,-13.609000
2026-06-15 16:51:52.631914,-12.661000,-13.673000
2026-06-15 16:51:52.649445,-12.920000,-13.785000
2026-06-15 16:51:52.650836,-12.980000,-13.795000
2026-06-15 16:51:52.654137,-13.012000,-14.214000
2026-06-15 16:51:52.682287,-13.524000,-13.838000
2026-06-15 16:51:52.699507,-12.965000,-13.621000
2026-06-15 16:51:52.699904,-12.599000,-13.579000
2026-06-15 16:51:52.701718,-12.582000,-13.593000
2026-06-15 16:51:52.737509,-12.868000,-13.633000
2026-06-15 16:51:52.744685,-12.902000,-13.627000
2026-06-15 16:51:52.764735,-12.981000,-14.058000
2026-06-15 16:51:52.771908,-13.455000,-13.825000
2026-06-15 16:51:52.801446,-12.917000,-13.570000
2026-06-15 16:51:52.807161,-12.530000,-13.538000
2026-06-15 16:51:52.820802,-12.570000,-13.638000
2026-06-15 16:51:52.873970,-12.821000,-13.639000
2026-06-15 16:51:52.882097,-12.882000,-13.671000
2026-06-15 16:51:52.908313,-13.057000,-14.077000
2026-06-15 16:51:52.912668,-13.368000,-13.768000
2026-06-15 16:51:52.945232,-12.867000,-13.491000
2026-06-15 16:51:52.957160,-12.511000,-13.475000
2026-06-15 16:51:52.966499,-12.515000,-13.613000
2026-06-15 16:51:52.994772,-12.809000,-13.609000
2026-06-15 16:51:53.023209,-12.838000,-13.649000
2026-06-15 16:51:53.049948,-13.130000,-14.051000
2026-06-15 16:51:53.074625,-13.288000,-13.719000
2026-06-15 16:51:53.076085,-12.812000,-13.476000
2026-06-15 16:51:53.076982,-12.479000,-13.286000
2026-06-15 16:51:53.078821,-12.510000,-13.593000
2026-06-15 16:51:53.093910,-12.787000,-13.557000
2026-06-15 16:51:53.094760,-12.827000,-13.620000
2026-06-15 16:51:53.095272,-13.161000,-14.020000
2026-06-15 16:51:53.095619,-13.231000,-13.687000
2026-06-15 16:51:53.104709,-12.761000,-13.446000
2026-06-15 16:51:53.109087,-12.477000,-13.269000
2026-06-15 16:51:53.109365,-12.511000,-13.600000
2026-06-15 16:51:53.109487,-12.786000,-13.553000
2026-06-15 16:51:53.109593,-12.803000,-13.550000
2026-06-15 16:51:53.109705,-13.190000,-13.984000
2026-06-15 16:51:53.109814,-13.185000,-13.642000
2026-06-15 16:51:53.117669,-12.707000,-13.365000
2026-06-15 16:51:53.130789,-12.486000,-13.272000
2026-06-15 16:51:53.133614,-12.516000,-13.562000
2026-06-15 16:51:53.135814,-12.738000,-13.525000
2026-06-15 16:51:53.138484,-12.747000,-13.572000
2026-06-15 16:51:53.140482,-13.282000,-13.833000
2026-06-15 16:51:53.180250,-13.114000,-13.611000
2026-06-15 16:51:53.180914,-12.648000,-13.351000
2026-06-15 16:51:53.183497,-12.436000,-13.281000
2026-06-15 16:51:53.192391,-12.480000,-13.517000
2026-06-15 16:51:53.193803,-12.741000,-13.508000
2026-06-15 16:51:53.223454,-12.753000,-13.570000
2026-06-15 16:51:53.227089,-13.336000,-13.915000
2026-06-15 16:51:53.234803,-13.077000,-13.589000
2026-06-15 16:51:53.242653,-12.613000,-13.333000
2026-06-15 16:51:53.257730,-12.438000,-13.059000
2026-06-15 16:51:53.268233,-12.450000,-13.499000
2026-06-15 16:51:53.291215,-12.735000,-13.526000
2026-06-15 16:51:53.297666,-12.715000,-13.529000
2026-06-15 16:51:53.298171,-13.386000,-13.900000
2026-06-15 16:51:53.300241,-12.997000,-13.560000
2026-06-15 16:51:53.301369,-12.583000,-13.280000
2026-06-15 16:51:53.304714,-12.466000,-13.265000
2026-06-15 16:51:53.306438,-12.478000,-13.483000
2026-06-15 16:51:53.306859,-12.726000,-13.496000
2026-06-15 16:51:53.307175,-12.719000,-13.389000
2026-06-15 16:51:53.309955,-13.344000,-13.900000
2026-06-15 16:51:53.310674,-12.954000,-13.489000
2026-06-15 16:51:53.312010,-12.524000,-13.184000
2026-06-15 16:51:53.312379,-12.430000,-13.178000
2026-06-15 16:51:53.315291,-12.485000,-13.493000
2026-06-15 16:51:53.331292,-12.664000,-13.488000
2026-06-15 16:51:53.332056,-12.700000,-13.515000
2026-06-15 16:51:53.334048,-13.321000,-13.854000
2026-06-15 16:51:53.369742,-12.935000,-13.534000
2026-06-15 16:51:53.375699,-12.526000,-13.243000
2026-06-15 16:51:53.388681,-12.420000,-13.238000
2026-06-15 16:51:53.395733,-12.491000,-13.473000
2026-06-15 16:51:53.408534,-12.672000,-13.496000
2026-06-15 16:51:53.420578,-12.685000,-13.514000
2026-06-15 16:51:53.421967,-13.340000,-13.895000
2026-06-15 16:51:53.424098,-12.852000,-13.467000
2026-06-15 16:51:53.425600,-12.462000,-13.237000
2026-06-15 16:51:53.426117,-12.376000,-13.271000
2026-06-15 16:51:53.426654,-12.528000,-13.470000
2026-06-15 16:51:53.429755,-12.651000,-13.469000
2026-06-15 16:51:53.430428,-12.682000,-13.580000
2026-06-15 16:51:53.441433,-13.259000,-13.857000
2026-06-15 16:51:53.442207,-12.769000,-13.464000
2026-06-15 16:51:53.442632,-12.443000,-13.258000
2026-06-15 16:51:53.443324,-12.306000,-13.257000
2026-06-15 16:51:53.452439,-12.539000,-13.455000
2026-06-15 16:51:53.460172,-12.651000,-13.468000
2026-06-15 16:51:53.462162,-12.653000,-13.606000
2026-06-15 16:51:53.477958,-13.230000,-13.806000
2026-06-15 16:51:53.478256,-12.770000,-13.398000
2026-06-15 16:51:53.484160,-12.396000,-13.230000
2026-06-15 16:51:53.484547,-12.269000,-13.255000
2026-06-15 16:51:53.484784,-12.566000,-13.422000
2026-06-15 16:51:53.493009,-12.629000,-13.444000
2026-06-15 16:51:53.503511,-12.649000,-13.603000
2026-06-15 16:51:53.504617,-13.213000,-13.796000
2026-06-15 16:51:53.508154,-12.741000,-13.402000
2026-06-15 16:51:53.515330,-12.374000,-13.246000
2026-06-15 16:51:53.516217,-12.199000,-13.233000
2026-06-15 16:51:53.516957,-12.515000,-13.434000
2026-06-15 16:51:53.517416,-12.618000,-13.321000
2026-06-15 16:51:53.517910,-12.625000,-13.660000
2026-06-15 16:51:53.518088,-13.181000,-13.702000
2026-06-15 16:51:53.518740,-12.702000,-13.339000
2026-06-15 16:51:53.518936,-12.343000,-13.245000
2026-06-15 16:51:53.519096,-12.152000,-13.259000
2026-06-15 16:51:53.519365,-12.525000,-13.426000
2026-06-15 16:51:53.526120,-12.616000,-13.431000
2026-06-15 16:51:53.541990,-12.636000,-13.842000
2026-06-15 16:51:53.550238,-13.165000,-13.653000
2026-06-15 16:51:53.550610,-12.657000,-13.317000
2026-06-15 16:51:53.551050,-12.278000,-13.243000
2026-06-15 16:51:53.556546,-12.158000,-13.232000
2026-06-15 16:51:53.586171,-12.495000,-13.374000
2026-06-15 16:51:53.586548,-12.594000,-13.375000
2026-06-15 16:51:53.586723,-12.599000,-13.841000
2026-06-15 16:51:53.586857,-13.142000,-13.620000
2026-06-15 16:51:53.586961,-12.638000,-13.311000
2026-06-15 16:51:53.596800,-12.273000,-13.232000
2026-06-15 16:51:53.603946,-12.223000,-13.139000
2026-06-15 16:51:53.615744,-12.518000,-13.385000
2026-06-15 16:51:53.625189,-12.597000,-13.307000
2026-06-15 16:51:53.635782,-12.619000,-13.843000
2026-06-15 16:51:53.637273,-13.148000,-13.581000
2026-06-15 16:51:53.637519,-12.652000,-13.292000
2026-06-15 16:51:53.639515,-12.252000,-13.224000
2026-06-15 16:51:53.639742,-12.230000,-13.267000
2026-06-15 16:51:53.641069,-12.510000,-13.389000
2026-06-15 16:51:53.647569,-12.589000,-13.322000
2026-06-15 16:51:53.653050,-12.629000,-13.819000
2026-06-15 16:51:53.668556,-13.155000,-13.526000
2026-06-15 16:51:53.673963,-12.634000,-13.235000
2026-06-15 16:51:53.688179,-12.239000,-13.210000
2026-06-15 16:51:53.710663,-12.243000,-13.315000
2026-06-15 16:51:53.716460,-12.533000,-13.374000
2026-06-15 16:51:53.717365,-12.594000,-13.383000
2026-06-15 16:51:53.717831,-12.695000,-13.831000
2026-06-15 16:51:53.718190,-13.124000,-13.489000
2026-06-15 16:51:53.721735,-12.596000,-13.257000
2026-06-15 16:51:53.723225,-12.227000,-13.161000
2026-06-15 16:51:53.749416,-12.242000,-13.304000
2026-06-15 16:51:53.754290,-12.547000,-13.300000
2026-06-15 16:51:53.754878,-12.585000,-13.384000
2026-06-15 16:51:53.762185,-12.772000,-13.801000
2026-06-15 16:51:53.763716,-13.085000,-13.420000
2026-06-15 16:51:53.764008,-12.596000,-13.213000
2026-06-15 16:51:53.764198,-12.243000,-13.152000
2026-06-15 16:51:53.772760,-12.232000,-13.307000
2026-06-15 16:51:53.787810,-12.518000,-13.335000
2026-06-15 16:51:53.794725,-12.569000,-13.357000
2026-06-15 16:51:53.797580,-12.813000,-13.767000
2026-06-15 16:51:53.828041,-13.052000,-13.430000
2026-06-15 16:51:53.833449,-12.534000,-13.186000
2026-06-15 16:51:53.834084,-12.241000,-13.087000
2026-06-15 16:51:53.836840,-12.255000,-13.359000
2026-06-15 16:51:53.849475,-12.530000,-13.333000
2026-06-15 16:51:53.877477,-12.561000,-13.386000
2026-06-15 16:51:53.877615,-12.948000,-13.744000
2026-06-15 16:51:53.883146,-12.999000,-13.410000
2026-06-15 16:51:53.883317,-12.525000,-13.190000
2026-06-15 16:51:53.883422,-12.221000,-13.031000
2026-06-15 16:51:53.883526,-12.265000,-13.307000
2026-06-15 16:51:53.885560,-12.546000,-13.327000
2026-06-15 16:51:53.890741,-12.532000,-13.288000
2026-06-15 16:51:53.912596,-13.019000,-13.723000
2026-06-15 16:51:53.948321,-12.961000,-13.404000
2026-06-15 16:51:53.972460,-12.465000,-13.162000
2026-06-15 16:51:53.974425,-12.221000,-13.027000
2026-06-15 16:51:53.976339,-12.266000,-13.329000
2026-06-15 16:51:53.976618,-12.533000,-13.339000
2026-06-15 16:51:53.976802,-12.541000,-13.347000
2026-06-15 16:51:53.977011,-13.089000,-13.686000
2026-06-15 16:51:53.977180,-12.877000,-13.373000
2026-06-15 16:51:54.013149,-12.442000,-13.131000
2026-06-15 16:51:54.028158,-12.273000,-13.017000
2026-06-15 16:51:54.030033,-12.240000,-13.299000
2026-06-15 16:51:54.067755,-12.520000,-13.313000
2026-06-15 16:51:54.072304,-12.540000,-13.347000
2026-06-15 16:51:54.099239,-13.110000,-13.683000
2026-06-15 16:51:54.104493,-12.827000,-13.362000
2026-06-15 16:51:54.108774,-12.369000,-13.037000
2026-06-15 16:51:54.116637,-12.262000,-12.968000
2026-06-15 16:51:54.116897,-12.257000,-13.232000
2026-06-15 16:51:54.117038,-12.537000,-13.278000
2026-06-15 16:51:54.117158,-12.518000,-13.292000
2026-06-15 16:51:54.117277,-13.144000,-13.675000
2026-06-15 16:51:54.117396,-12.778000,-13.331000
2026-06-15 16:51:54.121617,-12.396000,-13.075000
2026-06-15 16:51:54.139954,-12.253000,-13.057000
2026-06-15 16:51:54.141958,-12.307000,-13.281000
2026-06-15 16:51:54.158687,-12.510000,-13.309000
2026-06-15 16:51:54.158971,-12.523000,-13.314000
2026-06-15 16:51:54.159373,-13.160000,-13.674000
2026-06-15 16:51:54.162282,-12.730000,-13.289000
2026-06-15 16:51:54.162985,-12.348000,-13.028000
2026-06-15 16:51:54.163681,-12.241000,-13.068000
2026-06-15 16:51:54.165331,-12.307000,-13.208000
2026-06-15 16:51:54.165613,-12.504000,-13.302000
2026-06-15 16:51:54.165793,-12.490000,-13.305000
2026-06-15 16:51:54.165943,-13.134000,-13.712000
2026-06-15 16:51:54.166085,-12.656000,-13.305000
2026-06-15 16:51:54.166244,-12.319000,-13.072000
2026-06-15 16:51:54.166414,-12.207000,-13.093000
2026-06-15 16:51:54.168137,-12.329000,-13.283000
2026-06-15 16:51:54.168445,-12.493000,-13.312000
2026-06-15 16:51:54.168658,-12.500000,-13.266000
2026-06-15 16:51:54.168863,-13.096000,-13.701000
2026-06-15 16:51:54.186450,-12.625000,-13.286000
2026-06-15 16:51:54.193367,-12.274000,-12.987000
2026-06-15 16:51:54.201126,-12.166000,-13.063000
2026-06-15 16:51:54.202266,-12.344000,-13.210000
2026-06-15 16:51:54.204632,-12.520000,-13.286000
2026-06-15 16:51:54.215173,-12.502000,-13.336000
2026-06-15 16:51:54.215418,-13.103000,-13.686000
2026-06-15 16:51:54.215573,-12.602000,-13.225000
2026-06-15 16:51:54.215729,-12.275000,-13.048000
2026-06-15 16:51:54.228767,-12.063000,-13.091000
2026-06-15 16:51:54.238701,-12.378000,-13.258000
2026-06-15 16:51:54.257792,-12.457000,-13.290000
2026-06-15 16:51:54.261150,-12.476000,-13.481000
2026-06-15 16:51:54.284389,-13.077000,-13.625000
2026-06-15 16:51:54.284766,-12.572000,-13.238000
2026-06-15 16:51:54.284972,-12.237000,-13.040000
2026-06-15 16:51:54.285162,-12.029000,-13.053000
2026-06-15 16:51:54.285327,-12.363000,-13.255000
2026-06-15 16:51:54.303894,-12.473000,-13.268000
2026-06-15 16:51:54.306100,-12.491000,-13.558000
2026-06-15 16:51:54.306768,-13.024000,-13.477000
2026-06-15 16:51:54.328521,-12.534000,-13.220000
2026-06-15 16:51:54.330447,-12.195000,-13.079000
2026-06-15 16:51:54.330969,-12.055000,-13.093000
2026-06-15 16:51:54.343537,-12.362000,-13.247000
2026-06-15 16:51:54.352439,-12.455000,-13.279000
2026-06-15 16:51:54.356079,-12.488000,-13.601000
2026-06-15 16:51:54.364510,-12.981000,-13.502000
2026-06-15 16:51:54.380915,-12.506000,-13.089000
2026-06-15 16:51:54.392118,-12.175000,-13.062000
2026-06-15 16:51:54.402759,-11.981000,-13.061000
2026-06-15 16:51:54.404013,-12.365000,-13.231000
2026-06-15 16:51:54.405032,-12.449000,-13.193000
2026-06-15 16:51:54.431412,-12.486000,-13.657000
2026-06-15 16:51:54.440080,-12.975000,-13.516000
2026-06-15 16:51:54.455004,-12.488000,-13.168000
2026-06-15 16:51:54.476916,-12.083000,-13.057000
2026-06-15 16:51:54.480384,-12.042000,-13.085000
2026-06-15 16:51:54.480927,-12.337000,-13.240000
2026-06-15 16:51:54.481189,-12.443000,-13.250000
2026-06-15 16:51:54.481381,-12.451000,-13.693000
2026-06-15 16:51:54.484164,-12.991000,-13.444000
2026-06-15 16:51:54.484454,-12.480000,-13.154000
2026-06-15 16:51:54.484711,-12.101000,-13.045000
2026-06-15 16:51:54.484917,-12.096000,-13.085000
2026-06-15 16:51:54.486370,-12.356000,-13.179000
2026-06-15 16:51:54.486706,-12.443000,-13.217000
2026-06-15 16:51:54.487630,-12.459000,-13.659000
2026-06-15 16:51:54.511044,-12.974000,-13.417000
2026-06-15 16:51:54.515457,-12.439000,-13.143000
2026-06-15 16:51:54.516385,-12.081000,-13.044000
2026-06-15 16:51:54.521624,-12.080000,-13.119000
2026-06-15 16:51:54.548262,-12.336000,-13.235000
2026-06-15 16:51:54.559344,-12.432000,-13.245000
2026-06-15 16:51:54.609553,-12.476000,-13.609000
2026-06-15 16:51:54.628567,-12.977000,-13.394000
2026-06-15 16:51:54.633806,-12.438000,-13.115000
2026-06-15 16:51:54.636833,-12.093000,-13.073000
2026-06-15 16:51:54.638888,-12.076000,-13.152000
2026-06-15 16:51:54.639560,-12.357000,-13.210000
2026-06-15 16:51:54.673871,-12.433000,-13.237000
2026-06-15 16:51:54.675273,-12.472000,-13.670000
2026-06-15 16:51:54.683842,-12.980000,-13.370000
2026-06-15 16:51:54.706799,-12.455000,-13.120000
2026-06-15 16:51:54.707804,-12.061000,-13.006000
2026-06-15 16:51:54.709079,-12.062000,-13.112000
2026-06-15 16:51:54.726944,-12.329000,-13.201000
2026-06-15 16:51:54.731720,-12.413000,-13.233000
2026-06-15 16:51:54.732345,-12.453000,-13.624000
2026-06-15 16:51:54.749473,-12.971000,-13.379000
2026-06-15 16:51:54.750042,-12.432000,-13.085000
2026-06-15 16:51:54.755078,-12.057000,-13.023000
2026-06-15 16:51:54.849123,-12.044000,-13.089000
2026-06-15 16:51:54.853892,-12.350000,-13.188000
2026-06-15 16:51:54.860370,-12.415000,-13.225000
2026-06-15 16:51:54.874234,-3.982000,-5.331000
2026-06-15 16:51:54.874831,-4.018000,-5.070000
2026-06-15 16:51:54.875221,-4.576000,-5.149000
2026-06-15 16:51:54.875691,-4.012000,-4.582000
2026-06-15 16:51:54.883118,-3.429000,-4.291000
2026-06-15 16:51:54.894637,-3.218000,-4.374000
2026-06-15 16:51:54.894943,-3.191000,-4.662000
2026-06-15 16:51:54.960777,-3.404000,-4.692000
2026-06-15 16:51:54.978254,-3.345000,-4.518000
2026-06-15 16:51:54.978495,-3.954000,-4.733000
2026-06-15 16:51:54.978676,-3.665000,-4.327000
2026-06-15 16:51:55.013337,-3.340000,-4.127000
2026-06-15 16:51:55.030932,-3.267000,-4.311000
2026-06-15 16:51:55.031247,-3.233000,-4.693000
2026-06-15 16:51:55.045089,-3.388000,-4.796000
2026-06-15 16:51:55.087059,-3.378000,-4.686000
2026-06-15 16:51:55.094319,-4.033000,-4.805000
2026-06-15 16:51:55.098988,-3.803000,-4.394000
2026-06-15 16:51:55.147231,-3.395000,-4.147000
2026-06-15 16:51:55.168983,-3.172000,-4.148000
2026-06-15 16:51:55.173873,-3.151000,-4.589000
2026-06-15 16:51:55.174311,-3.346000,-4.705000
2026-06-15 16:51:55.185619,-3.380000,-4.672000
2026-06-15 16:51:55.189230,-4.038000,-4.878000
2026-06-15 16:51:55.191623,-3.851000,-4.465000
2026-06-15 16:51:55.192240,-3.410000,-4.203000
2026-06-15 16:51:55.192611,-3.150000,-4.203000
2026-06-15 16:51:55.194538,-3.210000,-4.584000
2026-06-15 16:51:55.195382,-3.437000,-4.698000
2026-06-15 16:51:55.197787,-3.470000,-4.689000
2026-06-15 16:51:55.199299,-4.028000,-4.954000
2026-06-15 16:51:55.211655,-3.891000,-4.500000
2026-06-15 16:51:55.212311,-3.391000,-4.251000
2026-06-15 16:51:55.271171,-3.164000,-4.275000
2026-06-15 16:51:55.293243,-3.187000,-4.564000
2026-06-15 16:51:55.311763,-3.457000,-4.726000
2026-06-15 16:51:55.323346,-3.485000,-4.703000
2026-06-15 16:51:55.330474,-3.964000,-5.004000
2026-06-15 16:51:55.364216,-3.898000,-4.577000
2026-06-15 16:51:55.365256,-3.436000,-4.254000
2026-06-15 16:51:55.373838,-3.207000,-4.256000
2026-06-15 16:51:55.380972,-3.243000,-4.532000
2026-06-15 16:51:55.381393,-3.470000,-4.728000
2026-06-15 16:51:55.381670,-3.463000,-4.751000
2026-06-15 16:51:55.384423,-3.880000,-5.056000
2026-06-15 16:51:55.384707,-3.926000,-4.624000
2026-06-15 16:51:55.384855,-3.468000,-4.321000
2026-06-15 16:51:55.384964,-3.220000,-4.312000
2026-06-15 16:51:55.385079,-3.228000,-4.524000
2026-06-15 16:51:55.404904,-3.466000,-4.701000
2026-06-15 16:51:55.416696,-3.485000,-4.756000
2026-06-15 16:51:55.416851,-3.855000,-5.130000
2026-06-15 16:51:55.416972,-3.964000,-4.691000
2026-06-15 16:51:55.417080,-3.504000,-4.350000
2026-06-15 16:51:55.417205,-3.236000,-4.299000
2026-06-15 16:51:55.417354,-3.264000,-4.438000
2026-06-15 16:51:55.417476,-3.447000,-4.664000
2026-06-15 16:51:55.417591,-3.514000,-4.695000
2026-06-15 16:51:55.419658,-3.839000,-5.112000
2026-06-15 16:51:55.429730,-4.042000,-4.685000
2026-06-15 16:51:55.431195,-3.566000,-4.426000
2026-06-15 16:51:55.431590,-3.231000,-4.380000
2026-06-15 16:51:55.432149,-3.219000,-4.467000
2026-06-15 16:51:55.432856,-3.477000,-4.661000
2026-06-15 16:51:55.440046,-3.548000,-4.653000
2026-06-15 16:51:55.440586,-3.796000,-5.127000
2026-06-15 16:51:55.440804,-4.082000,-4.721000
2026-06-15 16:51:55.442208,-3.546000,-4.417000
2026-06-15 16:51:55.442541,-3.165000,-4.325000
2026-06-15 16:51:55.445289,-3.254000,-4.479000
2026-06-15 16:51:55.445868,-3.514000,-4.628000
2026-06-15 16:51:55.479192,-3.554000,-4.699000
2026-06-15 16:51:55.509789,-3.687000,-5.167000
2026-06-15 16:51:55.514340,-4.051000,-4.773000
2026-06-15 16:51:55.542366,-3.530000,-4.458000
2026-06-15 16:51:55.565521,-3.184000,-4.402000
2026-06-15 16:51:55.566328,-3.224000,-4.420000
2026-06-15 16:51:55.601843,-3.513000,-4.640000
2026-06-15 16:51:55.636994,-3.540000,-4.683000
2026-06-15 16:51:55.637997,-3.626000,-5.129000
2026-06-15 16:51:55.638741,-4.084000,-4.753000
2026-06-15 16:51:55.639464,-3.569000,-4.497000
2026-06-15 16:51:55.640439,-3.207000,-4.426000
2026-06-15 16:51:55.680813,-3.223000,-4.445000
2026-06-15 16:51:55.685995,-3.485000,-4.620000
2026-06-15 16:51:55.695978,-3.540000,-4.657000
2026-06-15 16:51:55.704595,-3.598000,-5.117000
2026-06-15 16:51:55.705553,-4.126000,-4.809000
2026-06-15 16:51:55.719783,-3.589000,-4.505000
2026-06-15 16:51:55.733828,-3.198000,-4.414000
2026-06-15 16:51:55.735013,-3.251000,-4.424000
2026-06-15 16:51:55.736284,-3.465000,-4.595000
2026-06-15 16:51:55.736727,-3.540000,-4.665000
2026-06-15 16:51:55.737184,-3.581000,-5.137000
2026-06-15 16:51:55.740298,-4.098000,-4.825000
2026-06-15 16:51:55.758027,-3.549000,-4.522000
2026-06-15 16:51:55.771428,-3.144000,-4.427000
2026-06-15 16:51:55.773855,-3.243000,-4.414000
2026-06-15 16:51:55.776345,-3.461000,-4.610000
2026-06-15 16:51:55.778327,-3.527000,-4.648000
2026-06-15 16:51:55.780056,-3.549000,-5.118000
2026-06-15 16:51:55.780350,-4.071000,-4.845000
2026-06-15 16:51:55.780686,-3.555000,-4.555000
2026-06-15 16:51:55.800963,-3.199000,-4.411000
2026-06-15 16:51:55.803307,-3.182000,-4.434000
2026-06-15 16:51:55.803960,-3.465000,-4.565000
2026-06-15 16:51:55.812849,-3.508000,-4.643000
2026-06-15 16:51:55.813095,-3.530000,-5.076000
2026-06-15 16:51:55.814169,-4.061000,-4.859000
2026-06-15 16:51:55.814744,-3.575000,-4.571000
2026-06-15 16:51:55.819471,-3.192000,-4.448000
2026-06-15 16:51:55.820688,-3.175000,-4.484000
2026-06-15 16:51:55.842501,-3.416000,-4.584000
2026-06-15 16:51:55.842865,-3.517000,-4.618000
2026-06-15 16:51:55.843174,-3.541000,-5.062000
2026-06-15 16:51:55.843569,-4.080000,-4.859000
2026-06-15 16:51:55.853111,-3.597000,-4.562000
2026-06-15 16:51:55.875447,-3.211000,-4.448000
2026-06-15 16:51:55.890738,-3.172000,-4.460000
2026-06-15 16:51:55.891205,-3.428000,-4.578000
2026-06-15 16:51:55.892279,-3.545000,-4.615000
2026-06-15 16:51:55.897082,-3.550000,-5.015000
2026-06-15 16:51:55.901308,-4.092000,-4.831000
2026-06-15 16:51:55.901520,-3.597000,-4.546000
2026-06-15 16:51:55.901684,-3.205000,-4.434000
2026-06-15 16:51:55.905897,-3.151000,-4.431000
2026-06-15 16:51:55.907540,-3.415000,-4.591000
2026-06-15 16:51:55.918982,-3.537000,-4.638000
2026-06-15 16:51:55.940276,-3.536000,-4.985000
2026-06-15 16:51:55.940734,-4.058000,-4.874000
2026-06-15 16:51:55.940886,-3.588000,-4.557000
2026-06-15 16:51:55.941035,-3.235000,-4.438000
2026-06-15 16:51:55.941254,-3.111000,-4.438000
2026-06-15 16:51:55.941475,-3.416000,-4.586000
2026-06-15 16:51:55.950837,-3.507000,-4.593000
2026-06-15 16:51:55.955352,-3.551000,-4.956000
2026-06-15 16:51:55.965832,-4.060000,-4.901000
2026-06-15 16:51:55.971960,-3.608000,-4.599000
2026-06-15 16:51:55.980617,-3.245000,-4.449000
2026-06-15 16:51:55.981774,-3.185000,-4.487000
2026-06-15 16:51:55.982062,-3.334000,-4.572000
2026-06-15 16:51:56.011763,-3.504000,-4.611000
2026-06-15 16:51:56.014700,-3.539000,-4.918000
2026-06-15 16:51:56.035491,-4.075000,-4.901000
2026-06-15 16:51:56.051079,-3.606000,-4.581000
2026-06-15 16:51:56.051381,-3.259000,-4.439000
2026-06-15 16:51:56.051546,-3.176000,-4.428000
2026-06-15 16:51:56.051690,-3.334000,-4.609000
2026-06-15 16:51:56.051824,-3.528000,-4.616000
2026-06-15 16:51:56.052012,-3.585000,-4.872000
2026-06-15 16:51:56.060510,-4.074000,-4.932000
2026-06-15 16:51:56.065528,-3.614000,-4.604000
2026-06-15 16:51:56.111230,-3.269000,-4.419000
2026-06-15 16:51:56.140237,-3.151000,-4.446000
2026-06-15 16:51:56.151765,-3.381000,-4.607000
2026-06-15 16:51:56.157912,-3.496000,-4.605000
2026-06-15 16:51:56.159183,-3.549000,-4.868000
2026-06-15 16:51:56.161318,-4.092000,-4.950000
2026-06-15 16:51:56.170178,-3.638000,-4.605000
2026-06-15 16:51:56.184578,-3.276000,-4.416000
2026-06-15 16:51:56.188273,-3.139000,-4.450000
2026-06-15 16:51:56.188507,-3.368000,-4.586000
2026-06-15 16:51:56.188646,-3.504000,-4.603000
2026-06-15 16:51:56.188786,-3.530000,-4.808000
2026-06-15 16:51:56.189028,-4.122000,-4.968000
2026-06-15 16:51:56.189331,-3.651000,-4.634000
2026-06-15 16:51:56.189474,-3.293000,-4.451000
2026-06-15 16:51:56.189593,-3.155000,-4.459000
2026-06-15 16:51:56.189717,-3.345000,-4.576000
2026-06-15 16:51:56.189827,-3.521000,-4.613000
2026-06-15 16:51:56.189928,-3.560000,-4.753000
2026-06-15 16:51:56.190029,-4.175000,-5.011000
2026-06-15 16:51:56.190134,-3.675000,-4.617000
2026-06-15 16:51:56.190237,-3.323000,-4.432000
2026-06-15 16:51:56.190344,-3.182000,-4.487000
2026-06-15 16:51:56.190453,-3.334000,-4.545000
2026-06-15 16:51:56.190554,-3.550000,-4.605000
2026-06-15 16:51:56.190661,-3.550000,-4.719000
2026-06-15 16:51:56.190758,-4.163000,-4.992000
2026-06-15 16:51:56.190848,-3.678000,-4.632000
2026-06-15 16:51:56.190938,-3.337000,-4.385000
2026-06-15 16:51:56.191029,-3.292000,-4.453000
2026-06-15 16:51:56.191124,-3.280000,-4.576000
2026-06-15 16:51:56.191215,-3.531000,-4.621000
2026-06-15 16:51:56.191305,-3.553000,-4.671000
2026-06-15 16:51:56.191396,-4.178000,-5.029000
2026-06-15 16:51:56.191483,-3.732000,-4.655000
2026-06-15 16:51:56.191572,-3.359000,-4.416000
2026-06-15 16:51:56.191661,-3.274000,-4.383000
2026-06-15 16:51:56.191750,-3.298000,-4.595000
2026-06-15 16:51:56.194843,-3.507000,-4.610000
2026-06-15 16:51:56.207994,-3.555000,-4.614000
2026-06-15 16:51:56.208736,-4.171000,-5.019000
2026-06-15 16:51:56.224021,-3.730000,-4.635000
2026-06-15 16:51:56.226870,-3.358000,-4.413000
2026-06-15 16:51:56.234340,-3.287000,-4.431000
2026-06-15 16:51:56.241705,-3.313000,-4.595000
2026-06-15 16:51:56.249648,-3.515000,-4.640000
2026-06-15 16:51:56.249811,-3.540000,-4.624000
2026-06-15 16:51:56.249937,-4.170000,-5.005000
2026-06-15 16:51:56.250047,-3.765000,-4.662000
2026-06-15 16:51:56.250159,-3.379000,-4.396000
2026-06-15 16:51:56.250272,-3.262000,-4.439000
2026-06-15 16:51:56.250387,-3.274000,-4.589000
2026-06-15 16:51:56.250498,-3.516000,-4.635000
2026-06-15 16:51:56.250623,-3.525000,-4.633000
2026-06-15 16:51:56.250746,-4.148000,-5.007000
2026-06-15 16:51:56.250858,-3.784000,-4.650000
2026-06-15 16:51:56.250970,-3.381000,-4.415000
2026-06-15 16:51:56.251082,-3.245000,-4.383000
2026-06-15 16:51:56.251190,-3.263000,-4.565000
2026-06-15 16:51:56.251302,-3.533000,-4.628000
2026-06-15 16:51:56.251420,-3.525000,-4.599000
2026-06-15 16:51:56.251532,-4.150000,-4.968000
2026-06-15 16:51:56.251642,-3.813000,-4.634000
2026-06-15 16:51:56.251748,-3.402000,-4.407000
2026-06-15 16:51:56.256092,-3.253000,-4.376000
2026-06-15 16:51:56.256539,-3.284000,-4.561000
2026-06-15 16:51:56.256669,-3.536000,-4.649000
2026-06-15 16:51:56.264020,-3.548000,-4.616000
2026-06-15 16:51:56.264203,-4.139000,-4.971000
2026-06-15 16:51:56.264316,-3.837000,-4.630000
2026-06-15 16:51:56.268215,-3.419000,-4.409000
2026-06-15 16:51:56.268353,-3.268000,-4.389000
2026-06-15 16:51:56.268496,-3.276000,-4.592000
2026-06-15 16:51:56.268653,-3.535000,-4.643000
2026-06-15 16:51:56.268818,-3.532000,-4.641000
2026-06-15 16:51:56.268958,-4.120000,-4.986000
2026-06-15 16:51:56.269818,-3.859000,-4.659000
2026-06-15 16:51:56.269976,-3.423000,-4.423000
2026-06-15 16:51:56.270080,-3.227000,-4.391000
2026-06-15 16:51:56.270175,-3.278000,-4.572000
2026-06-15 16:51:56.270269,-3.538000,-4.644000
2026-06-15 16:51:56.270363,-3.551000,-4.655000
2026-06-15 16:51:56.270457,-4.130000,-4.978000
2026-06-15 16:51:56.270553,-3.902000,-4.692000
2026-06-15 16:51:56.270650,-3.416000,-4.434000
2026-06-15 16:51:56.270743,-3.238000,-4.410000
2026-06-15 16:51:56.275817,-3.261000,-4.555000
2026-06-15 16:51:56.280670,-3.537000,-4.639000
2026-06-15 16:51:56.294418,-3.587000,-4.619000
2026-06-15 16:51:56.305417,-4.082000,-4.972000
2026-06-15 16:51:56.305571,-3.939000,-4.670000
2026-06-15 16:51:56.305682,-3.465000,-4.431000
2026-06-15 16:51:56.305783,-3.224000,-4.420000
2026-06-15 16:51:56.305903,-3.243000,-4.550000
2026-06-15 16:51:56.306025,-3.539000,-4.640000
2026-06-15 16:51:56.306127,-3.517000,-4.618000
2026-06-15 16:51:56.306219,-4.033000,-5.000000
2026-06-15 16:51:56.306309,-3.935000,-4.692000
2026-06-15 16:51:56.306399,-3.463000,-4.462000
2026-06-15 16:51:56.306488,-3.221000,-4.439000
2026-06-15 16:51:56.316122,-3.252000,-4.562000
2026-06-15 16:51:56.348808,-3.526000,-4.622000
2026-06-15 16:51:56.356669,-3.544000,-4.651000
2026-06-15 16:51:56.358003,-3.973000,-5.011000
2026-06-15 16:51:56.358957,-3.966000,-4.681000
2026-06-15 16:51:56.359372,-3.485000,-4.471000
2026-06-15 16:51:56.360242,-3.223000,-4.412000
2026-06-15 16:51:56.360859,-3.274000,-4.540000
2026-06-15 16:51:56.361471,-3.531000,-4.643000
2026-06-15 16:51:56.385793,-3.559000,-4.604000
2026-06-15 16:51:56.386042,-3.942000,-5.019000
2026-06-15 16:51:56.386156,-4.019000,-4.711000
2026-06-15 16:51:56.386259,-3.517000,-4.494000
2026-06-15 16:51:56.386356,-3.207000,-4.466000
2026-06-15 16:51:56.386455,-3.235000,-4.515000
2026-06-15 16:51:56.386559,-3.514000,-4.616000
2026-06-15 16:51:56.386670,-3.541000,-4.626000
2026-06-15 16:51:56.386791,-3.811000,-5.055000
2026-06-15 16:51:56.386899,-4.045000,-4.706000
2026-06-15 16:51:56.387007,-3.561000,-4.489000
2026-06-15 16:51:56.387120,-3.174000,-4.469000
2026-06-15 16:51:56.387225,-3.218000,-4.549000
2026-06-15 16:51:56.387331,-3.507000,-4.645000
2026-06-15 16:51:56.387441,-3.585000,-4.629000
2026-06-15 16:51:56.387549,-3.788000,-5.039000
2026-06-15 16:51:56.387651,-4.063000,-4.690000
2026-06-15 16:51:56.387746,-3.553000,-4.477000
2026-06-15 16:51:56.398346,-3.215000,-4.466000
2026-06-15 16:51:56.398525,-3.247000,-4.514000
2026-06-15 16:51:56.398626,-3.486000,-4.639000
2026-06-15 16:51:56.398718,-3.564000,-4.620000
2026-06-15 16:51:56.398808,-3.719000,-5.049000
2026-06-15 16:51:56.398899,-4.111000,-4.743000
2026-06-15 16:51:56.398990,-3.555000,-4.500000
2026-06-15 16:51:56.399083,-3.219000,-4.492000
2026-06-15 16:51:56.399174,-3.220000,-4.501000
2026-06-15 16:51:56.399266,-3.474000,-4.647000
2026-06-15 16:51:56.399370,-3.540000,-4.633000
2026-06-15 16:51:56.399463,-3.643000,-5.042000
2026-06-15 16:51:56.399554,-4.129000,-4.749000
2026-06-15 16:51:56.399645,-3.556000,-4.517000
2026-06-15 16:51:56.399735,-3.211000,-4.491000
2026-06-15 16:51:56.402240,-3.200000,-4.471000
2026-06-15 16:51:56.404943,-3.472000,-4.644000
2026-06-15 16:51:56.406074,-3.559000,-4.637000
2026-06-15 16:51:56.406440,-3.623000,-5.071000
2026-06-15 16:51:56.408693,-4.131000,-4.765000
2026-06-15 16:51:56.409903,-3.576000,-4.520000
2026-06-15 16:51:56.410064,-3.208000,-4.441000
2026-06-15 16:51:56.410162,-3.187000,-4.496000
2026-06-15 16:51:56.410254,-3.485000,-4.619000
2026-06-15 16:51:56.410350,-3.555000,-4.600000
2026-06-15 16:51:56.423422,-3.584000,-5.074000
2026-06-15 16:51:56.439500,-4.108000,-4.792000
2026-06-15 16:51:56.453262,-3.602000,-4.529000
2026-06-15 16:51:56.462678,-3.200000,-4.482000
2026-06-15 16:51:56.467384,-3.187000,-4.469000
2026-06-15 16:51:56.467678,-3.474000,-4.644000
2026-06-15 16:51:56.477833,-3.576000,-4.634000
2026-06-15 16:51:56.496500,-3.574000,-5.065000
2026-06-15 16:51:56.500340,-4.106000,-4.792000
2026-06-15 16:51:56.501975,-3.597000,-4.519000
2026-06-15 16:51:56.520877,-3.229000,-4.452000
2026-06-15 16:51:56.521998,-3.216000,-4.484000
2026-06-15 16:51:56.548833,-3.447000,-4.651000
2026-06-15 16:51:56.552188,-3.549000,-4.633000
2026-06-15 16:51:56.567089,-3.575000,-5.033000
2026-06-15 16:51:56.567410,-4.084000,-4.818000
2026-06-15 16:51:56.588977,-3.603000,-4.562000
2026-06-15 16:51:56.591605,-3.184000,-4.459000
2026-06-15 16:51:56.642613,-3.177000,-4.464000
2026-06-15 16:51:56.644898,-3.468000,-4.623000
2026-06-15 16:51:56.649617,-3.527000,-4.591000
2026-06-15 16:51:56.659431,-3.613000,-5.027000
2026-06-15 16:51:56.661012,-4.084000,-4.830000
2026-06-15 16:51:56.663223,-3.594000,-4.527000
2026-06-15 16:51:56.668480,-3.248000,-4.394000
2026-06-15 16:51:56.675593,-3.177000,-4.471000
2026-06-15 16:51:56.676641,-3.436000,-4.633000
2026-06-15 16:51:56.703682,-3.565000,-4.605000
2026-06-15 16:51:56.716530,-3.578000,-5.045000
2026-06-15 16:51:56.735614,-4.075000,-4.840000
2026-06-15 16:51:56.740687,-3.608000,-4.577000
2026-06-15 16:51:56.756150,-3.244000,-4.427000
2026-06-15 16:51:56.756440,-3.092000,-4.478000
2026-06-15 16:51:56.756589,-3.443000,-4.628000
2026-06-15 16:51:56.756714,-3.564000,-4.657000
2026-06-15 16:51:56.756821,-3.568000,-4.987000
2026-06-15 16:51:56.756929,-4.081000,-4.863000
2026-06-15 16:51:56.757035,-3.621000,-4.552000
2026-06-15 16:51:56.757137,-3.264000,-4.427000
2026-06-15 16:51:56.757273,-3.104000,-4.486000
2026-06-15 16:51:56.772940,-3.436000,-4.631000
2026-06-15 16:51:56.780315,-3.558000,-4.627000
2026-06-15 16:51:56.781549,-3.573000,-4.935000
2026-06-15 16:51:56.808449,-4.091000,-4.879000
2026-06-15 16:51:56.829829,-3.640000,-4.568000
2026-06-15 16:51:56.852646,-3.301000,-4.433000
2026-06-15 16:51:56.880106,-3.220000,-4.459000
2026-06-15 16:51:56.880396,-3.424000,-4.569000
2026-06-15 16:51:56.880542,-3.568000,-4.648000
2026-06-15 16:51:56.880664,-3.557000,-4.876000
2026-06-15 16:51:56.884473,-4.109000,-4.915000
2026-06-15 16:51:56.888091,-3.623000,-4.611000
2026-06-15 16:51:56.890039,-3.300000,-4.422000
2026-06-15 16:51:56.890406,-3.256000,-4.415000
2026-06-15 16:51:56.890902,-3.364000,-4.612000
2026-06-15 16:51:56.892811,-3.550000,-4.657000
2026-06-15 16:51:56.893413,-3.573000,-4.776000
2026-06-15 16:51:56.893690,-4.162000,-5.000000
2026-06-15 16:51:56.905945,-3.672000,-4.643000
2026-06-15 16:51:56.906179,-3.356000,-4.393000
2026-06-15 16:51:56.906301,-3.229000,-4.437000
2026-06-15 16:51:56.906406,-3.341000,-4.590000
2026-06-15 16:51:56.906536,-3.557000,-4.630000
2026-06-15 16:51:56.906665,-3.600000,-4.653000
2026-06-15 16:51:56.911394,-4.202000,-5.018000
2026-06-15 16:51:56.916545,-3.765000,-4.615000
2026-06-15 16:51:56.926699,-3.398000,-4.388000
2026-06-15 16:51:56.941679,-3.266000,-4.434000
2026-06-15 16:51:56.948868,-4.942000,-7.271000
2026-06-15 16:51:56.953478,-4.965000,-7.338000
2026-06-15 16:51:56.953809,-5.238000,-7.475000
2026-06-15 16:51:56.953951,-5.268000,-7.449000
2026-06-15 16:51:56.954062,-5.380000,-7.892000
2026-06-15 16:51:56.954165,-5.848000,-7.580000
2026-06-15 16:51:56.960511,-5.281000,-7.312000
2026-06-15 16:51:56.965819,-4.940000,-7.291000
2026-06-15 16:51:56.982655,-4.914000,-7.315000
2026-06-15 16:51:57.006492,-5.225000,-7.456000
2026-06-15 16:51:57.007151,-5.280000,-7.428000
2026-06-15 16:51:57.007356,-5.348000,-7.921000
2026-06-15 16:51:57.007557,-5.842000,-7.597000
2026-06-15 16:51:57.007736,-5.303000,-7.300000
2026-06-15 16:51:57.018755,-4.911000,-7.277000
2026-06-15 16:51:57.024770,-4.946000,-7.271000
2026-06-15 16:51:57.025105,-5.208000,-7.455000
2026-06-15 16:51:57.025290,-5.276000,-7.454000
2026-06-15 16:51:57.025446,-5.335000,-7.905000
2026-06-15 16:51:57.025601,-5.859000,-7.607000
2026-06-15 16:51:57.025748,-5.315000,-7.330000
2026-06-15 16:51:57.025891,-4.902000,-7.258000
2026-06-15 16:51:57.026032,-4.964000,-7.315000
2026-06-15 16:51:57.026164,-5.213000,-7.446000
2026-06-15 16:51:57.026289,-5.264000,-7.435000
2026-06-15 16:51:57.026417,-5.315000,-7.860000
2026-06-15 16:51:57.026536,-5.839000,-7.601000
2026-06-15 16:51:57.026678,-5.343000,-7.317000
2026-06-15 16:51:57.026827,-4.931000,-7.245000
2026-06-15 16:51:57.026987,-4.920000,-7.281000
2026-06-15 16:51:57.027147,-5.203000,-7.440000
2026-06-15 16:51:57.027308,-5.295000,-7.445000
2026-06-15 16:51:57.027477,-5.301000,-7.843000
2026-06-15 16:51:57.037579,-5.833000,-7.623000
2026-06-15 16:51:57.041169,-5.334000,-7.315000
2026-06-15 16:51:57.053922,-4.949000,-7.238000
2026-06-15 16:51:57.065902,-4.862000,-7.266000
2026-06-15 16:51:57.066254,-5.169000,-7.446000
2026-06-15 16:51:57.066449,-5.277000,-7.463000
2026-06-15 16:51:57.066576,-5.302000,-7.827000
2026-06-15 16:51:57.066733,-5.833000,-7.639000
2026-06-15 16:51:57.069511,-5.317000,-7.332000
2026-06-15 16:51:57.069772,-4.949000,-7.230000
2026-06-15 16:51:57.069920,-4.867000,-7.262000
2026-06-15 16:51:57.070051,-5.166000,-7.431000
2026-06-15 16:51:57.070154,-5.277000,-7.448000
2026-06-15 16:51:57.070562,-5.317000,-7.843000
2026-06-15 16:51:57.071627,-5.835000,-7.651000
2026-06-15 16:51:57.072266,-5.348000,-7.355000
2026-06-15 16:51:57.072430,-4.951000,-7.245000
2026-06-15 16:51:57.074832,-4.821000,-7.265000
2026-06-15 16:51:57.095369,-5.163000,-7.468000
2026-06-15 16:51:57.096496,-5.294000,-7.431000
2026-06-15 16:51:57.098239,-5.294000,-7.804000
2026-06-15 16:51:57.098823,-5.809000,-7.668000
2026-06-15 16:51:57.099379,-5.343000,-7.357000
2026-06-15 16:51:57.105940,-4.961000,-7.200000
2026-06-15 16:51:57.107978,-4.842000,-7.288000
2026-06-15 16:51:57.127233,-5.205000,-7.415000
2026-06-15 16:51:57.133198,-5.254000,-7.456000
2026-06-15 16:51:57.133604,-5.287000,-7.770000
2026-06-15 16:51:57.136219,-5.790000,-7.691000
2026-06-15 16:51:57.148083,-5.331000,-7.362000
2026-06-15 16:51:57.148439,-4.963000,-7.235000
2026-06-15 16:51:57.149180,-4.875000,-7.243000
2026-06-15 16:51:57.149356,-5.164000,-7.363000
2026-06-15 16:51:57.149479,-5.269000,-7.450000
2026-06-15 16:51:57.149609,-5.282000,-7.748000
2026-06-15 16:51:57.149750,-5.816000,-7.712000
2026-06-15 16:51:57.149875,-5.360000,-7.363000
2026-06-15 16:51:57.150028,-5.013000,-7.185000
2026-06-15 16:51:57.150337,-4.839000,-7.300000
2026-06-15 16:51:57.150714,-5.165000,-7.415000
2026-06-15 16:51:57.151172,-5.245000,-7.462000
2026-06-15 16:51:57.151592,-5.285000,-7.685000
2026-06-15 16:51:57.152942,-5.820000,-7.734000
2026-06-15 16:51:57.156033,-5.361000,-7.363000
2026-06-15 16:51:57.169818,-5.052000,-7.200000
2026-06-15 16:51:57.177141,-4.919000,-7.261000
2026-06-15 16:51:57.185105,-5.132000,-7.430000
2026-06-15 16:51:57.186446,-5.242000,-7.455000
2026-06-15 16:51:57.186615,-5.294000,-7.650000
2026-06-15 16:51:57.186739,-5.841000,-7.749000
2026-06-15 16:51:57.186857,-5.362000,-7.388000
2026-06-15 16:51:57.186995,-5.028000,-7.207000
2026-06-15 16:51:57.187128,-4.927000,-7.243000
2026-06-15 16:51:57.190540,-5.112000,-7.424000
2026-06-15 16:51:57.191726,-5.267000,-7.442000
2026-06-15 16:51:57.211447,-5.270000,-7.620000
2026-06-15 16:51:57.221496,-5.852000,-7.770000
2026-06-15 16:51:57.246083,-5.377000,-7.402000
2026-06-15 16:51:57.253619,-5.052000,-7.194000
2026-06-15 16:51:57.268680,-4.905000,-7.219000
2026-06-15 16:51:57.269874,-5.118000,-7.365000
2026-06-15 16:51:57.286038,-5.301000,-7.431000
2026-06-15 16:51:57.286364,-5.304000,-7.519000
2026-06-15 16:51:57.286556,-5.863000,-7.761000
2026-06-15 16:51:57.286723,-5.396000,-7.405000
2026-06-15 16:51:57.286874,-5.060000,-7.184000
2026-06-15 16:51:57.287019,-4.889000,-7.226000
2026-06-15 16:51:57.287188,-5.115000,-7.362000
2026-06-15 16:51:57.287353,-5.281000,-7.413000
2026-06-15 16:51:57.287509,-5.276000,-7.498000
2026-06-15 16:51:57.287643,-5.913000,-7.791000
2026-06-15 16:51:57.287773,-5.395000,-7.400000
2026-06-15 16:51:57.308324,-5.066000,-7.174000
2026-06-15 16:51:57.321368,-4.922000,-7.175000
2026-06-15 16:51:57.321992,-5.089000,-7.397000
2026-06-15 16:51:57.329912,-5.236000,-7.404000
2026-06-15 16:51:57.332142,-5.256000,-7.492000
2026-06-15 16:51:57.335931,-5.898000,-7.809000
2026-06-15 16:51:57.355253,-5.445000,-7.422000
2026-06-15 16:51:57.355559,-5.104000,-7.162000
2026-06-15 16:51:57.355722,-5.030000,-7.205000
2026-06-15 16:51:57.361331,-5.020000,-7.354000
2026-06-15 16:51:57.361597,-5.268000,-7.438000
2026-06-15 16:51:57.362383,-5.256000,-7.458000
2026-06-15 16:51:57.364550,-5.910000,-7.795000
2026-06-15 16:51:57.369113,-5.477000,-7.398000
2026-06-15 16:51:57.384381,-5.105000,-7.132000
2026-06-15 16:51:57.389255,-5.014000,-7.168000
2026-06-15 16:51:57.394326,-4.977000,-7.341000
2026-06-15 16:51:57.431807,-5.239000,-7.448000
2026-06-15 16:51:57.450198,-5.264000,-7.429000
2026-06-15 16:51:57.451961,-5.912000,-7.789000
2026-06-15 16:51:57.452251,-5.507000,-7.401000
2026-06-15 16:51:57.452442,-5.097000,-7.151000
2026-06-15 16:51:57.452627,-5.005000,-7.150000
2026-06-15 16:51:57.452799,-5.034000,-7.339000
2026-06-15 16:51:57.452957,-5.279000,-7.448000
2026-06-15 16:51:57.453102,-5.323000,-7.407000
2026-06-15 16:51:57.453254,-5.900000,-7.778000
2026-06-15 16:51:57.453405,-5.517000,-7.399000
2026-06-15 16:51:57.453562,-5.117000,-7.174000
2026-06-15 16:51:57.480130,-5.008000,-7.171000
2026-06-15 16:51:57.484632,-5.016000,-7.349000
2026-06-15 16:51:57.495759,-5.258000,-7.413000
2026-06-15 16:51:57.499698,-5.285000,-7.420000
2026-06-15 16:51:57.504753,-5.889000,-7.786000
2026-06-15 16:51:57.507198,-5.543000,-7.440000
2026-06-15 16:51:57.512228,-5.140000,-7.154000
2026-06-15 16:51:57.536982,-4.995000,-7.149000
2026-06-15 16:51:57.537434,-5.024000,-7.366000
2026-06-15 16:51:57.540351,-5.268000,-7.417000
2026-06-15 16:51:57.542475,-5.256000,-7.443000
2026-06-15 16:51:57.545451,-5.886000,-7.793000
2026-06-15 16:51:57.546895,-5.539000,-7.420000
2026-06-15 16:51:57.565993,-5.138000,-7.170000
2026-06-15 16:51:57.566688,-4.992000,-7.119000
2026-06-15 16:51:57.567050,-4.994000,-7.313000
2026-06-15 16:51:57.567341,-5.282000,-7.425000
2026-06-15 16:51:57.568240,-5.272000,-7.444000
2026-06-15 16:51:57.576400,-5.895000,-7.732000
2026-06-15 16:51:57.580497,-5.600000,-7.426000
2026-06-15 16:51:57.580709,-5.141000,-7.176000
2026-06-15 16:51:57.580829,-5.005000,-7.066000
2026-06-15 16:51:57.580976,-5.007000,-7.324000
2026-06-15 16:51:57.581339,-5.258000,-7.428000
2026-06-15 16:51:57.596042,-5.267000,-7.398000
2026-06-15 16:51:57.601442,-5.838000,-7.781000
2026-06-15 16:51:57.603509,-5.620000,-7.423000
2026-06-15 16:51:57.608631,-5.168000,-7.202000
2026-06-15 16:51:57.610190,-4.979000,-7.085000
2026-06-15 16:51:57.614009,-4.990000,-7.329000
2026-06-15 16:51:57.636009,-5.260000,-7.414000
2026-06-15 16:51:57.639910,-5.267000,-7.407000
2026-06-15 16:51:57.645545,-5.800000,-7.773000
2026-06-15 16:51:57.645905,-5.667000,-7.381000
2026-06-15 16:51:57.646225,-5.177000,-7.188000
2026-06-15 16:51:57.646587,-4.969000,-7.105000
2026-06-15 16:51:57.647064,-4.981000,-7.368000
2026-06-15 16:51:57.648339,-5.264000,-7.390000
2026-06-15 16:51:57.648818,-5.244000,-7.431000
2026-06-15 16:51:57.649116,-5.753000,-7.805000
2026-06-15 16:51:57.660104,-5.663000,-7.443000
2026-06-15 16:51:57.668392,-5.209000,-7.210000
2026-06-15 16:51:57.668625,-4.960000,-7.068000
2026-06-15 16:51:57.676032,-5.019000,-7.360000
2026-06-15 16:51:57.694455,-5.304000,-7.408000
2026-06-15 16:51:57.695714,-5.276000,-7.428000
2026-06-15 16:51:57.696305,-5.696000,-7.770000
2026-06-15 16:51:57.700318,-5.743000,-7.468000
2026-06-15 16:51:57.705566,-5.203000,-7.228000
2026-06-15 16:51:57.705957,-4.955000,-7.155000
2026-06-15 16:51:57.706650,-4.994000,-7.315000
2026-06-15 16:51:57.707113,-5.273000,-7.402000
2026-06-15 16:51:57.715545,-5.265000,-7.409000
2026-06-15 16:51:57.718154,-5.635000,-7.806000
2026-06-15 16:51:57.726659,-5.719000,-7.467000
2026-06-15 16:51:57.730487,-5.223000,-7.242000
2026-06-15 16:51:57.731043,-4.939000,-7.107000
2026-06-15 16:51:57.734305,-4.969000,-7.308000
2026-06-15 16:51:57.746440,-5.230000,-7.382000
2026-06-15 16:51:57.755532,-5.278000,-7.400000
2026-06-15 16:51:57.762146,-5.539000,-7.812000
2026-06-15 16:51:57.763448,-5.784000,-7.430000
2026-06-15 16:51:57.764097,-5.246000,-7.261000
2026-06-15 16:51:57.766635,-4.947000,-7.221000
2026-06-15 16:51:57.776482,-4.938000,-7.282000
2026-06-15 16:51:57.784273,-5.223000,-7.415000
2026-06-15 16:51:57.791339,-5.273000,-7.395000
2026-06-15 16:51:57.802951,-5.483000,-7.850000
2026-06-15 16:51:57.817064,-5.821000,-7.499000
2026-06-15 16:51:57.827433,-5.258000,-7.236000
2026-06-15 16:51:57.837263,-4.963000,-7.135000
2026-06-15 16:51:57.840481,-4.990000,-7.244000
2026-06-15 16:51:57.845337,-5.244000,-7.362000
2026-06-15 16:51:57.845697,-5.276000,-7.426000
2026-06-15 16:51:57.846004,-5.433000,-7.868000
2026-06-15 16:51:57.848113,-5.846000,-7.496000
2026-06-15 16:51:57.848629,-5.286000,-7.265000
2026-06-15 16:51:57.866511,-4.948000,-7.191000
2026-06-15 16:51:57.885605,-4.948000,-7.296000
2026-06-15 16:51:57.903123,-5.192000,-7.410000
2026-06-15 16:51:57.911068,-5.270000,-7.403000
2026-06-15 16:51:57.911901,-5.364000,-7.866000
2026-06-15 16:51:57.952124,-5.829000,-7.505000
2026-06-15 16:51:57.981510,-5.289000,-7.266000
2026-06-15 16:51:57.981822,-4.897000,-7.149000
2026-06-15 16:51:57.982216,-4.969000,-7.296000
2026-06-15 16:51:57.982395,-5.204000,-7.357000
2026-06-15 16:51:57.985675,-5.271000,-7.376000
2026-06-15 16:51:58.018236,-5.349000,-7.830000
2026-06-15 16:51:58.042613,-5.832000,-7.552000
2026-06-15 16:51:58.054005,-5.305000,-7.267000
2026-06-15 16:51:58.054852,-4.909000,-7.197000
2026-06-15 16:51:58.064881,-4.937000,-7.213000
2026-06-15 16:51:58.084817,-5.188000,-7.415000
2026-06-15 16:51:58.098710,-5.292000,-7.417000
2026-06-15 16:51:58.099921,-5.316000,-7.847000
2026-06-15 16:51:58.110411,-5.850000,-7.562000
2026-06-15 16:51:58.111631,-5.293000,-7.236000
2026-06-15 16:51:58.135704,-4.897000,-7.220000
2026-06-15 16:51:58.159945,-4.955000,-7.252000
2026-06-15 16:51:58.173600,-5.198000,-7.375000
2026-06-15 16:51:58.199773,-5.264000,-7.395000
2026-06-15 16:51:58.204457,-5.310000,-7.821000
2026-06-15 16:51:58.205337,-5.823000,-7.569000
2026-06-15 16:51:58.205526,-5.295000,-7.279000
2026-06-15 16:51:58.205648,-4.910000,-7.210000
2026-06-15 16:51:58.213768,-4.873000,-7.208000
2026-06-15 16:51:58.283606,-5.174000,-7.314000
2026-06-15 16:51:58.296014,-5.285000,-7.391000
2026-06-15 16:51:58.296364,-5.283000,-7.767000
2026-06-15 16:51:58.296546,-5.828000,-7.584000
2026-06-15 16:51:58.296670,-5.323000,-7.275000
2026-06-15 16:51:58.296792,-4.948000,-7.171000
2026-06-15 16:51:58.296906,-4.949000,-7.194000
2026-06-15 16:51:58.297042,-5.179000,-7.402000
2026-06-15 16:51:58.297234,-5.267000,-7.379000
2026-06-15 16:51:58.297634,-5.290000,-7.785000
2026-06-15 16:51:58.330848,-5.795000,-7.602000
2026-06-15 16:51:58.331869,-5.308000,-7.277000
2026-06-15 16:51:58.345514,-4.929000,-7.201000
2026-06-15 16:51:58.345785,-4.836000,-7.223000
2026-06-15 16:51:58.345917,-5.152000,-7.411000
2026-06-15 16:51:58.346029,-5.271000,-7.392000
2026-06-15 16:51:58.346141,-5.291000,-7.805000
2026-06-15 16:51:58.346250,-5.797000,-7.596000
2026-06-15 16:51:58.346356,-5.352000,-7.283000
2026-06-15 16:51:58.346460,-4.938000,-7.145000
2026-06-15 16:51:58.346558,-4.835000,-7.189000
2026-06-15 16:51:58.346656,-5.167000,-7.409000
2026-06-15 16:51:58.346754,-5.269000,-7.405000
2026-06-15 16:51:58.346856,-5.286000,-7.797000
2026-06-15 16:51:58.346984,-5.804000,-7.637000
2026-06-15 16:51:58.347359,-5.335000,-7.312000
2026-06-15 16:51:58.359222,-4.983000,-7.174000
2026-06-15 16:51:58.397988,-4.844000,-7.206000
2026-06-15 16:51:58.446483,-5.197000,-7.381000
2026-06-15 16:51:58.454512,-5.302000,-7.379000
2026-06-15 16:51:58.493807,-5.296000,-7.734000
2026-06-15 16:51:58.548505,-5.790000,-7.632000
2026-06-15 16:51:58.565568,-5.349000,-7.302000
2026-06-15 16:51:58.567087,-4.963000,-7.176000
2026-06-15 16:51:58.575991,-4.832000,-7.182000
2026-06-15 16:51:58.577283,-5.132000,-7.409000
2026-06-15 16:51:58.582662,-5.244000,-7.387000
2026-06-15 16:51:58.599056,-5.264000,-7.669000
2026-06-15 16:51:58.648669,-5.800000,-7.686000
2026-06-15 16:51:58.670431,-5.341000,-7.335000
2026-06-15 16:51:58.702024,-5.046000,-7.167000
2026-06-15 16:51:58.712328,-4.828000,-7.187000
2026-06-15 16:51:58.712562,-5.142000,-7.318000
2026-06-15 16:51:58.715339,-5.241000,-7.408000
2026-06-15 16:51:58.715571,-5.284000,-7.583000
2026-06-15 16:51:58.717441,-5.813000,-7.682000
2026-06-15 16:51:58.726677,-5.361000,-7.315000
2026-06-15 16:51:58.726944,-5.015000,-7.112000
2026-06-15 16:51:58.727119,-4.946000,-7.163000
2026-06-15 16:51:58.727271,-5.093000,-7.375000
2026-06-15 16:51:58.727505,-5.273000,-7.390000
2026-06-15 16:51:58.727872,-5.268000,-7.583000
2026-06-15 16:51:58.733637,-5.838000,-7.721000
2026-06-15 16:51:58.779031,-5.350000,-7.367000
2026-06-15 16:51:58.799519,-5.063000,-7.134000
2026-06-15 16:51:58.814375,-4.947000,-7.177000
2026-06-15 16:51:58.834548,-5.062000,-7.342000
2026-06-15 16:51:58.835965,-5.264000,-7.359000
2026-06-15 16:51:58.837959,-5.279000,-7.532000
2026-06-15 16:51:58.845011,-5.843000,-7.735000
2026-06-15 16:51:58.845303,-5.380000,-7.359000
2026-06-15 16:51:58.845442,-5.039000,-7.070000
2026-06-15 16:51:58.845562,-4.958000,-7.127000
2026-06-15 16:51:58.859347,-5.103000,-7.338000
2026-06-15 16:51:58.878753,-5.272000,-7.408000
2026-06-15 16:51:58.882138,-5.259000,-7.499000
2026-06-15 16:51:58.882449,-5.890000,-7.740000
2026-06-15 16:51:58.882616,-5.391000,-7.375000
2026-06-15 16:51:58.882766,-5.039000,-7.131000
2026-06-15 16:51:58.882924,-5.008000,-7.177000
2026-06-15 16:51:58.892763,-5.084000,-7.327000
2026-06-15 16:51:58.898392,-5.263000,-7.366000
2026-06-15 16:51:58.899370,-5.273000,-7.447000
2026-06-15 16:51:58.899599,-5.888000,-7.781000
2026-06-15 16:51:58.899747,-5.420000,-7.375000
2026-06-15 16:51:58.901038,-5.060000,-7.084000
2026-06-15 16:51:58.904485,-5.002000,-7.189000
2026-06-15 16:51:58.907772,-5.013000,-7.324000
2026-06-15 16:51:58.924203,-5.246000,-7.387000
2026-06-15 16:51:58.943674,-5.254000,-7.378000
2026-06-15 16:51:58.951865,-5.900000,-7.758000
2026-06-15 16:51:58.981475,-5.446000,-7.374000
2026-06-15 16:51:58.983231,-5.077000,-7.119000
2026-06-15 16:51:58.983679,-4.994000,-7.155000
2026-06-15 16:51:58.983913,-5.011000,-7.260000
2026-06-15 16:51:58.985510,-5.253000,-7.327000
2026-06-15 16:51:58.985699,-5.289000,-7.351000
2026-06-15 16:51:59.042051,-5.954000,-7.737000
2026-06-15 16:51:59.059263,-5.478000,-7.362000
2026-06-15 16:51:59.065082,-5.107000,-7.116000
2026-06-15 16:51:59.087949,-4.991000,-7.144000
2026-06-15 16:51:59.088141,-5.029000,-7.310000
2026-06-15 16:51:59.089482,-5.235000,-7.381000
2026-06-15 16:51:59.114789,-5.255000,-7.391000
2026-06-15 16:51:59.188379,-5.903000,-7.763000
2026-06-15 16:51:59.188722,-5.477000,-7.391000
2026-06-15 16:51:59.188910,-5.099000,-7.101000
2026-06-15 16:51:59.204261,-4.987000,-7.120000
2026-06-15 16:51:59.204626,-5.003000,-7.296000
2026-06-15 16:51:59.204820,-5.255000,-7.345000
2026-06-15 16:51:59.204989,-5.254000,-7.391000
2026-06-15 16:51:59.205168,-5.901000,-7.761000
2026-06-15 16:51:59.205331,-5.492000,-7.385000
2026-06-15 16:51:59.205509,-5.110000,-7.122000
2026-06-15 16:51:59.205669,-5.012000,-7.067000
2026-06-15 16:51:59.205962,-5.031000,-7.296000
2026-06-15 16:51:59.206302,-5.232000,-7.346000
2026-06-15 16:51:59.206556,-5.254000,-7.394000
2026-06-15 16:51:59.206725,-5.903000,-7.707000
2026-06-15 16:51:59.206869,-5.548000,-7.394000
2026-06-15 16:51:59.206999,-5.148000,-7.158000
2026-06-15 16:51:59.207127,-4.955000,-7.123000
2026-06-15 16:51:59.207246,-4.996000,-7.304000
2026-06-15 16:51:59.207367,-5.249000,-7.370000
2026-06-15 16:51:59.207495,-5.262000,-7.372000
2026-06-15 16:51:59.207634,-5.871000,-7.712000
2026-06-15 16:51:59.216523,-5.541000,-7.376000
2026-06-15 16:51:59.216768,-5.141000,-7.111000
2026-06-15 16:51:59.216879,-5.012000,-7.084000
2026-06-15 16:51:59.226415,-4.976000,-7.295000
2026-06-15 16:51:59.245771,-5.250000,-7.358000
2026-06-15 16:51:59.260052,-5.237000,-7.375000
2026-06-15 16:51:59.262803,-5.852000,-7.714000
2026-06-15 16:51:59.304081,-5.610000,-7.388000
2026-06-15 16:51:59.309037,-5.140000,-7.096000
2026-06-15 16:51:59.309312,-4.969000,-7.041000
2026-06-15 16:51:59.309483,-5.040000,-7.311000
2026-06-15 16:51:59.312732,-5.250000,-7.357000
2026-06-15 16:51:59.313029,-5.242000,-7.370000
2026-06-15 16:51:59.324188,-5.818000,-7.717000
2026-06-15 16:51:59.333254,-5.629000,-7.409000
2026-06-15 16:51:59.333577,-5.184000,-7.171000
2026-06-15 16:51:59.333761,-4.940000,-7.061000
2026-06-15 16:51:59.333932,-5.013000,-7.342000
2026-06-15 16:51:59.334094,-5.251000,-7.387000
2026-06-15 16:51:59.339636,-5.255000,-7.380000
2026-06-15 16:51:59.347660,-5.732000,-7.728000
2026-06-15 16:51:59.352239,-5.663000,-7.332000
2026-06-15 16:51:59.356753,-5.191000,-7.176000
2026-06-15 16:51:59.357000,-4.947000,-7.142000
2026-06-15 16:51:59.357161,-4.966000,-7.331000
2026-06-15 16:51:59.357310,-5.223000,-7.374000
2026-06-15 16:51:59.367619,-5.279000,-7.310000
2026-06-15 16:51:59.370353,-5.713000,-7.716000
2026-06-15 16:51:59.370619,-5.687000,-7.426000
2026-06-15 16:51:59.370750,-5.227000,-7.199000
2026-06-15 16:51:59.370875,-4.966000,-7.194000
2026-06-15 16:51:59.375546,-4.967000,-7.244000
2026-06-15 16:51:59.380549,-5.280000,-7.376000
2026-06-15 16:51:59.383057,-5.281000,-7.356000
2026-06-15 16:51:59.393661,-5.648000,-7.742000
2026-06-15 16:51:59.393986,-5.705000,-7.435000
2026-06-15 16:51:59.401836,-5.215000,-7.210000
2026-06-15 16:51:59.402119,-4.951000,-7.137000
2026-06-15 16:51:59.402257,-4.951000,-7.298000
2026-06-15 16:51:59.402383,-5.204000,-7.382000
2026-06-15 16:51:59.402512,-5.246000,-7.386000
2026-06-15 16:51:59.427121,-5.558000,-7.786000
2026-06-15 16:51:59.428575,-5.725000,-7.459000
2026-06-15 16:51:59.429878,-5.272000,-7.240000
2026-06-15 16:51:59.466426,-4.910000,-7.160000
2026-06-15 16:51:59.484904,-4.960000,-7.276000
2026-06-15 16:51:59.485142,-5.235000,-7.323000
2026-06-15 16:51:59.485261,-5.271000,-7.338000
2026-06-15 16:51:59.485374,-5.497000,-7.768000
2026-06-15 16:51:59.485512,-5.764000,-7.462000
2026-06-15 16:51:59.485629,-5.244000,-7.260000
2026-06-15 16:51:59.485749,-4.906000,-7.259000
2026-06-15 16:51:59.485875,-4.943000,-7.334000
2026-06-15 16:51:59.485981,-5.243000,-7.495000
2026-06-15 16:51:59.486086,-5.320000,-7.614000
2026-06-15 16:51:59.486197,-5.484000,-8.118000
2026-06-15 16:51:59.486320,-5.832000,-7.900000
2026-06-15 16:51:59.486439,-5.282000,-7.767000
2026-06-15 16:51:59.486545,-4.937000,-7.755000
2026-06-15 16:51:59.486647,-4.942000,-7.948000
2026-06-15 16:51:59.486747,-5.187000,-8.095000
2026-06-15 16:51:59.486855,-5.239000,-8.180000
2026-06-15 16:51:59.486970,-5.351000,-8.750000
2026-06-15 16:51:59.487078,-5.753000,-8.518000
2026-06-15 16:51:59.487184,-5.200000,-8.388000
2026-06-15 16:51:59.487284,-4.788000,-8.468000
2026-06-15 16:51:59.487379,-4.805000,-8.606000
2026-06-15 16:51:59.487485,-5.058000,-8.883000
2026-06-15 16:51:59.487594,-5.087000,-8.948000
2026-06-15 16:51:59.536468,-5.132000,-9.522000
2026-06-15 16:51:59.558242,-5.595000,-9.414000
2026-06-15 16:51:59.564032,-5.027000,-9.211000
2026-06-15 16:51:59.590139,-4.675000,-9.273000
2026-06-15 16:51:59.600772,-4.695000,-9.428000
2026-06-15 16:51:59.602878,-4.987000,-9.622000
2026-06-15 16:51:59.632277,-5.068000,-9.667000
2026-06-15 16:51:59.642023,-5.153000,-10.191000
2026-06-15 16:51:59.664414,-5.742000,-9.932000
2026-06-15 16:51:59.669280,-5.272000,-9.710000
2026-06-15 16:51:59.685682,-4.957000,-9.639000
2026-06-15 16:51:59.714993,-5.058000,-9.606000
2026-06-15 16:51:59.724944,-5.396000,-9.821000
2026-06-15 16:51:59.726410,-5.567000,-9.812000
2026-06-15 16:51:59.726700,-5.685000,-10.264000
2026-06-15 16:51:59.726865,-6.264000,-10.035000
2026-06-15 16:51:59.727010,-5.787000,-9.803000
2026-06-15 16:51:59.727145,-5.413000,-9.753000
2026-06-15 16:51:59.727302,-5.442000,-9.857000
2026-06-15 16:51:59.727468,-5.751000,-10.055000
2026-06-15 16:51:59.727614,-5.915000,-10.151000
2026-06-15 16:51:59.730272,-5.961000,-10.614000
2026-06-15 16:51:59.731675,-6.504000,-10.417000
2026-06-15 16:51:59.732079,-6.047000,-10.153000
2026-06-15 16:51:59.732259,-5.690000,-10.155000
2026-06-15 16:51:59.732457,-5.741000,-10.169000
2026-06-15 16:51:59.758692,-6.113000,-10.383000
2026-06-15 16:51:59.766974,-6.261000,-10.368000
2026-06-15 16:51:59.790244,-6.310000,-10.845000
2026-06-15 16:51:59.798749,-6.888000,-10.554000
2026-06-15 16:51:59.803204,-6.399000,-10.340000
2026-06-15 16:51:59.832315,-6.018000,-10.300000
2026-06-15 16:51:59.834546,-6.055000,-10.382000
2026-06-15 16:51:59.851724,-6.340000,-10.556000
2026-06-15 16:51:59.854005,-6.444000,-10.619000
2026-06-15 16:51:59.854267,-6.497000,-11.082000
2026-06-15 16:51:59.854444,-7.049000,-10.807000
2026-06-15 16:51:59.854617,-6.512000,-10.516000
2026-06-15 16:51:59.868245,-6.103000,-10.403000
2026-06-15 16:51:59.873563,-6.109000,-10.430000
2026-06-15 16:51:59.884514,-6.375000,-10.555000
2026-06-15 16:51:59.929190,-6.490000,-10.509000
2026-06-15 16:51:59.975903,-6.495000,-10.996000
2026-06-15 16:51:59.976519,-7.056000,-10.720000
2026-06-15 16:51:59.976689,-6.503000,-10.461000
2026-06-15 16:51:59.976824,-6.108000,-10.325000
2026-06-15 16:51:59.977464,-6.108000,-10.392000
2026-06-15 16:51:59.982962,-6.382000,-10.531000
2026-06-15 16:51:59.983383,-6.433000,-10.576000
2026-06-15 16:52:00.028105,-6.462000,-10.998000
2026-06-15 16:52:00.033545,-7.005000,-10.696000
2026-06-15 16:52:00.049416,-6.469000,-10.383000
2026-06-15 16:52:00.088883,-6.060000,-10.372000
2026-06-15 16:52:00.101283,-6.094000,-10.349000
2026-06-15 16:52:00.101797,-6.373000,-10.472000
2026-06-15 16:52:00.102269,-6.462000,-10.477000
2026-06-15 16:52:00.102549,-6.467000,-10.945000
2026-06-15 16:52:00.102864,-7.040000,-10.690000
2026-06-15 16:52:00.103269,-6.477000,-10.394000
2026-06-15 16:52:00.103690,-6.097000,-10.331000
2026-06-15 16:52:00.104074,-6.089000,-10.337000
2026-06-15 16:52:00.104227,-6.344000,-10.485000
2026-06-15 16:52:00.117443,-6.432000,-10.523000
2026-06-15 16:52:00.118463,-6.481000,-10.954000
2026-06-15 16:52:00.119479,-7.005000,-10.662000
2026-06-15 16:52:00.122417,-6.462000,-10.394000
2026-06-15 16:52:00.122959,-6.074000,-10.324000
2026-06-15 16:52:00.123432,-6.084000,-10.325000
2026-06-15 16:52:00.123799,-6.369000,-10.472000
2026-06-15 16:52:00.124138,-6.438000,-10.497000
2026-06-15 16:52:00.124582,-6.464000,-10.922000
2026-06-15 16:52:00.124917,-7.003000,-10.626000
2026-06-15 16:52:00.125798,-6.449000,-10.357000
2026-06-15 16:52:00.158254,-6.053000,-10.317000
2026-06-15 16:52:00.159305,-6.109000,-10.325000
2026-06-15 16:52:00.159728,-6.358000,-10.490000
2026-06-15 16:52:00.161679,-6.440000,-10.495000
2026-06-15 16:52:00.167022,-6.444000,-10.908000
2026-06-15 16:52:00.167400,-6.985000,-10.606000
2026-06-15 16:52:00.167625,-6.430000,-10.264000
2026-06-15 16:52:00.202532,-6.068000,-10.273000
2026-06-15 16:52:00.215970,-6.064000,-10.354000
2026-06-15 16:52:00.239214,-6.361000,-10.448000
2026-06-15 16:52:00.239502,-6.430000,-10.460000
2026-06-15 16:52:00.239668,-6.484000,-10.874000
2026-06-15 16:52:00.239869,-7.011000,-10.599000
2026-06-15 16:52:00.240070,-6.437000,-10.318000
2026-06-15 16:52:00.240238,-6.087000,-10.266000
2026-06-15 16:52:00.240391,-6.104000,-10.336000
2026-06-15 16:52:00.240538,-6.356000,-10.430000
2026-06-15 16:52:00.240705,-6.452000,-10.413000
2026-06-15 16:52:00.240873,-6.467000,-10.875000
2026-06-15 16:52:00.241030,-6.957000,-10.636000
2026-06-15 16:52:00.241178,-6.472000,-10.323000
2026-06-15 16:52:00.241336,-6.132000,-10.284000
2026-06-15 16:52:00.273780,-6.071000,-10.313000
2026-06-15 16:52:00.279799,-6.335000,-10.439000
2026-06-15 16:52:00.285962,-6.453000,-10.427000
2026-06-15 16:52:00.286666,-6.443000,-10.867000
2026-06-15 16:52:00.321987,-6.956000,-10.640000
2026-06-15 16:52:00.322852,-6.468000,-10.346000
2026-06-15 16:52:00.325342,-6.115000,-10.264000
2026-06-15 16:52:00.327960,-6.004000,-10.253000
2026-06-15 16:52:00.351394,-6.340000,-10.412000
2026-06-15 16:52:00.354778,-6.495000,-12.861000
2026-06-15 16:52:00.401419,-6.198000,-12.703000
2026-06-15 16:52:00.464635,-6.208000,-12.941000
2026-06-15 16:52:00.486289,-6.471000,-13.000000
2026-06-15 16:52:00.486441,-6.509000,-13.016000
2026-06-15 16:52:00.488872,-6.858000,-13.366000
2026-06-15 16:52:00.493913,-6.980000,-13.085000
2026-06-15 16:52:00.498254,-6.479000,-12.845000
2026-06-15 16:52:00.499618,-6.163000,-12.760000
2026-06-15 16:52:00.524967,-6.404000,-13.346000
2026-06-15 16:52:00.525643,-7.221000,-13.991000
2026-06-15 16:52:00.526342,-8.086000,-14.928000
2026-06-15 16:52:00.526618,-9.430000,-16.367000
2026-06-15 16:52:00.526814,-10.120000,-16.927000
2026-06-15 16:52:00.530872,-9.846000,-17.077000
2026-06-15 16:52:00.533519,-9.459000,-16.994000
2026-06-15 16:52:00.545428,-9.390000,-16.904000
2026-06-15 16:52:00.564708,-9.468000,-16.350000
2026-06-15 16:52:00.566360,-9.458000,-16.224000
2026-06-15 16:52:00.568263,-9.796000,-16.448000
2026-06-15 16:52:00.595555,-9.572000,-16.149000
2026-06-15 16:52:00.598265,-8.813000,-16.055000
2026-06-15 16:52:00.608933,-8.435000,-15.875000
2026-06-15 16:52:00.609185,-8.635000,-16.045000
2026-06-15 16:52:00.609375,-9.174000,-15.979000
2026-06-15 16:52:00.609557,-9.523000,-16.080000
2026-06-15 16:52:00.632766,-10.056000,-16.773000
2026-06-15 16:52:00.644370,-9.904000,-16.668000
2026-06-15 16:52:00.653865,-9.219000,-16.426000
2026-06-15 16:52:00.671179,-8.895000,-16.146000
2026-06-15 16:52:00.686159,-9.022000,-16.238000
2026-06-15 16:52:00.690233,-9.342000,-16.025000
2026-06-15 16:52:00.691656,-9.382000,-16.063000
2026-06-15 16:52:00.701995,-9.828000,-16.616000
2026-06-15 16:52:00.718639,-9.691000,-16.520000
2026-06-15 16:52:00.733165,-9.260000,-16.412000
2026-06-15 16:52:00.774723,-9.124000,-16.235000
2026-06-15 16:52:00.778912,-9.197000,-16.314000
2026-06-15 16:52:00.779233,-9.416000,-16.133000
2026-06-15 16:52:00.780555,-9.401000,-16.080000
2026-06-15 16:52:00.785418,-9.854000,-16.579000
2026-06-15 16:52:00.794459,-9.723000,-16.414000
2026-06-15 16:52:00.800527,-9.241000,-16.277000
2026-06-15 16:52:00.800674,-9.071000,-16.149000
2026-06-15 16:52:00.800780,-9.069000,-16.291000
2026-06-15 16:52:00.800878,-9.342000,-16.130000
2026-06-15 16:52:00.800976,-9.360000,-16.133000
2026-06-15 16:52:00.801079,-9.940000,-16.579000
2026-06-15 16:52:00.801177,-9.743000,-16.386000
2026-06-15 16:52:00.801272,-9.232000,-16.186000
2026-06-15 16:52:00.801367,-8.977000,-16.063000
2026-06-15 16:52:00.801460,-8.984000,-16.200000
2026-06-15 16:52:00.801553,-9.306000,-16.095000
2026-06-15 16:52:00.801645,-9.337000,-16.058000
2026-06-15 16:52:00.807594,-9.964000,-16.550000
2026-06-15 16:52:00.809476,-9.679000,-16.277000
2026-06-15 16:52:00.812333,-9.138000,-16.171000
2026-06-15 16:52:00.812849,-8.924000,-16.006000
2026-06-15 16:52:00.813665,-8.995000,-16.159000
2026-06-15 16:52:00.840386,-9.326000,-16.099000
2026-06-15 16:52:00.840880,-9.318000,-16.082000
2026-06-15 16:52:00.844486,-9.890000,-16.519000
2026-06-15 16:52:00.849032,-9.596000,-16.290000
2026-06-15 16:52:00.868593,-9.131000,-16.064000
2026-06-15 16:52:00.869866,-8.982000,-15.935000
2026-06-15 16:52:00.870374,-9.027000,-16.055000
2026-06-15 16:52:00.871756,-9.316000,-16.063000
2026-06-15 16:52:00.872263,-9.260000,-16.093000
2026-06-15 16:52:00.873460,-9.846000,-16.470000
2026-06-15 16:52:00.879816,-9.541000,-16.219000
2026-06-15 16:52:00.900538,-9.140000,-16.043000
2026-06-15 16:52:00.911907,-8.975000,-15.919000
2026-06-15 16:52:00.912266,-8.966000,-16.089000
2026-06-15 16:52:00.914264,-9.230000,-16.058000
2026-06-15 16:52:00.914554,-9.240000,-16.051000
2026-06-15 16:52:00.914685,-9.877000,-16.475000
2026-06-15 16:52:00.914791,-9.541000,-16.220000
2026-06-15 16:52:00.914897,-9.102000,-15.931000
2026-06-15 16:52:00.915017,-8.929000,-15.832000
2026-06-15 16:52:00.921316,-8.911000,-16.056000
2026-06-15 16:52:00.925698,-9.194000,-16.039000
2026-06-15 16:52:00.951106,-9.252000,-16.060000
2026-06-15 16:52:00.991538,-9.847000,-16.421000
2026-06-15 16:52:01.025288,-9.512000,-16.189000
2026-06-15 16:52:01.025579,-9.057000,-15.935000
2026-06-15 16:52:01.025727,-8.885000,-15.847000
2026-06-15 16:52:01.025851,-8.891000,-16.034000
2026-06-15 16:52:01.043863,-9.205000,-16.044000
2026-06-15 16:52:01.073160,-9.205000,-15.991000
2026-06-15 16:52:01.092511,-9.814000,-16.417000
2026-06-15 16:52:01.114419,-9.466000,-16.147000
2026-06-15 16:52:01.117371,-9.013000,-15.902000
2026-06-15 16:52:01.120217,-8.865000,-15.860000
2026-06-15 16:52:01.120413,-8.937000,-16.022000
2026-06-15 16:52:01.120523,-9.200000,-16.024000
2026-06-15 16:52:01.120636,-9.202000,-15.944000
2026-06-15 16:52:01.120765,-9.804000,-16.437000
2026-06-15 16:52:01.120883,-9.453000,-16.107000
2026-06-15 16:52:01.121000,-9.006000,-15.869000
2026-06-15 16:52:01.121116,-8.874000,-15.832000
2026-06-15 16:52:01.121252,-8.901000,-16.012000
2026-06-15 16:52:01.123218,-9.209000,-15.991000
2026-06-15 16:52:01.141546,-9.160000,-16.028000
2026-06-15 16:52:01.176561,-9.760000,-16.407000
2026-06-15 16:52:01.179265,-9.458000,-16.101000
2026-06-15 16:52:01.188356,-9.031000,-15.835000
2026-06-15 16:52:01.222155,-8.853000,-15.771000
2026-06-15 16:52:01.231589,-8.857000,-15.977000
2026-06-15 16:52:01.235555,-9.141000,-15.982000
2026-06-15 16:52:01.248124,-9.157000,-16.006000
2026-06-15 16:52:01.249200,-9.760000,-16.380000
2026-06-15 16:52:01.249472,-9.433000,-16.071000
2026-06-15 16:52:01.249978,-9.014000,-15.836000
2026-06-15 16:52:01.255304,-8.817000,-15.750000
2026-06-15 16:52:01.268245,-8.860000,-15.965000
2026-06-15 16:52:01.268930,-9.127000,-15.950000
2026-06-15 16:52:01.274063,-9.130000,-15.998000
2026-06-15 16:52:01.275392,-9.745000,-16.351000
2026-06-15 16:52:01.322503,-9.429000,-15.981000
2026-06-15 16:52:01.322744,-8.987000,-15.683000
2026-06-15 16:52:01.322876,-8.823000,-15.640000
2026-06-15 16:52:01.322993,-8.854000,-15.898000
2026-06-15 16:52:01.352410,-9.141000,-15.936000
2026-06-15 16:52:01.353091,-9.126000,-15.945000
2026-06-15 16:52:01.353695,-9.726000,-16.376000
2026-06-15 16:52:01.354143,-9.401000,-15.997000
2026-06-15 16:52:01.354520,-9.003000,-15.744000
2026-06-15 16:52:01.354996,-8.830000,-15.687000
2026-06-15 16:52:01.391983,-8.842000,-15.913000
2026-06-15 16:52:01.396131,-9.130000,-15.928000
2026-06-15 16:52:01.403756,-9.107000,-15.978000
2026-06-15 16:52:01.404039,-9.727000,-16.342000
2026-06-15 16:52:01.404178,-9.341000,-16.014000
2026-06-15 16:52:01.404304,-8.948000,-15.730000
2026-06-15 16:52:01.404420,-8.784000,-15.707000
2026-06-15 16:52:01.404530,-8.817000,-15.836000
2026-06-15 16:52:01.404655,-9.110000,-15.902000
2026-06-15 16:52:01.404770,-9.106000,-15.842000
2026-06-15 16:52:01.404877,-9.688000,-16.303000
2026-06-15 16:52:01.404987,-9.324000,-15.974000
2026-06-15 16:52:01.405098,-8.921000,-15.735000
2026-06-15 16:52:01.405208,-8.793000,-15.639000
2026-06-15 16:52:01.405321,-8.817000,-15.878000
2026-06-15 16:52:01.405452,-9.073000,-15.900000
2026-06-15 16:52:01.405602,-9.097000,-15.938000
2026-06-15 16:52:01.407268,-9.676000,-16.308000
2026-06-15 16:52:01.407483,-9.271000,-15.949000
2026-06-15 16:52:01.408804,-8.864000,-15.691000
2026-06-15 16:52:01.408944,-8.773000,-15.700000
2026-06-15 16:52:01.409057,-8.836000,-15.874000
2026-06-15 16:52:01.409167,-9.055000,-15.767000
2026-06-15 16:52:01.411270,-9.039000,-15.942000
2026-06-15 16:52:01.412433,-9.653000,-16.315000
2026-06-15 16:52:01.436321,-9.256000,-15.918000
2026-06-15 16:52:01.437075,-8.882000,-15.641000
2026-06-15 16:52:01.437504,-8.788000,-15.701000
2026-06-15 16:52:01.438770,-8.816000,-15.840000
2026-06-15 16:52:01.443189,-9.038000,-15.889000
2026-06-15 16:52:01.453763,-9.037000,-15.899000
2026-06-15 16:52:01.454597,-9.639000,-16.282000
2026-06-15 16:52:01.455339,-9.259000,-15.910000
2026-06-15 16:52:01.456150,-8.866000,-15.687000
2026-06-15 16:52:01.472484,-8.749000,-15.668000
2026-06-15 16:52:01.500603,-8.840000,-15.841000
2026-06-15 16:52:01.510648,-9.029000,-15.859000
2026-06-15 16:52:01.516797,-9.046000,-15.903000
2026-06-15 16:52:01.548922,-9.650000,-16.284000
2026-06-15 16:52:01.552549,-9.239000,-15.902000
2026-06-15 16:52:01.560116,-8.850000,-15.671000
2026-06-15 16:52:01.569228,-8.736000,-15.688000
2026-06-15 16:52:01.569558,-8.824000,-15.850000
2026-06-15 16:52:01.569753,-9.024000,-15.868000
2026-06-15 16:52:01.569922,-9.064000,-15.757000
2026-06-15 16:52:01.570071,-9.627000,-16.160000
2026-06-15 16:52:01.585170,-9.194000,-15.872000
2026-06-15 16:52:01.594595,-8.844000,-15.635000
2026-06-15 16:52:01.599987,-8.738000,-15.654000
2026-06-15 16:52:01.601628,-8.837000,-15.835000
2026-06-15 16:52:01.601910,-9.030000,-15.857000
2026-06-15 16:52:01.602153,-9.032000,-15.903000
2026-06-15 16:52:01.602293,-9.597000,-16.250000
2026-06-15 16:52:01.602489,-9.160000,-15.870000
2026-06-15 16:52:01.602670,-8.828000,-15.635000
2026-06-15 16:52:01.602829,-8.728000,-15.659000
2026-06-15 16:52:01.603058,-8.812000,-15.818000
2026-06-15 16:52:01.610828,-8.983000,-15.845000
2026-06-15 16:52:01.620126,-9.007000,-15.908000
2026-06-15 16:52:01.620353,-9.604000,-16.219000
2026-06-15 16:52:01.620574,-9.175000,-15.838000
2026-06-15 16:52:01.620935,-8.823000,-15.615000
2026-06-15 16:52:01.621125,-8.694000,-15.637000
2026-06-15 16:52:01.621275,-8.819000,-15.827000
2026-06-15 16:52:01.621606,-8.977000,-15.811000
2026-06-15 16:52:01.622681,-9.017000,-15.899000
2026-06-15 16:52:01.628637,-9.566000,-16.185000
2026-06-15 16:52:01.629695,-9.138000,-15.827000
2026-06-15 16:52:01.630285,-8.794000,-15.606000
2026-06-15 16:52:01.644249,-8.614000,-15.616000
2026-06-15 16:52:01.644760,-8.798000,-15.794000
2026-06-15 16:52:01.644904,-8.980000,-15.789000
2026-06-15 16:52:01.662179,-8.966000,-15.894000
2026-06-15 16:52:01.662790,-9.562000,-16.198000
2026-06-15 16:52:01.664003,-9.083000,-15.794000
2026-06-15 16:52:01.671612,-8.741000,-15.538000
2026-06-15 16:52:01.672911,-8.609000,-15.608000
2026-06-15 16:52:01.673412,-8.831000,-15.740000
2026-06-15 16:52:01.682425,-8.974000,-15.805000
2026-06-15 16:52:01.723711,-8.977000,-15.878000
2026-06-15 16:52:01.727967,-9.543000,-16.144000
2026-06-15 16:52:01.728143,-9.070000,-15.791000
2026-06-15 16:52:01.741109,-8.742000,-15.581000
2026-06-15 16:52:01.773410,-8.559000,-15.608000
2026-06-15 16:52:01.784138,-8.828000,-15.772000
2026-06-15 16:52:01.785803,-8.955000,-15.805000
2026-06-15 16:52:01.788847,-8.980000,-15.922000
2026-06-15 16:52:01.789070,-9.537000,-16.159000
2026-06-15 16:52:01.805521,-9.091000,-15.768000
2026-06-15 16:52:01.813718,-8.747000,-15.578000
2026-06-15 16:52:01.830084,-8.554000,-15.600000
2026-06-15 16:52:01.830590,-8.853000,-15.760000
2026-06-15 16:52:01.834352,-8.960000,-15.786000
2026-06-15 16:52:01.837961,-8.984000,-15.938000
2026-06-15 16:52:01.838517,-9.538000,-16.143000
2026-06-15 16:52:01.839009,-9.060000,-15.745000
2026-06-15 16:52:01.839465,-8.737000,-15.567000
2026-06-15 16:52:01.839785,-8.506000,-15.602000
2026-06-15 16:52:01.863539,-8.827000,-15.749000
2026-06-15 16:52:01.864225,-8.941000,-15.694000
2026-06-15 16:52:01.877347,-8.961000,-15.938000
2026-06-15 16:52:01.881663,-9.502000,-15.996000
2026-06-15 16:52:01.884387,-9.071000,-15.742000
2026-06-15 16:52:01.890113,-8.713000,-15.558000
2026-06-15 16:52:01.890888,-8.544000,-15.566000
2026-06-15 16:52:01.891244,-8.860000,-15.759000
2026-06-15 16:52:01.891615,-8.940000,-15.759000
2026-06-15 16:52:01.892141,-8.954000,-15.983000
2026-06-15 16:52:01.933755,-9.488000,-16.089000
2026-06-15 16:52:01.936693,-9.025000,-15.717000
2026-06-15 16:52:01.959552,-8.692000,-15.556000
2026-06-15 16:52:01.975015,-8.545000,-15.583000
2026-06-15 16:52:01.991542,-8.839000,-15.739000
2026-06-15 16:52:02.005903,-8.934000,-15.745000
2026-06-15 16:52:02.007616,-8.962000,-15.969000
2026-06-15 16:52:02.008676,-9.499000,-16.040000
2026-06-15 16:52:02.009021,-9.004000,-15.708000
2026-06-15 16:52:02.009392,-8.674000,-15.526000
2026-06-15 16:52:02.011605,-8.510000,-15.564000
2026-06-15 16:52:02.012782,-8.829000,-15.731000
2026-06-15 16:52:02.013277,-8.930000,-15.739000
2026-06-15 16:52:02.014105,-8.939000,-15.984000
2026-06-15 16:52:02.036181,-9.473000,-16.039000
2026-06-15 16:52:02.045674,-9.015000,-15.715000
2026-06-15 16:52:02.069225,-8.675000,-15.445000
2026-06-15 16:52:02.074523,-8.484000,-15.459000
2026-06-15 16:52:02.078147,-8.828000,-15.627000
2026-06-15 16:52:02.078308,-8.904000,-15.655000
2026-06-15 16:52:02.080017,-8.934000,-15.996000
2026-06-15 16:52:02.099091,-9.476000,-16.020000
2026-06-15 16:52:02.105120,-9.012000,-15.675000
2026-06-15 16:52:02.105373,-8.639000,-15.549000
2026-06-15 16:52:02.105541,-8.468000,-15.552000
2026-06-15 16:52:02.105762,-8.801000,-15.714000
2026-06-15 16:52:02.106052,-8.911000,-15.733000
2026-06-15 16:52:02.106288,-8.923000,-15.986000
2026-06-15 16:52:02.106500,-9.470000,-16.012000
2026-06-15 16:52:02.112931,-8.999000,-15.638000
2026-06-15 16:52:02.120912,-8.631000,-15.527000
2026-06-15 16:52:02.126111,-8.455000,-15.529000
2026-06-15 16:52:02.154585,-8.808000,-15.717000
2026-06-15 16:52:02.157524,-8.922000,-15.723000
2026-06-15 16:52:02.158194,-8.925000,-16.002000
2026-06-15 16:52:02.161239,-9.475000,-15.992000
2026-06-15 16:52:02.167526,-8.992000,-15.640000
2026-06-15 16:52:02.177970,-8.635000,-15.516000
2026-06-15 16:52:02.181623,-8.435000,-15.524000
2026-06-15 16:52:02.182053,-8.800000,-15.715000
2026-06-15 16:52:02.184579,-8.906000,-15.705000
2026-06-15 16:52:02.185064,-8.930000,-16.016000
2026-06-15 16:52:02.203758,-9.473000,-15.994000
2026-06-15 16:52:02.207639,-8.962000,-15.612000
2026-06-15 16:52:02.212200,-8.597000,-15.477000
2026-06-15 16:52:02.217013,-8.461000,-15.521000
2026-06-15 16:52:02.219192,-8.820000,-15.696000
2026-06-15 16:52:02.221237,-8.922000,-15.653000
2026-06-15 16:52:02.222471,-8.917000,-16.051000
2026-06-15 16:52:02.229416,-9.450000,-15.945000
2026-06-15 16:52:02.243540,-8.958000,-15.628000
2026-06-15 16:52:02.252103,-8.585000,-15.478000
2026-06-15 16:52:02.252721,-8.460000,-15.534000
2026-06-15 16:52:02.257281,-8.805000,-15.689000
2026-06-15 16:52:02.258550,-8.886000,-15.544000
2026-06-15 16:52:02.265175,-8.897000,-16.082000
2026-06-15 16:52:02.268218,-9.441000,-15.943000
2026-06-15 16:52:02.269259,-8.947000,-15.551000
2026-06-15 16:52:02.269553,-8.594000,-15.497000
2026-06-15 16:52:02.271514,-8.419000,-15.498000
2026-06-15 16:52:02.274331,-8.759000,-15.682000
2026-06-15 16:52:02.277256,-8.881000,-15.669000
2026-06-15 16:52:02.278312,-8.907000,-16.095000
2026-06-15 16:52:02.280122,-9.456000,-15.910000
2026-06-15 16:52:02.280460,-8.966000,-15.611000
2026-06-15 16:52:02.280846,-8.579000,-15.489000
2026-06-15 16:52:02.297714,-8.469000,-15.515000
2026-06-15 16:52:02.306711,-8.782000,-15.652000
2026-06-15 16:52:02.307551,-8.885000,-15.685000
2026-06-15 16:52:02.308144,-8.892000,-16.106000
2026-06-15 16:52:02.309920,-9.442000,-15.892000
2026-06-15 16:52:02.310524,-8.929000,-15.602000
2026-06-15 16:52:02.311206,-8.536000,-15.462000
2026-06-15 16:52:02.311743,-8.467000,-15.493000
2026-06-15 16:52:02.320563,-8.790000,-15.681000
2026-06-15 16:52:02.322848,-8.874000,-15.682000
2026-06-15 16:52:02.323921,-8.890000,-16.102000
2026-06-15 16:52:02.349766,-9.428000,-15.878000
2026-06-15 16:52:02.380369,-8.912000,-15.569000
2026-06-15 16:52:02.384632,-8.540000,-15.486000
2026-06-15 16:52:02.385083,-8.456000,-15.522000
2026-06-15 16:52:02.385356,-8.782000,-15.635000
2026-06-15 16:52:02.393171,-8.862000,-15.646000
2026-06-15 16:52:02.396490,-8.890000,-16.095000
2026-06-15 16:52:02.397026,-9.406000,-15.878000
2026-06-15 16:52:02.400036,-8.951000,-15.534000
2026-06-15 16:52:02.402827,-8.522000,-15.413000
2026-06-15 16:52:02.410621,-8.482000,-15.492000
2026-06-15 16:52:02.410813,-8.777000,-15.648000
2026-06-15 16:52:02.410927,-8.869000,-15.641000
2026-06-15 16:52:02.411034,-8.872000,-16.077000
2026-06-15 16:52:02.447085,-9.430000,-15.886000
2026-06-15 16:52:02.448922,-8.936000,-15.548000
2026-06-15 16:52:02.468636,-8.530000,-15.483000
2026-06-15 16:52:02.473350,-8.484000,-15.485000
2026-06-15 16:52:02.473587,-8.776000,-15.557000
2026-06-15 16:52:02.473764,-8.848000,-15.656000
2026-06-15 16:52:02.473934,-8.887000,-16.105000
2026-06-15 16:52:02.474112,-9.427000,-15.859000
2026-06-15 16:52:02.474287,-8.945000,-15.561000
2026-06-15 16:52:02.474437,-8.511000,-15.489000
2026-06-15 16:52:02.474592,-8.515000,-15.504000
2026-06-15 16:52:02.474746,-8.782000,-15.647000
2026-06-15 16:52:02.474900,-8.841000,-15.663000
2026-06-15 16:52:02.475056,-8.882000,-16.079000
2026-06-15 16:52:02.475222,-9.419000,-15.832000
2026-06-15 16:52:02.475393,-8.903000,-15.528000
2026-06-15 16:52:02.475554,-8.511000,-15.462000
2026-06-15 16:52:02.475708,-8.500000,-15.493000
2026-06-15 16:52:02.488266,-8.809000,-15.629000
2026-06-15 16:52:02.489121,-8.857000,-15.634000
2026-06-15 16:52:02.503378,-8.866000,-16.061000
2026-06-15 16:52:02.508191,-9.412000,-15.796000
2026-06-15 16:52:02.510512,-8.885000,-15.541000
2026-06-15 16:52:02.517445,-8.508000,-15.493000
2026-06-15 16:52:02.524204,-8.524000,-15.502000
2026-06-15 16:52:02.537605,-8.786000,-15.605000
2026-06-15 16:52:02.540487,-8.815000,-15.642000
2026-06-15 16:52:02.541116,-8.869000,-16.056000
2026-06-15 16:52:02.562913,-9.419000,-15.808000
2026-06-15 16:52:02.570643,-8.891000,-15.528000
2026-06-15 16:52:02.573661,-8.502000,-15.447000
2026-06-15 16:52:02.574498,-8.452000,-15.493000
2026-06-15 16:52:02.581937,-8.738000,-15.639000
2026-06-15 16:52:02.585464,-8.848000,-15.611000
2026-06-15 16:52:02.589343,-8.882000,-16.064000
2026-06-15 16:52:02.599819,-9.409000,-15.810000
2026-06-15 16:52:02.613449,-8.873000,-15.504000
2026-06-15 16:52:02.619000,-8.477000,-15.456000
2026-06-15 16:52:02.630661,-8.488000,-15.498000
2026-06-15 16:52:02.641974,-8.752000,-15.627000
2026-06-15 16:52:02.642483,-8.818000,-15.592000
2026-06-15 16:52:02.679731,-8.906000,-16.045000
2026-06-15 16:52:02.702363,-9.400000,-15.771000
2026-06-15 16:52:02.705111,-8.832000,-15.519000
2026-06-15 16:52:02.712293,-8.476000,-15.462000
2026-06-15 16:52:02.712620,-8.478000,-15.519000
2026-06-15 16:52:02.712789,-8.741000,-15.611000
2026-06-15 16:52:02.712942,-8.833000,-15.611000
2026-06-15 16:52:02.713165,-8.875000,-16.028000
2026-06-15 16:52:02.736145,-9.391000,-15.810000
2026-06-15 16:52:02.751305,-8.859000,-15.498000
2026-06-15 16:52:02.754526,-8.498000,-15.436000
2026-06-15 16:52:02.757568,-8.451000,-15.461000
2026-06-15 16:52:02.759080,-8.736000,-15.606000
2026-06-15 16:52:02.779647,-8.812000,-15.606000
2026-06-15 16:52:02.797915,-8.832000,-16.036000
2026-06-15 16:52:02.798540,-9.373000,-15.857000
2026-06-15 16:52:02.800516,-8.872000,-15.522000
2026-06-15 16:52:02.801685,-8.514000,-15.405000
2026-06-15 16:52:02.817245,-8.381000,-15.440000
2026-06-15 16:52:02.826080,-8.724000,-15.576000
2026-06-15 16:52:02.828742,-1.274000,-6.662000
2026-06-15 16:52:02.837295,-1.811000,-6.440000
2026-06-15 16:52:02.852541,-1.287000,-6.140000
2026-06-15 16:52:02.853354,-0.908000,-6.045000
2026-06-15 16:52:02.871910,-1.009000,-6.049000
2026-06-15 16:52:02.879547,-1.186000,-6.196000
2026-06-15 16:52:02.888629,-1.288000,-6.245000
2026-06-15 16:52:02.927125,-1.317000,-6.620000
2026-06-15 16:52:02.946051,-1.835000,-6.471000
2026-06-15 16:52:02.952833,-1.336000,-6.159000
2026-06-15 16:52:03.002600,-0.944000,-6.032000
2026-06-15 16:52:03.008544,-0.894000,-6.077000
2026-06-15 16:52:03.008913,-1.179000,-6.206000
2026-06-15 16:52:03.037184,-1.291000,-6.260000
2026-06-15 16:52:03.038051,-1.289000,-6.606000
2026-06-15 16:52:03.040084,-1.828000,-6.508000
2026-06-15 16:52:03.044079,-1.409000,-6.143000
2026-06-15 16:52:03.044767,-1.047000,-6.023000
2026-06-15 16:52:03.045461,-0.945000,-6.029000
2026-06-15 16:52:03.046331,-1.173000,-6.211000
2026-06-15 16:52:03.047498,-1.287000,-6.231000
2026-06-15 16:52:03.050702,-1.307000,-6.507000
2026-06-15 16:52:03.073379,-1.840000,-6.514000
2026-06-15 16:52:03.074649,-1.404000,-6.161000
2026-06-15 16:52:03.075239,-0.994000,-6.033000
2026-06-15 16:52:03.075669,-0.828000,-6.035000
2026-06-15 16:52:03.077214,-1.196000,-6.184000
2026-06-15 16:52:03.107039,-1.285000,-6.209000
2026-06-15 16:52:03.107982,-1.303000,-6.463000
2026-06-15 16:52:03.114939,-1.839000,-6.518000
2026-06-15 16:52:03.125464,-1.364000,-6.192000
2026-06-15 16:52:03.127321,-1.016000,-6.012000
2026-06-15 16:52:03.154646,-0.945000,-6.027000
2026-06-15 16:52:03.165204,-1.080000,-6.185000
2026-06-15 16:52:03.165992,-1.274000,-6.227000
2026-06-15 16:52:03.167140,-1.289000,-6.402000
2026-06-15 16:52:03.167497,-1.850000,-6.538000
2026-06-15 16:52:03.167619,-1.399000,-6.191000
2026-06-15 16:52:03.167715,-1.115000,-5.997000
2026-06-15 16:52:03.168327,-1.003000,-6.047000
2026-06-15 16:52:03.168969,-1.019000,-6.204000
2026-06-15 16:52:03.169476,-1.302000,-6.225000
2026-06-15 16:52:03.169811,-1.306000,-6.347000
2026-06-15 16:52:03.170033,-1.937000,-6.562000
2026-06-15 16:52:03.183211,-1.438000,-6.167000
2026-06-15 16:52:03.208253,-1.073000,-5.992000
2026-06-15 16:52:03.208523,-1.051000,-5.978000
2026-06-15 16:52:03.208671,-1.043000,-6.167000
2026-06-15 16:52:03.208790,-1.287000,-6.203000
2026-06-15 16:52:03.208896,-1.296000,-6.256000
2026-06-15 16:52:03.209001,-1.908000,-6.597000
2026-06-15 16:52:03.211268,-1.411000,-6.224000
2026-06-15 16:52:03.211501,-1.087000,-5.953000
2026-06-15 16:52:03.213457,-0.990000,-6.075000
2026-06-15 16:52:03.220228,-1.075000,-6.177000
2026-06-15 16:52:03.225748,-1.297000,-6.216000
2026-06-15 16:52:03.236004,-1.296000,-6.249000
2026-06-15 16:52:03.253702,-1.906000,-6.591000
2026-06-15 16:52:03.264071,-1.473000,-6.220000
2026-06-15 16:52:03.265975,-1.103000,-5.991000
2026-06-15 16:52:03.266665,-1.046000,-6.028000
2026-06-15 16:52:03.267048,-1.013000,-6.173000
2026-06-15 16:52:03.270945,-1.281000,-6.265000
2026-06-15 16:52:03.272285,-1.262000,-6.231000
2026-06-15 16:52:03.272554,-1.898000,-6.584000
2026-06-15 16:52:03.272716,-1.486000,-6.241000
2026-06-15 16:52:03.272875,-1.176000,-5.977000
2026-06-15 16:52:03.273046,-1.021000,-6.025000
2026-06-15 16:52:03.273657,-1.073000,-6.155000
2026-06-15 16:52:03.274034,-1.296000,-6.210000
2026-06-15 16:52:03.274317,-1.295000,-6.269000
2026-06-15 16:52:03.284886,-1.891000,-6.597000
2026-06-15 16:52:03.303889,-1.536000,-6.224000
2026-06-15 16:52:03.316792,-1.142000,-6.017000
2026-06-15 16:52:03.318534,-1.022000,-5.978000
2026-06-15 16:52:03.345080,-1.030000,-6.173000
2026-06-15 16:52:03.356302,-1.304000,-6.221000
2026-06-15 16:52:03.362677,-1.304000,-6.225000
2026-06-15 16:52:03.368552,-1.928000,-6.597000
2026-06-15 16:52:03.380049,-1.568000,-6.225000
2026-06-15 16:52:03.395133,-1.146000,-5.996000
2026-06-15 16:52:03.398443,-1.007000,-5.951000
2026-06-15 16:52:03.403545,-1.027000,-6.171000
2026-06-15 16:52:03.421821,-1.299000,-6.248000
2026-06-15 16:52:03.422328,-1.311000,-6.178000
2026-06-15 16:52:03.438083,-1.988000,-6.602000
2026-06-15 16:52:03.448282,-1.639000,-6.264000
2026-06-15 16:52:03.449750,-1.248000,-5.992000
2026-06-15 16:52:03.450234,-1.018000,-6.013000
2026-06-15 16:52:03.456464,-1.041000,-6.167000
2026-06-15 16:52:03.458813,-1.299000,-6.242000
2026-06-15 16:52:03.460551,-1.279000,-6.263000
2026-06-15 16:52:03.461591,-1.912000,-6.597000
2026-06-15 16:52:03.475257,-1.619000,-6.266000
2026-06-15 16:52:03.480707,-1.191000,-6.020000
2026-06-15 16:52:03.483285,-1.014000,-5.981000
2026-06-15 16:52:03.483521,-1.027000,-6.183000
2026-06-15 16:52:03.483642,-1.327000,-6.239000
2026-06-15 16:52:03.483809,-1.310000,-6.248000
2026-06-15 16:52:03.483999,-1.916000,-6.596000
2026-06-15 16:52:03.484123,-1.707000,-6.264000
2026-06-15 16:52:03.484276,-1.218000,-6.036000
2026-06-15 16:52:03.484420,-0.997000,-6.025000
2026-06-15 16:52:03.484578,-1.048000,-6.144000
2026-06-15 16:52:03.484713,-1.306000,-6.220000
2026-06-15 16:52:03.484857,-1.318000,-6.170000
2026-06-15 16:52:03.484976,-1.870000,-6.563000
2026-06-15 16:52:03.485074,-1.720000,-6.257000
2026-06-15 16:52:03.485186,-1.267000,-6.047000
2026-06-15 16:52:03.485300,-1.053000,-5.894000
2026-06-15 16:52:03.485405,-1.049000,-6.163000
2026-06-15 16:52:03.485514,-1.312000,-6.230000
2026-06-15 16:52:03.485621,-1.322000,-6.266000
2026-06-15 16:52:03.485731,-1.743000,-6.618000
2026-06-15 16:52:03.485840,-1.733000,-6.295000
2026-06-15 16:52:03.485943,-1.290000,-6.038000
2026-06-15 16:52:03.486041,-0.976000,-6.001000
2026-06-15 16:52:03.486141,-1.057000,-6.158000
2026-06-15 16:52:03.486252,-1.291000,-6.254000
2026-06-15 16:52:03.486363,-1.335000,-6.252000
2026-06-15 16:52:03.486464,-1.660000,-6.632000
2026-06-15 16:52:03.486567,-1.760000,-6.312000
2026-06-15 16:52:03.486668,-1.283000,-6.075000
2026-06-15 16:52:03.486759,-0.974000,-5.922000
2026-06-15 16:52:03.486864,-1.045000,-6.144000
2026-06-15 16:52:03.486967,-1.285000,-6.160000
2026-06-15 16:52:03.487060,-1.326000,-6.213000
2026-06-15 16:52:03.487183,-1.604000,-6.641000
2026-06-15 16:52:03.487284,-1.873000,-6.270000
2026-06-15 16:52:03.487375,-1.322000,-6.086000
2026-06-15 16:52:03.487467,-1.024000,-5.971000
2026-06-15 16:52:03.487559,-1.004000,-6.147000
2026-06-15 16:52:03.487663,-1.251000,-6.222000
2026-06-15 16:52:03.487758,-1.273000,-6.224000
2026-06-15 16:52:03.487935,-1.512000,-6.640000
2026-06-15 16:52:03.491274,-1.855000,-6.337000
2026-06-15 16:52:03.500811,-1.338000,-6.084000
2026-06-15 16:52:03.504879,-0.984000,-6.066000
2026-06-15 16:52:03.520510,-1.007000,-6.082000
2026-06-15 16:52:03.525002,-1.264000,-6.240000
2026-06-15 16:52:03.545911,-1.306000,-6.230000
2026-06-15 16:52:03.547978,-1.436000,-6.660000
2026-06-15 16:52:03.553413,-1.845000,-6.358000
2026-06-15 16:52:03.554711,-1.338000,-6.095000
2026-06-15 16:52:03.562781,-0.957000,-6.039000
2026-06-15 16:52:03.577591,-0.989000,-6.051000
2026-06-15 16:52:03.582423,-1.258000,-6.233000
2026-06-15 16:52:03.582870,-1.296000,-6.216000
2026-06-15 16:52:03.583017,-1.361000,-6.640000
2026-06-15 16:52:03.583913,-1.954000,-6.361000
2026-06-15 16:52:03.592543,-1.352000,-6.148000
2026-06-15 16:52:03.595401,-0.954000,-6.107000
2026-06-15 16:52:03.596858,-0.995000,-6.049000
2026-06-15 16:52:03.604365,-1.250000,-6.234000
2026-06-15 16:52:03.604782,-1.292000,-6.236000
2026-06-15 16:52:03.605203,-1.335000,-6.673000
2026-06-15 16:52:03.605562,-1.892000,-6.405000
2026-06-15 16:52:03.605805,-1.382000,-6.104000
2026-06-15 16:52:03.608255,-0.970000,-6.040000
2026-06-15 16:52:03.646440,-0.962000,-6.057000
2026-06-15 16:52:03.647543,-1.230000,-6.241000
2026-06-15 16:52:03.649202,-1.311000,-6.241000
2026-06-15 16:52:03.654287,-1.329000,-6.675000
2026-06-15 16:52:03.656299,-1.869000,-6.409000
2026-06-15 16:52:03.670026,-1.343000,-6.131000
2026-06-15 16:52:03.673499,-1.025000,-6.029000
2026-06-15 16:52:03.674618,-0.949000,-6.063000
2026-06-15 16:52:03.675622,-1.235000,-6.236000
2026-06-15 16:52:03.683316,-1.327000,-6.235000
2026-06-15 16:52:03.683862,-1.345000,-6.692000
2026-06-15 16:52:03.694836,-1.869000,-6.421000
2026-06-15 16:52:03.696503,-1.349000,-6.140000
2026-06-15 16:52:03.702741,-0.985000,-6.073000
2026-06-15 16:52:03.704605,-0.893000,-6.095000
2026-06-15 16:52:03.712141,-1.217000,-6.182000
2026-06-15 16:52:03.713627,-1.353000,-6.248000
2026-06-15 16:52:03.716154,-1.340000,-6.617000
2026-06-15 16:52:03.716458,-1.909000,-6.453000
2026-06-15 16:52:03.716618,-1.367000,-6.148000
2026-06-15 16:52:03.716772,-0.977000,-6.035000
2026-06-15 16:52:03.716939,-0.927000,-6.067000
2026-06-15 16:52:03.717096,-1.266000,-6.202000
2026-06-15 16:52:03.717250,-1.313000,-6.236000
2026-06-15 16:52:03.717389,-1.340000,-6.601000
2026-06-15 16:52:03.732142,-1.863000,-6.481000
2026-06-15 16:52:03.734353,-1.379000,-6.155000
2026-06-15 16:52:03.743691,-1.022000,-6.035000
2026-06-15 16:52:03.744477,-0.947000,-6.045000
2026-06-15 16:52:03.744629,-1.203000,-6.209000
2026-06-15 16:52:03.744733,-1.314000,-6.251000
2026-06-15 16:52:03.744831,-1.308000,-6.560000
2026-06-15 16:52:03.744924,-1.860000,-6.530000
2026-06-15 16:52:03.747490,-1.435000,-6.191000
2026-06-15 16:52:03.749096,-1.041000,-6.006000
2026-06-15 16:52:03.751784,-0.958000,-6.012000
2026-06-15 16:52:03.764497,-1.198000,-6.182000
2026-06-15 16:52:03.777083,-1.308000,-6.214000
2026-06-15 16:52:03.779146,-1.321000,-6.475000
2026-06-15 16:52:03.781026,-1.883000,-6.517000
2026-06-15 16:52:03.788858,-1.401000,-6.206000
2026-06-15 16:52:03.807622,-1.061000,-6.016000
2026-06-15 16:52:03.815530,-0.882000,-6.091000
2026-06-15 16:52:03.820833,-1.143000,-6.215000
2026-06-15 16:52:03.821080,-1.328000,-6.245000
2026-06-15 16:52:03.832539,-1.319000,-6.445000
2026-06-15 16:52:03.838652,-1.881000,-6.563000
2026-06-15 16:52:03.840221,-1.418000,-6.201000
2026-06-15 16:52:03.840795,-1.074000,-5.987000
2026-06-15 16:52:03.841070,-0.903000,-6.034000
2026-06-15 16:52:03.853574,-1.154000,-6.157000
2026-06-15 16:52:03.857872,-1.306000,-6.231000
2026-06-15 16:52:03.882056,-1.349000,-6.377000
2026-06-15 16:52:03.887067,-1.882000,-6.557000
2026-06-15 16:52:03.889114,-1.411000,-6.239000
2026-06-15 16:52:03.891020,-1.089000,-6.013000
2026-06-15 16:52:03.893868,-1.039000,-6.058000
2026-06-15 16:52:03.894119,-1.037000,-6.171000
2026-06-15 16:52:03.894333,-1.329000,-6.228000
2026-06-15 16:52:03.894581,-1.334000,-6.321000
2026-06-15 16:52:03.895082,-1.920000,-6.611000
2026-06-15 16:52:03.896088,-1.458000,-6.215000
2026-06-15 16:52:03.896467,-1.124000,-5.997000
2026-06-15 16:52:03.918962,-1.073000,-6.039000
2026-06-15 16:52:03.922479,-1.072000,-6.199000
2026-06-15 16:52:03.923014,-1.291000,-6.230000
2026-06-15 16:52:03.923298,-1.327000,-6.284000
2026-06-15 16:52:03.923488,-1.905000,-6.612000
2026-06-15 16:52:03.923652,-1.485000,-6.221000
2026-06-15 16:52:03.923818,-1.207000,-5.918000
2026-06-15 16:52:03.951101,-1.122000,-6.044000
2026-06-15 16:52:03.967388,-1.029000,-6.178000
2026-06-15 16:52:03.984167,-1.304000,-6.224000
2026-06-15 16:52:04.004999,-1.323000,-6.245000
2026-06-15 16:52:04.018318,-1.911000,-6.624000
2026-06-15 16:52:04.035561,-1.526000,-6.265000
2026-06-15 16:52:04.070588,-1.132000,-5.973000
2026-06-15 16:52:04.093649,-1.059000,-5.993000
2026-06-15 16:52:04.095095,-1.046000,-6.165000
2026-06-15 16:52:04.097962,-1.296000,-6.232000
2026-06-15 16:52:04.126188,-1.277000,-6.252000
2026-06-15 16:52:04.146041,-1.913000,-6.634000
2026-06-15 16:52:04.149977,-1.519000,-6.232000
2026-06-15 16:52:04.156078,-1.177000,-6.000000
2026-06-15 16:52:04.156933,-1.046000,-5.987000
2026-06-15 16:52:04.160564,-1.068000,-6.128000
2026-06-15 16:52:04.161196,-1.328000,-6.214000
2026-06-15 16:52:04.161416,-1.328000,-6.216000
2026-06-15 16:52:04.161574,-1.916000,-6.616000
2026-06-15 16:52:04.163409,-1.578000,-6.204000
2026-06-15 16:52:04.183194,-1.153000,-6.024000
2026-06-15 16:52:04.183572,-1.002000,-5.962000
2026-06-15 16:52:04.183988,-1.028000,-6.212000
2026-06-15 16:52:04.184488,-1.300000,-6.226000
2026-06-15 16:52:04.188137,-1.304000,-6.248000
2026-06-15 16:52:04.195925,-1.905000,-6.586000
2026-06-15 16:52:04.208368,-1.590000,-6.256000
2026-06-15 16:52:04.230810,-1.185000,-6.003000
2026-06-15 16:52:04.236178,-1.021000,-5.990000
2026-06-15 16:52:04.237285,-1.024000,-6.132000
2026-06-15 16:52:04.239089,-1.310000,-6.210000
2026-06-15 16:52:04.245901,-1.298000,-6.231000
2026-06-15 16:52:04.259785,-1.894000,-6.600000
2026-06-15 16:52:04.264341,-1.637000,-6.261000
2026-06-15 16:52:04.272140,-1.224000,-5.983000
2026-06-15 16:52:04.295005,-1.027000,-5.943000
2026-06-15 16:52:04.303872,-1.055000,-6.175000
2026-06-15 16:52:04.315125,-1.329000,-6.221000
2026-06-15 16:52:04.316043,-1.334000,-6.216000
2026-06-15 16:52:04.353620,-1.912000,-6.611000
2026-06-15 16:52:04.355910,-1.660000,-6.269000
2026-06-15 16:52:04.356643,-1.211000,-6.047000
2026-06-15 16:52:04.366401,-1.028000,-5.979000
2026-06-15 16:52:04.367493,-1.052000,-6.188000
2026-06-15 16:52:04.368928,-1.302000,-6.218000
2026-06-15 16:52:04.369401,-1.324000,-6.182000
2026-06-15 16:52:04.376964,-1.936000,-6.580000
2026-06-15 16:52:04.377954,-1.705000,-6.239000
2026-06-15 16:52:04.390253,-1.261000,-6.045000
2026-06-15 16:52:04.393124,-1.005000,-5.979000
2026-06-15 16:52:04.397623,-1.024000,-6.160000
2026-06-15 16:52:04.402662,-1.302000,-6.217000
2026-06-15 16:52:04.451821,-1.321000,-6.239000
2026-06-15 16:52:04.464687,-1.743000,-6.614000
2026-06-15 16:52:04.472563,-1.740000,-6.279000
2026-06-15 16:52:04.476614,-1.273000,-6.073000
2026-06-15 16:52:04.492510,-1.013000,-6.002000
2026-06-15 16:52:04.504133,-1.033000,-6.137000
2026-06-15 16:52:04.506289,-1.296000,-6.241000
2026-06-15 16:52:04.514068,-1.402000,-6.242000
2026-06-15 16:52:04.516384,-1.707000,-6.626000
2026-06-15 16:52:04.519081,-1.808000,-6.297000
2026-06-15 16:52:04.530021,-1.290000,-6.099000
2026-06-15 16:52:04.538810,-0.991000,-6.040000
2026-06-15 16:52:04.554901,-1.026000,-6.135000
2026-06-15 16:52:04.555631,-1.302000,-6.244000
2026-06-15 16:52:04.569346,-1.322000,-6.233000
2026-06-15 16:52:04.572841,-1.600000,-6.639000
2026-06-15 16:52:04.573818,-1.818000,-6.301000
2026-06-15 16:52:04.574203,-1.282000,-6.067000
2026-06-15 16:52:04.574525,-1.026000,-5.990000
2026-06-15 16:52:04.581007,-1.045000,-6.120000
2026-06-15 16:52:04.597795,-1.278000,-6.249000
2026-06-15 16:52:04.626392,-1.311000,-6.228000
2026-06-15 16:52:04.637148,-1.488000,-6.648000
2026-06-15 16:52:04.644978,-1.862000,-6.314000
2026-06-15 16:52:04.647670,-1.304000,-6.091000
2026-06-15 16:52:04.649119,-0.965000,-6.080000
2026-06-15 16:52:04.649417,-1.039000,-6.114000
2026-06-15 16:52:04.652176,-1.270000,-6.242000
2026-06-15 16:52:04.652456,-1.327000,-6.195000
2026-06-15 16:52:04.652598,-1.454000,-6.631000
2026-06-15 16:52:04.652711,-1.925000,-6.339000
2026-06-15 16:52:04.652839,-1.352000,-6.084000
2026-06-15 16:52:04.652964,-0.983000,-5.991000
2026-06-15 16:52:04.653073,-1.074000,-6.073000
2026-06-15 16:52:04.653177,-1.270000,-6.205000
2026-06-15 16:52:04.653277,-1.329000,-6.242000
2026-06-15 16:52:04.653377,-1.371000,-6.666000
2026-06-15 16:52:04.653483,-1.874000,-6.394000
2026-06-15 16:52:04.653597,-1.350000,-6.120000
2026-06-15 16:52:04.653700,-0.964000,-6.072000
2026-06-15 16:52:04.653798,-1.011000,-6.049000
2026-06-15 16:52:04.653894,-1.265000,-6.207000
2026-06-15 16:52:04.653986,-1.329000,-6.145000
2026-06-15 16:52:04.654089,-1.395000,-6.625000
2026-06-15 16:52:04.654196,-1.954000,-6.373000
2026-06-15 16:52:04.654297,-1.384000,-6.109000
2026-06-15 16:52:04.654396,-1.001000,-6.027000
2026-06-15 16:52:04.654488,-1.029000,-6.079000
2026-06-15 16:52:04.662101,-1.233000,-6.250000
2026-06-15 16:52:04.681999,-1.340000,-6.235000
2026-06-15 16:52:04.690479,-1.369000,-6.650000
2026-06-15 16:52:04.707250,-1.908000,-6.423000
2026-06-15 16:52:04.712131,-1.379000,-6.113000
2026-06-15 16:52:04.726667,-1.044000,-6.025000
2026-06-15 16:52:04.752898,-0.954000,-6.063000
2026-06-15 16:52:04.761640,-1.224000,-6.226000
2026-06-15 16:52:04.767890,-1.318000,-6.248000
2026-06-15 16:52:04.798252,-1.358000,-6.670000
2026-06-15 16:52:04.799913,-1.869000,-6.417000
2026-06-15 16:52:04.800800,-1.369000,-6.114000
2026-06-15 16:52:04.810089,-1.011000,-6.027000
2026-06-15 16:52:04.815374,-0.992000,-6.053000
2026-06-15 16:52:04.832751,-1.227000,-6.226000
2026-06-15 16:52:04.833313,-1.304000,-6.236000
2026-06-15 16:52:04.877871,-1.323000,-6.669000
2026-06-15 16:52:04.878181,-1.878000,-6.459000
2026-06-15 16:52:04.878326,-1.370000,-6.109000
2026-06-15 16:52:04.880506,-0.987000,-6.036000
2026-06-15 16:52:04.880798,-0.940000,-6.061000
2026-06-15 16:52:04.881119,-1.198000,-6.227000
2026-06-15 16:52:04.881450,-1.337000,-6.226000
2026-06-15 16:52:04.881758,-1.363000,-6.622000
2026-06-15 16:52:04.882045,-1.874000,-6.459000
2026-06-15 16:52:04.885550,-1.387000,-6.151000
2026-06-15 16:52:04.895930,-1.036000,-5.992000
2026-06-15 16:52:04.900636,-0.854000,-6.076000
2026-06-15 16:52:04.915633,-1.207000,-6.209000
2026-06-15 16:52:04.928010,-1.366000,-6.198000
2026-06-15 16:52:04.928522,-1.371000,-6.576000
2026-06-15 16:52:04.928927,-1.873000,-6.474000
2026-06-15 16:52:04.929283,-1.388000,-6.165000
2026-06-15 16:52:04.929802,-1.102000,-6.007000
2026-06-15 16:52:04.931484,-0.927000,-6.032000
2026-06-15 16:52:04.933680,-1.191000,-6.233000
2026-06-15 16:52:04.934338,-1.319000,-6.208000
2026-06-15 16:52:04.936305,-1.354000,-6.510000
2026-06-15 16:52:04.936897,-1.872000,-6.531000
2026-06-15 16:52:04.940248,-1.401000,-6.185000
2026-06-15 16:52:04.960041,-1.076000,-6.003000
2026-06-15 16:52:04.960497,-0.948000,-6.030000
2026-06-15 16:52:04.969331,-1.176000,-6.201000
2026-06-15 16:52:04.969555,-1.316000,-6.235000
2026-06-15 16:52:04.969654,-1.339000,-6.474000
2026-06-15 16:52:04.969745,-1.908000,-6.544000
2026-06-15 16:52:04.969834,-1.422000,-6.221000
2026-06-15 16:52:04.969922,-1.083000,-5.974000
2026-06-15 16:52:04.970010,-0.963000,-6.033000
2026-06-15 16:52:04.970098,-1.195000,-6.222000
2026-06-15 16:52:04.970188,-1.334000,-6.200000
2026-06-15 16:52:04.970277,-1.370000,-6.382000
2026-06-15 16:52:04.970365,-1.913000,-6.552000
2026-06-15 16:52:04.970487,-1.431000,-6.189000
2026-06-15 16:52:04.970579,-1.144000,-5.974000
2026-06-15 16:52:04.970666,-1.042000,-6.028000
2026-06-15 16:52:04.970754,-1.117000,-6.207000
2026-06-15 16:52:04.970857,-1.318000,-6.242000
2026-06-15 16:52:04.970951,-1.340000,-6.351000
2026-06-15 16:52:04.971049,-1.912000,-6.607000
2026-06-15 16:52:04.971141,-1.449000,-6.230000
2026-06-15 16:52:04.971229,-1.146000,-6.009000
2026-06-15 16:52:04.971319,-0.941000,-6.041000
2026-06-15 16:52:04.971409,-1.114000,-6.167000
2026-06-15 16:52:04.971498,-1.284000,-6.229000
2026-06-15 16:52:04.971587,-1.310000,-6.233000
2026-06-15 16:52:04.971676,-1.990000,-6.558000
2026-06-15 16:52:04.971766,-1.479000,-6.210000
2026-06-15 16:52:04.972519,-1.152000,-5.979000
2026-06-15 16:52:04.977981,-1.077000,-6.029000
2026-06-15 16:52:05.001035,-1.076000,-6.155000
2026-06-15 16:52:05.014113,-1.326000,-6.223000
2026-06-15 16:52:05.016226,-1.327000,-6.253000
2026-06-15 16:52:05.016803,-1.933000,-6.631000
2026-06-15 16:52:05.017330,-1.508000,-6.238000
2026-06-15 16:52:05.030354,-1.124000,-5.996000
2026-06-15 16:52:05.031637,-1.036000,-6.043000
2026-06-15 16:52:05.035396,-1.103000,-6.182000
2026-06-15 16:52:05.038616,-1.332000,-6.192000
2026-06-15 16:52:05.068793,-1.361000,-6.209000
2026-06-15 16:52:05.071729,-1.958000,-6.595000
2026-06-15 16:52:05.073346,-1.561000,-6.256000
2026-06-15 16:52:05.077680,-1.155000,-5.986000
2026-06-15 16:52:05.079445,-1.045000,-6.021000
2026-06-15 16:52:05.080280,-1.086000,-6.157000
2026-06-15 16:52:05.094877,-1.317000,-6.204000
2026-06-15 16:52:05.098590,-1.324000,-6.227000
2026-06-15 16:52:05.121661,-1.974000,-6.607000
2026-06-15 16:52:05.125865,-1.588000,-6.229000
2026-06-15 16:52:05.130713,-1.205000,-5.989000
2026-06-15 16:52:05.130948,-1.055000,-5.965000
2026-06-15 16:52:05.142100,-1.089000,-6.164000
2026-06-15 16:52:05.143520,-1.316000,-6.218000
2026-06-15 16:52:05.152392,-1.332000,-6.218000
2026-06-15 16:52:05.165352,-1.937000,-6.582000
2026-06-15 16:52:05.166503,-1.620000,-6.193000
2026-06-15 16:52:05.167184,-1.223000,-5.960000
2026-06-15 16:52:05.167687,-1.004000,-5.939000
2026-06-15 16:52:05.187151,-1.070000,-6.134000
2026-06-15 16:52:05.189704,-1.322000,-6.212000
2026-06-15 16:52:05.190720,-1.326000,-6.227000
2026-06-15 16:52:05.193931,-1.941000,-6.586000
2026-06-15 16:52:05.198282,-1.651000,-6.254000
2026-06-15 16:52:05.200113,-1.199000,-6.023000
2026-06-15 16:52:05.201333,-1.044000,-5.948000
2026-06-15 16:52:05.201649,-1.058000,-6.148000
2026-06-15 16:52:05.209491,-1.334000,-6.213000
2026-06-15 16:52:05.236425,-1.336000,-6.216000
2026-06-15 16:52:05.237169,-1.921000,-6.612000
2026-06-15 16:52:05.238400,-1.653000,-6.258000
2026-06-15 16:52:05.252597,-1.220000,-6.043000
2026-06-15 16:52:05.273999,-1.035000,-5.993000
2026-06-15 16:52:05.274230,-1.041000,-6.190000
2026-06-15 16:52:05.274377,-1.304000,-6.185000
2026-06-15 16:52:05.274531,-1.312000,-6.217000
2026-06-15 16:52:05.274711,-1.861000,-6.547000
2026-06-15 16:52:05.292528,-1.709000,-6.247000
2026-06-15 16:52:05.293114,-1.298000,-6.008000
2026-06-15 16:52:05.293681,-1.014000,-5.973000
2026-06-15 16:52:05.297108,-1.055000,-6.182000
2026-06-15 16:52:05.310480,-1.299000,-6.229000
2026-06-15 16:52:05.320462,-1.339000,-6.209000
2026-06-15 16:52:05.320648,-1.769000,-6.581000
2026-06-15 16:52:05.320788,-1.742000,-6.290000
2026-06-15 16:52:05.321794,-1.276000,-6.052000
2026-06-15 16:52:05.335432,-1.061000,-5.986000
2026-06-15 16:52:05.337245,-1.047000,-6.127000
2026-06-15 16:52:05.342155,-1.336000,-6.224000
2026-06-15 16:52:05.344946,-1.340000,-6.233000
2026-06-15 16:52:05.345532,-1.703000,-6.617000
2026-06-15 16:52:05.357669,-1.755000,-6.306000
2026-06-15 16:52:05.362248,-1.285000,-6.153000
2026-06-15 16:52:05.365259,-1.071000,-6.380000
2026-06-15 16:52:05.377716,-1.226000,-7.078000
2026-06-15 16:52:05.379426,-1.771000,-7.976000
2026-06-15 16:52:05.379780,-2.306000,-8.963000
2026-06-15 16:52:05.382880,-3.162000,-10.351000
2026-06-15 16:52:05.396263,-3.755000,-10.694000
2026-06-15 16:52:05.435203,-3.385000,-10.668000
2026-06-15 16:52:05.446354,-2.992000,-10.248000
2026-06-15 16:52:05.449993,-2.899000,-9.900000
2026-06-15 16:52:05.455906,-3.315000,-9.408000
2026-06-15 16:52:05.460413,-3.637000,-9.029000
2026-06-15 16:52:05.478042,-4.091000,-9.179000
2026-06-15 16:52:05.502747,-4.026000,-8.738000
2026-06-15 16:52:05.514798,-3.083000,-8.381000
2026-06-15 16:52:05.521977,-2.306000,-8.211000
2026-06-15 16:52:05.527772,-2.239000,-8.181000
2026-06-15 16:52:05.535088,-2.671000,-8.311000
2026-06-15 16:52:05.559375,-3.046000,-8.475000
2026-06-15 16:52:05.559665,-3.182000,-9.235000
2026-06-15 16:52:05.562609,-3.196000,-9.235000
2026-06-15 16:52:05.569178,-2.469000,-9.244000
2026-06-15 16:52:05.577744,-2.273000,-9.153000
2026-06-15 16:52:05.585763,-2.559000,-9.065000
2026-06-15 16:52:05.589351,-3.087000,-8.922000
2026-06-15 16:52:05.590601,-3.234000,-8.706000
2026-06-15 16:52:05.591144,-3.176000,-9.083000
2026-06-15 16:52:05.617530,-3.376000,-8.876000
2026-06-15 16:52:05.633640,-2.893000,-8.653000
2026-06-15 16:52:05.653334,-2.752000,-8.715000
2026-06-15 16:52:05.656192,-2.876000,-8.718000
2026-06-15 16:52:05.661968,-3.107000,-8.799000
2026-06-15 16:52:05.678970,-2.874000,-8.810000
2026-06-15 16:52:05.695082,-2.846000,-9.291000
2026-06-15 16:52:05.699086,-3.346000,-9.117000
2026-06-15 16:52:05.708163,-2.983000,-8.957000
2026-06-15 16:52:05.708710,-2.680000,-8.885000
2026-06-15 16:52:05.720846,-2.682000,-8.811000
2026-06-15 16:52:05.729268,-2.749000,-8.739000
2026-06-15 16:52:05.743277,-2.774000,-8.654000
2026-06-15 16:52:05.744573,-2.978000,-9.085000
2026-06-15 16:52:05.746897,-3.649000,-8.905000
2026-06-15 16:52:05.764780,-3.135000,-8.751000
2026-06-15 16:52:05.772782,-2.625000,-8.747000
2026-06-15 16:52:05.773118,-2.551000,-8.735000
2026-06-15 16:52:05.773557,-2.740000,-8.854000
2026-06-15 16:52:05.774525,-2.879000,-8.823000
2026-06-15 16:52:05.775432,-3.039000,-9.264000
2026-06-15 16:52:05.777369,-3.569000,-9.047000
2026-06-15 16:52:05.797384,-2.921000,-8.777000
2026-06-15 16:52:05.817037,-2.432000,-8.726000
2026-06-15 16:52:05.829620,-2.505000,-8.710000
2026-06-15 16:52:05.849019,-2.877000,-8.700000
2026-06-15 16:52:05.854754,-3.095000,-8.709000
2026-06-15 16:52:05.855073,-3.057000,-9.167000
2026-06-15 16:52:05.859795,-3.487000,-8.988000
2026-06-15 16:52:05.869801,-2.882000,-8.790000
2026-06-15 16:52:05.874941,-2.522000,-8.750000
2026-06-15 16:52:05.875925,-2.525000,-8.770000
2026-06-15 16:52:05.880777,-2.857000,-8.842000
2026-06-15 16:52:05.896331,-2.901000,-8.760000
2026-06-15 16:52:05.896645,-2.884000,-9.147000
2026-06-15 16:52:05.896855,-3.386000,-9.002000
2026-06-15 16:52:05.897163,-2.963000,-8.728000
2026-06-15 16:52:05.902000,-2.683000,-8.671000
2026-06-15 16:52:05.909456,-2.569000,-8.708000
2026-06-15 16:52:05.911287,-2.849000,-8.807000
2026-06-15 16:52:05.914503,-2.892000,-8.774000
2026-06-15 16:52:05.921590,-2.913000,-9.070000
2026-06-15 16:52:05.922649,-3.453000,-9.093000
2026-06-15 16:52:05.922886,-3.084000,-8.777000
2026-06-15 16:52:05.923118,-2.687000,-8.678000
2026-06-15 16:52:05.929805,-2.432000,-8.689000
2026-06-15 16:52:05.951134,-2.653000,-8.632000
2026-06-15 16:52:05.961626,-2.890000,-8.648000
2026-06-15 16:52:05.978057,-2.901000,-8.650000
2026-06-15 16:52:05.981271,-3.491000,-8.991000
2026-06-15 16:52:05.990282,-3.360000,-8.697000
2026-06-15 16:52:05.990538,-2.826000,-8.490000
2026-06-15 16:52:05.990684,-2.612000,-8.319000
2026-06-15 16:52:05.990844,-2.640000,-8.641000
2026-06-15 16:52:05.991009,-2.895000,-8.672000
2026-06-15 16:52:05.991154,-2.942000,-8.636000
2026-06-15 16:52:05.991312,-3.371000,-9.038000
2026-06-15 16:52:05.991441,-3.301000,-8.693000
2026-06-15 16:52:05.991544,-2.846000,-8.488000
2026-06-15 16:52:05.991655,-2.588000,-8.346000
2026-06-15 16:52:05.991763,-2.642000,-8.611000
2026-06-15 16:52:05.994461,-2.896000,-8.583000
2026-06-15 16:52:05.995304,-2.917000,-8.652000
2026-06-15 16:52:05.995668,-3.317000,-9.024000
2026-06-15 16:52:05.999054,-3.365000,-8.725000
2026-06-15 16:52:06.009770,-2.863000,-8.491000
2026-06-15 16:52:06.029180,-2.594000,-8.474000
2026-06-15 16:52:06.040543,-2.595000,-8.594000
2026-06-15 16:52:06.043194,-2.894000,-8.632000
2026-06-15 16:52:06.046492,-2.918000,-8.634000
2026-06-15 16:52:06.075156,-3.310000,-9.006000
2026-06-15 16:52:06.076802,-3.365000,-8.699000
2026-06-15 16:52:06.083378,-2.877000,-8.460000
2026-06-15 16:52:06.084604,-2.639000,-8.448000
2026-06-15 16:52:06.086710,-2.645000,-8.554000
2026-06-15 16:52:06.103197,-2.872000,-8.683000
2026-06-15 16:52:06.126874,-2.912000,-8.672000
2026-06-15 16:52:06.128117,-3.186000,-9.057000
2026-06-15 16:52:06.132477,-3.391000,-8.717000
2026-06-15 16:52:06.135134,-2.892000,-8.519000
2026-06-15 16:52:06.136679,-2.589000,-8.313000
2026-06-15 16:52:06.138247,-2.633000,-8.591000
2026-06-15 16:52:06.143327,-2.853000,-8.616000
2026-06-15 16:52:06.143706,-2.925000,-8.631000
2026-06-15 16:52:06.144007,-3.149000,-9.026000
2026-06-15 16:52:06.144235,-3.477000,-8.743000
2026-06-15 16:52:06.144472,-2.937000,-8.521000
2026-06-15 16:52:06.144668,-2.576000,-8.490000
2026-06-15 16:52:06.145717,-2.597000,-8.510000
2026-06-15 16:52:06.146414,-2.862000,-8.673000
2026-06-15 16:52:06.147001,-2.893000,-8.643000
2026-06-15 16:52:06.147483,-3.094000,-9.061000
2026-06-15 16:52:06.148521,-3.465000,-8.746000
2026-06-15 16:52:06.167486,-2.953000,-8.524000
2026-06-15 16:52:06.179309,-2.581000,-8.396000
2026-06-15 16:52:06.185275,-2.604000,-8.550000
2026-06-15 16:52:06.189487,-2.854000,-8.635000
2026-06-15 16:52:06.189775,-2.909000,-8.643000
2026-06-15 16:52:06.189944,-3.051000,-9.056000
2026-06-15 16:52:06.193697,-3.483000,-8.773000
2026-06-15 16:52:06.193825,-2.942000,-8.558000
2026-06-15 16:52:06.193986,-2.548000,-8.547000
2026-06-15 16:52:06.201068,-2.576000,-8.609000
2026-06-15 16:52:06.214705,-2.822000,-8.782000
2026-06-15 16:52:06.215292,-2.889000,-8.802000
2026-06-15 16:52:06.217376,-2.980000,-9.274000
2026-06-15 16:52:06.217810,-3.488000,-9.023000
2026-06-15 16:52:06.218218,-2.990000,-8.858000
2026-06-15 16:52:06.218869,-2.603000,-8.832000
2026-06-15 16:52:06.219350,-2.632000,-8.867000
2026-06-15 16:52:06.219672,-2.908000,-9.092000
2026-06-15 16:52:06.219932,-3.000000,-9.159000
2026-06-15 16:52:06.220327,-3.072000,-9.634000
2026-06-15 16:52:06.220936,-3.667000,-9.421000
2026-06-15 16:52:06.221328,-3.142000,-9.238000
2026-06-15 16:52:06.221939,-2.769000,-9.180000
2026-06-15 16:52:06.230041,-2.767000,-9.323000
2026-06-15 16:52:06.230358,-3.016000,-9.524000
2026-06-15 16:52:06.231073,-3.117000,-9.640000
2026-06-15 16:52:06.236657,-3.211000,-10.138000
2026-06-15 16:52:06.237813,-3.738000,-9.946000
2026-06-15 16:52:06.240328,-3.223000,-9.743000
2026-06-15 16:52:06.251404,-2.886000,-9.675000
2026-06-15 16:52:06.261330,-2.922000,-9.826000
2026-06-15 16:52:06.261644,-3.164000,-10.074000
2026-06-15 16:52:06.261804,-3.249000,-10.152000
2026-06-15 16:52:06.261949,-3.289000,-10.653000
2026-06-15 16:52:06.262088,-3.832000,-10.504000
2026-06-15 16:52:06.262258,-3.297000,-10.257000
2026-06-15 16:52:06.262411,-2.930000,-10.271000
2026-06-15 16:52:06.262536,-2.925000,-10.363000
2026-06-15 16:52:06.262648,-3.203000,-10.592000
2026-06-15 16:52:06.262762,-3.315000,-10.659000
2026-06-15 16:52:06.262881,-3.419000,-11.118000
2026-06-15 16:52:06.262997,-4.090000,-10.893000
2026-06-15 16:52:06.263103,-3.579000,-10.651000
2026-06-15 16:52:06.263208,-3.266000,-10.605000
2026-06-15 16:52:06.263319,-3.307000,-10.661000
2026-06-15 16:52:06.263439,-3.614000,-10.880000
2026-06-15 16:52:06.266226,-3.776000,-10.931000
2026-06-15 16:52:06.275361,-3.851000,-11.390000
2026-06-15 16:52:06.281638,-4.464000,-11.150000
2026-06-15 16:52:06.286478,-3.922000,-10.930000
2026-06-15 16:52:06.287596,-3.571000,-10.851000
2026-06-15 16:52:06.290827,-3.621000,-10.923000
2026-06-15 16:52:06.292939,-3.925000,-11.148000
2026-06-15 16:52:06.297676,-4.027000,-11.093000
2026-06-15 16:52:06.328392,-4.162000,-11.604000
2026-06-15 16:52:06.330181,-4.660000,-11.384000
2026-06-15 16:52:06.334526,-4.131000,-11.100000
2026-06-15 16:52:06.340479,-3.753000,-11.039000
2026-06-15 16:52:06.344516,-3.756000,-10.997000
2026-06-15 16:52:06.364611,-4.025000,-11.114000
2026-06-15 16:52:06.366644,-4.111000,-11.185000
2026-06-15 16:52:06.384380,-4.107000,-11.614000
2026-06-15 16:52:06.393654,-4.630000,-11.363000
2026-06-15 16:52:06.403617,-4.122000,-11.061000
2026-06-15 16:52:06.426630,-3.701000,-10.984000
2026-06-15 16:52:06.453058,-3.746000,-10.965000
2026-06-15 16:52:06.474424,-3.970000,-11.085000
2026-06-15 16:52:06.510413,-4.082000,-11.088000
2026-06-15 16:52:06.538807,-4.088000,-11.572000
2026-06-15 16:52:06.548015,-4.639000,-11.275000
2026-06-15 16:52:06.592389,-4.087000,-11.033000
2026-06-15 16:52:06.603657,-3.695000,-10.970000
2026-06-15 16:52:06.621456,-3.729000,-10.995000
2026-06-15 16:52:06.627669,-3.979000,-11.120000
2026-06-15 16:52:06.628437,-4.046000,-11.163000
2026-06-15 16:52:06.639818,-4.125000,-11.572000
2026-06-15 16:52:06.650846,-4.598000,-11.311000
2026-06-15 16:52:06.656398,-4.074000,-11.059000
2026-06-15 16:52:06.677818,-3.691000,-10.960000
2026-06-15 16:52:06.683902,-3.726000,-10.950000
2026-06-15 16:52:06.685300,-3.965000,-11.051000
2026-06-15 16:52:06.686382,-4.033000,-11.070000
2026-06-15 16:52:06.718879,-4.081000,-11.521000
2026-06-15 16:52:06.726468,-4.591000,-11.276000
2026-06-15 16:52:06.743345,-4.054000,-11.018000
2026-06-15 16:52:06.744640,-3.710000,-10.974000
2026-06-15 16:52:06.745115,-3.711000,-10.987000
2026-06-15 16:52:06.746069,-3.994000,-11.109000
2026-06-15 16:52:06.748759,-4.040000,-11.134000
2026-06-15 16:52:06.752343,-4.114000,-11.550000
2026-06-15 16:52:06.753123,-4.613000,-11.263000
2026-06-15 16:52:06.765132,-4.047000,-11.032000
2026-06-15 16:52:06.767390,-3.691000,-10.970000
2026-06-15 16:52:06.768316,-3.694000,-10.981000
2026-06-15 16:52:06.770054,-3.965000,-11.134000
2026-06-15 16:52:06.797984,-4.031000,-11.109000
2026-06-15 16:52:06.799675,-4.148000,-11.524000
2026-06-15 16:52:06.805072,-4.582000,-11.139000
2026-06-15 16:52:06.806218,-4.020000,-10.935000
2026-06-15 16:52:06.806546,-3.725000,-10.921000
2026-06-15 16:52:06.806790,-3.689000,-10.971000
2026-06-15 16:52:06.806981,-4.022000,-11.097000
2026-06-15 16:52:06.807151,-4.028000,-11.116000
2026-06-15 16:52:06.807373,-4.134000,-11.549000
2026-06-15 16:52:06.807525,-4.599000,-11.233000
2026-06-15 16:52:06.807662,-4.047000,-10.990000
2026-06-15 16:52:06.807798,-3.671000,-10.971000
2026-06-15 16:52:06.816539,-3.696000,-11.008000
2026-06-15 16:52:06.824799,-3.963000,-11.106000
2026-06-15 16:52:06.843433,-4.008000,-11.108000
2026-06-15 16:52:06.854907,-4.106000,-11.550000
2026-06-15 16:52:06.864372,-4.577000,-11.142000
2026-06-15 16:52:06.877786,-4.053000,-10.970000
2026-06-15 16:52:06.880482,-3.712000,-10.964000
2026-06-15 16:52:06.880861,-3.676000,-10.966000
2026-06-15 16:52:06.881442,-3.947000,-11.134000
2026-06-15 16:52:06.881630,-3.987000,-11.122000
2026-06-15 16:52:06.882362,-4.117000,-11.519000
2026-06-15 16:52:06.882645,-4.570000,-11.099000
2026-06-15 16:52:06.898656,-4.035000,-10.977000
2026-06-15 16:52:06.905451,-3.686000,-10.974000
2026-06-15 16:52:06.916934,-3.735000,-10.988000
2026-06-15 16:52:06.940865,-4.009000,-11.090000
2026-06-15 16:52:06.951276,-4.029000,-11.012000
2026-06-15 16:52:06.957700,-4.115000,-11.514000
2026-06-15 16:52:06.958377,-4.556000,-11.223000
2026-06-15 16:52:06.963036,-4.028000,-11.011000
2026-06-15 16:52:06.964016,-3.700000,-10.975000
2026-06-15 16:52:06.966409,-3.691000,-11.017000
2026-06-15 16:52:06.979452,-3.969000,-11.102000
2026-06-15 16:52:06.996033,-4.009000,-11.111000
2026-06-15 16:52:06.996980,-4.209000,-11.528000
2026-06-15 16:52:06.997337,-4.568000,-11.206000
2026-06-15 16:52:06.997627,-4.049000,-10.972000
2026-06-15 16:52:06.998951,-3.658000,-10.931000
2026-06-15 16:52:07.006312,-3.715000,-11.004000
2026-06-15 16:52:07.043176,-3.958000,-11.106000
2026-06-15 16:52:07.054202,-4.017000,-11.106000
2026-06-15 16:52:07.097436,-4.211000,-11.470000
2026-06-15 16:52:07.113278,-4.576000,-11.119000
2026-06-15 16:52:07.116329,-4.028000,-10.888000
2026-06-15 16:52:07.136109,-3.711000,-10.919000
2026-06-15 16:52:07.138447,-3.677000,-10.955000
2026-06-15 16:52:07.140918,-3.985000,-11.107000
2026-06-15 16:52:07.141628,-4.006000,-11.129000
2026-06-15 16:52:07.141905,-4.244000,-11.494000
2026-06-15 16:52:07.142098,-4.573000,-11.205000
2026-06-15 16:52:07.142394,-4.019000,-10.940000
2026-06-15 16:52:07.142576,-3.697000,-10.934000
2026-06-15 16:52:07.142741,-3.673000,-10.979000
2026-06-15 16:52:07.142928,-3.976000,-11.101000
2026-06-15 16:52:07.143109,-4.057000,-11.108000
2026-06-15 16:52:07.149333,-4.171000,-11.475000
2026-06-15 16:52:07.154288,-4.571000,-11.194000
2026-06-15 16:52:07.174982,-4.038000,-10.908000
2026-06-15 16:52:07.182429,-3.707000,-10.926000
2026-06-15 16:52:07.196014,-3.670000,-10.990000
2026-06-15 16:52:07.197429,-3.961000,-11.099000
2026-06-15 16:52:07.198025,-4.013000,-11.109000
2026-06-15 16:52:07.216249,-4.248000,-11.509000
2026-06-15 16:52:07.220645,-4.525000,-11.183000
2026-06-15 16:52:07.225539,-3.998000,-10.964000
2026-06-15 16:52:07.238180,-3.683000,-10.925000
2026-06-15 16:52:07.238518,-3.687000,-11.015000
2026-06-15 16:52:07.239106,-3.959000,-10.994000
2026-06-15 16:52:07.240193,-3.988000,-11.048000
2026-06-15 16:52:07.240555,-4.302000,-11.525000
2026-06-15 16:52:07.240709,-4.484000,-11.186000
2026-06-15 16:52:07.240851,-3.957000,-10.961000
2026-06-15 16:52:07.240963,-3.651000,-10.936000
2026-06-15 16:52:07.241090,-3.662000,-11.003000
2026-06-15 16:52:07.241498,-3.977000,-11.082000
2026-06-15 16:52:07.241734,-3.997000,-11.105000
2026-06-15 16:52:07.242060,-4.291000,-11.447000
2026-06-15 16:52:07.242375,-4.514000,-11.168000
2026-06-15 16:52:07.242669,-3.977000,-10.928000
2026-06-15 16:52:07.242988,-3.667000,-10.944000
2026-06-15 16:52:07.243243,-3.693000,-11.013000
2026-06-15 16:52:07.249082,-3.943000,-11.103000
2026-06-15 16:52:07.272033,-4.013000,-11.105000
2026-06-15 16:52:07.294963,-4.257000,-11.500000
2026-06-15 16:52:07.314717,-4.472000,-11.195000
2026-06-15 16:52:07.315208,-3.955000,-10.940000
2026-06-15 16:52:07.324912,-3.650000,-10.881000
2026-06-15 16:52:07.325714,-3.666000,-11.013000
2026-06-15 16:52:07.326379,-3.963000,-11.048000
2026-06-15 16:52:07.334098,-4.024000,-11.071000
2026-06-15 16:52:07.339466,-4.283000,-11.500000
2026-06-15 16:52:07.347785,-4.482000,-11.185000
2026-06-15 16:52:07.351061,-3.951000,-10.933000
2026-06-15 16:52:07.352164,-3.674000,-10.897000
2026-06-15 16:52:07.353320,-3.739000,-11.004000
2026-06-15 16:52:07.362515,-3.982000,-11.104000
2026-06-15 16:52:07.362747,-3.994000,-11.041000
2026-06-15 16:52:07.362855,-4.281000,-11.479000
2026-06-15 16:52:07.362952,-4.460000,-11.167000
2026-06-15 16:52:07.363050,-3.959000,-10.919000
2026-06-15 16:52:07.363160,-3.666000,-10.879000
2026-06-15 16:52:07.363260,-3.660000,-11.025000
2026-06-15 16:52:07.377385,-3.954000,-11.090000
2026-06-15 16:52:07.402393,-4.000000,-11.111000
2026-06-15 16:52:07.402961,-4.368000,-11.488000
2026-06-15 16:52:07.407379,-4.468000,-11.147000
2026-06-15 16:52:07.438780,-3.955000,-10.922000
2026-06-15 16:52:07.440437,-3.679000,-10.791000
2026-06-15 16:52:07.440635,-3.704000,-11.005000
2026-06-15 16:52:07.440749,-3.979000,-11.050000
2026-06-15 16:52:07.440858,-4.015000,-11.110000
2026-06-15 16:52:07.440989,-4.346000,-11.492000
2026-06-15 16:52:07.441137,-4.446000,-11.151000
2026-06-15 16:52:07.441333,-3.947000,-10.949000
2026-06-15 16:52:07.441496,-3.633000,-10.853000
2026-06-15 16:52:07.441659,-3.682000,-11.052000
2026-06-15 16:52:07.441828,-3.979000,-11.084000
2026-06-15 16:52:07.441989,-3.998000,-11.114000
2026-06-15 16:52:07.442130,-4.428000,-11.479000
2026-06-15 16:52:07.442279,-4.381000,-11.127000
2026-06-15 16:52:07.442404,-3.930000,-10.914000
2026-06-15 16:52:07.442590,-3.697000,-10.856000
2026-06-15 16:52:07.442760,-3.651000,-11.030000
2026-06-15 16:52:07.442909,-3.939000,-11.099000
2026-06-15 16:52:07.443074,-3.982000,-11.060000
2026-06-15 16:52:07.448922,-4.390000,-11.472000
2026-06-15 16:52:07.454370,-4.397000,-11.130000
2026-06-15 16:52:07.456076,-3.919000,-10.916000
2026-06-15 16:52:07.456992,-3.633000,-10.824000
2026-06-15 16:52:07.461819,-3.671000,-11.066000
2026-06-15 16:52:07.466155,-3.951000,-11.095000
2026-06-15 16:52:07.484122,-3.997000,-11.084000
2026-06-15 16:52:07.484433,-4.440000,-11.386000
2026-06-15 16:52:07.484641,-4.419000,-11.113000
2026-06-15 16:52:07.484789,-3.910000,-10.921000
2026-06-15 16:52:07.484947,-3.668000,-10.814000
2026-06-15 16:52:07.485081,-3.703000,-11.049000
2026-06-15 16:52:07.485200,-3.943000,-11.078000
2026-06-15 16:52:07.485314,-3.969000,-11.084000
2026-06-15 16:52:07.485433,-4.442000,-11.459000
2026-06-15 16:52:07.485568,-4.380000,-11.086000
2026-06-15 16:52:07.485713,-3.918000,-10.891000
2026-06-15 16:52:07.485840,-3.654000,-10.823000
2026-06-15 16:52:07.485964,-3.702000,-11.061000
2026-06-15 16:52:07.486097,-3.935000,-11.103000
2026-06-15 16:52:07.486205,-3.970000,-11.095000
2026-06-15 16:52:07.492451,-4.459000,-11.471000
2026-06-15 16:52:07.493483,-4.380000,-11.142000
2026-06-15 16:52:07.496858,-3.885000,-10.903000
2026-06-15 16:52:07.498056,-3.644000,-10.838000
2026-06-15 16:52:07.498320,-3.682000,-11.048000
2026-06-15 16:52:07.498493,-3.954000,-11.089000
2026-06-15 16:52:07.498655,-3.978000,-11.045000
2026-06-15 16:52:07.498797,-4.456000,-11.464000
2026-06-15 16:52:07.507861,-4.358000,-11.122000
2026-06-15 16:52:07.508019,-3.885000,-10.885000
2026-06-15 16:52:07.508597,-3.664000,-10.709000
2026-06-15 16:52:07.517375,-3.697000,-11.017000
2026-06-15 16:52:07.522132,-3.962000,-11.015000
2026-06-15 16:52:07.531897,-3.948000,-11.094000
2026-06-15 16:52:07.545598,-4.459000,-11.424000
2026-06-15 16:52:07.546724,-4.341000,-11.124000
2026-06-15 16:52:07.548637,-3.863000,-10.885000
2026-06-15 16:52:07.549007,-3.652000,-10.810000
2026-06-15 16:52:07.549217,-3.689000,-11.061000
2026-06-15 16:52:07.561649,-3.941000,-11.084000
2026-06-15 16:52:07.563142,-3.958000,-11.079000
2026-06-15 16:52:07.563642,-4.478000,-11.480000
2026-06-15 16:52:07.567501,-4.360000,-11.134000
2026-06-15 16:52:07.571822,-3.864000,-10.892000
2026-06-15 16:52:07.588317,-3.648000,-10.807000
2026-06-15 16:52:07.589763,-3.673000,-11.067000
2026-06-15 16:52:07.590089,-3.926000,-11.073000
2026-06-15 16:52:07.590443,-3.966000,-11.090000
2026-06-15 16:52:07.591489,-4.475000,-11.459000
2026-06-15 16:52:07.591718,-4.339000,-11.137000
2026-06-15 16:52:07.591893,-3.888000,-10.906000
2026-06-15 16:52:07.599236,-3.642000,-10.802000
2026-06-15 16:52:07.614412,-3.684000,-11.035000
2026-06-15 16:52:07.614784,-3.974000,-11.001000
2026-06-15 16:52:07.618647,-3.984000,-11.104000
2026-06-15 16:52:07.622515,-4.550000,-11.419000
2026-06-15 16:52:07.623167,-4.298000,-11.131000
2026-06-15 16:52:07.624123,-3.849000,-10.884000
2026-06-15 16:52:07.642898,-3.659000,-10.798000
2026-06-15 16:52:07.643300,-3.665000,-11.051000
2026-06-15 16:52:07.643516,-3.960000,-10.981000
2026-06-15 16:52:07.644645,-3.982000,-11.093000
2026-06-15 16:52:07.644913,-4.523000,-11.450000
2026-06-15 16:52:07.645515,-4.306000,-11.123000
2026-06-15 16:52:07.649274,-3.867000,-10.902000
2026-06-15 16:52:07.651900,-3.675000,-10.831000
2026-06-15 16:52:07.652465,-3.684000,-11.050000
2026-06-15 16:52:07.656040,-3.953000,-11.073000
2026-06-15 16:52:07.656546,-3.945000,-11.051000
2026-06-15 16:52:07.667289,-4.526000,-11.459000
2026-06-15 16:52:07.674524,-4.305000,-11.132000
2026-06-15 16:52:07.677577,-3.840000,-10.904000
2026-06-15 16:52:07.678451,-3.666000,-10.790000
2026-06-15 16:52:07.679687,-3.696000,-11.069000
2026-06-15 16:52:07.681862,-3.950000,-11.117000
2026-06-15 16:52:07.697290,-3.936000,-11.101000
2026-06-15 16:52:07.702433,-4.507000,-11.475000
2026-06-15 16:52:07.708392,-4.300000,-11.131000
2026-06-15 16:52:07.735741,-3.831000,-10.899000
2026-06-15 16:52:07.746062,-3.669000,-10.832000
2026-06-15 16:52:07.771431,-3.683000,-11.040000
2026-06-15 16:52:07.772472,-3.972000,-11.073000
2026-06-15 16:52:07.772817,-3.959000,-11.104000
2026-06-15 16:52:07.774023,-4.530000,-11.412000
2026-06-15 16:52:07.796685,-4.251000,-11.119000
2026-06-15 16:52:07.800308,-3.833000,-10.895000
2026-06-15 16:52:07.804123,-3.639000,-10.800000
2026-06-15 16:52:07.804984,-3.667000,-11.018000
2026-06-15 16:52:07.826143,-3.956000,-11.042000
2026-06-15 16:52:07.835373,-3.951000,-11.076000
2026-06-15 16:52:07.848069,-4.577000,-11.419000
2026-06-15 16:52:07.849092,-4.260000,-11.131000
2026-06-15 16:52:07.849396,-3.819000,-10.893000
2026-06-15 16:52:07.850914,-3.656000,-10.790000
2026-06-15 16:52:07.855558,-3.682000,-11.019000
2026-06-15 16:52:07.857796,-3.943000,-11.050000
2026-06-15 16:52:07.874148,-3.974000,-11.091000
2026-06-15 16:52:07.874481,-4.545000,-11.442000
2026-06-15 16:52:07.885207,-4.257000,-11.105000
2026-06-15 16:52:07.894393,-3.843000,-10.859000
2026-06-15 16:52:07.895190,-3.647000,-10.799000
2026-06-15 16:52:07.906144,-3.664000,-11.037000
2026-06-15 16:52:07.916423,-3.966000,-11.098000
2026-06-15 16:52:07.925650,-3.944000,-11.105000
2026-06-15 16:52:07.948566,-4.534000,-11.465000
2026-06-15 16:52:07.956855,-4.256000,-11.069000
2026-06-15 16:52:07.965120,-3.820000,-10.875000
2026-06-15 16:52:07.965674,-3.626000,-10.823000
2026-06-15 16:52:07.965983,-3.683000,-11.031000
2026-06-15 16:52:07.966259,-3.981000,-11.097000
2026-06-15 16:52:07.966743,-3.980000,-11.039000
2026-06-15 16:52:07.975704,-4.546000,-11.454000
2026-06-15 16:52:07.977421,-4.264000,-11.116000
2026-06-15 16:52:07.990271,-3.810000,-10.862000
2026-06-15 16:52:07.990895,-3.640000,-10.785000
2026-06-15 16:52:07.991447,-3.655000,-11.028000
2026-06-15 16:52:07.995118,-3.958000,-11.015000
2026-06-15 16:52:07.995423,-3.962000,-11.067000
2026-06-15 16:52:07.995586,-4.543000,-11.429000
2026-06-15 16:52:07.995740,-4.244000,-11.118000
2026-06-15 16:52:07.995944,-3.807000,-10.877000
2026-06-15 16:52:08.002692,-3.653000,-10.808000
2026-06-15 16:52:08.007041,-3.670000,-11.043000
2026-06-15 16:52:08.014961,-3.960000,-11.026000
2026-06-15 16:52:08.026379,-3.945000,-11.081000
2026-06-15 16:52:08.030336,-4.547000,-11.429000
2026-06-15 16:52:08.039948,-4.222000,-11.094000
2026-06-15 16:52:08.053463,-3.792000,-10.857000
2026-06-15 16:52:08.061547,-3.658000,-10.764000
2026-06-15 16:52:08.077559,-3.649000,-11.028000
2026-06-15 16:52:08.079217,-3.944000,-11.037000
2026-06-15 16:52:08.080412,-3.981000,-11.066000
2026-06-15 16:52:08.084409,-4.551000,-11.451000
2026-06-15 16:52:08.087782,-4.233000,-11.084000
2026-06-15 16:52:08.100471,-3.794000,-10.863000
2026-06-15 16:52:08.102870,-3.645000,-10.824000
2026-06-15 16:52:08.106856,-3.664000,-11.040000
2026-06-15 16:52:08.158320,-3.944000,-11.092000
2026-06-15 16:52:08.162671,-3.937000,-11.057000
2026-06-15 16:52:08.163578,-4.583000,-11.466000
2026-06-15 16:52:08.168773,-4.210000,-11.092000
2026-06-15 16:52:08.192136,-3.810000,-10.862000
2026-06-15 16:52:08.192989,-3.662000,-10.780000
2026-06-15 16:52:08.193367,-3.678000,-11.033000
2026-06-15 16:52:08.193765,-3.936000,-11.071000
2026-06-15 16:52:08.199302,-3.954000,-11.032000
2026-06-15 16:52:08.202640,-4.571000,-11.419000
2026-06-15 16:52:08.203347,-4.227000,-11.068000
2026-06-15 16:52:08.210578,-3.811000,-10.818000
2026-06-15 16:52:08.214171,-3.649000,-10.821000
2026-06-15 16:52:08.214852,-3.663000,-11.040000
2026-06-15 16:52:08.216671,-3.953000,-11.059000
2026-06-15 16:52:08.224850,-3.958000,-11.054000
2026-06-15 16:52:08.225260,-4.561000,-11.443000
2026-06-15 16:52:08.225677,-4.199000,-11.093000
2026-06-15 16:52:08.226047,-3.823000,-10.836000
2026-06-15 16:52:08.226384,-3.640000,-10.805000
2026-06-15 16:52:08.226936,-3.666000,-11.052000
2026-06-15 16:52:08.227461,-3.938000,-11.084000
2026-06-15 16:52:08.228288,-3.954000,-11.087000
2026-06-15 16:52:08.229190,-4.565000,-11.454000
2026-06-15 16:52:08.229641,-4.180000,-11.083000
2026-06-15 16:52:08.240055,-3.775000,-10.835000
2026-06-15 16:52:08.254387,-3.691000,-10.837000
2026-06-15 16:52:08.254889,-3.694000,-11.047000
2026-06-15 16:52:08.263920,-3.927000,-11.065000
2026-06-15 16:52:08.264314,-3.930000,-11.088000
2026-06-15 16:52:08.284849,-4.574000,-11.438000
2026-06-15 16:52:08.289807,-4.177000,-11.079000
2026-06-15 16:52:08.291494,-3.785000,-10.841000
2026-06-15 16:52:08.294533,-3.658000,-10.801000
2026-06-15 16:52:08.298538,-3.671000,-10.961000
2026-06-15 16:52:08.309284,-3.944000,-11.068000
2026-06-15 16:52:08.331252,-3.977000,-11.075000
2026-06-15 16:52:08.335323,-4.559000,-11.443000
2026-06-15 16:52:08.347642,-4.192000,-11.088000
2026-06-15 16:52:08.348044,-3.786000,-10.848000
2026-06-15 16:52:08.349217,-3.643000,-10.826000
2026-06-15 16:52:08.349743,-3.662000,-10.997000
2026-06-15 16:52:08.358600,-3.980000,-11.039000
2026-06-15 16:52:08.359527,-3.961000,-11.079000
2026-06-15 16:52:08.360674,-4.563000,-11.454000
2026-06-15 16:52:08.365576,-4.243000,-11.036000
2026-06-15 16:52:08.366020,-3.809000,-10.818000
2026-06-15 16:52:08.378567,-3.640000,-10.758000
2026-06-15 16:52:08.382293,-3.668000,-10.998000
2026-06-15 16:52:08.382967,-3.932000,-11.067000
2026-06-15 16:52:08.383557,-3.918000,-11.090000
2026-06-15 16:52:08.391604,-4.543000,-11.434000
2026-06-15 16:52:08.393792,-4.277000,-11.050000
2026-06-15 16:52:08.394239,-3.794000,-10.870000
2026-06-15 16:52:08.395016,-3.630000,-10.784000
2026-06-15 16:52:08.396852,-3.676000,-11.028000
2026-06-15 16:52:08.399565,-3.943000,-11.041000
2026-06-15 16:52:08.421105,-3.945000,-11.076000
2026-06-15 16:52:08.452986,-4.476000,-11.428000
2026-06-15 16:52:08.469449,-2.876000,-20.174000
2026-06-15 16:52:08.478694,-3.229000,-19.878000
2026-06-15 16:52:08.483156,-2.670000,-19.709000
2026-06-15 16:52:08.484298,-2.370000,-19.679000
2026-06-15 16:52:08.484804,-2.402000,-19.803000
2026-06-15 16:52:08.485168,-2.666000,-19.785000
2026-06-15 16:52:08.514593,-2.708000,-19.760000
2026-06-15 16:52:08.522898,-2.974000,-20.070000
2026-06-15 16:52:08.534705,-3.287000,-19.826000
2026-06-15 16:52:08.544106,-2.743000,-19.590000
2026-06-15 16:52:08.569024,-2.412000,-19.660000
2026-06-15 16:52:08.569850,-2.376000,-19.753000
2026-06-15 16:52:08.572947,-2.636000,-19.782000
2026-06-15 16:52:08.575269,-2.679000,-19.760000
2026-06-15 16:52:08.577037,-2.904000,-20.142000
2026-06-15 16:52:08.591285,-3.250000,-19.761000
2026-06-15 16:52:08.602128,-2.702000,-19.622000
2026-06-15 16:52:08.620153,-2.367000,-19.624000
2026-06-15 16:52:08.625629,-2.388000,-19.704000
2026-06-15 16:52:08.626223,-2.715000,-19.718000
2026-06-15 16:52:08.628926,-2.776000,-19.722000
2026-06-15 16:52:08.635859,-2.915000,-20.126000
2026-06-15 16:52:08.661798,-3.227000,-19.826000
2026-06-15 16:52:08.662901,-2.698000,-19.638000
2026-06-15 16:52:08.664307,-2.392000,-19.588000
2026-06-15 16:52:08.669927,-2.425000,-19.708000
2026-06-15 16:52:08.686859,-2.686000,-19.590000
2026-06-15 16:52:08.691948,-2.778000,-19.681000
2026-06-15 16:52:08.725646,-2.979000,-19.866000
2026-06-15 16:52:08.733082,-3.303000,-19.670000
2026-06-15 16:52:08.733952,-2.758000,-19.594000
2026-06-15 16:52:08.737055,-2.443000,-19.536000
2026-06-15 16:52:08.753492,-2.441000,-19.699000
2026-06-15 16:52:08.757744,-2.682000,-19.683000
2026-06-15 16:52:08.758223,-2.729000,-19.681000
2026-06-15 16:52:08.767060,-2.997000,-20.064000
2026-06-15 16:52:08.794739,-3.291000,-19.767000
2026-06-15 16:52:08.795537,-2.763000,-19.563000
2026-06-15 16:52:08.795847,-2.454000,-19.487000
2026-06-15 16:52:08.796658,-2.426000,-19.663000
2026-06-15 16:52:08.797580,-2.749000,-19.632000
2026-06-15 16:52:08.805918,-2.781000,-19.619000
2026-06-15 16:52:08.808367,-3.080000,-19.935000
2026-06-15 16:52:08.809747,-3.258000,-19.742000
2026-06-15 16:52:08.810871,-2.712000,-19.530000
2026-06-15 16:52:08.830941,-2.422000,-19.431000
2026-06-15 16:52:08.831418,-2.448000,-19.582000
2026-06-15 16:52:08.832997,-2.749000,-19.576000
2026-06-15 16:52:08.836820,-2.802000,-19.612000
2026-06-15 16:52:08.851312,-3.084000,-20.027000
2026-06-15 16:52:08.851986,-3.277000,-19.640000
2026-06-15 16:52:08.853552,-2.729000,-19.503000
2026-06-15 16:52:08.859120,-2.460000,-19.419000
2026-06-15 16:52:08.868648,-2.472000,-19.615000
2026-06-15 16:52:08.880274,-2.752000,-19.629000
2026-06-15 16:52:08.887296,-2.771000,-19.635000
2026-06-15 16:52:08.887924,-3.077000,-19.978000
2026-06-15 16:52:08.909634,-3.247000,-19.717000
2026-06-15 16:52:08.912911,-2.700000,-19.500000
2026-06-15 16:52:08.917878,-2.471000,-19.377000
2026-06-15 16:52:08.933295,-2.456000,-19.566000
2026-06-15 16:52:08.935418,-2.709000,-19.548000
2026-06-15 16:52:08.936589,-2.733000,-19.631000
2026-06-15 16:52:08.937131,-3.198000,-19.957000
2026-06-15 16:52:08.971640,-3.235000,-19.692000
2026-06-15 16:52:08.980514,-2.704000,-19.480000
2026-06-15 16:52:08.983621,-2.457000,-19.375000
2026-06-15 16:52:08.984506,-2.497000,-19.510000
2026-06-15 16:52:08.996433,-2.803000,-19.509000
2026-06-15 16:52:09.004614,-2.795000,-19.581000
2026-06-15 16:52:09.048020,-3.250000,-19.900000
2026-06-15 16:52:09.052219,-3.256000,-19.640000
2026-06-15 16:52:09.052349,-2.728000,-19.413000
2026-06-15 16:52:09.052461,-2.475000,-19.333000
2026-06-15 16:52:09.052563,-2.475000,-19.590000
2026-06-15 16:52:09.084575,-2.761000,-19.566000
2026-06-15 16:52:09.092356,-2.756000,-19.563000
2026-06-15 16:52:09.103029,-3.257000,-19.955000
2026-06-15 16:52:09.103508,-3.164000,-19.650000
2026-06-15 16:52:09.103746,-2.734000,-19.415000
2026-06-15 16:52:09.133399,-2.462000,-19.292000
2026-06-15 16:52:09.149331,-2.481000,-19.578000
2026-06-15 16:52:09.153236,-2.741000,-19.540000
2026-06-15 16:52:09.156109,-2.776000,-19.583000
2026-06-15 16:52:09.199272,-3.289000,-19.922000
2026-06-15 16:52:09.201535,-3.156000,-19.632000
2026-06-15 16:52:09.205140,-2.698000,-19.348000
2026-06-15 16:52:09.241042,-2.494000,-19.285000
2026-06-15 16:52:09.247358,-2.484000,-19.528000
2026-06-15 16:52:09.259989,-2.806000,-19.430000
2026-06-15 16:52:09.260471,-2.823000,-19.562000
2026-06-15 16:52:09.266274,-3.304000,-19.915000
2026-06-15 16:52:09.303288,-3.192000,-19.591000
2026-06-15 16:52:09.318035,-2.707000,-19.336000
2026-06-15 16:52:09.339861,-2.464000,-19.271000
2026-06-15 16:52:09.350246,-2.504000,-19.557000
2026-06-15 16:52:09.371112,-2.815000,-19.545000
2026-06-15 16:52:09.392192,-2.819000,-19.565000
2026-06-15 16:52:09.393860,-3.300000,-19.913000
2026-06-15 16:52:09.394581,-3.180000,-19.578000
2026-06-15 16:52:09.402643,-2.689000,-19.326000
2026-06-15 16:52:09.403975,-2.508000,-19.247000
2026-06-15 16:52:09.404835,-2.526000,-19.522000
2026-06-15 16:52:09.405001,-2.800000,-19.338000
2026-06-15 16:52:09.405108,-2.819000,-19.519000
2026-06-15 16:52:09.405206,-3.326000,-19.902000
2026-06-15 16:52:09.405301,-3.223000,-19.587000
2026-06-15 16:52:09.405457,-2.718000,-19.339000
2026-06-15 16:52:09.405584,-2.515000,-19.204000
2026-06-15 16:52:09.421819,-2.562000,-19.502000
2026-06-15 16:52:09.423682,-2.792000,-19.477000
2026-06-15 16:52:09.431507,-2.834000,-19.509000
2026-06-15 16:52:09.436678,-3.335000,-19.886000
2026-06-15 16:52:09.440015,-3.299000,-19.558000
2026-06-15 16:52:09.469304,-2.730000,-19.333000
2026-06-15 16:52:09.470027,-2.530000,-19.234000
2026-06-15 16:52:09.470290,-2.564000,-19.458000
2026-06-15 16:52:09.470521,-2.838000,-19.479000
2026-06-15 16:52:09.470746,-2.843000,-19.428000
2026-06-15 16:52:09.472445,-3.433000,-19.788000
2026-06-15 16:52:09.472827,-3.250000,-19.578000
2026-06-15 16:52:09.473133,-2.733000,-19.343000
2026-06-15 16:52:09.504251,-2.596000,-19.244000
2026-06-15 16:52:09.519383,-2.593000,-19.510000
2026-06-15 16:52:09.531601,-2.880000,-19.480000
2026-06-15 16:52:09.534680,-2.861000,-19.493000
2026-06-15 16:52:09.549749,-3.479000,-19.837000
2026-06-15 16:52:09.550074,-3.205000,-19.555000
2026-06-15 16:52:09.550258,-2.747000,-19.315000
2026-06-15 16:52:09.550598,-2.543000,-19.217000
2026-06-15 16:52:09.558713,-2.567000,-19.456000
2026-06-15 16:52:09.571321,-2.838000,-19.458000
2026-06-15 16:52:09.571965,-2.849000,-19.474000
2026-06-15 16:52:09.572285,-3.463000,-19.859000
2026-06-15 16:52:09.584786,-3.171000,-19.537000
2026-06-15 16:52:09.593598,-2.714000,-19.283000
2026-06-15 16:52:09.600957,-2.544000,-19.155000
2026-06-15 16:52:09.601183,-2.615000,-19.457000
2026-06-15 16:52:09.601307,-2.850000,-19.445000
2026-06-15 16:52:09.601427,-2.847000,-19.480000
2026-06-15 16:52:09.601531,-3.459000,-19.846000
2026-06-15 16:52:09.606376,-3.170000,-19.515000
2026-06-15 16:52:09.609353,-2.715000,-19.266000
2026-06-15 16:52:09.621473,-2.554000,-19.169000
2026-06-15 16:52:09.622398,-2.582000,-19.278000
2026-06-15 16:52:09.622715,-2.865000,-19.403000
2026-06-15 16:52:09.623434,-2.842000,-19.394000
2026-06-15 16:52:09.644163,-3.505000,-19.834000
2026-06-15 16:52:09.665407,-3.121000,-19.484000
2026-06-15 16:52:09.669725,-2.716000,-19.213000
2026-06-15 16:52:09.671141,-2.551000,-19.140000
2026-06-15 16:52:09.686242,-2.560000,-19.397000
2026-06-15 16:52:09.690343,-2.792000,-19.453000
2026-06-15 16:52:09.690512,-2.851000,-19.411000
2026-06-15 16:52:09.690661,-3.419000,-19.828000
2026-06-15 16:52:09.690802,-3.132000,-19.484000
2026-06-15 16:52:09.690942,-2.684000,-19.240000
2026-06-15 16:52:09.691106,-2.532000,-19.158000
2026-06-15 16:52:09.691287,-2.572000,-19.276000
2026-06-15 16:52:09.701594,-2.827000,-19.436000
2026-06-15 16:52:09.713743,-2.826000,-19.471000
2026-06-15 16:52:09.714574,-3.426000,-19.860000
2026-06-15 16:52:09.715045,-3.113000,-19.462000
2026-06-15 16:52:09.715476,-2.690000,-19.240000
2026-06-15 16:52:09.716055,-2.547000,-19.103000
2026-06-15 16:52:09.716439,-2.573000,-19.412000
2026-06-15 16:52:09.716837,-2.876000,-19.436000
2026-06-15 16:52:09.717712,-2.847000,-19.423000
2026-06-15 16:52:09.718288,-3.521000,-19.811000
2026-06-15 16:52:09.718965,-3.170000,-19.336000
2026-06-15 16:52:09.719494,-2.700000,-19.220000
2026-06-15 16:52:09.735412,-2.585000,-19.163000
2026-06-15 16:52:09.741768,-2.594000,-19.444000
2026-06-15 16:52:09.742285,-2.847000,-19.463000
2026-06-15 16:52:09.743071,-2.902000,-19.399000
2026-06-15 16:52:09.744065,-3.491000,-19.800000
2026-06-15 16:52:09.752907,-3.188000,-19.451000
2026-06-15 16:52:09.764267,-2.755000,-19.177000
2026-06-15 16:52:09.776947,-2.594000,-19.188000
2026-06-15 16:52:09.799494,-2.665000,-19.386000
2026-06-15 16:52:09.807905,-2.944000,-19.417000
2026-06-15 16:52:09.818704,-2.898000,-19.456000
2026-06-15 16:52:09.834348,-3.495000,-19.811000
2026-06-15 16:52:09.835214,-3.171000,-19.440000
2026-06-15 16:52:09.839653,-2.738000,-19.151000
2026-06-15 16:52:09.840042,-2.602000,-19.011000
2026-06-15 16:52:09.874583,-2.632000,-19.383000
2026-06-15 16:52:09.878977,-2.902000,-19.375000
2026-06-15 16:52:09.879235,-2.906000,-19.331000
2026-06-15 16:52:09.879561,-3.474000,-19.803000
2026-06-15 16:52:09.880842,-3.142000,-19.432000
2026-06-15 16:52:09.884908,-2.729000,-19.172000
2026-06-15 16:52:09.885559,-2.576000,-19.144000
2026-06-15 16:52:09.886077,-2.608000,-19.378000
2026-06-15 16:52:09.886594,-2.860000,-19.404000
2026-06-15 16:52:09.890367,-2.890000,-19.378000
2026-06-15 16:52:09.905191,-3.490000,-19.783000
2026-06-15 16:52:09.912732,-3.127000,-19.442000
2026-06-15 16:52:09.952231,-2.739000,-19.170000
2026-06-15 16:52:09.970440,-2.622000,-19.135000
2026-06-15 16:52:10.003101,-2.637000,-19.378000
2026-06-15 16:52:10.012388,-2.898000,-19.369000
2026-06-15 16:52:10.015012,-2.913000,-19.396000
2026-06-15 16:52:10.015553,-3.508000,-19.668000
2026-06-15 16:52:10.016724,-3.126000,-19.404000
2026-06-15 16:52:10.031315,-2.754000,-19.148000
2026-06-15 16:52:10.056318,-2.617000,-19.139000
2026-06-15 16:52:10.056895,-2.639000,-19.329000
2026-06-15 16:52:10.059986,-2.898000,-19.377000
2026-06-15 16:52:10.061369,-2.932000,-19.294000
2026-06-15 16:52:10.062210,-3.546000,-19.661000
2026-06-15 16:52:10.067046,-3.184000,-19.354000
2026-06-15 16:52:10.068675,-2.772000,-19.116000
2026-06-15 16:52:10.072169,-2.611000,-19.125000
2026-06-15 16:52:10.083730,-2.651000,-19.320000
2026-06-15 16:52:10.100164,-2.885000,-19.346000
2026-06-15 16:52:10.125456,-2.892000,-19.377000
2026-06-15 16:52:10.126895,-3.494000,-19.762000
2026-06-15 16:52:10.129187,-3.086000,-19.382000
2026-06-15 16:52:10.132096,-2.753000,-19.172000
2026-06-15 16:52:10.132590,-2.602000,-19.160000
2026-06-15 16:52:10.132847,-2.614000,-19.335000
2026-06-15 16:52:10.133370,-2.857000,-19.391000
2026-06-15 16:52:10.149846,-2.882000,-19.397000
2026-06-15 16:52:10.151313,-3.468000,-19.791000
2026-06-15 16:52:10.168448,-3.063000,-19.403000
2026-06-15 16:52:10.170013,-2.707000,-19.160000
2026-06-15 16:52:10.172514,-2.603000,-19.086000
2026-06-15 16:52:10.189441,-2.708000,-19.253000
2026-06-15 16:52:10.192833,-2.862000,-19.345000
2026-06-15 16:52:10.210287,-2.912000,-19.399000
2026-06-15 16:52:10.210696,-3.549000,-19.657000
2026-06-15 16:52:10.212845,-3.116000,-19.380000
2026-06-15 16:52:10.218258,-2.734000,-19.078000
2026-06-15 16:52:10.221707,-2.694000,-19.147000
2026-06-15 16:52:10.254048,-2.696000,-19.291000
2026-06-15 16:52:10.259236,-2.899000,-19.326000
2026-06-15 16:52:10.260950,-2.902000,-19.378000
2026-06-15 16:52:10.277149,-3.530000,-19.739000
2026-06-15 16:52:10.277423,-3.158000,-19.331000
2026-06-15 16:52:10.277552,-2.743000,-19.116000
2026-06-15 16:52:10.277659,-2.623000,-19.132000
2026-06-15 16:52:10.277760,-2.729000,-19.274000
2026-06-15 16:52:10.289612,-2.902000,-19.326000
2026-06-15 16:52:10.292976,-2.919000,-19.378000
2026-06-15 16:52:10.293277,-3.510000,-19.741000
2026-06-15 16:52:10.293603,-3.114000,-19.261000
2026-06-15 16:52:10.293761,-2.705000,-19.100000
2026-06-15 16:52:10.293928,-2.631000,-19.101000
2026-06-15 16:52:10.294134,-2.693000,-19.310000
2026-06-15 16:52:10.294390,-2.882000,-19.248000
2026-06-15 16:52:10.294563,-2.953000,-19.215000
2026-06-15 16:52:10.294695,-3.560000,-19.696000
2026-06-15 16:52:10.294858,-3.062000,-19.320000
2026-06-15 16:52:10.295520,-2.727000,-19.091000
2026-06-15 16:52:10.296024,-2.591000,-19.107000
2026-06-15 16:52:10.296564,-2.692000,-19.316000
2026-06-15 16:52:10.296954,-2.887000,-19.336000
2026-06-15 16:52:10.297636,-2.902000,-19.370000
2026-06-15 16:52:10.298378,-3.482000,-19.712000
2026-06-15 16:52:10.298852,-3.091000,-19.348000
2026-06-15 16:52:10.302809,-2.720000,-19.120000
2026-06-15 16:52:10.309552,-2.619000,-19.087000
2026-06-15 16:52:10.319588,-2.715000,-19.297000
2026-06-15 16:52:10.325058,-2.913000,-19.345000
2026-06-15 16:52:10.325295,-2.901000,-19.384000
2026-06-15 16:52:10.325440,-3.481000,-19.749000
2026-06-15 16:52:10.328873,-3.045000,-19.335000
2026-06-15 16:52:10.333558,-2.712000,-19.096000
2026-06-15 16:52:10.334457,-2.584000,-19.114000
2026-06-15 16:52:10.334954,-2.723000,-19.303000
2026-06-15 16:52:10.346980,-2.905000,-19.313000
2026-06-15 16:52:10.350188,-2.912000,-19.362000
2026-06-15 16:52:10.353473,-3.479000,-19.731000
2026-06-15 16:52:10.355663,-3.043000,-19.298000
2026-06-15 16:52:10.356203,-2.693000,-19.097000
2026-06-15 16:52:10.363167,-2.608000,-19.145000
2026-06-15 16:52:10.363681,-2.765000,-19.282000
2026-06-15 16:52:10.368370,-2.893000,-19.318000
2026-06-15 16:52:10.440344,-2.898000,-19.370000
2026-06-15 16:52:10.448229,-3.507000,-19.643000
2026-06-15 16:52:10.469895,-3.050000,-19.295000
2026-06-15 16:52:10.489089,-2.728000,-19.056000
2026-06-15 16:52:10.491012,-2.573000,-19.105000
2026-06-15 16:52:10.492493,-2.750000,-19.271000
2026-06-15 16:52:10.493334,-2.887000,-19.311000
2026-06-15 16:52:10.494151,-2.910000,-19.295000
2026-06-15 16:52:10.494500,-3.480000,-19.695000
2026-06-15 16:52:10.496073,-3.024000,-19.297000
2026-06-15 16:52:10.496531,-2.692000,-19.032000
2026-06-15 16:52:10.496741,-2.564000,-19.083000
2026-06-15 16:52:10.514169,-2.739000,-19.242000
2026-06-15 16:52:10.525435,-2.895000,-19.292000
2026-06-15 16:52:10.526274,-2.922000,-19.373000
2026-06-15 16:52:10.533842,-3.497000,-19.710000
2026-06-15 16:52:10.534076,-3.101000,-19.315000
2026-06-15 16:52:10.534183,-2.693000,-19.066000
2026-06-15 16:52:10.534281,-2.539000,-19.075000
2026-06-15 16:52:10.534378,-2.746000,-19.266000
2026-06-15 16:52:10.534475,-2.883000,-19.242000
2026-06-15 16:52:10.534577,-2.897000,-19.369000
2026-06-15 16:52:10.534674,-3.496000,-19.682000
2026-06-15 16:52:10.540130,-3.041000,-19.290000
2026-06-15 16:52:10.540830,-2.708000,-18.904000
2026-06-15 16:52:10.541208,-2.536000,-18.996000
2026-06-15 16:52:10.560668,-2.792000,-19.252000
2026-06-15 16:52:10.563236,-2.885000,-19.291000
2026-06-15 16:52:10.563525,-2.914000,-19.388000
2026-06-15 16:52:10.563712,-3.496000,-19.591000
2026-06-15 16:52:10.564750,-3.067000,-19.269000
2026-06-15 16:52:10.570854,-2.731000,-19.048000
2026-06-15 16:52:10.571709,-2.505000,-19.041000
2026-06-15 16:52:10.572068,-2.758000,-19.225000
2026-06-15 16:52:10.572469,-2.895000,-19.225000
2026-06-15 16:52:10.575978,-2.923000,-19.378000
2026-06-15 16:52:10.576294,-3.483000,-19.657000
2026-06-15 16:52:10.576569,-3.026000,-19.280000
2026-06-15 16:52:10.576775,-2.659000,-19.052000
2026-06-15 16:52:10.576975,-2.498000,-19.074000
2026-06-15 16:52:10.577162,-2.745000,-19.259000
2026-06-15 16:52:10.577343,-2.870000,-19.286000
2026-06-15 16:52:10.577660,-2.887000,-19.377000
2026-06-15 16:52:10.578180,-3.479000,-19.673000
2026-06-15 16:52:10.578556,-3.005000,-19.283000
2026-06-15 16:52:10.579072,-2.679000,-19.037000
2026-06-15 16:52:10.580515,-2.524000,-19.059000
2026-06-15 16:52:10.581109,-2.754000,-19.251000
2026-06-15 16:52:10.582929,-2.900000,-19.298000
2026-06-15 16:52:10.583125,-2.910000,-19.399000
2026-06-15 16:52:10.583245,-3.448000,-19.670000
2026-06-15 16:52:10.583347,-3.014000,-19.290000
2026-06-15 16:52:10.583459,-2.720000,-18.954000
2026-06-15 16:52:10.588074,-2.556000,-19.040000
2026-06-15 16:52:10.605453,-2.750000,-19.252000
2026-06-15 16:52:10.628323,-2.901000,-19.269000
2026-06-15 16:52:10.635990,-2.902000,-19.410000
2026-06-15 16:52:10.662437,-3.493000,-19.651000
2026-06-15 16:52:10.696445,-3.020000,-19.249000
2026-06-15 16:52:10.721440,-2.699000,-19.040000
2026-06-15 16:52:10.722764,-2.540000,-19.042000
2026-06-15 16:52:10.739267,-2.769000,-19.191000
2026-06-15 16:52:10.757911,-2.874000,-19.137000
2026-06-15 16:52:10.779938,-2.942000,-19.326000
2026-06-15 16:52:10.790992,-3.475000,-19.619000
2026-06-15 16:52:10.793598,-3.030000,-19.228000
2026-06-15 16:52:10.812727,-2.688000,-18.960000
2026-06-15 16:52:10.822792,-2.579000,-19.006000
2026-06-15 16:52:10.825087,-2.756000,-19.226000
2026-06-15 16:52:10.827086,-2.885000,-19.247000
2026-06-15 16:52:10.828116,-2.927000,-19.352000
2026-06-15 16:52:10.844384,-3.501000,-19.614000
2026-06-15 16:52:10.856016,-3.004000,-19.223000
2026-06-15 16:52:10.873013,-2.689000,-19.025000
2026-06-15 16:52:10.885103,-2.545000,-19.033000
2026-06-15 16:52:10.887334,-2.743000,-19.219000
2026-06-15 16:52:10.887994,-2.879000,-19.241000
2026-06-15 16:52:10.888497,-2.896000,-19.388000
2026-06-15 16:52:10.889711,-3.454000,-19.596000
2026-06-15 16:52:10.890148,-3.014000,-19.231000
2026-06-15 16:52:10.890811,-2.718000,-18.924000
2026-06-15 16:52:10.891287,-2.510000,-18.977000
2026-06-15 16:52:10.898724,-2.739000,-19.236000
2026-06-15 16:52:10.899019,-2.927000,-19.200000
2026-06-15 16:52:10.904721,-2.890000,-19.326000
2026-06-15 16:52:10.906495,-3.477000,-19.637000
2026-06-15 16:52:10.911012,-3.036000,-19.240000
2026-06-15 16:52:10.913246,-2.687000,-18.928000
2026-06-15 16:52:10.914142,-2.620000,-19.026000
2026-06-15 16:52:10.914642,-2.728000,-19.214000
2026-06-15 16:52:10.915489,-2.868000,-19.239000
2026-06-15 16:52:10.922234,-2.899000,-19.265000
2026-06-15 16:52:10.923496,-3.495000,-19.646000
2026-06-15 16:52:10.926707,-3.099000,-19.250000
2026-06-15 16:52:10.930438,-2.711000,-19.010000
2026-06-15 16:52:10.931247,-2.619000,-19.008000
2026-06-15 16:52:10.931521,-0.011000,-5.297000
2026-06-15 16:52:10.931684,0.362000,-5.270000
2026-06-15 16:52:10.931864,0.335000,-5.293000
2026-06-15 16:52:10.936180,0.099000,-5.460000
2026-06-15 16:52:10.936407,0.013000,-5.432000
2026-06-15 16:52:10.937116,-0.039000,-5.841000
2026-06-15 16:52:10.937372,-0.581000,-5.573000
2026-06-15 16:52:10.938704,-0.026000,-5.314000
2026-06-15 16:52:10.938984,0.330000,-5.228000
2026-06-15 16:52:10.939131,0.263000,-5.228000
2026-06-15 16:52:10.947614,0.059000,-5.397000
2026-06-15 16:52:10.948308,-0.030000,-5.409000
2026-06-15 16:52:10.953345,-0.053000,-5.864000
2026-06-15 16:52:10.953631,-0.555000,-5.591000
2026-06-15 16:52:10.953800,-0.093000,-5.336000
2026-06-15 16:52:10.953943,0.319000,-5.262000
2026-06-15 16:52:10.954283,0.386000,-5.270000
2026-06-15 16:52:10.954467,0.076000,-5.440000
2026-06-15 16:52:10.954580,0.009000,-5.455000
2026-06-15 16:52:10.954682,-0.033000,-5.859000
2026-06-15 16:52:10.954780,-0.569000,-5.595000
2026-06-15 16:52:10.954872,-0.089000,-5.347000
2026-06-15 16:52:10.954961,0.309000,-5.242000
2026-06-15 16:52:10.955052,0.342000,-5.256000
2026-06-15 16:52:10.955147,0.052000,-5.445000
2026-06-15 16:52:10.955244,-0.013000,-5.416000
2026-06-15 16:52:10.958254,-0.084000,-5.806000
2026-06-15 16:52:10.958571,-0.632000,-5.642000
2026-06-15 16:52:10.958740,-0.173000,-5.363000
2026-06-15 16:52:10.958853,0.250000,-5.234000
2026-06-15 16:52:10.958969,0.375000,-5.236000
2026-06-15 16:52:10.959072,0.068000,-5.428000
2026-06-15 16:52:10.959175,-0.100000,-5.403000
2026-06-15 16:52:10.961620,-0.091000,-5.819000
2026-06-15 16:52:10.961968,-0.632000,-5.704000
2026-06-15 16:52:10.962114,-0.124000,-5.374000
2026-06-15 16:52:10.962270,0.248000,-5.261000
2026-06-15 16:52:10.962421,0.356000,-5.237000
2026-06-15 16:52:10.973038,0.020000,-5.405000
2026-06-15 16:52:10.976358,-0.127000,-5.419000
2026-06-15 16:52:10.977755,-0.087000,-5.758000
2026-06-15 16:52:10.977958,-0.629000,-5.718000
2026-06-15 16:52:10.978111,-0.157000,-5.399000
2026-06-15 16:52:10.978272,0.152000,-5.236000
2026-06-15 16:52:10.985571,0.250000,-5.279000
2026-06-15 16:52:11.001868,0.131000,-5.414000
2026-06-15 16:52:11.003808,-0.051000,-5.434000
2026-06-15 16:52:11.004098,-0.081000,-5.673000
2026-06-15 16:52:11.004244,-0.628000,-5.774000
2026-06-15 16:52:11.004409,-0.172000,-5.420000
2026-06-15 16:52:11.004590,0.138000,-5.201000
2026-06-15 16:52:11.006284,0.233000,-5.264000
2026-06-15 16:52:11.006493,0.094000,-5.429000
2026-06-15 16:52:11.007645,-0.084000,-5.468000
2026-06-15 16:52:11.008139,-0.125000,-5.586000
2026-06-15 16:52:11.017258,-0.710000,-5.810000
2026-06-15 16:52:11.024658,-0.232000,-5.439000
2026-06-15 16:52:11.025335,0.036000,-5.224000
2026-06-15 16:52:11.025572,0.274000,-5.259000
2026-06-15 16:52:11.025727,0.096000,-5.426000
2026-06-15 16:52:11.025928,-0.091000,-5.436000
2026-06-15 16:52:11.026165,-0.142000,-5.546000
2026-06-15 16:52:11.026344,-0.702000,-5.828000
2026-06-15 16:52:11.026499,-0.257000,-5.473000
2026-06-15 16:52:11.026661,0.109000,-5.255000
2026-06-15 16:52:11.026829,0.191000,-5.255000
2026-06-15 16:52:11.026991,0.102000,-5.434000
2026-06-15 16:52:11.027151,-0.114000,-5.462000
2026-06-15 16:52:11.037099,-0.122000,-5.500000
2026-06-15 16:52:11.047395,-0.701000,-5.839000
2026-06-15 16:52:11.047668,-0.348000,-5.467000
2026-06-15 16:52:11.047898,0.032000,-5.242000
2026-06-15 16:52:11.052992,0.219000,-5.274000
2026-06-15 16:52:11.053280,0.069000,-5.392000
2026-06-15 16:52:11.053442,-0.124000,-5.436000
2026-06-15 16:52:11.053575,-0.116000,-5.474000
2026-06-15 16:52:11.053684,-0.721000,-5.851000
2026-06-15 16:52:11.053793,-0.314000,-5.465000
2026-06-15 16:52:11.061021,0.070000,-5.226000
2026-06-15 16:52:11.064993,0.129000,-5.266000
2026-06-15 16:52:11.065310,0.109000,-5.417000
2026-06-15 16:52:11.073070,-0.149000,-5.483000
2026-06-15 16:52:11.074182,-0.139000,-5.507000
2026-06-15 16:52:11.078653,-0.742000,-5.865000
2026-06-15 16:52:11.085622,-0.359000,-5.477000
2026-06-15 16:52:11.087812,0.033000,-5.225000
2026-06-15 16:52:11.089381,0.137000,-5.221000
2026-06-15 16:52:11.095163,0.143000,-5.414000
2026-06-15 16:52:11.095661,-0.150000,-5.501000
2026-06-15 16:52:11.123916,-0.153000,-5.513000
2026-06-15 16:52:11.128813,-0.734000,-5.880000
2026-06-15 16:52:11.136890,-0.391000,-5.494000
2026-06-15 16:52:11.141619,0.005000,-5.210000
2026-06-15 16:52:11.154031,0.071000,-5.168000
2026-06-15 16:52:11.154276,0.050000,-5.430000
2026-06-15 16:52:11.154466,-0.159000,-5.475000
2026-06-15 16:52:11.154696,-0.144000,-5.508000
2026-06-15 16:52:11.154859,-0.773000,-5.867000
2026-06-15 16:52:11.155015,-0.427000,-5.484000
2026-06-15 16:52:11.155136,-0.028000,-5.259000
2026-06-15 16:52:11.155245,0.119000,-5.225000
2026-06-15 16:52:11.155352,0.104000,-5.446000
2026-06-15 16:52:11.155471,-0.120000,-5.480000
2026-06-15 16:52:11.155600,-0.148000,-5.481000
2026-06-15 16:52:11.155716,-0.768000,-5.862000
2026-06-15 16:52:11.155883,-0.474000,-5.522000
2026-06-15 16:52:11.171977,-0.087000,-5.286000
2026-06-15 16:52:11.177644,0.168000,-5.238000
2026-06-15 16:52:11.195753,0.099000,-5.419000
2026-06-15 16:52:11.196163,-0.154000,-5.482000
2026-06-15 16:52:11.196673,-0.173000,-5.481000
2026-06-15 16:52:11.196855,-0.738000,-5.845000
2026-06-15 16:52:11.196967,-0.550000,-5.498000
2026-06-15 16:52:11.197482,-0.122000,-5.288000
2026-06-15 16:52:11.197911,0.164000,-5.191000
2026-06-15 16:52:11.199964,0.054000,-5.375000
2026-06-15 16:52:11.203944,-0.174000,-5.499000
2026-06-15 16:52:11.211093,-0.162000,-5.487000
2026-06-15 16:52:11.211481,-0.651000,-5.866000
2026-06-15 16:52:11.211614,-0.569000,-5.530000
2026-06-15 16:52:11.213730,-0.158000,-5.315000
2026-06-15 16:52:11.245757,0.140000,-5.275000
2026-06-15 16:52:11.283553,0.135000,-5.388000
2026-06-15 16:52:11.310625,-0.170000,-5.498000
2026-06-15 16:52:11.312560,-0.194000,-5.507000
2026-06-15 16:52:11.314709,-0.583000,-5.890000
2026-06-15 16:52:11.326775,-0.595000,-5.556000
2026-06-15 16:52:11.333184,-0.129000,-5.336000
2026-06-15 16:52:11.336395,0.145000,-5.268000
2026-06-15 16:52:11.338967,0.077000,-5.390000
2026-06-15 16:52:11.350474,-0.174000,-5.515000
2026-06-15 16:52:11.380767,-0.163000,-5.493000
2026-06-15 16:52:11.381776,-0.492000,-5.902000
2026-06-15 16:52:11.382258,-0.662000,-5.556000
2026-06-15 16:52:11.382577,-0.225000,-5.345000
2026-06-15 16:52:11.382796,0.128000,-5.347000
2026-06-15 16:52:11.390308,0.082000,-5.369000
2026-06-15 16:52:11.392920,-0.158000,-5.524000
2026-06-15 16:52:11.394833,-0.163000,-5.514000
2026-06-15 16:52:11.402818,-0.453000,-5.925000
2026-06-15 16:52:11.403027,-0.687000,-5.611000
2026-06-15 16:52:11.437541,-0.179000,-5.366000
2026-06-15 16:52:11.439659,0.123000,-5.343000
2026-06-15 16:52:11.441373,0.150000,-5.390000
2026-06-15 16:52:11.441882,-0.128000,-5.494000
2026-06-15 16:52:11.444734,-0.196000,-5.524000
2026-06-15 16:52:11.445169,-0.353000,-5.950000
2026-06-15 16:52:11.447479,-0.728000,-5.641000
2026-06-15 16:52:11.449227,-0.196000,-5.398000
2026-06-15 16:52:11.472748,0.175000,-5.350000
2026-06-15 16:52:11.490279,0.155000,-5.373000
2026-06-15 16:52:11.491145,-0.147000,-5.525000
2026-06-15 16:52:11.497582,-0.262000,-5.514000
2026-06-15 16:52:11.503319,-0.290000,-5.943000
2026-06-15 16:52:11.517130,-0.742000,-5.644000
2026-06-15 16:52:11.546340,-0.218000,-5.392000
2026-06-15 16:52:11.562103,0.159000,-5.341000
2026-06-15 16:52:11.568434,0.110000,-5.351000
2026-06-15 16:52:11.568984,-0.141000,-5.529000
2026-06-15 16:52:11.572442,-0.185000,-5.538000
2026-06-15 16:52:11.597765,-0.237000,-5.940000
2026-06-15 16:52:11.607436,-0.767000,-5.679000
2026-06-15 16:52:11.612347,-0.317000,-5.392000
2026-06-15 16:52:11.614088,0.117000,-5.280000
2026-06-15 16:52:11.616043,0.059000,-5.323000
2026-06-15 16:52:11.616509,-0.157000,-5.516000
2026-06-15 16:52:11.616945,-0.192000,-5.532000
2026-06-15 16:52:11.631096,-0.220000,-5.952000
2026-06-15 16:52:11.641544,-0.747000,-5.716000
2026-06-15 16:52:11.648836,-0.254000,-5.434000
2026-06-15 16:52:11.664869,0.134000,-5.327000
2026-06-15 16:52:11.665600,0.119000,-5.383000
2026-06-15 16:52:11.672947,-0.135000,-5.539000
2026-06-15 16:52:11.674399,-0.197000,-5.523000
2026-06-15 16:52:11.714020,-0.251000,-5.940000
2026-06-15 16:52:11.719460,-0.767000,-5.712000
2026-06-15 16:52:11.725326,-0.247000,-5.406000
2026-06-15 16:52:11.728412,0.113000,-5.298000
2026-06-15 16:52:11.729283,0.165000,-5.348000
2026-06-15 16:52:11.730112,-0.137000,-5.510000
2026-06-15 16:52:11.732567,-0.222000,-5.502000
2026-06-15 16:52:11.749489,-0.257000,-5.922000
2026-06-15 16:52:11.756969,-0.783000,-5.749000
2026-06-15 16:52:11.765413,-0.337000,-5.387000
2026-06-15 16:52:11.767268,0.071000,-5.283000
2026-06-15 16:52:11.768167,0.157000,-5.321000
2026-06-15 16:52:11.779653,-0.134000,-5.524000
2026-06-15 16:52:11.781190,-0.237000,-5.507000
2026-06-15 16:52:11.785474,-0.290000,-5.905000
2026-06-15 16:52:11.792813,-0.794000,-5.766000
2026-06-15 16:52:11.803548,-0.275000,-5.445000
2026-06-15 16:52:11.811270,0.052000,-5.307000
2026-06-15 16:52:11.811529,0.133000,-5.337000
2026-06-15 16:52:11.816543,-0.138000,-5.519000
2026-06-15 16:52:11.817336,-0.226000,-5.505000
2026-06-15 16:52:11.818810,-0.260000,-5.862000
2026-06-15 16:52:11.821979,-0.793000,-5.769000
2026-06-15 16:52:11.836167,-0.359000,-5.465000
2026-06-15 16:52:11.837713,0.042000,-5.323000
2026-06-15 16:52:11.837993,0.147000,-5.345000
2026-06-15 16:52:11.848137,-0.132000,-5.481000
2026-06-15 16:52:11.851896,-0.298000,-5.501000
2026-06-15 16:52:11.860262,-0.295000,-5.796000
2026-06-15 16:52:11.863835,-0.809000,-5.842000
2026-06-15 16:52:11.880451,-0.322000,-5.483000
2026-06-15 16:52:11.896825,0.021000,-5.331000
2026-06-15 16:52:11.903332,0.155000,-5.345000
2026-06-15 16:52:11.905108,-0.072000,-5.517000
2026-06-15 16:52:11.905852,-0.255000,-5.524000
2026-06-15 16:52:11.906266,-0.283000,-5.755000
2026-06-15 16:52:11.909698,-0.793000,-5.834000
2026-06-15 16:52:11.913783,-0.337000,-5.507000
2026-06-15 16:52:11.917639,-0.017000,-5.330000
2026-06-15 16:52:11.922481,0.179000,-5.354000
2026-06-15 16:52:11.922924,-0.073000,-5.509000
2026-06-15 16:52:11.923246,-0.242000,-5.530000
2026-06-15 16:52:11.923688,-0.278000,-5.696000
2026-06-15 16:52:11.987758,-0.820000,-5.896000
2026-06-15 16:52:11.990873,-0.372000,-5.511000
2026-06-15 16:52:12.000237,-0.028000,-5.307000
2026-06-15 16:52:12.006575,0.122000,-5.345000
2026-06-15 16:52:12.008642,-0.052000,-5.468000
2026-06-15 16:52:12.036037,-0.269000,-5.520000
2026-06-15 16:52:12.058986,-0.243000,-5.643000
2026-06-15 16:52:12.064635,-0.908000,-5.851000
2026-06-15 16:52:12.065889,-0.420000,-5.537000
2026-06-15 16:52:12.072783,-0.069000,-5.298000
2026-06-15 16:52:12.073631,0.080000,-5.368000
2026-06-15 16:52:12.075560,-0.026000,-5.478000
2026-06-15 16:52:12.080494,-0.242000,-5.518000
2026-06-15 16:52:12.082132,-0.268000,-5.552000
2026-06-15 16:52:12.082953,-0.827000,-5.938000
2026-06-15 16:52:12.084887,-0.433000,-5.552000
2026-06-15 16:52:12.085974,-0.084000,-5.290000
2026-06-15 16:52:12.087262,-0.030000,-5.335000
2026-06-15 16:52:12.100056,-0.001000,-5.505000
2026-06-15 16:52:12.107034,-0.296000,-5.529000
2026-06-15 16:52:12.124004,-0.264000,-5.571000
2026-06-15 16:52:12.124456,-0.884000,-5.961000
2026-06-15 16:52:12.124735,-0.492000,-5.515000
2026-06-15 16:52:12.125012,-0.121000,-5.300000
2026-06-15 16:52:12.125231,-0.006000,-5.294000
2026-06-15 16:52:12.125484,-0.082000,-5.471000
2026-06-15 16:52:12.129041,-0.276000,-5.526000
2026-06-15 16:52:12.129687,-0.298000,-5.545000
2026-06-15 16:52:12.130222,-0.890000,-5.928000
2026-06-15 16:52:12.130826,-0.505000,-5.556000
2026-06-15 16:52:12.131318,-0.141000,-5.292000
2026-06-15 16:52:12.131705,-0.027000,-5.328000
2026-06-15 16:52:12.140821,-0.008000,-5.471000
2026-06-15 16:52:12.141291,-0.317000,-5.536000
2026-06-15 16:52:12.141532,-0.265000,-5.552000
2026-06-15 16:52:12.146768,-0.874000,-5.916000
2026-06-15 16:52:12.149329,-0.532000,-5.562000
2026-06-15 16:52:12.149489,-0.149000,-5.320000
2026-06-15 16:52:12.159064,0.012000,-5.316000
2026-06-15 16:52:12.173391,-0.005000,-5.455000
2026-06-15 16:52:12.191073,-0.274000,-5.535000
2026-06-15 16:52:12.202861,-0.265000,-5.539000
2026-06-15 16:52:12.208690,-0.905000,-5.869000
2026-06-15 16:52:12.211390,-0.589000,-5.544000
2026-06-15 16:52:12.232639,-0.179000,-5.313000
2026-06-15 16:52:12.248875,-0.025000,-5.183000
2026-06-15 16:52:12.250133,-0.058000,-5.432000
2026-06-15 16:52:12.253056,-0.295000,-5.554000
2026-06-15 16:52:12.254873,-0.328000,-5.519000
2026-06-15 16:52:12.255691,-0.902000,-5.914000
2026-06-15 16:52:12.256192,-0.591000,-5.568000
2026-06-15 16:52:12.257591,-0.144000,-5.345000
2026-06-15 16:52:12.257939,-0.053000,-5.289000
2026-06-15 16:52:12.258181,0.003000,-5.486000
2026-06-15 16:52:12.258378,-0.298000,-5.556000
2026-06-15 16:52:12.261020,-0.308000,-5.488000
2026-06-15 16:52:12.262698,-0.855000,-5.915000
2026-06-15 16:52:12.265152,-0.663000,-5.606000
2026-06-15 16:52:12.268871,-0.194000,-5.362000
2026-06-15 16:52:12.284402,-0.000000,-5.317000
2026-06-15 16:52:12.284731,-0.023000,-5.495000
2026-06-15 16:52:12.284943,-0.287000,-5.533000
2026-06-15 16:52:12.285120,-0.323000,-5.544000
2026-06-15 16:52:12.286544,-0.770000,-5.908000
2026-06-15 16:52:12.288430,-0.767000,-5.593000
2026-06-15 16:52:12.295229,-0.282000,-5.336000
2026-06-15 16:52:12.295604,-0.085000,-5.215000
2026-06-15 16:52:12.295819,-0.046000,-5.454000
2026-06-15 16:52:12.298967,-0.271000,-5.516000
2026-06-15 16:52:12.306097,-0.311000,-5.484000
2026-06-15 16:52:12.314422,-0.697000,-5.954000
2026-06-15 16:52:12.323016,-0.765000,-5.596000
2026-06-15 16:52:12.328583,-0.248000,-5.386000
2026-06-15 16:52:12.329428,0.024000,-5.263000
2026-06-15 16:52:12.330428,-0.053000,-5.484000
2026-06-15 16:52:12.331786,-0.298000,-5.548000
2026-06-15 16:52:12.332492,-0.354000,-5.553000
2026-06-15 16:52:12.333648,-0.619000,-5.932000
2026-06-15 16:52:12.334415,-0.809000,-5.632000
2026-06-15 16:52:12.357804,-0.284000,-5.402000
2026-06-15 16:52:12.366213,0.006000,-5.394000
2026-06-15 16:52:12.381922,-0.017000,-5.423000
2026-06-15 16:52:12.398484,-0.281000,-5.531000
2026-06-15 16:52:12.404413,-0.324000,-5.486000
2026-06-15 16:52:12.404929,-0.568000,-5.943000
2026-06-15 16:52:12.405090,-0.853000,-5.645000
2026-06-15 16:52:12.405250,-0.327000,-5.376000
2026-06-15 16:52:12.405408,-0.055000,-5.348000
2026-06-15 16:52:12.405545,-0.022000,-5.425000
2026-06-15 16:52:12.407534,-0.318000,-5.557000
2026-06-15 16:52:12.409123,-0.315000,-5.551000
2026-06-15 16:52:12.413564,-0.461000,-5.967000
2026-06-15 16:52:12.426273,-0.873000,-5.646000
2026-06-15 16:52:12.448987,-0.339000,-5.425000
2026-06-15 16:52:12.466926,0.011000,-5.368000
2026-06-15 16:52:12.491973,-0.004000,-5.354000
2026-06-15 16:52:12.492850,-0.267000,-5.535000
2026-06-15 16:52:12.493159,-0.330000,-5.514000
2026-06-15 16:52:12.493493,-0.405000,-5.968000
2026-06-15 16:52:12.495151,-0.911000,-5.674000
2026-06-15 16:52:12.516154,-0.339000,-5.399000
2026-06-15 16:52:12.521281,-0.056000,-5.319000
2026-06-15 16:52:12.521618,-0.097000,-5.343000
2026-06-15 16:52:12.522124,-0.274000,-5.559000
2026-06-15 16:52:12.522491,-0.371000,-5.518000
2026-06-15 16:52:12.522909,-0.383000,-5.980000
2026-06-15 16:52:12.526147,-0.892000,-5.679000
2026-06-15 16:52:12.553548,-0.347000,-5.435000
2026-06-15 16:52:12.568407,0.018000,-5.393000
2026-06-15 16:52:12.578953,-0.020000,-5.387000
2026-06-15 16:52:12.598761,-0.251000,-5.552000
2026-06-15 16:52:12.614050,-0.331000,-5.553000
2026-06-15 16:52:12.616076,-0.363000,-5.992000
2026-06-15 16:52:12.621561,-0.917000,-5.737000
2026-06-15 16:52:12.622870,-0.370000,-5.446000
2026-06-15 16:52:12.623571,-0.010000,-5.354000
2026-06-15 16:52:12.634637,-0.027000,-5.371000
2026-06-15 16:52:12.638901,-0.285000,-5.544000
2026-06-15 16:52:12.656339,-0.341000,-5.527000
2026-06-15 16:52:12.660335,-0.380000,-5.991000
2026-06-15 16:52:12.660648,-0.906000,-5.725000
2026-06-15 16:52:12.662385,-0.375000,-5.452000
2026-06-15 16:52:12.665557,0.014000,-5.352000
2026-06-15 16:52:12.691602,0.068000,-5.370000
2026-06-15 16:52:12.698639,-0.242000,-5.567000
2026-06-15 16:52:12.702761,-0.333000,-5.557000
2026-06-15 16:52:12.703388,-0.350000,-5.972000
2026-06-15 16:52:12.706500,-0.890000,-5.759000
2026-06-15 16:52:12.711509,-0.390000,-5.471000
2026-06-15 16:52:12.719516,-0.054000,-5.318000
2026-06-15 16:52:12.719731,0.015000,-5.358000
2026-06-15 16:52:12.724120,-0.251000,-5.539000
2026-06-15 16:52:12.760653,-0.362000,-5.509000
2026-06-15 16:52:12.774383,-0.383000,-5.919000
2026-06-15 16:52:12.780126,-0.913000,-5.797000
2026-06-15 16:52:12.780807,-0.438000,-5.495000
2026-06-15 16:52:12.781829,-0.072000,-5.356000
2026-06-15 16:52:12.784847,-0.029000,-5.365000
2026-06-15 16:52:12.789552,-0.156000,-5.495000
2026-06-15 16:52:12.789877,-0.340000,-5.541000
2026-06-15 16:52:12.790764,-0.350000,-5.919000
2026-06-15 16:52:12.791567,-0.887000,-5.832000
2026-06-15 16:52:12.795379,-0.411000,-5.493000
2026-06-15 16:52:12.811119,-0.073000,-5.332000
2026-06-15 16:52:12.811383,-0.009000,-5.356000
2026-06-15 16:52:12.820299,-0.222000,-5.534000
2026-06-15 16:52:12.828002,-0.360000,-5.562000
2026-06-15 16:52:12.839987,-0.366000,-5.846000
2026-06-15 16:52:12.847270,-0.907000,-5.842000
2026-06-15 16:52:12.860287,-0.439000,-5.509000
2026-06-15 16:52:12.860654,-0.128000,-5.349000
2026-06-15 16:52:12.860871,-0.022000,-5.318000
2026-06-15 16:52:12.861085,-0.213000,-5.525000
2026-06-15 16:52:12.866106,-0.372000,-5.554000
2026-06-15 16:52:12.868511,-0.382000,-5.758000
2026-06-15 16:52:12.868898,-0.982000,-5.869000
2026-06-15 16:52:12.869142,-0.476000,-5.522000
2026-06-15 16:52:12.870885,-0.083000,-5.324000
2026-06-15 16:52:12.872280,-0.005000,-5.376000
2026-06-15 16:52:12.878425,-0.180000,-5.549000
2026-06-15 16:52:12.878698,-0.392000,-5.571000
2026-06-15 16:52:12.886214,-0.361000,-5.739000
2026-06-15 16:52:12.889000,-0.901000,-5.909000
2026-06-15 16:52:12.911144,-0.458000,-5.548000
2026-06-15 16:52:12.916529,-0.158000,-5.348000
2026-06-15 16:52:12.933031,-0.088000,-5.361000
2026-06-15 16:52:12.936110,-0.157000,-5.552000
2026-06-15 16:52:12.936680,-0.331000,-5.563000
2026-06-15 16:52:12.942970,-0.365000,-5.708000
2026-06-15 16:52:12.943675,-0.912000,-6.000000
2026-06-15 16:52:12.960096,-0.461000,-5.657000
2026-06-15 16:52:12.963150,-0.147000,-5.473000
2026-06-15 16:52:12.968999,0.056000,-5.560000
2026-06-15 16:52:12.984520,-0.091000,-5.764000
2026-06-15 16:52:13.002202,-0.262000,-5.793000
2026-06-15 16:52:13.020121,-0.234000,-5.919000
2026-06-15 16:52:13.026173,-0.813000,-6.266000
2026-06-15 16:52:13.026560,-0.343000,-5.908000
2026-06-15 16:52:13.035443,0.010000,-5.663000
2026-06-15 16:52:13.035812,0.095000,-5.733000
2026-06-15 16:52:13.036022,0.111000,-5.901000
2026-06-15 16:52:13.036158,-0.133000,-6.017000
2026-06-15 16:52:13.036261,-0.108000,-6.087000
2026-06-15 16:52:13.061309,-0.674000,-6.523000
2026-06-15 16:52:13.063113,-0.263000,-6.206000
2026-06-15 16:52:13.063462,0.192000,-6.001000
2026-06-15 16:52:13.066995,0.347000,-6.126000
2026-06-15 16:52:13.067224,0.359000,-6.334000
2026-06-15 16:52:13.067340,0.174000,-6.481000
2026-06-15 16:52:13.067456,0.196000,-6.592000
2026-06-15 16:52:13.067581,-0.332000,-7.040000
2026-06-15 16:52:13.067679,0.060000,-6.722000
2026-06-15 16:52:13.067773,0.500000,-6.486000
2026-06-15 16:52:13.078708,0.621000,-6.656000
2026-06-15 16:52:13.080089,0.597000,-6.845000
2026-06-15 16:52:13.081168,0.348000,-6.945000
2026-06-15 16:52:13.082476,0.339000,-7.080000
2026-06-15 16:52:13.086208,-0.348000,-7.520000
2026-06-15 16:52:13.086511,0.040000,-7.245000
2026-06-15 16:52:13.087717,0.430000,-7.105000
2026-06-15 16:52:13.095043,0.546000,-7.144000
2026-06-15 16:52:13.096702,0.533000,-7.434000
2026-06-15 16:52:13.102461,0.248000,-7.623000
2026-06-15 16:52:13.102839,0.254000,-7.722000
2026-06-15 16:52:13.103555,-0.405000,-8.211000
2026-06-15 16:52:13.107226,-0.161000,-8.030000
2026-06-15 16:52:13.110973,0.290000,-7.885000
2026-06-15 16:52:13.113348,0.452000,-7.944000
2026-06-15 16:52:13.140221,0.389000,-8.237000
2026-06-15 16:52:13.140583,0.143000,-8.334000
2026-06-15 16:52:13.159772,0.133000,-8.339000
2026-06-15 16:52:13.161651,-0.477000,-8.694000
2026-06-15 16:52:13.165922,-0.180000,-8.279000
2026-06-15 16:52:13.187510,0.239000,-7.994000
2026-06-15 16:52:13.211490,0.397000,-7.911000
2026-06-15 16:52:13.233489,0.357000,-8.150000
2026-06-15 16:52:13.264829,0.107000,-8.209000
2026-06-15 16:52:13.265135,0.118000,-8.216000
2026-06-15 16:52:13.265314,-0.469000,-8.531000
2026-06-15 16:52:13.265474,-0.285000,-8.256000
2026-06-15 16:52:13.265672,0.183000,-8.029000
2026-06-15 16:52:13.272746,0.408000,-7.912000
2026-06-15 16:52:13.286653,0.373000,-8.189000
2026-06-15 16:52:13.292952,0.124000,-8.235000
2026-06-15 16:52:13.303062,0.126000,-8.239000
2026-06-15 16:52:13.305548,-0.365000,-8.584000
2026-06-15 16:52:13.319878,-0.282000,-8.234000
2026-06-15 16:52:13.328763,0.183000,-7.968000
2026-06-15 16:52:13.331710,0.410000,-7.880000
2026-06-15 16:52:13.333218,0.349000,-8.106000
2026-06-15 16:52:13.333947,0.108000,-8.161000
2026-06-15 16:52:13.339522,0.033000,-8.180000
2026-06-15 16:52:13.347529,-0.291000,-8.557000
2026-06-15 16:52:13.349080,-0.375000,-8.231000
2026-06-15 16:52:13.349999,0.164000,-8.009000
2026-06-15 16:52:13.356878,0.423000,-7.983000
2026-06-15 16:52:13.360575,0.389000,-8.083000
2026-06-15 16:52:13.361739,0.126000,-8.191000
2026-06-15 16:52:13.362139,0.083000,-8.206000
2026-06-15 16:52:13.363274,-0.217000,-8.595000
2026-06-15 16:52:13.364704,-0.378000,-8.258000
2026-06-15 16:52:13.366007,0.118000,-8.009000
2026-06-15 16:52:13.375515,0.345000,-7.911000
2026-06-15 16:52:13.377054,0.375000,-8.087000
2026-06-15 16:52:13.384330,0.118000,-8.144000
2026-06-15 16:52:13.389518,0.101000,-8.165000
2026-06-15 16:52:13.420327,-0.163000,-8.592000
2026-06-15 16:52:13.421322,-0.370000,-8.243000
2026-06-15 16:52:13.421886,0.093000,-8.025000
2026-06-15 16:52:13.423339,0.473000,-7.943000
2026-06-15 16:52:13.424517,0.399000,-8.093000
2026-06-15 16:52:13.432556,0.146000,-8.162000
2026-06-15 16:52:13.433509,-0.004000,-8.148000
2026-06-15 16:52:13.433860,-0.096000,-8.600000
2026-06-15 16:52:13.434179,-0.496000,-8.252000
2026-06-15 16:52:13.460859,0.121000,-8.032000
2026-06-15 16:52:13.490798,0.450000,-7.985000
2026-06-15 16:52:13.493691,0.428000,-8.039000
2026-06-15 16:52:13.497988,0.171000,-8.169000
2026-06-15 16:52:13.529999,0.082000,-8.167000
2026-06-15 16:52:13.536275,0.006000,-8.583000
2026-06-15 16:52:13.542937,-0.437000,-8.307000
2026-06-15 16:52:13.543478,0.061000,-8.006000
2026-06-15 16:52:13.544460,0.391000,-7.954000
2026-06-15 16:52:13.546926,0.384000,-7.959000
2026-06-15 16:52:13.548509,0.137000,-8.160000
2026-06-15 16:52:13.553572,0.081000,-8.124000
2026-06-15 16:52:13.554147,0.039000,-8.570000
2026-06-15 16:52:13.554486,-0.481000,-8.304000
2026-06-15 16:52:13.555114,0.058000,-7.957000
2026-06-15 16:52:13.559108,0.393000,-7.955000
2026-06-15 16:52:13.559335,0.441000,-7.931000
2026-06-15 16:52:13.559536,0.129000,-8.113000
2026-06-15 16:52:13.559694,0.023000,-8.124000
2026-06-15 16:52:13.559866,0.071000,-8.526000
2026-06-15 16:52:13.560051,-0.515000,-8.300000
2026-06-15 16:52:13.560217,0.046000,-8.025000
2026-06-15 16:52:13.560359,0.440000,-7.959000
2026-06-15 16:52:13.560518,0.434000,-7.977000
2026-06-15 16:52:13.560645,0.180000,-8.156000
2026-06-15 16:52:13.560780,0.072000,-8.153000
2026-06-15 16:52:13.560899,0.046000,-8.569000
2026-06-15 16:52:13.561020,-0.468000,-8.334000
2026-06-15 16:52:13.561139,0.037000,-8.032000
2026-06-15 16:52:13.561262,0.418000,-7.913000
2026-06-15 16:52:13.566795,0.476000,-7.964000
2026-06-15 16:52:13.567320,0.164000,-8.152000
2026-06-15 16:52:13.567735,0.070000,-8.149000
2026-06-15 16:52:13.568082,0.074000,-8.562000
2026-06-15 16:52:13.571764,-0.459000,-8.394000
2026-06-15 16:52:13.572691,0.015000,-8.063000
2026-06-15 16:52:13.590120,0.366000,-7.928000
2026-06-15 16:52:13.593658,0.425000,-7.973000
2026-06-15 16:52:13.603103,0.158000,-8.095000
2026-06-15 16:52:13.614427,0.044000,-8.060000
2026-06-15 16:52:13.620925,0.042000,-8.460000
2026-06-15 16:52:13.622090,-0.462000,-8.397000
2026-06-15 16:52:13.623914,0.024000,-8.083000
2026-06-15 16:52:13.624424,0.356000,-7.911000
2026-06-15 16:52:13.646632,0.506000,-7.962000
2026-06-15 16:52:13.653056,0.200000,-8.098000
2026-06-15 16:52:13.662000,0.051000,-8.160000
2026-06-15 16:52:13.662247,0.061000,-8.413000
2026-06-15 16:52:13.662383,-0.471000,-8.445000
2026-06-15 16:52:13.678999,-0.012000,-8.103000
2026-06-15 16:52:13.700585,0.311000,-7.847000
2026-06-15 16:52:13.704750,0.489000,-7.955000
2026-06-15 16:52:13.705562,0.179000,-8.112000
2026-06-15 16:52:13.711442,0.076000,-8.121000
2026-06-15 16:52:13.711618,0.058000,-8.326000
2026-06-15 16:52:13.711729,-0.485000,-8.448000
2026-06-15 16:52:13.711849,-0.035000,-8.076000
2026-06-15 16:52:13.725520,0.287000,-7.902000
2026-06-15 16:52:13.734195,0.509000,-7.963000
2026-06-15 16:52:13.735108,0.192000,-8.096000
2026-06-15 16:52:13.736223,0.031000,-8.109000
2026-06-15 16:52:13.737249,0.057000,-8.237000
2026-06-15 16:52:13.749482,-0.502000,-8.476000
2026-06-15 16:52:13.777158,-0.069000,-8.088000
2026-06-15 16:52:13.785366,0.259000,-7.878000
2026-06-15 16:52:13.788160,0.366000,-7.911000
2026-06-15 16:52:13.791929,0.272000,-8.091000
2026-06-15 16:52:13.800201,0.056000,-8.108000
2026-06-15 16:52:13.801144,0.064000,-8.197000
2026-06-15 16:52:13.801704,-0.531000,-8.507000
2026-06-15 16:52:13.804194,-0.087000,-8.105000
2026-06-15 16:52:13.804485,0.264000,-7.892000
2026-06-15 16:52:13.804667,0.446000,-7.945000
2026-06-15 16:52:13.804812,0.248000,-8.054000
2026-06-15 16:52:13.804949,0.056000,-8.122000
2026-06-15 16:52:13.805095,-0.015000,-8.119000
2026-06-15 16:52:13.805251,-0.552000,-8.456000
2026-06-15 16:52:13.805418,-0.120000,-8.127000
2026-06-15 16:52:13.805567,0.220000,-7.834000
2026-06-15 16:52:13.805702,0.288000,-7.916000
2026-06-15 16:52:13.817505,0.324000,-8.069000
2026-06-15 16:52:13.820337,0.082000,-8.106000
2026-06-15 16:52:13.820900,0.060000,-8.109000
2026-06-15 16:52:13.821498,-0.559000,-8.515000
2026-06-15 16:52:13.821972,-0.147000,-8.121000
2026-06-15 16:52:13.823021,0.209000,-7.861000
2026-06-15 16:52:13.823625,0.319000,-7.890000
2026-06-15 16:52:13.823926,0.315000,-8.043000
2026-06-15 16:52:13.824576,0.058000,-8.084000
2026-06-15 16:52:13.825181,0.065000,-8.121000
2026-06-15 16:52:13.825698,-0.589000,-8.494000
2026-06-15 16:52:13.825999,-0.168000,-8.118000
2026-06-15 16:52:13.826243,0.199000,-7.868000
2026-06-15 16:52:13.827411,0.345000,-7.786000
2026-06-15 16:52:13.830653,0.355000,-8.028000
2026-06-15 16:52:13.831115,0.057000,-8.103000
2026-06-15 16:52:13.841178,0.070000,-8.133000
2026-06-15 16:52:13.842477,-0.563000,-8.509000
2026-06-15 16:52:13.843328,-0.209000,-8.120000
2026-06-15 16:52:13.843870,0.225000,-7.874000
2026-06-15 16:52:13.844136,0.381000,-7.833000
2026-06-15 16:52:13.878432,0.282000,-8.040000
2026-06-15 16:52:13.888104,0.055000,-8.095000
2026-06-15 16:52:13.888653,0.076000,-8.111000
2026-06-15 16:52:13.894190,-0.529000,-8.417000
2026-06-15 16:52:13.905742,-0.289000,-8.103000
2026-06-15 16:52:13.930858,0.135000,-7.862000
2026-06-15 16:52:13.936127,0.284000,-7.784000
2026-06-15 16:52:13.954135,0.305000,-8.051000
2026-06-15 16:52:13.957366,0.071000,-8.089000
2026-06-15 16:52:13.967032,0.012000,-8.027000
2026-06-15 16:52:13.986167,-0.534000,-8.470000
2026-06-15 16:52:14.012422,-0.289000,-8.142000
2026-06-15 16:52:14.024001,0.142000,-7.921000
2026-06-15 16:52:14.025521,0.346000,-7.870000
2026-06-15 16:52:14.026051,0.343000,-8.060000
2026-06-15 16:52:14.026485,0.069000,-8.110000
2026-06-15 16:52:14.038234,0.039000,-8.090000
2026-06-15 16:52:14.063259,-0.493000,-8.500000
2026-06-15 16:52:14.066596,-0.318000,-8.155000
2026-06-15 16:52:14.074569,0.130000,-7.915000
2026-06-15 16:52:14.075321,0.378000,-7.748000
2026-06-15 16:52:14.075497,0.328000,-8.055000
2026-06-15 16:52:14.075610,0.064000,-8.088000
2026-06-15 16:52:14.075726,0.053000,-8.048000
2026-06-15 16:52:14.075870,-0.423000,-8.429000
2026-06-15 16:52:14.076013,-0.350000,-8.142000
2026-06-15 16:52:14.077516,0.016000,-7.889000
2026-06-15 16:52:14.082310,0.350000,-7.848000
2026-06-15 16:52:14.083960,0.337000,-8.030000
2026-06-15 16:52:14.084250,0.115000,-8.094000
2026-06-15 16:52:14.084437,0.066000,-8.110000
2026-06-15 16:52:14.089895,-0.284000,-8.513000
2026-06-15 16:52:14.106680,-0.420000,-8.162000
2026-06-15 16:52:14.115042,0.060000,-7.978000
2026-06-15 16:52:14.118024,0.374000,-7.805000
2026-06-15 16:52:14.138084,0.352000,-8.049000
2026-06-15 16:52:14.138895,0.082000,-8.080000
2026-06-15 16:52:14.144472,0.012000,-8.127000
2026-06-15 16:52:14.144958,-0.156000,-8.529000
2026-06-15 16:52:14.145243,-0.453000,-8.191000
2026-06-15 16:52:14.146318,0.046000,-7.975000
2026-06-15 16:52:14.148608,0.429000,-7.947000
2026-06-15 16:52:14.171477,0.371000,-7.950000
2026-06-15 16:52:14.172992,0.122000,-8.125000
2026-06-15 16:52:14.173681,0.040000,-8.109000
2026-06-15 16:52:14.174198,0.010000,-8.537000
2026-06-15 16:52:14.175771,-0.496000,-8.270000
2026-06-15 16:52:14.176510,0.019000,-7.942000
2026-06-15 16:52:14.179302,0.354000,-7.873000
2026-06-15 16:52:14.179511,0.375000,-7.916000
2026-06-15 16:52:14.184255,0.140000,-8.083000
2026-06-15 16:52:14.195468,0.033000,-8.110000
2026-06-15 16:52:14.196685,0.051000,-8.551000
2026-06-15 16:52:14.196962,-0.470000,-8.328000
2026-06-15 16:52:14.197198,-0.009000,-8.005000
2026-06-15 16:52:14.205096,-0.050000,-13.221000
2026-06-15 16:52:14.207411,0.386000,-12.999000
2026-06-15 16:52:14.213530,0.506000,-12.897000
2026-06-15 16:52:14.219503,0.558000,-13.169000
2026-06-15 16:52:14.220454,0.279000,-13.210000
2026-06-15 16:52:14.220860,0.310000,-13.231000
2026-06-15 16:52:14.221603,-0.335000,-13.500000
2026-06-15 16:52:14.225263,-0.061000,-13.208000
2026-06-15 16:52:14.226056,0.382000,-12.961000
2026-06-15 16:52:14.226478,0.581000,-12.907000
2026-06-15 16:52:14.226629,0.545000,-13.137000
2026-06-15 16:52:14.226762,0.212000,-13.145000
2026-06-15 16:52:14.226905,0.261000,-13.182000
2026-06-15 16:52:14.227201,-0.331000,-13.469000
2026-06-15 16:52:14.230121,-0.024000,-13.205000
2026-06-15 16:52:14.239944,0.390000,-12.913000
2026-06-15 16:52:14.241151,0.599000,-12.855000
2026-06-15 16:52:14.244235,0.529000,-13.099000
2026-06-15 16:52:14.245754,0.265000,-13.149000
2026-06-15 16:52:14.246195,0.257000,-13.148000
2026-06-15 16:52:14.260104,-0.360000,-13.411000
2026-06-15 16:52:14.276350,-0.051000,-13.195000
2026-06-15 16:52:14.280892,0.376000,-12.906000
2026-06-15 16:52:14.281240,0.568000,-12.882000
2026-06-15 16:52:14.281506,0.546000,-13.057000
2026-06-15 16:52:14.282259,0.276000,-13.117000
2026-06-15 16:52:14.289204,0.257000,-13.066000
2026-06-15 16:52:14.291439,-0.363000,-13.483000
2026-06-15 16:52:14.295542,-0.049000,-13.147000
2026-06-15 16:52:14.300049,0.388000,-12.898000
2026-06-15 16:52:14.300342,0.572000,-12.846000
2026-06-15 16:52:14.319849,0.523000,-13.023000
2026-06-15 16:52:14.330133,0.300000,-13.122000
2026-06-15 16:52:14.366890,0.276000,-13.108000
2026-06-15 16:52:14.369035,-0.325000,-13.466000
2026-06-15 16:52:14.374363,-0.059000,-13.126000
2026-06-15 16:52:14.376007,0.387000,-12.875000
2026-06-15 16:52:14.376245,0.550000,-12.795000
2026-06-15 16:52:14.378862,0.519000,-13.052000
2026-06-15 16:52:14.379363,0.279000,-13.097000
2026-06-15 16:52:14.386078,0.275000,-13.097000
2026-06-15 16:52:14.406268,-0.320000,-13.460000
2026-06-15 16:52:14.408071,-0.080000,-13.132000
2026-06-15 16:52:14.409270,0.316000,-12.763000
2026-06-15 16:52:14.411017,0.469000,-12.719000
2026-06-15 16:52:14.442791,0.516000,-12.984000
2026-06-15 16:52:14.444320,0.178000,-13.073000
2026-06-15 16:52:14.464261,0.245000,-13.091000
2026-06-15 16:52:14.466125,-0.314000,-13.436000
2026-06-15 16:52:14.466579,-0.082000,-13.133000
2026-06-15 16:52:14.466880,0.368000,-12.862000
2026-06-15 16:52:14.467308,0.557000,-12.765000
2026-06-15 16:52:14.476494,0.517000,-13.020000
2026-06-15 16:52:14.478888,0.273000,-13.049000
2026-06-15 16:52:14.496974,0.252000,-13.048000
2026-06-15 16:52:14.498159,-0.333000,-13.431000
2026-06-15 16:52:14.498948,-0.096000,-13.030000
2026-06-15 16:52:14.514158,0.376000,-12.868000
2026-06-15 16:52:14.535375,0.574000,-12.772000
2026-06-15 16:52:14.544735,0.513000,-12.958000
2026-06-15 16:52:14.575119,0.250000,-13.036000
2026-06-15 16:52:14.584381,0.229000,-13.036000
2026-06-15 16:52:14.585265,-0.347000,-13.386000
2026-06-15 16:52:14.598863,-0.076000,-13.041000
2026-06-15 16:52:14.624149,0.371000,-12.859000
2026-06-15 16:52:14.624631,0.548000,-12.759000
2026-06-15 16:52:14.626659,0.510000,-12.974000
2026-06-15 16:52:14.626921,0.272000,-13.053000
2026-06-15 16:52:14.627115,0.246000,-13.020000
2026-06-15 16:52:14.627384,-0.349000,-13.436000
2026-06-15 16:52:14.638224,-0.157000,-13.090000
2026-06-15 16:52:14.653503,0.371000,-12.834000
2026-06-15 16:52:14.661689,0.570000,-12.789000
2026-06-15 16:52:14.662122,0.520000,-13.017000
2026-06-15 16:52:14.662835,0.276000,-13.024000
2026-06-15 16:52:14.663527,0.278000,-13.070000
2026-06-15 16:52:14.663769,-0.346000,-13.409000
2026-06-15 16:52:14.668954,-0.129000,-13.034000
2026-06-15 16:52:14.669565,0.369000,-12.847000
2026-06-15 16:52:14.670078,0.547000,-12.688000
2026-06-15 16:52:14.695662,0.465000,-12.928000
2026-06-15 16:52:14.696171,0.272000,-13.032000
2026-06-15 16:52:14.698445,0.269000,-13.029000
2026-06-15 16:52:14.698969,-0.313000,-13.411000
2026-06-15 16:52:14.706806,-0.093000,-13.082000
2026-06-15 16:52:14.708947,0.347000,-12.839000
2026-06-15 16:52:14.714062,0.539000,-12.717000
2026-06-15 16:52:14.714617,0.453000,-12.973000
2026-06-15 16:52:14.715163,0.245000,-13.017000
2026-06-15 16:52:14.715545,0.281000,-13.055000
2026-06-15 16:52:14.745224,-0.365000,-13.380000
2026-06-15 16:52:14.745954,-0.099000,-13.024000
2026-06-15 16:52:14.758663,0.383000,-12.807000
2026-06-15 16:52:14.780517,0.491000,-12.743000
2026-06-15 16:52:14.788432,0.524000,-12.923000
2026-06-15 16:52:14.813727,0.206000,-13.017000
2026-06-15 16:52:14.819746,0.236000,-13.057000
2026-06-15 16:52:14.843944,-0.315000,-13.426000
2026-06-15 16:52:14.845491,-0.033000,-13.069000
2026-06-15 16:52:14.855207,0.373000,-12.817000
2026-06-15 16:52:14.858391,0.552000,-12.650000
2026-06-15 16:52:14.885302,0.501000,-12.987000
2026-06-15 16:52:14.896012,0.258000,-12.994000
2026-06-15 16:52:14.899486,0.247000,-13.035000
2026-06-15 16:52:14.900943,-0.366000,-13.397000
2026-06-15 16:52:14.903008,-0.064000,-13.037000
2026-06-15 16:52:14.903885,0.373000,-12.777000
2026-06-15 16:52:14.926846,0.543000,-12.750000
2026-06-15 16:52:14.928044,0.505000,-12.939000
2026-06-15 16:52:14.928703,0.233000,-13.020000
2026-06-15 16:52:14.936915,0.229000,-12.994000
2026-06-15 16:52:14.938638,-0.378000,-13.332000
2026-06-15 16:52:14.939496,-0.081000,-13.068000
2026-06-15 16:52:14.942410,0.344000,-12.701000
2026-06-15 16:52:14.951939,0.558000,-12.727000
2026-06-15 16:52:14.962252,0.502000,-12.991000
2026-06-15 16:52:14.967695,0.235000,-13.041000
2026-06-15 16:52:14.995481,0.199000,-12.982000
2026-06-15 16:52:14.999031,-0.378000,-13.347000
2026-06-15 16:52:15.012715,-0.128000,-13.050000
2026-06-15 16:52:15.014595,0.347000,-12.803000
2026-06-15 16:52:15.017004,0.531000,-12.754000
2026-06-15 16:52:15.017691,0.508000,-12.967000
2026-06-15 16:52:15.018818,0.261000,-13.048000
2026-06-15 16:52:15.022881,0.254000,-13.036000
2026-06-15 16:52:15.023233,-0.327000,-13.395000
2026-06-15 16:52:15.023418,-0.109000,-13.042000
2026-06-15 16:52:15.023576,0.335000,-12.796000
2026-06-15 16:52:15.023730,0.531000,-12.713000
2026-06-15 16:52:15.023936,0.497000,-12.975000
2026-06-15 16:52:15.024094,0.265000,-12.997000
2026-06-15 16:52:15.024244,0.268000,-13.021000
2026-06-15 16:52:15.024388,-0.269000,-13.405000
2026-06-15 16:52:15.024549,-0.111000,-13.051000
2026-06-15 16:52:15.024707,0.334000,-12.802000
2026-06-15 16:52:15.024858,0.550000,-12.745000
2026-06-15 16:52:15.024991,0.540000,-12.958000
2026-06-15 16:52:15.025122,0.258000,-13.021000
2026-06-15 16:52:15.025285,0.249000,-12.955000
2026-06-15 16:52:15.055339,-0.333000,-13.324000
2026-06-15 16:52:15.064291,-0.119000,-13.050000
2026-06-15 16:52:15.068034,0.343000,-12.710000
2026-06-15 16:52:15.120664,0.540000,-12.679000
2026-06-15 16:52:15.130976,0.541000,-12.950000
2026-06-15 16:52:15.132535,0.188000,-12.975000
2026-06-15 16:52:15.135965,0.230000,-13.007000
2026-06-15 16:52:15.163220,-0.292000,-13.375000
2026-06-15 16:52:15.165968,-0.115000,-13.051000
2026-06-15 16:52:15.166600,0.353000,-12.803000
2026-06-15 16:52:15.166785,0.538000,-12.716000
2026-06-15 16:52:15.166903,0.494000,-12.972000
2026-06-15 16:52:15.172316,0.249000,-13.017000
2026-06-15 16:52:15.172974,0.229000,-13.009000
2026-06-15 16:52:15.173388,-0.316000,-13.367000
2026-06-15 16:52:15.183159,-0.102000,-13.010000
2026-06-15 16:52:15.195568,0.353000,-12.794000
2026-06-15 16:52:15.200900,0.567000,-12.744000
2026-06-15 16:52:15.229175,0.491000,-12.943000
2026-06-15 16:52:15.229859,0.221000,-12.994000
2026-06-15 16:52:15.240305,0.258000,-13.003000
2026-06-15 16:52:15.260285,-0.341000,-13.368000
2026-06-15 16:52:15.267254,-0.101000,-13.028000
2026-06-15 16:52:15.268040,0.319000,-12.740000
2026-06-15 16:52:15.276929,0.495000,-12.709000
2026-06-15 16:52:15.277736,0.469000,-12.925000
2026-06-15 16:52:15.278272,0.246000,-12.993000
2026-06-15 16:52:15.278933,0.222000,-12.926000
2026-06-15 16:52:15.279484,-0.330000,-13.341000
2026-06-15 16:52:15.281277,-0.120000,-13.021000
2026-06-15 16:52:15.305684,0.307000,-12.796000
2026-06-15 16:52:15.312438,0.520000,-12.690000
2026-06-15 16:52:15.325269,0.525000,-12.944000
2026-06-15 16:52:15.352321,0.244000,-13.000000
2026-06-15 16:52:15.367989,0.232000,-13.013000
2026-06-15 16:52:15.371623,-0.340000,-13.331000
2026-06-15 16:52:15.373044,-0.114000,-13.058000
2026-06-15 16:52:15.388696,0.317000,-12.773000
2026-06-15 16:52:15.413193,0.505000,-12.699000
2026-06-15 16:52:15.414051,0.485000,-12.950000
2026-06-15 16:52:15.414399,0.232000,-12.984000
2026-06-15 16:52:15.419283,0.201000,-13.023000
2026-06-15 16:52:15.422754,-0.353000,-13.385000
2026-06-15 16:52:15.427016,-0.103000,-13.029000
2026-06-15 16:52:15.436590,0.273000,-12.763000
2026-06-15 16:52:15.437005,0.514000,-12.612000
2026-06-15 16:52:15.437296,0.463000,-12.858000
2026-06-15 16:52:15.437738,0.203000,-12.992000
2026-06-15 16:52:15.448404,0.223000,-12.923000
2026-06-15 16:52:15.451055,-0.354000,-13.399000
2026-06-15 16:52:15.451529,-0.112000,-13.027000
2026-06-15 16:52:15.471912,0.333000,-12.719000
2026-06-15 16:52:15.472870,0.541000,-12.714000
2026-06-15 16:52:15.473374,0.522000,-12.940000
2026-06-15 16:52:15.473767,0.242000,-12.994000
2026-06-15 16:52:15.474975,0.229000,-13.004000
2026-06-15 16:52:15.478949,-0.366000,-13.362000
2026-06-15 16:52:15.491733,-0.111000,-13.041000
2026-06-15 16:52:15.495497,0.338000,-12.808000
2026-06-15 16:52:15.495631,0.513000,-12.757000
2026-06-15 16:52:15.495732,0.447000,-12.927000
2026-06-15 16:52:15.519776,0.212000,-13.002000
2026-06-15 16:52:15.526339,0.224000,-12.984000
2026-06-15 16:52:15.529981,-0.376000,-13.362000
2026-06-15 16:52:15.541602,-0.107000,-13.017000
2026-06-15 16:52:15.551860,0.351000,-12.758000
2026-06-15 16:52:15.553400,0.491000,-12.634000
2026-06-15 16:52:15.582420,0.484000,-12.917000
2026-06-15 16:52:15.594271,0.236000,-12.984000
2026-06-15 16:52:15.598585,0.168000,-12.999000
2026-06-15 16:52:15.614156,-0.326000,-13.322000
2026-06-15 16:52:15.633722,-0.145000,-13.041000
2026-06-15 16:52:15.638791,0.314000,-12.770000
2026-06-15 16:52:15.638936,0.503000,-12.668000
2026-06-15 16:52:15.639040,0.503000,-12.948000
2026-06-15 16:52:15.661664,0.230000,-12.974000
2026-06-15 16:52:15.670112,0.163000,-12.984000
2026-06-15 16:52:15.675530,-0.330000,-13.353000
2026-06-15 16:52:15.680741,-0.108000,-13.039000
2026-06-15 16:52:15.680889,0.323000,-12.758000
2026-06-15 16:52:15.691822,0.540000,-12.687000
2026-06-15 16:52:15.707736,0.490000,-12.944000
2026-06-15 16:52:15.716214,0.225000,-12.981000
2026-06-15 16:52:15.716947,0.203000,-12.967000
2026-06-15 16:52:15.722098,-0.337000,-13.343000
2026-06-15 16:52:15.727352,-0.193000,-13.025000
2026-06-15 16:52:15.759921,0.237000,-12.679000
2026-06-15 16:52:15.764486,0.494000,-12.640000
2026-06-15 16:52:15.772608,0.479000,-12.902000
2026-06-15 16:52:15.773376,0.240000,-12.978000
2026-06-15 16:52:15.773601,0.244000,-12.994000
2026-06-15 16:52:15.773894,-0.320000,-13.363000
2026-06-15 16:52:15.797543,-0.136000,-13.050000
2026-06-15 16:52:15.798171,0.333000,-12.780000
2026-06-15 16:52:15.799883,0.536000,-12.672000
2026-06-15 16:52:15.801732,0.488000,-12.915000
2026-06-15 16:52:15.803025,0.236000,-12.975000
2026-06-15 16:52:15.805823,0.167000,-12.978000
2026-06-15 16:52:15.818518,-0.306000,-13.385000
2026-06-15 16:52:15.822780,-0.145000,-13.050000
2026-06-15 16:52:15.822960,0.323000,-12.812000
2026-06-15 16:52:15.823059,0.531000,-12.748000
2026-06-15 16:52:15.823152,0.497000,-12.842000
2026-06-15 16:52:15.823243,0.207000,-12.967000
2026-06-15 16:52:15.823336,0.208000,-12.985000
2026-06-15 16:52:15.823432,-0.314000,-13.323000
2026-06-15 16:52:15.823534,-0.160000,-13.037000
2026-06-15 16:52:15.823624,0.321000,-12.794000
2026-06-15 16:52:15.825047,0.512000,-12.711000
2026-06-15 16:52:15.828987,0.516000,-12.958000
2026-06-15 16:52:15.830204,0.217000,-12.957000
2026-06-15 16:52:15.830381,0.211000,-12.979000
2026-06-15 16:52:15.830525,-0.409000,-13.300000
2026-06-15 16:52:15.830663,-0.184000,-13.050000
2026-06-15 16:52:15.830791,0.271000,-12.774000
2026-06-15 16:52:15.830918,0.508000,-12.646000
2026-06-15 16:52:15.831070,0.451000,-12.947000
2026-06-15 16:52:15.831264,0.242000,-12.987000
2026-06-15 16:52:15.831405,0.228000,-12.984000
2026-06-15 16:52:15.831581,-0.286000,-13.316000
2026-06-15 16:52:15.831775,-0.169000,-13.046000
2026-06-15 16:52:15.854453,0.307000,-12.791000
2026-06-15 16:52:15.856213,0.538000,-12.715000
2026-06-15 16:52:15.870015,0.497000,-12.955000
2026-06-15 16:52:15.876363,0.226000,-12.998000
2026-06-15 16:52:15.880666,0.225000,-12.971000
2026-06-15 16:52:15.884939,-0.270000,-13.372000
2026-06-15 16:52:15.890322,-0.183000,-13.012000
2026-06-15 16:52:15.896163,0.262000,-12.779000
2026-06-15 16:52:15.941888,0.479000,-12.708000
2026-06-15 16:52:15.950955,0.460000,-12.904000
2026-06-15 16:52:15.969034,0.231000,-12.938000
2026-06-15 16:52:15.982884,0.190000,-12.929000
2026-06-15 16:52:16.000836,-0.317000,-13.328000
2026-06-15 16:52:16.003867,-0.143000,-13.070000
2026-06-15 16:52:16.012130,0.289000,-12.795000
2026-06-15 16:52:16.025062,0.543000,-12.754000
2026-06-15 16:52:16.030537,0.493000,-12.949000
2026-06-15 16:52:16.031611,0.235000,-12.955000
2026-06-15 16:52:16.033198,0.229000,-12.982000
2026-06-15 16:52:16.035239,-0.291000,-13.297000
2026-06-15 16:52:16.046097,-0.203000,-13.031000
2026-06-15 16:52:16.078799,0.285000,-12.768000
2026-06-15 16:52:16.091940,0.553000,-12.694000
2026-06-15 16:52:16.104564,0.522000,-12.946000
2026-06-15 16:52:16.139462,0.254000,-12.915000
2026-06-15 16:52:16.148055,0.221000,-12.973000
2026-06-15 16:52:16.175097,-0.271000,-13.344000
2026-06-15 16:52:16.198900,-0.174000,-13.026000
2026-06-15 16:52:16.200568,0.285000,-12.788000
2026-06-15 16:52:16.216282,0.503000,-12.694000
2026-06-15 16:52:16.216515,0.489000,-12.943000
2026-06-15 16:52:16.216641,0.231000,-12.984000
2026-06-15 16:52:16.216768,0.195000,-12.965000
2026-06-15 16:52:16.229371,-0.315000,-13.327000
2026-06-15 16:52:16.229688,-0.169000,-13.015000
2026-06-15 16:52:16.229923,0.288000,-12.745000
2026-06-15 16:52:16.230154,0.476000,-12.730000
2026-06-15 16:52:16.230358,0.539000,-12.929000
2026-06-15 16:52:16.230616,0.247000,-12.986000
2026-06-15 16:52:16.230874,0.240000,-13.000000
2026-06-15 16:52:16.231037,-0.309000,-13.374000
2026-06-15 16:52:16.231175,-0.166000,-13.047000
2026-06-15 16:52:16.231323,0.312000,-12.766000
2026-06-15 16:52:16.231454,0.539000,-12.692000
2026-06-15 16:52:16.231570,0.502000,-12.805000
2026-06-15 16:52:16.243705,0.226000,-12.972000
2026-06-15 16:52:16.248999,0.231000,-13.013000
2026-06-15 16:52:16.249211,-0.278000,-13.350000
2026-06-15 16:52:16.252273,-0.135000,-13.021000
2026-06-15 16:52:16.254252,0.257000,-12.741000
2026-06-15 16:52:16.266703,0.458000,-12.724000
2026-06-15 16:52:16.269949,0.478000,-12.907000
2026-06-15 16:52:16.272008,0.219000,-12.961000
2026-06-15 16:52:16.281087,0.200000,-12.961000
2026-06-15 16:52:16.299331,-0.242000,-13.336000
2026-06-15 16:52:16.299941,-0.176000,-13.039000
2026-06-15 16:52:16.300252,0.291000,-12.819000
2026-06-15 16:52:16.300494,0.547000,-12.692000
2026-06-15 16:52:16.300662,0.490000,-12.965000
2026-06-15 16:52:16.327245,0.256000,-12.944000
2026-06-15 16:52:16.338557,0.229000,-12.978000
2026-06-15 16:52:16.348512,-0.203000,-13.316000
2026-06-15 16:52:16.363300,-0.211000,-13.040000
2026-06-15 16:52:16.375051,0.303000,-12.785000
2026-06-15 16:52:16.375376,0.538000,-12.645000
2026-06-15 16:52:16.376229,0.510000,-12.929000
2026-06-15 16:52:16.376383,0.247000,-12.955000
2026-06-15 16:52:16.376503,0.214000,-12.987000
2026-06-15 16:52:16.380044,-0.224000,-13.302000
2026-06-15 16:52:16.384860,-0.166000,-13.013000
2026-06-15 16:52:16.391244,0.241000,-12.697000
2026-06-15 16:52:16.392373,0.516000,-12.714000
2026-06-15 16:52:16.406954,0.508000,-12.957000
2026-06-15 16:52:16.449925,0.229000,-12.936000
2026-06-15 16:52:16.460110,0.192000,-12.969000
2026-06-15 16:52:16.466057,-0.241000,-13.341000
2026-06-15 16:52:16.471956,-0.205000,-13.008000
2026-06-15 16:52:16.499044,0.279000,-12.777000
2026-06-15 16:52:16.515963,0.443000,-12.660000
2026-06-15 16:52:16.519576,0.480000,-12.956000
2026-06-15 16:52:16.557458,0.234000,-12.969000
2026-06-15 16:52:16.562510,0.255000,-12.968000
2026-06-15 16:52:16.566138,-0.238000,-13.347000
2026-06-15 16:52:16.586467,-0.190000,-13.022000
2026-06-15 16:52:16.593939,0.278000,-12.775000
2026-06-15 16:52:16.605101,0.521000,-12.667000
2026-06-15 16:52:16.605968,0.497000,-12.927000
2026-06-15 16:52:16.629800,0.228000,-12.976000
2026-06-15 16:52:16.639140,0.216000,-12.896000
2026-06-15 16:52:16.640846,-0.260000,-13.297000
2026-06-15 16:52:16.641680,-0.189000,-12.991000
2026-06-15 16:52:16.642078,0.277000,-12.788000
2026-06-15 16:52:16.655111,0.512000,-12.711000
2026-06-15 16:52:16.659737,0.450000,-12.913000
2026-06-15 16:52:16.666769,0.200000,-12.965000
2026-06-15 16:52:16.667032,0.196000,-12.971000
2026-06-15 16:52:16.667172,-0.275000,-13.321000
2026-06-15 16:52:16.667291,-0.173000,-13.015000
2026-06-15 16:52:16.667396,0.284000,-12.796000
2026-06-15 16:52:16.667500,0.525000,-12.641000
2026-06-15 16:52:16.667606,0.485000,-12.932000
2026-06-15 16:52:16.667711,0.209000,-12.945000
2026-06-15 16:52:16.667814,0.196000,-12.933000
2026-06-15 16:52:16.667968,-0.304000,-13.221000
2026-06-15 16:52:16.668075,-0.176000,-13.021000
2026-06-15 16:52:16.668172,0.289000,-12.760000
2026-06-15 16:52:16.684321,0.537000,-12.713000
2026-06-15 16:52:16.711990,0.529000,-12.911000
2026-06-15 16:52:16.721895,0.242000,-12.951000
2026-06-15 16:52:16.726398,0.218000,-12.942000
2026-06-15 16:52:16.756808,-0.292000,-13.303000
2026-06-15 16:52:16.759912,-0.176000,-13.015000
2026-06-15 16:52:16.764009,0.232000,-12.752000
2026-06-15 16:52:16.764329,0.517000,-12.657000
2026-06-15 16:52:16.765264,0.491000,-12.934000
2026-06-15 16:52:16.766071,0.216000,-12.940000
2026-06-15 16:52:16.766688,0.234000,-12.904000
2026-06-15 16:52:16.768637,-0.361000,-13.261000
2026-06-15 16:52:16.770520,-0.162000,-12.993000
2026-06-15 16:52:16.773964,0.304000,-12.785000
2026-06-15 16:52:16.794220,0.532000,-12.665000
2026-06-15 16:52:16.805158,0.449000,-12.924000
2026-06-15 16:52:16.809042,0.194000,-12.953000
2026-06-15 16:52:16.809657,0.193000,-12.954000
2026-06-15 16:52:16.812620,-0.308000,-13.341000
2026-06-15 16:52:16.833021,-0.179000,-12.998000
2026-06-15 16:52:16.833932,0.288000,-12.770000
2026-06-15 16:52:16.834411,0.552000,-12.676000
2026-06-15 16:52:16.834597,0.494000,-12.916000
2026-06-15 16:52:16.834910,0.231000,-12.929000
2026-06-15 16:52:16.835233,0.196000,-12.917000
2026-06-15 16:52:16.852451,-0.332000,-13.332000
2026-06-15 16:52:16.857562,-0.202000,-12.988000
2026-06-15 16:52:16.865613,0.230000,-12.677000
2026-06-15 16:52:16.867619,0.431000,-12.605000
2026-06-15 16:52:16.894312,0.481000,-12.893000
2026-06-15 16:52:16.901659,0.176000,-12.871000
2026-06-15 16:52:16.908717,0.186000,-12.962000
2026-06-15 16:52:16.913627,-0.249000,-13.342000
2026-06-15 16:52:16.953704,-0.203000,-13.000000
2026-06-15 16:52:16.969318,0.268000,-12.779000
2026-06-15 16:52:16.971909,0.526000,-12.705000
2026-06-15 16:52:16.973381,0.490000,-12.884000
2026-06-15 16:52:16.985246,0.215000,-12.941000
2026-06-15 16:52:16.995243,0.184000,-12.982000
2026-06-15 16:52:17.002013,-0.257000,-13.323000
2026-06-15 16:52:17.004179,-0.214000,-13.008000
2026-06-15 16:52:17.005434,0.250000,-12.769000
2026-06-15 16:52:17.005927,0.523000,-12.669000
2026-06-15 16:52:17.006968,0.489000,-12.942000
2026-06-15 16:52:17.039679,0.232000,-12.935000
2026-06-15 16:52:17.040922,0.138000,-12.954000
2026-06-15 16:52:17.052072,-0.257000,-13.323000
2026-06-15 16:52:17.052745,-0.199000,-13.002000
2026-06-15 16:52:17.055583,0.268000,-12.763000
2026-06-15 16:52:17.056474,0.512000,-12.683000
2026-06-15 16:52:17.056666,0.460000,-12.931000
2026-06-15 16:52:17.056811,0.155000,-12.878000
2026-06-15 16:52:17.056973,0.153000,-12.927000
2026-06-15 16:52:17.057199,-0.272000,-13.275000
2026-06-15 16:52:17.057547,-0.192000,-12.937000
2026-06-15 16:52:17.057914,0.279000,-12.728000
2026-06-15 16:52:17.058327,0.507000,-12.665000
2026-06-15 16:52:17.058680,0.489000,-12.936000
2026-06-15 16:52:17.058936,0.219000,-12.950000
2026-06-15 16:52:17.059240,0.226000,-12.950000
2026-06-15 16:52:17.059452,-0.234000,-13.339000
2026-06-15 16:52:17.059666,-0.214000,-13.001000
2026-06-15 16:52:17.083308,0.300000,-12.745000
2026-06-15 16:52:17.096296,0.496000,-12.664000
2026-06-15 16:52:17.101353,0.478000,-12.899000
2026-06-15 16:52:17.104026,0.206000,-12.917000
2026-06-15 16:52:17.104588,0.193000,-12.947000
2026-06-15 16:52:17.105011,-0.239000,-13.310000
2026-06-15 16:52:17.107812,-0.182000,-12.944000
2026-06-15 16:52:17.119039,0.238000,-12.772000
2026-06-15 16:52:17.126834,0.512000,-12.656000
2026-06-15 16:52:17.128129,0.431000,-12.884000
2026-06-15 16:52:17.133152,0.207000,-12.840000
2026-06-15 16:52:17.133450,0.178000,-12.904000
2026-06-15 16:52:17.133629,-0.259000,-13.310000
2026-06-15 16:52:17.133767,-0.193000,-13.007000
2026-06-15 16:52:17.133894,0.244000,-12.769000
2026-06-15 16:52:17.134011,0.499000,-12.677000
2026-06-15 16:52:17.145602,0.475000,-12.916000
2026-06-15 16:52:17.163542,0.149000,-12.894000
2026-06-15 16:52:17.175517,0.149000,-12.839000
2026-06-15 16:52:17.202233,-0.224000,-13.333000
2026-06-15 16:52:17.221735,-0.196000,-13.009000
2026-06-15 16:52:17.222000,0.272000,-12.793000
2026-06-15 16:52:17.223042,0.526000,-12.660000
2026-06-15 16:52:17.223330,0.500000,-12.885000
2026-06-15 16:52:17.235044,0.241000,-12.921000
2026-06-15 16:52:17.237444,0.203000,-12.928000
2026-06-15 16:52:17.244488,-0.103000,-13.316000
2026-06-15 16:52:17.246946,-0.298000,-13.012000
2026-06-15 16:52:17.254657,0.206000,-12.818000
2026-06-15 16:52:17.275886,0.525000,-12.682000
2026-06-15 16:52:17.301598,0.477000,-12.871000
2026-06-15 16:52:17.301929,0.241000,-12.880000
2026-06-15 16:52:17.316198,0.217000,-12.870000
2026-06-15 16:52:17.338516,-0.017000,-13.310000
2026-06-15 16:52:17.346329,-0.336000,-12.996000
2026-06-15 16:52:17.346725,0.208000,-12.794000
2026-06-15 16:52:17.347063,0.551000,-12.691000
2026-06-15 16:52:17.347667,0.996000,-19.613000
2026-06-15 16:52:17.353375,0.945000,-19.818000
2026-06-15 16:52:17.353909,0.733000,-19.841000
2026-06-15 16:52:17.355632,0.666000,-19.867000
2026-06-15 16:52:17.358602,0.421000,-20.246000
2026-06-15 16:52:17.389692,0.184000,-19.967000
2026-06-15 16:52:17.391513,0.656000,-19.637000
2026-06-15 16:52:17.398545,1.012000,-19.620000
2026-06-15 16:52:17.411293,0.977000,-19.797000
2026-06-15 16:52:17.422054,0.727000,-19.835000
2026-06-15 16:52:17.425801,0.654000,-19.853000
2026-06-15 16:52:17.427496,0.395000,-20.301000
2026-06-15 16:52:17.427711,0.193000,-19.960000
2026-06-15 16:52:17.428493,0.676000,-19.686000
2026-06-15 16:52:17.432619,0.928000,-19.511000
2026-06-15 16:52:17.433433,0.939000,-19.784000
2026-06-15 16:52:17.434337,0.660000,-19.790000
2026-06-15 16:52:17.449405,0.681000,-19.865000
2026-06-15 16:52:17.456474,0.407000,-20.287000
2026-06-15 16:52:17.458298,0.165000,-19.938000
2026-06-15 16:52:17.460977,0.710000,-19.651000
2026-06-15 16:52:17.477606,0.943000,-19.541000
2026-06-15 16:52:17.483682,0.955000,-19.755000
2026-06-15 16:52:17.500788,0.699000,-19.835000
2026-06-15 16:52:17.501752,0.669000,-19.880000
2026-06-15 16:52:17.519947,0.428000,-20.298000
2026-06-15 16:52:17.522622,0.191000,-19.957000
2026-06-15 16:52:17.522922,0.709000,-19.686000
2026-06-15 16:52:17.524583,0.981000,-19.610000
2026-06-15 16:52:17.524746,0.948000,-19.819000
2026-06-15 16:52:17.524938,0.705000,-19.835000
2026-06-15 16:52:17.525152,0.651000,-19.883000
2026-06-15 16:52:17.539583,0.432000,-20.270000
2026-06-15 16:52:17.562946,0.167000,-19.958000
2026-06-15 16:52:17.563156,0.709000,-19.654000
2026-06-15 16:52:17.563265,0.988000,-19.538000
2026-06-15 16:52:17.563372,0.928000,-19.760000
2026-06-15 16:52:17.563466,0.610000,-19.817000
2026-06-15 16:52:17.563558,0.666000,-19.844000
2026-06-15 16:52:17.564033,0.473000,-20.278000
2026-06-15 16:52:17.564567,0.134000,-19.979000
2026-06-15 16:52:17.565238,0.650000,-19.721000
2026-06-15 16:52:17.565895,1.013000,-19.607000
2026-06-15 16:52:17.567231,0.959000,-19.805000
2026-06-15 16:52:17.568238,0.695000,-19.803000
2026-06-15 16:52:17.568387,0.637000,-19.814000
2026-06-15 16:52:17.568527,0.386000,-20.256000
2026-06-15 16:52:17.568670,0.124000,-19.966000
2026-06-15 16:52:17.568806,0.665000,-19.606000
2026-06-15 16:52:17.568956,0.973000,-19.600000
2026-06-15 16:52:17.581762,0.979000,-19.806000
2026-06-15 16:52:17.591455,0.683000,-19.816000
2026-06-15 16:52:17.609404,0.655000,-19.803000
2026-06-15 16:52:17.625061,0.439000,-20.270000
2026-06-15 16:52:17.625724,0.136000,-19.957000
2026-06-15 16:52:17.626326,0.652000,-19.657000
2026-06-15 16:52:17.626941,0.991000,-19.614000
2026-06-15 16:52:17.627489,0.875000,-19.703000
2026-06-15 16:52:17.634425,0.696000,-19.797000
2026-06-15 16:52:17.640420,0.628000,-19.786000
2026-06-15 16:52:17.641275,0.489000,-20.190000
2026-06-15 16:52:17.647331,0.089000,-19.953000
2026-06-15 16:52:17.660259,0.637000,-19.644000
2026-06-15 16:52:17.673751,0.961000,-19.643000
2026-06-15 16:52:17.684096,0.977000,-19.777000
2026-06-15 16:52:17.692838,0.714000,-19.795000
2026-06-15 16:52:17.695265,0.654000,-19.879000
2026-06-15 16:52:17.696056,0.513000,-20.257000
2026-06-15 16:52:17.696541,0.079000,-19.955000
2026-06-15 16:52:17.714427,0.633000,-19.700000
2026-06-15 16:52:17.719791,0.951000,-19.651000
2026-06-15 16:52:17.740746,0.966000,-19.767000
2026-06-15 16:52:17.747005,0.694000,-19.791000
2026-06-15 16:52:17.748064,0.595000,-19.759000
2026-06-15 16:52:17.748342,0.532000,-20.245000
2026-06-15 16:52:17.763931,0.082000,-19.969000
2026-06-15 16:52:17.771701,0.645000,-19.683000
2026-06-15 16:52:17.790455,0.979000,-19.675000
2026-06-15 16:52:17.791789,0.991000,-19.774000
2026-06-15 16:52:17.792406,0.695000,-19.840000
2026-06-15 16:52:17.793142,0.630000,-19.796000
2026-06-15 16:52:17.794093,0.513000,-20.243000
2026-06-15 16:52:17.796566,0.099000,-19.977000
2026-06-15 16:52:17.798854,0.624000,-19.682000
2026-06-15 16:52:17.829580,1.004000,-19.571000
2026-06-15 16:52:17.831911,0.998000,-19.766000
2026-06-15 16:52:17.837310,0.713000,-19.766000
2026-06-15 16:52:17.849217,0.646000,-19.818000
2026-06-15 16:52:17.857655,0.554000,-20.243000
2026-06-15 16:52:17.867694,0.104000,-19.946000
2026-06-15 16:52:17.894266,0.643000,-19.707000
2026-06-15 16:52:17.905242,0.974000,-19.663000
2026-06-15 16:52:17.909150,0.948000,-19.748000
2026-06-15 16:52:17.918984,0.688000,-19.756000
2026-06-15 16:52:17.919798,0.629000,-19.811000
2026-06-15 16:52:17.920165,0.526000,-20.225000
2026-06-15 16:52:17.925007,0.140000,-19.960000
2026-06-15 16:52:17.926932,0.627000,-19.682000
2026-06-15 16:52:17.933107,0.933000,-19.629000
2026-06-15 16:52:17.934400,0.981000,-19.743000
2026-06-15 16:52:17.934553,0.679000,-19.784000
2026-06-15 16:52:17.935938,0.659000,-19.802000
2026-06-15 16:52:17.936156,0.512000,-20.161000
2026-06-15 16:52:17.936291,0.108000,-19.981000
2026-06-15 16:52:17.936434,0.632000,-19.713000
2026-06-15 16:52:17.936566,0.968000,-19.614000
2026-06-15 16:52:17.936701,0.921000,-19.649000
2026-06-15 16:52:17.939566,0.708000,-19.784000
2026-06-15 16:52:17.940014,0.642000,-19.823000
2026-06-15 16:52:17.940368,0.538000,-20.238000
2026-06-15 16:52:17.940512,0.133000,-19.970000
2026-06-15 16:52:17.940634,0.638000,-19.611000
2026-06-15 16:52:17.940754,0.958000,-19.644000
2026-06-15 16:52:17.942148,0.984000,-19.745000
2026-06-15 16:52:17.942632,0.713000,-19.748000
2026-06-15 16:52:17.955588,0.660000,-19.813000
2026-06-15 16:52:17.966964,0.537000,-20.222000
2026-06-15 16:52:17.968337,0.119000,-19.937000
2026-06-15 16:52:17.968746,0.638000,-19.685000
2026-06-15 16:52:17.969299,1.006000,-19.652000
2026-06-15 16:52:17.969729,0.974000,-19.744000
2026-06-15 16:52:17.970015,0.720000,-19.781000
2026-06-15 16:52:17.971993,0.608000,-19.738000
2026-06-15 16:52:17.972162,0.508000,-20.247000
2026-06-15 16:52:17.972382,0.074000,-19.936000
2026-06-15 16:52:17.976786,0.638000,-19.582000
2026-06-15 16:52:17.979251,0.980000,-19.634000
2026-06-15 16:52:17.979610,0.937000,-19.734000
2026-06-15 16:52:17.982320,0.719000,-19.786000
2026-06-15 16:52:17.983686,0.660000,-19.802000
2026-06-15 16:52:17.983965,0.537000,-20.228000
2026-06-15 16:52:17.991802,0.114000,-19.941000
2026-06-15 16:52:18.013505,0.638000,-19.690000
2026-06-15 16:52:18.022037,0.988000,-19.537000
2026-06-15 16:52:18.033471,0.972000,-19.712000
2026-06-15 16:52:18.051153,0.700000,-19.762000
2026-06-15 16:52:18.056875,0.673000,-19.773000
2026-06-15 16:52:18.070134,0.547000,-20.246000
2026-06-15 16:52:18.080864,0.108000,-19.956000
2026-06-15 16:52:18.083674,0.651000,-19.653000
2026-06-15 16:52:18.097966,0.997000,-19.613000
2026-06-15 16:52:18.101874,0.994000,-19.719000
2026-06-15 16:52:18.117642,0.710000,-19.775000
2026-06-15 16:52:18.118097,0.624000,-19.652000
2026-06-15 16:52:18.118314,0.508000,-20.205000
2026-06-15 16:52:18.118464,0.099000,-19.925000
2026-06-15 16:52:18.118646,0.631000,-19.633000
2026-06-15 16:52:18.118791,0.981000,-19.619000
2026-06-15 16:52:18.118930,0.981000,-19.615000
2026-06-15 16:52:18.123173,0.720000,-19.750000
2026-06-15 16:52:18.123498,0.682000,-19.804000
2026-06-15 16:52:18.123692,0.573000,-20.220000
2026-06-15 16:52:18.133990,0.094000,-19.890000
2026-06-15 16:52:18.145161,0.635000,-19.665000
2026-06-15 16:52:18.164842,1.004000,-19.589000
2026-06-15 16:52:18.190006,0.976000,-19.709000
2026-06-15 16:52:18.198295,0.725000,-19.732000
2026-06-15 16:52:18.207209,0.631000,-19.791000
2026-06-15 16:52:18.215376,0.586000,-20.222000
2026-06-15 16:52:18.216784,0.108000,-19.976000
2026-06-15 16:52:18.217368,0.667000,-19.664000
2026-06-15 16:52:18.219954,1.002000,-19.620000
2026-06-15 16:52:18.229634,0.890000,-19.630000
2026-06-15 16:52:18.235908,0.696000,-19.712000
2026-06-15 16:52:18.236470,0.651000,-19.782000
2026-06-15 16:52:18.240826,0.534000,-20.164000
2026-06-15 16:52:18.249208,0.048000,-19.892000
2026-06-15 16:52:18.250759,0.621000,-19.619000
2026-06-15 16:52:18.260942,0.983000,-19.578000
2026-06-15 16:52:18.263201,0.970000,-19.699000
2026-06-15 16:52:18.268240,0.708000,-19.752000
2026-06-15 16:52:18.269114,0.664000,-19.787000
2026-06-15 16:52:18.269996,0.537000,-20.216000
2026-06-15 16:52:18.271765,0.110000,-19.914000
2026-06-15 16:52:18.277029,0.643000,-19.626000
2026-06-15 16:52:18.277390,1.004000,-19.445000
2026-06-15 16:52:18.299147,0.987000,-19.638000
2026-06-15 16:52:18.300785,0.725000,-19.765000
2026-06-15 16:52:18.301044,0.640000,-19.784000
2026-06-15 16:52:18.301178,0.567000,-20.222000
2026-06-15 16:52:18.301291,0.101000,-19.930000
2026-06-15 16:52:18.301393,0.622000,-19.648000
2026-06-15 16:52:18.301496,0.981000,-19.526000
2026-06-15 16:52:18.308038,0.917000,-19.601000
2026-06-15 16:52:18.315381,0.666000,-19.657000
2026-06-15 16:52:18.322650,0.592000,-19.760000
2026-06-15 16:52:18.360518,0.609000,-20.204000
2026-06-15 16:52:18.373230,0.080000,-19.909000
2026-06-15 16:52:18.373613,0.625000,-19.598000
2026-06-15 16:52:18.373912,0.967000,-19.579000
2026-06-15 16:52:18.377622,0.997000,-19.624000
2026-06-15 16:52:18.378185,0.695000,-19.728000
2026-06-15 16:52:18.378733,0.689000,-19.757000
2026-06-15 16:52:18.379141,0.582000,-20.209000
2026-06-15 16:52:18.391668,0.094000,-19.911000
2026-06-15 16:52:18.391970,0.640000,-19.488000
2026-06-15 16:52:18.392151,1.029000,-19.578000
2026-06-15 16:52:18.392298,1.000000,-19.666000
2026-06-15 16:52:18.417606,0.690000,-19.756000
2026-06-15 16:52:18.427492,0.652000,-19.774000
2026-06-15 16:52:18.432113,0.533000,-20.177000
2026-06-15 16:52:18.435601,0.078000,-19.906000
2026-06-15 16:52:18.442601,0.628000,-19.629000
2026-06-15 16:52:18.448915,1.002000,-19.571000
2026-06-15 16:52:18.451321,1.014000,-19.652000
2026-06-15 16:52:18.469106,0.722000,-19.737000
2026-06-15 16:52:18.493748,0.676000,-19.748000
2026-06-15 16:52:18.495033,0.571000,-20.209000
2026-06-15 16:52:18.495437,0.090000,-19.895000
2026-06-15 16:52:18.495700,0.635000,-19.636000
2026-06-15 16:52:18.496206,0.974000,-19.601000
2026-06-15 16:52:18.496607,0.992000,-19.642000
2026-06-15 16:52:18.500100,0.734000,-19.762000
2026-06-15 16:52:18.517381,0.650000,-19.782000
2026-06-15 16:52:18.536979,0.574000,-20.209000
2026-06-15 16:52:18.537217,0.094000,-19.888000
2026-06-15 16:52:18.537363,0.635000,-19.633000
2026-06-15 16:52:18.537519,1.004000,-19.581000
2026-06-15 16:52:18.541429,0.981000,-19.656000
2026-06-15 16:52:18.544248,0.747000,-19.734000
2026-06-15 16:52:18.552718,0.669000,-19.753000
2026-06-15 16:52:18.573512,0.604000,-19.989000
2026-06-15 16:52:18.591714,0.086000,-19.922000
2026-06-15 16:52:18.598118,0.645000,-19.606000
2026-06-15 16:52:18.600757,0.983000,-19.528000
2026-06-15 16:52:18.634608,0.976000,-19.640000
2026-06-15 16:52:18.637952,0.738000,-19.764000
2026-06-15 16:52:18.638424,0.673000,-19.799000
2026-06-15 16:52:18.638711,0.608000,-20.201000
2026-06-15 16:52:18.639003,0.117000,-19.888000
2026-06-15 16:52:18.647187,0.606000,-19.601000
2026-06-15 16:52:18.647822,0.964000,-19.501000
2026-06-15 16:52:18.649155,0.984000,-19.626000
2026-06-15 16:52:18.649435,0.725000,-19.734000
2026-06-15 16:52:18.663542,0.659000,-19.755000
2026-06-15 16:52:18.682769,0.655000,-20.197000
2026-06-15 16:52:18.703730,0.087000,-19.887000
2026-06-15 16:52:18.707872,0.617000,-19.614000
2026-06-15 16:52:18.713619,1.027000,-19.521000
2026-06-15 16:52:18.714546,0.972000,-19.635000
2026-06-15 16:52:18.725631,0.743000,-19.749000
2026-06-15 16:52:18.726730,0.657000,-19.769000
2026-06-15 16:52:18.726937,0.641000,-20.200000
2026-06-15 16:52:18.727072,0.085000,-19.873000
2026-06-15 16:52:18.742026,0.622000,-19.613000
2026-06-15 16:52:18.744723,0.968000,-19.546000
2026-06-15 16:52:18.746805,0.990000,-19.641000
2026-06-15 16:52:18.747549,0.721000,-19.748000
2026-06-15 16:52:18.758153,0.629000,-19.752000
2026-06-15 16:52:18.772367,0.605000,-20.198000
2026-06-15 16:52:18.773654,0.070000,-19.913000
2026-06-15 16:52:18.785957,0.629000,-19.599000
2026-06-15 16:52:18.790108,1.012000,-19.529000
2026-06-15 16:52:18.814522,0.972000,-19.647000
2026-06-15 16:52:18.821553,0.707000,-19.772000
2026-06-15 16:52:18.821863,0.621000,-19.720000
2026-06-15 16:52:18.822024,0.610000,-20.094000
2026-06-15 16:52:18.822167,0.052000,-19.913000
2026-06-15 16:52:18.822307,0.631000,-19.632000
2026-06-15 16:52:18.822446,1.002000,-19.550000
2026-06-15 16:52:18.822582,0.993000,-19.561000
2026-06-15 16:52:18.822711,0.677000,-19.708000
2026-06-15 16:52:18.822830,0.651000,-19.751000
2026-06-15 16:52:18.822956,0.649000,-20.174000
2026-06-15 16:52:18.853802,0.094000,-19.873000
2026-06-15 16:52:18.857911,0.644000,-19.612000
2026-06-15 16:52:18.859327,0.979000,-19.596000
2026-06-15 16:52:18.866002,1.013000,-19.641000
2026-06-15 16:52:18.878091,0.739000,-19.742000
2026-06-15 16:52:18.882386,0.650000,-19.748000
2026-06-15 16:52:18.883433,0.597000,-20.150000
2026-06-15 16:52:18.902347,0.061000,-19.857000
2026-06-15 16:52:18.910903,0.582000,-19.578000
2026-06-15 16:52:18.911098,0.954000,-19.502000
2026-06-15 16:52:18.911204,0.955000,-19.532000
2026-06-15 16:52:18.911303,0.666000,-19.623000
2026-06-15 16:52:18.911399,0.602000,-19.647000
2026-06-15 16:52:18.911497,0.551000,-20.048000
2026-06-15 16:52:18.911594,0.045000,-19.779000
2026-06-15 16:52:18.911690,0.548000,-19.504000
2026-06-15 16:52:18.925515,0.871000,-19.297000
2026-06-15 16:52:18.925765,0.902000,-19.412000
2026-06-15 16:52:18.925885,0.654000,-19.539000
2026-06-15 16:52:18.925990,0.594000,-19.516000
2026-06-15 16:52:18.926104,0.561000,-19.940000
2026-06-15 16:52:18.926215,-0.035000,-19.642000
2026-06-15 16:52:18.926322,0.515000,-19.364000
2026-06-15 16:52:18.926439,0.874000,-19.288000
2026-06-15 16:52:18.926546,0.874000,-19.324000
2026-06-15 16:52:18.926647,0.603000,-19.453000
2026-06-15 16:52:18.926746,0.543000,-19.368000
2026-06-15 16:52:18.926845,0.495000,-19.826000
2026-06-15 16:52:18.926950,-0.024000,-19.518000
2026-06-15 16:52:18.927047,0.525000,-19.210000
2026-06-15 16:52:18.927144,0.889000,-19.112000
2026-06-15 16:52:18.927246,0.886000,-19.088000
2026-06-15 16:52:18.931960,0.597000,-19.146000
2026-06-15 16:52:18.933803,0.516000,-19.180000
2026-06-15 16:52:18.954344,0.473000,-19.589000
2026-06-15 16:52:18.954586,-0.041000,-19.267000
2026-06-15 16:52:18.954714,0.515000,-18.976000
2026-06-15 16:52:18.954949,0.924000,-18.894000
2026-06-15 16:52:18.956476,0.912000,-18.912000
2026-06-15 16:52:18.970306,0.634000,-19.018000
2026-06-15 16:52:18.990552,0.561000,-18.923000
2026-06-15 16:52:18.993877,0.567000,-19.341000
2026-06-15 16:52:18.994160,0.039000,-18.996000
2026-06-15 16:52:18.994279,0.587000,-18.693000
2026-06-15 16:52:18.994385,0.947000,-18.565000
2026-06-15 16:52:19.006047,0.939000,-18.609000
2026-06-15 16:52:19.009435,0.703000,-18.637000
2026-06-15 16:52:19.010171,0.646000,-18.637000
2026-06-15 16:52:19.010321,0.595000,-19.024000
2026-06-15 16:52:19.022178,0.091000,-18.709000
2026-06-15 16:52:19.029416,0.611000,-18.398000
2026-06-15 16:52:19.030323,1.040000,-18.277000
2026-06-15 16:52:19.030502,1.000000,-18.310000
2026-06-15 16:52:19.030614,0.822000,-18.355000
2026-06-15 16:52:19.030715,0.712000,-18.295000
2026-06-15 16:52:19.030813,0.701000,-18.671000
2026-06-15 16:52:19.030909,0.177000,-18.331000
2026-06-15 16:52:19.031003,0.737000,-17.936000
2026-06-15 16:52:19.031107,1.081000,-17.811000
2026-06-15 16:52:19.031202,1.070000,-17.775000
2026-06-15 16:52:19.031312,0.825000,-17.851000
2026-06-15 16:52:19.052303,0.748000,-17.776000
2026-06-15 16:52:19.057987,0.750000,-18.183000
2026-06-15 16:52:19.058730,0.235000,-17.817000
2026-06-15 16:52:19.058901,0.798000,-17.465000
2026-06-15 16:52:19.059017,1.135000,-17.275000
2026-06-15 16:52:19.059123,1.151000,-17.265000
2026-06-15 16:52:19.084361,0.947000,-17.233000
2026-06-15 16:52:19.084617,0.845000,-17.166000
2026-06-15 16:52:19.084738,0.872000,-17.553000
2026-06-15 16:52:19.084860,0.356000,-17.175000
2026-06-15 16:52:19.086370,0.894000,-16.750000
2026-06-15 16:52:19.086778,1.293000,-16.544000
2026-06-15 16:52:19.104029,1.262000,-16.487000
2026-06-15 16:52:19.108498,1.002000,-16.446000
2026-06-15 16:52:19.116845,0.894000,-16.337000
2026-06-15 16:52:19.126063,0.913000,-16.722000
2026-06-15 16:52:19.126278,0.389000,-16.358000
2026-06-15 16:52:19.126419,0.936000,-15.926000
2026-06-15 16:52:19.129935,1.349000,-15.728000
2026-06-15 16:52:19.136986,1.344000,-15.595000
2026-06-15 16:52:19.137282,1.063000,-15.603000
2026-06-15 16:52:19.140679,0.973000,-15.539000
2026-06-15 16:52:19.157372,0.959000,-15.835000
2026-06-15 16:52:19.200721,0.405000,-15.481000
2026-06-15 16:52:19.210730,0.925000,-15.080000
2026-06-15 16:52:19.210944,1.275000,-14.915000
2026-06-15 16:52:19.229739,1.265000,-14.790000
2026-06-15 16:52:19.235539,1.005000,-14.830000
2026-06-15 16:52:19.248311,0.928000,-14.705000
2026-06-15 16:52:19.248830,0.872000,-15.020000
2026-06-15 16:52:19.257466,0.307000,-14.646000
2026-06-15 16:52:19.281928,0.864000,-14.270000
2026-06-15 16:52:19.306144,1.245000,-14.098000
2026-06-15 16:52:19.311665,1.245000,-13.982000
2026-06-15 16:52:19.318543,0.964000,-14.005000
2026-06-15 16:52:19.339557,0.869000,-13.871000
2026-06-15 16:52:19.362684,0.788000,-14.211000
2026-06-15 16:52:19.363666,0.233000,-13.791000
2026-06-15 16:52:19.363895,0.754000,-13.420000
2026-06-15 16:52:19.364068,1.111000,-13.226000
2026-06-15 16:52:19.364206,1.099000,-13.104000
2026-06-15 16:52:19.373246,0.762000,-13.176000
2026-06-15 16:52:19.373974,0.625000,-13.045000
2026-06-15 16:52:19.374404,0.538000,-13.339000
2026-06-15 16:52:19.374753,-0.012000,-12.956000
2026-06-15 16:52:19.376912,0.474000,-12.554000
2026-06-15 16:52:19.380982,0.768000,-12.336000
2026-06-15 16:52:19.383995,0.712000,-12.258000
2026-06-15 16:52:19.388544,0.355000,-12.202000
2026-06-15 16:52:19.389520,0.203000,-12.056000
2026-06-15 16:52:19.408219,0.177000,-12.410000
2026-06-15 16:52:19.419398,-0.394000,-12.021000
2026-06-15 16:52:19.423563,0.077000,-11.675000
2026-06-15 16:52:19.425667,0.448000,-11.456000
2026-06-15 16:52:19.452040,0.416000,-11.299000
2026-06-15 16:52:19.461241,0.110000,-11.305000
2026-06-15 16:52:19.462647,-0.004000,-11.146000
2026-06-15 16:52:19.466090,-0.052000,-11.490000
2026-06-15 16:52:19.475433,-0.615000,-11.087000
2026-06-15 16:52:19.479861,-0.118000,-10.689000
2026-06-15 16:52:19.504577,0.256000,-10.471000
2026-06-15 16:52:19.511609,0.302000,-10.414000
2026-06-15 16:52:19.512081,0.026000,-10.472000
2026-06-15 16:52:19.512479,-0.043000,-10.374000
2026-06-15 16:52:19.512708,-0.020000,-10.701000
2026-06-15 16:52:19.525088,-0.533000,-10.340000
2026-06-15 16:52:19.535603,-0.036000,-9.941000
2026-06-15 16:52:19.546425,0.373000,-9.771000
2026-06-15 16:52:19.547396,0.419000,-9.710000
2026-06-15 16:52:19.547729,0.126000,-9.695000
2026-06-15 16:52:19.547967,0.115000,-9.575000
2026-06-15 16:52:19.557146,0.116000,-9.914000
2026-06-15 16:52:19.565851,-0.392000,-9.555000
2026-06-15 16:52:19.569651,0.103000,-9.153000
2026-06-15 16:52:19.587569,0.477000,-8.906000
2026-06-15 16:52:19.611941,0.581000,-8.759000
2026-06-15 16:52:19.612772,0.272000,-8.782000
2026-06-15 16:52:19.616662,0.178000,-8.623000
2026-06-15 16:52:19.617185,0.105000,-8.876000
2026-06-15 16:52:19.636653,-0.407000,-8.522000
2026-06-15 16:52:19.637184,0.031000,-8.083000
2026-06-15 16:52:19.637390,0.357000,-7.776000
2026-06-15 16:52:19.640985,0.429000,-7.665000
2026-06-15 16:52:19.641372,0.067000,-7.611000
2026-06-15 16:52:19.642524,-0.086000,-7.460000
2026-06-15 16:52:19.648723,-0.120000,-7.639000
2026-06-15 16:52:19.655157,-0.689000,-7.405000
2026-06-15 16:52:19.673481,-0.300000,-6.935000
2026-06-15 16:52:19.673726,-0.037000,-6.638000
2026-06-15 16:52:19.673853,0.035000,-6.539000
2026-06-15 16:52:19.673970,-0.144000,-6.553000
2026-06-15 16:52:19.674089,-0.283000,-6.439000
2026-06-15 16:52:19.676852,-0.301000,-6.600000
2026-06-15 16:52:19.677338,-0.803000,-6.543000
2026-06-15 16:52:19.685381,-0.255000,-6.243000
2026-06-15 16:52:19.690341,0.169000,-6.031000
2026-06-15 16:52:19.694292,0.394000,-6.044000
2026-06-15 16:52:19.694775,0.351000,-6.168000
2026-06-15 16:52:19.695037,0.277000,-6.159000
2026-06-15 16:52:19.695504,0.322000,-6.281000
2026-06-15 16:52:19.697864,-0.150000,-6.408000
2026-06-15 16:52:19.703915,0.372000,-5.969000
2026-06-15 16:52:19.704573,0.800000,-5.722000
2026-06-15 16:52:19.712861,0.950000,-5.650000
2026-06-15 16:52:19.722704,0.909000,-5.761000
2026-06-15 16:52:19.723785,0.731000,-5.707000
2026-06-15 16:52:19.727249,0.785000,-5.730000
2026-06-15 16:52:19.727672,0.280000,-5.873000
2026-06-15 16:52:19.736451,0.806000,-5.515000
2026-06-15 16:52:19.737028,1.199000,-5.304000
2026-06-15 16:52:19.737264,1.323000,-5.311000
2026-06-15 16:52:19.737731,1.213000,-5.480000
2026-06-15 16:52:19.739994,0.970000,-5.546000
2026-06-15 16:52:19.740317,1.015000,-5.639000
2026-06-15 16:52:19.740673,0.433000,-6.003000
2026-06-15 16:52:19.740787,0.795000,-5.601000
2026-06-15 16:52:19.740883,1.145000,-5.382000
2026-06-15 16:52:19.741848,1.193000,-5.438000
2026-06-15 16:52:19.742095,1.177000,-5.596000
2026-06-15 16:52:19.742249,0.931000,-5.648000
2026-06-15 16:52:19.743892,0.957000,-5.664000
2026-06-15 16:52:19.744206,0.359000,-6.072000
2026-06-15 16:52:19.751709,0.791000,-5.671000
2026-06-15 16:52:19.766505,1.098000,-5.425000
2026-06-15 16:52:19.766806,1.231000,-5.462000
2026-06-15 16:52:19.766987,1.198000,-5.616000
2026-06-15 16:52:19.768567,0.988000,-5.691000
2026-06-15 16:52:19.780664,0.956000,-5.718000
2026-06-15 16:52:19.782758,0.344000,-6.132000
2026-06-15 16:52:19.786026,0.734000,-5.747000
2026-06-15 16:52:19.788899,1.080000,-5.478000
2026-06-15 16:52:19.789301,1.209000,-5.524000
2026-06-15 16:52:19.794501,1.148000,-5.691000
2026-06-15 16:52:19.796230,0.938000,-5.733000
2026-06-15 16:52:19.811242,0.911000,-5.741000
2026-06-15 16:52:19.813873,0.295000,-6.152000
2026-06-15 16:52:19.820705,0.693000,-5.779000
2026-06-15 16:52:19.821140,1.095000,-5.518000
2026-06-15 16:52:19.834197,1.257000,-5.489000
2026-06-15 16:52:19.840944,1.205000,-5.709000
2026-06-15 16:52:19.852020,0.892000,-5.779000
2026-06-15 16:52:19.866658,0.923000,-5.773000
2026-06-15 16:52:19.870645,0.283000,-6.172000
2026-06-15 16:52:19.870785,0.618000,-5.828000
2026-06-15 16:52:19.872608,1.064000,-5.557000
2026-06-15 16:52:19.872845,1.177000,-5.494000
2026-06-15 16:52:19.874051,1.187000,-5.743000
2026-06-15 16:52:19.885126,0.913000,-5.796000
2026-06-15 16:52:19.889289,0.916000,-5.822000
2026-06-15 16:52:19.890863,0.343000,-6.177000
2026-06-15 16:52:19.903130,0.617000,-5.842000
2026-06-15 16:52:19.919787,1.050000,-5.587000
2026-06-15 16:52:19.931068,1.250000,-5.523000
2026-06-15 16:52:19.940494,1.178000,-5.766000
2026-06-15 16:52:19.941044,0.940000,-5.821000
2026-06-15 16:52:19.946889,0.909000,-5.852000
2026-06-15 16:52:19.948464,0.335000,-6.241000
2026-06-15 16:52:19.956205,0.570000,-5.881000
2026-06-15 16:52:19.956519,1.001000,-5.652000
2026-06-15 16:52:19.956693,1.203000,-5.554000
2026-06-15 16:52:19.956855,1.158000,-5.837000
2026-06-15 16:52:19.957004,0.914000,-5.837000
2026-06-15 16:52:19.962314,0.909000,-5.862000
2026-06-15 16:52:19.998662,0.369000,-6.268000
2026-06-15 16:52:20.012213,0.513000,-5.922000
2026-06-15 16:52:20.012920,1.010000,-5.651000
2026-06-15 16:52:20.013525,1.186000,-5.654000
2026-06-15 16:52:20.014610,1.195000,-5.815000
2026-06-15 16:52:20.028743,0.920000,-5.883000
2026-06-15 16:52:20.030787,0.905000,-5.879000
2026-06-15 16:52:20.038065,0.460000,-6.235000
2026-06-15 16:52:20.049083,0.429000,-5.910000
2026-06-15 16:52:20.058051,0.949000,-5.711000
2026-06-15 16:52:20.058537,1.214000,-5.688000
2026-06-15 16:52:20.064221,1.199000,-5.777000
2026-06-15 16:52:20.065076,0.937000,-5.892000
2026-06-15 16:52:20.088879,0.915000,-5.891000
2026-06-15 16:52:20.090215,0.615000,-6.306000
2026-06-15 16:52:20.098374,0.428000,-6.002000
2026-06-15 16:52:20.100572,0.901000,-5.757000
2026-06-15 16:52:20.100913,1.209000,-5.761000
2026-06-15 16:52:20.101320,1.197000,-5.783000
2026-06-15 16:52:20.108042,0.951000,-5.913000
2026-06-15 16:52:20.116160,0.872000,-5.897000
2026-06-15 16:52:20.118791,0.807000,-6.324000
2026-06-15 16:52:20.119221,0.336000,-6.051000
2026-06-15 16:52:20.120495,0.860000,-5.796000
2026-06-15 16:52:20.125583,1.183000,-5.743000
2026-06-15 16:52:20.137492,1.186000,-5.677000
2026-06-15 16:52:20.142094,0.968000,-5.913000
2026-06-15 16:52:20.148923,0.895000,-5.926000
2026-06-15 16:52:20.160277,0.863000,-6.322000
2026-06-15 16:52:20.163531,0.317000,-6.092000
2026-06-15 16:52:20.164487,0.791000,-5.839000
2026-06-15 16:52:20.167051,2.232000,-8.056000
2026-06-15 16:52:20.172506,2.220000,-8.340000
2026-06-15 16:52:20.175874,1.775000,-8.492000
2026-06-15 16:52:20.177002,2.356000,-8.148000
2026-06-15 16:52:20.181461,2.728000,-8.104000
2026-06-15 16:52:20.204364,3.030000,-8.193000
2026-06-15 16:52:20.205357,2.729000,-8.412000
2026-06-15 16:52:20.205595,2.692000,-8.443000
2026-06-15 16:52:20.206400,2.681000,-8.713000
2026-06-15 16:52:20.207633,2.169000,-8.772000
2026-06-15 16:52:20.210816,2.569000,-8.444000
2026-06-15 16:52:20.221039,2.856000,-8.218000
2026-06-15 16:52:20.231686,2.951000,-8.195000
2026-06-15 16:52:20.234522,2.810000,-8.348000
2026-06-15 16:52:20.235864,2.641000,-8.418000
2026-06-15 16:52:20.236131,2.602000,-8.588000
2026-06-15 16:52:20.236278,2.042000,-8.774000
2026-06-15 16:52:20.236406,2.483000,-8.396000
2026-06-15 16:52:20.236645,2.840000,-8.173000
2026-06-15 16:52:20.236876,3.021000,-8.173000
2026-06-15 16:52:20.241358,2.722000,-8.355000
2026-06-15 16:52:20.241485,2.623000,-8.407000
2026-06-15 16:52:20.241579,2.587000,-8.507000
2026-06-15 16:52:20.241672,1.971000,-8.755000
2026-06-15 16:52:20.241760,2.487000,-8.391000
2026-06-15 16:52:20.241848,2.829000,-8.181000
2026-06-15 16:52:20.241933,2.889000,-8.179000
2026-06-15 16:52:20.242018,2.833000,-8.330000
2026-06-15 16:52:20.244756,2.599000,-8.401000
2026-06-15 16:52:20.252711,2.583000,-8.490000
2026-06-15 16:52:20.255805,2.012000,-8.788000
2026-06-15 16:52:20.256013,2.462000,-8.359000
2026-06-15 16:52:20.256136,2.804000,-8.160000
2026-06-15 16:52:20.256241,2.818000,-8.185000
2026-06-15 16:52:20.257504,2.834000,-8.312000
2026-06-15 16:52:20.258632,2.502000,-8.322000
2026-06-15 16:52:20.265627,2.603000,-8.385000
2026-06-15 16:52:20.266358,1.935000,-8.767000
2026-06-15 16:52:20.266660,2.405000,-8.393000
2026-06-15 16:52:20.266830,2.773000,-8.147000
2026-06-15 16:52:20.267036,2.913000,-8.186000
2026-06-15 16:52:20.267889,2.818000,-8.312000
2026-06-15 16:52:20.272307,2.578000,-8.362000
2026-06-15 16:52:20.272479,2.586000,-8.408000
2026-06-15 16:52:20.272806,1.989000,-8.775000
2026-06-15 16:52:20.275053,2.363000,-8.376000
2026-06-15 16:52:20.275434,2.760000,-8.087000
2026-06-15 16:52:20.284690,2.799000,-8.112000
2026-06-15 16:52:20.287430,2.788000,-8.306000
2026-06-15 16:52:20.287665,2.552000,-8.367000
2026-06-15 16:52:20.288222,2.504000,-8.393000
2026-06-15 16:52:20.288658,1.948000,-8.759000
2026-06-15 16:52:20.289106,2.317000,-8.385000
2026-06-15 16:52:20.296505,2.714000,-8.151000
2026-06-15 16:52:20.298650,2.823000,-8.063000
2026-06-15 16:52:20.299019,2.830000,-8.289000
2026-06-15 16:52:20.299228,2.565000,-8.371000
2026-06-15 16:52:20.299363,2.556000,-8.385000
2026-06-15 16:52:20.299781,1.896000,-8.706000
2026-06-15 16:52:20.300461,2.264000,-8.397000
2026-06-15 16:52:20.302975,2.624000,-8.146000
2026-06-15 16:52:20.303148,2.834000,-8.099000
2026-06-15 16:52:20.303277,2.810000,-8.328000
2026-06-15 16:52:20.303410,2.562000,-8.357000
2026-06-15 16:52:20.303554,2.541000,-8.381000
2026-06-15 16:52:20.307517,1.955000,-8.746000
2026-06-15 16:52:20.309287,2.274000,-8.403000
2026-06-15 16:52:20.321899,2.697000,-8.130000
2026-06-15 16:52:20.323680,2.871000,-7.988000
2026-06-15 16:52:20.335664,2.754000,-8.309000
2026-06-15 16:52:20.341875,2.515000,-8.297000
2026-06-15 16:52:20.350037,2.485000,-8.355000
2026-06-15 16:52:20.357192,1.956000,-8.716000
2026-06-15 16:52:20.357746,2.228000,-8.393000
2026-06-15 16:52:20.370583,2.625000,-8.158000
2026-06-15 16:52:20.376117,2.861000,-8.033000
2026-06-15 16:52:20.376360,2.808000,-8.282000
2026-06-15 16:52:20.376491,2.540000,-8.330000
2026-06-15 16:52:20.376644,2.529000,-8.367000
2026-06-15 16:52:20.387590,1.902000,-8.658000
2026-06-15 16:52:20.425737,2.183000,-8.422000
2026-06-15 16:52:20.442264,2.604000,-8.144000
2026-06-15 16:52:20.442511,2.854000,-8.140000
2026-06-15 16:52:20.463154,2.853000,-8.343000
2026-06-15 16:52:20.467790,2.587000,-8.382000
2026-06-15 16:52:20.486672,2.526000,-8.356000
2026-06-15 16:52:20.508361,2.029000,-8.746000
2026-06-15 16:52:20.511586,2.163000,-8.409000
2026-06-15 16:52:20.523090,2.623000,-8.191000
2026-06-15 16:52:20.528432,2.860000,-8.113000
2026-06-15 16:52:20.532314,2.720000,-8.288000
2026-06-15 16:52:20.542694,2.544000,-8.330000
2026-06-15 16:52:20.544485,2.449000,-8.355000
2026-06-15 16:52:20.545701,2.099000,-8.743000
2026-06-15 16:52:20.565279,2.125000,-8.414000
2026-06-15 16:52:20.580400,2.590000,-8.189000
2026-06-15 16:52:20.581494,2.841000,-8.111000
2026-06-15 16:52:20.585560,2.817000,-8.309000
2026-06-15 16:52:20.588847,2.554000,-8.333000
2026-06-15 16:52:20.590223,2.536000,-8.371000
2026-06-15 16:52:20.604244,2.136000,-8.747000
2026-06-15 16:52:20.605383,2.102000,-8.410000
2026-06-15 16:52:20.606662,2.461000,-8.137000
2026-06-15 16:52:20.618696,2.757000,-8.083000
2026-06-15 16:52:20.652919,2.723000,-8.264000
2026-06-15 16:52:20.659013,2.569000,-8.335000
2026-06-15 16:52:20.672020,2.483000,-8.363000
2026-06-15 16:52:20.679425,2.230000,-8.757000
2026-06-15 16:52:20.691093,2.023000,-8.452000
2026-06-15 16:52:20.695390,2.541000,-8.171000
2026-06-15 16:52:20.723271,2.830000,-8.190000
2026-06-15 16:52:20.729721,2.836000,-8.235000
2026-06-15 16:52:20.730724,2.584000,-8.364000
2026-06-15 16:52:20.734666,2.510000,-8.353000
2026-06-15 16:52:20.735384,2.306000,-8.762000
2026-06-15 16:52:20.750479,2.008000,-8.462000
2026-06-15 16:52:20.751954,2.507000,-8.189000
2026-06-15 16:52:20.771112,2.759000,-8.112000
2026-06-15 16:52:20.771400,2.812000,-8.254000
2026-06-15 16:52:20.771551,2.599000,-8.353000
2026-06-15 16:52:20.776988,2.526000,-8.331000
2026-06-15 16:52:20.777200,2.331000,-8.783000
2026-06-15 16:52:20.777301,1.972000,-8.478000
2026-06-15 16:52:20.787590,2.495000,-8.231000
2026-06-15 16:52:20.793621,2.860000,-8.188000
2026-06-15 16:52:20.800576,2.835000,-8.193000
2026-06-15 16:52:20.807572,2.576000,-8.347000
2026-06-15 16:52:20.828295,2.475000,-8.326000
2026-06-15 16:52:20.840367,2.427000,-8.801000
2026-06-15 16:52:20.848523,1.979000,-8.505000
2026-06-15 16:52:20.849410,2.481000,-8.244000
2026-06-15 16:52:20.854170,2.868000,-8.211000
2026-06-15 16:52:20.876518,2.768000,-8.214000
2026-06-15 16:52:20.881939,2.533000,-8.354000
2026-06-15 16:52:20.888086,2.489000,-8.334000
2026-06-15 16:52:20.888643,2.414000,-8.761000
2026-06-15 16:52:20.888909,1.977000,-8.494000
2026-06-15 16:52:20.890383,2.468000,-8.215000
2026-06-15 16:52:20.899391,2.849000,-8.219000
2026-06-15 16:52:20.901217,2.850000,-8.178000
2026-06-15 16:52:20.903661,2.600000,-8.356000
2026-06-15 16:52:20.904084,2.539000,-8.345000
2026-06-15 16:52:20.904279,2.492000,-8.801000
2026-06-15 16:52:20.905129,1.951000,-8.523000
2026-06-15 16:52:20.905764,2.482000,-8.269000
2026-06-15 16:52:20.909953,2.851000,-8.162000
2026-06-15 16:52:20.912096,2.829000,-8.187000
2026-06-15 16:52:20.912400,2.619000,-8.349000
2026-06-15 16:52:20.912584,2.514000,-8.368000
2026-06-15 16:52:20.912773,2.442000,-8.804000
2026-06-15 16:52:20.912928,1.971000,-8.518000
2026-06-15 16:52:20.913075,2.457000,-8.244000
2026-06-15 16:52:20.913214,2.839000,-8.177000
2026-06-15 16:52:20.927182,2.861000,-8.208000
2026-06-15 16:52:20.949805,2.596000,-8.345000
2026-06-15 16:52:20.955534,2.527000,-8.328000
2026-06-15 16:52:20.960514,2.449000,-8.760000
2026-06-15 16:52:20.962833,1.966000,-8.585000
2026-06-15 16:52:20.962992,2.442000,-8.273000
2026-06-15 16:52:20.963089,2.818000,-8.186000
2026-06-15 16:52:20.963177,2.903000,-8.213000
2026-06-15 16:52:20.968569,2.632000,-8.353000
2026-06-15 16:52:20.975674,2.501000,-8.370000
2026-06-15 16:52:20.991100,2.477000,-8.764000
2026-06-15 16:52:20.991374,1.946000,-8.596000
2026-06-15 16:52:20.991511,2.424000,-8.253000
2026-06-15 16:52:20.991640,2.829000,-8.123000
2026-06-15 16:52:20.992213,2.897000,-8.160000
2026-06-15 16:52:20.992413,2.629000,-8.401000
2026-06-15 16:52:20.992519,2.530000,-8.388000
2026-06-15 16:52:20.992612,2.509000,-8.712000
2026-06-15 16:52:21.003308,1.939000,-8.600000
2026-06-15 16:52:21.005683,2.361000,-8.278000
2026-06-15 16:52:21.006311,2.798000,-8.189000
2026-06-15 16:52:21.006658,2.900000,-8.193000
2026-06-15 16:52:21.009747,2.607000,-8.372000
2026-06-15 16:52:21.024522,2.506000,-8.384000
2026-06-15 16:52:21.046899,2.521000,-8.666000
2026-06-15 16:52:21.055634,1.948000,-8.676000
2026-06-15 16:52:21.061348,2.450000,-8.330000
2026-06-15 16:52:21.068485,2.774000,-8.182000
2026-06-15 16:52:21.070208,2.872000,-8.202000
2026-06-15 16:52:21.070784,2.658000,-8.341000
2026-06-15 16:52:21.071506,2.512000,-8.359000
2026-06-15 16:52:21.072444,2.509000,-8.617000
2026-06-15 16:52:21.094316,1.963000,-8.678000
2026-06-15 16:52:21.096146,2.420000,-8.285000
2026-06-15 16:52:21.112291,2.669000,-8.149000
2026-06-15 16:52:21.118529,2.816000,-8.169000
2026-06-15 16:52:21.121309,2.671000,-8.344000
2026-06-15 16:52:21.150864,2.461000,-8.372000
2026-06-15 16:52:21.158635,2.508000,-8.545000
2026-06-15 16:52:21.177213,1.887000,-8.677000
2026-06-15 16:52:21.189623,2.391000,-8.336000
2026-06-15 16:52:21.215338,2.738000,-8.141000
2026-06-15 16:52:21.223226,2.918000,-8.176000
2026-06-15 16:52:21.245095,2.677000,-8.331000
2026-06-15 16:52:21.245416,2.514000,-8.355000
2026-06-15 16:52:21.245599,2.494000,-8.533000
2026-06-15 16:52:21.261051,1.941000,-8.747000
2026-06-15 16:52:21.276824,2.406000,-8.356000
2026-06-15 16:52:21.277318,2.728000,-8.156000
2026-06-15 16:52:21.278085,2.788000,-8.176000
2026-06-15 16:52:21.279434,2.711000,-8.317000
2026-06-15 16:52:21.280449,2.523000,-8.372000
2026-06-15 16:52:21.286971,2.472000,-8.479000
2026-06-15 16:52:21.307970,1.940000,-8.736000
2026-06-15 16:52:21.308160,2.377000,-8.356000
2026-06-15 16:52:21.308389,2.708000,-8.111000
2026-06-15 16:52:21.308601,2.687000,-8.149000
2026-06-15 16:52:21.308798,2.741000,-8.333000
2026-06-15 16:52:21.312697,2.498000,-8.377000
2026-06-15 16:52:21.327983,2.513000,-8.415000
2026-06-15 16:52:21.342203,1.891000,-8.766000
2026-06-15 16:52:21.343652,2.303000,-8.350000
2026-06-15 16:52:21.356522,2.696000,-8.120000
2026-06-15 16:52:21.357264,2.741000,-8.174000
2026-06-15 16:52:21.374480,2.745000,-8.326000
2026-06-15 16:52:21.382541,2.492000,-8.376000
2026-06-15 16:52:21.390887,2.512000,-8.394000
2026-06-15 16:52:21.391250,1.885000,-8.784000
2026-06-15 16:52:21.391621,2.305000,-8.403000
2026-06-15 16:52:21.399317,2.682000,-8.156000
2026-06-15 16:52:21.416204,2.813000,-8.181000
2026-06-15 16:52:21.425562,2.728000,-8.366000
2026-06-15 16:52:21.426115,2.468000,-8.372000
2026-06-15 16:52:21.436802,2.443000,-8.377000
2026-06-15 16:52:21.439875,1.863000,-8.807000
2026-06-15 16:52:21.456780,2.226000,-8.395000
2026-06-15 16:52:21.457640,2.626000,-8.150000
2026-06-15 16:52:21.458851,2.784000,-8.138000
2026-06-15 16:52:21.479076,2.778000,-8.329000
2026-06-15 16:52:21.485052,2.492000,-8.414000
2026-06-15 16:52:21.485357,2.505000,-8.377000
2026-06-15 16:52:21.485527,1.832000,-8.775000
2026-06-15 16:52:21.493234,2.211000,-8.397000
2026-06-15 16:52:21.493586,2.658000,-8.151000
2026-06-15 16:52:21.493814,2.780000,-8.113000
2026-06-15 16:52:21.503863,2.782000,-8.272000
2026-06-15 16:52:21.510212,2.499000,-8.354000
2026-06-15 16:52:21.514682,2.486000,-8.378000
2026-06-15 16:52:21.517810,1.874000,-8.763000
2026-06-15 16:52:21.521231,2.228000,-8.368000
2026-06-15 16:52:21.529252,2.646000,-8.147000
2026-06-15 16:52:21.531072,2.798000,-8.141000
2026-06-15 16:52:21.539225,2.749000,-8.330000
2026-06-15 16:52:21.554739,2.496000,-8.377000
2026-06-15 16:52:21.574791,2.505000,-8.370000
2026-06-15 16:52:21.583210,1.891000,-8.756000
2026-06-15 16:52:21.604619,2.208000,-8.410000
2026-06-15 16:52:21.620696,2.623000,-8.163000
2026-06-15 16:52:21.621404,2.773000,-8.122000
2026-06-15 16:52:21.643722,2.776000,-8.337000
2026-06-15 16:52:21.662103,2.464000,-8.400000
2026-06-15 16:52:21.669288,2.483000,-8.406000
2026-06-15 16:52:21.670358,1.847000,-8.754000
2026-06-15 16:52:21.676844,2.126000,-8.379000
2026-06-15 16:52:21.677080,2.535000,-8.161000
2026-06-15 16:52:21.677214,2.785000,-8.083000
2026-06-15 16:52:21.677452,2.722000,-8.290000
2026-06-15 16:52:21.677673,2.454000,-8.358000
2026-06-15 16:52:21.677896,2.473000,-8.415000
2026-06-15 16:52:21.684166,1.864000,-8.764000
2026-06-15 16:52:21.684933,2.120000,-8.457000
2026-06-15 16:52:21.707249,2.525000,-8.193000
2026-06-15 16:52:21.724241,2.782000,-8.139000
2026-06-15 16:52:21.742268,2.758000,-8.299000
2026-06-15 16:52:21.751322,2.505000,-8.391000
2026-06-15 16:52:21.751547,2.493000,-8.405000
2026-06-15 16:52:21.751686,1.977000,-8.752000
2026-06-15 16:52:21.768409,2.098000,-8.417000
2026-06-15 16:52:21.776052,2.556000,-8.183000
2026-06-15 16:52:21.776324,2.744000,-8.098000
2026-06-15 16:52:21.797025,2.749000,-8.345000
2026-06-15 16:52:21.801499,2.480000,-8.386000
2026-06-15 16:52:21.810353,2.477000,-8.392000
2026-06-15 16:52:21.811480,2.037000,-8.761000
2026-06-15 16:52:21.823520,2.063000,-8.413000
2026-06-15 16:52:21.824650,2.538000,-8.182000
2026-06-15 16:52:21.837739,2.690000,-8.059000
2026-06-15 16:52:21.840185,2.761000,-8.264000
2026-06-15 16:52:21.841749,2.462000,-8.339000
2026-06-15 16:52:21.851454,2.427000,-8.372000
2026-06-15 16:52:21.855800,2.114000,-8.782000
2026-06-15 16:52:21.857701,2.042000,-8.451000
2026-06-15 16:52:21.871080,2.515000,-8.228000
2026-06-15 16:52:21.871346,2.789000,-8.097000
2026-06-15 16:52:21.876027,2.766000,-8.324000
2026-06-15 16:52:21.885562,2.532000,-8.352000
2026-06-15 16:52:21.886182,2.496000,-8.398000
2026-06-15 16:52:21.886600,2.152000,-8.782000
2026-06-15 16:52:21.905048,2.001000,-8.462000
2026-06-15 16:52:21.921529,2.496000,-8.251000
2026-06-15 16:52:21.922054,2.785000,-8.164000
2026-06-15 16:52:21.923171,2.787000,-8.268000
2026-06-15 16:52:21.923630,2.533000,-8.361000
2026-06-15 16:52:21.924068,2.370000,-8.343000
2026-06-15 16:52:21.931450,2.213000,-8.776000
2026-06-15 16:52:21.933042,1.919000,-8.465000
2026-06-15 16:52:21.933271,2.468000,-8.274000
2026-06-15 16:52:21.933395,2.815000,-8.141000
2026-06-15 16:52:21.933500,2.794000,-8.296000
2026-06-15 16:52:21.933592,2.525000,-8.362000
2026-06-15 16:52:21.934968,2.475000,-8.345000
2026-06-15 16:52:21.964482,2.337000,-8.793000
2026-06-15 16:52:21.973559,1.934000,-8.499000
2026-06-15 16:52:21.985872,2.420000,-8.280000
2026-06-15 16:52:21.997502,2.800000,-8.218000
2026-06-15 16:52:22.002786,2.775000,-8.241000
2026-06-15 16:52:22.003008,2.508000,-8.387000
2026-06-15 16:52:22.003181,2.461000,-8.389000
2026-06-15 16:52:22.003352,2.378000,-8.822000
2026-06-15 16:52:22.003503,1.923000,-8.537000
2026-06-15 16:52:22.003650,2.440000,-8.267000
2026-06-15 16:52:22.020178,2.813000,-8.240000
2026-06-15 16:52:22.020418,2.757000,-8.163000
2026-06-15 16:52:22.020535,2.438000,-8.357000
2026-06-15 16:52:22.020661,2.405000,-8.373000
2026-06-15 16:52:22.020775,2.403000,-8.837000
2026-06-15 16:52:22.020892,1.898000,-8.522000
2026-06-15 16:52:22.020992,2.439000,-8.287000
2026-06-15 16:52:22.021088,2.803000,-8.215000
2026-06-15 16:52:22.021186,2.774000,-8.255000
2026-06-15 16:52:22.021285,2.564000,-8.426000
2026-06-15 16:52:22.021387,2.481000,-8.420000
2026-06-15 16:52:22.021482,2.428000,-8.846000
2026-06-15 16:52:22.021573,1.862000,-8.558000
2026-06-15 16:52:22.021677,2.420000,-8.274000
2026-06-15 16:52:22.021801,2.815000,-8.192000
2026-06-15 16:52:22.021909,2.779000,-8.227000
2026-06-15 16:52:22.022001,2.546000,-8.366000
2026-06-15 16:52:22.022098,2.399000,-8.407000
2026-06-15 16:52:22.022193,2.431000,-8.814000
2026-06-15 16:52:22.022282,1.851000,-8.594000
2026-06-15 16:52:22.022367,2.451000,-8.300000
2026-06-15 16:52:22.022459,2.798000,-8.199000
2026-06-15 16:52:22.022557,2.776000,-8.181000
2026-06-15 16:52:22.022651,2.496000,-8.417000
2026-06-15 16:52:22.022746,2.388000,-8.318000
2026-06-15 16:52:22.022848,2.436000,-8.857000
2026-06-15 16:52:22.022963,1.929000,-8.585000
2026-06-15 16:52:22.030248,2.403000,-8.298000
2026-06-15 16:52:22.030862,2.776000,-8.183000
2026-06-15 16:52:22.042646,2.878000,-8.235000
2026-06-15 16:52:22.044241,2.557000,-8.372000
2026-06-15 16:52:22.046305,2.472000,-8.385000
2026-06-15 16:52:22.057364,2.448000,-8.838000
2026-06-15 16:52:22.059956,1.921000,-8.620000
2026-06-15 16:52:22.062115,2.428000,-8.292000
2026-06-15 16:52:22.072145,2.797000,-8.187000
2026-06-15 16:52:22.072427,2.915000,-8.237000
2026-06-15 16:52:22.072567,2.598000,-8.404000
2026-06-15 16:52:22.072699,2.474000,-8.375000
2026-06-15 16:52:22.072821,2.480000,-8.796000
2026-06-15 16:52:22.082002,1.903000,-8.623000
2026-06-15 16:52:22.096829,2.323000,-8.248000
2026-06-15 16:52:22.100737,2.747000,-8.128000
2026-06-15 16:52:22.101415,2.887000,-8.260000
2026-06-15 16:52:22.101627,2.519000,-8.343000
2026-06-15 16:52:22.110055,2.423000,-8.412000
2026-06-15 16:52:22.111556,2.437000,-8.755000
2026-06-15 16:52:22.113953,1.923000,-8.630000
2026-06-15 16:52:22.135340,2.370000,-8.324000
2026-06-15 16:52:22.136571,2.757000,-8.195000
2026-06-15 16:52:22.157083,2.937000,-8.231000
2026-06-15 16:52:22.157431,2.570000,-8.401000
2026-06-15 16:52:22.158199,2.486000,-8.407000
2026-06-15 16:52:22.179767,2.436000,-8.718000
2026-06-15 16:52:22.189668,1.954000,-8.664000
2026-06-15 16:52:22.191312,2.394000,-8.344000
2026-06-15 16:52:22.191626,2.750000,-8.189000
2026-06-15 16:52:22.192904,2.858000,-8.219000
2026-06-15 16:52:22.194164,2.553000,-8.342000
2026-06-15 16:52:22.196946,2.397000,-8.406000
2026-06-15 16:52:22.202491,2.432000,-8.642000
2026-06-15 16:52:22.207962,1.901000,-8.696000
2026-06-15 16:52:22.215136,2.360000,-8.347000
2026-06-15 16:52:22.228791,2.708000,-8.184000
2026-06-15 16:52:22.232927,2.795000,-8.236000
2026-06-15 16:52:22.236056,2.670000,-8.393000
2026-06-15 16:52:22.237701,2.468000,-8.392000
2026-06-15 16:52:22.243175,2.449000,-8.606000
2026-06-15 16:52:22.247669,1.902000,-8.693000
2026-06-15 16:52:22.255910,2.349000,-8.371000
2026-06-15 16:52:22.266219,2.702000,-8.207000
2026-06-15 16:52:22.269019,2.795000,-8.208000
2026-06-15 16:52:22.270588,2.646000,-8.344000
2026-06-15 16:52:22.271246,2.454000,-8.409000
2026-06-15 16:52:22.273657,2.454000,-8.591000
2026-06-15 16:52:22.283280,1.855000,-8.710000
2026-06-15 16:52:22.283614,2.272000,-8.357000
2026-06-15 16:52:22.283793,2.675000,-8.172000
2026-06-15 16:52:22.300017,2.790000,-8.175000
2026-06-15 16:52:22.300473,2.553000,-8.348000
2026-06-15 16:52:22.302285,2.451000,-8.419000
2026-06-15 16:52:22.304983,2.427000,-8.501000
2026-06-15 16:52:22.305879,1.883000,-8.766000
2026-06-15 16:52:22.306796,2.324000,-8.412000
2026-06-15 16:52:22.317099,2.659000,-8.193000
2026-06-15 16:52:22.317472,2.793000,-8.214000
2026-06-15 16:52:22.317583,2.647000,-8.363000
2026-06-15 16:52:22.318464,2.465000,-8.392000
2026-06-15 16:52:22.318569,2.389000,-8.459000
2026-06-15 16:52:22.318658,1.883000,-8.790000
2026-06-15 16:52:22.318743,2.305000,-8.405000
2026-06-15 16:52:22.319703,2.650000,-8.222000
2026-06-15 16:52:22.320146,2.803000,-8.214000
2026-06-15 16:52:22.320805,2.682000,-8.376000
2026-06-15 16:52:22.321214,2.469000,-8.383000
2026-06-15 16:52:22.321585,2.430000,-8.433000
2026-06-15 16:52:22.321936,1.859000,-8.770000
2026-06-15 16:52:22.327772,2.181000,-8.365000
2026-06-15 16:52:22.328212,2.571000,-8.151000
2026-06-15 16:52:22.336759,2.784000,-8.218000
2026-06-15 16:52:22.338165,2.681000,-8.316000
2026-06-15 16:52:22.346787,2.424000,-8.375000
2026-06-15 16:52:22.347277,2.444000,-8.381000
2026-06-15 16:52:22.347485,1.847000,-8.822000
2026-06-15 16:52:22.348536,2.244000,-8.421000
2026-06-15 16:52:22.349768,2.648000,-8.164000
2026-06-15 16:52:22.349880,2.761000,-8.162000
2026-06-15 16:52:22.349969,2.696000,-8.343000
2026-06-15 16:52:22.350055,2.408000,-8.390000
2026-06-15 16:52:22.356859,2.443000,-8.443000
2026-06-15 16:52:22.357552,1.840000,-8.785000
2026-06-15 16:52:22.363563,2.220000,-8.418000
2026-06-15 16:52:22.378094,2.617000,-8.206000
2026-06-15 16:52:22.378576,2.759000,-8.149000
2026-06-15 16:52:22.380883,2.722000,-8.345000
2026-06-15 16:52:22.381241,2.480000,-8.415000
2026-06-15 16:52:22.381956,2.414000,-8.378000
2026-06-15 16:52:22.382787,1.829000,-8.753000
2026-06-15 16:52:22.385106,2.141000,-8.427000
2026-06-15 16:52:22.385949,2.563000,-8.198000
2026-06-15 16:52:22.399797,2.760000,-8.179000
2026-06-15 16:52:22.411339,2.677000,-8.337000
2026-06-15 16:52:22.414974,2.476000,-8.395000
2026-06-15 16:52:22.416403,2.449000,-8.440000
2026-06-15 16:52:22.417610,1.836000,-8.798000
2026-06-15 16:52:22.417721,2.177000,-8.431000
2026-06-15 16:52:22.417813,2.594000,-8.171000
2026-06-15 16:52:22.417898,2.762000,-8.125000
2026-06-15 16:52:22.417989,2.706000,-8.365000
2026-06-15 16:52:22.420666,2.474000,-8.396000
2026-06-15 16:52:22.430375,2.431000,-8.448000
2026-06-15 16:52:22.443523,1.833000,-8.795000
2026-06-15 16:52:22.455087,2.140000,-8.431000
2026-06-15 16:52:22.462552,2.527000,-8.133000
2026-06-15 16:52:22.470337,2.711000,-8.101000
2026-06-15 16:52:22.470533,2.682000,-8.354000
2026-06-15 16:52:22.470719,2.391000,-8.401000
2026-06-15 16:52:22.470846,2.461000,-8.438000
2026-06-15 16:52:22.473034,1.854000,-8.780000
2026-06-15 16:52:22.478495,2.138000,-8.452000
2026-06-15 16:52:22.479856,2.550000,-8.200000
2026-06-15 16:52:22.485449,2.760000,-8.115000
2026-06-15 16:52:22.489557,2.709000,-8.366000
2026-06-15 16:52:22.497836,2.453000,-8.402000
2026-06-15 16:52:22.498348,2.462000,-8.430000
2026-06-15 16:52:22.506484,1.926000,-8.797000
2026-06-15 16:52:22.506631,2.069000,-8.456000
2026-06-15 16:52:22.506723,2.544000,-8.246000
2026-06-15 16:52:22.506809,2.748000,-8.111000
2026-06-15 16:52:22.510428,2.712000,-8.341000
2026-06-15 16:52:22.510635,2.417000,-8.398000
2026-06-15 16:52:22.511195,2.404000,-8.429000
2026-06-15 16:52:22.512238,1.994000,-8.809000
2026-06-15 16:52:22.512553,2.044000,-8.474000
2026-06-15 16:52:22.513107,2.534000,-8.263000
2026-06-15 16:52:22.513257,2.788000,-8.149000
2026-06-15 16:52:22.513394,2.727000,-8.410000
2026-06-15 16:52:22.513532,2.480000,-8.394000
2026-06-15 16:52:22.513659,2.404000,-8.373000
2026-06-15 16:52:22.513800,2.045000,-8.748000
2026-06-15 16:52:22.513951,2.037000,-8.479000
2026-06-15 16:52:22.514114,2.494000,-8.270000
2026-06-15 16:52:22.514254,2.758000,-8.243000
2026-06-15 16:52:22.514403,2.768000,-8.350000
2026-06-15 16:52:22.514541,2.463000,-8.429000
2026-06-15 16:52:22.514682,2.454000,-8.457000
2026-06-15 16:52:22.514850,2.134000,-8.825000
2026-06-15 16:52:22.515003,1.984000,-8.496000
2026-06-15 16:52:22.515148,2.470000,-8.263000
2026-06-15 16:52:22.515291,2.756000,-8.174000
2026-06-15 16:52:22.515432,2.689000,-8.349000
2026-06-15 16:52:22.515594,2.491000,-8.433000
2026-06-15 16:52:22.515759,2.475000,-8.430000
2026-06-15 16:52:22.524774,2.233000,-8.831000
2026-06-15 16:52:22.534388,1.942000,-8.514000
2026-06-15 16:52:22.545926,2.450000,-8.289000
2026-06-15 16:52:22.552860,2.788000,-8.275000
2026-06-15 16:52:22.556000,2.798000,-8.316000
2026-06-15 16:52:22.556204,2.501000,-8.427000
2026-06-15 16:52:22.556328,2.441000,-8.447000
2026-06-15 16:52:22.556455,2.281000,-8.847000
2026-06-15 16:52:22.556581,1.884000,-8.561000
2026-06-15 16:52:22.556693,2.390000,-8.295000
2026-06-15 16:52:22.556807,2.777000,-8.250000
2026-06-15 16:52:22.556918,2.682000,-8.244000
2026-06-15 16:52:22.557033,2.452000,-8.423000
2026-06-15 16:52:22.557151,2.427000,-8.402000
2026-06-15 16:52:22.557263,2.340000,-8.871000
2026-06-15 16:52:22.557375,1.920000,-8.554000
2026-06-15 16:52:22.557484,2.437000,-8.332000
2026-06-15 16:52:22.557602,2.793000,-8.265000
2026-06-15 16:52:22.557719,2.746000,-8.319000
2026-06-15 16:52:22.557830,2.536000,-8.402000
2026-06-15 16:52:22.557941,2.439000,-8.419000
2026-06-15 16:52:22.558053,2.397000,-8.853000
2026-06-15 16:52:22.558731,1.856000,-8.580000
2026-06-15 16:52:22.561101,2.414000,-8.318000
2026-06-15 16:52:22.577657,2.776000,-8.268000
2026-06-15 16:52:22.583604,2.756000,-8.295000
2026-06-15 16:52:22.583913,2.505000,-8.413000
2026-06-15 16:52:22.585574,2.420000,-8.423000
2026-06-15 16:52:22.586667,2.326000,-8.807000
2026-06-15 16:52:22.587541,1.806000,-8.568000
2026-06-15 16:52:22.588052,2.385000,-8.301000
2026-06-15 16:52:22.588415,2.791000,-8.279000
2026-06-15 16:52:22.588872,2.791000,-8.287000
2026-06-15 16:52:22.588995,2.538000,-8.454000
2026-06-15 16:52:22.589111,2.445000,-8.440000
2026-06-15 16:52:22.593862,2.431000,-8.865000
2026-06-15 16:52:22.594232,1.892000,-8.614000
2026-06-15 16:52:22.594535,2.428000,-8.348000
2026-06-15 16:52:22.594751,2.822000,-8.240000
2026-06-15 16:52:22.594885,2.815000,-8.277000
2026-06-15 16:52:22.595996,2.497000,-8.435000
2026-06-15 16:52:22.606897,2.458000,-8.426000
2026-06-15 16:52:22.607945,2.430000,-8.886000
2026-06-15 16:52:22.608485,1.854000,-8.595000
2026-06-15 16:52:22.608731,2.413000,-8.350000
2026-06-15 16:52:22.609133,2.781000,-8.234000
2026-06-15 16:52:22.609397,2.780000,-8.305000
2026-06-15 16:52:22.609566,2.545000,-8.406000
2026-06-15 16:52:22.610156,2.455000,-8.420000
2026-06-15 16:52:22.610450,2.454000,-8.853000
2026-06-15 16:52:22.611351,1.894000,-8.672000
2026-06-15 16:52:22.611714,2.325000,-8.404000
2026-06-15 16:52:22.614207,2.748000,-8.248000
2026-06-15 16:52:22.618467,2.875000,-8.256000
2026-06-15 16:52:22.618853,2.570000,-8.447000
2026-06-15 16:52:22.622320,2.467000,-8.418000
2026-06-15 16:52:22.623815,2.442000,-8.738000
2026-06-15 16:52:22.624155,1.931000,-8.762000
2026-06-15 16:52:22.624296,2.358000,-8.405000
2026-06-15 16:52:22.624413,2.709000,-8.270000
2026-06-15 16:52:22.624522,2.873000,-8.295000
2026-06-15 16:52:22.624636,2.611000,-8.417000
2026-06-15 16:52:22.624762,2.439000,-8.448000
2026-06-15 16:52:22.624889,2.454000,-8.579000
2026-06-15 16:52:22.625004,1.861000,-8.835000
2026-06-15 16:52:22.625120,3.348000,-12.531000
2026-06-15 16:52:22.625239,3.822000,-12.214000
2026-06-15 16:52:22.635644,3.935000,-12.197000
2026-06-15 16:52:22.642707,3.954000,-12.425000
2026-06-15 16:52:22.643785,3.697000,-12.511000
2026-06-15 16:52:22.654157,3.720000,-12.443000
2026-06-15 16:52:22.655278,3.123000,-12.878000
2026-06-15 16:52:22.655633,3.402000,-12.511000
2026-06-15 16:52:22.655866,3.852000,-12.265000
2026-06-15 16:52:22.656311,3.991000,-12.171000
2026-06-15 16:52:22.656795,3.950000,-12.470000
2026-06-15 16:52:22.660071,3.704000,-12.487000
2026-06-15 16:52:22.677585,3.608000,-12.382000
2026-06-15 16:52:22.680888,3.070000,-12.828000
2026-06-15 16:52:22.681869,3.345000,-12.513000
2026-06-15 16:52:22.684612,3.867000,-12.268000
2026-06-15 16:52:22.685355,4.027000,-12.226000
2026-06-15 16:52:22.686210,4.001000,-12.462000
2026-06-15 16:52:22.686475,3.715000,-12.509000
2026-06-15 16:52:22.686583,3.673000,-12.525000
2026-06-15 16:52:22.686682,3.103000,-12.871000
2026-06-15 16:52:22.686777,3.425000,-12.497000
2026-06-15 16:52:22.686869,3.846000,-12.272000
2026-06-15 16:52:22.686965,3.989000,-12.107000
2026-06-15 16:52:22.687075,3.900000,-12.390000
2026-06-15 16:52:22.687181,3.738000,-12.430000
2026-06-15 16:52:22.687288,3.711000,-12.539000
2026-06-15 16:52:22.688909,3.130000,-12.867000
2026-06-15 16:52:22.689113,3.418000,-12.545000
2026-06-15 16:52:22.689247,3.871000,-12.279000
2026-06-15 16:52:22.689374,3.957000,-12.184000
2026-06-15 16:52:22.689505,3.966000,-12.421000
2026-06-15 16:52:22.690525,3.701000,-12.478000
2026-06-15 16:52:22.690988,3.704000,-12.476000
2026-06-15 16:52:22.691730,3.041000,-12.830000
2026-06-15 16:52:22.702676,3.396000,-12.556000
2026-06-15 16:52:22.703084,3.865000,-12.281000
2026-06-15 16:52:22.714761,4.003000,-12.219000
2026-06-15 16:52:22.718426,3.998000,-12.420000
2026-06-15 16:52:22.719994,3.718000,-12.495000
2026-06-15 16:52:22.720188,3.703000,-12.499000
2026-06-15 16:52:22.720344,3.112000,-12.854000
2026-06-15 16:52:22.720473,3.433000,-12.522000
2026-06-15 16:52:22.720597,3.886000,-12.276000
2026-06-15 16:52:22.720723,4.014000,-12.255000
2026-06-15 16:52:22.723782,3.944000,-12.342000
2026-06-15 16:52:22.744111,3.719000,-12.378000
2026-06-15 16:52:22.747451,3.649000,-12.471000
2026-06-15 16:52:22.748995,3.081000,-12.890000
2026-06-15 16:52:22.749347,3.451000,-12.506000
2026-06-15 16:52:22.749517,3.863000,-12.259000
2026-06-15 16:52:22.749647,4.001000,-12.230000
2026-06-15 16:52:22.749766,3.979000,-12.437000
2026-06-15 16:52:22.749890,3.712000,-12.518000
2026-06-15 16:52:22.750022,3.697000,-12.514000
2026-06-15 16:52:22.753545,3.115000,-12.816000
2026-06-15 16:52:22.756634,3.378000,-12.498000
2026-06-15 16:52:22.757664,3.838000,-12.211000
2026-06-15 16:52:22.775716,4.002000,-12.224000
2026-06-15 16:52:22.776603,3.970000,-12.430000
2026-06-15 16:52:22.777947,3.700000,-12.434000
2026-06-15 16:52:22.780759,3.698000,-12.510000
2026-06-15 16:52:22.781059,3.094000,-12.906000
2026-06-15 16:52:22.784106,3.467000,-12.538000
2026-06-15 16:52:22.784323,3.890000,-12.276000
2026-06-15 16:52:22.784451,3.975000,-12.242000
2026-06-15 16:52:22.784562,3.973000,-12.415000
2026-06-15 16:52:22.807633,3.660000,-12.430000
2026-06-15 16:52:22.811044,3.586000,-12.467000
2026-06-15 16:52:22.812551,3.086000,-12.884000
2026-06-15 16:52:22.813205,3.489000,-12.516000
2026-06-15 16:52:22.814169,3.854000,-12.274000
2026-06-15 16:52:22.814506,3.993000,-12.308000
2026-06-15 16:52:22.816029,3.933000,-12.462000
2026-06-15 16:52:22.817140,3.728000,-12.482000
2026-06-15 16:52:22.818551,3.706000,-12.500000
2026-06-15 16:52:22.821798,3.085000,-12.886000
2026-06-15 16:52:22.827966,3.483000,-12.500000
2026-06-15 16:52:22.828496,3.866000,-12.247000
2026-06-15 16:52:22.829012,3.880000,-12.170000
2026-06-15 16:52:22.829424,3.944000,-12.442000
2026-06-15 16:52:22.829730,3.718000,-12.497000
2026-06-15 16:52:22.832256,3.722000,-12.516000
2026-06-15 16:52:22.832849,3.073000,-12.912000
2026-06-15 16:52:22.840856,3.490000,-12.514000
2026-06-15 16:52:22.841288,3.849000,-12.237000
2026-06-15 16:52:22.842521,3.977000,-12.264000
2026-06-15 16:52:22.843429,3.917000,-12.429000
2026-06-15 16:52:22.846744,3.685000,-12.464000
2026-06-15 16:52:22.852612,3.714000,-12.485000
2026-06-15 16:52:22.854652,3.123000,-12.893000
2026-06-15 16:52:22.857709,3.510000,-12.515000
2026-06-15 16:52:22.861137,3.897000,-12.282000
2026-06-15 16:52:22.866985,4.009000,-12.276000
2026-06-15 16:52:22.873621,3.930000,-12.442000
2026-06-15 16:52:22.874119,3.690000,-12.430000
2026-06-15 16:52:22.875916,3.628000,-12.525000
2026-06-15 16:52:22.876520,3.076000,-12.793000
2026-06-15 16:52:22.876880,3.489000,-12.538000
2026-06-15 16:52:22.877665,3.900000,-12.263000
2026-06-15 16:52:22.881812,4.005000,-12.304000
2026-06-15 16:52:22.890411,3.954000,-12.455000
2026-06-15 16:52:22.891517,3.720000,-12.497000
2026-06-15 16:52:22.892004,3.697000,-12.509000
2026-06-15 16:52:22.893153,3.090000,-12.839000
2026-06-15 16:52:22.895657,3.430000,-12.489000
2026-06-15 16:52:22.897617,3.861000,-12.258000
2026-06-15 16:52:22.900287,4.008000,-12.286000
2026-06-15 16:52:22.905664,3.929000,-12.447000
2026-06-15 16:52:22.911364,3.745000,-12.517000
2026-06-15 16:52:22.913908,3.722000,-12.461000
2026-06-15 16:52:22.930159,3.047000,-12.900000
2026-06-15 16:52:22.930573,3.461000,-12.520000
2026-06-15 16:52:22.936227,3.832000,-12.252000
2026-06-15 16:52:22.937266,3.913000,-12.218000
2026-06-15 16:52:22.941979,3.979000,-12.434000
2026-06-15 16:52:22.942564,3.688000,-12.502000
2026-06-15 16:52:22.968062,3.708000,-12.519000
2026-06-15 16:52:22.972582,3.124000,-12.909000
2026-06-15 16:52:22.975178,3.509000,-12.515000
2026-06-15 16:52:22.975953,3.880000,-12.243000
2026-06-15 16:52:22.977588,3.986000,-12.256000
2026-06-15 16:52:22.985507,3.950000,-12.439000
2026-06-15 16:52:23.006200,3.669000,-12.439000
2026-06-15 16:52:23.006368,3.615000,-12.448000
2026-06-15 16:52:23.006474,3.096000,-12.899000
2026-06-15 16:52:23.008206,3.516000,-12.490000
2026-06-15 16:52:23.016439,3.879000,-12.289000
2026-06-15 16:52:23.017377,3.997000,-12.223000
2026-06-15 16:52:23.018723,3.901000,-12.440000
2026-06-15 16:52:23.018891,3.694000,-12.500000
2026-06-15 16:52:23.021076,3.644000,-12.506000
2026-06-15 16:52:23.021284,3.100000,-12.885000
2026-06-15 16:52:23.021424,3.489000,-12.501000
2026-06-15 16:52:23.021545,3.853000,-12.273000
2026-06-15 16:52:23.021665,4.000000,-12.246000
2026-06-15 16:52:23.021793,3.882000,-12.449000
2026-06-15 16:52:23.021915,3.714000,-12.482000
2026-06-15 16:52:23.022034,3.626000,-12.462000
2026-06-15 16:52:23.022148,3.112000,-12.887000
2026-06-15 16:52:23.022265,3.496000,-12.477000
2026-06-15 16:52:23.022375,3.873000,-12.250000
2026-06-15 16:52:23.026460,3.965000,-12.294000
2026-06-15 16:52:23.026711,3.925000,-12.454000
2026-06-15 16:52:23.026835,3.701000,-12.517000
2026-06-15 16:52:23.026966,3.716000,-12.526000
2026-06-15 16:52:23.033271,3.134000,-12.910000
2026-06-15 16:52:23.045826,3.544000,-12.525000
2026-06-15 16:52:23.050556,3.915000,-12.264000
2026-06-15 16:52:23.055639,3.957000,-12.187000
2026-06-15 16:52:23.056423,3.819000,-12.404000
2026-06-15 16:52:23.056704,3.687000,-12.468000
2026-06-15 16:52:23.057018,3.613000,-12.517000
2026-06-15 16:52:23.057178,3.133000,-12.915000
2026-06-15 16:52:23.057312,3.556000,-12.519000
2026-06-15 16:52:23.057442,3.882000,-12.268000
2026-06-15 16:52:23.057567,3.983000,-12.274000
2026-06-15 16:52:23.057703,3.937000,-12.441000
2026-06-15 16:52:23.057832,3.707000,-12.438000
2026-06-15 16:52:23.057957,3.692000,-12.484000
2026-06-15 16:52:23.058085,3.083000,-12.873000
2026-06-15 16:52:23.058216,3.539000,-12.522000
2026-06-15 16:52:23.058344,3.923000,-12.220000
2026-06-15 16:52:23.069850,3.991000,-12.227000
2026-06-15 16:52:23.070950,3.904000,-12.455000
2026-06-15 16:52:23.071149,3.745000,-12.521000
2026-06-15 16:52:23.073407,3.657000,-12.532000
2026-06-15 16:52:23.076681,3.076000,-12.872000
2026-06-15 16:52:23.083292,3.541000,-12.496000
2026-06-15 16:52:23.085167,3.920000,-12.254000
2026-06-15 16:52:23.086392,3.981000,-12.282000
2026-06-15 16:52:23.087070,3.906000,-12.441000
2026-06-15 16:52:23.090762,3.715000,-12.504000
2026-06-15 16:52:23.091191,3.694000,-12.495000
2026-06-15 16:52:23.102390,3.053000,-12.918000
2026-06-15 16:52:23.107591,3.543000,-12.412000
2026-06-15 16:52:23.108080,3.890000,-12.258000
2026-06-15 16:52:23.110931,3.961000,-12.281000
2026-06-15 16:52:23.112205,3.907000,-12.470000
2026-06-15 16:52:23.113652,3.686000,-12.510000
2026-06-15 16:52:23.115287,3.691000,-12.545000
2026-06-15 16:52:23.115628,3.119000,-12.912000
2026-06-15 16:52:23.116692,3.552000,-12.498000
2026-06-15 16:52:23.125299,3.901000,-12.260000
2026-06-15 16:52:23.137967,4.048000,-12.258000
2026-06-15 16:52:23.139396,3.838000,-12.457000
2026-06-15 16:52:23.139776,3.653000,-12.422000
2026-06-15 16:52:23.144139,3.660000,-12.552000
2026-06-15 16:52:23.145777,3.129000,-12.893000
2026-06-15 16:52:23.146633,3.554000,-12.464000
2026-06-15 16:52:23.148776,3.881000,-12.220000
2026-06-15 16:52:23.151092,4.009000,-12.285000
2026-06-15 16:52:23.151227,3.867000,-12.475000
2026-06-15 16:52:23.151327,3.661000,-12.477000
2026-06-15 16:52:23.151423,3.674000,-12.573000
2026-06-15 16:52:23.153525,3.123000,-12.849000
2026-06-15 16:52:23.160060,3.530000,-12.470000
2026-06-15 16:52:23.170750,3.893000,-12.268000
2026-06-15 16:52:23.170979,4.078000,-12.274000
2026-06-15 16:52:23.183907,3.869000,-12.470000
2026-06-15 16:52:23.185073,3.710000,-12.516000
2026-06-15 16:52:23.186063,3.680000,-12.585000
2026-06-15 16:52:23.192669,3.116000,-12.881000
2026-06-15 16:52:23.194825,3.523000,-12.470000
2026-06-15 16:52:23.194970,3.885000,-12.238000
2026-06-15 16:52:23.199454,4.027000,-12.278000
2026-06-15 16:52:23.199657,3.906000,-12.450000
2026-06-15 16:52:23.199941,3.689000,-12.487000
2026-06-15 16:52:23.200108,3.717000,-12.579000
2026-06-15 16:52:23.200215,3.143000,-12.899000
2026-06-15 16:52:23.200321,3.569000,-12.455000
2026-06-15 16:52:23.200420,3.790000,-12.147000
2026-06-15 16:52:23.208391,4.060000,-12.146000
2026-06-15 16:52:23.215926,3.847000,-12.450000
2026-06-15 16:52:23.217642,3.670000,-12.480000
2026-06-15 16:52:23.223959,3.678000,-12.564000
2026-06-15 16:52:23.224215,3.154000,-12.894000
2026-06-15 16:52:23.224908,3.614000,-12.478000
2026-06-15 16:52:23.225110,3.870000,-12.272000
2026-06-15 16:52:23.225384,4.029000,-12.269000
2026-06-15 16:52:23.227993,3.894000,-12.467000
2026-06-15 16:52:23.228345,3.701000,-12.473000
2026-06-15 16:52:23.232202,3.723000,-12.443000
2026-06-15 16:52:23.236723,3.074000,-12.871000
2026-06-15 16:52:23.239640,3.502000,-12.450000
2026-06-15 16:52:23.248302,3.903000,-12.266000
2026-06-15 16:52:23.248582,4.082000,-12.309000
2026-06-15 16:52:23.253638,3.898000,-12.482000
2026-06-15 16:52:23.256886,3.730000,-12.497000
2026-06-15 16:52:23.257668,3.680000,-12.570000
2026-06-15 16:52:23.259161,3.116000,-12.886000
2026-06-15 16:52:23.261069,3.580000,-12.474000
2026-06-15 16:52:23.261240,3.903000,-12.273000
2026-06-15 16:52:23.262196,4.042000,-12.281000
2026-06-15 16:52:23.266069,3.844000,-12.439000
2026-06-15 16:52:23.278692,3.694000,-12.484000
2026-06-15 16:52:23.279597,3.668000,-12.582000
2026-06-15 16:52:23.283157,3.123000,-12.879000
2026-06-15 16:52:23.289254,3.568000,-12.473000
2026-06-15 16:52:23.289601,3.910000,-12.216000
2026-06-15 16:52:23.290032,4.074000,-12.284000
2026-06-15 16:52:23.290236,3.837000,-12.447000
2026-06-15 16:52:23.290466,3.700000,-12.517000
2026-06-15 16:52:23.292195,3.704000,-12.611000
2026-06-15 16:52:23.294488,3.134000,-12.877000
2026-06-15 16:52:23.298222,3.555000,-12.448000
2026-06-15 16:52:23.308849,3.819000,-12.218000
2026-06-15 16:52:23.314169,4.001000,-12.231000
2026-06-15 16:52:23.318886,3.860000,-12.449000
2026-06-15 16:52:23.319514,3.713000,-12.484000
2026-06-15 16:52:23.322104,3.683000,-12.592000
2026-06-15 16:52:23.323445,3.127000,-12.844000
2026-06-15 16:52:23.324000,3.580000,-12.494000
2026-06-15 16:52:23.328132,3.912000,-12.267000
2026-06-15 16:52:23.329429,4.023000,-12.283000
2026-06-15 16:52:23.329608,3.864000,-12.441000
2026-06-15 16:52:23.333612,3.641000,-12.363000
2026-06-15 16:52:23.347082,3.700000,-12.553000
2026-06-15 16:52:23.349838,3.102000,-12.858000
2026-06-15 16:52:23.350125,3.569000,-12.469000
2026-06-15 16:52:23.350383,3.908000,-12.295000
2026-06-15 16:52:23.351278,4.025000,-12.294000
2026-06-15 16:52:23.351455,3.904000,-12.471000
2026-06-15 16:52:23.352727,3.660000,-12.495000
2026-06-15 16:52:23.355021,3.665000,-12.622000
2026-06-15 16:52:23.355530,3.126000,-12.824000
2026-06-15 16:52:23.357386,3.578000,-12.446000
2026-06-15 16:52:23.364794,3.813000,-12.235000
2026-06-15 16:52:23.371993,4.052000,-12.260000
2026-06-15 16:52:23.376158,3.833000,-12.464000
2026-06-15 16:52:23.377892,3.741000,-12.516000
2026-06-15 16:52:23.384281,3.726000,-12.646000
2026-06-15 16:52:23.385568,3.152000,-12.844000
2026-06-15 16:52:23.385706,3.571000,-12.453000
2026-06-15 16:52:23.385814,3.913000,-12.254000
2026-06-15 16:52:23.385917,4.081000,-12.270000
2026-06-15 16:52:23.387848,3.871000,-12.460000
2026-06-15 16:52:23.388343,3.715000,-12.502000
2026-06-15 16:52:23.391141,3.701000,-12.664000
2026-06-15 16:52:23.408759,3.145000,-12.814000
2026-06-15 16:52:23.409317,3.545000,-12.493000
2026-06-15 16:52:23.410665,3.832000,-12.245000
2026-06-15 16:52:23.411774,4.087000,-12.292000
2026-06-15 16:52:23.412187,3.859000,-12.437000
2026-06-15 16:52:23.417434,3.693000,-12.503000
2026-06-15 16:52:23.417963,3.664000,-12.642000
2026-06-15 16:52:23.418148,3.143000,-12.848000
2026-06-15 16:52:23.419279,3.566000,-12.487000
2026-06-15 16:52:23.421098,3.917000,-12.289000
2026-06-15 16:52:23.423212,4.047000,-12.276000
2026-06-15 16:52:23.434826,3.871000,-12.388000
2026-06-15 16:52:23.444816,3.607000,-12.373000
2026-06-15 16:52:23.448908,3.636000,-12.566000
2026-06-15 16:52:23.449327,3.122000,-12.837000
2026-06-15 16:52:23.449561,3.592000,-12.485000
2026-06-15 16:52:23.449752,3.893000,-12.245000
2026-06-15 16:52:23.450211,4.063000,-12.281000
2026-06-15 16:52:23.450452,3.883000,-12.443000
2026-06-15 16:52:23.451001,3.690000,-12.472000
2026-06-15 16:52:23.453651,3.679000,-12.606000
2026-06-15 16:52:23.455274,3.110000,-12.812000
2026-06-15 16:52:23.479062,3.584000,-12.352000
2026-06-15 16:52:23.484582,3.810000,-12.258000
2026-06-15 16:52:23.488015,4.085000,-12.286000
2026-06-15 16:52:23.489240,3.847000,-12.445000
2026-06-15 16:52:23.489530,3.656000,-12.422000
2026-06-15 16:52:23.490102,3.671000,-12.616000
2026-06-15 16:52:23.507745,3.114000,-12.835000
2026-06-15 16:52:23.509447,3.550000,-12.411000
2026-06-15 16:52:23.515120,3.896000,-12.267000
2026-06-15 16:52:23.515259,4.104000,-12.282000
2026-06-15 16:52:23.517005,3.832000,-12.442000
2026-06-15 16:52:23.518026,3.689000,-12.495000
2026-06-15 16:52:23.518517,3.644000,-12.648000
2026-06-15 16:52:23.519234,3.118000,-12.828000
2026-06-15 16:52:23.519578,3.567000,-12.376000
2026-06-15 16:52:23.519737,3.797000,-12.230000
2026-06-15 16:52:23.520361,3.992000,-12.258000
2026-06-15 16:52:23.520499,3.816000,-12.416000
2026-06-15 16:52:23.520635,3.722000,-12.447000
2026-06-15 16:52:23.524022,3.659000,-12.682000
2026-06-15 16:52:23.524243,3.119000,-12.823000
2026-06-15 16:52:23.528727,3.572000,-12.441000
2026-06-15 16:52:23.530738,3.923000,-12.253000
2026-06-15 16:52:23.533063,4.021000,-12.260000
2026-06-15 16:52:23.533854,3.766000,-12.392000
2026-06-15 16:52:23.534113,3.659000,-12.436000
2026-06-15 16:52:23.534362,3.654000,-12.685000
2026-06-15 16:52:23.535861,3.114000,-12.784000
2026-06-15 16:52:23.540174,3.609000,-12.425000
2026-06-15 16:52:23.542529,3.940000,-12.275000
2026-06-15 16:52:23.544835,4.075000,-12.310000
2026-06-15 16:52:23.549121,3.796000,-12.447000
2026-06-15 16:52:23.549472,3.693000,-12.479000
2026-06-15 16:52:23.556011,3.670000,-12.684000
2026-06-15 16:52:23.559422,3.122000,-12.727000
2026-06-15 16:52:23.563348,3.594000,-12.424000
2026-06-15 16:52:23.563684,3.902000,-12.272000
2026-06-15 16:52:23.568859,4.094000,-12.296000
2026-06-15 16:52:23.579917,3.811000,-12.426000
2026-06-15 16:52:23.581048,3.654000,-12.476000
2026-06-15 16:52:23.581286,3.627000,-12.684000
2026-06-15 16:52:23.583812,3.109000,-12.782000
2026-06-15 16:52:23.584074,3.528000,-12.375000
2026-06-15 16:52:23.584201,3.914000,-12.254000
2026-06-15 16:52:23.584540,4.102000,-12.269000
2026-06-15 16:52:23.590182,3.809000,-12.438000
2026-06-15 16:52:23.590377,3.693000,-12.484000
2026-06-15 16:52:23.592873,3.694000,-12.739000
2026-06-15 16:52:23.595398,3.126000,-12.768000
2026-06-15 16:52:23.598659,3.547000,-12.378000
2026-06-15 16:52:23.609429,3.864000,-12.234000
2026-06-15 16:52:23.609923,4.047000,-12.276000
2026-06-15 16:52:23.617222,3.790000,-12.433000
2026-06-15 16:52:23.621619,3.663000,-12.436000
2026-06-15 16:52:23.623762,3.625000,-12.729000
2026-06-15 16:52:23.624498,3.167000,-12.814000
2026-06-15 16:52:23.624631,3.604000,-12.452000
2026-06-15 16:52:23.624744,3.933000,-12.227000
2026-06-15 16:52:23.624856,4.080000,-12.271000
2026-06-15 16:52:23.637357,3.811000,-12.369000
2026-06-15 16:52:23.638850,3.610000,-12.404000
2026-06-15 16:52:23.639702,3.582000,-12.678000
2026-06-15 16:52:23.643907,3.151000,-12.772000
2026-06-15 16:52:23.645080,3.555000,-12.415000
2026-06-15 16:52:23.645548,3.900000,-12.277000
2026-06-15 16:52:23.645842,4.143000,-12.289000
2026-06-15 16:52:23.648274,3.780000,-12.456000
2026-06-15 16:52:23.649348,3.686000,-12.472000
2026-06-15 16:52:23.670627,3.657000,-12.684000
2026-06-15 16:52:23.676699,3.134000,-12.714000
2026-06-15 16:52:23.680617,3.627000,-12.420000
2026-06-15 16:52:23.687099,3.900000,-12.204000
2026-06-15 16:52:23.687910,4.113000,-12.302000
2026-06-15 16:52:23.688500,3.792000,-12.450000
2026-06-15 16:52:23.688744,3.662000,-12.488000
2026-06-15 16:52:23.688914,3.670000,-12.712000
2026-06-15 16:52:23.689338,3.111000,-12.759000
2026-06-15 16:52:23.689964,3.597000,-12.434000
2026-06-15 16:52:23.712270,3.951000,-12.290000
2026-06-15 16:52:23.713781,4.142000,-12.300000
2026-06-15 16:52:23.714837,3.773000,-12.453000
2026-06-15 16:52:23.715044,3.679000,-12.491000
2026-06-15 16:52:23.723444,3.658000,-12.725000
2026-06-15 16:52:23.724809,3.094000,-12.770000
2026-06-15 16:52:23.730000,3.460000,-12.366000
2026-06-15 16:52:23.730623,3.920000,-12.246000
2026-06-15 16:52:23.743428,4.127000,-12.308000
2026-06-15 16:52:23.747128,3.793000,-12.437000
2026-06-15 16:52:23.748436,3.670000,-12.427000
2026-06-15 16:52:23.749355,3.680000,-12.785000
2026-06-15 16:52:23.752718,3.163000,-12.771000
2026-06-15 16:52:23.757483,3.628000,-12.444000
2026-06-15 16:52:23.758045,3.947000,-12.276000
2026-06-15 16:52:23.758187,4.119000,-12.288000
2026-06-15 16:52:23.758347,3.776000,-12.430000
2026-06-15 16:52:23.759263,3.578000,-12.382000
2026-06-15 16:52:23.759647,3.609000,-12.765000
2026-06-15 16:52:23.763215,3.105000,-12.714000
2026-06-15 16:52:23.764101,3.604000,-12.436000
2026-06-15 16:52:23.777780,3.980000,-12.289000
2026-06-15 16:52:23.780660,4.125000,-12.307000
2026-06-15 16:52:23.784341,3.727000,-12.419000
2026-06-15 16:52:23.787773,3.648000,-12.461000
2026-06-15 16:52:23.791164,3.661000,-12.834000
2026-06-15 16:52:23.796520,3.119000,-12.735000
2026-06-15 16:52:23.797913,3.613000,-12.401000
2026-06-15 16:52:23.798324,3.980000,-12.204000
2026-06-15 16:52:23.800216,4.095000,-12.277000
2026-06-15 16:52:23.800376,3.747000,-12.455000
2026-06-15 16:52:23.800502,3.647000,-12.371000
2026-06-15 16:52:23.800617,3.636000,-12.840000
2026-06-15 16:52:23.800738,3.108000,-12.706000
2026-06-15 16:52:23.800857,3.576000,-12.410000
2026-06-15 16:52:23.801012,3.957000,-12.263000
2026-06-15 16:52:23.822582,4.109000,-12.301000
2026-06-15 16:52:23.828086,3.763000,-12.436000
2026-06-15 16:52:23.831485,3.669000,-12.447000
2026-06-15 16:52:23.833316,3.667000,-12.830000
2026-06-15 16:52:23.833554,3.109000,-12.698000
2026-06-15 16:52:23.845871,3.579000,-12.387000
2026-06-15 16:52:23.850740,3.904000,-12.147000
2026-06-15 16:52:23.853655,4.123000,-12.250000
2026-06-15 16:52:23.855885,3.763000,-12.418000
2026-06-15 16:52:23.859678,3.693000,-12.481000
2026-06-15 16:52:23.865027,3.673000,-12.856000
2026-06-15 16:52:23.868505,3.112000,-12.696000
2026-06-15 16:52:23.868797,3.600000,-12.398000
2026-06-15 16:52:23.868907,3.975000,-12.268000
2026-06-15 16:52:23.869011,4.107000,-12.267000
2026-06-15 16:52:23.869131,3.795000,-12.436000
2026-06-15 16:52:23.869234,3.673000,-12.352000
2026-06-15 16:52:23.869327,3.629000,-12.884000
2026-06-15 16:52:23.869421,3.083000,-12.681000
2026-06-15 16:52:23.869512,3.602000,-12.393000
2026-06-15 16:52:23.870584,3.996000,-12.272000
2026-06-15 16:52:23.876860,4.108000,-12.314000
2026-06-15 16:52:23.881275,3.791000,-12.440000
2026-06-15 16:52:23.885614,3.685000,-12.481000
2026-06-15 16:52:23.892796,3.660000,-12.866000
2026-06-15 16:52:23.911940,3.117000,-12.715000
2026-06-15 16:52:23.918858,3.582000,-12.263000
2026-06-15 16:52:23.921664,3.984000,-12.286000
2026-06-15 16:52:23.923966,4.063000,-12.261000
2026-06-15 16:52:23.927140,3.781000,-12.459000
2026-06-15 16:52:23.939551,3.672000,-12.444000
2026-06-15 16:52:23.964379,3.659000,-12.859000
2026-06-15 16:52:23.967470,3.133000,-12.725000
2026-06-15 16:52:23.971941,3.614000,-12.409000
2026-06-15 16:52:23.976112,4.002000,-12.286000
2026-06-15 16:52:23.977051,4.044000,-12.292000
2026-06-15 16:52:23.990124,3.761000,-12.383000
2026-06-15 16:52:23.991809,3.608000,-12.436000
2026-06-15 16:52:23.998549,3.631000,-12.900000
2026-06-15 16:52:24.001942,3.122000,-12.611000
2026-06-15 16:52:24.003564,3.612000,-12.422000
2026-06-15 16:52:24.004001,4.006000,-12.452000
2026-06-15 16:52:24.004436,4.008000,-12.599000
2026-06-15 16:52:24.007400,3.742000,-12.975000
2026-06-15 16:52:24.012342,3.652000,-13.195000
2026-06-15 16:52:24.020326,3.640000,-13.814000
2026-06-15 16:52:24.020645,3.063000,-13.765000
2026-06-15 16:52:24.020799,3.543000,-13.590000
2026-06-15 16:52:24.020918,3.864000,-13.575000
2026-06-15 16:52:24.021023,3.850000,-13.755000
2026-06-15 16:52:24.031199,3.498000,-14.048000
2026-06-15 16:52:24.032539,3.427000,-14.246000
2026-06-15 16:52:24.035215,3.351000,-14.767000
2026-06-15 16:52:24.035852,2.702000,-14.568000
2026-06-15 16:52:24.036482,3.179000,-14.382000
2026-06-15 16:52:24.040496,3.540000,-14.298000
2026-06-15 16:52:24.045375,3.575000,-14.414000
2026-06-15 16:52:24.045956,3.321000,-14.676000
2026-06-15 16:52:24.048072,3.221000,-14.830000
2026-06-15 16:52:24.049342,3.184000,-15.381000
2026-06-15 16:52:24.049641,2.681000,-15.257000
2026-06-15 16:52:24.050400,3.178000,-15.088000
2026-06-15 16:52:24.051350,3.548000,-15.095000
2026-06-15 16:52:24.053993,3.563000,-15.253000
2026-06-15 16:52:24.056478,3.298000,-15.554000
2026-06-15 16:52:24.057224,3.229000,-15.765000
2026-06-15 16:52:24.057511,3.188000,-16.346000
2026-06-15 16:52:24.057766,2.617000,-16.270000
2026-06-15 16:52:24.058015,3.048000,-16.034000
2026-06-15 16:52:24.059347,3.493000,-16.113000
2026-06-15 16:52:24.059919,3.462000,-16.180000
2026-06-15 16:52:24.060440,3.235000,-16.461000
2026-06-15 16:52:24.060715,3.092000,-16.510000
2026-06-15 16:52:24.060919,3.084000,-17.063000
2026-06-15 16:52:24.061180,2.540000,-16.898000
2026-06-15 16:52:24.061561,3.067000,-16.673000
2026-06-15 16:52:24.061841,3.418000,-16.643000
2026-06-15 16:52:24.062110,3.441000,-16.743000
2026-06-15 16:52:24.062441,3.177000,-16.917000
2026-06-15 16:52:24.062751,3.019000,-16.917000
2026-06-15 16:52:24.063011,3.022000,-17.551000
2026-06-15 16:52:24.064252,2.503000,-17.420000
2026-06-15 16:52:24.065963,3.052000,-17.257000
2026-06-15 16:52:24.067309,3.437000,-17.262000
2026-06-15 16:52:24.067479,3.461000,-17.387000
2026-06-15 16:52:24.072677,3.174000,-17.594000
2026-06-15 16:52:24.074633,3.102000,-17.729000
2026-06-15 16:52:24.076405,3.050000,-18.271000
2026-06-15 16:52:24.076913,2.474000,-18.118000
2026-06-15 16:52:24.077041,2.957000,-17.818000
2026-06-15 16:52:24.082236,3.349000,-17.834000
2026-06-15 16:52:24.092140,3.332000,-17.948000
2026-06-15 16:52:24.092548,3.136000,-18.151000
2026-06-15 16:52:24.092783,3.020000,-18.104000
2026-06-15 16:52:24.092954,2.998000,-18.527000
2026-06-15 16:52:24.093102,2.404000,-18.202000
2026-06-15 16:52:24.106364,2.928000,-17.859000
2026-06-15 16:52:24.111666,3.290000,-17.752000
2026-06-15 16:52:24.112385,3.277000,-17.796000
2026-06-15 16:52:24.113191,3.005000,-17.939000
2026-06-15 16:52:24.116045,2.951000,-17.958000
2026-06-15 16:52:24.116247,2.926000,-18.406000
2026-06-15 16:52:24.116385,2.418000,-18.127000
2026-06-15 16:52:24.116507,2.919000,-17.798000
2026-06-15 16:52:24.116625,3.317000,-17.751000
2026-06-15 16:52:24.116750,3.353000,-17.759000
2026-06-15 16:52:24.116881,3.013000,-17.935000
2026-06-15 16:52:24.117028,2.990000,-17.948000
2026-06-15 16:52:24.117153,2.975000,-18.345000
2026-06-15 16:52:24.117279,2.401000,-17.975000
2026-06-15 16:52:24.117404,2.958000,-17.693000
2026-06-15 16:52:24.117533,3.308000,-17.695000
2026-06-15 16:52:24.117648,3.311000,-17.744000
2026-06-15 16:52:24.117765,3.051000,-17.887000
2026-06-15 16:52:24.117884,2.939000,-17.908000
2026-06-15 16:52:24.118007,2.944000,-18.317000
2026-06-15 16:52:24.119664,2.429000,-17.886000
2026-06-15 16:52:24.139489,2.883000,-17.698000
2026-06-15 16:52:24.142867,3.300000,-17.686000
2026-06-15 16:52:24.143922,3.319000,-17.741000
2026-06-15 16:52:24.145142,3.033000,-17.779000
2026-06-15 16:52:24.145599,3.004000,-17.872000
2026-06-15 16:52:24.146690,2.952000,-18.277000
2026-06-15 16:52:24.146873,2.429000,-17.968000
2026-06-15 16:52:24.147005,2.971000,-17.666000
2026-06-15 16:52:24.147144,3.349000,-17.664000
2026-06-15 16:52:24.147278,3.343000,-17.711000
2026-06-15 16:52:24.156024,3.020000,-17.680000
2026-06-15 16:52:24.170851,3.005000,-17.801000
2026-06-15 16:52:24.178664,2.945000,-18.259000
2026-06-15 16:52:24.184388,2.446000,-17.933000
2026-06-15 16:52:24.188655,2.969000,-17.648000
2026-06-15 16:52:24.194349,3.363000,-17.692000
2026-06-15 16:52:24.204103,3.469000,-17.957000
2026-06-15 16:52:24.204635,3.599000,-18.398000
2026-06-15 16:52:24.205739,4.165000,-19.026000
2026-06-15 16:52:24.206514,4.840000,-20.178000
2026-06-15 16:52:24.207011,5.062000,-20.612000
2026-06-15 16:52:24.208758,6.066000,-20.872000
2026-06-15 16:52:24.209505,6.714000,-21.131000
2026-06-15 16:52:24.210031,6.886000,-21.165000
2026-06-15 16:52:24.210398,6.732000,-21.424000
2026-06-15 16:52:24.210788,7.024000,-21.528000
2026-06-15 16:52:24.217868,7.138000,-22.109000
2026-06-15 16:52:24.220875,6.550000,-21.941000
2026-06-15 16:52:24.221059,6.906000,-21.608000
2026-06-15 16:52:24.222169,7.009000,-21.333000
2026-06-15 16:52:24.224350,6.876000,-21.120000
2026-06-15 16:52:24.224792,6.625000,-21.002000
2026-06-15 16:52:24.225369,6.589000,-20.916000
2026-06-15 16:52:24.225728,6.381000,-21.604000
2026-06-15 16:52:24.227576,5.925000,-21.524000
2026-06-15 16:52:24.230337,6.475000,-21.353000
2026-06-15 16:52:24.230751,6.944000,-21.303000
2026-06-15 16:52:24.231115,7.065000,-21.225000
2026-06-15 16:52:24.231227,6.818000,-21.160000
2026-06-15 16:52:24.234373,6.637000,-21.163000
2026-06-15 16:52:24.236496,6.492000,-21.695000
2026-06-15 16:52:24.239306,5.908000,-21.478000
2026-06-15 16:52:24.242810,6.492000,-21.128000
2026-06-15 16:52:24.261334,6.850000,-21.004000
2026-06-15 16:52:24.265564,6.811000,-20.970000
2026-06-15 16:52:24.267529,6.384000,-20.803000
2026-06-15 16:52:24.270028,6.445000,-20.993000
2026-06-15 16:52:24.271071,6.409000,-21.652000
2026-06-15 16:52:24.272056,6.017000,-21.463000
2026-06-15 16:52:24.274558,6.557000,-21.223000
2026-06-15 16:52:24.293151,6.892000,-21.087000
2026-06-15 16:52:24.293373,6.795000,-21.028000
2026-06-15 16:52:24.300786,6.488000,-20.986000
2026-06-15 16:52:24.301958,6.441000,-21.001000
2026-06-15 16:52:24.302280,6.335000,-21.515000
2026-06-15 16:52:24.305558,5.790000,-21.197000
2026-06-15 16:52:24.306565,6.304000,-21.045000
2026-06-15 16:52:24.309443,6.688000,-20.911000
2026-06-15 16:52:24.330288,6.771000,-20.967000
2026-06-15 16:52:24.331913,6.534000,-20.981000
2026-06-15 16:52:24.335776,6.475000,-21.038000
2026-06-15 16:52:24.336430,6.362000,-21.577000
2026-06-15 16:52:24.336988,5.860000,-21.298000
2026-06-15 16:52:24.337251,6.388000,-21.002000
2026-06-15 16:52:24.337383,6.726000,-20.857000
2026-06-15 16:52:24.337507,6.715000,-20.871000
2026-06-15 16:52:24.337622,6.446000,-20.894000
2026-06-15 16:52:24.337743,6.327000,-20.984000
2026-06-15 16:52:24.337895,6.263000,-21.467000
2026-06-15 16:52:24.338035,5.823000,-21.254000
2026-06-15 16:52:24.338160,6.401000,-20.981000
2026-06-15 16:52:24.338276,6.749000,-20.880000
2026-06-15 16:52:24.338401,6.713000,-20.867000
2026-06-15 16:52:24.338534,6.437000,-20.889000
2026-06-15 16:52:24.338669,6.386000,-20.953000
2026-06-15 16:52:24.338795,6.227000,-21.448000
2026-06-15 16:52:24.349791,5.814000,-21.000000
2026-06-15 16:52:24.350595,6.266000,-20.802000
2026-06-15 16:52:24.353769,6.685000,-20.680000
2026-06-15 16:52:24.360579,6.605000,-20.831000
2026-06-15 16:52:24.361594,6.410000,-20.883000
2026-06-15 16:52:24.361981,6.346000,-20.981000
2026-06-15 16:52:24.362150,6.145000,-21.420000
2026-06-15 16:52:24.362318,5.777000,-21.135000
2026-06-15 16:52:24.362467,6.326000,-20.830000
2026-06-15 16:52:24.365824,6.613000,-20.736000
2026-06-15 16:52:24.381391,6.619000,-20.806000
2026-06-15 16:52:24.381962,6.300000,-20.791000
2026-06-15 16:52:24.382314,6.306000,-20.860000
2026-06-15 16:52:24.382688,6.015000,-21.323000
2026-06-15 16:52:24.382794,5.774000,-21.099000
2026-06-15 16:52:24.388784,6.286000,-20.775000
2026-06-15 16:52:24.390733,6.629000,-20.729000
2026-06-15 16:52:24.390888,6.612000,-20.784000
2026-06-15 16:52:24.395548,6.346000,-20.794000
2026-06-15 16:52:24.396493,6.285000,-20.892000
2026-06-15 16:52:24.398217,6.160000,-21.342000
2026-06-15 16:52:24.401123,5.719000,-21.050000
2026-06-15 16:52:24.402216,6.247000,-20.731000
2026-06-15 16:52:24.405954,6.546000,-20.637000
2026-06-15 16:52:24.414506,6.531000,-20.729000
2026-06-15 16:52:24.420351,6.235000,-20.724000
2026-06-15 16:52:24.427664,6.290000,-20.874000
2026-06-15 16:52:24.429656,6.107000,-21.338000
2026-06-15 16:52:24.430324,5.659000,-20.994000
2026-06-15 16:52:24.430981,6.235000,-20.712000
2026-06-15 16:52:24.431462,6.565000,-20.630000
2026-06-15 16:52:24.432096,6.581000,-20.730000
2026-06-15 16:52:24.432365,6.324000,-20.831000
2026-06-15 16:52:24.451384,6.251000,-20.858000
2026-06-15 16:52:24.456906,6.025000,-21.208000
2026-06-15 16:52:24.459298,5.665000,-20.911000
2026-06-15 16:52:24.460022,6.254000,-20.631000
2026-06-15 16:52:24.460277,6.545000,-20.642000
2026-06-15 16:52:24.463598,6.532000,-20.724000
2026-06-15 16:52:24.464342,6.241000,-20.776000
2026-06-15 16:52:24.465576,6.213000,-20.819000
2026-06-15 16:52:24.465778,6.105000,-21.261000
2026-06-15 16:52:24.465925,5.690000,-20.969000
2026-06-15 16:52:24.466054,6.193000,-20.664000
2026-06-15 16:52:24.477552,6.538000,-20.618000
2026-06-15 16:52:24.483224,6.362000,-20.570000
2026-06-15 16:52:24.486588,6.243000,-20.683000
2026-06-15 16:52:24.490473,6.176000,-20.833000
2026-06-15 16:52:24.494609,6.119000,-21.243000
2026-06-15 16:52:24.494750,5.651000,-20.899000
2026-06-15 16:52:24.494865,6.146000,-20.653000
2026-06-15 16:52:24.494990,6.531000,-20.569000
2026-06-15 16:52:24.495111,6.519000,-20.687000
2026-06-15 16:52:24.495229,6.260000,-20.763000
2026-06-15 16:52:24.495338,6.095000,-20.673000
2026-06-15 16:52:24.510354,6.029000,-21.126000
2026-06-15 16:52:24.510498,5.603000,-20.949000
2026-06-15 16:52:24.510621,6.147000,-20.636000
2026-06-15 16:52:24.510784,6.525000,-20.565000
2026-06-15 16:52:24.510890,6.523000,-20.696000
2026-06-15 16:52:24.514792,6.221000,-20.734000
2026-06-15 16:52:24.515430,6.176000,-20.746000
2026-06-15 16:52:24.520918,6.031000,-21.174000
2026-06-15 16:52:24.521383,5.638000,-20.886000
2026-06-15 16:52:24.522777,6.170000,-20.594000
2026-06-15 16:52:24.525440,6.476000,-20.524000
2026-06-15 16:52:24.531671,6.468000,-20.585000
2026-06-15 16:52:24.542347,6.092000,-20.545000
2026-06-15 16:52:24.551186,6.172000,-20.711000
2026-06-15 16:52:24.554280,6.019000,-21.157000
2026-06-15 16:52:24.557910,5.627000,-20.871000
2026-06-15 16:52:24.565574,6.134000,-20.583000
2026-06-15 16:52:24.583282,6.495000,-20.487000
2026-06-15 16:52:24.583801,6.472000,-20.675000
2026-06-15 16:52:24.584171,6.225000,-20.658000
2026-06-15 16:52:24.584974,6.153000,-20.723000
2026-06-15 16:52:24.588007,6.027000,-21.127000
2026-06-15 16:52:24.588343,5.612000,-20.742000
2026-06-15 16:52:24.596162,5.993000,-20.526000
2026-06-15 16:52:24.606290,6.492000,-20.492000
2026-06-15 16:52:24.606575,6.420000,-20.558000
2026-06-15 16:52:24.610285,6.208000,-20.707000
2026-06-15 16:52:24.619297,6.144000,-20.733000
2026-06-15 16:52:24.620219,5.979000,-21.109000
2026-06-15 16:52:24.620772,5.584000,-20.827000
2026-06-15 16:52:24.623174,6.139000,-20.554000
2026-06-15 16:52:24.629957,6.479000,-20.492000
2026-06-15 16:52:24.650603,6.469000,-20.624000
2026-06-15 16:52:24.651110,6.205000,-20.522000
2026-06-15 16:52:24.651266,6.051000,-20.626000
2026-06-15 16:52:24.651420,5.866000,-21.110000
2026-06-15 16:52:24.656384,5.568000,-20.772000
2026-06-15 16:52:24.665323,6.128000,-20.560000
2026-06-15 16:52:24.671930,6.431000,-20.505000
2026-06-15 16:52:24.672181,6.410000,-20.623000
2026-06-15 16:52:24.672331,6.142000,-20.612000
2026-06-15 16:52:24.672669,6.114000,-20.700000
2026-06-15 16:52:24.674043,5.956000,-21.067000
2026-06-15 16:52:24.674201,5.568000,-20.781000
2026-06-15 16:52:24.674643,6.102000,-20.540000
2026-06-15 16:52:24.675749,6.457000,-20.357000
2026-06-15 16:52:24.679643,6.372000,-20.535000
2026-06-15 16:52:24.680072,6.183000,-20.630000
2026-06-15 16:52:24.681718,6.088000,-20.672000
2026-06-15 16:52:24.682477,5.947000,-21.065000
2026-06-15 16:52:24.683921,5.582000,-20.744000
2026-06-15 16:52:24.684056,6.060000,-20.504000
2026-06-15 16:52:24.684503,6.415000,-20.477000
2026-06-15 16:52:24.701785,6.446000,-20.620000
2026-06-15 16:52:24.704418,6.170000,-20.636000
2026-06-15 16:52:24.705703,6.099000,-20.636000
2026-06-15 16:52:24.706653,5.807000,-20.956000
2026-06-15 16:52:24.709951,5.547000,-20.670000
2026-06-15 16:52:24.711203,6.047000,-20.479000
2026-06-15 16:52:24.711552,6.426000,-20.438000
2026-06-15 16:52:24.712277,6.416000,-20.582000
2026-06-15 16:52:24.715373,6.128000,-20.560000
2026-06-15 16:52:24.715573,6.082000,-20.608000
2026-06-15 16:52:24.715705,5.911000,-21.044000
2026-06-15 16:52:24.715851,5.535000,-20.756000
2026-06-15 16:52:24.715999,6.058000,-20.479000
2026-06-15 16:52:24.734124,6.404000,-20.438000
2026-06-15 16:52:24.741869,6.240000,-20.438000
2026-06-15 16:52:24.742452,6.098000,-20.606000
2026-06-15 16:52:24.742618,6.057000,-20.610000
2026-06-15 16:52:24.742765,5.924000,-21.016000
2026-06-15 16:52:24.742887,5.533000,-20.703000
2026-06-15 16:52:24.743008,6.065000,-20.457000
2026-06-15 16:52:24.743128,6.308000,-20.421000
2026-06-15 16:52:24.743259,6.345000,-20.543000
2026-06-15 16:52:24.743391,6.096000,-20.575000
2026-06-15 16:52:24.743528,6.058000,-20.497000
2026-06-15 16:52:24.743655,5.837000,-20.884000
2026-06-15 16:52:24.743781,5.512000,-20.690000
2026-06-15 16:52:24.743945,6.015000,-20.456000
2026-06-15 16:52:24.747939,6.387000,-20.390000
2026-06-15 16:52:24.758240,6.371000,-20.462000
2026-06-15 16:52:24.766226,6.071000,-20.566000
2026-06-15 16:52:24.766580,6.052000,-20.584000
2026-06-15 16:52:24.767164,5.881000,-20.996000
2026-06-15 16:52:24.770233,5.512000,-20.711000
2026-06-15 16:52:24.776856,6.032000,-20.456000
2026-06-15 16:52:24.781514,6.271000,-20.323000
2026-06-15 16:52:24.782431,6.253000,-20.404000
2026-06-15 16:52:24.787321,6.056000,-20.518000
2026-06-15 16:52:24.793260,6.044000,-20.559000
2026-06-15 16:52:24.793672,5.877000,-20.945000
2026-06-15 16:52:24.793978,5.506000,-20.637000
2026-06-15 16:52:24.794292,6.005000,-20.451000
2026-06-15 16:52:24.795924,6.366000,-20.410000
2026-06-15 16:52:24.796561,6.352000,-20.330000
2026-06-15 16:52:24.796801,5.959000,-20.485000
2026-06-15 16:52:24.799120,6.012000,-20.532000
2026-06-15 16:52:24.822359,5.871000,-20.936000
2026-06-15 16:52:24.825787,5.481000,-20.676000
2026-06-15 16:52:24.827738,6.006000,-20.373000
2026-06-15 16:52:24.828707,6.358000,-20.410000
2026-06-15 16:52:24.829473,6.315000,-20.458000
2026-06-15 16:52:24.830620,5.993000,-20.538000
2026-06-15 16:52:24.831073,6.029000,-20.557000
2026-06-15 16:52:24.831183,5.785000,-20.959000
2026-06-15 16:52:24.831290,5.480000,-20.662000
2026-06-15 16:52:24.834537,5.961000,-20.373000
2026-06-15 16:52:24.835005,6.303000,-20.293000
2026-06-15 16:52:24.840500,6.283000,-20.376000
2026-06-15 16:52:24.841264,6.073000,-20.521000
2026-06-15 16:52:24.848666,6.026000,-20.535000
2026-06-15 16:52:24.848866,5.891000,-20.871000
2026-06-15 16:52:24.849480,5.488000,-20.642000
2026-06-15 16:52:24.849834,5.993000,-20.384000
2026-06-15 16:52:24.850117,6.365000,-20.356000
2026-06-15 16:52:24.850252,6.332000,-20.452000
2026-06-15 16:52:24.850483,6.079000,-20.472000
2026-06-15 16:52:24.855991,5.956000,-20.460000
2026-06-15 16:52:24.859180,5.811000,-20.867000
2026-06-15 16:52:24.859561,5.426000,-20.629000
2026-06-15 16:52:24.859677,5.977000,-20.381000
2026-06-15 16:52:24.859777,6.348000,-20.313000
2026-06-15 16:52:24.859899,6.323000,-20.425000
2026-06-15 16:52:24.860014,6.051000,-20.488000
2026-06-15 16:52:24.860137,6.004000,-20.504000
2026-06-15 16:52:24.860262,5.876000,-20.938000
2026-06-15 16:52:24.862395,5.440000,-20.602000
2026-06-15 16:52:24.869757,5.946000,-20.302000
2026-06-15 16:52:24.882820,6.299000,-20.271000
2026-06-15 16:52:24.883323,6.280000,-20.446000
2026-06-15 16:52:24.889469,6.073000,-20.482000
2026-06-15 16:52:24.890219,6.028000,-20.507000
2026-06-15 16:52:24.890388,5.873000,-20.931000
2026-06-15 16:52:24.890528,5.454000,-20.663000
2026-06-15 16:52:24.890653,5.981000,-20.324000
2026-06-15 16:52:24.890777,6.308000,-20.352000
2026-06-15 16:52:24.890896,6.316000,-20.402000
2026-06-15 16:52:24.894491,5.953000,-20.340000
2026-06-15 16:52:24.896938,5.943000,-20.374000
2026-06-15 16:52:24.898889,5.766000,-20.864000
2026-06-15 16:52:24.909897,5.443000,-20.629000
2026-06-15 16:52:24.912458,5.979000,-20.370000
2026-06-15 16:52:24.912759,6.332000,-20.342000
2026-06-15 16:52:24.913939,6.311000,-20.406000
2026-06-15 16:52:24.914175,6.056000,-20.485000
2026-06-15 16:52:24.921121,5.985000,-20.433000
2026-06-15 16:52:24.926355,5.896000,-20.883000
2026-06-15 16:52:24.935893,5.435000,-20.623000
2026-06-15 16:52:24.939611,5.891000,-20.357000
2026-06-15 16:52:24.952636,6.315000,-20.346000
2026-06-15 16:52:24.953051,6.290000,-20.320000
2026-06-15 16:52:24.953541,5.994000,-20.475000
2026-06-15 16:52:24.956842,5.936000,-20.445000
2026-06-15 16:52:24.958362,5.820000,-20.893000
2026-06-15 16:52:24.959297,5.429000,-20.623000
2026-06-15 16:52:24.960547,5.980000,-20.341000
2026-06-15 16:52:24.960948,6.322000,-20.258000
2026-06-15 16:52:24.961086,6.300000,-20.398000
2026-06-15 16:52:24.961198,6.058000,-20.476000
2026-06-15 16:52:24.962434,5.980000,-20.347000
2026-06-15 16:52:24.966639,5.840000,-20.869000
2026-06-15 16:52:24.975985,5.411000,-20.530000
2026-06-15 16:52:24.976540,5.958000,-20.353000
2026-06-15 16:52:24.976914,6.299000,-20.280000
2026-06-15 16:52:24.977980,6.296000,-20.397000
2026-06-15 16:52:24.983172,6.001000,-20.455000
2026-06-15 16:52:24.985823,5.974000,-20.504000
2026-06-15 16:52:24.987019,5.900000,-20.917000
2026-06-15 16:52:24.987781,5.370000,-20.583000
2026-06-15 16:52:24.989309,5.955000,-20.356000
2026-06-15 16:52:24.991539,6.332000,-20.290000
2026-06-15 16:52:24.993086,6.301000,-20.197000
2026-06-15 16:52:24.993316,5.910000,-20.356000
2026-06-15 16:52:24.997219,5.994000,-20.498000
2026-06-15 16:52:24.999280,5.869000,-20.823000
2026-06-15 16:52:25.002322,5.408000,-20.631000
2026-06-15 16:52:25.006101,5.959000,-20.362000
2026-06-15 16:52:25.008204,6.315000,-20.301000
2026-06-15 16:52:25.016446,6.295000,-20.384000
2026-06-15 16:52:25.018842,6.017000,-20.425000
2026-06-15 16:52:25.019260,5.993000,-20.314000
2026-06-15 16:52:25.020684,5.875000,-20.911000
2026-06-15 16:52:25.022102,5.396000,-20.623000
2026-06-15 16:52:25.030757,5.939000,-20.352000
2026-06-15 16:52:25.031155,6.292000,-20.259000
2026-06-15 16:52:25.032716,6.299000,-20.373000
2026-06-15 16:52:25.035163,6.023000,-20.447000
2026-06-15 16:52:25.036317,5.971000,-20.455000
2026-06-15 16:52:25.041174,5.887000,-20.773000
2026-06-15 16:52:25.053669,5.336000,-20.587000
2026-06-15 16:52:25.054824,5.935000,-20.322000
2026-06-15 16:52:25.055250,6.305000,-20.246000
2026-06-15 16:52:25.055484,6.262000,-20.332000
2026-06-15 16:52:25.058178,5.988000,-20.438000
2026-06-15 16:52:25.058571,5.953000,-20.473000
2026-06-15 16:52:25.061797,5.865000,-20.885000
2026-06-15 16:52:25.067673,5.417000,-20.605000
2026-06-15 16:52:25.072174,5.926000,-20.324000
2026-06-15 16:52:25.072610,6.285000,-20.259000
2026-06-15 16:52:25.073288,6.284000,-20.352000
2026-06-15 16:52:25.074035,5.876000,-20.415000
2026-06-15 16:52:25.084623,5.898000,-20.381000
2026-06-15 16:52:25.085259,5.813000,-20.807000
2026-06-15 16:52:25.085789,5.382000,-20.594000
2026-06-15 16:52:25.088656,5.921000,-20.325000
2026-06-15 16:52:25.089040,6.285000,-20.195000
2026-06-15 16:52:25.090361,6.284000,-20.381000
2026-06-15 16:52:25.097909,6.029000,-20.421000
2026-06-15 16:52:25.102922,5.959000,-20.446000
2026-06-15 16:52:25.114582,5.855000,-20.856000
2026-06-15 16:52:25.115161,5.357000,-20.467000
2026-06-15 16:52:25.123242,5.868000,-20.265000
2026-06-15 16:52:25.130298,6.233000,-20.259000
2026-06-15 16:52:25.134987,6.259000,-20.349000
2026-06-15 16:52:25.135185,6.003000,-20.417000
2026-06-15 16:52:25.135330,5.952000,-20.405000
2026-06-15 16:52:25.135476,5.836000,-20.839000
2026-06-15 16:52:25.143212,5.375000,-20.580000
2026-06-15 16:52:25.148258,5.921000,-20.316000
2026-06-15 16:52:25.153826,6.289000,-20.258000
2026-06-15 16:52:25.154748,6.283000,-20.307000
2026-06-15 16:52:25.155225,6.025000,-20.311000
2026-06-15 16:52:25.158337,5.910000,-20.354000
2026-06-15 16:52:25.165129,5.799000,-20.855000
2026-06-15 16:52:25.168172,5.382000,-20.591000
2026-06-15 16:52:25.169202,5.938000,-20.306000
2026-06-15 16:52:25.170223,6.278000,-20.220000
2026-06-15 16:52:25.171608,6.262000,-20.325000
2026-06-15 16:52:25.182939,6.021000,-20.414000
2026-06-15 16:52:25.183178,5.950000,-20.450000
2026-06-15 16:52:25.183324,5.869000,-20.866000
2026-06-15 16:52:25.183435,5.407000,-20.592000
2026-06-15 16:52:25.186174,5.850000,-20.227000
2026-06-15 16:52:25.192073,6.270000,-20.155000
2026-06-15 16:52:25.193641,6.266000,-20.325000
2026-06-15 16:52:25.214542,6.021000,-20.391000
2026-06-15 16:52:25.216828,5.946000,-20.438000
2026-06-15 16:52:25.220831,5.868000,-20.826000
2026-06-15 16:52:25.225056,5.406000,-20.571000
2026-06-15 16:52:25.225473,5.944000,-20.318000
2026-06-15 16:52:25.240101,6.257000,-20.281000
2026-06-15 16:52:25.240746,6.279000,-20.376000
2026-06-15 16:52:25.243739,6.023000,-20.382000
2026-06-15 16:52:25.244156,5.947000,-20.292000
2026-06-15 16:52:25.246673,5.775000,-20.878000
2026-06-15 16:52:25.248152,5.278000,-20.519000
2026-06-15 16:52:25.248995,5.943000,-20.296000
2026-06-15 16:52:25.252677,6.240000,-20.254000
2026-06-15 16:52:25.264134,6.236000,-20.331000
2026-06-15 16:52:25.264600,5.959000,-20.408000
2026-06-15 16:52:25.273849,5.924000,-20.416000
2026-06-15 16:52:25.277961,5.869000,-20.855000
2026-06-15 16:52:25.281545,5.373000,-20.506000
2026-06-15 16:52:25.281762,5.933000,-20.234000
2026-06-15 16:52:25.281899,6.294000,-20.133000
2026-06-15 16:52:25.282020,6.278000,-20.356000
2026-06-15 16:52:25.282401,6.002000,-20.403000
2026-06-15 16:52:25.283300,5.952000,-20.418000
2026-06-15 16:52:25.284318,5.868000,-20.872000
2026-06-15 16:52:25.298222,5.390000,-20.546000
2026-06-15 16:52:25.298636,5.950000,-20.307000
2026-06-15 16:52:25.303193,6.269000,-20.257000
2026-06-15 16:52:25.308257,6.282000,-20.321000
2026-06-15 16:52:25.308908,5.930000,-20.403000
2026-06-15 16:52:25.311195,5.896000,-20.346000
2026-06-15 16:52:25.312202,5.783000,-20.822000
2026-06-15 16:52:25.313070,5.411000,-20.565000
2026-06-15 16:52:25.322822,5.923000,-20.272000
2026-06-15 16:52:25.325555,6.209000,-20.243000
2026-06-15 16:52:25.326043,6.284000,-20.293000
2026-06-15 16:52:25.337630,5.975000,-20.384000
2026-06-15 16:52:25.341722,5.947000,-20.393000
2026-06-15 16:52:25.342157,5.859000,-20.841000
2026-06-15 16:52:25.353048,5.317000,-20.448000
2026-06-15 16:52:25.353413,5.910000,-20.300000
2026-06-15 16:52:25.353583,6.210000,-20.225000
2026-06-15 16:52:25.353712,6.263000,-20.328000
2026-06-15 16:52:25.357677,5.992000,-20.395000
2026-06-15 16:52:25.390569,5.938000,-20.403000
2026-06-15 16:52:25.391149,5.873000,-20.847000
2026-06-15 16:52:25.395539,5.381000,-20.570000
2026-06-15 16:52:25.397332,5.940000,-20.292000
2026-06-15 16:52:25.409797,6.279000,-20.219000
2026-06-15 16:52:25.410351,6.249000,-20.324000
2026-06-15 16:52:25.410540,5.989000,-20.386000
2026-06-15 16:52:25.420695,5.941000,-20.397000
2026-06-15 16:52:25.426099,5.867000,-20.824000
2026-06-15 16:52:25.426563,5.293000,-20.476000
2026-06-15 16:52:25.426771,5.902000,-20.162000
2026-06-15 16:52:25.426936,6.232000,-20.241000
2026-06-15 16:52:25.427105,6.276000,-20.344000
2026-06-15 16:52:25.428328,6.017000,-20.389000
2026-06-15 16:52:25.428867,5.945000,-20.400000
2026-06-15 16:52:25.437854,5.862000,-20.824000
2026-06-15 16:52:25.444932,5.390000,-20.522000
2026-06-15 16:52:25.450293,5.916000,-20.287000
2026-06-15 16:52:25.451643,6.283000,-20.244000
2026-06-15 16:52:25.451844,6.279000,-20.324000
2026-06-15 16:52:25.454041,5.990000,-20.387000
2026-06-15 16:52:25.454245,5.934000,-20.387000
2026-06-15 16:52:25.454363,5.802000,-20.708000
2026-06-15 16:52:25.454506,5.301000,-20.535000
2026-06-15 16:52:25.454697,5.900000,-20.160000
2026-06-15 16:52:25.456186,6.297000,-20.223000
2026-06-15 16:52:25.456450,6.278000,-20.308000
2026-06-15 16:52:25.466202,6.020000,-20.392000
2026-06-15 16:52:25.477886,5.915000,-20.306000
2026-06-15 16:52:25.479670,5.804000,-20.816000
2026-06-15 16:52:25.485406,5.400000,-20.557000
2026-06-15 16:52:25.487464,5.940000,-20.296000
2026-06-15 16:52:25.490224,6.275000,-20.211000
2026-06-15 16:52:25.490961,6.249000,-20.319000
2026-06-15 16:52:25.496922,6.015000,-20.396000
2026-06-15 16:52:25.497131,5.971000,-20.404000
2026-06-15 16:52:25.497963,5.804000,-20.852000
2026-06-15 16:52:25.498089,5.401000,-20.545000
2026-06-15 16:52:25.502032,5.941000,-20.293000
2026-06-15 16:52:25.526238,6.292000,-20.209000
2026-06-15 16:52:25.536880,6.282000,-20.261000
2026-06-15 16:52:25.539179,6.010000,-20.408000
2026-06-15 16:52:25.539742,5.980000,-20.405000
2026-06-15 16:52:25.549001,5.838000,-20.816000
2026-06-15 16:52:25.559077,5.348000,-20.416000
2026-06-15 16:52:25.563817,5.820000,-20.258000
2026-06-15 16:52:25.564288,6.267000,-20.228000
2026-06-15 16:52:25.564875,6.260000,-20.265000
2026-06-15 16:52:25.565104,5.991000,-20.391000
2026-06-15 16:52:25.565290,5.934000,-20.404000
2026-06-15 16:52:25.565455,5.860000,-20.721000
2026-06-15 16:52:25.565615,5.403000,-20.547000
2026-06-15 16:52:25.584364,5.919000,-20.288000
2026-06-15 16:52:25.584831,6.290000,-20.235000
2026-06-15 16:52:25.586948,6.242000,-20.265000
2026-06-15 16:52:25.592296,6.000000,-20.385000
2026-06-15 16:52:25.595707,5.965000,-20.379000
2026-06-15 16:52:25.611160,5.906000,-20.764000
2026-06-15 16:52:25.616141,5.411000,-20.564000
2026-06-15 16:52:25.617324,5.949000,-20.293000
2026-06-15 16:52:25.617521,6.301000,-20.236000
2026-06-15 16:52:25.617674,6.297000,-20.287000
2026-06-15 16:52:25.617822,6.053000,-20.367000
2026-06-15 16:52:25.617968,5.978000,-20.367000
2026-06-15 16:52:25.618200,5.914000,-20.824000
2026-06-15 16:52:25.629065,5.396000,-20.565000
2026-06-15 16:52:25.630427,5.915000,-20.301000
2026-06-15 16:52:25.656020,6.319000,-20.244000
2026-06-15 16:52:25.670030,6.308000,-20.253000
2026-06-15 16:52:25.698259,6.040000,-20.371000
2026-06-15 16:52:25.729919,5.942000,-20.418000
2026-06-15 16:52:25.739752,5.920000,-20.808000
2026-06-15 16:52:25.742882,5.375000,-20.579000
2026-06-15 16:52:25.763682,5.925000,-20.280000
2026-06-15 16:52:25.803750,6.270000,-20.195000
2026-06-15 16:52:25.840384,6.282000,-20.296000
2026-06-15 16:52:25.863648,6.008000,-20.347000
2026-06-15 16:52:25.875040,5.839000,-20.268000
2026-06-15 16:52:25.905402,5.892000,-20.839000
2026-06-15 16:52:25.908287,5.278000,-20.508000
2026-06-15 16:52:25.916617,5.920000,-20.278000
2026-06-15 16:52:25.925100,6.255000,-20.250000
2026-06-15 16:52:25.957885,6.291000,-20.302000
2026-06-15 16:52:25.964917,6.015000,-20.386000
2026-06-15 16:52:25.967572,5.905000,-20.351000
2026-06-15 16:52:25.968487,5.929000,-20.818000
2026-06-15 16:52:26.004503,5.373000,-20.549000
2026-06-15 16:52:26.009067,5.971000,-20.276000
2026-06-15 16:52:26.015246,6.301000,-20.149000
2026-06-15 16:52:26.025149,6.301000,-20.326000
2026-06-15 16:52:26.027423,6.043000,-20.408000
2026-06-15 16:52:26.028112,5.967000,-20.404000
2026-06-15 16:52:26.031510,5.940000,-20.796000
2026-06-15 16:52:26.048928,5.387000,-20.564000
2026-06-15 16:52:26.049667,5.927000,-20.261000
2026-06-15 16:52:26.055143,6.203000,-20.229000
2026-06-15 16:52:26.061122,6.292000,-20.254000
2026-06-15 16:52:26.061621,6.050000,-20.368000
2026-06-15 16:52:26.063322,5.907000,-20.281000
2026-06-15 16:52:26.064276,5.901000,-20.809000
2026-06-15 16:52:26.064533,5.387000,-20.583000
2026-06-15 16:52:26.064631,5.909000,-20.212000
2026-06-15 16:52:26.071486,6.275000,-20.141000
2026-06-15 16:52:26.071726,6.270000,-20.292000
2026-06-15 16:52:26.077150,6.024000,-20.407000
2026-06-15 16:52:26.077805,5.966000,-20.411000
2026-06-15 16:52:26.078404,5.939000,-20.839000
2026-06-15 16:52:26.078650,5.399000,-20.550000
2026-06-15 16:52:26.078802,5.914000,-20.239000
2026-06-15 16:52:26.078948,6.260000,-20.227000
2026-06-15 16:52:26.079131,6.290000,-20.297000
2026-06-15 16:52:26.079275,6.036000,-20.401000
2026-06-15 16:52:26.079429,5.956000,-20.303000
2026-06-15 16:52:26.079557,5.839000,-20.779000
2026-06-15 16:52:26.079658,5.327000,-20.556000
2026-06-15 16:52:26.079755,5.878000,-20.277000
2026-06-15 16:52:26.086193,6.296000,-20.168000
2026-06-15 16:52:26.094231,6.253000,-20.211000
2026-06-15 16:52:26.096951,6.044000,-20.393000
2026-06-15 16:52:26.097354,5.974000,-20.337000
2026-06-15 16:52:26.097584,5.906000,-20.756000
2026-06-15 16:52:26.098854,5.398000,-20.541000
2026-06-15 16:52:26.102186,5.933000,-20.260000
2026-06-15 16:52:26.107941,6.311000,-20.212000
2026-06-15 16:52:26.109616,6.286000,-20.257000
2026-06-15 16:52:26.123391,6.047000,-20.370000
2026-06-15 16:52:26.123843,5.969000,-20.392000
2026-06-15 16:52:26.124166,5.877000,-20.815000
2026-06-15 16:52:26.124267,5.394000,-20.556000
2026-06-15 16:52:26.124359,5.898000,-20.256000
2026-06-15 16:52:26.127112,6.254000,-20.204000
2026-06-15 16:52:26.127943,6.270000,-20.267000
2026-06-15 16:52:26.128182,6.034000,-20.383000
2026-06-15 16:52:26.128446,5.959000,-20.402000
2026-06-15 16:52:26.128700,5.842000,-20.847000
2026-06-15 16:52:26.129162,5.388000,-20.528000
2026-06-15 16:52:26.130813,5.888000,-20.267000
2026-06-15 16:52:26.136453,6.315000,-20.178000
2026-06-15 16:52:26.142427,6.290000,-20.280000
2026-06-15 16:52:26.142864,6.038000,-20.371000
2026-06-15 16:52:26.143109,5.960000,-20.387000
2026-06-15 16:52:26.156260,5.876000,-20.817000
2026-06-15 16:52:26.161771,5.329000,-20.425000
2026-06-15 16:52:26.170953,5.815000,-20.192000
2026-06-15 16:52:26.171124,6.225000,-20.217000
2026-06-15 16:52:26.171232,6.279000,-20.308000
2026-06-15 16:52:26.171331,6.036000,-20.406000
2026-06-15 16:52:26.171430,5.954000,-20.391000
2026-06-15 16:52:26.176531,5.892000,-20.840000
2026-06-15 16:52:26.191065,5.374000,-20.548000
2026-06-15 16:52:26.191891,5.925000,-20.281000
2026-06-15 16:52:26.192232,6.259000,-20.176000
2026-06-15 16:52:26.202213,6.289000,-20.304000
2026-06-15 16:52:26.203959,6.018000,-20.386000
2026-06-15 16:52:26.204205,5.903000,-20.344000
2026-06-15 16:52:26.204602,5.876000,-20.842000
2026-06-15 16:52:26.205163,5.408000,-20.552000
2026-06-15 16:52:26.210858,5.928000,-20.281000
2026-06-15 16:52:26.212382,6.295000,-20.226000
2026-06-15 16:52:26.223963,6.335000,-20.252000
2026-06-15 16:52:26.228369,6.018000,-20.385000
2026-06-15 16:52:26.232902,5.903000,-20.394000
2026-06-15 16:52:26.234551,5.932000,-20.839000
2026-06-15 16:52:26.234848,5.418000,-20.521000
2026-06-15 16:52:26.235405,5.920000,-20.284000
2026-06-15 16:52:26.239918,6.231000,-20.166000
2026-06-15 16:52:26.252146,6.255000,-20.286000
2026-06-15 16:52:26.253070,6.021000,-20.376000
2026-06-15 16:52:26.254431,5.981000,-20.430000
2026-06-15 16:52:26.254614,5.909000,-20.847000
2026-06-15 16:52:26.254762,5.412000,-20.540000
2026-06-15 16:52:26.254920,5.951000,-20.252000
2026-06-15 16:52:26.255055,6.295000,-20.204000
2026-06-15 16:52:26.255704,6.292000,-20.277000
2026-06-15 16:52:26.256321,6.028000,-20.348000
2026-06-15 16:52:26.258879,5.863000,-20.341000
2026-06-15 16:52:26.263235,5.930000,-20.799000
2026-06-15 16:52:26.266498,5.397000,-20.437000
2026-06-15 16:52:26.266925,5.811000,-20.180000
2026-06-15 16:52:26.267885,6.299000,-20.229000
2026-06-15 16:52:26.286839,6.271000,-20.312000
2026-06-15 16:52:26.294470,6.031000,-20.374000
2026-06-15 16:52:26.294680,5.890000,-20.322000
2026-06-15 16:52:26.294825,5.883000,-20.826000
2026-06-15 16:52:26.294978,5.404000,-20.554000
2026-06-15 16:52:26.296092,5.940000,-20.302000
2026-06-15 16:52:26.296699,6.308000,-20.237000
2026-06-15 16:52:26.324254,6.284000,-20.282000
2026-06-15 16:52:26.328557,6.002000,-20.371000
2026-06-15 16:52:26.330232,5.943000,-20.390000
2026-06-15 16:52:26.330542,5.948000,-20.779000
2026-06-15 16:52:26.332051,5.398000,-20.561000
2026-06-15 16:52:26.335652,5.885000,-20.262000
2026-06-15 16:52:26.345933,6.296000,-20.209000
2026-06-15 16:52:26.346274,6.275000,-20.297000
2026-06-15 16:52:26.353589,6.025000,-20.340000
2026-06-15 16:52:26.353791,5.968000,-20.371000
2026-06-15 16:52:26.353932,5.932000,-20.752000
2026-06-15 16:52:26.354068,5.352000,-20.557000
2026-06-15 16:52:26.354245,5.907000,-20.266000
2026-06-15 16:52:26.354382,6.307000,-20.213000
2026-06-15 16:52:26.356471,6.316000,-20.289000
2026-06-15 16:52:26.356810,6.025000,-20.308000
2026-06-15 16:52:26.357059,5.924000,-20.317000
2026-06-15 16:52:26.357329,5.870000,-20.641000
2026-06-15 16:52:26.358706,5.374000,-20.557000
2026-06-15 16:52:26.359015,5.897000,-20.204000
2026-06-15 16:52:26.359232,6.277000,-20.169000
2026-06-15 16:52:26.359404,6.267000,-20.264000
2026-06-15 16:52:26.359563,5.995000,-20.302000
2026-06-15 16:52:26.369670,5.919000,-20.394000
2026-06-15 16:52:26.398994,5.928000,-20.837000
2026-06-15 16:52:26.399249,5.403000,-20.514000
2026-06-15 16:52:26.404525,5.946000,-20.222000
2026-06-15 16:52:26.412127,6.271000,-20.162000
2026-06-15 16:52:26.415340,6.261000,-20.167000
2026-06-15 16:52:26.427466,6.018000,-20.258000
2026-06-15 16:52:26.427684,5.907000,-20.253000
2026-06-15 16:52:26.427975,5.872000,-20.670000
2026-06-15 16:52:26.437544,5.349000,-20.439000
2026-06-15 16:52:26.449197,5.889000,-20.136000
2026-06-15 16:52:26.449389,6.277000,-20.077000
2026-06-15 16:52:26.453641,6.261000,-20.108000
2026-06-15 16:52:26.456566,5.983000,-20.188000
2026-06-15 16:52:26.456863,5.915000,-20.165000
2026-06-15 16:52:26.462797,5.857000,-20.565000
2026-06-15 16:52:26.466017,5.303000,-20.240000
2026-06-15 16:52:26.476742,5.878000,-19.970000
2026-06-15 16:52:26.477123,6.231000,-19.897000
2026-06-15 16:52:26.477295,6.203000,-19.902000
2026-06-15 16:52:26.480049,5.901000,-20.010000
2026-06-15 16:52:26.491698,5.845000,-19.913000
2026-06-15 16:52:26.492511,5.859000,-20.415000
2026-06-15 16:52:26.492880,5.358000,-20.110000
2026-06-15 16:52:26.493020,5.872000,-19.794000
2026-06-15 16:52:26.496317,6.290000,-19.676000
2026-06-15 16:52:26.531400,6.294000,-19.648000
2026-06-15 16:52:26.539790,6.008000,-19.641000
2026-06-15 16:52:26.541543,5.962000,-19.671000
2026-06-15 16:52:26.541953,5.964000,-20.070000
2026-06-15 16:52:26.542108,5.470000,-19.825000
2026-06-15 16:52:26.546764,5.881000,-19.343000
2026-06-15 16:52:26.546992,6.280000,-19.340000
2026-06-15 16:52:26.547136,6.354000,-19.417000
2026-06-15 16:52:26.547255,6.137000,-19.468000
2026-06-15 16:52:26.579678,6.083000,-19.471000
2026-06-15 16:52:26.601401,6.044000,-19.873000
2026-06-15 16:52:26.621792,5.476000,-19.560000
2026-06-15 16:52:26.698390,5.977000,-19.228000
2026-06-15 16:52:26.709384,6.459000,-19.090000
2026-06-15 16:52:26.745283,6.484000,-19.064000
2026-06-15 16:52:26.746086,6.186000,-19.122000
2026-06-15 16:52:26.809356,6.131000,-19.034000
2026-06-15 16:52:26.858100,6.132000,-19.402000
2026-06-15 16:52:26.921590,5.604000,-19.099000
2026-06-15 16:52:27.032319,6.158000,-18.752000
2026-06-15 16:52:27.073050,6.536000,-18.665000
2026-06-15 16:52:27.150821,6.545000,-18.567000
2026-06-15 16:52:27.241006,6.197000,-18.652000
2026-06-15 16:52:27.277934,6.175000,-18.690000
2026-06-15 16:52:27.293396,6.118000,-19.039000
2026-06-15 16:52:27.293739,5.693000,-18.742000
2026-06-15 16:52:27.294042,6.268000,-18.343000
2026-06-15 16:52:27.294336,6.612000,-18.247000
2026-06-15 16:52:27.294633,6.645000,-18.265000
2026-06-15 16:52:27.301611,6.423000,-18.249000
2026-06-15 16:52:27.357244,6.394000,-18.245000
2026-06-15 16:52:27.384007,6.327000,-18.589000
2026-06-15 16:52:27.384811,5.818000,-18.215000
2026-06-15 16:52:27.385408,6.391000,-17.712000
2026-06-15 16:52:27.397319,6.719000,-17.589000
2026-06-15 16:52:27.472535,6.796000,-17.594000
2026-06-15 16:52:27.486559,6.580000,-17.667000
2026-06-15 16:52:27.490762,6.535000,-17.523000
2026-06-15 16:52:27.506188,6.462000,-17.914000
2026-06-15 16:52:27.506605,6.027000,-17.507000
2026-06-15 16:52:27.506849,6.582000,-17.095000
2026-06-15 16:52:27.507061,7.002000,-16.907000
2026-06-15 16:52:27.510742,7.012000,-16.820000
2026-06-15 16:52:27.544462,6.759000,-16.858000
2026-06-15 16:52:27.544775,6.746000,-16.771000
2026-06-15 16:52:27.544907,6.690000,-17.112000
2026-06-15 16:52:27.545012,6.150000,-16.611000
2026-06-15 16:52:27.545141,6.673000,-16.202000
2026-06-15 16:52:27.545306,7.126000,-16.126000
2026-06-15 16:52:27.545471,7.133000,-16.069000
2026-06-15 16:52:27.545610,6.921000,-16.060000
2026-06-15 16:52:27.545733,6.888000,-15.997000
2026-06-15 16:52:27.545866,6.850000,-16.352000
2026-06-15 16:52:27.546001,6.367000,-15.881000
2026-06-15 16:52:27.548028,6.871000,-15.584000
2026-06-15 16:52:27.557639,7.235000,-15.409000
2026-06-15 16:52:27.557846,7.252000,-15.288000
2026-06-15 16:52:27.578818,7.000000,-15.331000
2026-06-15 16:52:27.588328,6.834000,-15.172000
2026-06-15 16:52:27.588573,6.853000,-15.587000
2026-06-15 16:52:27.588727,6.301000,-15.112000
2026-06-15 16:52:27.588881,6.885000,-14.790000
2026-06-15 16:52:27.589718,7.296000,-14.615000
2026-06-15 16:52:27.629213,7.283000,-14.457000
2026-06-15 16:52:27.655985,7.033000,-14.480000
2026-06-15 16:52:27.708492,6.943000,-14.402000
2026-06-15 16:52:27.723389,6.901000,-14.732000
2026-06-15 16:52:27.740220,6.400000,-14.272000
2026-06-15 16:52:27.831580,6.944000,-13.921000
2026-06-15 16:52:27.896142,7.298000,-13.649000
2026-06-15 16:52:27.899561,7.214000,-13.586000
2026-06-15 16:52:27.920497,6.963000,-13.562000
2026-06-15 16:52:27.920676,6.913000,-13.561000
2026-06-15 16:52:27.920837,6.884000,-13.873000
2026-06-15 16:52:27.921026,6.362000,-13.447000
2026-06-15 16:52:27.921207,6.899000,-13.078000
2026-06-15 16:52:27.925738,7.236000,-12.860000
2026-06-15 16:52:28.008970,7.230000,-12.720000
2026-06-15 16:52:28.033928,6.938000,-12.728000
2026-06-15 16:52:28.102273,6.865000,-12.585000
2026-06-15 16:52:28.134351,6.802000,-12.956000
2026-06-15 16:52:28.134911,6.283000,-12.518000
2026-06-15 16:52:28.135317,6.775000,-12.037000
2026-06-15 16:52:28.135758,7.102000,-11.826000
2026-06-15 16:52:28.175663,7.097000,-11.648000
2026-06-15 16:52:28.178318,6.828000,-11.692000
2026-06-15 16:52:28.201788,6.785000,-11.535000
2026-06-15 16:52:28.213557,6.675000,-11.832000
2026-06-15 16:52:28.226428,6.213000,-11.320000
2026-06-15 16:52:28.233155,6.604000,-10.947000
2026-06-15 16:52:28.247475,6.994000,-10.773000
2026-06-15 16:52:28.274372,6.864000,-10.589000
2026-06-15 16:52:28.293935,6.508000,-10.608000
2026-06-15 16:52:28.310828,6.209000,-10.337000
2026-06-15 16:52:28.319549,6.077000,-10.670000
2026-06-15 16:52:28.328416,5.456000,-10.168000
2026-06-15 16:52:28.329052,5.945000,-9.757000
2026-06-15 16:52:28.329334,6.171000,-9.482000
2026-06-15 16:52:28.329588,5.988000,-9.234000
2026-06-15 16:52:28.329819,5.562000,-9.215000
2026-06-15 16:52:28.330023,5.344000,-8.926000
2026-06-15 16:52:28.330221,5.157000,-9.128000
2026-06-15 16:52:28.330368,4.403000,-8.582000
2026-06-15 16:52:28.330556,4.722000,-8.061000
2026-06-15 16:52:28.330734,4.790000,-7.829000
2026-06-15 16:52:28.330907,4.657000,-7.649000
2026-06-15 16:52:28.331114,4.190000,-7.784000
2026-06-15 16:52:28.331293,4.199000,-7.847000
2026-06-15 16:52:28.347470,4.286000,-8.423000
2026-06-15 16:52:28.399978,3.875000,-8.345000
2026-06-15 16:52:28.449655,4.605000,-8.255000
2026-06-15 16:52:28.486971,5.019000,-8.271000
2026-06-15 16:52:28.493324,4.999000,-8.226000
2026-06-15 16:52:28.493604,4.704000,-8.292000
2026-06-15 16:52:28.493773,4.572000,-8.187000
2026-06-15 16:52:28.493921,4.533000,-8.534000
2026-06-15 16:52:28.511977,3.945000,-8.297000
2026-06-15 16:52:28.514700,4.379000,-8.066000
2026-06-15 16:52:28.514998,4.694000,-8.016000
2026-06-15 16:52:28.521857,4.752000,-8.039000
2026-06-15 16:52:28.548537,4.538000,-8.176000
2026-06-15 16:52:28.555661,4.474000,-8.190000
2026-06-15 16:52:28.564518,4.568000,-8.659000
2026-06-15 16:52:28.574825,4.031000,-8.525000
2026-06-15 16:52:28.577106,4.563000,-8.350000
2026-06-15 16:52:28.577385,4.978000,-8.236000
2026-06-15 16:52:28.581643,5.009000,-8.218000
2026-06-15 16:52:28.581980,4.674000,-8.295000
2026-06-15 16:52:28.582152,4.521000,-8.182000
2026-06-15 16:52:28.582308,4.472000,-8.613000
2026-06-15 16:52:28.582551,3.894000,-8.461000
2026-06-15 16:52:28.582805,4.380000,-8.152000
2026-06-15 16:52:28.583101,4.798000,-8.114000
2026-06-15 16:52:28.583301,4.947000,-8.185000
2026-06-15 16:52:28.583447,4.627000,-8.355000
2026-06-15 16:52:28.583571,4.471000,-8.330000
2026-06-15 16:52:28.583728,4.563000,-8.722000
2026-06-15 16:52:28.589155,4.074000,-8.624000
2026-06-15 16:52:28.594033,4.518000,-8.324000
2026-06-15 16:52:28.599658,4.859000,-8.216000
2026-06-15 16:52:28.599989,4.887000,-8.234000
2026-06-15 16:52:28.600141,4.640000,-8.326000
2026-06-15 16:52:28.600308,4.509000,-8.265000
2026-06-15 16:52:28.600438,4.510000,-8.606000
2026-06-15 16:52:28.600544,3.985000,-8.586000
2026-06-15 16:52:28.600635,4.460000,-8.335000
2026-06-15 16:52:28.600725,4.817000,-8.267000
2026-06-15 16:52:28.600814,4.995000,-8.301000
2026-06-15 16:52:28.600928,4.696000,-8.412000
2026-06-15 16:52:28.601665,4.610000,-8.377000
2026-06-15 16:52:28.627245,4.556000,-8.635000
2026-06-15 16:52:28.637038,4.007000,-8.669000
2026-06-15 16:52:28.637390,4.456000,-8.376000
2026-06-15 16:52:28.637574,4.771000,-8.229000
2026-06-15 16:52:28.637735,4.960000,-8.198000
2026-06-15 16:52:28.637890,4.539000,-8.100000
2026-06-15 16:52:28.638063,3.938000,-7.680000
2026-06-15 16:52:28.638202,3.262000,-7.270000
2026-06-15 16:52:28.638351,1.944000,-6.520000
2026-06-15 16:52:28.638497,1.648000,-5.476000
2026-06-15 16:52:28.638642,1.442000,-4.754000
2026-06-15 16:52:28.638801,1.208000,-4.462000
2026-06-15 16:52:28.638949,0.767000,-4.464000
2026-06-15 16:52:28.639103,0.409000,-4.438000
2026-06-15 16:52:28.639241,0.231000,-4.586000
2026-06-15 16:52:28.639396,-0.339000,-4.642000
2026-06-15 16:52:28.639527,0.058000,-4.159000
2026-06-15 16:52:28.639661,0.494000,-3.911000
2026-06-15 16:52:28.639788,0.739000,-4.070000
2026-06-15 16:52:28.650201,0.905000,-4.502000
2026-06-15 16:52:28.661044,0.914000,-4.898000
2026-06-15 16:52:28.661380,1.172000,-5.329000
2026-06-15 16:52:28.661564,0.865000,-5.799000
2026-06-15 16:52:28.661734,1.533000,-5.494000
2026-06-15 16:52:28.661923,2.092000,-5.352000
2026-06-15 16:52:28.662102,2.246000,-5.434000
2026-06-15 16:52:28.662273,2.187000,-5.613000
2026-06-15 16:52:28.662443,1.875000,-5.702000
2026-06-15 16:52:28.662614,1.763000,-5.653000
2026-06-15 16:52:28.662778,1.021000,-5.790000
2026-06-15 16:52:28.662947,1.352000,-5.191000
2026-06-15 16:52:28.663140,1.549000,-4.775000
2026-06-15 16:52:28.663316,1.575000,-4.764000
2026-06-15 16:52:28.663492,1.418000,-4.889000
2026-06-15 16:52:28.670454,1.105000,-4.989000
2026-06-15 16:52:28.671259,1.132000,-5.073000
2026-06-15 16:52:28.672868,0.582000,-5.463000
2026-06-15 16:52:28.673128,1.057000,-5.088000
2026-06-15 16:52:28.673561,1.497000,-4.852000
2026-06-15 16:52:28.673873,1.668000,-4.987000
2026-06-15 16:52:28.674084,1.737000,-5.229000
2026-06-15 16:52:28.674244,1.515000,-5.378000
2026-06-15 16:52:28.674381,1.518000,-5.370000
2026-06-15 16:52:28.683340,0.872000,-5.712000
2026-06-15 16:52:28.696483,1.227000,-5.272000
2026-06-15 16:52:28.696779,1.571000,-4.922000
2026-06-15 16:52:28.696962,1.694000,-4.919000
2026-06-15 16:52:28.697147,1.687000,-5.139000
2026-06-15 16:52:28.697327,1.365000,-5.229000
2026-06-15 16:52:28.697508,1.333000,-5.235000
2026-06-15 16:52:28.697680,0.729000,-5.601000
2026-06-15 16:52:28.697837,1.064000,-5.194000
2026-06-15 16:52:28.697987,1.524000,-4.922000
2026-06-15 16:52:28.698113,1.746000,-4.911000
2026-06-15 16:52:28.698233,1.729000,-5.222000
2026-06-15 16:52:28.698345,1.423000,-5.350000
2026-06-15 16:52:28.698476,1.437000,-5.352000
2026-06-15 16:52:28.698629,0.865000,-5.668000
2026-06-15 16:52:28.698785,1.177000,-5.257000
2026-06-15 16:52:28.698934,1.558000,-4.928000
2026-06-15 16:52:28.699069,1.720000,-4.869000
2026-06-15 16:52:28.699190,1.623000,-5.192000
2026-06-15 16:52:28.727902,1.404000,-5.285000
2026-06-15 16:52:28.735718,1.410000,-5.313000
2026-06-15 16:52:28.773715,0.839000,-5.651000
2026-06-15 16:52:28.792383,1.101000,-5.287000
2026-06-15 16:52:28.792684,1.553000,-5.019000
2026-06-15 16:52:28.792850,1.767000,-4.977000
2026-06-15 16:52:28.793025,1.716000,-5.287000
2026-06-15 16:52:28.793184,1.495000,-5.352000
2026-06-15 16:52:28.793326,1.494000,-5.360000
2026-06-15 16:52:28.793470,0.927000,-5.672000
2026-06-15 16:52:28.793634,1.097000,-5.306000
2026-06-15 16:52:28.793790,1.539000,-5.055000
2026-06-15 16:52:28.793940,1.758000,-5.002000
2026-06-15 16:52:28.820786,1.741000,-5.251000
2026-06-15 16:52:28.822762,1.488000,-5.341000
2026-06-15 16:52:28.822999,1.444000,-5.338000
2026-06-15 16:52:28.823164,0.978000,-5.710000
2026-06-15 16:52:28.823350,1.083000,-5.332000
2026-06-15 16:52:28.833432,1.564000,-5.100000
2026-06-15 16:52:28.898107,1.823000,-5.071000
2026-06-15 16:52:28.909298,1.773000,-5.262000
2026-06-15 16:52:28.921495,1.521000,-5.377000
2026-06-15 16:52:28.960380,1.461000,-5.376000
2026-06-15 16:52:28.964761,1.047000,-5.768000
2026-06-15 16:52:28.967909,1.063000,-5.367000
2026-06-15 16:52:28.968432,1.556000,-5.107000
2026-06-15 16:52:28.987511,1.802000,-5.027000
2026-06-15 16:52:28.988588,1.735000,-5.304000
2026-06-15 16:52:29.020432,1.486000,-5.362000
2026-06-15 16:52:29.021435,1.482000,-5.405000
2026-06-15 16:52:29.080080,1.159000,-5.785000
2026-06-15 16:52:29.080961,1.065000,-5.416000
2026-06-15 16:52:29.081212,1.526000,-5.162000
2026-06-15 16:52:29.081337,1.812000,-5.172000
2026-06-15 16:52:29.081444,1.825000,-5.254000
2026-06-15 16:52:29.081540,1.578000,-5.411000
2026-06-15 16:52:29.081633,1.506000,-5.416000
2026-06-15 16:52:29.081823,1.261000,-5.790000
2026-06-15 16:52:29.081935,1.013000,-5.441000
2026-06-15 16:52:29.082027,1.506000,-5.208000
2026-06-15 16:52:29.082113,1.816000,-5.188000
2026-06-15 16:52:29.082200,1.784000,-5.223000
2026-06-15 16:52:29.082487,1.541000,-5.424000
2026-06-15 16:52:29.082611,1.495000,-5.425000
2026-06-15 16:52:29.087450,1.314000,-5.803000
2026-06-15 16:52:29.090043,1.013000,-5.457000
2026-06-15 16:52:29.098373,1.563000,-5.208000
2026-06-15 16:52:29.108527,1.850000,-5.214000
2026-06-15 16:52:29.108767,1.833000,-5.226000
2026-06-15 16:52:29.109465,1.600000,-5.446000
2026-06-15 16:52:29.109644,1.549000,-5.427000
2026-06-15 16:52:29.109769,1.439000,-5.827000
2026-06-15 16:52:29.109891,0.986000,-5.503000
2026-06-15 16:52:29.110007,1.518000,-5.250000
2026-06-15 16:52:29.110868,1.886000,-5.215000
2026-06-15 16:52:29.111051,1.899000,-5.251000
2026-06-15 16:52:29.111171,1.609000,-5.428000
2026-06-15 16:52:29.111283,1.525000,-5.437000
2026-06-15 16:52:29.111391,1.508000,-5.856000
2026-06-15 16:52:29.111499,0.960000,-5.531000
2026-06-15 16:52:29.111610,1.516000,-5.279000
2026-06-15 16:52:29.111716,1.889000,-5.209000
2026-06-15 16:52:29.111822,1.841000,-5.259000
2026-06-15 16:52:29.125176,1.660000,-5.424000
2026-06-15 16:52:29.138828,1.521000,-5.425000
2026-06-15 16:52:29.153603,1.538000,-5.864000
2026-06-15 16:52:29.156143,1.005000,-5.593000
2026-06-15 16:52:29.156439,1.508000,-5.271000
2026-06-15 16:52:29.156638,1.921000,-5.210000
2026-06-15 16:52:29.156812,1.944000,-5.241000
2026-06-15 16:52:29.157074,1.635000,-5.436000
2026-06-15 16:52:29.157322,1.547000,-5.456000
2026-06-15 16:52:29.157565,1.556000,-5.877000
2026-06-15 16:52:29.157772,0.982000,-5.579000
2026-06-15 16:52:29.157970,1.477000,-5.293000
2026-06-15 16:52:29.158144,1.929000,-5.227000
2026-06-15 16:52:29.158321,1.970000,-5.287000
2026-06-15 16:52:29.158526,1.665000,-5.472000
2026-06-15 16:52:29.158754,1.566000,-5.486000
2026-06-15 16:52:29.159110,1.574000,-5.877000
2026-06-15 16:52:29.165584,1.025000,-5.628000
2026-06-15 16:52:29.213479,1.542000,-5.327000
2026-06-15 16:52:29.213770,1.911000,-5.213000
2026-06-15 16:52:29.224426,2.026000,-5.285000
2026-06-15 16:52:29.240750,1.730000,-5.420000
2026-06-15 16:52:29.247193,1.608000,-5.471000
2026-06-15 16:52:29.282506,1.589000,-5.866000
2026-06-15 16:52:29.286111,1.002000,-5.653000
2026-06-15 16:52:29.292849,1.522000,-5.339000
2026-06-15 16:52:29.293281,1.897000,-5.221000
2026-06-15 16:52:29.296267,1.971000,-5.264000
2026-06-15 16:52:29.296589,1.734000,-5.449000
2026-06-15 16:52:29.296773,1.614000,-5.435000
2026-06-15 16:52:29.299399,1.579000,-5.788000
2026-06-15 16:52:29.318032,1.065000,-5.684000
2026-06-15 16:52:29.318287,1.523000,-5.388000
2026-06-15 16:52:29.318433,1.898000,-5.251000
2026-06-15 16:52:29.318571,2.000000,-5.278000
2026-06-15 16:52:29.324234,1.783000,-5.446000
2026-06-15 16:52:29.328466,1.611000,-5.495000
2026-06-15 16:52:29.328778,1.595000,-5.762000
2026-06-15 16:52:29.329073,1.034000,-5.717000
2026-06-15 16:52:29.378807,1.539000,-5.393000
2026-06-15 16:52:29.384231,1.888000,-5.255000
2026-06-15 16:52:29.384566,1.885000,-5.252000
2026-06-15 16:52:29.420640,1.815000,-5.445000
2026-06-15 16:52:29.428408,1.634000,-5.522000
2026-06-15 16:52:29.434310,1.609000,-5.588000
2026-06-15 16:52:29.437577,1.059000,-5.822000
2026-06-15 16:52:29.440599,1.474000,-5.421000
2026-06-15 16:52:29.440896,1.818000,-5.216000
2026-06-15 16:52:29.441062,1.910000,-5.257000
2026-06-15 16:52:29.441217,1.822000,-5.441000
2026-06-15 16:52:29.441339,1.627000,-5.476000
2026-06-15 16:52:29.443063,1.609000,-5.488000
2026-06-15 16:52:29.454137,1.019000,-5.878000
2026-06-15 16:52:29.459569,1.438000,-5.452000
2026-06-15 16:52:29.459845,1.805000,-5.228000
2026-06-15 16:52:29.463332,1.908000,-5.257000
2026-06-15 16:52:29.486698,3.240000,-8.288000
2026-06-15 16:52:29.488235,3.569000,-7.921000
2026-06-15 16:52:29.495865,3.995000,-7.638000
2026-06-15 16:52:29.496172,4.136000,-7.687000
2026-06-15 16:52:29.496390,4.078000,-7.838000
2026-06-15 16:52:29.496611,3.833000,-7.895000
2026-06-15 16:52:29.496890,3.853000,-7.931000
2026-06-15 16:52:29.497154,3.236000,-8.282000
2026-06-15 16:52:29.497369,3.575000,-7.954000
2026-06-15 16:52:29.497686,4.004000,-7.679000
2026-06-15 16:52:29.524396,4.125000,-7.642000
2026-06-15 16:52:29.530894,4.102000,-7.866000
2026-06-15 16:52:29.536141,3.859000,-7.914000
2026-06-15 16:52:29.549462,3.846000,-7.916000
2026-06-15 16:52:29.549797,3.263000,-8.281000
2026-06-15 16:52:29.550016,3.517000,-7.942000
2026-06-15 16:52:29.577894,3.977000,-7.709000
2026-06-15 16:52:29.612913,4.126000,-7.604000
2026-06-15 16:52:29.614621,4.099000,-7.869000
2026-06-15 16:52:29.631590,3.762000,-7.880000
2026-06-15 16:52:29.656136,3.841000,-7.919000
2026-06-15 16:52:29.656462,3.280000,-8.261000
2026-06-15 16:52:29.666308,3.477000,-7.924000
2026-06-15 16:52:29.677107,3.951000,-7.708000
2026-06-15 16:52:29.703728,4.146000,-7.622000
2026-06-15 16:52:29.718914,4.103000,-7.841000
2026-06-15 16:52:29.743978,3.851000,-7.886000
2026-06-15 16:52:29.755463,3.837000,-7.928000
2026-06-15 16:52:29.759687,3.318000,-8.288000
2026-06-15 16:52:29.763917,3.476000,-7.955000
2026-06-15 16:52:29.765606,3.950000,-7.717000
2026-06-15 16:52:29.775062,4.168000,-7.630000
2026-06-15 16:52:29.789816,4.095000,-7.858000
2026-06-15 16:52:29.790088,3.878000,-7.889000
2026-06-15 16:52:29.790229,3.826000,-7.921000
2026-06-15 16:52:29.790340,3.382000,-8.288000
2026-06-15 16:52:29.790444,3.440000,-7.965000
2026-06-15 16:52:29.790551,3.909000,-7.736000
2026-06-15 16:52:29.792067,4.163000,-7.656000
2026-06-15 16:52:29.820898,4.133000,-7.866000
2026-06-15 16:52:29.834446,3.879000,-7.919000
2026-06-15 16:52:29.834696,3.767000,-7.900000
2026-06-15 16:52:29.835056,3.450000,-8.322000
2026-06-15 16:52:29.835222,3.423000,-7.983000
2026-06-15 16:52:29.835379,3.902000,-7.752000
2026-06-15 16:52:29.835518,4.145000,-7.629000
2026-06-15 16:52:29.835652,4.147000,-7.856000
2026-06-15 16:52:29.835796,3.852000,-7.931000
2026-06-15 16:52:29.835983,3.831000,-7.931000
2026-06-15 16:52:29.836145,3.513000,-8.302000
2026-06-15 16:52:29.836287,3.365000,-7.938000
2026-06-15 16:52:29.836432,3.835000,-7.738000
2026-06-15 16:52:29.836572,4.174000,-7.650000
2026-06-15 16:52:29.836700,4.143000,-7.825000
2026-06-15 16:52:29.836823,3.862000,-7.914000
2026-06-15 16:52:29.836969,3.816000,-7.907000
2026-06-15 16:52:29.837113,3.566000,-8.332000
2026-06-15 16:52:29.841872,3.336000,-8.021000
2026-06-15 16:52:29.842106,3.854000,-7.767000
2026-06-15 16:52:29.843920,4.187000,-7.753000
2026-06-15 16:52:29.848119,4.157000,-7.832000
2026-06-15 16:52:29.858746,3.891000,-7.910000
2026-06-15 16:52:29.865477,3.852000,-7.904000
2026-06-15 16:52:29.865786,3.634000,-8.297000
2026-06-15 16:52:29.865943,3.282000,-8.009000
2026-06-15 16:52:29.866091,3.837000,-7.745000
2026-06-15 16:52:29.873587,4.128000,-7.760000
2026-06-15 16:52:29.874405,4.145000,-7.772000
2026-06-15 16:52:29.874914,3.891000,-7.906000
2026-06-15 16:52:29.902673,3.861000,-7.908000
2026-06-15 16:52:29.906543,3.721000,-8.366000
2026-06-15 16:52:29.929312,3.292000,-8.020000
2026-06-15 16:52:29.943664,3.820000,-7.805000
2026-06-15 16:52:29.950854,4.177000,-7.736000
2026-06-15 16:52:29.989700,4.118000,-7.812000
2026-06-15 16:52:29.991887,3.898000,-7.924000
2026-06-15 16:52:29.993231,3.843000,-7.920000
2026-06-15 16:52:30.005480,3.780000,-8.365000
2026-06-15 16:52:30.011939,3.267000,-8.080000
2026-06-15 16:52:30.014968,3.810000,-7.790000
2026-06-15 16:52:30.043680,4.178000,-7.747000
2026-06-15 16:52:30.070347,4.136000,-7.717000
2026-06-15 16:52:30.080618,3.875000,-7.915000
2026-06-15 16:52:30.101705,3.865000,-7.921000
2026-06-15 16:52:30.102375,3.797000,-8.354000
2026-06-15 16:52:30.104373,3.248000,-8.100000
2026-06-15 16:52:30.133410,3.766000,-7.808000
2026-06-15 16:52:30.135223,4.186000,-7.737000
2026-06-15 16:52:30.135625,4.065000,-7.747000
2026-06-15 16:52:30.137663,3.936000,-7.919000
2026-06-15 16:52:30.140312,3.776000,-7.897000
2026-06-15 16:52:30.150940,3.810000,-8.358000
2026-06-15 16:52:30.159527,3.289000,-8.082000
2026-06-15 16:52:30.176807,3.822000,-7.808000
2026-06-15 16:52:30.177463,4.157000,-7.731000
2026-06-15 16:52:30.185844,4.168000,-7.729000
2026-06-15 16:52:30.194201,3.912000,-7.909000
2026-06-15 16:52:30.223739,3.832000,-7.919000
2026-06-15 16:52:30.240034,3.823000,-8.315000
2026-06-15 16:52:30.244217,3.291000,-8.123000
2026-06-15 16:52:30.245107,3.822000,-7.839000
2026-06-15 16:52:30.277976,4.200000,-7.745000
2026-06-15 16:52:30.278960,4.184000,-7.755000
2026-06-15 16:52:30.280302,3.905000,-7.927000
2026-06-15 16:52:30.294755,3.854000,-7.916000
2026-06-15 16:52:30.302590,3.821000,-8.369000
2026-06-15 16:52:30.304635,3.285000,-8.131000
2026-06-15 16:52:30.352232,3.777000,-7.749000
2026-06-15 16:52:30.386237,4.121000,-7.714000
2026-06-15 16:52:30.406396,4.237000,-7.766000
2026-06-15 16:52:30.413298,3.942000,-7.873000
2026-06-15 16:52:30.436438,3.825000,-7.923000
2026-06-15 16:52:30.452941,3.848000,-8.323000
2026-06-15 16:52:30.453562,3.284000,-8.169000
2026-06-15 16:52:30.482658,3.774000,-7.849000
2026-06-15 16:52:30.496119,4.146000,-7.726000
2026-06-15 16:52:30.504117,4.224000,-7.741000
2026-06-15 16:52:30.544453,3.950000,-7.896000
2026-06-15 16:52:30.544695,3.839000,-7.914000
2026-06-15 16:52:30.544833,3.827000,-8.274000
2026-06-15 16:52:30.544949,3.309000,-8.176000
2026-06-15 16:52:30.545076,3.757000,-7.890000
2026-06-15 16:52:30.545211,4.089000,-7.678000
2026-06-15 16:52:30.545343,4.176000,-7.701000
2026-06-15 16:52:30.545475,3.943000,-7.914000
2026-06-15 16:52:30.625008,3.838000,-7.957000
2026-06-15 16:52:30.625365,3.782000,-8.165000
2026-06-15 16:52:30.639739,3.242000,-8.179000
2026-06-15 16:52:30.645791,3.692000,-7.880000
2026-06-15 16:52:30.709404,4.066000,-7.701000
2026-06-15 16:52:30.729257,4.137000,-7.720000
2026-06-15 16:52:30.742284,3.987000,-7.890000
2026-06-15 16:52:30.744866,3.827000,-7.946000
2026-06-15 16:52:30.745148,3.826000,-8.171000
2026-06-15 16:52:30.745317,3.277000,-8.231000
2026-06-15 16:52:30.745475,3.741000,-7.909000
2026-06-15 16:52:30.746025,4.080000,-7.728000
2026-06-15 16:52:30.746299,4.214000,-7.724000
2026-06-15 16:52:30.746615,4.008000,-7.909000
2026-06-15 16:52:30.746908,3.826000,-7.924000
2026-06-15 16:52:30.747088,3.814000,-8.124000
2026-06-15 16:52:30.747336,3.247000,-8.278000
2026-06-15 16:52:30.747619,3.732000,-7.914000
2026-06-15 16:52:30.794308,4.060000,-7.730000
2026-06-15 16:52:30.830119,4.166000,-7.709000
2026-06-15 16:52:30.836110,4.016000,-7.874000
2026-06-15 16:52:30.836503,3.827000,-7.937000
2026-06-15 16:52:30.836840,3.823000,-8.065000
2026-06-15 16:52:30.836974,3.210000,-8.336000
2026-06-15 16:52:30.838658,3.680000,-7.941000
2026-06-15 16:52:30.861102,4.016000,-7.703000
2026-06-15 16:52:30.925443,4.229000,-7.730000
2026-06-15 16:52:30.940435,4.004000,-7.913000
2026-06-15 16:52:30.941865,3.823000,-7.939000
2026-06-15 16:52:30.942817,3.829000,-7.998000
2026-06-15 16:52:30.951762,3.246000,-8.315000
2026-06-15 16:52:30.952284,3.639000,-7.917000
2026-06-15 16:52:30.952689,4.025000,-7.688000
2026-06-15 16:52:30.953079,4.093000,-7.672000
2026-06-15 16:52:30.953811,4.053000,-7.879000
2026-06-15 16:52:30.954833,3.846000,-7.933000
2026-06-15 16:52:30.976116,3.818000,-7.997000
2026-06-15 16:52:31.008094,3.229000,-8.341000
2026-06-15 16:52:31.017383,3.646000,-7.964000
2026-06-15 16:52:31.028611,3.999000,-7.679000
2026-06-15 16:52:31.047422,4.095000,-7.691000
2026-06-15 16:52:31.055843,3.945000,-7.781000
2026-06-15 16:52:31.108790,3.740000,-7.908000
2026-06-15 16:52:31.110205,3.811000,-7.960000
2026-06-15 16:52:31.135004,3.233000,-8.315000
2026-06-15 16:52:31.144866,3.614000,-7.958000
2026-06-15 16:52:31.145248,3.996000,-7.706000
2026-06-15 16:52:31.146003,4.098000,-7.715000
2026-06-15 16:52:31.146295,4.078000,-7.850000
2026-06-15 16:52:31.146474,3.838000,-7.935000
2026-06-15 16:52:31.148040,3.796000,-7.950000
2026-06-15 16:52:31.230117,3.202000,-8.329000
2026-06-15 16:52:31.250894,3.574000,-7.970000
2026-06-15 16:52:31.251955,3.984000,-7.698000
2026-06-15 16:52:31.333136,4.112000,-7.681000
2026-06-15 16:52:31.345514,4.081000,-7.881000
2026-06-15 16:52:31.349585,3.829000,-7.919000
2026-06-15 16:52:31.349984,3.814000,-7.962000
2026-06-15 16:52:31.350267,3.201000,-8.335000
2026-06-15 16:52:31.374082,3.554000,-7.941000
2026-06-15 16:52:31.380142,3.974000,-7.700000
2026-06-15 16:52:31.388890,4.076000,-7.673000
2026-06-15 16:52:31.415312,4.083000,-7.880000
2026-06-15 16:52:31.418751,3.793000,-7.956000
2026-06-15 16:52:31.420503,3.807000,-7.928000
2026-06-15 16:52:31.422141,3.168000,-8.332000
2026-06-15 16:52:31.423245,3.534000,-7.965000
2026-06-15 16:52:31.429304,3.970000,-7.709000
2026-06-15 16:52:31.444322,4.071000,-7.667000
2026-06-15 16:52:31.453217,4.068000,-7.888000
2026-06-15 16:52:31.457265,3.815000,-7.935000
2026-06-15 16:52:31.471318,3.805000,-7.954000
2026-06-15 16:52:31.471540,3.177000,-8.313000
2026-06-15 16:52:31.471643,3.506000,-7.947000
2026-06-15 16:52:31.471734,3.944000,-7.717000
2026-06-15 16:52:31.471844,4.106000,-7.594000
2026-06-15 16:52:31.489306,4.059000,-7.887000
2026-06-15 16:52:31.523446,3.823000,-7.925000
2026-06-15 16:52:31.559705,3.808000,-7.967000
2026-06-15 16:52:31.570543,3.227000,-8.301000
2026-06-15 16:52:31.571165,3.407000,-7.987000
2026-06-15 16:52:31.573387,3.911000,-7.733000
2026-06-15 16:52:31.573840,4.115000,-7.664000
2026-06-15 16:52:31.574625,4.107000,-7.902000
2026-06-15 16:52:31.575906,3.821000,-7.951000
2026-06-15 16:52:31.576228,3.834000,-7.945000
2026-06-15 16:52:31.590315,3.346000,-8.313000
2026-06-15 16:52:31.593983,3.410000,-7.992000
2026-06-15 16:52:31.595541,3.885000,-7.762000
2026-06-15 16:52:31.596004,4.120000,-7.650000
2026-06-15 16:52:31.597232,4.105000,-7.876000
2026-06-15 16:52:31.597952,3.833000,-7.937000
2026-06-15 16:52:31.601245,3.827000,-7.964000
2026-06-15 16:52:31.604773,3.416000,-8.363000
2026-06-15 16:52:31.636718,3.424000,-8.101000
2026-06-15 16:52:31.645076,3.889000,-7.931000
2026-06-15 16:52:31.701638,4.201000,-7.871000
2026-06-15 16:52:31.720190,4.256000,-8.249000
2026-06-15 16:52:31.733344,4.091000,-8.422000
2026-06-15 16:52:31.756718,4.154000,-8.556000
2026-06-15 16:52:31.771996,3.777000,-9.087000
2026-06-15 16:52:31.780788,3.794000,-8.838000
2026-06-15 16:52:31.781085,4.285000,-8.669000
2026-06-15 16:52:31.781240,4.664000,-8.636000
2026-06-15 16:52:31.781379,4.705000,-8.970000
2026-06-15 16:52:31.803737,4.488000,-9.138000
2026-06-15 16:52:31.806940,4.472000,-9.205000
2026-06-15 16:52:31.811280,4.184000,-9.673000
2026-06-15 16:52:31.812922,4.008000,-9.397000
2026-06-15 16:52:31.813212,4.541000,-9.276000
2026-06-15 16:52:31.818676,4.863000,-9.327000
2026-06-15 16:52:31.819110,4.893000,-9.478000
2026-06-15 16:52:31.822816,4.660000,-9.650000
2026-06-15 16:52:31.830073,4.700000,-9.726000
2026-06-15 16:52:31.844047,4.528000,-10.132000
2026-06-15 16:52:31.863074,4.373000,-9.882000
2026-06-15 16:52:31.868454,4.983000,-9.699000
2026-06-15 16:52:31.870886,5.344000,-9.745000
2026-06-15 16:52:31.878035,5.319000,-9.922000
2026-06-15 16:52:31.885558,5.196000,-10.092000
2026-06-15 16:52:31.885797,5.231000,-10.159000
2026-06-15 16:52:31.891665,5.082000,-10.586000
2026-06-15 16:52:31.896338,4.792000,-10.312000
2026-06-15 16:52:31.897667,5.368000,-10.127000
2026-06-15 16:52:31.898102,5.731000,-10.083000
2026-06-15 16:52:31.911808,5.722000,-10.272000
2026-06-15 16:52:31.912847,5.549000,-10.382000
2026-06-15 16:52:31.914731,5.535000,-10.399000
2026-06-15 16:52:31.922035,5.380000,-10.871000
2026-06-15 16:52:31.961899,5.104000,-10.570000
2026-06-15 16:52:31.972950,5.682000,-10.368000
2026-06-15 16:52:31.988818,6.036000,-10.303000
2026-06-15 16:52:31.995729,6.036000,-10.532000
2026-06-15 16:52:32.006054,5.819000,-10.660000
2026-06-15 16:52:32.022389,5.807000,-10.711000
2026-06-15 16:52:32.036297,5.668000,-11.147000
2026-06-15 16:52:32.056089,5.368000,-10.818000
2026-06-15 16:52:32.080943,5.953000,-10.642000
2026-06-15 16:52:32.125457,6.308000,-10.616000
2026-06-15 16:52:32.136148,6.320000,-10.780000
2026-06-15 16:52:32.166639,6.097000,-10.901000
2026-06-15 16:52:32.166896,6.115000,-10.977000
2026-06-15 16:52:32.167071,5.958000,-11.397000
2026-06-15 16:52:32.167236,5.696000,-11.135000
2026-06-15 16:52:32.204106,6.235000,-10.868000
2026-06-15 16:52:32.205755,6.618000,-10.850000
2026-06-15 16:52:32.206106,6.593000,-11.110000
2026-06-15 16:52:32.206286,6.410000,-11.177000
2026-06-15 16:52:32.206445,6.414000,-11.232000
2026-06-15 16:52:32.206633,6.215000,-11.645000
2026-06-15 16:52:32.206811,5.896000,-11.305000
2026-06-15 16:52:32.215188,6.366000,-11.046000
2026-06-15 16:52:32.244410,6.694000,-11.001000
2026-06-15 16:52:32.250969,6.683000,-11.079000
2026-06-15 16:52:32.263388,6.437000,-11.151000
2026-06-15 16:52:32.300877,6.348000,-11.202000
2026-06-15 16:52:32.306916,6.168000,-11.606000
2026-06-15 16:52:32.307195,5.845000,-11.261000
2026-06-15 16:52:32.326439,6.347000,-11.030000
2026-06-15 16:52:32.344024,6.699000,-10.977000
2026-06-15 16:52:32.368955,6.618000,-10.998000
2026-06-15 16:52:32.394092,6.360000,-11.154000
2026-06-15 16:52:32.427878,6.322000,-11.181000
2026-06-15 16:52:32.436390,6.032000,-11.531000
2026-06-15 16:52:32.442266,5.838000,-11.194000
2026-06-15 16:52:32.466856,6.350000,-11.009000
2026-06-15 16:52:32.476206,6.693000,-10.879000
2026-06-15 16:52:32.479501,6.620000,-11.090000
2026-06-15 16:52:32.496126,6.305000,-11.127000
2026-06-15 16:52:32.506972,6.341000,-11.152000
2026-06-15 16:52:32.508178,6.089000,-11.568000
2026-06-15 16:52:32.556510,5.856000,-11.226000
2026-06-15 16:52:32.558093,6.351000,-11.001000
2026-06-15 16:52:32.564280,6.646000,-10.882000
2026-06-15 16:52:32.582243,6.580000,-11.058000
2026-06-15 16:52:32.591462,6.354000,-11.109000
2026-06-15 16:52:32.594346,6.316000,-11.142000
2026-06-15 16:52:32.594627,6.038000,-11.578000
2026-06-15 16:52:32.594800,5.858000,-11.221000
2026-06-15 16:52:32.594980,6.348000,-10.987000
2026-06-15 16:52:32.595134,6.635000,-10.873000
2026-06-15 16:52:32.605264,6.497000,-11.090000
2026-06-15 16:52:32.607144,6.354000,-11.103000
2026-06-15 16:52:32.620012,6.293000,-11.119000
2026-06-15 16:52:32.643982,6.028000,-11.531000
2026-06-15 16:52:32.650014,5.811000,-11.181000
2026-06-15 16:52:32.661070,6.335000,-10.968000
2026-06-15 16:52:32.675816,6.613000,-10.755000
2026-06-15 16:52:32.680866,6.612000,-11.041000
2026-06-15 16:52:32.683722,6.278000,-11.092000
2026-06-15 16:52:32.684472,6.331000,-11.137000
2026-06-15 16:52:32.685241,5.938000,-11.497000
2026-06-15 16:52:32.686294,5.861000,-11.203000
2026-06-15 16:52:32.687287,6.341000,-10.957000
2026-06-15 16:52:32.687751,6.635000,-10.837000
2026-06-15 16:52:32.688725,6.622000,-11.052000
2026-06-15 16:52:32.689306,6.323000,-11.119000
2026-06-15 16:52:32.690574,6.278000,-11.155000
2026-06-15 16:52:32.710834,5.964000,-11.498000
2026-06-15 16:52:32.719364,5.818000,-11.185000
2026-06-15 16:52:32.719801,6.348000,-10.966000
2026-06-15 16:52:32.720297,6.630000,-10.818000
2026-06-15 16:52:32.720460,6.601000,-11.093000
2026-06-15 16:52:32.720565,6.317000,-11.098000
2026-06-15 16:52:32.726579,6.284000,-11.061000
2026-06-15 16:52:32.745202,5.910000,-11.519000
2026-06-15 16:52:32.752948,5.842000,-11.177000
2026-06-15 16:52:32.781774,6.339000,-10.959000
2026-06-15 16:52:32.800766,6.581000,-10.798000
2026-06-15 16:52:32.804028,6.562000,-11.077000
2026-06-15 16:52:32.822840,6.308000,-11.135000
2026-06-15 16:52:32.823284,6.313000,-11.112000
2026-06-15 16:52:32.823520,5.902000,-11.475000
2026-06-15 16:52:32.825557,5.741000,-11.153000
2026-06-15 16:52:32.826134,6.309000,-10.966000
2026-06-15 16:52:32.826646,6.636000,-10.914000
2026-06-15 16:52:32.827011,6.546000,-11.007000
2026-06-15 16:52:32.827461,6.341000,-11.123000
2026-06-15 16:52:32.827793,6.297000,-11.132000
2026-06-15 16:52:32.828325,5.999000,-11.510000
2026-06-15 16:52:32.828707,5.783000,-11.170000
2026-06-15 16:52:32.832119,6.326000,-10.945000
2026-06-15 16:52:32.861027,6.595000,-10.794000
2026-06-15 16:52:32.861223,6.602000,-11.059000
2026-06-15 16:52:32.861354,6.311000,-11.107000
2026-06-15 16:52:32.880853,6.265000,-11.127000
2026-06-15 16:52:32.888387,5.983000,-11.500000
2026-06-15 16:52:32.922178,5.813000,-11.199000
2026-06-15 16:52:32.933159,6.346000,-10.961000
2026-06-15 16:52:32.945064,6.623000,-10.837000
2026-06-15 16:52:32.946002,6.528000,-11.073000
2026-06-15 16:52:32.960579,6.320000,-11.108000
2026-06-15 16:52:32.965644,6.281000,-11.144000
2026-06-15 16:52:32.965858,5.997000,-11.512000
2026-06-15 16:52:32.965968,5.842000,-11.184000
2026-06-15 16:52:32.966063,6.327000,-10.947000
2026-06-15 16:52:32.966156,6.603000,-10.784000
2026-06-15 16:52:32.966249,6.436000,-10.999000
2026-06-15 16:52:32.966347,6.349000,-11.116000
2026-06-15 16:52:32.966449,6.265000,-11.114000
2026-06-15 16:52:32.966543,5.964000,-11.501000
2026-06-15 16:52:32.966634,5.803000,-11.193000
2026-06-15 16:52:32.966734,6.288000,-10.954000
2026-06-15 16:52:32.969856,6.622000,-10.889000
2026-06-15 16:52:32.975684,6.545000,-11.050000
2026-06-15 16:52:33.003111,6.334000,-11.090000
2026-06-15 16:52:33.004613,6.288000,-11.130000
2026-06-15 16:52:33.005356,5.966000,-11.508000
2026-06-15 16:52:33.007296,5.781000,-11.181000
2026-06-15 16:52:33.011513,6.311000,-10.954000
2026-06-15 16:52:33.012452,6.608000,-10.918000
2026-06-15 16:52:33.012634,6.584000,-11.074000
2026-06-15 16:52:33.013436,6.325000,-11.078000
2026-06-15 16:52:33.013847,6.274000,-11.107000
2026-06-15 16:52:33.014240,5.926000,-11.499000
2026-06-15 16:52:33.015680,5.844000,-11.179000
2026-06-15 16:52:33.016491,6.312000,-10.940000
2026-06-15 16:52:33.036708,6.566000,-10.896000
2026-06-15 16:52:33.070784,6.579000,-11.037000
2026-06-15 16:52:33.071952,6.279000,-11.106000
2026-06-15 16:52:33.082361,6.284000,-11.101000
2026-06-15 16:52:33.083065,5.909000,-11.502000
2026-06-15 16:52:33.091589,5.793000,-11.181000
2026-06-15 16:52:33.100875,6.322000,-10.948000
2026-06-15 16:52:33.101242,6.616000,-10.880000
2026-06-15 16:52:33.113278,6.527000,-11.054000
2026-06-15 16:52:33.125627,6.340000,-11.109000
2026-06-15 16:52:33.125930,6.314000,-11.125000
2026-06-15 16:52:33.126078,5.977000,-11.482000
2026-06-15 16:52:33.126184,5.812000,-11.183000
2026-06-15 16:52:33.126280,6.306000,-10.935000
2026-06-15 16:52:33.126380,6.589000,-10.838000
2026-06-15 16:52:33.126473,6.585000,-11.065000
2026-06-15 16:52:33.126587,6.317000,-11.110000
2026-06-15 16:52:33.126695,6.282000,-11.131000
2026-06-15 16:52:33.126789,5.977000,-11.517000
2026-06-15 16:52:33.126892,5.816000,-11.200000
2026-06-15 16:52:33.126994,6.306000,-10.973000
2026-06-15 16:52:33.127098,6.580000,-10.883000
2026-06-15 16:52:33.127191,6.456000,-11.018000
2026-06-15 16:52:33.127282,6.331000,-11.097000
2026-06-15 16:52:33.127372,6.278000,-11.130000
2026-06-15 16:52:33.127462,6.100000,-11.547000
2026-06-15 16:52:33.127552,5.744000,-11.250000
2026-06-15 16:52:33.127641,6.268000,-10.951000
2026-06-15 16:52:33.127729,6.564000,-10.875000
2026-06-15 16:52:33.127819,6.567000,-11.010000
2026-06-15 16:52:33.133733,6.337000,-11.098000
2026-06-15 16:52:33.148031,6.283000,-11.107000
2026-06-15 16:52:33.157004,6.242000,-11.536000
2026-06-15 16:52:33.173987,5.738000,-11.263000
2026-06-15 16:52:33.184384,6.257000,-10.977000
2026-06-15 16:52:33.187782,6.578000,-10.953000
2026-06-15 16:52:33.207380,11.888000,-18.315000
2026-06-15 16:52:33.221076,11.642000,-18.325000
2026-06-15 16:52:33.227960,11.736000,-18.833000
2026-06-15 16:52:33.229432,11.085000,-18.531000
2026-06-15 16:52:33.231608,11.732000,-18.283000
2026-06-15 16:52:33.233424,12.140000,-18.237000
2026-06-15 16:52:33.238654,12.112000,-18.307000
2026-06-15 16:52:33.268740,11.777000,-18.390000
2026-06-15 16:52:33.275296,11.772000,-18.397000
2026-06-15 16:52:33.276366,11.735000,-18.836000
2026-06-15 16:52:33.276999,11.210000,-18.550000
2026-06-15 16:52:33.280221,11.752000,-18.212000
2026-06-15 16:52:33.280784,11.994000,-18.237000
2026-06-15 16:52:33.281166,12.129000,-18.345000
2026-06-15 16:52:33.281570,11.819000,-18.328000
2026-06-15 16:52:33.305569,11.775000,-18.388000
2026-06-15 16:52:33.308395,11.693000,-18.841000
2026-06-15 16:52:33.314911,11.250000,-18.527000
2026-06-15 16:52:33.315230,11.765000,-18.263000
2026-06-15 16:52:33.315406,12.107000,-18.208000
2026-06-15 16:52:33.315584,12.109000,-18.353000
2026-06-15 16:52:33.316295,11.819000,-18.330000
2026-06-15 16:52:33.316852,11.791000,-18.414000
2026-06-15 16:52:33.317397,11.558000,-18.834000
2026-06-15 16:52:33.318030,11.112000,-18.517000
2026-06-15 16:52:33.318439,11.707000,-18.168000
2026-06-15 16:52:33.318774,12.016000,-18.180000
2026-06-15 16:52:33.319247,12.069000,-18.352000
2026-06-15 16:52:33.319591,11.740000,-18.367000
2026-06-15 16:52:33.324588,11.747000,-18.407000
2026-06-15 16:52:33.342541,11.448000,-18.791000
2026-06-15 16:52:33.347532,11.282000,-18.476000
2026-06-15 16:52:33.350465,11.850000,-18.263000
2026-06-15 16:52:33.355435,12.112000,-18.135000
2026-06-15 16:52:33.364059,12.085000,-18.407000
2026-06-15 16:52:33.380798,11.805000,-18.388000
2026-06-15 16:52:33.381073,11.803000,-18.401000
2026-06-15 16:52:33.381251,11.427000,-18.813000
2026-06-15 16:52:33.381423,11.384000,-18.471000
2026-06-15 16:52:33.381603,11.856000,-18.082000
2026-06-15 16:52:33.394549,12.123000,-18.073000
2026-06-15 16:52:33.400175,12.066000,-18.400000
2026-06-15 16:52:33.400453,11.829000,-18.357000
2026-06-15 16:52:33.400584,11.792000,-18.391000
2026-06-15 16:52:33.400691,11.312000,-18.779000
2026-06-15 16:52:33.400798,11.409000,-18.459000
2026-06-15 16:52:33.400900,11.866000,-18.237000
2026-06-15 16:52:33.401031,12.031000,-18.120000
2026-06-15 16:52:33.401144,12.098000,-18.382000
2026-06-15 16:52:33.414347,11.825000,-18.368000
2026-06-15 16:52:33.428600,11.778000,-18.388000
2026-06-15 16:52:33.445932,11.096000,-18.707000
2026-06-15 16:52:33.447279,11.420000,-18.451000
2026-06-15 16:52:33.447541,11.888000,-18.207000
2026-06-15 16:52:33.447997,12.054000,-18.041000
2026-06-15 16:52:33.460889,11.957000,-18.399000
2026-06-15 16:52:33.461241,11.793000,-18.289000
2026-06-15 16:52:33.461450,11.816000,-18.447000
2026-06-15 16:52:33.461622,11.206000,-18.794000
2026-06-15 16:52:33.461800,11.505000,-18.437000
2026-06-15 16:52:33.461962,11.958000,-18.187000
2026-06-15 16:52:33.462211,12.093000,-18.093000
2026-06-15 16:52:33.462813,12.068000,-18.381000
2026-06-15 16:52:33.463361,11.799000,-18.390000
2026-06-15 16:52:33.470256,11.778000,-18.419000
2026-06-15 16:52:33.494935,11.212000,-18.786000
2026-06-15 16:52:33.502638,11.511000,-18.442000
2026-06-15 16:52:33.503450,11.937000,-18.182000
2026-06-15 16:52:33.505612,12.083000,-18.151000
2026-06-15 16:52:33.529209,11.927000,-18.379000
2026-06-15 16:52:33.534120,11.786000,-18.417000
2026-06-15 16:52:33.534922,11.768000,-18.417000
2026-06-15 16:52:33.537673,11.192000,-18.715000
2026-06-15 16:52:33.538630,11.418000,-18.326000
2026-06-15 16:52:33.544018,11.785000,-18.072000
2026-06-15 16:52:33.548349,11.974000,-18.123000
2026-06-15 16:52:33.555075,11.969000,-18.351000
2026-06-15 16:52:33.570267,11.791000,-18.384000
2026-06-15 16:52:33.570663,11.793000,-18.409000
2026-06-15 16:52:33.583490,11.175000,-18.802000
2026-06-15 16:52:33.583632,11.594000,-18.427000
2026-06-15 16:52:33.583731,11.899000,-18.165000
2026-06-15 16:52:33.583845,12.079000,-18.167000
2026-06-15 16:52:33.587503,11.977000,-18.379000
2026-06-15 16:52:33.604921,11.653000,-18.389000
2026-06-15 16:52:33.615670,11.779000,-18.408000
2026-06-15 16:52:33.617896,11.195000,-18.826000
2026-06-15 16:52:33.620433,11.598000,-18.416000
2026-06-15 16:52:33.620919,11.976000,-18.170000
2026-06-15 16:52:33.646917,12.068000,-18.231000
2026-06-15 16:52:33.654824,12.005000,-18.409000
2026-06-15 16:52:33.655439,11.815000,-18.416000
2026-06-15 16:52:33.682329,11.768000,-18.395000
2026-06-15 16:52:33.691746,11.213000,-18.797000
2026-06-15 16:52:33.695106,11.653000,-18.395000
2026-06-15 16:52:33.696055,11.840000,-18.172000
2026-06-15 16:52:33.706428,12.133000,-18.112000
2026-06-15 16:52:33.712988,11.911000,-18.333000
2026-06-15 16:52:33.714298,11.772000,-18.445000
2026-06-15 16:52:33.718097,11.782000,-18.483000
2026-06-15 16:52:33.724550,11.205000,-18.809000
2026-06-15 16:52:33.740443,11.711000,-18.422000
2026-06-15 16:52:33.761454,12.036000,-18.199000
2026-06-15 16:52:33.765973,12.223000,-18.235000
2026-06-15 16:52:33.780946,11.918000,-18.409000
2026-06-15 16:52:33.786583,11.832000,-18.425000
2026-06-15 16:52:33.787945,11.793000,-18.569000
2026-06-15 16:52:33.810178,11.155000,-18.783000
2026-06-15 16:52:33.815248,11.681000,-18.400000
2026-06-15 16:52:33.822137,11.967000,-18.214000
2026-06-15 16:52:33.833178,12.228000,-18.221000
2026-06-15 16:52:33.853695,11.946000,-18.408000
2026-06-15 16:52:33.854006,11.810000,-18.436000
2026-06-15 16:52:33.858019,11.772000,-18.599000
2026-06-15 16:52:33.875756,11.243000,-18.779000
2026-06-15 16:52:33.881246,11.699000,-18.382000
2026-06-15 16:52:33.885692,12.034000,-18.200000
2026-06-15 16:52:33.889697,12.253000,-18.234000
2026-06-15 16:52:33.890165,11.884000,-18.297000
2026-06-15 16:52:33.922247,11.821000,-18.377000
2026-06-15 16:52:33.929469,11.751000,-18.611000
2026-06-15 16:52:33.931707,11.248000,-18.739000
2026-06-15 16:52:33.938368,11.708000,-18.370000
2026-06-15 16:52:33.954668,12.049000,-18.248000
2026-06-15 16:52:33.957734,12.096000,-18.131000
2026-06-15 16:52:33.962796,11.903000,-18.416000
2026-06-15 16:52:33.980806,11.723000,-18.430000
2026-06-15 16:52:34.001377,11.749000,-18.757000
2026-06-15 16:52:34.017318,11.266000,-18.690000
2026-06-15 16:52:34.023887,11.727000,-18.354000
2026-06-15 16:52:34.057428,12.103000,-18.249000
2026-06-15 16:52:34.093126,12.139000,-18.181000
2026-06-15 16:52:34.107021,11.912000,-18.418000
2026-06-15 16:52:34.107260,11.819000,-18.424000
2026-06-15 16:52:34.107432,11.721000,-18.768000
2026-06-15 16:52:34.116185,11.276000,-18.694000
2026-06-15 16:52:34.124598,11.776000,-18.357000
2026-06-15 16:52:34.125098,12.145000,-18.229000
2026-06-15 16:52:34.126022,12.244000,-18.242000
2026-06-15 16:52:34.137524,11.933000,-18.432000
2026-06-15 16:52:34.143056,11.849000,-18.423000
2026-06-15 16:52:34.143874,11.716000,-18.763000
2026-06-15 16:52:34.145270,11.226000,-18.640000
2026-06-15 16:52:34.154043,11.741000,-18.340000
2026-06-15 16:52:34.155801,12.174000,-18.140000
2026-06-15 16:52:34.162124,11.984000,-18.226000
2026-06-15 16:52:34.183727,11.912000,-18.421000
2026-06-15 16:52:34.184922,11.775000,-18.442000
2026-06-15 16:52:34.215290,11.800000,-18.867000
2026-06-15 16:52:34.219181,11.275000,-18.640000
2026-06-15 16:52:34.223674,11.796000,-18.319000
2026-06-15 16:52:34.247557,12.118000,-18.254000
2026-06-15 16:52:34.248005,12.189000,-18.262000
2026-06-15 16:52:34.248393,11.940000,-18.453000
2026-06-15 16:52:34.248727,11.850000,-18.430000
2026-06-15 16:52:34.249023,11.813000,-18.881000
2026-06-15 16:52:34.249725,11.274000,-18.577000
2026-06-15 16:52:34.255513,11.791000,-18.269000
2026-06-15 16:52:34.259864,12.124000,-18.199000
2026-06-15 16:52:34.267980,12.176000,-18.351000
2026-06-15 16:52:34.276214,11.892000,-18.405000
2026-06-15 16:52:34.276955,11.721000,-18.417000
2026-06-15 16:52:34.281645,11.761000,-18.848000
2026-06-15 16:52:34.282188,11.279000,-18.563000
2026-06-15 16:52:34.282978,11.848000,-18.336000
2026-06-15 16:52:34.283656,12.135000,-18.285000
2026-06-15 16:52:34.284899,12.149000,-18.379000
2026-06-15 16:52:34.285316,11.906000,-18.442000
2026-06-15 16:52:34.285759,11.846000,-18.452000
2026-06-15 16:52:34.286092,11.781000,-18.912000
2026-06-15 16:52:34.286551,11.292000,-18.595000
2026-06-15 16:52:34.286900,11.846000,-18.277000
2026-06-15 16:52:34.287084,12.160000,-18.293000
2026-06-15 16:52:34.287217,12.160000,-18.415000
2026-06-15 16:52:34.287349,11.889000,-18.432000
2026-06-15 16:52:34.287469,11.848000,-18.475000
2026-06-15 16:52:34.287582,11.643000,-18.901000
2026-06-15 16:52:34.287710,11.347000,-18.567000
2026-06-15 16:52:34.288380,11.860000,-18.342000
2026-06-15 16:52:34.288801,12.192000,-18.315000
2026-06-15 16:52:34.289320,12.113000,-18.313000
2026-06-15 16:52:34.311804,11.820000,-18.438000
2026-06-15 16:52:34.318568,11.853000,-18.402000
2026-06-15 16:52:34.321041,11.423000,-18.870000
2026-06-15 16:52:34.321454,11.376000,-18.578000
2026-06-15 16:52:34.322010,11.884000,-18.318000
2026-06-15 16:52:34.322315,12.140000,-18.199000
2026-06-15 16:52:34.330528,12.160000,-18.436000
2026-06-15 16:52:34.332542,11.684000,-18.440000
2026-06-15 16:52:34.347451,11.817000,-18.485000
2026-06-15 16:52:34.364606,11.423000,-18.848000
2026-06-15 16:52:34.369132,11.451000,-18.514000
2026-06-15 16:52:34.369677,11.937000,-18.290000
2026-06-15 16:52:34.370708,12.194000,-18.191000
2026-06-15 16:52:34.375636,12.147000,-18.389000
2026-06-15 16:52:34.378432,11.767000,-18.354000
2026-06-15 16:52:34.388181,11.879000,-18.468000
2026-06-15 16:52:34.404839,11.393000,-18.764000
2026-06-15 16:52:34.439342,11.465000,-18.445000
2026-06-15 16:52:34.440787,11.976000,-18.296000
2026-06-15 16:52:34.448018,12.179000,-18.162000
2026-06-15 16:52:34.478081,12.159000,-18.417000
2026-06-15 16:52:34.478567,11.874000,-18.432000
2026-06-15 16:52:34.478857,11.786000,-18.497000
2026-06-15 16:52:34.486936,11.305000,-18.841000
2026-06-15 16:52:34.489402,11.541000,-18.503000
2026-06-15 16:52:34.493016,11.980000,-18.272000
2026-06-15 16:52:34.531446,12.181000,-18.171000
2026-06-15 16:52:34.532199,12.141000,-18.446000
2026-06-15 16:52:34.548072,11.880000,-18.459000
2026-06-15 16:52:34.563681,11.865000,-18.505000
2026-06-15 16:52:34.584035,11.266000,-18.827000
2026-06-15 16:52:34.586181,11.537000,-18.324000
2026-06-15 16:52:34.597469,12.006000,-18.251000
2026-06-15 16:52:34.604771,12.143000,-18.067000
2026-06-15 16:52:34.634636,12.138000,-18.398000
2026-06-15 16:52:34.634890,11.888000,-18.488000
2026-06-15 16:52:34.635050,11.738000,-18.393000
2026-06-15 16:52:34.641876,11.282000,-18.859000
2026-06-15 16:52:34.642404,11.602000,-18.510000
2026-06-15 16:52:34.642845,12.011000,-18.240000
2026-06-15 16:52:34.643040,12.149000,-18.219000
2026-06-15 16:52:34.643172,12.097000,-18.394000
2026-06-15 16:52:34.643381,11.851000,-18.456000
2026-06-15 16:52:34.643623,11.872000,-18.510000
2026-06-15 16:52:34.648252,11.219000,-18.828000
2026-06-15 16:52:34.658496,11.637000,-18.517000
2026-06-15 16:52:34.669843,12.040000,-18.256000
2026-06-15 16:52:34.674075,12.144000,-18.265000
2026-06-15 16:52:34.674648,12.104000,-18.457000
2026-06-15 16:52:34.675278,11.885000,-18.467000
2026-06-15 16:52:34.675507,11.878000,-18.515000
2026-06-15 16:52:34.676335,11.306000,-18.904000
2026-06-15 16:52:34.714393,11.675000,-18.522000
2026-06-15 16:52:34.714954,11.923000,-18.199000
2026-06-15 16:52:34.715181,12.181000,-18.268000
2026-06-15 16:52:34.715896,12.065000,-18.461000
2026-06-15 16:52:34.724975,11.895000,-18.415000
2026-06-15 16:52:34.727074,11.845000,-18.480000
2026-06-15 16:52:34.727738,11.294000,-18.903000
2026-06-15 16:52:34.741164,11.712000,-18.453000
2026-06-15 16:52:34.770499,12.002000,-18.246000
2026-06-15 16:52:34.781795,12.198000,-18.309000
2026-06-15 16:52:34.792291,12.073000,-18.408000
2026-06-15 16:52:34.795707,11.840000,-18.514000
2026-06-15 16:52:34.805156,11.888000,-18.509000
2026-06-15 16:52:34.805376,11.130000,-18.886000
2026-06-15 16:52:34.805503,11.691000,-18.506000
2026-06-15 16:52:34.805613,12.106000,-18.279000
2026-06-15 16:52:34.805724,12.212000,-18.310000
2026-06-15 16:52:34.805845,12.080000,-18.490000
2026-06-15 16:52:34.805965,11.898000,-18.509000
2026-06-15 16:52:34.806078,11.894000,-18.609000
2026-06-15 16:52:34.806180,11.346000,-18.871000
2026-06-15 16:52:34.806287,11.649000,-18.455000
2026-06-15 16:52:34.806399,12.126000,-18.305000
2026-06-15 16:52:34.806513,12.289000,-18.313000
2026-06-15 16:52:34.806624,12.033000,-18.469000
2026-06-15 16:52:34.806731,11.919000,-18.506000
2026-06-15 16:52:34.806836,11.896000,-18.643000
2026-06-15 16:52:34.806940,11.242000,-18.850000
2026-06-15 16:52:34.807050,11.793000,-18.477000
2026-06-15 16:52:34.807165,12.150000,-18.268000
2026-06-15 16:52:34.807279,12.255000,-18.312000
2026-06-15 16:52:34.807470,12.001000,-18.505000
2026-06-15 16:52:34.807595,11.922000,-18.465000
2026-06-15 16:52:34.813400,11.806000,-18.716000
2026-06-15 16:52:34.813642,11.358000,-18.822000
2026-06-15 16:52:34.813751,11.820000,-18.478000
2026-06-15 16:52:34.815399,12.051000,-18.315000
2026-06-15 16:52:34.816390,12.248000,-18.304000
2026-06-15 16:52:34.817560,12.031000,-18.459000
2026-06-15 16:52:34.822408,11.889000,-18.530000
2026-06-15 16:52:34.826238,11.891000,-18.799000
2026-06-15 16:52:34.827266,11.337000,-18.690000
2026-06-15 16:52:34.841143,11.766000,-18.390000
2026-06-15 16:52:34.855180,12.174000,-18.291000
2026-06-15 16:52:34.881260,12.343000,-18.312000
2026-06-15 16:52:34.881671,12.021000,-18.474000
2026-06-15 16:52:34.914526,11.906000,-18.464000
2026-06-15 16:52:34.931686,11.883000,-18.818000
2026-06-15 16:52:34.934012,11.355000,-18.564000
2026-06-15 16:52:34.947329,11.785000,-18.258000
2026-06-15 16:52:34.952068,12.188000,-18.166000
2026-06-15 16:52:34.956855,12.295000,-18.229000
2026-06-15 16:52:34.957179,12.013000,-18.406000
2026-06-15 16:52:34.957370,11.904000,-18.348000
2026-06-15 16:52:34.957547,11.870000,-18.788000
2026-06-15 16:52:34.957712,11.356000,-18.578000
2026-06-15 16:52:34.957860,11.824000,-18.223000
2026-06-15 16:52:34.958019,12.209000,-18.120000
2026-06-15 16:52:34.958196,12.207000,-18.104000
2026-06-15 16:52:34.958352,11.937000,-18.206000
2026-06-15 16:52:34.958499,11.875000,-18.305000
2026-06-15 16:52:34.958652,11.883000,-18.667000
2026-06-15 16:52:34.958797,11.339000,-18.423000
2026-06-15 16:52:34.958923,11.808000,-18.091000
2026-06-15 16:52:34.959045,12.218000,-18.003000
2026-06-15 16:52:34.959156,12.209000,-18.015000
2026-06-15 16:52:34.971986,11.873000,-18.055000
2026-06-15 16:52:34.984691,11.744000,-18.098000
2026-06-15 16:52:35.008623,11.835000,-18.590000
2026-06-15 16:52:35.025483,11.228000,-18.266000
2026-06-15 16:52:35.037831,11.805000,-17.919000
2026-06-15 16:52:35.058514,12.213000,-17.877000
2026-06-15 16:52:35.064836,12.204000,-17.896000
2026-06-15 16:52:35.071555,11.934000,-18.014000
2026-06-15 16:52:35.071771,11.831000,-18.001000
2026-06-15 16:52:35.071966,11.805000,-18.388000
2026-06-15 16:52:35.072120,11.260000,-18.044000
2026-06-15 16:52:35.072261,11.797000,-17.747000
2026-06-15 16:52:35.072440,12.195000,-17.650000
2026-06-15 16:52:35.072610,12.167000,-17.661000
2026-06-15 16:52:35.076302,11.905000,-17.746000
2026-06-15 16:52:35.109749,11.871000,-17.721000
2026-06-15 16:52:35.111244,11.814000,-18.116000
2026-06-15 16:52:35.117882,11.341000,-17.754000
2026-06-15 16:52:35.123700,11.873000,-17.463000
2026-06-15 16:52:35.126187,12.226000,-17.367000
2026-06-15 16:52:35.152879,12.196000,-17.419000
2026-06-15 16:52:35.161219,11.944000,-17.384000
2026-06-15 16:52:35.182302,11.863000,-17.390000
2026-06-15 16:52:35.192303,11.696000,-17.751000
2026-06-15 16:52:35.222800,11.256000,-17.366000
2026-06-15 16:52:35.227594,11.708000,-17.110000
2026-06-15 16:52:35.232262,12.225000,-17.047000
2026-06-15 16:52:35.241501,12.217000,-17.124000
2026-06-15 16:52:35.242480,11.958000,-17.093000
2026-06-15 16:52:35.247310,11.910000,-17.072000
2026-06-15 16:52:35.247953,11.757000,-17.385000
2026-06-15 16:52:35.298970,11.442000,-17.041000
2026-06-15 16:52:35.308708,11.937000,-16.726000
2026-06-15 16:52:35.316948,12.365000,-16.538000
2026-06-15 16:52:35.317872,12.343000,-16.661000
2026-06-15 16:52:35.321131,12.093000,-16.594000
2026-06-15 16:52:35.322088,12.102000,-16.540000
2026-06-15 16:52:35.322459,11.872000,-16.884000
2026-06-15 16:52:35.323141,11.657000,-16.476000
2026-06-15 16:52:35.323792,12.247000,-16.136000
2026-06-15 16:52:35.352779,12.575000,-15.978000
2026-06-15 16:52:35.353708,12.570000,-16.140000
2026-06-15 16:52:35.354615,12.322000,-16.063000
2026-06-15 16:52:35.354969,12.224000,-15.994000
2026-06-15 16:52:35.355819,11.962000,-16.271000
2026-06-15 16:52:35.356536,11.749000,-15.854000
2026-06-15 16:52:35.359428,12.421000,-15.539000
2026-06-15 16:52:35.371962,12.711000,-15.353000
2026-06-15 16:52:35.372444,12.717000,-15.484000
2026-06-15 16:52:35.402144,12.305000,-15.301000
2026-06-15 16:52:35.422230,12.292000,-15.306000
2026-06-15 16:52:35.423662,12.002000,-15.528000
2026-06-15 16:52:35.426240,11.987000,-15.040000
2026-06-15 16:52:35.435343,12.397000,-14.678000
2026-06-15 16:52:35.438451,12.802000,-14.465000
2026-06-15 16:52:35.439065,12.796000,-14.616000
2026-06-15 16:52:35.440186,12.578000,-14.469000
2026-06-15 16:52:35.453655,12.593000,-14.293000
2026-06-15 16:52:35.458781,12.111000,-14.530000
2026-06-15 16:52:35.459689,12.241000,-14.057000
2026-06-15 16:52:35.468205,12.698000,-13.568000
2026-06-15 16:52:35.469633,12.869000,-13.465000
2026-06-15 16:52:35.471087,12.850000,-13.596000
2026-06-15 16:52:35.495878,12.557000,-13.532000
2026-06-15 16:52:35.496205,12.532000,-13.434000
2026-06-15 16:52:35.496408,11.928000,-13.691000
2026-06-15 16:52:35.496557,12.101000,-13.224000
2026-06-15 16:52:35.497210,12.489000,-12.899000
2026-06-15 16:52:35.505745,12.645000,-12.725000
2026-06-15 16:52:35.506797,12.460000,-12.849000
2026-06-15 16:52:35.518372,12.039000,-12.806000
2026-06-15 16:52:35.519296,12.096000,-12.797000
2026-06-15 16:52:35.530349,11.384000,-13.115000
2026-06-15 16:52:35.562619,11.677000,-12.719000
2026-06-15 16:52:35.566642,12.041000,-12.395000
2026-06-15 16:52:35.582342,12.108000,-12.217000
2026-06-15 16:52:35.590838,11.989000,-12.413000
2026-06-15 16:52:35.592467,11.646000,-12.424000
2026-06-15 16:52:35.592729,11.577000,-12.393000
2026-06-15 16:52:35.592858,10.837000,-12.689000
2026-06-15 16:52:35.592975,11.103000,-12.267000
2026-06-15 16:52:35.597501,11.410000,-11.890000
2026-06-15 16:52:35.598412,11.448000,-11.723000
2026-06-15 16:52:35.600194,11.295000,-11.877000
2026-06-15 16:52:35.600707,10.953000,-11.850000
2026-06-15 16:52:35.633599,10.894000,-11.873000
2026-06-15 16:52:35.638901,10.201000,-12.210000
2026-06-15 16:52:35.639411,10.571000,-11.781000
2026-06-15 16:52:35.648086,10.903000,-11.455000
2026-06-15 16:52:35.666956,10.911000,-11.411000
2026-06-15 16:52:35.676668,10.869000,-11.525000
2026-06-15 16:52:35.676912,10.559000,-11.510000
2026-06-15 16:52:35.684729,10.326000,-11.518000
2026-06-15 16:52:35.708561,9.759000,-11.875000
2026-06-15 16:52:35.713084,10.177000,-11.489000
2026-06-15 16:52:35.713489,10.566000,-11.165000
2026-06-15 16:52:35.713673,10.480000,-11.108000
2026-06-15 16:52:35.719920,10.487000,-11.219000
2026-06-15 16:52:35.721136,10.181000,-11.200000
2026-06-15 16:52:35.722509,10.097000,-11.179000
2026-06-15 16:52:35.723741,9.443000,-11.555000
2026-06-15 16:52:35.723926,9.820000,-11.132000
2026-06-15 16:52:35.724033,10.147000,-10.819000
2026-06-15 16:52:35.725633,10.151000,-10.756000
2026-06-15 16:52:35.726385,10.012000,-10.825000
2026-06-15 16:52:35.735813,9.714000,-10.809000
2026-06-15 16:52:35.745279,9.649000,-10.793000
2026-06-15 16:52:35.747273,8.968000,-11.099000
2026-06-15 16:52:35.751429,9.367000,-10.667000
2026-06-15 16:52:35.752415,9.590000,-10.369000
2026-06-15 16:52:35.752572,9.668000,-10.310000
2026-06-15 16:52:35.753004,9.544000,-10.388000
2026-06-15 16:52:35.753201,9.174000,-10.340000
2026-06-15 16:52:35.754017,9.169000,-10.320000
2026-06-15 16:52:35.754240,8.484000,-10.642000
2026-06-15 16:52:35.754384,8.858000,-10.216000
2026-06-15 16:52:35.754640,9.042000,-9.909000
2026-06-15 16:52:35.755049,9.205000,-9.939000
2026-06-15 16:52:35.755434,9.179000,-10.041000
2026-06-15 16:52:35.755699,8.879000,-10.099000
2026-06-15 16:52:35.756192,8.896000,-10.112000
2026-06-15 16:52:35.756593,8.326000,-10.457000
2026-06-15 16:52:35.759715,8.730000,-10.144000
2026-06-15 16:52:35.760365,9.082000,-9.924000
2026-06-15 16:52:35.760661,9.197000,-9.945000
2026-06-15 16:52:35.760912,9.195000,-10.079000
2026-06-15 16:52:35.761197,8.913000,-10.137000
2026-06-15 16:52:35.761942,8.973000,-10.118000
2026-06-15 16:52:35.776918,8.397000,-10.497000
2026-06-15 16:52:35.781392,8.797000,-10.145000
2026-06-15 16:52:35.782496,9.170000,-9.874000
2026-06-15 16:52:35.782929,9.295000,-9.867000
2026-06-15 16:52:35.783281,9.183000,-10.035000
2026-06-15 16:52:35.785297,8.986000,-10.059000
2026-06-15 16:52:35.785817,9.029000,-10.111000
2026-06-15 16:52:35.786265,8.474000,-10.425000
2026-06-15 16:52:35.788473,8.726000,-10.084000
2026-06-15 16:52:35.788725,9.238000,-9.846000
2026-06-15 16:52:35.789431,9.353000,-9.832000
2026-06-15 16:52:35.790114,9.311000,-10.017000
2026-06-15 16:52:35.793663,9.102000,-10.079000
2026-06-15 16:52:35.795591,9.107000,-10.071000
2026-06-15 16:52:35.817950,8.482000,-10.467000
2026-06-15 16:52:35.822616,8.878000,-10.096000
2026-06-15 16:52:35.823259,9.261000,-9.874000
2026-06-15 16:52:35.829740,9.386000,-9.814000
2026-06-15 16:52:35.833158,9.243000,-9.988000
2026-06-15 16:52:35.834725,8.983000,-10.060000
2026-06-15 16:52:35.842699,9.089000,-10.142000
2026-06-15 16:52:35.843219,8.510000,-10.450000
2026-06-15 16:52:35.844021,8.760000,-10.093000
2026-06-15 16:52:35.849691,9.287000,-9.895000
2026-06-15 16:52:35.850006,9.400000,-9.883000
2026-06-15 16:52:35.850231,9.349000,-10.044000
2026-06-15 16:52:35.853286,9.152000,-10.103000
2026-06-15 16:52:35.869475,9.143000,-10.127000
2026-06-15 16:52:35.874514,8.490000,-10.478000
2026-06-15 16:52:35.876415,8.613000,-9.859000
2026-06-15 16:52:35.876766,8.654000,-9.091000
2026-06-15 16:52:35.883596,7.974000,-8.332000
2026-06-15 16:52:35.889216,6.954000,-7.460000
2026-06-15 16:52:35.892971,5.512000,-6.246000
2026-06-15 16:52:35.894065,4.513000,-5.123000
2026-06-15 16:52:35.894418,3.056000,-4.683000
2026-06-15 16:52:35.894632,2.763000,-3.764000
2026-06-15 16:52:35.906119,2.636000,-3.181000
2026-06-15 16:52:35.937948,2.437000,-3.052000
2026-06-15 16:52:35.939368,2.231000,-3.083000
2026-06-15 16:52:35.951620,1.910000,-3.032000
2026-06-15 16:52:35.965407,2.005000,-2.963000
2026-06-15 16:52:35.965612,1.485000,-3.380000
2026-06-15 16:52:35.966150,1.895000,-3.254000
2026-06-15 16:52:35.966507,2.550000,-3.342000
2026-06-15 16:52:35.975882,3.225000,-3.777000
2026-06-15 16:52:35.978288,3.654000,-4.330000
2026-06-15 16:52:35.978630,3.754000,-4.720000
2026-06-15 16:52:35.999998,4.008000,-4.894000
2026-06-15 16:52:36.031394,3.589000,-5.362000
2026-06-15 16:52:36.055272,3.657000,-4.948000
2026-06-15 16:52:36.067651,4.126000,-4.602000
2026-06-15 16:52:36.071171,4.265000,-4.496000
2026-06-15 16:52:36.095366,4.041000,-4.431000
2026-06-15 16:52:36.096166,3.552000,-4.293000
2026-06-15 16:52:36.096320,3.248000,-4.050000
2026-06-15 16:52:36.096794,2.778000,-4.208000
2026-06-15 16:52:36.098896,2.247000,-3.673000
2026-06-15 16:52:36.105650,2.691000,-3.372000
2026-06-15 16:52:36.148487,3.735000,-4.535000
2026-06-15 16:52:36.163022,3.536000,-4.958000
2026-06-15 16:52:36.176274,3.261000,-4.626000
2026-06-15 16:52:36.184732,3.769000,-4.360000
2026-06-15 16:52:36.186396,4.082000,-4.350000
2026-06-15 16:52:36.187875,4.077000,-4.376000
2026-06-15 16:52:36.188898,3.799000,-4.558000
2026-06-15 16:52:36.189455,3.743000,-4.560000
2026-06-15 16:52:36.218038,3.557000,-5.004000
2026-06-15 16:52:36.229928,3.245000,-4.718000
2026-06-15 16:52:36.247960,3.697000,-4.508000
2026-06-15 16:52:36.265330,4.026000,-4.496000
2026-06-15 16:52:36.266070,4.159000,-4.548000
2026-06-15 16:52:36.282153,3.881000,-4.753000
2026-06-15 16:52:36.315085,3.847000,-4.761000
2026-06-15 16:52:36.315989,3.686000,-5.169000
2026-06-15 16:52:36.322407,3.300000,-4.891000
2026-06-15 16:52:36.324045,3.857000,-4.623000
2026-06-15 16:52:36.326782,4.241000,-4.526000
2026-06-15 16:52:36.327484,4.206000,-4.590000
2026-06-15 16:52:36.328125,3.947000,-4.738000
2026-06-15 16:52:36.328998,3.943000,-4.792000
2026-06-15 16:52:36.336429,3.905000,-5.252000
2026-06-15 16:52:36.349038,3.493000,-4.993000
2026-06-15 16:52:36.352029,4.070000,-4.756000
2026-06-15 16:52:36.358284,4.487000,-4.793000
2026-06-15 16:52:36.361085,4.516000,-4.876000
2026-06-15 16:52:36.362357,4.287000,-5.102000
2026-06-15 16:52:36.363704,4.261000,-5.144000
2026-06-15 16:52:36.364014,4.260000,-5.579000
2026-06-15 16:52:36.364530,3.769000,-5.350000
2026-06-15 16:52:36.365492,4.291000,-5.103000
2026-06-15 16:52:36.366456,4.748000,-5.049000
2026-06-15 16:52:36.387807,4.799000,-5.103000
2026-06-15 16:52:36.413768,4.574000,-5.358000
2026-06-15 16:52:36.421805,4.526000,-5.372000
2026-06-15 16:52:36.469660,4.510000,-5.797000
2026-06-15 16:52:36.473083,3.998000,-5.557000
2026-06-15 16:52:36.473729,4.605000,-5.293000
2026-06-15 16:52:36.482918,4.940000,-5.237000
2026-06-15 16:52:36.518054,5.012000,-5.339000
2026-06-15 16:52:36.521812,4.859000,-5.582000
2026-06-15 16:52:36.545398,4.812000,-5.640000
2026-06-15 16:52:36.546773,4.828000,-6.114000
2026-06-15 16:52:36.547281,4.295000,-5.925000
2026-06-15 16:52:36.549370,4.893000,-5.651000
2026-06-15 16:52:36.557333,5.329000,-5.617000
2026-06-15 16:52:36.557911,5.441000,-5.716000
2026-06-15 16:52:36.558542,5.217000,-5.927000
2026-06-15 16:52:36.598656,5.186000,-5.997000
2026-06-15 16:52:36.599648,5.217000,-6.484000
2026-06-15 16:52:36.612878,4.718000,-6.279000
2026-06-15 16:52:36.614173,5.240000,-6.008000
2026-06-15 16:52:36.614895,5.650000,-5.917000
2026-06-15 16:52:36.616322,5.823000,-6.048000
2026-06-15 16:52:36.644025,5.598000,-6.274000
2026-06-15 16:52:36.649738,5.536000,-6.359000
2026-06-15 16:52:36.689310,5.588000,-6.789000
2026-06-15 16:52:36.699366,5.079000,-6.702000
2026-06-15 16:52:36.721170,5.594000,-6.416000
2026-06-15 16:52:36.767176,6.047000,-6.331000
2026-06-15 16:52:36.773712,6.222000,-6.474000
2026-06-15 16:52:36.774482,6.054000,-6.758000
2026-06-15 16:52:36.776730,6.041000,-6.847000
2026-06-15 16:52:36.787123,6.015000,-7.244000
2026-06-15 16:52:36.787427,5.581000,-7.183000
2026-06-15 16:52:36.800302,6.042000,-6.829000
2026-06-15 16:52:36.804320,6.404000,-6.616000
2026-06-15 16:52:36.807779,6.484000,-6.651000
2026-06-15 16:52:36.810547,6.215000,-6.784000
2026-06-15 16:52:36.825376,6.046000,-6.789000
2026-06-15 16:52:36.834228,6.040000,-7.112000
2026-06-15 16:52:36.836057,5.500000,-7.091000
2026-06-15 16:52:36.836289,5.953000,-6.775000
2026-06-15 16:52:36.836417,6.310000,-6.593000
2026-06-15 16:52:36.841482,6.470000,-6.588000
2026-06-15 16:52:36.855445,6.210000,-6.823000
2026-06-15 16:52:36.857250,6.068000,-6.844000
2026-06-15 16:52:36.857483,6.069000,-7.104000
2026-06-15 16:52:36.864026,5.522000,-7.181000
2026-06-15 16:52:36.864327,5.981000,-6.826000
2026-06-15 16:52:36.864485,6.300000,-6.604000
2026-06-15 16:52:36.864613,6.458000,-6.601000
2026-06-15 16:52:36.864729,6.161000,-6.762000
2026-06-15 16:52:36.864838,6.020000,-6.784000
2026-06-15 16:52:36.864981,6.010000,-7.001000
2026-06-15 16:52:36.886850,5.482000,-7.166000
2026-06-15 16:52:36.887020,5.928000,-6.828000
2026-06-15 16:52:36.887131,6.284000,-6.610000
2026-06-15 16:52:36.887251,6.440000,-6.650000
2026-06-15 16:52:36.887425,6.204000,-6.779000
2026-06-15 16:52:36.887725,5.967000,-6.804000
2026-06-15 16:52:36.890931,5.992000,-6.926000
2026-06-15 16:52:36.901958,5.397000,-7.195000
2026-06-15 16:52:36.905905,5.882000,-6.798000
2026-06-15 16:52:36.942815,6.238000,-6.552000
2026-06-15 16:52:36.964099,6.409000,-6.614000
2026-06-15 16:52:36.964803,6.220000,-6.719000
2026-06-15 16:52:36.965489,5.961000,-6.817000
2026-06-15 16:52:36.966002,6.022000,-6.863000
2026-06-15 16:52:36.966511,5.444000,-7.189000
2026-06-15 16:52:37.000527,5.849000,-6.789000
2026-06-15 16:52:37.010470,6.186000,-6.561000
2026-06-15 16:52:37.046059,6.297000,-6.549000
2026-06-15 16:52:37.046724,6.211000,-6.768000
2026-06-15 16:52:37.047671,6.015000,-6.774000
2026-06-15 16:52:37.048443,5.993000,-6.824000
2026-06-15 16:52:37.049035,5.332000,-7.204000
2026-06-15 16:52:37.057538,5.812000,-6.811000
2026-06-15 16:52:37.059906,6.189000,-6.573000
2026-06-15 16:52:37.061289,6.229000,-6.570000
2026-06-15 16:52:37.075452,6.229000,-6.748000
2026-06-15 16:52:37.090147,5.968000,-6.775000
2026-06-15 16:52:37.122288,5.925000,-6.818000
2026-06-15 16:52:37.132122,5.385000,-7.193000
2026-06-15 16:52:37.132448,5.805000,-6.806000
2026-06-15 16:52:37.132623,6.179000,-6.575000
2026-06-15 16:52:37.132790,6.246000,-6.568000
2026-06-15 16:52:37.132933,6.199000,-6.772000
2026-06-15 16:52:37.153869,5.995000,-6.795000
2026-06-15 16:52:37.166065,5.965000,-6.780000
2026-06-15 16:52:37.171996,5.407000,-7.192000
2026-06-15 16:52:37.179508,5.762000,-6.826000
2026-06-15 16:52:37.186068,6.135000,-6.552000
2026-06-15 16:52:37.187389,6.251000,-6.540000
2026-06-15 16:52:37.193127,6.233000,-6.736000
2026-06-15 16:52:37.238180,5.999000,-6.767000
2026-06-15 16:52:37.248379,6.000000,-6.798000
2026-06-15 16:52:37.248912,5.361000,-7.184000
2026-06-15 16:52:37.250039,5.738000,-6.802000
2026-06-15 16:52:37.250455,6.114000,-6.533000
2026-06-15 16:52:37.255010,6.249000,-6.526000
2026-06-15 16:52:37.276820,6.253000,-6.728000
2026-06-15 16:52:37.284214,5.980000,-6.779000
2026-06-15 16:52:37.286163,5.973000,-6.812000
2026-06-15 16:52:37.290146,5.358000,-7.176000
2026-06-15 16:52:37.297146,5.693000,-6.821000
2026-06-15 16:52:37.340594,6.093000,-6.546000
2026-06-15 16:52:37.346868,6.283000,-6.450000
2026-06-15 16:52:37.347073,6.244000,-6.715000
2026-06-15 16:52:37.356497,5.953000,-6.783000
2026-06-15 16:52:37.375432,5.977000,-6.797000
2026-06-15 16:52:37.375924,5.386000,-7.150000
2026-06-15 16:52:37.380753,5.613000,-6.761000
2026-06-15 16:52:37.384303,5.985000,-6.550000
2026-06-15 16:52:37.384607,6.228000,-6.456000
2026-06-15 16:52:37.388958,6.217000,-6.710000
2026-06-15 16:52:37.400959,5.979000,-6.789000
2026-06-15 16:52:37.403699,5.959000,-6.788000
2026-06-15 16:52:37.405506,5.371000,-7.164000
2026-06-15 16:52:37.407701,5.620000,-6.821000
2026-06-15 16:52:37.409136,6.052000,-6.548000
2026-06-15 16:52:37.420175,6.196000,-6.467000
2026-06-15 16:52:37.421505,6.240000,-6.774000
2026-06-15 16:52:37.422505,5.959000,-6.792000
2026-06-15 16:52:37.423158,5.945000,-6.801000
2026-06-15 16:52:37.423446,5.434000,-7.150000
2026-06-15 16:52:37.423618,5.552000,-6.845000
2026-06-15 16:52:37.423931,6.007000,-6.607000
2026-06-15 16:52:37.428591,6.273000,-6.511000
2026-06-15 16:52:37.468469,6.218000,-6.732000
2026-06-15 16:52:37.475097,5.973000,-6.780000
2026-06-15 16:52:37.483255,5.930000,-6.817000
2026-06-15 16:52:37.483464,5.516000,-7.172000
2026-06-15 16:52:37.483594,5.530000,-6.850000
2026-06-15 16:52:37.484768,5.995000,-6.560000
2026-06-15 16:52:37.485425,6.242000,-6.483000
2026-06-15 16:52:37.485821,6.234000,-6.695000
2026-06-15 16:52:37.486094,5.889000,-6.745000
2026-06-15 16:52:37.486355,5.887000,-6.751000
2026-06-15 16:52:37.486584,5.558000,-7.188000
2026-06-15 16:52:37.486865,5.447000,-6.861000
2026-06-15 16:52:37.487184,5.958000,-6.647000
2026-06-15 16:52:37.495201,6.273000,-6.604000
2026-06-15 16:52:37.496429,6.253000,-6.695000
2026-06-15 16:52:37.496956,5.974000,-6.825000
2026-06-15 16:52:37.502754,5.913000,-6.793000
2026-06-15 16:52:37.508254,5.645000,-7.178000
2026-06-15 16:52:37.514379,5.426000,-6.859000
2026-06-15 16:52:37.530564,5.936000,-6.617000
2026-06-15 16:52:37.545932,6.256000,-6.529000
2026-06-15 16:52:37.551721,6.230000,-6.714000
2026-06-15 16:52:37.557869,5.985000,-6.788000
2026-06-15 16:52:37.570831,5.914000,-6.814000
2026-06-15 16:52:37.586402,5.692000,-7.226000
2026-06-15 16:52:37.591510,5.406000,-6.889000
2026-06-15 16:52:37.599017,5.880000,-6.607000
2026-06-15 16:52:37.615100,6.276000,-6.629000
2026-06-15 16:52:37.615343,6.231000,-6.696000
2026-06-15 16:52:37.615474,5.968000,-6.808000
2026-06-15 16:52:37.620497,5.910000,-6.789000
2026-06-15 16:52:37.628647,5.759000,-7.207000
2026-06-15 16:52:37.633540,5.296000,-6.894000
2026-06-15 16:52:37.634572,5.850000,-6.636000
2026-06-15 16:52:37.634965,6.223000,-6.631000
2026-06-15 16:52:37.635614,6.242000,-6.611000
2026-06-15 16:52:37.636616,5.965000,-6.799000
2026-06-15 16:52:37.637277,5.930000,-6.782000
2026-06-15 16:52:37.637712,5.837000,-7.219000
2026-06-15 16:52:37.638085,5.355000,-6.941000
2026-06-15 16:52:37.638568,5.888000,-6.672000
2026-06-15 16:52:37.638904,6.267000,-6.644000
2026-06-15 16:52:37.640667,6.252000,-6.628000
2026-06-15 16:52:37.647012,5.971000,-6.748000
2026-06-15 16:52:37.650960,5.801000,-6.813000
2026-06-15 16:52:37.660959,5.875000,-7.245000
2026-06-15 16:52:37.676033,5.343000,-6.963000
2026-06-15 16:52:37.680183,5.878000,-6.674000
2026-06-15 16:52:37.680396,6.262000,-6.605000
2026-06-15 16:52:37.680684,6.263000,-6.633000
2026-06-15 16:52:37.681073,5.966000,-6.827000
2026-06-15 16:52:37.681536,5.920000,-6.761000
2026-06-15 16:52:37.681957,5.876000,-7.234000
2026-06-15 16:52:37.682392,5.345000,-6.976000
2026-06-15 16:52:37.682704,5.872000,-6.678000
2026-06-15 16:52:37.688090,6.249000,-6.588000
2026-06-15 16:52:37.704096,6.249000,-6.606000
2026-06-15 16:52:37.713798,5.878000,-6.746000
2026-06-15 16:52:37.715033,5.844000,-6.790000
2026-06-15 16:52:37.715686,5.894000,-7.235000
2026-06-15 16:52:37.717409,5.353000,-6.998000
2026-06-15 16:52:37.732984,5.853000,-6.724000
2026-06-15 16:52:37.733302,6.202000,-6.601000
2026-06-15 16:52:37.734847,6.334000,-6.639000
2026-06-15 16:52:37.735537,6.024000,-6.820000
2026-06-15 16:52:37.737228,5.916000,-6.797000
2026-06-15 16:52:37.738570,5.888000,-7.208000
2026-06-15 16:52:37.738935,5.375000,-7.017000
2026-06-15 16:52:37.739301,5.860000,-6.711000
2026-06-15 16:52:37.740000,6.254000,-6.619000
2026-06-15 16:52:37.740978,6.311000,-6.635000
2026-06-15 16:52:37.741470,6.019000,-6.805000
2026-06-15 16:52:37.741785,5.919000,-6.819000
2026-06-15 16:52:37.742187,5.872000,-7.172000
2026-06-15 16:52:37.742485,5.343000,-7.052000
2026-06-15 16:52:37.752297,5.837000,-6.748000
2026-06-15 16:52:37.756708,6.199000,-6.637000
2026-06-15 16:52:37.763959,6.338000,-6.619000
2026-06-15 16:52:37.767628,6.017000,-6.774000
2026-06-15 16:52:37.768426,5.886000,-6.786000
2026-06-15 16:52:37.768747,5.893000,-7.169000
2026-06-15 16:52:37.791647,5.353000,-7.057000
2026-06-15 16:52:37.792331,5.774000,-6.756000
2026-06-15 16:52:37.793072,6.181000,-6.609000
2026-06-15 16:52:37.793279,6.327000,-6.601000
2026-06-15 16:52:37.793396,6.017000,-6.773000
2026-06-15 16:52:37.793808,5.895000,-6.804000
2026-06-15 16:52:37.794778,5.881000,-7.095000
2026-06-15 16:52:37.806428,5.286000,-7.070000
2026-06-15 16:52:37.806884,5.794000,-6.737000
2026-06-15 16:52:37.807163,6.090000,-6.577000
2026-06-15 16:52:37.807478,6.348000,-6.642000
2026-06-15 16:52:37.807899,6.011000,-6.811000
2026-06-15 16:52:37.808309,5.836000,-6.823000
2026-06-15 16:52:37.808720,5.884000,-7.055000
2026-06-15 16:52:37.809023,5.335000,-7.150000
2026-06-15 16:52:37.809583,5.782000,-6.765000
2026-06-15 16:52:37.810130,6.122000,-6.602000
2026-06-15 16:52:37.810989,6.229000,-6.595000
2026-06-15 16:52:37.811371,6.064000,-6.778000
2026-06-15 16:52:37.812089,5.903000,-6.804000
2026-06-15 16:52:37.812441,5.859000,-6.983000
2026-06-15 16:52:37.812684,5.301000,-7.186000
2026-06-15 16:52:37.812811,5.779000,-6.799000
2026-06-15 16:52:37.812934,6.128000,-6.592000
2026-06-15 16:52:37.813071,6.292000,-6.578000
2026-06-15 16:52:37.813222,6.037000,-6.738000
2026-06-15 16:52:37.813342,5.895000,-6.798000
2026-06-15 16:52:37.813478,5.843000,-6.928000
2026-06-15 16:52:37.813633,5.319000,-7.183000
2026-06-15 16:52:37.813782,5.754000,-6.823000
2026-06-15 16:52:37.813914,6.108000,-6.604000
2026-06-15 16:52:37.814036,6.286000,-6.578000
2026-06-15 16:52:37.814179,5.995000,-6.759000
2026-06-15 16:52:37.814340,5.881000,-6.808000
2026-06-15 16:52:37.814497,5.869000,-6.889000
2026-06-15 16:52:37.814674,5.316000,-7.140000
2026-06-15 16:52:37.814823,5.719000,-6.817000
2026-06-15 16:52:37.814974,6.059000,-6.545000
2026-06-15 16:52:37.815120,6.140000,-6.621000
2026-06-15 16:52:37.815259,6.127000,-6.759000
2026-06-15 16:52:37.815382,5.897000,-6.812000
2026-06-15 16:52:37.815513,5.885000,-6.849000
2026-06-15 16:52:37.818459,5.302000,-7.217000
2026-06-15 16:52:37.832048,5.705000,-6.825000
2026-06-15 16:52:37.834531,6.081000,-6.577000
2026-06-15 16:52:37.838605,6.138000,-6.610000
2026-06-15 16:52:37.840051,6.029000,-6.748000
2026-06-15 16:52:37.849147,5.909000,-6.820000
2026-06-15 16:52:37.851384,5.867000,-6.860000
2026-06-15 16:52:37.851865,5.268000,-7.219000
2026-06-15 16:52:37.852265,5.683000,-6.852000
2026-06-15 16:52:37.852496,6.068000,-6.584000
2026-06-15 16:52:37.859026,6.130000,-6.604000
2026-06-15 16:52:37.883548,6.122000,-6.747000
2026-06-15 16:52:37.883930,5.875000,-6.803000
2026-06-15 16:52:37.890284,5.887000,-6.812000
2026-06-15 16:52:37.892840,5.275000,-7.193000
2026-06-15 16:52:37.893051,5.643000,-6.808000
2026-06-15 16:52:37.896653,6.020000,-6.491000
2026-06-15 16:52:37.898750,6.144000,-6.560000
2026-06-15 16:52:37.899223,6.135000,-6.765000
2026-06-15 16:52:37.920146,5.870000,-6.810000
2026-06-15 16:52:37.920519,5.878000,-6.838000
2026-06-15 16:52:37.920719,5.267000,-7.188000
2026-06-15 16:52:37.920896,5.601000,-6.836000
2026-06-15 16:52:37.940679,6.022000,-6.603000
2026-06-15 16:52:37.948993,6.185000,-6.538000
2026-06-15 16:52:37.969790,6.115000,-6.724000
2026-06-15 16:52:37.987223,5.886000,-6.786000
2026-06-15 16:52:37.994255,5.868000,-6.818000
2026-06-15 16:52:37.994627,5.283000,-7.204000
2026-06-15 16:52:37.997568,5.571000,-6.840000
2026-06-15 16:52:38.008170,5.984000,-6.540000
2026-06-15 16:52:38.032992,6.163000,-6.534000
2026-06-15 16:52:38.044371,6.130000,-6.752000
2026-06-15 16:52:38.044853,5.769000,-6.789000
2026-06-15 16:52:38.046146,5.807000,-6.808000
2026-06-15 16:52:38.050771,5.234000,-7.158000
2026-06-15 16:52:38.076754,5.509000,-6.837000
2026-06-15 16:52:38.080309,5.982000,-6.607000
2026-06-15 16:52:38.080642,6.183000,-6.513000
2026-06-15 16:52:38.080800,6.126000,-6.784000
2026-06-15 16:52:38.080918,5.820000,-6.794000
2026-06-15 16:52:38.081028,5.864000,-6.829000
2026-06-15 16:52:38.084340,5.321000,-7.206000
2026-06-15 16:52:38.092486,5.535000,-6.870000
2026-06-15 16:52:38.092940,5.994000,-6.626000
2026-06-15 16:52:38.094894,6.194000,-6.613000
2026-06-15 16:52:38.112332,6.161000,-6.773000
2026-06-15 16:52:38.116593,5.867000,-6.794000
2026-06-15 16:52:38.120090,5.849000,-6.837000
2026-06-15 16:52:38.131565,5.391000,-7.204000
2026-06-15 16:52:38.141039,5.484000,-6.868000
2026-06-15 16:52:38.151795,5.909000,-6.649000
2026-06-15 16:52:38.152891,6.155000,-6.534000
2026-06-15 16:52:38.153234,6.144000,-6.801000
2026-06-15 16:52:38.153515,5.903000,-6.823000
2026-06-15 16:52:38.185829,5.857000,-6.849000
2026-06-15 16:52:38.196120,5.467000,-7.214000
2026-06-15 16:52:38.199925,5.427000,-6.907000
2026-06-15 16:52:38.218301,5.915000,-6.673000
2026-06-15 16:52:38.224761,6.065000,-6.518000
2026-06-15 16:52:38.243283,6.119000,-6.731000
2026-06-15 16:52:38.248935,5.834000,-6.778000
2026-06-15 16:52:38.253870,5.866000,-6.821000
2026-06-15 16:52:38.267174,5.517000,-7.240000
2026-06-15 16:52:38.276501,5.416000,-6.906000
2026-06-15 16:52:38.307816,5.906000,-6.675000
2026-06-15 16:52:38.311216,6.133000,-6.664000
2026-06-15 16:52:38.335035,6.169000,-6.731000
2026-06-15 16:52:38.355378,5.899000,-6.840000
2026-06-15 16:52:38.364109,5.857000,-6.836000
2026-06-15 16:52:38.366054,5.570000,-7.253000
2026-06-15 16:52:38.380448,5.393000,-6.914000
2026-06-15 16:52:38.381549,5.881000,-6.714000
2026-06-15 16:52:38.382121,6.123000,-6.599000
2026-06-15 16:52:38.408616,6.163000,-6.740000
2026-06-15 16:52:38.433340,5.910000,-6.786000
2026-06-15 16:52:38.444191,5.849000,-6.840000
2026-06-15 16:52:38.444494,5.664000,-7.258000
2026-06-15 16:52:38.445543,5.314000,-6.921000
2026-06-15 16:52:38.450797,5.867000,-6.686000
2026-06-15 16:52:38.451662,6.202000,-6.650000
2026-06-15 16:52:38.466020,6.174000,-6.689000
2026-06-15 16:52:38.487074,5.894000,-6.865000
2026-06-15 16:52:38.495693,5.778000,-6.839000
2026-06-15 16:52:38.497328,5.713000,-7.234000
2026-06-15 16:52:38.504541,5.308000,-6.932000
2026-06-15 16:52:38.547957,5.850000,-6.695000
2026-06-15 16:52:38.558920,6.190000,-6.633000
2026-06-15 16:52:38.570364,6.137000,-6.695000
2026-06-15 16:52:38.570983,5.910000,-6.757000
2026-06-15 16:52:38.571300,5.784000,-6.817000
2026-06-15 16:52:38.572604,5.801000,-7.251000
2026-06-15 16:52:38.577984,5.291000,-6.992000
2026-06-15 16:52:38.605217,5.800000,-6.680000
2026-06-15 16:52:38.605604,6.145000,-6.612000
2026-06-15 16:52:38.610040,6.209000,-6.672000
2026-06-15 16:52:38.615735,5.833000,-6.793000
2026-06-15 16:52:38.619269,5.805000,-6.802000
2026-06-15 16:52:38.634728,5.794000,-7.277000
2026-06-15 16:52:38.636678,5.302000,-6.995000
2026-06-15 16:52:38.637804,5.817000,-6.734000
2026-06-15 16:52:38.639878,6.207000,-6.667000
2026-06-15 16:52:38.643140,6.196000,-6.665000
2026-06-15 16:52:38.643460,5.838000,-6.791000
2026-06-15 16:52:38.644880,5.815000,-6.810000
2026-06-15 16:52:38.646524,5.846000,-7.279000
2026-06-15 16:52:38.646784,5.329000,-7.023000
2026-06-15 16:52:38.646928,5.742000,-6.746000
2026-06-15 16:52:38.668705,6.200000,-6.650000
2026-06-15 16:52:38.670840,6.191000,-6.699000
2026-06-15 16:52:38.692375,5.944000,-6.829000
2026-06-15 16:52:38.692692,5.873000,-6.847000
2026-06-15 16:52:38.706273,5.850000,-7.250000
2026-06-15 16:52:38.707844,5.317000,-7.040000
2026-06-15 16:52:38.718252,5.816000,-6.740000
2026-06-15 16:52:38.744243,6.173000,-6.671000
2026-06-15 16:52:38.746741,6.274000,-6.657000
2026-06-15 16:52:38.755987,5.969000,-6.803000
2026-06-15 16:52:38.768282,5.788000,-6.785000
2026-06-15 16:52:38.774171,5.850000,-7.169000
2026-06-15 16:52:38.775544,5.308000,-7.108000
2026-06-15 16:52:38.791705,5.764000,-6.769000
2026-06-15 16:52:38.809062,6.108000,-6.608000
2026-06-15 16:52:38.811586,6.284000,-6.658000
2026-06-15 16:52:38.816541,6.026000,-6.797000
2026-06-15 16:52:38.816977,5.866000,-6.843000
2026-06-15 16:52:38.817142,5.828000,-6.962000
2026-06-15 16:52:38.828795,5.222000,-7.190000
2026-06-15 16:52:38.830455,5.677000,-6.824000
2026-06-15 16:52:38.838515,6.066000,-6.631000
2026-06-15 16:52:38.839981,6.198000,-6.632000
2026-06-15 16:52:38.842004,6.009000,-6.819000
2026-06-15 16:52:38.857295,5.864000,-6.856000
2026-06-15 16:52:38.881472,5.818000,-6.905000
2026-06-15 16:52:38.900945,9.530000,-10.477000
2026-06-15 16:52:38.925602,9.434000,-10.513000
2026-06-15 16:52:38.926739,9.482000,-10.862000
2026-06-15 16:52:38.931232,8.908000,-10.797000
2026-06-15 16:52:38.931597,9.378000,-10.461000
2026-06-15 16:52:38.945065,9.777000,-10.320000
2026-06-15 16:52:38.952940,9.936000,-10.335000
2026-06-15 16:52:38.954366,9.570000,-10.538000
2026-06-15 16:52:38.954556,9.465000,-10.532000
2026-06-15 16:52:38.954723,9.461000,-10.842000
2026-06-15 16:52:38.971807,8.917000,-10.804000
2026-06-15 16:52:38.972382,9.407000,-10.463000
2026-06-15 16:52:38.973783,9.733000,-10.324000
2026-06-15 16:52:38.974180,9.890000,-10.335000
2026-06-15 16:52:38.982875,9.581000,-10.513000
2026-06-15 16:52:38.988605,9.358000,-10.545000
2026-06-15 16:52:38.993888,9.442000,-10.832000
2026-06-15 16:52:39.013871,8.925000,-10.806000
2026-06-15 16:52:39.014129,9.361000,-10.462000
2026-06-15 16:52:39.014299,9.764000,-10.323000
2026-06-15 16:52:39.014441,9.892000,-10.359000
2026-06-15 16:52:39.014637,9.552000,-10.528000
2026-06-15 16:52:39.017752,9.433000,-10.537000
2026-06-15 16:52:39.018014,9.449000,-10.847000
2026-06-15 16:52:39.018157,8.893000,-10.780000
2026-06-15 16:52:39.018290,9.357000,-10.398000
2026-06-15 16:52:39.018421,9.641000,-10.267000
2026-06-15 16:52:39.018547,9.825000,-10.351000
2026-06-15 16:52:39.018659,9.523000,-10.474000
2026-06-15 16:52:39.018787,9.422000,-10.519000
2026-06-15 16:52:39.018929,9.424000,-10.901000
2026-06-15 16:52:39.024633,8.878000,-10.819000
2026-06-15 16:52:39.054980,9.392000,-10.479000
2026-06-15 16:52:39.086253,9.676000,-10.321000
2026-06-15 16:52:39.091448,9.915000,-10.350000
2026-06-15 16:52:39.100346,9.545000,-10.505000
2026-06-15 16:52:39.103984,9.439000,-10.538000
2026-06-15 16:52:39.137163,9.448000,-10.866000
2026-06-15 16:52:39.145801,8.887000,-10.819000
2026-06-15 16:52:39.158671,9.306000,-10.363000
2026-06-15 16:52:39.161610,9.735000,-10.345000
2026-06-15 16:52:39.170057,9.901000,-10.354000
2026-06-15 16:52:39.184511,9.568000,-10.510000
2026-06-15 16:52:39.199179,9.473000,-10.528000
2026-06-15 16:52:39.200866,9.447000,-10.876000
2026-06-15 16:52:39.201182,8.927000,-10.758000
2026-06-15 16:52:39.201397,9.302000,-10.416000
2026-06-15 16:52:39.201621,9.674000,-10.296000
2026-06-15 16:52:39.208276,9.855000,-10.374000
2026-06-15 16:52:39.228933,9.547000,-10.456000
2026-06-15 16:52:39.234324,9.453000,-10.494000
2026-06-15 16:52:39.241687,9.372000,-10.892000
2026-06-15 16:52:39.242036,8.909000,-10.778000
2026-06-15 16:52:39.242207,9.377000,-10.444000
2026-06-15 16:52:39.242379,9.766000,-10.344000
2026-06-15 16:52:39.242543,9.898000,-10.356000
2026-06-15 16:52:39.242707,9.547000,-10.506000
2026-06-15 16:52:39.242853,9.455000,-10.538000
2026-06-15 16:52:39.242994,9.450000,-10.907000
2026-06-15 16:52:39.243159,8.916000,-10.793000
2026-06-15 16:52:39.243355,9.409000,-10.459000
2026-06-15 16:52:39.243510,9.740000,-10.332000
2026-06-15 16:52:39.243663,9.909000,-10.356000
2026-06-15 16:52:39.277293,9.541000,-10.509000
2026-06-15 16:52:39.280523,9.454000,-10.517000
2026-06-15 16:52:39.281652,9.413000,-10.931000
2026-06-15 16:52:39.282224,8.885000,-10.780000
2026-06-15 16:52:39.283345,9.383000,-10.444000
2026-06-15 16:52:39.290464,9.681000,-10.337000
2026-06-15 16:52:39.292795,9.804000,-10.367000
2026-06-15 16:52:39.293541,9.439000,-10.488000
2026-06-15 16:52:39.294318,9.354000,-10.519000
2026-06-15 16:52:39.295409,9.424000,-10.909000
2026-06-15 16:52:39.333199,8.891000,-10.807000
2026-06-15 16:52:39.334406,9.330000,-10.382000
2026-06-15 16:52:39.334829,9.635000,-10.258000
2026-06-15 16:52:39.335352,9.880000,-10.369000
2026-06-15 16:52:39.335883,9.547000,-10.514000
2026-06-15 16:52:39.337148,9.439000,-10.499000
2026-06-15 16:52:39.337594,9.426000,-10.882000
2026-06-15 16:52:39.345682,8.888000,-10.779000
2026-06-15 16:52:39.352744,9.378000,-10.472000
2026-06-15 16:52:39.353256,9.725000,-10.330000
2026-06-15 16:52:39.356211,9.849000,-10.365000
2026-06-15 16:52:39.357126,9.555000,-10.521000
2026-06-15 16:52:39.364948,9.464000,-10.541000
2026-06-15 16:52:39.365524,9.436000,-10.890000
2026-06-15 16:52:39.365770,8.864000,-10.773000
2026-06-15 16:52:39.365961,9.385000,-10.475000
2026-06-15 16:52:39.366124,9.743000,-10.350000
2026-06-15 16:52:39.366286,9.890000,-10.354000
2026-06-15 16:52:39.376436,9.468000,-10.541000
2026-06-15 16:52:39.376741,9.437000,-10.519000
2026-06-15 16:52:39.376885,9.421000,-10.882000
2026-06-15 16:52:39.377002,8.905000,-10.752000
2026-06-15 16:52:39.377123,9.361000,-10.473000
2026-06-15 16:52:39.377237,9.759000,-10.333000
2026-06-15 16:52:39.377394,9.754000,-10.361000
2026-06-15 16:52:39.377557,9.551000,-10.526000
2026-06-15 16:52:39.377672,9.444000,-10.543000
2026-06-15 16:52:39.377779,9.418000,-10.912000
2026-06-15 16:52:39.377923,8.908000,-10.820000
2026-06-15 16:52:39.378451,9.412000,-10.486000
2026-06-15 16:52:39.393259,9.778000,-10.365000
2026-06-15 16:52:39.399247,9.834000,-10.398000
2026-06-15 16:52:39.402182,9.433000,-10.434000
2026-06-15 16:52:39.404689,9.407000,-10.518000
2026-06-15 16:52:39.414990,9.354000,-10.904000
2026-06-15 16:52:39.418777,8.869000,-10.751000
2026-06-15 16:52:39.419569,9.267000,-10.458000
2026-06-15 16:52:39.431053,9.755000,-10.349000
2026-06-15 16:52:39.431663,9.850000,-10.363000
2026-06-15 16:52:39.454687,9.549000,-10.527000
2026-06-15 16:52:39.457731,9.459000,-10.568000
2026-06-15 16:52:39.467072,9.436000,-10.955000
2026-06-15 16:52:39.484194,8.918000,-10.776000
2026-06-15 16:52:39.484391,9.375000,-10.467000
2026-06-15 16:52:39.484534,9.741000,-10.374000
2026-06-15 16:52:39.484663,9.878000,-10.391000
2026-06-15 16:52:39.484794,9.523000,-10.539000
2026-06-15 16:52:39.484946,9.435000,-10.494000
2026-06-15 16:52:39.485111,9.415000,-10.945000
2026-06-15 16:52:39.499983,8.892000,-10.792000
2026-06-15 16:52:39.502796,9.337000,-10.483000
2026-06-15 16:52:39.522299,9.747000,-10.351000
2026-06-15 16:52:39.536852,9.857000,-10.381000
2026-06-15 16:52:39.550829,9.548000,-10.533000
2026-06-15 16:52:39.552015,9.403000,-10.541000
2026-06-15 16:52:39.562230,9.399000,-10.976000
2026-06-15 16:52:39.569645,8.841000,-10.737000
2026-06-15 16:52:39.572772,9.292000,-10.441000
2026-06-15 16:52:39.588055,9.771000,-10.333000
2026-06-15 16:52:39.601113,9.887000,-10.372000
2026-06-15 16:52:39.610747,9.517000,-10.539000
2026-06-15 16:52:39.611778,9.429000,-10.562000
2026-06-15 16:52:39.613562,9.457000,-10.949000
2026-06-15 16:52:39.625923,8.880000,-10.762000
2026-06-15 16:52:39.633522,9.349000,-10.468000
2026-06-15 16:52:39.633746,9.759000,-10.362000
2026-06-15 16:52:39.652300,9.851000,-10.363000
2026-06-15 16:52:39.652939,9.518000,-10.541000
2026-06-15 16:52:39.653419,9.455000,-10.541000
2026-06-15 16:52:39.654163,9.434000,-10.964000
2026-06-15 16:52:39.656689,8.902000,-10.791000
2026-06-15 16:52:39.658137,9.394000,-10.462000
2026-06-15 16:52:39.658649,9.596000,-10.367000
2026-06-15 16:52:39.659433,9.889000,-10.359000
2026-06-15 16:52:39.677371,9.563000,-10.518000
2026-06-15 16:52:39.686326,9.401000,-10.564000
2026-06-15 16:52:39.687690,9.420000,-10.960000
2026-06-15 16:52:39.690990,8.872000,-10.809000
2026-06-15 16:52:39.706264,9.394000,-10.466000
2026-06-15 16:52:39.719791,9.759000,-10.383000
2026-06-15 16:52:39.728161,9.886000,-10.368000
2026-06-15 16:52:39.733173,9.543000,-10.522000
2026-06-15 16:52:39.737540,9.436000,-10.573000
2026-06-15 16:52:39.751438,9.403000,-10.936000
2026-06-15 16:52:39.758989,8.864000,-10.738000
2026-06-15 16:52:39.760803,9.382000,-10.491000
2026-06-15 16:52:39.769974,9.769000,-10.366000
2026-06-15 16:52:39.778533,9.837000,-10.348000
2026-06-15 16:52:39.779052,9.420000,-10.547000
2026-06-15 16:52:39.779535,9.331000,-10.514000
2026-06-15 16:52:39.780154,9.398000,-10.943000
2026-06-15 16:52:39.790466,8.909000,-10.774000
2026-06-15 16:52:39.792371,9.324000,-10.448000
2026-06-15 16:52:39.802819,9.752000,-10.347000
2026-06-15 16:52:39.810247,9.890000,-10.350000
2026-06-15 16:52:39.811632,9.535000,-10.530000
2026-06-15 16:52:39.817612,9.438000,-10.586000
2026-06-15 16:52:39.827415,9.401000,-10.888000
2026-06-15 16:52:39.827645,8.892000,-10.823000
2026-06-15 16:52:39.827792,9.388000,-10.497000
2026-06-15 16:52:39.860177,9.736000,-10.357000
2026-06-15 16:52:39.864608,9.890000,-10.363000
2026-06-15 16:52:39.865767,9.531000,-10.469000
2026-06-15 16:52:39.865982,9.326000,-10.561000
2026-06-15 16:52:39.868362,9.431000,-10.923000
2026-06-15 16:52:39.873712,8.895000,-10.818000
2026-06-15 16:52:39.874503,9.371000,-10.481000
2026-06-15 16:52:39.875651,9.773000,-10.370000
2026-06-15 16:52:39.876970,9.903000,-10.380000
2026-06-15 16:52:39.877735,9.539000,-10.547000
2026-06-15 16:52:39.878118,9.431000,-10.552000
2026-06-15 16:52:39.904568,9.427000,-10.914000
2026-06-15 16:52:39.906114,8.803000,-10.764000
2026-06-15 16:52:39.913462,9.361000,-10.493000
2026-06-15 16:52:39.962826,9.733000,-10.352000
2026-06-15 16:52:39.985495,9.807000,-10.313000
2026-06-15 16:52:39.999823,9.493000,-10.529000
2026-06-15 16:52:40.001747,9.417000,-10.539000
2026-06-15 16:52:40.007486,9.413000,-10.878000
2026-06-15 16:52:40.039186,8.889000,-10.815000
2026-06-15 16:52:40.056737,9.353000,-10.487000
2026-06-15 16:52:40.073300,9.738000,-10.345000
2026-06-15 16:52:40.105264,9.856000,-10.364000
2026-06-15 16:52:40.126347,9.526000,-10.540000
2026-06-15 16:52:40.131492,9.448000,-10.545000
2026-06-15 16:52:40.132585,9.402000,-10.893000
2026-06-15 16:52:40.149037,8.870000,-10.843000
2026-06-15 16:52:40.150584,9.360000,-10.501000
2026-06-15 16:52:40.151121,9.724000,-10.360000
2026-06-15 16:52:40.151345,9.780000,-10.392000
2026-06-15 16:52:40.151605,9.552000,-10.537000
2026-06-15 16:52:40.151940,9.431000,-10.556000
2026-06-15 16:52:40.160867,9.403000,-10.910000
2026-06-15 16:52:40.163543,8.874000,-10.776000
2026-06-15 16:52:40.164054,9.325000,-10.470000
2026-06-15 16:52:40.164339,9.628000,-10.258000
2026-06-15 16:52:40.165849,9.877000,-10.407000
2026-06-15 16:52:40.166907,9.560000,-10.522000
2026-06-15 16:52:40.168296,9.431000,-10.573000
2026-06-15 16:52:40.169193,9.410000,-10.934000
2026-06-15 16:52:40.169791,8.877000,-10.794000
2026-06-15 16:52:40.178104,9.271000,-10.436000
2026-06-15 16:52:40.180118,9.736000,-10.347000
2026-06-15 16:52:40.183959,9.864000,-10.381000
2026-06-15 16:52:40.186460,9.519000,-10.548000
2026-06-15 16:52:40.186861,9.439000,-10.554000
2026-06-15 16:52:40.187150,9.408000,-10.960000
2026-06-15 16:52:40.187409,8.769000,-10.780000
2026-06-15 16:52:40.187648,9.354000,-10.486000
2026-06-15 16:52:40.187931,9.710000,-10.298000
2026-06-15 16:52:40.215423,9.850000,-10.406000
2026-06-15 16:52:40.216486,9.478000,-10.525000
2026-06-15 16:52:40.221511,9.427000,-10.561000
2026-06-15 16:52:40.226440,9.431000,-10.932000
2026-06-15 16:52:40.238962,8.882000,-10.789000
2026-06-15 16:52:40.242685,9.379000,-10.479000
2026-06-15 16:52:40.249047,9.731000,-10.381000
2026-06-15 16:52:40.258807,9.826000,-10.369000
2026-06-15 16:52:40.266316,9.447000,-10.493000
2026-06-15 16:52:40.285063,9.328000,-10.515000
2026-06-15 16:52:40.289688,9.388000,-10.950000
2026-06-15 16:52:40.295439,8.855000,-10.776000
2026-06-15 16:52:40.297252,9.256000,-10.496000
2026-06-15 16:52:40.297650,9.768000,-10.366000
2026-06-15 16:52:40.304074,9.826000,-10.401000
2026-06-15 16:52:40.304909,9.521000,-10.523000
2026-06-15 16:52:40.315880,9.413000,-10.555000
2026-06-15 16:52:40.339674,9.403000,-10.929000
2026-06-15 16:52:40.344673,8.865000,-10.785000
2026-06-15 16:52:40.347130,9.372000,-10.464000
2026-06-15 16:52:40.348483,9.756000,-10.362000
2026-06-15 16:52:40.362681,9.849000,-10.390000
2026-06-15 16:52:40.362874,9.527000,-10.528000
2026-06-15 16:52:40.362982,9.318000,-10.561000
2026-06-15 16:52:40.363081,9.381000,-10.950000
2026-06-15 16:52:40.363173,8.820000,-10.783000
2026-06-15 16:52:40.363264,9.361000,-10.465000
2026-06-15 16:52:40.380435,9.740000,-10.369000
2026-06-15 16:52:40.383176,9.793000,-10.372000
2026-06-15 16:52:40.403676,9.468000,-10.514000
2026-06-15 16:52:40.420951,9.412000,-10.556000
2026-06-15 16:52:40.422650,9.394000,-10.941000
2026-06-15 16:52:40.429753,8.703000,-10.713000
2026-06-15 16:52:40.430118,9.343000,-10.472000
2026-06-15 16:52:40.517605,9.752000,-10.368000
2026-06-15 16:52:40.519398,9.813000,-10.343000
2026-06-15 16:52:40.519632,9.488000,-10.498000
2026-06-15 16:52:40.546363,9.383000,-10.566000
2026-06-15 16:52:40.560292,9.391000,-10.978000
2026-06-15 16:52:40.562351,8.872000,-10.791000
2026-06-15 16:52:40.563458,9.369000,-10.459000
2026-06-15 16:52:40.580389,9.742000,-10.368000
2026-06-15 16:52:40.581437,9.814000,-10.403000
2026-06-15 16:52:40.581769,9.524000,-10.532000
2026-06-15 16:52:40.581993,9.422000,-10.561000
2026-06-15 16:52:40.626006,9.397000,-10.956000
2026-06-15 16:52:40.643265,8.702000,-10.784000
2026-06-15 16:52:40.644151,9.352000,-10.473000
2026-06-15 16:52:40.667469,9.634000,-10.341000
2026-06-15 16:52:40.723971,9.722000,-10.373000
2026-06-15 16:52:40.754759,9.449000,-10.557000
2026-06-15 16:52:40.759796,9.418000,-10.544000
2026-06-15 16:52:40.769379,9.390000,-10.960000
2026-06-15 16:52:40.815010,8.793000,-10.764000
2026-06-15 16:52:40.820148,9.330000,-10.462000
2026-06-15 16:52:40.820442,9.709000,-10.359000
2026-06-15 16:52:40.820591,9.791000,-10.408000
2026-06-15 16:52:40.820697,9.464000,-10.532000
2026-06-15 16:52:40.820801,9.401000,-10.552000
2026-06-15 16:52:40.820903,9.388000,-10.991000
2026-06-15 16:52:40.821009,8.856000,-10.807000
2026-06-15 16:52:40.821115,9.342000,-10.477000
2026-06-15 16:52:40.821213,9.746000,-10.350000
2026-06-15 16:52:40.821312,9.806000,-10.380000
2026-06-15 16:52:40.821412,9.497000,-10.535000
2026-06-15 16:52:40.821506,9.402000,-10.571000
2026-06-15 16:52:40.821600,9.397000,-10.976000
2026-06-15 16:52:40.821703,8.829000,-10.773000
2026-06-15 16:52:40.821801,9.299000,-10.416000
2026-06-15 16:52:40.821902,9.607000,-10.379000
2026-06-15 16:52:40.822000,9.781000,-10.380000
2026-06-15 16:52:40.822098,9.416000,-10.508000
2026-06-15 16:52:40.822193,9.415000,-10.562000
2026-06-15 16:52:40.822288,9.380000,-10.968000
2026-06-15 16:52:40.822385,8.838000,-10.781000
2026-06-15 16:52:40.822486,9.354000,-10.472000
2026-06-15 16:52:40.822589,9.734000,-10.351000
2026-06-15 16:52:40.822696,9.799000,-10.384000
2026-06-15 16:52:40.822801,9.508000,-10.529000
2026-06-15 16:52:40.822915,9.418000,-10.493000
2026-06-15 16:52:40.823048,9.383000,-10.961000
2026-06-15 16:52:40.823173,8.879000,-10.769000
2026-06-15 16:52:40.847763,9.282000,-10.471000
2026-06-15 16:52:40.864448,9.709000,-10.393000
2026-06-15 16:52:40.869832,9.828000,-10.382000
2026-06-15 16:52:40.913252,9.504000,-10.524000
2026-06-15 16:52:40.936304,9.414000,-10.557000
2026-06-15 16:52:40.979973,9.381000,-10.984000
2026-06-15 16:52:40.995103,8.862000,-10.794000
2026-06-15 16:52:40.997737,9.324000,-10.481000
2026-06-15 16:52:41.001810,9.716000,-10.365000
2026-06-15 16:52:41.021214,9.842000,-10.291000
2026-06-15 16:52:41.024968,9.452000,-10.546000
2026-06-15 16:52:41.026974,9.409000,-10.552000
2026-06-15 16:52:41.027179,9.387000,-10.949000
2026-06-15 16:52:41.027286,8.764000,-10.709000
2026-06-15 16:52:41.027382,9.306000,-10.410000
2026-06-15 16:52:41.027480,9.674000,-10.362000
2026-06-15 16:52:41.027591,9.842000,-10.403000
2026-06-15 16:52:41.027698,9.504000,-10.542000
2026-06-15 16:52:41.027796,9.393000,-10.565000
2026-06-15 16:52:41.043792,9.410000,-10.964000
2026-06-15 16:52:41.063281,8.863000,-10.778000
2026-06-15 16:52:41.065559,9.336000,-10.473000
2026-06-15 16:52:41.071191,9.695000,-10.356000
2026-06-15 16:52:41.099005,9.816000,-10.394000
2026-06-15 16:52:41.106268,9.502000,-10.546000
2026-06-15 16:52:41.107613,9.375000,-10.532000
2026-06-15 16:52:41.109178,9.406000,-10.976000
2026-06-15 16:52:41.111662,8.850000,-10.796000
2026-06-15 16:52:41.115913,9.356000,-10.459000
2026-06-15 16:52:41.116688,9.710000,-10.334000
2026-06-15 16:52:41.173446,9.817000,-10.385000
2026-06-15 16:52:41.189086,9.512000,-10.539000
2026-06-15 16:52:41.190074,9.399000,-10.560000
2026-06-15 16:52:41.191929,9.385000,-10.959000
2026-06-15 16:52:41.192777,8.855000,-10.776000
2026-06-15 16:52:41.196200,9.349000,-10.486000
2026-06-15 16:52:41.196624,9.702000,-10.356000
2026-06-15 16:52:41.196858,9.803000,-10.377000
2026-06-15 16:52:41.197073,9.404000,-10.517000
2026-06-15 16:52:41.197303,9.393000,-10.584000
2026-06-15 16:52:41.197540,9.404000,-10.899000
2026-06-15 16:52:41.197755,8.771000,-10.757000
2026-06-15 16:52:41.214225,9.281000,-10.415000
2026-06-15 16:52:41.223696,9.667000,-10.366000
2026-06-15 16:52:41.225452,9.819000,-10.379000
2026-06-15 16:52:41.236478,9.506000,-10.549000
2026-06-15 16:52:41.272195,9.408000,-10.579000
2026-06-15 16:52:41.272721,9.392000,-10.942000
2026-06-15 16:52:41.272969,8.813000,-10.797000
2026-06-15 16:52:41.273159,9.331000,-10.489000
2026-06-15 16:52:41.303110,9.695000,-10.375000
2026-06-15 16:52:41.317852,9.825000,-10.408000
2026-06-15 16:52:41.327363,9.501000,-10.558000
2026-06-15 16:52:41.330073,9.281000,-10.571000
2026-06-15 16:52:41.330571,9.384000,-10.941000
2026-06-15 16:52:41.346578,8.833000,-10.802000
2026-06-15 16:52:41.355759,9.330000,-10.483000
2026-06-15 16:52:41.357300,9.729000,-10.377000
2026-06-15 16:52:41.379725,9.796000,-10.402000
2026-06-15 16:52:41.384672,9.507000,-10.550000
2026-06-15 16:52:41.400808,9.387000,-10.574000
2026-06-15 16:52:41.425609,9.409000,-10.961000
2026-06-15 16:52:41.427289,8.796000,-10.813000
2026-06-15 16:52:41.430279,9.266000,-10.370000
2026-06-15 16:52:41.431333,9.637000,-10.339000
2026-06-15 16:52:41.432666,9.802000,-10.387000
2026-06-15 16:52:41.456056,9.482000,-10.539000
2026-06-15 16:52:41.456818,9.376000,-10.583000
2026-06-15 16:52:41.457173,9.376000,-11.001000
2026-06-15 16:52:41.463744,8.858000,-10.784000
2026-06-15 16:52:41.464769,9.336000,-10.486000
2026-06-15 16:52:41.479576,9.712000,-10.355000
2026-06-15 16:52:41.492427,9.795000,-10.390000
2026-06-15 16:52:41.508192,9.487000,-10.555000
2026-06-15 16:52:41.546385,9.390000,-10.565000
2026-06-15 16:52:41.571617,9.370000,-10.991000
2026-06-15 16:52:41.581837,8.834000,-10.771000
2026-06-15 16:52:41.597740,9.324000,-10.508000
2026-06-15 16:52:41.613988,9.759000,-10.339000
2026-06-15 16:52:41.619599,9.776000,-10.417000
2026-06-15 16:52:41.620226,9.477000,-10.542000
2026-06-15 16:52:41.657388,9.424000,-10.546000
2026-06-15 16:52:41.664288,9.379000,-10.991000
2026-06-15 16:52:41.664678,8.838000,-10.775000
2026-06-15 16:52:41.664891,9.356000,-10.476000
2026-06-15 16:52:41.665083,9.722000,-10.357000
2026-06-15 16:52:41.665266,9.695000,-10.380000
2026-06-15 16:52:41.678261,9.480000,-10.495000
2026-06-15 16:52:41.700080,9.331000,-10.545000
2026-06-15 16:52:41.716314,9.403000,-11.024000
2026-06-15 16:52:41.717768,8.821000,-10.776000
2026-06-15 16:52:41.719180,9.312000,-10.476000
2026-06-15 16:52:41.719717,9.735000,-10.361000
2026-06-15 16:52:41.721967,9.787000,-10.363000
2026-06-15 16:52:41.724219,9.425000,-10.547000
2026-06-15 16:52:41.725234,9.403000,-10.574000
2026-06-15 16:52:41.774043,9.366000,-11.016000
2026-06-15 16:52:41.806970,8.753000,-10.765000
2026-06-15 16:52:41.808718,9.349000,-10.450000
2026-06-15 16:52:41.808998,9.744000,-10.375000
2026-06-15 16:52:41.809458,9.745000,-10.389000
2026-06-15 16:52:41.813081,9.488000,-10.542000
2026-06-15 16:52:41.813810,9.381000,-10.565000
2026-06-15 16:52:41.813948,9.375000,-11.010000
2026-06-15 16:52:41.814067,8.835000,-10.740000
2026-06-15 16:52:41.818802,9.339000,-10.459000
2026-06-15 16:52:41.821044,9.637000,-10.374000
2026-06-15 16:52:41.821307,9.654000,-10.295000
2026-06-15 16:52:41.821795,9.430000,-10.520000
2026-06-15 16:52:41.822198,9.313000,-10.539000
2026-06-15 16:52:41.822355,9.363000,-10.990000
2026-06-15 16:52:41.822495,8.835000,-10.769000
2026-06-15 16:52:41.822691,9.347000,-10.475000
2026-06-15 16:52:41.822843,9.740000,-10.375000
2026-06-15 16:52:41.823012,9.758000,-10.400000
2026-06-15 16:52:41.823163,9.497000,-10.560000
2026-06-15 16:52:41.823541,9.380000,-10.564000
2026-06-15 16:52:41.864211,9.347000,-10.995000
2026-06-15 16:52:41.868544,8.826000,-10.787000
2026-06-15 16:52:41.874507,9.235000,-10.457000
2026-06-15 16:52:41.875016,9.715000,-10.379000
2026-06-15 16:52:41.875275,9.757000,-10.390000
2026-06-15 16:52:41.875532,9.470000,-10.553000
2026-06-15 16:52:41.906577,9.397000,-10.578000
2026-06-15 16:52:41.912842,9.366000,-11.003000
2026-06-15 16:52:41.913340,8.839000,-10.757000
2026-06-15 16:52:41.913669,9.348000,-10.414000
2026-06-15 16:52:41.913944,9.736000,-10.334000
2026-06-15 16:52:41.914288,9.633000,-10.338000
2026-06-15 16:52:41.914517,9.415000,-10.541000
2026-06-15 16:52:41.914684,9.399000,-10.545000
2026-06-15 16:52:41.914880,9.335000,-10.987000
2026-06-15 16:52:41.915013,8.719000,-10.729000
2026-06-15 16:52:41.915169,9.352000,-10.463000
2026-06-15 16:52:41.915380,9.737000,-10.378000
2026-06-15 16:52:41.915568,9.701000,-10.403000
2026-06-15 16:52:41.915683,9.493000,-10.541000
2026-06-15 16:52:41.920293,9.381000,-10.564000
2026-06-15 16:52:41.953297,9.365000,-10.993000
2026-06-15 16:52:41.962226,8.838000,-10.825000
2026-06-15 16:52:41.964809,9.367000,-10.578000
2026-06-15 16:52:41.990863,9.792000,-10.543000
2026-06-15 16:52:41.991161,9.874000,-10.619000
2026-06-15 16:52:41.991293,9.650000,-10.900000
2026-06-15 16:52:41.991422,9.573000,-10.968000
2026-06-15 16:52:41.991548,9.630000,-11.559000
2026-06-15 16:52:41.991660,9.118000,-11.470000
2026-06-15 16:52:42.001121,9.612000,-11.206000
2026-06-15 16:52:42.005863,10.117000,-11.249000
2026-06-15 16:52:42.006590,10.224000,-11.349000
2026-06-15 16:52:42.013327,10.108000,-11.584000
2026-06-15 16:52:42.023909,10.074000,-11.644000
2026-06-15 16:52:42.026710,10.020000,-12.130000
2026-06-15 16:52:42.048440,9.582000,-11.963000
2026-06-15 16:52:42.068065,10.221000,-11.748000
2026-06-15 16:52:42.081136,10.687000,-11.662000
2026-06-15 16:52:42.081824,10.719000,-11.734000
2026-06-15 16:52:42.082464,10.496000,-11.900000
2026-06-15 16:52:42.087296,10.488000,-12.010000
2026-06-15 16:52:42.090088,10.523000,-12.510000
2026-06-15 16:52:42.113925,10.036000,-12.246000
2026-06-15 16:52:42.126717,10.558000,-12.047000
2026-06-15 16:52:42.131416,11.053000,-12.071000
2026-06-15 16:52:42.133305,10.973000,-12.033000
2026-06-15 16:52:42.133708,10.865000,-12.336000
2026-06-15 16:52:42.134878,10.853000,-12.384000
2026-06-15 16:52:42.135794,10.878000,-12.883000
2026-06-15 16:52:42.177164,10.434000,-12.627000
2026-06-15 16:52:42.189703,10.997000,-12.393000
2026-06-15 16:52:42.208096,11.415000,-12.349000
2026-06-15 16:52:42.215660,11.457000,-12.457000
2026-06-15 16:52:42.218511,11.285000,-12.655000
2026-06-15 16:52:42.231606,11.187000,-12.696000
2026-06-15 16:52:42.251235,11.269000,-13.230000
2026-06-15 16:52:42.251588,10.834000,-13.018000
2026-06-15 16:52:42.251802,11.301000,-12.706000
2026-06-15 16:52:42.267202,11.739000,-12.728000
2026-06-15 16:52:42.294757,11.839000,-12.759000
2026-06-15 16:52:42.305064,11.506000,-12.927000
2026-06-15 16:52:42.305477,11.559000,-13.006000
2026-06-15 16:52:42.306076,11.595000,-13.493000
2026-06-15 16:52:42.306519,11.113000,-13.329000
2026-06-15 16:52:42.306959,16.293000,-16.140000
2026-06-15 16:52:42.307665,16.309000,-16.560000
2026-06-15 16:52:42.308551,15.757000,-16.287000
2026-06-15 16:52:42.311666,16.194000,-15.972000
2026-06-15 16:52:42.316956,16.596000,-15.838000
2026-06-15 16:52:42.317438,16.574000,-15.866000
2026-06-15 16:52:42.317861,16.281000,-15.978000
2026-06-15 16:52:42.318280,16.203000,-16.004000
2026-06-15 16:52:42.329375,16.142000,-16.262000
2026-06-15 16:52:42.336617,15.567000,-16.121000
2026-06-15 16:52:42.337122,16.055000,-15.824000
2026-06-15 16:52:42.337429,16.391000,-15.705000
2026-06-15 16:52:42.337722,16.376000,-15.713000
2026-06-15 16:52:42.340380,16.103000,-15.835000
2026-06-15 16:52:42.365924,16.008000,-15.846000
2026-06-15 16:52:42.370637,15.922000,-16.255000
2026-06-15 16:52:42.380895,15.398000,-15.940000
2026-06-15 16:52:42.381148,15.898000,-15.618000
2026-06-15 16:52:42.381310,16.179000,-15.498000
2026-06-15 16:52:42.381459,16.156000,-15.580000
2026-06-15 16:52:42.381679,15.893000,-15.650000
2026-06-15 16:52:42.390973,15.792000,-15.650000
2026-06-15 16:52:42.391236,15.579000,-16.034000
2026-06-15 16:52:42.399695,15.206000,-15.695000
2026-06-15 16:52:42.421601,15.684000,-15.451000
2026-06-15 16:52:42.423814,15.982000,-15.342000
2026-06-15 16:52:42.425575,15.916000,-15.371000
2026-06-15 16:52:42.426225,15.526000,-15.372000
2026-06-15 16:52:42.426906,15.452000,-15.335000
2026-06-15 16:52:42.427201,15.230000,-15.675000
2026-06-15 16:52:42.427600,14.792000,-15.217000
2026-06-15 16:52:42.427953,15.269000,-14.977000
2026-06-15 16:52:42.428177,15.508000,-14.811000
2026-06-15 16:52:42.428393,15.387000,-14.926000
2026-06-15 16:52:42.430057,15.053000,-14.872000
2026-06-15 16:52:42.431120,14.911000,-14.768000
2026-06-15 16:52:42.456755,14.597000,-15.123000
2026-06-15 16:52:42.540334,14.235000,-14.681000
2026-06-15 16:52:42.576852,14.679000,-14.382000
2026-06-15 16:52:42.586104,14.918000,-14.171000
2026-06-15 16:52:42.602735,14.742000,-14.312000
2026-06-15 16:52:42.604531,14.417000,-14.184000
2026-06-15 16:52:42.624769,14.159000,-14.127000
2026-06-15 16:52:42.625059,13.853000,-14.382000
2026-06-15 16:52:42.673807,13.595000,-13.955000
2026-06-15 16:52:42.697487,13.973000,-13.614000
2026-06-15 16:52:42.700137,14.119000,-13.374000
2026-06-15 16:52:42.716200,13.923000,-13.442000
2026-06-15 16:52:42.717465,13.554000,-13.389000
2026-06-15 16:52:42.717677,13.385000,-13.217000
2026-06-15 16:52:42.717835,12.833000,-13.451000
2026-06-15 16:52:42.718012,12.554000,-12.866000
2026-06-15 16:52:42.718408,13.021000,-12.566000
2026-06-15 16:52:42.718585,13.086000,-12.355000
2026-06-15 16:52:42.718757,12.885000,-12.431000
2026-06-15 16:52:42.718906,12.538000,-12.339000
2026-06-15 16:52:42.719044,12.405000,-12.217000
2026-06-15 16:52:42.719195,11.846000,-12.499000
2026-06-15 16:52:42.775352,11.836000,-12.071000
2026-06-15 16:52:42.777306,12.191000,-11.758000
2026-06-15 16:52:42.780187,12.327000,-11.575000
2026-06-15 16:52:42.780575,12.230000,-11.759000
2026-06-15 16:52:42.780925,11.903000,-11.745000
2026-06-15 16:52:42.798995,11.855000,-11.692000
2026-06-15 16:52:42.799305,11.236000,-12.032000
2026-06-15 16:52:42.807753,11.386000,-11.615000
2026-06-15 16:52:42.811267,11.730000,-11.349000
2026-06-15 16:52:42.837768,11.946000,-11.194000
2026-06-15 16:52:42.872073,11.800000,-11.294000
2026-06-15 16:52:42.887114,11.491000,-11.308000
2026-06-15 16:52:42.887471,11.387000,-11.193000
2026-06-15 16:52:42.887683,10.697000,-11.516000
2026-06-15 16:52:42.887909,10.893000,-11.097000
2026-06-15 16:52:42.894451,11.053000,-10.768000
2026-06-15 16:52:42.908630,11.363000,-10.587000
2026-06-15 16:52:42.918457,11.218000,-10.743000
2026-06-15 16:52:42.932719,10.871000,-10.678000
2026-06-15 16:52:42.965782,10.752000,-10.562000
2026-06-15 16:52:42.971409,10.050000,-10.859000
2026-06-15 16:52:42.972320,10.312000,-10.469000
2026-06-15 16:52:42.979635,10.649000,-10.124000
2026-06-15 16:52:42.985495,10.695000,-9.914000
2026-06-15 16:52:42.996418,10.508000,-10.090000
2026-06-15 16:52:42.996734,10.179000,-10.059000
2026-06-15 16:52:43.027804,10.178000,-10.031000
2026-06-15 16:52:43.028947,9.437000,-10.335000
2026-06-15 16:52:43.030468,9.750000,-9.871000
2026-06-15 16:52:43.031804,9.923000,-9.564000
2026-06-15 16:52:43.032704,10.177000,-9.508000
2026-06-15 16:52:43.042245,10.085000,-9.626000
2026-06-15 16:52:43.050103,9.814000,-9.618000
2026-06-15 16:52:43.050350,9.764000,-9.645000
2026-06-15 16:52:43.050520,9.139000,-9.980000
2026-06-15 16:52:43.050673,9.396000,-9.557000
2026-06-15 16:52:43.050825,9.754000,-9.268000
2026-06-15 16:52:43.065234,9.848000,-9.160000
2026-06-15 16:52:43.068078,9.775000,-9.297000
2026-06-15 16:52:43.069275,9.457000,-9.280000
2026-06-15 16:52:43.093342,9.431000,-9.283000
2026-06-15 16:52:43.103027,8.769000,-9.503000
2026-06-15 16:52:43.105048,9.024000,-9.186000
2026-06-15 16:52:43.119614,9.353000,-8.902000
2026-06-15 16:52:43.122214,9.504000,-8.752000
2026-06-15 16:52:43.127144,9.364000,-8.919000
2026-06-15 16:52:43.128461,9.046000,-8.906000
2026-06-15 16:52:43.170075,9.015000,-8.893000
2026-06-15 16:52:43.176339,8.334000,-9.197000
2026-06-15 16:52:43.176812,8.587000,-8.828000
2026-06-15 16:52:43.181204,8.957000,-8.516000
2026-06-15 16:52:43.201942,9.123000,-8.359000
2026-06-15 16:52:43.205194,8.995000,-8.560000
2026-06-15 16:52:43.206472,8.657000,-8.490000
2026-06-15 16:52:43.209551,8.614000,-8.447000
2026-06-15 16:52:43.210191,7.993000,-8.795000
2026-06-15 16:52:43.210478,8.151000,-8.373000
2026-06-15 16:52:43.210682,8.533000,-8.069000
2026-06-15 16:52:43.210908,8.633000,-7.894000
2026-06-15 16:52:43.211435,8.532000,-8.033000
2026-06-15 16:52:43.213051,8.196000,-8.003000
2026-06-15 16:52:43.242819,8.074000,-7.917000
2026-06-15 16:52:43.250600,7.520000,-8.203000
2026-06-15 16:52:43.250813,7.540000,-7.850000
2026-06-15 16:52:43.270774,7.895000,-7.501000
2026-06-15 16:52:43.288516,8.080000,-7.325000
2026-06-15 16:52:43.292688,7.963000,-7.466000
2026-06-15 16:52:43.292863,7.608000,-7.451000
2026-06-15 16:52:43.293023,7.501000,-7.356000
2026-06-15 16:52:43.293192,6.976000,-7.683000
2026-06-15 16:52:43.304022,6.925000,-7.243000
2026-06-15 16:52:43.305544,7.325000,-6.952000
2026-06-15 16:52:43.305776,7.495000,-6.737000
2026-06-15 16:52:43.306011,7.368000,-6.868000
2026-06-15 16:52:43.306248,7.047000,-6.865000
2026-06-15 16:52:43.306454,6.920000,-6.785000
2026-06-15 16:52:43.306653,6.448000,-7.044000
2026-06-15 16:52:43.306807,6.235000,-6.615000
2026-06-15 16:52:43.306950,6.585000,-6.249000
2026-06-15 16:52:43.307090,6.781000,-6.107000
2026-06-15 16:52:43.307211,6.571000,-5.971000
2026-06-15 16:52:43.307320,6.181000,-6.023000
2026-06-15 16:52:43.307429,6.007000,-5.860000
2026-06-15 16:52:43.307530,5.597000,-6.096000
2026-06-15 16:52:43.307638,5.190000,-5.590000
2026-06-15 16:52:43.307739,5.508000,-5.187000
2026-06-15 16:52:43.313132,5.601000,-4.940000
2026-06-15 16:52:43.319337,5.342000,-4.745000
2026-06-15 16:52:43.343152,4.935000,-4.714000
2026-06-15 16:52:43.358900,4.694000,-4.495000
2026-06-15 16:52:43.362422,4.294000,-4.725000
2026-06-15 16:52:43.373900,3.773000,-4.207000
2026-06-15 16:52:43.382356,4.153000,-3.856000
2026-06-15 16:52:43.383123,4.402000,-3.712000
2026-06-15 16:52:43.383545,4.361000,-3.758000
2026-06-15 16:52:43.383672,4.143000,-3.953000
2026-06-15 16:52:43.383798,4.195000,-4.066000
2026-06-15 16:52:43.384256,4.194000,-4.607000
2026-06-15 16:52:43.387491,3.783000,-4.360000
2026-06-15 16:52:43.411175,4.279000,-4.127000
2026-06-15 16:52:43.412835,4.686000,-4.042000
2026-06-15 16:52:43.421420,4.666000,-3.972000
2026-06-15 16:52:43.430136,4.419000,-4.123000
2026-06-15 16:52:43.431593,4.334000,-4.117000
2026-06-15 16:52:43.433284,4.190000,-4.554000
2026-06-15 16:52:43.439772,3.641000,-4.244000
2026-06-15 16:52:43.441749,4.089000,-3.873000
2026-06-15 16:52:43.446376,4.379000,-3.645000
2026-06-15 16:52:43.448666,4.204000,-3.502000
2026-06-15 16:52:43.450423,3.883000,-3.570000
2026-06-15 16:52:43.451049,3.694000,-3.493000
2026-06-15 16:52:43.455293,3.546000,-3.892000
2026-06-15 16:52:43.461995,2.936000,-3.566000
2026-06-15 16:52:43.462373,3.405000,-3.273000
2026-06-15 16:52:43.478452,3.738000,-3.072000
2026-06-15 16:52:43.486786,3.629000,-2.959000
2026-06-15 16:52:43.488173,3.276000,-3.042000
2026-06-15 16:52:43.495076,3.122000,-2.956000
2026-06-15 16:52:43.495387,3.021000,-3.334000
2026-06-15 16:52:43.496341,2.412000,-3.019000
2026-06-15 16:52:43.497073,2.842000,-2.689000
2026-06-15 16:52:43.499660,3.172000,-2.495000
2026-06-15 16:52:43.500132,3.081000,-2.465000
2026-06-15 16:52:43.500383,2.804000,-2.537000
2026-06-15 16:52:43.500534,2.669000,-2.483000
2026-06-15 16:52:43.500692,2.567000,-2.868000
2026-06-15 16:52:43.500833,1.972000,-2.575000
2026-06-15 16:52:43.500973,2.383000,-2.223000
2026-06-15 16:52:43.501112,2.688000,-2.064000
2026-06-15 16:52:43.501261,2.641000,-1.996000
2026-06-15 16:52:43.504076,2.292000,-2.041000
2026-06-15 16:52:43.520695,2.117000,-1.989000
2026-06-15 16:52:43.527362,2.006000,-2.298000
2026-06-15 16:52:43.527574,1.357000,-2.031000
2026-06-15 16:52:43.527696,1.774000,-1.643000
2026-06-15 16:52:43.529967,2.100000,-1.450000
2026-06-15 16:52:43.541297,2.057000,-1.424000
2026-06-15 16:52:43.552388,1.778000,-1.460000
2026-06-15 16:52:43.557535,1.532000,-1.404000
2026-06-15 16:52:43.568214,1.444000,-1.703000
2026-06-15 16:52:43.569798,0.856000,-1.529000
2026-06-15 16:52:43.571412,1.287000,-1.133000
2026-06-15 16:52:43.573914,1.582000,-0.936000
2026-06-15 16:52:43.577252,1.586000,-0.926000
2026-06-15 16:52:43.577468,1.373000,-0.999000
2026-06-15 16:52:43.577606,1.074000,-0.959000
2026-06-15 16:52:43.577728,1.001000,-1.183000
2026-06-15 16:52:43.577852,0.403000,-1.141000
2026-06-15 16:52:43.577976,0.869000,-0.749000
2026-06-15 16:52:43.578094,1.187000,-0.578000
2026-06-15 16:52:43.578203,1.275000,-0.601000
2026-06-15 16:52:43.578313,1.080000,-0.739000
2026-06-15 16:52:43.578434,0.846000,-0.713000
2026-06-15 16:52:43.578593,0.780000,-0.899000
2026-06-15 16:52:43.578718,0.204000,-0.936000
2026-06-15 16:52:43.578830,0.628000,-0.523000
2026-06-15 16:52:43.578941,0.976000,-0.340000
2026-06-15 16:52:43.579068,1.017000,-0.397000
2026-06-15 16:52:43.579187,0.965000,-0.501000
2026-06-15 16:52:43.579300,0.623000,-0.531000
2026-06-15 16:52:43.579410,0.572000,-0.615000
2026-06-15 16:52:43.579522,-0.044000,-0.733000
2026-06-15 16:52:43.579646,0.350000,-0.281000
2026-06-15 16:52:43.579761,0.632000,-0.031000
2026-06-15 16:52:43.586891,0.598000,-0.012000
2026-06-15 16:52:43.588239,0.547000,-0.125000
2026-06-15 16:52:43.597393,0.262000,-0.168000
2026-06-15 16:52:43.597681,0.217000,-0.201000
2026-06-15 16:52:43.597849,-0.386000,-0.501000
2026-06-15 16:52:43.600638,0.043000,-0.091000
2026-06-15 16:52:43.603877,0.429000,0.120000
2026-06-15 16:52:43.604402,0.498000,0.010000
2026-06-15 16:52:43.609910,0.609000,-0.161000
2026-06-15 16:52:43.614308,0.298000,-0.229000
2026-06-15 16:52:43.615304,0.313000,-0.224000
2026-06-15 16:52:43.617354,-0.333000,-0.549000
2026-06-15 16:52:43.617805,0.134000,-0.183000
2026-06-15 16:52:43.618438,0.510000,0.079000
2026-06-15 16:52:43.618972,0.626000,0.017000
2026-06-15 16:52:43.627572,0.620000,-0.205000
2026-06-15 16:52:43.628008,0.345000,-0.247000
2026-06-15 16:52:43.629294,0.365000,-0.307000
2026-06-15 16:52:43.636637,-0.186000,-0.681000
2026-06-15 16:52:43.640306,0.211000,-0.256000
2026-06-15 16:52:43.645041,0.606000,-0.004000
2026-06-15 16:52:43.649525,0.633000,-0.026000
2026-06-15 16:52:43.650195,0.643000,-0.199000
2026-06-15 16:52:43.650670,0.401000,-0.304000
2026-06-15 16:52:43.651003,0.392000,-0.327000
2026-06-15 16:52:43.652525,-0.180000,-0.690000
2026-06-15 16:52:43.655047,0.152000,-0.306000
2026-06-15 16:52:43.664283,0.541000,-0.008000
2026-06-15 16:52:43.671477,0.678000,-0.022000
2026-06-15 16:52:43.671690,0.661000,-0.199000
2026-06-15 16:52:43.689235,0.428000,-0.293000
2026-06-15 16:52:43.710466,0.438000,-0.316000
2026-06-15 16:52:43.717383,-0.158000,-0.712000
2026-06-15 16:52:43.717741,0.110000,-0.349000
2026-06-15 16:52:43.717927,0.521000,-0.073000
2026-06-15 16:52:43.718120,0.712000,-0.068000
2026-06-15 16:52:43.718296,0.700000,-0.171000
2026-06-15 16:52:43.718451,0.498000,-0.329000
2026-06-15 16:52:43.718597,0.448000,-0.364000
2026-06-15 16:52:43.718738,-0.107000,-0.741000
2026-06-15 16:52:43.720233,0.123000,-0.404000
2026-06-15 16:52:43.727241,0.567000,-0.146000
2026-06-15 16:52:43.740356,0.756000,-0.087000
2026-06-15 16:52:43.740800,0.727000,-0.196000
2026-06-15 16:52:43.745726,0.449000,-0.340000
2026-06-15 16:52:43.753197,0.411000,-0.383000
2026-06-15 16:52:43.754970,-0.009000,-0.763000
2026-06-15 16:52:43.755566,0.082000,-0.406000
2026-06-15 16:52:43.756402,0.572000,-0.189000
2026-06-15 16:52:43.757380,0.784000,-0.113000
2026-06-15 16:52:43.781174,0.718000,-0.177000
2026-06-15 16:52:43.785567,0.522000,-0.357000
2026-06-15 16:52:43.798251,0.486000,-0.364000
2026-06-15 16:52:43.800823,0.113000,-0.756000
2026-06-15 16:52:43.802251,0.045000,-0.459000
2026-06-15 16:52:43.812163,0.513000,-0.225000
2026-06-15 16:52:43.825572,0.793000,-0.199000
2026-06-15 16:52:43.842793,0.780000,-0.222000
2026-06-15 16:52:43.844278,0.491000,-0.374000
2026-06-15 16:52:43.852250,0.500000,-0.360000
2026-06-15 16:52:43.852825,0.253000,-0.778000
2026-06-15 16:52:43.853864,0.034000,-0.473000
2026-06-15 16:52:43.856531,0.516000,-0.244000
2026-06-15 16:52:43.856913,0.841000,-0.221000
2026-06-15 16:52:43.857780,0.822000,-0.192000
2026-06-15 16:52:43.873319,0.585000,-0.363000
2026-06-15 16:52:43.873499,0.524000,-0.347000
2026-06-15 16:52:43.873613,0.381000,-0.817000
2026-06-15 16:52:43.873724,-0.010000,-0.529000
2026-06-15 16:52:43.873824,0.510000,-0.284000
2026-06-15 16:52:43.873927,0.852000,-0.232000
2026-06-15 16:52:43.874034,0.724000,-0.169000
2026-06-15 16:52:43.874153,0.519000,-0.395000
2026-06-15 16:52:43.874266,0.522000,-0.373000
2026-06-15 16:52:43.874370,0.387000,-0.817000
2026-06-15 16:52:43.874477,-0.045000,-0.548000
2026-06-15 16:52:43.874582,0.497000,-0.307000
2026-06-15 16:52:43.874686,0.865000,-0.235000
2026-06-15 16:52:43.874792,0.783000,-0.210000
2026-06-15 16:52:43.883863,0.620000,-0.393000
2026-06-15 16:52:43.885440,0.546000,-0.405000
2026-06-15 16:52:43.892106,0.490000,-0.837000
2026-06-15 16:52:43.893698,-0.047000,-0.578000
2026-06-15 16:52:43.912798,0.497000,-0.306000
2026-06-15 16:52:43.913826,0.855000,-0.234000
2026-06-15 16:52:43.936974,0.829000,-0.276000
2026-06-15 16:52:43.945296,0.629000,-0.412000
2026-06-15 16:52:43.945789,0.535000,-0.423000
2026-06-15 16:52:43.946200,0.530000,-0.848000
2026-06-15 16:52:43.946477,0.006000,-0.594000
2026-06-15 16:52:43.951392,0.508000,-0.315000
2026-06-15 16:52:43.976252,0.855000,-0.231000
2026-06-15 16:52:43.979097,0.879000,-0.280000
2026-06-15 16:52:43.995322,0.685000,-0.390000
2026-06-15 16:52:43.999428,0.554000,-0.438000
2026-06-15 16:52:44.000176,0.480000,-0.847000
