Format Version,1.23,Take Name,table_frame,Take Notes,,Capture Frame Rate,100.000000,Export Frame Rate,100.000000,Capture Start Time,2026-04-17 05.06.12.485 PM,Total Frames in Take,136,Total Exported Frames,136,Rotation Type,Quaternion,Length Units,Meters,Coordinate Space,Global

,Type,Rigid Body,Rigid Body,Rigid Body,Rigid Body,Rigid Body,Rigid Body,Rigid Body,Rigid Body,Rigid Body Marker,Rigid Body Marker,Rigid Body Marker,Rigid Body Marker,Rigid Body Marker,Rigid Body Marker,Rigid Body Marker,Rigid Body Marker,Rigid Body Marker,Rigid Body Marker,Rigid Body Marker,Rigid Body Marker,Rigid Body Marker,Rigid Body Marker,Rigid Body Marker,Rigid Body Marker,Rigid Body,Rigid Body,Rigid Body,Rigid Body,Rigid Body,Rigid Body,Rigid Body,Rigid Body,Rigid Body Marker,Rigid Body Marker,Rigid Body Marker,Rigid Body Marker,Rigid Body Marker,Rigid Body Marker,Rigid Body Marker,Rigid Body Marker,Rigid Body Marker,Rigid Body Marker,Rigid Body Marker,Rigid Body Marker,Rigid Body Marker,Rigid Body Marker,Rigid Body Marker,Rigid Body Marker,Rigid Body Marker,Rigid Body Marker,Rigid Body Marker,Rigid Body Marker,Rigid Body,Rigid Body,Rigid Body,Rigid Body,Rigid Body,Rigid Body,Rigid Body,Rigid Body,Rigid Body Marker,Rigid Body Marker,Rigid Body Marker,Rigid Body Marker,Rigid Body Marker,Rigid Body Marker,Rigid Body Marker,Rigid Body Marker,Rigid Body Marker,Rigid Body Marker,Rigid Body Marker,Rigid Body Marker,Rigid Body Marker,Rigid Body Marker,Rigid Body Marker,Rigid Body Marker,Rigid Body Marker,Rigid Body Marker,Rigid Body Marker,Rigid Body Marker,Marker,Marker,Marker,Marker,Marker,Marker,Marker,Marker,Marker,Marker,Marker,Marker,Marker,Marker,Marker,Marker,Marker,Marker,Marker,Marker,Marker,Marker,Marker,Marker,Marker,Marker,Marker,Marker,Marker,Marker,Marker,Marker,Marker,Marker,Marker,Marker,Marker,Marker,Marker,Marker,Marker,Marker
,Name,tframe,tframe,tframe,tframe,tframe,tframe,tframe,tframe,"tframe:Marker1","tframe:Marker1","tframe:Marker1","tframe:Marker1","tframe:Marker2","tframe:Marker2","tframe:Marker2","tframe:Marker2","tframe:Marker3","tframe:Marker3","tframe:Marker3","tframe:Marker3","tframe:Marker4","tframe:Marker4","tframe:Marker4","tframe:Marker4",noark,noark,noark,noark,noark,noark,noark,noark,"noark:Marker1","noark:Marker1","noark:Marker1","noark:Marker1","noark:Marker2","noark:Marker2","noark:Marker2","noark:Marker2","noark:Marker3","noark:Marker3","noark:Marker3","noark:Marker3","noark:Marker4","noark:Marker4","noark:Marker4","noark:Marker4","noark:Marker5","noark:Marker5","noark:Marker5","noark:Marker5",table,table,table,table,table,table,table,table,"table:Marker1","table:Marker1","table:Marker1","table:Marker1","table:Marker2","table:Marker2","table:Marker2","table:Marker2","table:Marker3","table:Marker3","table:Marker3","table:Marker3","table:Marker4","table:Marker4","table:Marker4","table:Marker4","table:Marker5","table:Marker5","table:Marker5","table:Marker5",noark:Marker1,noark:Marker1,noark:Marker1,noark:Marker2,noark:Marker2,noark:Marker2,noark:Marker3,noark:Marker3,noark:Marker3,noark:Marker4,noark:Marker4,noark:Marker4,noark:Marker5,noark:Marker5,noark:Marker5,table:Marker1,table:Marker1,table:Marker1,table:Marker2,table:Marker2,table:Marker2,table:Marker3,table:Marker3,table:Marker3,table:Marker4,table:Marker4,table:Marker4,table:Marker5,table:Marker5,table:Marker5,tframe:Marker1,tframe:Marker1,tframe:Marker1,tframe:Marker2,tframe:Marker2,tframe:Marker2,tframe:Marker3,tframe:Marker3,tframe:Marker3,tframe:Marker4,tframe:Marker4,tframe:Marker4
,ID,"91F7C9F13A5011F1EA32166A2DC27B7","91F7C9F13A5011F1EA32166A2DC27B7","91F7C9F13A5011F1EA32166A2DC27B7","91F7C9F13A5011F1EA32166A2DC27B7","91F7C9F13A5011F1EA32166A2DC27B7","91F7C9F13A5011F1EA32166A2DC27B7","91F7C9F13A5011F1EA32166A2DC27B7","91F7C9F13A5011F1EA32166A2DC27B7","91F7C9F13A5011F1EA32166A2DC27B7","91F7C9F13A5011F1EA32166A2DC27B7","91F7C9F13A5011F1EA32166A2DC27B7","91F7C9F13A5011F1EA32166A2DC27B7","91F7C9F13A5011F1EA32166A2DC27B7","91F7C9F13A5011F1EA32166A2DC27B7","91F7C9F13A5011F1EA32166A2DC27B7","91F7C9F13A5011F1EA32166A2DC27B7","91F7C9F13A5011F1EA32166A2DC27B7","91F7C9F13A5011F1EA32166A2DC27B7","91F7C9F13A5011F1EA32166A2DC27B7","91F7C9F13A5011F1EA32166A2DC27B7","91F7C9F13A5011F1EA32166A2DC27B7","91F7C9F13A5011F1EA32166A2DC27B7","91F7C9F13A5011F1EA32166A2DC27B7","91F7C9F13A5011F1EA32166A2DC27B7","98DD97083A5011F1EA32166A2DC27B7","98DD97083A5011F1EA32166A2DC27B7","98DD97083A5011F1EA32166A2DC27B7","98DD97083A5011F1EA32166A2DC27B7","98DD97083A5011F1EA32166A2DC27B7","98DD97083A5011F1EA32166A2DC27B7","98DD97083A5011F1EA32166A2DC27B7","98DD97083A5011F1EA32166A2DC27B7","98DD97083A5011F1EA32166A2DC27B7","98DD97083A5011F1EA32166A2DC27B7","98DD97083A5011F1EA32166A2DC27B7","98DD97083A5011F1EA32166A2DC27B7","98DD97083A5011F1EA32166A2DC27B7","98DD97083A5011F1EA32166A2DC27B7","98DD97083A5011F1EA32166A2DC27B7","98DD97083A5011F1EA32166A2DC27B7","98DD97083A5011F1EA32166A2DC27B7","98DD97083A5011F1EA32166A2DC27B7","98DD97083A5011F1EA32166A2DC27B7","98DD97083A5011F1EA32166A2DC27B7","98DD97083A5011F1EA32166A2DC27B7","98DD97083A5011F1EA32166A2DC27B7","98DD97083A5011F1EA32166A2DC27B7","98DD97083A5011F1EA32166A2DC27B7","98DD97083A5011F1EA32166A2DC27B7","98DD97083A5011F1EA32166A2DC27B7","98DD97083A5011F1EA32166A2DC27B7","98DD97083A5011F1EA32166A2DC27B7","DB5CFB8E3A5011F1EA32166A2DC27B7","DB5CFB8E3A5011F1EA32166A2DC27B7","DB5CFB8E3A5011F1EA32166A2DC27B7","DB5CFB8E3A5011F1EA32166A2DC27B7","DB5CFB8E3A5011F1EA32166A2DC27B7","DB5CFB8E3A5011F1EA32166A2DC27B7","DB5CFB8E3A5011F1EA32166A2DC27B7","DB5CFB8E3A5011F1EA32166A2DC27B7","DB5CFB8E3A5011F1EA32166A2DC27B7","DB5CFB8E3A5011F1EA32166A2DC27B7","DB5CFB8E3A5011F1EA32166A2DC27B7","DB5CFB8E3A5011F1EA32166A2DC27B7","DB5CFB8E3A5011F1EA32166A2DC27B7","DB5CFB8E3A5011F1EA32166A2DC27B7","DB5CFB8E3A5011F1EA32166A2DC27B7","DB5CFB8E3A5011F1EA32166A2DC27B7","DB5CFB8E3A5011F1EA32166A2DC27B7","DB5CFB8E3A5011F1EA32166A2DC27B7","DB5CFB8E3A5011F1EA32166A2DC27B7","DB5CFB8E3A5011F1EA32166A2DC27B7","DB5CFB8E3A5011F1EA32166A2DC27B7","DB5CFB8E3A5011F1EA32166A2DC27B7","DB5CFB8E3A5011F1EA32166A2DC27B7","DB5CFB8E3A5011F1EA32166A2DC27B7","DB5CFB8E3A5011F1EA32166A2DC27B7","DB5CFB8E3A5011F1EA32166A2DC27B7","DB5CFB8E3A5011F1EA32166A2DC27B7","DB5CFB8E3A5011F1EA32166A2DC27B7","CA1B0","CA1B0","CA1B0","CA510","CA510","CA510","CA1E0","CA1E0","CA1E0","C9E10","C9E10","C9E10","CA400","CA400","CA400","C9C30","C9C30","C9C30","CA540","CA540","CA540","CA0B0","CA0B0","CA0B0","C9890","C9890","C9890","CA480","CA480","CA480","CA200","CA200","CA200","CA450","CA450","CA450","CA570","CA570","CA570","CA580","CA580","CA580"
,,Rotation,Rotation,Rotation,Rotation,Position,Position,Position,Mean Marker Error,Position,Position,Position,Marker Quality,Position,Position,Position,Marker Quality,Position,Position,Position,Marker Quality,Position,Position,Position,Marker Quality,Rotation,Rotation,Rotation,Rotation,Position,Position,Position,Mean Marker Error,Position,Position,Position,Marker Quality,Position,Position,Position,Marker Quality,Position,Position,Position,Marker Quality,Position,Position,Position,Marker Quality,Position,Position,Position,Marker Quality,Rotation,Rotation,Rotation,Rotation,Position,Position,Position,Mean Marker Error,Position,Position,Position,Marker Quality,Position,Position,Position,Marker Quality,Position,Position,Position,Marker Quality,Position,Position,Position,Marker Quality,Position,Position,Position,Marker Quality,Position,Position,Position,Position,Position,Position,Position,Position,Position,Position,Position,Position,Position,Position,Position,Position,Position,Position,Position,Position,Position,Position,Position,Position,Position,Position,Position,Position,Position,Position,Position,Position,Position,Position,Position,Position,Position,Position,Position,Position,Position,Position
Frame,Time (Seconds),X,Y,Z,W,X,Y,Z,,X,Y,Z,,X,Y,Z,,X,Y,Z,,X,Y,Z,,X,Y,Z,W,X,Y,Z,,X,Y,Z,,X,Y,Z,,X,Y,Z,,X,Y,Z,,X,Y,Z,,X,Y,Z,W,X,Y,Z,,X,Y,Z,,X,Y,Z,,X,Y,Z,,X,Y,Z,,X,Y,Z,,X,Y,Z,X,Y,Z,X,Y,Z,X,Y,Z,X,Y,Z,X,Y,Z,X,Y,Z,X,Y,Z,X,Y,Z,X,Y,Z,X,Y,Z,X,Y,Z,X,Y,Z,X,Y,Z
0,0.000000,-0.000946,0.033981,-0.002022,-0.999420,0.074669,0.718711,0.482556,0.000779,-0.002451,0.644343,0.489764,0.809410,-0.002827,0.799990,0.489663,0.735216,0.162471,0.641259,0.489042,0.913915,0.141485,0.789250,0.461756,0.843000,0.026926,0.817206,-0.039622,-0.574352,0.552702,0.784215,0.488730,0.000673,0.581213,0.767801,0.423247,0.747394,0.616281,0.771218,0.519559,0.947113,0.545169,0.770046,0.439935,0.930199,0.574371,0.772861,0.533571,0.736747,0.446474,0.839150,0.527338,0.837144,0.000710,0.002674,0.000164,-0.999996,0.186785,0.723478,0.904015,0.000970,0.242959,0.752710,1.141833,0.531418,0.665097,0.712815,1.218169,0.901220,-0.316627,0.720039,0.471442,0.431160,-0.321982,0.722480,1.214657,0.907083,0.664479,0.709349,0.473975,0.848946,0.581938,0.767488,0.422617,0.616328,0.771020,0.519502,0.545397,0.769902,0.440009,0.573524,0.773484,0.533498,0.446296,0.839222,0.527961,0.243869,0.754265,1.141316,0.665216,0.712502,1.217958,-0.318903,0.720051,0.471436,-0.322024,0.722112,1.214684,0.664812,0.709168,0.474445,-0.002474,0.643649,0.489448,-0.003269,0.800799,0.490185,0.162490,0.641164,0.489373,0.141883,0.789318,0.461276
1,0.010000,,,,,,,,,,,,,,,,,,,,,,,,,,,,,,,,,,,,,,,,,,,,,,,,,,,,,0.000584,0.002683,0.000171,-0.999996,0.186726,0.723366,0.904030,0.001117,0.242896,0.752537,1.141857,0.335404,0.665032,0.712617,1.218191,0.922555,-0.316678,0.720042,0.471447,0.443356,-0.322047,0.722296,1.214662,0.950930,0.664428,0.709338,0.473996,0.847106,0.581942,0.767486,0.422624,0.616320,0.771010,0.519497,0.545398,0.769922,0.440011,0.573535,0.773476,0.533498,0.446282,0.839248,0.527957,0.244347,0.754464,1.140739,0.665210,0.712495,1.217968,-0.318905,0.720066,0.471451,-0.322021,0.722103,1.214689,0.664808,0.709192,0.474451,-0.002442,0.643600,0.489479,-0.003111,0.798894,0.489143,0.162455,0.641086,0.489433,0.141878,0.789307,0.461269
2,0.020000,-0.000786,0.034058,-0.001966,-0.999418,0.074670,0.718692,0.482578,0.000778,-0.002461,0.644336,0.489797,0.816157,-0.002818,0.799984,0.489647,0.735000,0.162461,0.641232,0.489102,0.908744,0.141497,0.789217,0.461766,0.842706,0.026893,0.817219,-0.039707,-0.574329,0.552684,0.784215,0.488731,0.000683,0.581201,0.767799,0.423251,0.743936,0.616264,0.771231,0.519564,0.942868,0.545156,0.770040,0.439937,0.929978,0.574353,0.772869,0.533574,0.740727,0.446447,0.839138,0.527329,0.832648,,,,,,,,,,,,,,,,,,,,,,,,,,,,,0.581937,0.767471,0.422619,0.616327,0.771021,0.519497,0.545390,0.769906,0.440015,0.573522,0.773486,0.533500,0.446232,0.839223,0.527957,0.243873,0.754260,1.141327,0.665209,0.712506,1.217963,-0.318902,0.720060,0.471435,-0.322020,0.722094,1.214697,0.664822,0.709171,0.474451,-0.002442,0.643674,0.489477,-0.003277,0.800780,0.490174,0.162464,0.641097,0.489441,0.141884,0.789304,0.461278
3,0.030000,-0.000807,0.034119,-0.002065,-0.999415,0.074664,0.718668,0.482573,0.000825,-0.002453,0.644296,0.489780,0.816157,-0.002841,0.799943,0.489635,0.735000,0.162469,0.641225,0.489104,0.908744,0.141479,0.789206,0.461771,0.842706,0.026957,0.817191,-0.039627,-0.574371,0.552695,0.784230,0.488736,0.000683,0.581203,0.767811,0.423253,0.743936,0.616275,0.771231,0.519563,0.942868,0.545160,0.770059,0.439943,0.929978,0.574365,0.772877,0.533577,0.740727,0.446472,0.839172,0.527347,0.832648,0.000744,0.002667,0.000137,-0.999996,0.186788,0.723490,0.904023,0.000968,0.242963,0.752741,1.141838,0.335404,0.665105,0.712873,1.218171,0.922555,-0.316631,0.719994,0.471457,0.443356,-0.321976,0.722485,1.214672,0.950930,0.664476,0.709357,0.473977,0.847106,0.581937,0.767490,0.422618,0.616325,0.771019,0.519496,0.545400,0.769915,0.440017,0.573525,0.773511,0.533507,0.446268,0.839253,0.527977,0.243868,0.754272,1.141315,0.665226,0.712565,1.217979,-0.318905,0.720064,0.471447,-0.322021,0.722102,1.214701,0.664806,0.709165,0.474436,-0.002479,0.643545,0.489463,-0.003277,0.800794,0.490174,0.162464,0.641105,0.489441,0.141892,0.789327,0.461278
4,0.040000,-0.000799,0.034072,-0.002026,-0.999417,0.074666,0.718678,0.482580,0.000807,-0.002456,0.644313,0.489795,0.796236,-0.002832,0.799960,0.489649,0.725718,0.162466,0.641228,0.489104,0.910754,0.141485,0.789211,0.461771,0.836358,0.026823,0.817234,-0.039666,-0.574314,0.552692,0.784212,0.488733,0.000678,0.581213,0.767807,0.423252,0.744332,0.616271,0.771228,0.519567,0.942967,0.545167,0.770044,0.439937,0.927623,0.574360,0.772861,0.533576,0.736187,0.446449,0.839122,0.527335,0.833094,0.000629,0.002672,0.000173,-0.999996,0.186724,0.723373,0.904027,0.001118,0.242899,0.752565,1.141850,0.536707,0.665037,0.712649,1.218178,0.904305,-0.316690,0.720013,0.471455,0.431152,-0.322043,0.722334,1.214670,0.903163,0.664416,0.709304,0.473983,0.850733,0.581943,0.767490,0.422623,0.616322,0.771011,0.519500,0.545399,0.769904,0.440018,0.573525,0.773496,0.533503,0.446249,0.839198,0.527959,0.244348,0.754474,1.140740,0.665209,0.712530,1.217970,-0.318913,0.720078,0.471451,-0.322022,0.722126,1.214706,0.664800,0.709145,0.474425,-0.002467,0.643591,0.489473,-0.003269,0.800790,0.490192,0.162458,0.641104,0.489449,0.141890,0.789325,0.461270
5,0.050000,-0.000818,0.034103,-0.001972,-0.999416,0.074672,0.718693,0.482573,0.000793,-0.002458,0.644335,0.489781,0.811856,-0.002817,0.799983,0.489641,0.731243,0.162464,0.641234,0.489100,0.908156,0.141500,0.789220,0.461772,0.839960,0.026826,0.817216,-0.039804,-0.574330,0.552701,0.784237,0.488740,0.000669,0.581221,0.767821,0.423261,0.746559,0.616284,0.771269,0.519573,0.939756,0.545176,0.770056,0.439948,0.934592,0.574373,0.772900,0.533584,0.737638,0.446452,0.839139,0.527335,0.840186,0.000715,0.002669,0.000148,-0.999996,0.186788,0.723496,0.904027,0.000975,0.242963,0.752732,1.141844,0.536411,0.665103,0.712850,1.218176,0.901625,-0.316629,0.720037,0.471459,0.430660,-0.321977,0.722484,1.214674,0.905098,0.664477,0.709377,0.473982,0.847499,0.581940,0.767500,0.422623,0.616328,0.771040,0.519513,0.545395,0.769933,0.440021,0.573554,0.773555,0.533538,0.446269,0.839198,0.527944,0.243866,0.754264,1.141319,0.665217,0.712538,1.217965,-0.318906,0.720073,0.471443,-0.322023,0.722110,1.214713,0.664818,0.709193,0.474454,-0.002452,0.643655,0.489460,-0.003276,0.800795,0.490176,0.162467,0.641097,0.489441,0.141895,0.789319,0.461278
6,0.060000,-0.000847,0.034083,-0.001953,-0.999417,0.074673,0.718703,0.482569,0.000782,-0.002460,0.644347,0.489775,0.818026,-0.002813,0.799995,0.489644,0.735011,0.162462,0.641240,0.489088,0.905613,0.141503,0.789229,0.461769,0.841366,0.026823,0.817236,-0.039660,-0.574311,0.552691,0.784232,0.488735,0.000676,0.581212,0.767827,0.423254,0.747772,0.616270,0.771246,0.519568,0.943214,0.545166,0.770064,0.439939,0.930398,0.574358,0.772880,0.533577,0.737253,0.446448,0.839142,0.527336,0.836609,0.000719,0.002670,0.000166,-0.999996,0.186784,0.723487,0.904021,0.000971,0.242960,0.752723,1.141838,0.529032,0.665099,0.712826,1.218171,0.902788,-0.316631,0.720042,0.471451,0.430519,-0.321981,0.722496,1.214666,0.907416,0.664475,0.709348,0.473977,0.851750,0.581933,0.767498,0.422630,0.616327,0.771036,0.519506,0.545398,0.769941,0.440031,0.573520,0.773507,0.533488,0.446251,0.839214,0.527955,0.243877,0.754288,1.141329,0.665215,0.712515,1.217970,-0.318909,0.720051,0.471440,-0.322021,0.722129,1.214694,0.664807,0.709167,0.474434,-0.002422,0.643697,0.489449,-0.003277,0.800784,0.490178,0.162454,0.641089,0.489434,0.141887,0.789325,0.461273
7,0.070000,-0.000939,0.034003,-0.002055,-0.999419,0.074687,0.718735,0.482560,0.000758,-0.002429,0.644362,0.489765,0.818026,-0.002815,0.800010,0.489662,0.735011,0.162493,0.641289,0.489051,0.905613,0.141498,0.789279,0.461762,0.841366,0.026945,0.817215,-0.039526,-0.574345,0.552695,0.784231,0.488730,0.000676,0.581206,0.767821,0.423246,0.747772,0.616272,0.771220,0.519559,0.943214,0.545162,0.770069,0.439933,0.930398,0.574361,0.772868,0.533570,0.737253,0.446475,0.839176,0.527342,0.836609,0.000741,0.002663,0.000166,-0.999996,0.186784,0.723486,0.904026,0.000970,0.242964,0.752732,1.141840,0.529032,0.665103,0.712839,1.218169,0.902788,-0.316638,0.720023,0.471464,0.430519,-0.321976,0.722509,1.214679,0.907416,0.664468,0.709328,0.473976,0.851750,0.581933,0.767503,0.422624,0.616320,0.771012,0.519495,0.545398,0.769929,0.440017,0.573516,0.773499,0.533481,0.446282,0.839251,0.527968,0.243874,0.754287,1.141328,0.665223,0.712530,1.217972,-0.318904,0.720070,0.471447,-0.322020,0.722131,1.214708,0.664806,0.709138,0.474432,-0.002414,0.643699,0.489443,-0.003273,0.800808,0.490192,0.162494,0.641193,0.489385,0.141891,0.789328,0.461278
8,0.080000,-0.000895,0.034179,-0.001982,-0.999413,0.074668,0.718697,0.482565,0.000788,-0.002461,0.644336,0.489749,0.815566,-0.002824,0.799984,0.489633,0.734625,0.162461,0.641239,0.489093,0.913158,0.141498,0.789229,0.461785,0.843855,0.026925,0.817216,-0.039671,-0.574334,0.552708,0.784236,0.488745,0.000687,0.581223,0.767818,0.423265,0.748003,0.616287,0.771245,0.519577,0.944372,0.545179,0.770062,0.439951,0.928359,0.574376,0.772887,0.533588,0.735246,0.446477,0.839167,0.527345,0.835238,0.000706,0.002675,0.000159,-0.999996,0.186786,0.723497,0.904023,0.000973,0.242959,0.752727,1.141841,0.531843,0.665097,0.712835,1.218178,0.903684,-0.316626,0.720056,0.471449,0.433205,-0.321982,0.722491,1.214664,0.904540,0.664481,0.709375,0.473984,0.850281,0.581937,0.767482,0.422618,0.616326,0.771045,0.519509,0.545437,0.769943,0.440069,0.573516,0.773513,0.533498,0.446296,0.839234,0.527962,0.243879,0.754276,1.141322,0.665210,0.712523,1.217965,-0.318899,0.720054,0.471440,-0.322021,0.722127,1.214692,0.664814,0.709199,0.474458,-0.002450,0.643661,0.489420,-0.003278,0.800790,0.490178,0.162461,0.641103,0.489442,0.141888,0.789327,0.461283
9,0.090000,-0.000987,0.033827,-0.002011,-0.999425,0.074697,0.718712,0.482556,0.000794,-0.002423,0.644345,0.489782,0.820386,-0.002796,0.799993,0.489694,0.735047,0.162499,0.641259,0.489009,0.913083,0.141507,0.789252,0.461741,0.850197,0.026647,0.817223,-0.039061,-0.574379,0.552662,0.784339,0.488848,0.000729,0.581170,0.768000,0.423344,0.709361,0.616239,0.771292,0.519659,0.924184,0.545126,0.770232,0.440035,0.861710,0.574330,0.772925,0.533674,0.745083,0.446446,0.839246,0.527526,0.884779,0.000704,0.002665,0.000169,-0.999996,0.186783,0.723492,0.904027,0.000971,0.242962,0.752720,1.141844,0.529257,0.665101,0.712819,1.218172,0.902139,-0.316637,0.720063,0.471463,0.434546,-0.321978,0.722495,1.214678,0.908310,0.664469,0.709363,0.473978,0.848389,0.581938,0.767513,0.422621,0.616320,0.771044,0.519503,0.545287,0.770384,0.440543,0.573520,0.773516,0.533488,0.446288,0.839219,0.527958,0.243879,0.754282,1.141329,0.665210,0.712507,1.217962,-0.318899,0.720060,0.471440,-0.322011,0.722131,1.214709,0.664809,0.709186,0.474447,-0.002440,0.643691,0.489485,-0.003270,0.800803,0.490187,0.162556,0.641118,0.489321,0.141889,0.789326,0.461286
10,0.100000,-0.000846,0.034078,-0.001967,-0.999417,0.074674,0.718696,0.482575,0.000791,-0.002457,0.644338,0.489782,0.810315,-0.002815,0.799986,0.489651,0.728792,0.162465,0.641235,0.489094,0.908175,0.141501,0.789223,0.461774,0.840236,0.026812,0.817241,-0.039719,-0.574299,0.552695,0.784221,0.488724,0.000672,0.581219,0.767813,0.423245,0.748926,0.616275,0.771244,0.519560,0.944239,0.545173,0.770048,0.439929,0.930476,0.574363,0.772875,0.533568,0.736634,0.446447,0.839125,0.527319,0.837544,0.000714,0.002664,0.000158,-0.999996,0.186780,0.723488,0.904024,0.000971,0.242959,0.752723,1.141841,0.529900,0.665099,0.712833,1.218169,0.903925,-0.316640,0.720039,0.471461,0.435465,-0.321981,0.722486,1.214675,0.906068,0.664466,0.709361,0.473975,0.849649,0.581939,0.767493,0.422621,0.616324,0.771034,0.519503,0.545402,0.769917,0.440016,0.573524,0.773507,0.533481,0.446261,0.839194,0.527937,0.243877,0.754279,1.141320,0.665219,0.712525,1.217973,-0.318898,0.720071,0.471437,-0.322020,0.722113,1.214703,0.664801,0.709175,0.474439,-0.002449,0.643653,0.489456,-0.003268,0.800807,0.490196,0.162466,0.641105,0.489437,0.141892,0.789314,0.461277
11,0.110000,-0.000818,0.034093,-0.001972,-0.999416,0.074672,0.718679,0.482568,0.000772,-0.002458,0.644321,0.489777,0.810315,-0.002817,0.799969,0.489637,0.728792,0.162464,0.641220,0.489093,0.908175,0.141500,0.789206,0.461765,0.840236,0.026883,0.817241,-0.039645,-0.574302,0.552706,0.784242,0.488744,0.000688,0.581227,0.767831,0.423265,0.748926,0.616282,0.771251,0.519580,0.944239,0.545180,0.770073,0.439949,0.930476,0.574370,0.772890,0.533588,0.736634,0.446468,0.839166,0.527341,0.837544,0.000715,0.002666,0.000172,-0.999996,0.186786,0.723488,0.904019,0.000969,0.242964,0.752721,1.141836,0.529900,0.665103,0.712819,1.218166,0.903925,-0.316633,0.720052,0.471454,0.435465,-0.321977,0.722500,1.214669,0.906068,0.664473,0.709347,0.473972,0.849649,0.581940,0.767504,0.422621,0.616326,0.771042,0.519513,0.545441,0.769946,0.440076,0.573522,0.773517,0.533483,0.446271,0.839240,0.527959,0.243870,0.754280,1.141333,0.665223,0.712505,1.217959,-0.318900,0.720057,0.471443,-0.322022,0.722132,1.214697,0.664815,0.709167,0.474432,-0.002450,0.643645,0.489456,-0.003255,0.800755,0.490157,0.162460,0.641096,0.489436,0.141889,0.789300,0.461274
12,0.120000,-0.001052,0.034115,-0.002087,-0.999415,0.074679,0.718707,0.482542,0.000773,-0.002434,0.644327,0.489713,0.812776,-0.002831,0.799975,0.489645,0.740182,0.162489,0.641266,0.489035,0.908898,0.141490,0.789260,0.461774,0.841624,0.026892,0.817232,-0.039684,-0.574312,0.552697,0.784232,0.488734,0.000676,0.581216,0.767817,0.423255,0.746264,0.616275,0.771245,0.519569,0.944028,0.545171,0.770059,0.439939,0.920829,0.574363,0.772884,0.533578,0.734979,0.446459,0.839156,0.527329,0.836606,0.000698,0.002671,0.000176,-0.999996,0.186781,0.723496,0.904024,0.000967,0.242957,0.752721,1.141842,0.532050,0.665095,0.712813,1.218175,0.901209,-0.316634,0.720079,0.471453,0.433144,-0.321985,0.722502,1.214668,0.906906,0.664472,0.709365,0.473981,0.849774,0.581940,0.767505,0.422616,0.616322,0.771049,0.519514,0.545406,0.769910,0.440011,0.573526,0.773496,0.533509,0.446271,0.839235,0.527957,0.243864,0.754276,1.141318,0.665209,0.712498,1.217967,-0.318902,0.720073,0.471445,-0.322021,0.722139,1.214698,0.664811,0.709189,0.474450,-0.002449,0.643634,0.489394,-0.003274,0.800787,0.490174,0.162499,0.641176,0.489368,0.141889,0.789322,0.461290
13,0.130000,-0.000815,0.034126,-0.002011,-0.999415,0.074675,0.718683,0.482569,0.000778,-0.002450,0.644320,0.489774,0.811969,-0.002821,0.799968,0.489633,0.739842,0.162472,0.641231,0.489101,0.908210,0.141498,0.789216,0.461770,0.840181,0.026935,0.817211,-0.039665,-0.574341,0.552702,0.784228,0.488732,0.000673,0.581216,0.767809,0.423251,0.748062,0.616281,0.771236,0.519563,0.944894,0.545171,0.770055,0.439938,0.929616,0.574370,0.772879,0.533574,0.736873,0.446472,0.839163,0.527333,0.835407,0.000712,0.002670,0.000165,-0.999996,0.186785,0.723509,0.904028,0.000973,0.242961,0.752741,1.141845,0.530457,0.665100,0.712845,1.218177,0.901558,-0.316631,0.720068,0.471458,0.432514,-0.321980,0.722512,1.214673,0.908762,0.664475,0.709376,0.473984,0.848980,0.581936,0.767488,0.422624,0.616328,0.771028,0.519505,0.545407,0.769918,0.440009,0.573531,0.773510,0.533499,0.446282,0.839236,0.527959,0.243876,0.754298,1.141330,0.665210,0.712531,1.217967,-0.318901,0.720057,0.471436,-0.322014,0.722150,1.214704,0.664810,0.709201,0.474455,-0.002445,0.643639,0.489454,-0.003260,0.800754,0.490154,0.162469,0.641102,0.489445,0.141892,0.789319,0.461278
14,0.140000,0.000392,0.035521,-0.003450,-0.999363,0.074695,0.718246,0.482332,0.000435,-0.002242,0.643685,0.489507,0.939669,-0.003047,0.799330,0.488974,0.886004,0.162689,0.641055,0.489303,0.932283,0.141379,0.788912,0.461543,0.821971,0.026894,0.817237,-0.039591,-0.574311,0.552701,0.784244,0.488746,0.000695,0.581220,0.767835,0.423265,0.742772,0.616277,0.771245,0.519580,0.942679,0.545174,0.770079,0.439950,0.920165,0.574366,0.772886,0.533588,0.735275,0.446469,0.839173,0.527348,0.833944,0.000726,0.002664,0.000148,-0.999996,0.186791,0.723506,0.904031,0.000971,0.242969,0.752747,1.141847,0.537265,0.665110,0.712867,1.218175,0.902969,-0.316630,0.720036,0.471468,0.431788,-0.321970,0.722501,1.214683,0.905117,0.664476,0.709377,0.473982,0.847784,0.581943,0.767498,0.422616,0.616321,0.771032,0.519507,0.545441,0.769956,0.440075,0.573520,0.773516,0.533488,0.446258,0.839252,0.527973,0.243878,0.754275,1.141333,0.665209,0.712556,1.217965,-0.318903,0.720078,0.471445,-0.322001,0.722124,1.214718,0.664812,0.709192,0.474454,-0.002476,0.643646,0.489458,-0.003112,0.798912,0.489144,0.162460,0.641107,0.489438,0.141906,0.789317,0.461286
15,0.150000,-0.000932,0.033920,-0.002016,-0.999422,0.074681,0.718726,0.482565,0.000771,-0.002440,0.644359,0.489783,0.939669,-0.002814,0.800007,0.489679,0.886004,0.162482,0.641273,0.489042,0.932283,0.141494,0.789264,0.461754,0.821971,0.026770,0.817284,-0.039566,-0.574252,0.552701,0.784229,0.488725,0.000669,0.581232,0.767838,0.423244,0.742772,0.616275,0.771236,0.519565,0.942679,0.545184,0.770071,0.439924,0.920165,0.574362,0.772867,0.533568,0.735275,0.446454,0.839132,0.527322,0.833944,0.000682,0.002675,0.000162,-0.999996,0.186792,0.723486,0.904030,0.000973,0.242965,0.752705,1.141850,0.537265,0.665103,0.712807,1.218184,0.902969,-0.316620,0.720069,0.471456,0.431788,-0.321976,0.722469,1.214671,0.905117,0.664486,0.709383,0.473990,0.847784,0.581938,0.767503,0.422619,0.616328,0.771028,0.519507,0.545421,0.769955,0.439994,0.573525,0.773499,0.533502,0.446266,0.839198,0.527941,0.243877,0.754285,1.141333,0.665209,0.712495,1.217967,-0.318901,0.720072,0.471443,-0.322009,0.722103,1.214706,0.664828,0.709202,0.474456,-0.002450,0.643690,0.489475,-0.003273,0.800797,0.490187,0.162503,0.641167,0.489366,0.141897,0.789331,0.461282
16,0.160000,-0.000851,0.034116,-0.001954,-0.999416,0.074676,0.718692,0.482559,0.000766,-0.002457,0.644336,0.489759,0.815824,-0.002810,0.799984,0.489630,0.738469,0.162465,0.641229,0.489083,0.914447,0.141507,0.789218,0.461764,0.843917,0.026797,0.817276,-0.039707,-0.574252,0.552704,0.784228,0.488741,0.000682,0.581236,0.767823,0.423265,0.749808,0.616280,0.771251,0.519584,0.944432,0.545188,0.770057,0.439945,0.931735,0.574367,0.772881,0.533587,0.737475,0.446451,0.839129,0.527325,0.837336,0.000741,0.002664,0.000166,-0.999996,0.186782,0.723485,0.904016,0.000966,0.242961,0.752731,1.141831,0.526174,0.665100,0.712838,1.218161,0.901458,-0.316640,0.720021,0.471453,0.429775,-0.321980,0.722508,1.214668,0.907828,0.664466,0.709327,0.473967,0.848481,0.581937,0.767493,0.422616,0.616324,0.771043,0.519517,0.545444,0.769943,0.440074,0.573528,0.773501,0.533498,0.446264,0.839194,0.527934,0.243870,0.754282,1.141324,0.665209,0.712530,1.217962,-0.318891,0.720074,0.471429,-0.322015,0.722128,1.214699,0.664812,0.709135,0.474425,-0.002427,0.643703,0.489440,-0.003269,0.800737,0.490141,0.162467,0.641074,0.489428,0.141893,0.789322,0.461274
17,0.170000,-0.000856,0.033996,-0.001927,-0.999420,0.074675,0.718697,0.482579,0.000798,-0.002460,0.644345,0.489798,0.814827,-0.002805,0.799993,0.489670,0.732375,0.162462,0.641229,0.489081,0.906854,0.141505,0.789219,0.461769,0.842375,0.026811,0.817245,-0.039716,-0.574295,0.552694,0.784231,0.488728,0.000680,0.581218,0.767824,0.423249,0.745754,0.616273,0.771254,0.519565,0.943979,0.545172,0.770059,0.439933,0.929856,0.574361,0.772885,0.533572,0.734943,0.446445,0.839135,0.527322,0.833876,0.000710,0.002673,0.000149,-0.999996,0.186778,0.723504,0.904024,0.000975,0.242952,0.752737,1.141842,0.532595,0.665092,0.712853,1.218176,0.902513,-0.316635,0.720049,0.471452,0.434471,-0.321988,0.722491,1.214667,0.906678,0.664472,0.709387,0.473983,0.847062,0.581943,0.767496,0.422615,0.616328,0.771041,0.519520,0.545407,0.769924,0.440006,0.573520,0.773524,0.533482,0.446246,0.839210,0.527951,0.243874,0.754274,1.141309,0.665205,0.712545,1.217967,-0.318897,0.720074,0.471443,-0.322033,0.722122,1.214700,0.664813,0.709206,0.474457,-0.002442,0.643675,0.489483,-0.003269,0.800804,0.490193,0.162468,0.641069,0.489418,0.141891,0.789330,0.461283
18,0.180000,-0.000867,0.034093,-0.001974,-0.999416,0.074678,0.718703,0.482565,0.000770,-0.002452,0.644344,0.489766,0.820882,-0.002812,0.799992,0.489642,0.744650,0.162470,0.641244,0.489082,0.904914,0.141505,0.789233,0.461769,0.843069,0.026933,0.817241,-0.039536,-0.574308,0.552705,0.784218,0.488727,0.000665,0.581223,0.767809,0.423246,0.748269,0.616279,0.771210,0.519562,0.950140,0.545177,0.770056,0.439930,0.931105,0.574368,0.772856,0.533569,0.748604,0.446479,0.839159,0.527330,0.835727,0.000738,0.002660,0.000170,-0.999996,0.186775,0.723489,0.904018,0.000969,0.242956,0.752733,1.141833,0.532098,0.665096,0.712836,1.218159,0.904369,-0.316649,0.720032,0.471459,0.439535,-0.321984,0.722514,1.214674,0.905698,0.664457,0.709329,0.473966,0.849155,0.581943,0.767497,0.422615,0.616328,0.771024,0.519508,0.545402,0.769912,0.439999,0.573552,0.773440,0.533499,0.446294,0.839239,0.527955,0.243881,0.754280,1.141330,0.665208,0.712528,1.217962,-0.318891,0.720066,0.471434,-0.322022,0.722139,1.214698,0.664798,0.709143,0.474427,-0.002417,0.643703,0.489448,-0.003263,0.800754,0.490151,0.162467,0.641084,0.489427,0.141883,0.789343,0.461280
19,0.190000,-0.000931,0.033906,-0.002008,-0.999423,0.074674,0.718726,0.482563,0.000766,-0.002448,0.644361,0.489784,0.820882,-0.002819,0.800009,0.489679,0.744650,0.162474,0.641273,0.489038,0.904914,0.141488,0.789263,0.461751,0.843069,0.026939,0.817194,-0.039680,-0.574364,0.552707,0.784219,0.488723,0.000673,0.581217,0.767799,0.423241,0.748269,0.616288,0.771228,0.519551,0.950140,0.545174,0.770045,0.439930,0.931105,0.574378,0.772871,0.533564,0.748604,0.446479,0.839154,0.527328,0.835727,0.000703,0.002673,0.000153,-0.999996,0.186790,0.723497,0.904023,0.000975,0.242964,0.752726,1.141841,0.532098,0.665103,0.712839,1.218176,0.904369,-0.316623,0.720052,0.471451,0.439535,-0.321977,0.722483,1.214666,0.905698,0.664483,0.709383,0.473982,0.849155,0.581936,0.767483,0.422615,0.616329,0.771017,0.519495,0.545409,0.769902,0.440002,0.573531,0.773517,0.533488,0.446297,0.839223,0.527953,0.243872,0.754265,1.141335,0.665210,0.712524,1.217960,-0.318903,0.720068,0.471434,-0.322018,0.722113,1.214700,0.664821,0.709203,0.474451,-0.002451,0.643686,0.489475,-0.003265,0.800803,0.490186,0.162489,0.641161,0.489365,0.141878,0.789335,0.461278
20,0.200000,0.000390,0.035471,-0.003480,-0.999365,0.074692,0.718247,0.482325,0.000440,-0.002240,0.643681,0.489508,0.814425,-0.003054,0.799326,0.488975,0.739234,0.162692,0.641062,0.489287,0.913517,0.141370,0.788917,0.461529,0.845613,0.026869,0.817240,-0.039617,-0.574306,0.552715,0.784229,0.488737,0.000682,0.581236,0.767822,0.423257,0.748951,0.616292,0.771236,0.519572,0.944496,0.545190,0.770063,0.439941,0.928881,0.574380,0.772874,0.533580,0.733101,0.446479,0.839152,0.527338,0.836442,0.000752,0.002662,0.000141,-0.999996,0.186779,0.723494,0.904014,0.000969,0.242957,0.752749,1.141828,0.535744,0.665099,0.712879,1.218157,0.901023,-0.316644,0.719995,0.471453,0.429889,-0.321981,0.722498,1.214668,0.906463,0.664463,0.709350,0.473963,0.848518,0.581945,0.767497,0.422617,0.616328,0.771028,0.519496,0.545446,0.769941,0.440065,0.573531,0.773504,0.533495,0.446297,0.839217,0.527949,0.243866,0.754262,1.141314,0.665207,0.712573,1.217959,-0.318897,0.720080,0.471440,-0.322030,0.722110,1.214703,0.664812,0.709154,0.474420,-0.002452,0.643656,0.489459,-0.003127,0.798909,0.489144,0.162459,0.641086,0.489425,0.141887,0.789336,0.461272
21,0.210000,-0.000893,0.033881,-0.002037,-0.999423,0.074674,0.718724,0.482563,0.000768,-0.002443,0.644355,0.489794,0.816205,-0.002823,0.800002,0.489676,0.736514,0.162479,0.641275,0.489039,0.915846,0.141483,0.789263,0.461742,0.846031,0.026767,0.817259,-0.039766,-0.574274,0.552705,0.784230,0.488736,0.000677,0.581234,0.767824,0.423259,0.749292,0.616284,0.771262,0.519576,0.943246,0.545187,0.770055,0.439941,0.923827,0.574371,0.772888,0.533582,0.735706,0.446447,0.839121,0.527324,0.839132,0.000679,0.002676,0.000161,-0.999996,0.186783,0.723502,0.904022,0.000979,0.242956,0.752720,1.141842,0.528435,0.665094,0.712822,1.218178,0.900893,-0.316627,0.720086,0.471446,0.432759,-0.321986,0.722482,1.214661,0.909232,0.664479,0.709402,0.473983,0.846880,0.581945,0.767504,0.422628,0.616320,0.771051,0.519499,0.545439,0.769929,0.440058,0.573527,0.773519,0.533498,0.446264,0.839187,0.527937,0.243874,0.754279,1.141307,0.665206,0.712509,1.217961,-0.318896,0.720068,0.471433,-0.322031,0.722124,1.214702,0.664827,0.709229,0.474457,-0.002445,0.643686,0.489489,-0.003286,0.800803,0.490182,0.162497,0.641170,0.489358,0.141882,0.789322,0.461276
22,0.220000,0.000303,0.035370,-0.003551,-0.999368,0.074700,0.718268,0.482312,0.000419,-0.002219,0.643690,0.489498,0.940241,-0.003056,0.799335,0.488992,0.889958,0.162713,0.641094,0.489244,0.936639,0.141364,0.788951,0.461515,0.830517,0.026776,0.817269,-0.039691,-0.574264,0.552695,0.784222,0.488729,0.000675,0.581226,0.767820,0.423251,0.749802,0.616273,0.771244,0.519570,0.943777,0.545178,0.770053,0.439932,0.929524,0.574359,0.772872,0.533574,0.730590,0.446442,0.839119,0.527319,0.839594,0.000643,0.002626,0.000204,-0.999996,0.186751,0.723563,0.904045,0.000900,0.242950,0.752758,1.141862,0.536181,0.665092,0.712818,1.218152,0.913578,-0.316703,0.720222,0.471520,0.511289,-0.321987,0.722564,1.214736,0.894107,0.664402,0.709453,0.473957,0.826350,0.581943,0.767516,0.422623,0.616323,0.771034,0.519506,0.545405,0.769906,0.440010,0.573497,0.773517,0.533514,0.446269,0.839185,0.527933,0.243874,0.754270,1.141309,0.665214,0.712549,1.217972,-0.318653,0.720359,0.471562,-0.322010,0.722143,1.214698,0.664820,0.709222,0.474462,-0.002454,0.643656,0.489463,-0.003121,0.798926,0.489143,0.162496,0.641161,0.489358,0.141879,0.789328,0.461284
23,0.230000,-0.000870,0.034146,-0.001880,-0.999415,0.074659,0.718709,0.482577,0.000784,-0.002485,0.644364,0.489770,0.940241,-0.002816,0.800012,0.489647,0.889958,0.162436,0.641233,0.489103,0.936639,0.141502,0.789226,0.461789,0.830517,0.026829,0.817257,-0.039606,-0.574284,0.552700,0.784216,0.488723,0.000675,0.581224,0.767814,0.423243,0.749802,0.616275,0.771223,0.519560,0.943777,0.545177,0.770052,0.439925,0.929524,0.574363,0.772859,0.533566,0.730590,0.446458,0.839130,0.527321,0.839594,0.000689,0.002675,0.000180,-0.999996,0.186787,0.723495,0.904021,0.000975,0.242962,0.752715,1.141840,0.536181,0.665099,0.712803,1.218175,0.913578,-0.316624,0.720089,0.471447,0.511289,-0.321981,0.722500,1.214662,0.894107,0.664482,0.709368,0.473981,0.826350,0.581952,0.767495,0.422615,0.616322,0.771003,0.519492,0.545404,0.769919,0.440005,0.573524,0.773507,0.533502,0.446269,0.839196,0.527938,0.243871,0.754268,1.141313,0.665206,0.712487,1.217962,-0.318907,0.720064,0.471438,-0.322022,0.722142,1.214702,0.664824,0.709197,0.474448,-0.002461,0.643699,0.489434,-0.003271,0.800808,0.490200,0.162428,0.641093,0.489459,0.141889,0.789324,0.461279
24,0.240000,0.000380,0.035483,-0.003475,-0.999364,0.074704,0.718264,0.482325,0.000437,-0.002229,0.643699,0.489504,0.813699,-0.003042,0.799345,0.488975,0.732399,0.162702,0.641078,0.489288,0.904371,0.141383,0.788935,0.461532,0.838113,0.026935,0.817224,-0.039546,-0.574330,0.552700,0.784230,0.488729,0.000674,0.581214,0.767820,0.423247,0.746836,0.616276,0.771223,0.519561,0.941113,0.545170,0.770068,0.439933,0.931328,0.574365,0.772869,0.533570,0.734523,0.446476,0.839172,0.527337,0.837914,0.000619,0.002621,0.000205,-0.999996,0.186739,0.723552,0.904043,0.000895,0.242940,0.752735,1.141860,0.531187,0.665083,0.712791,1.218145,0.900941,-0.316719,0.720232,0.471522,0.429269,-0.321996,0.722538,1.214738,0.909366,0.664386,0.709461,0.473950,0.848994,0.581937,0.767501,0.422619,0.616319,0.771007,0.519496,0.545403,0.769932,0.440012,0.573524,0.773515,0.533501,0.446290,0.839239,0.527957,0.243864,0.754267,1.141315,0.665213,0.712522,1.217964,-0.318643,0.720354,0.471554,-0.322018,0.722120,1.214695,0.664807,0.709231,0.474460,-0.002417,0.643698,0.489445,-0.003125,0.798925,0.489153,0.162466,0.641102,0.489432,0.141890,0.789332,0.461269
25,0.250000,-0.000919,0.033912,-0.002045,-0.999422,0.074677,0.718723,0.482562,0.000759,-0.002440,0.644352,0.489784,0.815189,-0.002822,0.799999,0.489675,0.736789,0.162482,0.641275,0.489040,0.915152,0.141486,0.789264,0.461749,0.846369,0.026921,0.817206,-0.039653,-0.574349,0.552704,0.784220,0.488725,0.000671,0.581217,0.767803,0.423243,0.748108,0.616284,0.771227,0.519554,0.947468,0.545173,0.770048,0.439931,0.928665,0.574373,0.772869,0.533566,0.737319,0.446474,0.839152,0.527330,0.835571,0.000697,0.002672,0.000167,-0.999996,0.186786,0.723506,0.904021,0.000966,0.242961,0.752731,1.141839,0.537632,0.665099,0.712831,1.218173,0.901304,-0.316628,0.720081,0.471450,0.431534,-0.321980,0.722503,1.214664,0.908253,0.664478,0.709384,0.473979,0.849044,0.581941,0.767490,0.422617,0.616323,0.771029,0.519495,0.545407,0.769901,0.439999,0.573530,0.773492,0.533493,0.446294,0.839226,0.527958,0.243858,0.754260,1.141311,0.665213,0.712513,1.217968,-0.318902,0.720072,0.471441,-0.322017,0.722139,1.214696,0.664812,0.709211,0.474451,-0.002439,0.643681,0.489473,-0.003276,0.800800,0.490187,0.162496,0.641176,0.489365,0.141877,0.789318,0.461278
26,0.260000,-0.000786,0.034047,-0.001987,-0.999418,0.074667,0.718693,0.482573,0.000759,-0.002460,0.644333,0.489793,0.817048,-0.002824,0.799981,0.489643,0.748273,0.162462,0.641236,0.489095,0.908813,0.141491,0.789220,0.461759,0.843116,0.026790,0.817275,-0.039598,-0.574262,0.552698,0.784224,0.488727,0.000676,0.581227,0.767828,0.423248,0.749948,0.616273,0.771233,0.519567,0.938995,0.545180,0.770063,0.439928,0.929433,0.574360,0.772865,0.533571,0.728798,0.446451,0.839129,0.527323,0.838883,0.000715,0.002675,0.000159,-0.999996,0.186789,0.723498,0.904021,0.000969,0.242962,0.752732,1.141839,0.537411,0.665100,0.712841,1.218176,0.902203,-0.316623,0.720049,0.471447,0.430094,-0.321979,0.722498,1.214662,0.906507,0.664483,0.709368,0.473982,0.849363,0.581954,0.767521,0.422632,0.616322,0.771008,0.519487,0.545408,0.769920,0.440013,0.573502,0.773527,0.533510,0.446265,0.839195,0.527937,0.243862,0.754262,1.141316,0.665210,0.712526,1.217971,-0.318902,0.720067,0.471435,-0.322017,0.722127,1.214696,0.664817,0.709189,0.474451,-0.002443,0.643673,0.489479,-0.003258,0.800739,0.490145,0.162454,0.641106,0.489435,0.141878,0.789319,0.461275
27,0.270000,-0.000830,0.034078,-0.001967,-0.999417,0.074671,0.718694,0.482575,0.000795,-0.002460,0.644336,0.489784,0.811070,-0.002818,0.799984,0.489648,0.727170,0.162462,0.641233,0.489096,0.906989,0.141498,0.789221,0.461772,0.840341,0.027183,0.817163,-0.039490,-0.574410,0.552699,0.784258,0.488744,0.000684,0.581193,0.767822,0.423259,0.741697,0.616274,0.771227,0.519566,0.947434,0.545153,0.770090,0.439951,0.922353,0.574366,0.772896,0.533583,0.739645,0.446508,0.839258,0.527360,0.828132,0.000683,0.002671,0.000167,-0.999996,0.186786,0.723496,0.904025,0.000971,0.242962,0.752714,1.141844,0.531411,0.665100,0.712812,1.218175,0.901976,-0.316629,0.720083,0.471455,0.430897,-0.321979,0.722483,1.214670,0.908312,0.664477,0.709387,0.473981,0.849023,0.581938,0.767496,0.422622,0.616302,0.771030,0.519499,0.545412,0.769935,0.440023,0.573532,0.773513,0.533498,0.446299,0.839349,0.528008,0.243867,0.754268,1.141315,0.665209,0.712497,1.217968,-0.318905,0.720076,0.471437,-0.322014,0.722120,1.214707,0.664816,0.709211,0.474449,-0.002449,0.643655,0.489457,-0.003275,0.800809,0.490197,0.162466,0.641094,0.489441,0.141885,0.789316,0.461273
28,0.280000,0.000418,0.035540,-0.003458,-0.999362,0.074687,0.718252,0.482336,0.000441,-0.002250,0.643690,0.489513,0.811070,-0.003057,0.799335,0.488972,0.727170,0.162682,0.641063,0.489315,0.906989,0.141371,0.788918,0.461546,0.840341,0.026813,0.817230,-0.039711,-0.574316,0.552695,0.784226,0.488731,0.000680,0.581216,0.767819,0.423251,0.741697,0.616276,0.771248,0.519565,0.947434,0.545170,0.770054,0.439936,0.922353,0.574364,0.772879,0.533574,0.739645,0.446449,0.839131,0.527330,0.828132,0.000733,0.002672,0.000167,-0.999996,0.186788,0.723509,0.904021,0.000970,0.242964,0.752752,1.141837,0.531411,0.665102,0.712856,1.218173,0.901976,-0.316626,0.720053,0.471450,0.430897,-0.321978,0.722529,1.214665,0.908312,0.664480,0.709356,0.473980,0.849023,0.581932,0.767490,0.422614,0.616334,0.771032,0.519511,0.545410,0.769927,0.440016,0.573528,0.773516,0.533495,0.446246,0.839205,0.527954,0.243870,0.754293,1.141314,0.665213,0.712544,1.217971,-0.318899,0.720073,0.471436,-0.322018,0.722159,1.214699,0.664818,0.709175,0.474443,-0.002447,0.643650,0.489454,-0.003119,0.798925,0.489151,0.162426,0.641104,0.489461,0.141887,0.789328,0.461280
29,0.290000,-0.000902,0.033995,-0.001959,-0.999420,0.074683,0.718682,0.482561,0.000813,-0.002448,0.644325,0.489772,0.947583,-0.002803,0.799973,0.489659,0.887029,0.162474,0.641220,0.489056,0.925592,0.141508,0.789212,0.461757,0.822356,0.026911,0.817225,-0.039574,-0.574329,0.552701,0.784229,0.488735,0.000677,0.581216,0.767820,0.423253,0.746768,0.616278,0.771227,0.519567,0.942481,0.545171,0.770065,0.439939,0.929237,0.574367,0.772870,0.533577,0.736471,0.446473,0.839163,0.527342,0.834931,0.000604,0.002687,0.000175,-0.999996,0.186734,0.723393,0.904028,0.001117,0.242903,0.752574,1.141854,0.534286,0.665038,0.712652,1.218192,0.902804,-0.316667,0.720057,0.471441,0.431609,-0.322041,0.722341,1.214656,0.906488,0.664439,0.709344,0.473997,0.849525,0.581940,0.767505,0.422625,0.616324,0.771008,0.519500,0.545411,0.769920,0.440013,0.573533,0.773511,0.533507,0.446271,0.839240,0.527970,0.244346,0.754473,1.140734,0.665206,0.712527,1.217974,-0.318898,0.720082,0.471447,-0.322019,0.722143,1.214692,0.664821,0.709195,0.474449,-0.002450,0.643655,0.489465,-0.003273,0.800807,0.490176,0.162515,0.641050,0.489383,0.141882,0.789318,0.461283
30,0.300000,0.000391,0.035338,-0.003556,-0.999369,0.074705,0.718277,0.482321,0.000429,-0.002214,0.643700,0.489525,0.941888,-0.003052,0.799345,0.488992,0.883844,0.162718,0.641106,0.489261,0.934687,0.141367,0.788958,0.461507,0.828290,0.026729,0.817273,-0.039639,-0.574264,0.552706,0.784231,0.488746,0.000680,0.581237,0.767840,0.423266,0.749683,0.616283,0.771250,0.519586,0.942435,0.545189,0.770069,0.439947,0.923530,0.574370,0.772876,0.533589,0.735652,0.446451,0.839121,0.527344,0.841538,0.000724,0.002676,0.000174,-0.999996,0.186785,0.723505,0.904019,0.000972,0.242958,0.752742,1.141836,0.536561,0.665095,0.712840,1.218175,0.901339,-0.316626,0.720063,0.471444,0.430073,-0.321984,0.722526,1.214659,0.906644,0.664480,0.709353,0.473981,0.848755,0.581936,0.767512,0.422629,0.616329,0.771037,0.519512,0.545441,0.769959,0.440082,0.573525,0.773506,0.533500,0.446268,0.839182,0.527947,0.243866,0.754272,1.141315,0.665210,0.712526,1.217965,-0.318906,0.720080,0.471441,-0.322029,0.722156,1.214690,0.664813,0.709174,0.474453,-0.002444,0.643688,0.489494,-0.003124,0.798911,0.489141,0.162493,0.641177,0.489372,0.141895,0.789333,0.461278
31,0.310000,-0.000847,0.034060,-0.001980,-0.999417,0.074673,0.718697,0.482571,0.000795,-0.002456,0.644337,0.489780,0.810415,-0.002817,0.799985,0.489650,0.732588,0.162466,0.641239,0.489086,0.906489,0.141498,0.789226,0.461768,0.839719,0.026914,0.817225,-0.039589,-0.574327,0.552704,0.784220,0.488728,0.000673,0.581219,0.767809,0.423246,0.748614,0.616281,0.771219,0.519560,0.944459,0.545174,0.770054,0.439932,0.929511,0.574370,0.772862,0.533570,0.735383,0.446475,0.839154,0.527333,0.837466,0.000709,0.002676,0.000170,-0.999996,0.186788,0.723496,0.904020,0.000971,0.242962,0.752726,1.141838,0.534267,0.665099,0.712825,1.218175,0.901985,-0.316623,0.720063,0.471444,0.427328,-0.321981,0.722503,1.214659,0.907450,0.664483,0.709360,0.473981,0.850255,0.581941,0.767498,0.422620,0.616326,0.771011,0.519499,0.545404,0.769911,0.440011,0.573526,0.773498,0.533498,0.446293,0.839224,0.527954,0.243871,0.754265,1.141314,0.665209,0.712511,1.217968,-0.318913,0.720073,0.471442,-0.322019,0.722136,1.214691,0.664812,0.709183,0.474449,-0.002449,0.643651,0.489457,-0.003265,0.800795,0.490185,0.162467,0.641095,0.489431,0.141887,0.789336,0.461270
32,0.320000,0.000327,0.035362,-0.003559,-0.999368,0.074701,0.718268,0.482315,0.000422,-0.002217,0.643689,0.489505,0.810415,-0.003056,0.799334,0.488992,0.732588,0.162715,0.641096,0.489249,0.906489,0.141363,0.788952,0.461513,0.839719,0.026809,0.817241,-0.039672,-0.574304,0.552695,0.784217,0.488727,0.000672,0.581217,0.767813,0.423247,0.748614,0.616274,0.771234,0.519562,0.944459,0.545171,0.770049,0.439931,0.929511,0.574362,0.772866,0.533570,0.735383,0.446449,0.839123,0.527327,0.837466,0.000709,0.002671,0.000167,-0.999996,0.186783,0.723494,0.904017,0.000980,0.242959,0.752724,1.141835,0.534267,0.665097,0.712826,1.218168,0.901985,-0.316632,0.720058,0.471447,0.427328,-0.321982,0.722497,1.214662,0.907450,0.664474,0.709362,0.473974,0.850255,0.581931,0.767490,0.422622,0.616322,0.771019,0.519499,0.545404,0.769920,0.440003,0.573518,0.773513,0.533508,0.446265,0.839188,0.527945,0.243872,0.754268,1.141315,0.665210,0.712512,1.217956,-0.318910,0.720063,0.471428,-0.322032,0.722132,1.214702,0.664817,0.709185,0.474441,-0.002449,0.643657,0.489464,-0.003124,0.798919,0.489152,0.162492,0.641170,0.489370,0.141887,0.789324,0.461273
33,0.330000,-0.000809,0.034102,-0.001979,-0.999416,0.074668,0.718687,0.482571,0.000790,-0.002462,0.644328,0.489779,0.940495,-0.002823,0.799976,0.489637,0.887600,0.162460,0.641229,0.489099,0.933784,0.141495,0.789215,0.461768,0.828574,0.027088,0.817176,-0.039579,-0.574390,0.552685,0.784258,0.488740,0.000692,0.581186,0.767826,0.423257,0.749434,0.616262,0.771244,0.519565,0.942543,0.545144,0.770085,0.439948,0.931050,0.574354,0.772902,0.533581,0.733778,0.446479,0.839231,0.527351,0.837936,0.000716,0.002677,0.000163,-0.999996,0.186788,0.723525,0.904019,0.000974,0.242961,0.752760,1.141837,0.533214,0.665099,0.712865,1.218176,0.901323,-0.316622,0.720079,0.471443,0.430279,-0.321981,0.722529,1.214658,0.907154,0.664484,0.709390,0.473982,0.848670,0.581937,0.767499,0.422622,0.616317,0.771038,0.519506,0.545399,0.769927,0.440010,0.573518,0.773521,0.533486,0.446243,0.839334,0.528005,0.243868,0.754271,1.141308,0.665205,0.712549,1.217961,-0.318903,0.720077,0.471444,-0.322029,0.722166,1.214697,0.664825,0.709218,0.474455,-0.002449,0.643651,0.489459,-0.003279,0.800794,0.490169,0.162466,0.641089,0.489437,0.141880,0.789309,0.461278
34,0.340000,-0.000804,0.034090,-0.001993,-0.999416,0.074668,0.718692,0.482579,0.000800,-0.002459,0.644331,0.489790,0.811295,-0.002825,0.799979,0.489646,0.727917,0.162463,0.641236,0.489105,0.907292,0.141492,0.789221,0.461773,0.840316,0.026829,0.817260,-0.039478,-0.574289,0.552718,0.784237,0.488739,0.000681,0.581240,0.767845,0.423256,0.750522,0.616292,0.771229,0.519574,0.942894,0.545194,0.770085,0.439938,0.920232,0.574379,0.772868,0.533580,0.732525,0.446484,0.839158,0.527349,0.838632,0.000704,0.002672,0.000178,-0.999996,0.186788,0.723501,0.904020,0.000973,0.242964,0.752728,1.141838,0.531881,0.665101,0.712819,1.218172,0.900895,-0.316626,0.720081,0.471449,0.431338,-0.321978,0.722513,1.214664,0.908684,0.664479,0.709363,0.473978,0.849163,0.581929,0.767501,0.422620,0.616328,0.771017,0.519496,0.545470,0.769981,0.440058,0.573527,0.773509,0.533497,0.446296,0.839220,0.527963,0.243870,0.754279,1.141307,0.665221,0.712504,1.217965,-0.318901,0.720063,0.471444,-0.322028,0.722153,1.214701,0.664823,0.709190,0.474443,-0.002451,0.643649,0.489467,-0.003285,0.800803,0.490187,0.162469,0.641092,0.489447,0.141883,0.789323,0.461278
35,0.350000,-0.000720,0.034069,-0.002068,-0.999417,0.074669,0.718685,0.482577,0.000778,-0.002447,0.644315,0.489805,0.811048,-0.002834,0.799962,0.489634,0.744778,0.162476,0.641243,0.489114,0.911216,0.141483,0.789220,0.461757,0.840871,0.026934,0.817226,-0.039584,-0.574326,0.552699,0.784223,0.488728,0.000676,0.581214,0.767810,0.423246,0.747884,0.616275,0.771221,0.519560,0.943516,0.545169,0.770057,0.439932,0.927954,0.574364,0.772865,0.533570,0.736882,0.446472,0.839162,0.527332,0.835418,0.000749,0.002673,0.000143,-0.999996,0.186787,0.723488,0.904020,0.000973,0.242960,0.752741,1.141836,0.536897,0.665100,0.712869,1.218174,0.903672,-0.316626,0.719994,0.471448,0.428517,-0.321980,0.722493,1.214663,0.903055,0.664481,0.709345,0.473981,0.850311,0.581939,0.767501,0.422618,0.616322,0.771010,0.519494,0.545404,0.769908,0.440008,0.573525,0.773497,0.533502,0.446279,0.839238,0.527956,0.243869,0.754274,1.141329,0.665208,0.712560,1.217971,-0.318911,0.720065,0.471434,-0.322023,0.722109,1.214696,0.664814,0.709153,0.474440,-0.002444,0.643623,0.489499,-0.003269,0.800740,0.490133,0.162463,0.641121,0.489447,0.141887,0.789329,0.461277
36,0.360000,-0.000841,0.034071,-0.001946,-0.999417,0.074673,0.718706,0.482573,0.000786,-0.002461,0.644352,0.489782,0.811048,-0.002812,0.800000,0.489649,0.744778,0.162461,0.641242,0.489091,0.911216,0.141503,0.789231,0.461771,0.840871,0.026846,0.817249,-0.039632,-0.574293,0.552691,0.784216,0.488724,0.000673,0.581214,0.767811,0.423244,0.747884,0.616268,0.771226,0.519561,0.943516,0.545168,0.770050,0.439927,0.927954,0.574355,0.772862,0.533567,0.736882,0.446450,0.839133,0.527321,0.835418,0.000649,0.002627,0.000194,-0.999996,0.186741,0.723540,0.904040,0.000901,0.242939,0.752740,1.141857,0.536897,0.665082,0.712810,1.218148,0.903672,-0.316712,0.720183,0.471513,0.428517,-0.321998,0.722534,1.214729,0.903055,0.664394,0.709435,0.473954,0.850311,0.581932,0.767489,0.422618,0.616317,0.771010,0.519489,0.545407,0.769919,0.440006,0.573530,0.773491,0.533503,0.446248,0.839208,0.527944,0.243874,0.754285,1.141315,0.665209,0.712550,1.217972,-0.318647,0.720340,0.471539,-0.322023,0.722104,1.214693,0.664815,0.709192,0.474450,-0.002443,0.643690,0.489463,-0.003276,0.800792,0.490175,0.162462,0.641096,0.489432,0.141897,0.789333,0.461280
37,0.370000,0.000298,0.035404,-0.003551,-0.999367,0.074713,0.718277,0.482311,0.000421,-0.002207,0.643699,0.489491,0.816154,-0.003044,0.799344,0.488986,0.735601,0.162725,0.641104,0.489247,0.907333,0.141378,0.788961,0.461519,0.840602,0.026849,0.817244,-0.039642,-0.574299,0.552687,0.784215,0.488719,0.000679,0.581209,0.767809,0.423238,0.748735,0.616264,0.771226,0.519554,0.941850,0.545163,0.770048,0.439922,0.928951,0.574352,0.772862,0.533562,0.740061,0.446446,0.839132,0.527317,0.835322,0.000692,0.002668,0.000161,-0.999996,0.186778,0.723491,0.904022,0.000973,0.242954,0.752715,1.141840,0.528458,0.665094,0.712819,1.218170,0.915376,-0.316640,0.720064,0.471454,0.514449,-0.321986,0.722478,1.214669,0.891987,0.664466,0.709380,0.473976,0.826294,0.581930,0.767499,0.422617,0.616322,0.771000,0.519486,0.545406,0.769897,0.439990,0.573522,0.773504,0.533492,0.446227,0.839217,0.527949,0.243876,0.754283,1.141318,0.665209,0.712510,1.217961,-0.318899,0.720077,0.471440,-0.322026,0.722111,1.214701,0.664810,0.709198,0.474442,-0.002419,0.643700,0.489446,-0.003121,0.798916,0.489147,0.162501,0.641169,0.489370,0.141890,0.789322,0.461280
38,0.380000,0.000279,0.035390,-0.003525,-0.999367,0.074713,0.718278,0.482307,0.000423,-0.002211,0.643703,0.489486,0.946398,-0.003040,0.799348,0.488988,0.885008,0.162721,0.641100,0.489238,0.933244,0.141381,0.788959,0.461516,0.830426,0.026921,0.817205,-0.039692,-0.574347,0.552695,0.784231,0.488730,0.000673,0.581209,0.767811,0.423249,0.747202,0.616275,0.771242,0.519561,0.946921,0.545164,0.770055,0.439937,0.929203,0.574365,0.772883,0.533572,0.739997,0.446463,0.839160,0.527332,0.833509,0.000731,0.002668,0.000149,-0.999996,0.186794,0.723503,0.904021,0.000973,0.242970,0.752746,1.141836,0.538600,0.665110,0.712866,1.218169,0.902536,-0.316624,0.720030,0.471454,0.431591,-0.321970,0.722502,1.214669,0.904518,0.664482,0.709369,0.473975,0.849202,0.581934,0.767492,0.422621,0.616324,0.771043,0.519505,0.545400,0.769911,0.440000,0.573530,0.773499,0.533499,0.446269,0.839240,0.527964,0.243871,0.754270,1.141316,0.665231,0.712554,1.217969,-0.318897,0.720074,0.471428,-0.322016,0.722124,1.214702,0.664813,0.709184,0.474444,-0.002419,0.643697,0.489437,-0.003119,0.798927,0.489155,0.162495,0.641159,0.489367,0.141895,0.789327,0.461270
39,0.390000,0.000335,0.035541,-0.003459,-0.999362,0.074704,0.718245,0.482320,0.000429,-0.002232,0.643682,0.489484,0.949659,-0.003040,0.799327,0.488969,0.887628,0.162700,0.641056,0.489286,0.929460,0.141388,0.788915,0.461542,0.827349,0.027008,0.817216,-0.039455,-0.574345,0.552701,0.784243,0.488728,0.000678,0.581210,0.767831,0.423243,0.746721,0.616275,0.771219,0.519557,0.943720,0.545166,0.770085,0.439930,0.926945,0.574365,0.772874,0.533568,0.736517,0.446491,0.839206,0.527341,0.831246,0.000605,0.002675,0.000173,-0.999996,0.186734,0.723374,0.904032,0.001119,0.242908,0.752555,1.141856,0.337444,0.665045,0.712635,1.218185,0.923295,-0.316678,0.720035,0.471457,0.443449,-0.322035,0.722319,1.214672,0.948966,0.664428,0.709327,0.473990,0.846633,0.581934,0.767493,0.422620,0.616319,0.771010,0.519487,0.545420,0.769955,0.439994,0.573526,0.773508,0.533497,0.446283,0.839286,0.527979,0.244342,0.754483,1.140740,0.665222,0.712514,1.217966,-0.318903,0.720075,0.471446,-0.322014,0.722119,1.214708,0.664814,0.709174,0.474442,-0.002422,0.643661,0.489420,-0.003115,0.798923,0.489150,0.162461,0.641090,0.489433,0.141891,0.789307,0.461276
40,0.400000,-0.000900,0.034160,-0.001984,-0.999414,0.074682,0.718695,0.482565,0.000794,-0.002447,0.644334,0.489751,0.949659,-0.002810,0.799982,0.489637,0.887628,0.162475,0.641237,0.489089,0.929460,0.141511,0.789228,0.461783,0.827349,0.026819,0.817227,-0.039718,-0.574320,0.552687,0.784221,0.488723,0.000683,0.581208,0.767812,0.423243,0.746721,0.616268,0.771243,0.519556,0.943720,0.545162,0.770048,0.439928,0.926945,0.574357,0.772874,0.533566,0.736517,0.446442,0.839126,0.527323,0.831246,0.000607,0.002676,0.000172,-0.999996,0.186737,0.723386,0.904027,0.001117,0.242910,0.752568,1.141851,0.337444,0.665048,0.712650,1.218181,0.923295,-0.316674,0.720043,0.471451,0.443449,-0.322032,0.722331,1.214666,0.948966,0.664432,0.709338,0.473986,0.846633,0.581931,0.767485,0.422606,0.616324,0.771026,0.519502,0.545404,0.769911,0.439995,0.573514,0.773519,0.533494,0.446237,0.839204,0.527953,0.244341,0.754465,1.140742,0.665222,0.712523,1.217970,-0.318896,0.720078,0.471443,-0.322017,0.722126,1.214704,0.664814,0.709184,0.474437,-0.002418,0.643657,0.489420,-0.003266,0.800804,0.490189,0.162465,0.641096,0.489438,0.141894,0.789324,0.461280
41,0.410000,-0.000894,0.034143,-0.001973,-0.999415,0.074677,0.718701,0.482562,0.000790,-0.002453,0.644342,0.489752,0.811368,-0.002813,0.799990,0.489636,0.727566,0.162469,0.641242,0.489085,0.905950,0.141506,0.789232,0.461777,0.840270,0.026798,0.817271,-0.039687,-0.574260,0.552700,0.784221,0.488729,0.000682,0.581231,0.767818,0.423252,0.745667,0.616277,0.771242,0.519571,0.942419,0.545183,0.770052,0.439932,0.928518,0.574363,0.772872,0.533574,0.734176,0.446449,0.839124,0.527317,0.833143,0.000624,0.002679,0.000147,-0.999996,0.186739,0.723395,0.904031,0.001122,0.242909,0.752588,1.141855,0.344460,0.665048,0.712693,1.218188,0.924684,-0.316669,0.720013,0.471451,0.444374,-0.322032,0.722326,1.214667,0.947822,0.664438,0.709356,0.473994,0.847443,0.581932,0.767494,0.422611,0.616320,0.771021,0.519494,0.545441,0.769932,0.440055,0.573527,0.773508,0.533496,0.446253,0.839192,0.527928,0.244345,0.754492,1.140729,0.665221,0.712572,1.217971,-0.318904,0.720077,0.471439,-0.322014,0.722118,1.214707,0.664818,0.709197,0.474448,-0.002416,0.643672,0.489420,-0.003269,0.800811,0.490188,0.162456,0.641098,0.489434,0.141883,0.789324,0.461275
42,0.420000,0.000165,0.035336,-0.003571,-0.999369,0.074707,0.718244,0.482290,0.000437,-0.002208,0.643661,0.489461,0.930175,-0.003053,0.799306,0.488997,0.893399,0.162724,0.641074,0.489194,0.946084,0.141366,0.788937,0.461507,0.826336,0.026837,0.817268,-0.039611,-0.574269,0.552695,0.784203,0.488720,0.000666,0.581222,0.767800,0.423241,0.749237,0.616270,0.771211,0.519560,0.945163,0.545175,0.770038,0.439922,0.931031,0.574357,0.772846,0.533564,0.746918,0.446452,0.839118,0.527313,0.836877,0.000701,0.002673,0.000143,-0.999996,0.186783,0.723488,0.904020,0.000970,0.242957,0.752718,1.141838,0.529947,0.665097,0.712839,1.218172,0.903919,-0.316630,0.720035,0.471448,0.433379,-0.321983,0.722463,1.214663,0.906918,0.664476,0.709387,0.473978,0.850455,0.581937,0.767484,0.422612,0.616320,0.771005,0.519502,0.545402,0.769907,0.440007,0.573549,0.773451,0.533487,0.446258,0.839193,0.527932,0.243878,0.754272,1.141317,0.665212,0.712530,1.217975,-0.318897,0.720058,0.471432,-0.322020,0.722093,1.214690,0.664808,0.709204,0.474441,-0.002481,0.643610,0.489432,-0.003126,0.798912,0.489142,0.162546,0.641124,0.489305,0.141890,0.789332,0.461279
43,0.430000,-0.000894,0.034100,-0.001934,-0.999416,0.074681,0.718695,0.482566,0.000786,-0.002455,0.644341,0.489763,0.816039,-0.002803,0.799989,0.489647,0.732295,0.162467,0.641228,0.489081,0.905440,0.141514,0.789220,0.461775,0.841943,0.026845,0.817236,-0.039667,-0.574309,0.552690,0.784216,0.488718,0.000685,0.581211,0.767808,0.423238,0.747131,0.616269,0.771230,0.519552,0.941178,0.545165,0.770047,0.439922,0.927470,0.574357,0.772866,0.533561,0.732636,0.446449,0.839131,0.527317,0.833904,0.000637,0.002626,0.000212,-0.999996,0.186738,0.723541,0.904041,0.000904,0.242938,0.752733,1.141858,0.527280,0.665079,0.712785,1.218148,0.912596,-0.316716,0.720214,0.471516,0.516773,-0.322000,0.722547,1.214731,0.894166,0.664389,0.709429,0.473953,0.826869,0.581933,0.767483,0.422608,0.616330,0.771013,0.519488,0.545409,0.769912,0.440003,0.573506,0.773509,0.533483,0.446241,0.839209,0.527943,0.243875,0.754287,1.141328,0.665218,0.712519,1.217968,-0.318645,0.720342,0.471545,-0.322035,0.722127,1.214688,0.664811,0.709195,0.474450,-0.002414,0.643684,0.489435,-0.003263,0.800792,0.490185,0.162456,0.641078,0.489427,0.141892,0.789317,0.461278
44,0.440000,0.000332,0.035359,-0.003543,-0.999368,0.074702,0.718267,0.482314,0.000430,-0.002218,0.643691,0.489506,0.816039,-0.003053,0.799336,0.488991,0.732295,0.162714,0.641093,0.489248,0.905440,0.141367,0.788948,0.461512,0.841943,0.026785,0.817246,-0.039686,-0.574297,0.552692,0.784215,0.488719,0.000671,0.581216,0.767813,0.423239,0.747131,0.616271,0.771236,0.519555,0.941178,0.545170,0.770047,0.439923,0.927470,0.574359,0.772865,0.533562,0.732636,0.446443,0.839115,0.527318,0.833904,0.000747,0.002673,0.000138,-0.999996,0.186789,0.723494,0.904020,0.000975,0.242962,0.752747,1.141835,0.527280,0.665102,0.712878,1.218174,0.912596,-0.316624,0.719997,0.471447,0.516773,-0.321978,0.722492,1.214662,0.894166,0.664483,0.709358,0.473980,0.826869,0.581929,0.767494,0.422611,0.616320,0.771026,0.519502,0.545400,0.769915,0.440002,0.573519,0.773500,0.533485,0.446261,0.839182,0.527936,0.243872,0.754285,1.141326,0.665215,0.712570,1.217966,-0.318904,0.720066,0.471430,-0.322023,0.722109,1.214695,0.664817,0.709165,0.474446,-0.002450,0.643681,0.489473,-0.003123,0.798898,0.489143,0.162488,0.641168,0.489361,0.141895,0.789321,0.461280
45,0.450000,0.000366,0.035500,-0.003469,-0.999364,0.074695,0.718247,0.482327,0.000434,-0.002239,0.643683,0.489502,0.941369,-0.003050,0.799328,0.488977,0.882786,0.162692,0.641060,0.489290,0.934163,0.141376,0.788917,0.461538,0.828409,0.026856,0.817231,-0.039690,-0.574314,0.552695,0.784213,0.488724,0.000673,0.581216,0.767802,0.423244,0.749341,0.616274,0.771229,0.519558,0.944599,0.545170,0.770041,0.439929,0.930695,0.574363,0.772865,0.533567,0.736077,0.446454,0.839128,0.527322,0.838026,0.000776,0.002666,0.000141,-0.999996,0.186784,0.723504,0.904020,0.000967,0.242961,0.752770,1.141833,0.535445,0.665101,0.712903,1.218168,0.902814,-0.316635,0.719985,0.471455,0.429612,-0.321979,0.722524,1.214670,0.903162,0.664472,0.709340,0.473975,0.848821,0.581927,0.767490,0.422612,0.616322,0.771017,0.519496,0.545407,0.769902,0.440013,0.573528,0.773496,0.533499,0.446266,0.839199,0.527940,0.243873,0.754297,1.141331,0.665209,0.712596,1.217979,-0.318907,0.720069,0.471439,-0.322017,0.722136,1.214697,0.664803,0.709144,0.474424,-0.002452,0.643643,0.489450,-0.003117,0.798923,0.489147,0.162458,0.641092,0.489430,0.141890,0.789330,0.461280
46,0.460000,-0.000790,0.034066,-0.001954,-0.999417,0.074669,0.718698,0.482581,0.000782,-0.002464,0.644344,0.489798,0.816701,-0.002817,0.799992,0.489650,0.734868,0.162458,0.641236,0.489105,0.908376,0.141498,0.789222,0.461770,0.841420,0.026831,0.817268,-0.039761,-0.574258,0.552688,0.784212,0.488718,0.000675,0.581218,0.767799,0.423243,0.750184,0.616264,0.771239,0.519561,0.941689,0.545170,0.770035,0.439923,0.929142,0.574351,0.772871,0.533565,0.738804,0.446434,0.839117,0.527297,0.835894,0.000736,0.002666,0.000170,-0.999996,0.186773,0.723472,0.904014,0.000967,0.242952,0.752715,1.141829,0.528107,0.665090,0.712818,1.218160,0.903709,-0.316646,0.720016,0.471448,0.438112,-0.321989,0.722496,1.214663,0.905267,0.664460,0.709314,0.473967,0.849229,0.581930,0.767490,0.422614,0.616325,0.771022,0.519500,0.545404,0.769894,0.439999,0.573520,0.773501,0.533499,0.446234,0.839194,0.527917,0.243878,0.754283,1.141332,0.665207,0.712513,1.217957,-0.318893,0.720057,0.471439,-0.322029,0.722120,1.214683,0.664802,0.709123,0.474425,-0.002445,0.643684,0.489479,-0.003283,0.800786,0.490176,0.162461,0.641096,0.489444,0.141891,0.789314,0.461281
47,0.470000,0.000442,0.035432,-0.003439,-0.999366,0.074697,0.718246,0.482334,0.000438,-0.002241,0.643688,0.489530,0.947960,-0.003042,0.799333,0.488982,0.884585,0.162690,0.641054,0.489297,0.932819,0.141379,0.788909,0.461526,0.824353,0.026799,0.817255,-0.039706,-0.574282,0.552701,0.784217,0.488734,0.000682,0.581228,0.767812,0.423256,0.748843,0.616279,0.771240,0.519573,0.942861,0.545181,0.770046,0.439938,0.923572,0.574366,0.772870,0.533579,0.735616,0.446451,0.839119,0.527326,0.840542,0.000722,0.002674,0.000152,-0.999996,0.186787,0.723494,0.904019,0.000974,0.242961,0.752733,1.141836,0.532950,0.665100,0.712849,1.218173,0.902237,-0.316625,0.720032,0.471447,0.428078,-0.321980,0.722491,1.214661,0.905978,0.664481,0.709366,0.473979,0.850239,0.581929,0.767488,0.422614,0.616326,0.771028,0.519501,0.545434,0.769928,0.440064,0.573520,0.773499,0.533498,0.446265,0.839183,0.527933,0.243874,0.754281,1.141328,0.665209,0.712538,1.217963,-0.318913,0.720061,0.471436,-0.322021,0.722118,1.214693,0.664813,0.709182,0.474442,-0.002443,0.643680,0.489482,-0.003121,0.798910,0.489149,0.162459,0.641078,0.489432,0.141892,0.789317,0.461273
48,0.480000,-0.000827,0.034104,-0.001999,-0.999416,0.074664,0.718677,0.482567,0.000780,-0.002462,0.644315,0.489773,0.947960,-0.002830,0.799963,0.489636,0.884585,0.162460,0.641223,0.489093,0.932819,0.141488,0.789208,0.461767,0.824353,0.026770,0.817274,-0.039653,-0.574259,0.552700,0.784214,0.488716,0.000667,0.581230,0.767816,0.423238,0.748843,0.616276,0.771231,0.519557,0.942861,0.545182,0.770049,0.439918,0.923572,0.574362,0.772860,0.533561,0.735616,0.446448,0.839112,0.527309,0.840542,0.000636,0.002627,0.000211,-0.999996,0.186738,0.723541,0.904039,0.000903,0.242937,0.752732,1.141855,0.532950,0.665078,0.712785,1.218146,0.902237,-0.316715,0.720213,0.471512,0.428078,-0.322001,0.722544,1.214728,0.905978,0.664390,0.709430,0.473952,0.850239,0.581930,0.767490,0.422619,0.616320,0.771017,0.519494,0.545428,0.769923,0.439985,0.573520,0.773508,0.533497,0.446263,0.839176,0.527930,0.243873,0.754272,1.141315,0.665206,0.712518,1.217963,-0.318643,0.720336,0.471544,-0.322035,0.722127,1.214692,0.664821,0.709199,0.474451,-0.002452,0.643646,0.489461,-0.003281,0.800733,0.490144,0.162455,0.641084,0.489431,0.141892,0.789320,0.461280
49,0.490000,-0.000971,0.033951,-0.002044,-0.999421,0.074678,0.718713,0.482556,0.000782,-0.002439,0.644341,0.489765,0.815317,-0.002822,0.799989,0.489672,0.743254,0.162484,0.641265,0.489033,0.908575,0.141489,0.789256,0.461756,0.839555,0.026812,0.817255,-0.039521,-0.574294,0.552690,0.784213,0.488729,0.000678,0.581212,0.767820,0.423245,0.752744,0.616265,0.771211,0.519563,0.943035,0.545166,0.770057,0.439928,0.929078,0.574353,0.772847,0.533569,0.733993,0.446453,0.839128,0.527337,0.837125,0.000758,0.002665,0.000141,-0.999996,0.186791,0.723501,0.904021,0.000972,0.242968,0.752759,1.141835,0.529796,0.665109,0.712889,1.218167,0.912995,-0.316630,0.719998,0.471458,0.517079,-0.321971,0.722510,1.214672,0.894917,0.664477,0.709352,0.473973,0.825343,0.581930,0.767493,0.422621,0.616320,0.770987,0.519488,0.545407,0.769933,0.440021,0.573524,0.773485,0.533496,0.446243,0.839202,0.527957,0.243875,0.754280,1.141334,0.665218,0.712578,1.217971,-0.318911,0.720064,0.471443,-0.322018,0.722126,1.214705,0.664811,0.709161,0.474425,-0.002451,0.643658,0.489455,-0.003278,0.800797,0.490187,0.162503,0.641153,0.489359,0.141888,0.789330,0.461280
50,0.500000,-0.000828,0.034045,-0.001932,-0.999418,0.074674,0.718701,0.482584,0.000782,-0.002462,0.644349,0.489799,0.814851,-0.002808,0.799997,0.489662,0.735222,0.162460,0.641235,0.489099,0.908103,0.141505,0.789223,0.461776,0.841613,0.026613,0.817263,-0.039044,-0.574325,0.552654,0.784323,0.488845,0.000733,0.581171,0.767990,0.423344,0.710220,0.616228,0.771276,0.519664,0.918974,0.545125,0.770219,0.440031,0.862228,0.574316,0.772908,0.533674,0.749178,0.446430,0.839223,0.527513,0.880986,0.000736,0.002665,0.000139,-0.999996,0.186784,0.723496,0.904027,0.000976,0.242961,0.752743,1.141842,0.533074,0.665102,0.712872,1.218173,0.902572,-0.316635,0.720008,0.471462,0.432018,-0.321978,0.722488,1.214677,0.904470,0.664471,0.709367,0.473979,0.848153,0.581938,0.767506,0.422623,0.616318,0.771016,0.519495,0.545296,0.770367,0.440534,0.573523,0.773497,0.533503,0.446243,0.839208,0.527950,0.243876,0.754290,1.141333,0.665213,0.712564,1.217962,-0.318907,0.720058,0.471441,-0.322021,0.722110,1.214712,0.664812,0.709178,0.474445,-0.002448,0.643682,0.489478,-0.003265,0.800794,0.490190,0.162464,0.641097,0.489439,0.141894,0.789318,0.461286
51,0.510000,-0.000813,0.034105,-0.001896,-0.999416,0.074663,0.718709,0.482568,0.000756,-0.002479,0.644363,0.489776,0.824975,-0.002814,0.800011,0.489635,0.747682,0.162443,0.641236,0.489096,0.906143,0.141502,0.789226,0.461767,0.842459,0.026783,0.817265,-0.039689,-0.574269,0.552705,0.784226,0.488737,0.000681,0.581234,0.767824,0.423259,0.749683,0.616282,0.771247,0.519577,0.940520,0.545187,0.770057,0.439940,0.922011,0.574369,0.772877,0.533582,0.734049,0.446453,0.839125,0.527328,0.839935,0.000612,0.002679,0.000162,-0.999996,0.186728,0.723386,0.904033,0.001125,0.242899,0.752571,1.141857,0.342164,0.665037,0.712662,1.218189,0.922885,-0.316681,0.720029,0.471454,0.443151,-0.322043,0.722323,1.214669,0.948398,0.664426,0.709343,0.473995,0.846407,0.581937,0.767504,0.422621,0.616320,0.771027,0.519497,0.545444,0.769935,0.440066,0.573526,0.773520,0.533502,0.446265,0.839189,0.527937,0.244359,0.754471,1.140770,0.665207,0.712538,1.217964,-0.318908,0.720069,0.471454,-0.322027,0.722120,1.214703,0.664807,0.709189,0.474451,-0.002465,0.643740,0.489457,-0.003274,0.800752,0.490142,0.162462,0.641086,0.489439,0.141889,0.789322,0.461279
52,0.520000,-0.000821,0.034043,-0.001913,-0.999418,0.074671,0.718695,0.482581,0.000792,-0.002468,0.644346,0.489797,0.814367,-0.002808,0.799994,0.489658,0.730785,0.162454,0.641225,0.489096,0.907282,0.141505,0.789214,0.461772,0.842675,0.026778,0.817309,-0.039521,-0.574218,0.552708,0.784227,0.488733,0.000687,0.581243,0.767839,0.423254,0.749032,0.616279,0.771228,0.519579,0.939792,0.545194,0.770073,0.439931,0.920047,0.574363,0.772861,0.533577,0.736420,0.446460,0.839134,0.527324,0.834814,0.000700,0.002675,0.000149,-0.999996,0.186784,0.723498,0.904021,0.000970,0.242957,0.752727,1.141840,0.528978,0.665096,0.712843,1.218175,0.901556,-0.316627,0.720051,0.471447,0.432431,-0.321984,0.722478,1.214662,0.907484,0.664479,0.709391,0.473981,0.848001,0.581937,0.767498,0.422614,0.616327,0.771006,0.519500,0.545472,0.769963,0.440045,0.573528,0.773499,0.533500,0.446245,0.839208,0.527945,0.243871,0.754289,1.141316,0.665212,0.712532,1.217963,-0.318898,0.720061,0.471444,-0.322022,0.722111,1.214691,0.664818,0.709210,0.474453,-0.002450,0.643676,0.489477,-0.003269,0.800809,0.490190,0.162461,0.641075,0.489436,0.141887,0.789312,0.461282
53,0.530000,-0.000832,0.034085,-0.001951,-0.999417,0.074671,0.718693,0.482580,0.000794,-0.002462,0.644338,0.489788,0.814367,-0.002814,0.799986,0.489652,0.730785,0.162460,0.641229,0.489101,0.907282,0.141502,0.789218,0.461778,0.842675,0.026811,0.817263,-0.039655,-0.574274,0.552708,0.784217,0.488742,0.000682,0.581235,0.767814,0.423263,0.749032,0.616284,0.771232,0.519582,0.939792,0.545188,0.770050,0.439945,0.920047,0.574371,0.772865,0.533586,0.736420,0.446461,0.839124,0.527335,0.834814,0.000748,0.002671,0.000139,-0.999996,0.186784,0.723500,0.904020,0.000972,0.242958,0.752753,1.141835,0.528978,0.665098,0.712884,1.218172,0.901556,-0.316631,0.720003,0.471449,0.432431,-0.321982,0.722500,1.214664,0.907484,0.664476,0.709361,0.473978,0.848001,0.581940,0.767492,0.422625,0.616325,0.771011,0.519508,0.545445,0.769926,0.440066,0.573529,0.773509,0.533501,0.446269,0.839190,0.527947,0.243873,0.754284,1.141311,0.665215,0.712577,1.217964,-0.318902,0.720062,0.471452,-0.322031,0.722121,1.214693,0.664813,0.709171,0.474447,-0.002448,0.643655,0.489465,-0.003269,0.800801,0.490189,0.162458,0.641091,0.489443,0.141892,0.789318,0.461283
54,0.540000,-0.000860,0.034136,-0.001975,-0.999415,0.074676,0.718698,0.482570,0.000785,-0.002454,0.644339,0.489766,0.811281,-0.002815,0.799987,0.489640,0.730722,0.162468,0.641239,0.489096,0.907715,0.141505,0.789227,0.461779,0.840439,0.026793,0.817253,-0.039745,-0.574282,0.552693,0.784212,0.488724,0.000667,0.581220,0.767805,0.423247,0.748927,0.616272,0.771239,0.519563,0.940859,0.545173,0.770038,0.439929,0.922483,0.574359,0.772868,0.533569,0.733975,0.446440,0.839110,0.527314,0.838761,0.000728,0.002675,0.000152,-0.999996,0.186782,0.723482,0.904015,0.000972,0.242955,0.752724,1.141832,0.535134,0.665094,0.712841,1.218170,0.902721,-0.316629,0.720015,0.471440,0.431967,-0.321986,0.722483,1.214655,0.904065,0.664477,0.709348,0.473976,0.847968,0.581932,0.767498,0.422621,0.616321,0.771029,0.519514,0.545396,0.769894,0.439996,0.573518,0.773508,0.533502,0.446265,0.839175,0.527931,0.243867,0.754270,1.141314,0.665206,0.712533,1.217955,-0.318910,0.720075,0.471440,-0.322029,0.722103,1.214687,0.664815,0.709157,0.474446,-0.002421,0.643684,0.489440,-0.003285,0.800792,0.490181,0.162465,0.641095,0.489440,0.141890,0.789315,0.461284
55,0.550000,-0.000945,0.033989,-0.001883,-0.999420,0.074680,0.718710,0.482561,0.000798,-0.002461,0.644364,0.489767,0.822951,-0.002794,0.800012,0.489668,0.734458,0.162460,0.641235,0.489048,0.903856,0.141515,0.789232,0.461763,0.844282,0.026778,0.817247,-0.039680,-0.574296,0.552697,0.784218,0.488726,0.000668,0.581222,0.767818,0.423246,0.750983,0.616277,0.771239,0.519562,0.944027,0.545176,0.770051,0.439930,0.930451,0.574364,0.772868,0.533569,0.736488,0.446448,0.839117,0.527326,0.837326,0.000610,0.002680,0.000179,-0.999996,0.186726,0.723382,0.904025,0.001122,0.242897,0.752564,1.141850,0.340147,0.665033,0.712640,1.218183,0.920871,-0.316681,0.720044,0.471444,0.443537,-0.322046,0.722336,1.214660,0.950740,0.664425,0.709324,0.473989,0.845356,0.581935,0.767502,0.422626,0.616324,0.771028,0.519503,0.545407,0.769915,0.440004,0.573526,0.773503,0.533494,0.446264,0.839185,0.527946,0.244341,0.754470,1.140732,0.665214,0.712514,1.217956,-0.318907,0.720056,0.471446,-0.322031,0.722142,1.214693,0.664807,0.709179,0.474452,-0.002463,0.643731,0.489450,-0.003273,0.800804,0.490189,0.162511,0.641059,0.489386,0.141891,0.789335,0.461278
56,0.560000,0.000458,0.035597,-0.003505,-0.999360,0.074677,0.718236,0.482333,0.000443,-0.002253,0.643668,0.489506,0.943927,-0.003074,0.799314,0.488952,0.884633,0.162678,0.641056,0.489328,0.926849,0.141357,0.788907,0.461544,0.820252,0.026794,0.817254,-0.039759,-0.574280,0.552697,0.784217,0.488723,0.000670,0.581225,0.767809,0.423246,0.752258,0.616276,0.771247,0.519563,0.944481,0.545178,0.770042,0.439928,0.928182,0.574364,0.772875,0.533568,0.735048,0.446443,0.839115,0.527311,0.836387,0.000606,0.002679,0.000186,-0.999996,0.186727,0.723379,0.904020,0.001120,0.242900,0.752559,1.141845,0.341025,0.665035,0.712629,1.218177,0.924831,-0.316681,0.720051,0.471441,0.442417,-0.322044,0.722338,1.214656,0.949774,0.664425,0.709318,0.473982,0.848151,0.581933,0.767505,0.422623,0.616328,0.771037,0.519509,0.545413,0.769891,0.439995,0.573519,0.773511,0.533497,0.446259,0.839188,0.527935,0.244352,0.754462,1.140741,0.665201,0.712503,1.217960,-0.318911,0.720072,0.471445,-0.322022,0.722142,1.214692,0.664808,0.709170,0.474430,-0.002466,0.643631,0.489444,-0.003139,0.798896,0.489138,0.162432,0.641101,0.489478,0.141881,0.789317,0.461271
57,0.570000,0.000371,0.035408,-0.003568,-0.999367,0.074706,0.718275,0.482319,0.000421,-0.002212,0.643696,0.489510,0.943927,-0.003054,0.799341,0.488982,0.884633,0.162720,0.641105,0.489268,0.926849,0.141369,0.788958,0.461517,0.820252,0.026890,0.817224,-0.039624,-0.574328,0.552709,0.784226,0.488742,0.000684,0.581225,0.767816,0.423260,0.752258,0.616287,0.771231,0.519574,0.944481,0.545180,0.770058,0.439946,0.928182,0.574376,0.772871,0.533583,0.735048,0.446476,0.839153,0.527346,0.836387,0.000705,0.002673,0.000169,-0.999996,0.186782,0.723485,0.904018,0.000969,0.242957,0.752713,1.141836,0.341025,0.665095,0.712812,1.218171,0.924831,-0.316631,0.720055,0.471446,0.442417,-0.321985,0.722489,1.214661,0.949774,0.664474,0.709354,0.473977,0.848151,0.581930,0.767479,0.422615,0.616318,0.771024,0.519497,0.545450,0.769942,0.440068,0.573525,0.773506,0.533500,0.446291,0.839218,0.527962,0.243868,0.754277,1.141308,0.665205,0.712501,1.217961,-0.318908,0.720061,0.471440,-0.322018,0.722123,1.214692,0.664811,0.709174,0.474446,-0.002438,0.643685,0.489470,-0.003122,0.798912,0.489139,0.162495,0.641182,0.489386,0.141887,0.789321,0.461283
58,0.580000,-0.000804,0.034068,-0.001978,-0.999417,0.074666,0.718678,0.482581,0.000809,-0.002463,0.644319,0.489796,0.942768,-0.002824,0.799967,0.489652,0.884557,0.162459,0.641219,0.489104,0.933778,0.141492,0.789205,0.461773,0.831287,0.026579,0.817251,-0.039112,-0.574339,0.552658,0.784317,0.488835,0.000726,0.581174,0.767983,0.423334,0.746875,0.616235,0.771281,0.519653,0.944251,0.545129,0.770208,0.440023,0.920535,0.574324,0.772907,0.533664,0.733828,0.446429,0.839206,0.527503,0.838276,0.000743,0.002668,0.000151,-0.999996,0.186781,0.723476,0.904014,0.000966,0.242957,0.752725,1.141829,0.528593,0.665097,0.712845,1.218163,0.902149,-0.316637,0.719995,0.471447,0.430823,-0.321983,0.722485,1.214661,0.907845,0.664470,0.709330,0.473969,0.848784,0.581931,0.767496,0.422618,0.616325,0.771037,0.519500,0.545294,0.770362,0.440526,0.573520,0.773486,0.533474,0.446262,0.839185,0.527938,0.243875,0.754264,1.141314,0.665202,0.712539,1.217970,-0.318902,0.720061,0.471435,-0.322017,0.722103,1.214690,0.664805,0.709137,0.474425,-0.002476,0.643609,0.489477,-0.003271,0.800802,0.490190,0.162466,0.641088,0.489443,0.141891,0.789313,0.461279
59,0.590000,0.000381,0.035549,-0.003537,-0.999362,0.074682,0.718208,0.482324,0.000440,-0.002242,0.643634,0.489493,0.936643,-0.003074,0.799279,0.488963,0.889443,0.162690,0.641033,0.489299,0.933228,0.141356,0.788887,0.461539,0.818731,0.026877,0.817210,-0.039610,-0.574349,0.552700,0.784223,0.488725,0.000672,0.581213,0.767816,0.423241,0.749743,0.616279,0.771228,0.519553,0.944199,0.545169,0.770057,0.439929,0.930323,0.574369,0.772867,0.533565,0.733857,0.446469,0.839148,0.527336,0.837710,0.000727,0.002674,0.000154,-0.999996,0.186789,0.723485,0.904017,0.000969,0.242962,0.752726,1.141834,0.534381,0.665101,0.712841,1.218172,0.902691,-0.316623,0.720020,0.471444,0.426318,-0.321979,0.722487,1.214659,0.905578,0.664483,0.709350,0.473978,0.849885,0.581929,0.767503,0.422616,0.616329,0.771018,0.519494,0.545398,0.769916,0.440000,0.573521,0.773507,0.533497,0.446288,0.839216,0.527956,0.243868,0.754267,1.141311,0.665206,0.712530,1.217963,-0.318917,0.720059,0.471445,-0.322013,0.722112,1.214691,0.664813,0.709164,0.474444,-0.002484,0.643573,0.489449,-0.003131,0.798873,0.489129,0.162463,0.641072,0.489434,0.141882,0.789314,0.461283
60,0.600000,0.000360,0.035527,-0.003476,-0.999363,0.074701,0.718237,0.482324,0.000432,-0.002232,0.643671,0.489494,0.945239,-0.003045,0.799316,0.488971,0.888866,0.162700,0.641051,0.489292,0.929827,0.141382,0.788908,0.461540,0.824294,0.026810,0.817265,-0.039646,-0.574271,0.552696,0.784208,0.488724,0.000670,0.581224,0.767806,0.423245,0.750699,0.616273,0.771222,0.519563,0.941674,0.545177,0.770042,0.439926,0.929949,0.574359,0.772855,0.533568,0.736316,0.446450,0.839115,0.527317,0.837795,0.000699,0.002681,0.000161,-0.999996,0.186790,0.723496,0.904021,0.000973,0.242960,0.752723,1.141840,0.530647,0.665097,0.712828,1.218181,0.899692,-0.316616,0.720062,0.471440,0.427722,-0.321982,0.722487,1.214655,0.909040,0.664490,0.709379,0.473987,0.848831,0.581936,0.767496,0.422619,0.616320,0.771003,0.519499,0.545408,0.769902,0.440000,0.573526,0.773498,0.533507,0.446262,0.839183,0.527934,0.243874,0.754280,1.141326,0.665210,0.712512,1.217960,-0.318905,0.720047,0.471440,-0.322022,0.722126,1.214683,0.664821,0.709205,0.474462,-0.002440,0.643631,0.489439,-0.003109,0.798913,0.489145,0.162461,0.641089,0.489434,0.141893,0.789314,0.461279
61,0.610000,-0.000865,0.034110,-0.001982,-0.999416,0.074669,0.718696,0.482570,0.000791,-0.002460,0.644335,0.489770,0.945239,-0.002822,0.799983,0.489644,0.888866,0.162462,0.641238,0.489091,0.929827,0.141496,0.789226,0.461776,0.824294,0.026794,0.817257,-0.039722,-0.574279,0.552691,0.784221,0.488721,0.000671,0.581219,0.767815,0.423243,0.750699,0.616269,0.771245,0.519560,0.941674,0.545171,0.770049,0.439925,0.929949,0.574356,0.772875,0.533566,0.736316,0.446439,0.839121,0.527311,0.837795,0.000703,0.002673,0.000159,-0.999996,0.186786,0.723500,0.904024,0.000973,0.242961,0.752729,1.141842,0.530647,0.665099,0.712836,1.218176,0.899692,-0.316627,0.720061,0.471451,0.427722,-0.321981,0.722492,1.214666,0.909040,0.664479,0.709380,0.473983,0.848831,0.581931,0.767507,0.422617,0.616319,0.771034,0.519499,0.545409,0.769903,0.439999,0.573527,0.773502,0.533496,0.446244,0.839197,0.527935,0.243869,0.754265,1.141315,0.665212,0.712525,1.217970,-0.318912,0.720092,0.471446,-0.322023,0.722120,1.214700,0.664812,0.709198,0.474450,-0.002445,0.643650,0.489441,-0.003272,0.800807,0.490192,0.162458,0.641106,0.489437,0.141881,0.789318,0.461277
62,0.620000,0.000383,0.035468,-0.003452,-0.999365,0.074684,0.718241,0.482326,0.000430,-0.002252,0.643679,0.489508,0.809997,-0.003057,0.799325,0.488978,0.728305,0.162680,0.641051,0.489286,0.907559,0.141366,0.788908,0.461531,0.840737,0.026756,0.817299,-0.039524,-0.574234,0.552697,0.784220,0.488714,0.000668,0.581231,0.767834,0.423234,0.750729,0.616270,0.771223,0.519557,0.943501,0.545182,0.770067,0.439912,0.927937,0.574355,0.772854,0.533557,0.739550,0.446449,0.839122,0.527311,0.835363,0.000697,0.002679,0.000167,-0.999996,0.186793,0.723497,0.904026,0.000974,0.242965,0.752722,1.141845,0.534778,0.665102,0.712822,1.218184,0.902435,-0.316615,0.720071,0.471447,0.428615,-0.321978,0.722493,1.214662,0.905959,0.664491,0.709376,0.473990,0.849490,0.581934,0.767504,0.422619,0.616319,0.771004,0.519497,0.545421,0.769947,0.439987,0.573515,0.773505,0.533482,0.446261,0.839185,0.527930,0.243877,0.754289,1.141325,0.665220,0.712510,1.217968,-0.318907,0.720079,0.471444,-0.322018,0.722126,1.214692,0.664820,0.709195,0.474461,-0.002478,0.643643,0.489458,-0.003109,0.798909,0.489146,0.162452,0.641091,0.489424,0.141873,0.789319,0.461276
63,0.630000,-0.000854,0.034163,-0.002000,-0.999414,0.074665,0.718665,0.482557,0.000790,-0.002461,0.644302,0.489750,0.808201,-0.002830,0.799950,0.489621,0.738707,0.162461,0.641211,0.489089,0.909272,0.141492,0.789198,0.461768,0.838957,0.026778,0.817240,-0.039716,-0.574304,0.552689,0.784220,0.488721,0.000679,0.581213,0.767817,0.423241,0.748972,0.616270,0.771245,0.519556,0.942890,0.545167,0.770049,0.439925,0.926091,0.574357,0.772873,0.533564,0.732961,0.446438,0.839117,0.527319,0.832002,0.000692,0.002677,0.000166,-0.999996,0.186790,0.723497,0.904021,0.000971,0.242963,0.752720,1.141840,0.529776,0.665100,0.712819,1.218177,0.900231,-0.316619,0.720075,0.471444,0.427658,-0.321979,0.722490,1.214659,0.908824,0.664487,0.709380,0.473983,0.848638,0.581936,0.767510,0.422615,0.616321,0.771028,0.519505,0.545408,0.769890,0.439988,0.573512,0.773520,0.533480,0.446236,0.839198,0.527955,0.243867,0.754284,1.141317,0.665211,0.712504,1.217959,-0.318909,0.720062,0.471439,-0.322013,0.722128,1.214691,0.664819,0.709205,0.474458,-0.002474,0.643603,0.489435,-0.003266,0.800747,0.490138,0.162462,0.641083,0.489428,0.141894,0.789311,0.461278
64,0.640000,0.000350,0.035552,-0.003494,-0.999362,0.074702,0.718246,0.482319,0.000429,-0.002229,0.643678,0.489484,0.947164,-0.003048,0.799323,0.488964,0.887484,0.162703,0.641064,0.489290,0.929131,0.141381,0.788921,0.461540,0.826621,0.026841,0.817251,-0.039664,-0.574288,0.552695,0.784223,0.488724,0.000671,0.581220,0.767816,0.423245,0.751110,0.616272,0.771237,0.519562,0.944324,0.545173,0.770054,0.439928,0.928969,0.574360,0.772872,0.533568,0.736311,0.446452,0.839136,0.527318,0.838903,0.000647,0.002625,0.000212,-0.999996,0.186750,0.723551,0.904047,0.000901,0.242950,0.752748,1.141863,0.532181,0.665091,0.712802,1.218153,0.913940,-0.316705,0.720214,0.471522,0.511639,-0.321988,0.722562,1.214738,0.893023,0.664400,0.709431,0.473959,0.827339,0.581929,0.767506,0.422620,0.616321,0.771029,0.519498,0.545406,0.769915,0.440012,0.573517,0.773502,0.533500,0.446272,0.839204,0.527934,0.243877,0.754283,1.141330,0.665217,0.712536,1.217974,-0.318653,0.720359,0.471552,-0.322014,0.722137,1.214700,0.664819,0.709194,0.474454,-0.002429,0.643650,0.489422,-0.003116,0.798917,0.489145,0.162464,0.641107,0.489437,0.141889,0.789312,0.461275
65,0.650000,0.000351,0.035510,-0.003492,-0.999363,0.074696,0.718253,0.482326,0.000439,-0.002234,0.643685,0.489497,0.947164,-0.003053,0.799330,0.488977,0.887484,0.162697,0.641070,0.489289,0.929131,0.141374,0.788927,0.461541,0.826621,0.026893,0.817211,-0.039526,-0.574352,0.552697,0.784224,0.488732,0.000677,0.581208,0.767821,0.423246,0.751110,0.616275,0.771217,0.519559,0.944324,0.545165,0.770065,0.439934,0.928969,0.574365,0.772860,0.533571,0.736311,0.446473,0.839158,0.527350,0.838903,0.000628,0.002621,0.000211,-0.999996,0.186742,0.723533,0.904043,0.000903,0.242943,0.752721,1.141859,0.532181,0.665086,0.712773,1.218144,0.913940,-0.316717,0.720212,0.471522,0.511639,-0.321994,0.722532,1.214738,0.893023,0.664389,0.709429,0.473950,0.827339,0.581932,0.767508,0.422624,0.616330,0.771001,0.519493,0.545404,0.769917,0.440003,0.573525,0.773498,0.533500,0.446267,0.839239,0.527980,0.243872,0.754269,1.141314,0.665217,0.712507,1.217958,-0.318654,0.720344,0.471554,-0.322024,0.722112,1.214702,0.664817,0.709195,0.474453,-0.002439,0.643660,0.489444,-0.003128,0.798916,0.489150,0.162460,0.641097,0.489431,0.141891,0.789339,0.461280
66,0.660000,-0.000864,0.034128,-0.001956,-0.999415,0.074665,0.718694,0.482575,0.000797,-0.002468,0.644337,0.489771,0.946774,-0.002822,0.799985,0.489646,0.886166,0.162454,0.641231,0.489099,0.930675,0.141496,0.789221,0.461783,0.822170,0.026874,0.817221,-0.039560,-0.574336,0.552703,0.784226,0.488726,0.000674,0.581218,0.767822,0.423242,0.748999,0.616281,0.771224,0.519556,0.941766,0.545173,0.770064,0.439929,0.927631,0.574371,0.772865,0.533566,0.735769,0.446474,0.839153,0.527339,0.833100,0.000701,0.002669,0.000164,-0.999996,0.186790,0.723497,0.904031,0.000971,0.242966,0.752725,1.141848,0.528478,0.665105,0.712827,1.218179,0.912480,-0.316627,0.720066,0.471462,0.514473,-0.321975,0.722493,1.214677,0.894169,0.664479,0.709375,0.473985,0.824774,0.581930,0.767506,0.422621,0.616332,0.771009,0.519492,0.545411,0.769929,0.440013,0.573522,0.773509,0.533489,0.446286,0.839222,0.527958,0.243871,0.754271,1.141334,0.665213,0.712512,1.217970,-0.318906,0.720073,0.471446,-0.322011,0.722125,1.214711,0.664815,0.709197,0.474453,-0.002476,0.643640,0.489446,-0.003266,0.800801,0.490188,0.162459,0.641098,0.489446,0.141892,0.789329,0.461282
67,0.670000,0.000260,0.035630,-0.003506,-0.999359,0.074705,0.718238,0.482310,0.000428,-0.002225,0.643666,0.489449,0.942316,-0.003048,0.799311,0.488957,0.888597,0.162707,0.641056,0.489280,0.929729,0.141385,0.788918,0.461554,0.823154,0.026993,0.817202,-0.039534,-0.574360,0.552703,0.784241,0.488743,0.000692,0.581211,0.767824,0.423259,0.745214,0.616280,0.771228,0.519570,0.944810,0.545168,0.770076,0.439947,0.918435,0.574370,0.772879,0.533583,0.736773,0.446488,0.839195,0.527355,0.831886,0.000700,0.002667,0.000169,-0.999996,0.186787,0.723488,0.904027,0.000969,0.242964,0.752714,1.141844,0.528341,0.665103,0.712813,1.218174,0.902877,-0.316631,0.720062,0.471460,0.430133,-0.321977,0.722488,1.214675,0.907450,0.664475,0.709362,0.473980,0.850294,0.581931,0.767504,0.422612,0.616322,0.771024,0.519497,0.545439,0.769930,0.440055,0.573523,0.773498,0.533493,0.446278,0.839283,0.527988,0.243883,0.754281,1.141333,0.665209,0.712503,1.217965,-0.318911,0.720076,0.471450,-0.322005,0.722120,1.214702,0.664806,0.709180,0.474444,-0.002440,0.643622,0.489378,-0.003113,0.798914,0.489149,0.162477,0.641093,0.489439,0.141894,0.789322,0.461275
68,0.680000,-0.000825,0.034112,-0.001958,-0.999416,0.074662,0.718693,0.482566,0.000800,-0.002470,0.644337,0.489771,0.808961,-0.002825,0.799985,0.489633,0.728808,0.162452,0.641231,0.489093,0.908261,0.141493,0.789219,0.461767,0.838878,0.026778,0.817253,-0.039644,-0.574290,0.552697,0.784216,0.488719,0.000671,0.581223,0.767818,0.423238,0.751345,0.616275,0.771231,0.519555,0.942814,0.545176,0.770051,0.439921,0.930754,0.574363,0.772862,0.533561,0.736401,0.446449,0.839116,0.527319,0.837416,0.000704,0.002672,0.000169,-0.999996,0.186787,0.723481,0.904025,0.000968,0.242963,0.752709,1.141843,0.530659,0.665101,0.712808,1.218177,0.903505,-0.316627,0.720051,0.471454,0.428904,-0.321979,0.722484,1.214669,0.906265,0.664479,0.709351,0.473983,0.850402,0.581930,0.767502,0.422614,0.616332,0.771017,0.519499,0.545407,0.769917,0.439994,0.573525,0.773498,0.533492,0.446260,0.839186,0.527937,0.243872,0.754267,1.141322,0.665206,0.712498,1.217973,-0.318911,0.720080,0.471449,-0.322011,0.722112,1.214703,0.664815,0.709167,0.474442,-0.002471,0.643644,0.489449,-0.003280,0.800808,0.490174,0.162455,0.641097,0.489435,0.141891,0.789321,0.461271
69,0.690000,-0.000804,0.034108,-0.002015,-0.999416,0.074663,0.718689,0.482561,0.000779,-0.002461,0.644325,0.489770,0.808961,-0.002833,0.799972,0.489625,0.728808,0.162461,0.641237,0.489091,0.908261,0.141485,0.789221,0.461758,0.838878,0.026867,0.817230,-0.039622,-0.574320,0.552696,0.784217,0.488720,0.000674,0.581214,0.767810,0.423238,0.751345,0.616274,0.771224,0.519552,0.942814,0.545168,0.770050,0.439923,0.930754,0.574362,0.772862,0.533561,0.736401,0.446460,0.839139,0.527324,0.837416,0.000720,0.002669,0.000166,-0.999996,0.186779,0.723475,0.904020,0.000971,0.242956,0.752712,1.141837,0.530659,0.665094,0.712815,1.218170,0.903505,-0.316637,0.720030,0.471452,0.428904,-0.321985,0.722486,1.214667,0.906265,0.664469,0.709335,0.473976,0.850402,0.581932,0.767500,0.422613,0.616322,0.771001,0.519494,0.545396,0.769908,0.440002,0.573517,0.773519,0.533488,0.446275,0.839205,0.527941,0.243872,0.754279,1.141317,0.665209,0.712506,1.217978,-0.318898,0.720044,0.471432,-0.322026,0.722118,1.214701,0.664813,0.709152,0.474426,-0.002452,0.643651,0.489455,-0.003280,0.800757,0.490140,0.162460,0.641102,0.489431,0.141879,0.789324,0.461271
70,0.700000,-0.000861,0.034181,-0.001953,-0.999413,0.074670,0.718694,0.482571,0.000792,-0.002464,0.644338,0.489760,0.813997,-0.002818,0.799986,0.489633,0.740255,0.162458,0.641231,0.489105,0.908723,0.141504,0.789221,0.461786,0.841322,0.026781,0.817237,-0.039696,-0.574309,0.552690,0.784214,0.488724,0.000674,0.581213,0.767812,0.423243,0.749671,0.616271,0.771236,0.519558,0.941157,0.545167,0.770045,0.439928,0.930036,0.574359,0.772865,0.533566,0.731668,0.446442,0.839113,0.527325,0.838072,0.000695,0.002666,0.000189,-0.999996,0.186783,0.723484,0.904022,0.000969,0.242963,0.752706,1.141840,0.527705,0.665100,0.712787,1.218168,0.904486,-0.316636,0.720083,0.471457,0.434714,-0.321979,0.722502,1.214672,0.907053,0.664470,0.709343,0.473974,0.851179,0.581931,0.767507,0.422619,0.616320,0.771022,0.519495,0.545406,0.769891,0.439997,0.573523,0.773499,0.533495,0.446243,0.839193,0.527954,0.243878,0.754282,1.141334,0.665207,0.712474,1.217962,-0.318899,0.720071,0.471437,-0.322012,0.722139,1.214703,0.664814,0.709166,0.474433,-0.002425,0.643658,0.489425,-0.003267,0.800797,0.490189,0.162427,0.641097,0.489459,0.141892,0.789319,0.461277
71,0.710000,-0.000882,0.034073,-0.001885,-0.999417,0.074668,0.718714,0.482579,0.000767,-0.002475,0.644368,0.489781,0.821070,-0.002807,0.800016,0.489662,0.739738,0.162447,0.641239,0.489090,0.906193,0.141506,0.789232,0.461783,0.842534,0.026787,0.817238,-0.039675,-0.574309,0.552694,0.784211,0.488723,0.000672,0.581217,0.767810,0.423242,0.749652,0.616274,0.771230,0.519557,0.944563,0.545171,0.770043,0.439927,0.928150,0.574362,0.772860,0.533565,0.739169,0.446447,0.839112,0.527325,0.836733,0.000703,0.002674,0.000169,-0.999996,0.186785,0.723480,0.904029,0.000973,0.242959,0.752708,1.141847,0.527802,0.665097,0.712807,1.218182,0.902911,-0.316628,0.720052,0.471456,0.432378,-0.321983,0.722483,1.214671,0.906442,0.664478,0.709351,0.473988,0.851003,0.581929,0.767496,0.422612,0.616320,0.771022,0.519497,0.545408,0.769905,0.440009,0.573530,0.773486,0.533492,0.446259,0.839184,0.527946,0.243875,0.754279,1.141335,0.665221,0.712497,1.217983,-0.318898,0.720074,0.471438,-0.322027,0.722113,1.214699,0.664812,0.709167,0.474446,-0.002459,0.643730,0.489457,-0.003270,0.800788,0.490185,0.162464,0.641092,0.489435,0.141889,0.789323,0.461291
72,0.720000,-0.000831,0.034058,-0.001955,-0.999418,0.074669,0.718698,0.482573,0.000789,-0.002463,0.644343,0.489785,0.815765,-0.002817,0.799991,0.489649,0.736445,0.162459,0.641236,0.489089,0.908055,0.141497,0.789224,0.461767,0.840275,0.026833,0.817250,-0.039683,-0.574289,0.552693,0.784214,0.488726,0.000675,0.581217,0.767806,0.423247,0.751194,0.616270,0.771231,0.519564,0.942433,0.545171,0.770043,0.439930,0.927771,0.574358,0.772864,0.533570,0.739916,0.446447,0.839124,0.527320,0.833576,0.000608,0.002680,0.000167,-0.999996,0.186732,0.723381,0.904030,0.001126,0.242903,0.752564,1.141855,0.338898,0.665040,0.712650,1.218187,0.923683,-0.316675,0.720032,0.471450,0.442076,-0.322039,0.722322,1.214665,0.948305,0.664431,0.709337,0.473993,0.848158,0.581927,0.767491,0.422625,0.616333,0.771017,0.519504,0.545412,0.769903,0.440007,0.573528,0.773487,0.533491,0.446238,0.839206,0.527946,0.244355,0.754473,1.140741,0.665222,0.712530,1.217973,-0.318906,0.720087,0.471445,-0.322030,0.722119,1.214702,0.664814,0.709181,0.474438,-0.002449,0.643677,0.489470,-0.003281,0.800781,0.490170,0.162460,0.641090,0.489427,0.141896,0.789329,0.461279
73,0.730000,-0.000775,0.034064,-0.001990,-0.999417,0.074665,0.718696,0.482574,0.000774,-0.002462,0.644336,0.489793,0.815765,-0.002826,0.799984,0.489640,0.736445,0.162460,0.641240,0.489100,0.908055,0.141489,0.789224,0.461761,0.840275,0.026904,0.817217,-0.039649,-0.574335,0.552708,0.784237,0.488742,0.000688,0.581223,0.767823,0.423260,0.751194,0.616287,0.771245,0.519573,0.942433,0.545179,0.770067,0.439947,0.927771,0.574376,0.772886,0.533584,0.739916,0.446476,0.839166,0.527345,0.833576,0.000710,0.002678,0.000160,-0.999996,0.186787,0.723501,0.904022,0.000976,0.242959,0.752733,1.141840,0.338898,0.665097,0.712840,1.218179,0.923683,-0.316621,0.720057,0.471445,0.442076,-0.321982,0.722499,1.214659,0.948305,0.664485,0.709375,0.473985,0.848158,0.581935,0.767503,0.422612,0.616331,0.771052,0.519502,0.545440,0.769932,0.440070,0.573520,0.773495,0.533494,0.446290,0.839242,0.527963,0.243869,0.754272,1.141320,0.665208,0.712525,1.217967,-0.318916,0.720057,0.471437,-0.322026,0.722134,1.214695,0.664816,0.709199,0.474454,-0.002439,0.643672,0.489485,-0.003274,0.800754,0.490141,0.162449,0.641101,0.489435,0.141884,0.789329,0.461281
74,0.740000,-0.000934,0.033905,-0.002050,-0.999422,0.074675,0.718709,0.482560,0.000768,-0.002440,0.644337,0.489781,0.816689,-0.002824,0.799985,0.489676,0.744581,0.162482,0.641263,0.489035,0.909333,0.141484,0.789252,0.461748,0.842431,0.026827,0.817243,-0.039700,-0.574298,0.552696,0.784216,0.488725,0.000670,0.581219,0.767808,0.423245,0.746523,0.616275,0.771236,0.519561,0.947388,0.545173,0.770045,0.439929,0.920464,0.574362,0.772869,0.533568,0.736303,0.446450,0.839124,0.527319,0.837495,0.000694,0.002673,0.000172,-0.999996,0.186783,0.723493,0.904022,0.000970,0.242958,0.752716,1.141841,0.534460,0.665096,0.712811,1.218175,0.901043,-0.316629,0.720075,0.471449,0.426258,-0.321984,0.722492,1.214664,0.907801,0.664476,0.709370,0.473981,0.849977,0.581933,0.767502,0.422620,0.616326,0.771027,0.519508,0.545402,0.769897,0.439999,0.573525,0.773498,0.533497,0.446265,0.839197,0.527941,0.243870,0.754288,1.141318,0.665213,0.712501,1.217966,-0.318909,0.720088,0.471448,-0.322024,0.722125,1.214694,0.664814,0.709187,0.474445,-0.002443,0.643646,0.489470,-0.003272,0.800794,0.490192,0.162484,0.641170,0.489359,0.141884,0.789313,0.461274
75,0.750000,-0.000762,0.034155,-0.001939,-0.999414,0.074663,0.718700,0.482585,0.000783,-0.002473,0.644349,0.489792,0.813255,-0.002821,0.799997,0.489635,0.732166,0.162449,0.641236,0.489130,0.905966,0.141498,0.789221,0.461783,0.839076,0.026762,0.817291,-0.039540,-0.574244,0.552706,0.784227,0.488737,0.000688,0.581238,0.767839,0.423257,0.749383,0.616279,0.771232,0.519579,0.938313,0.545189,0.770072,0.439936,0.919528,0.574365,0.772863,0.533580,0.734236,0.446458,0.839130,0.527335,0.834054,0.000705,0.002674,0.000150,-0.999996,0.186787,0.723488,0.904025,0.000970,0.242960,0.752719,1.141844,0.528427,0.665099,0.712835,1.218180,0.903019,-0.316625,0.720039,0.471452,0.430667,-0.321981,0.722472,1.214666,0.907195,0.664482,0.709376,0.473986,0.851657,0.581938,0.767509,0.422619,0.616325,0.771004,0.519495,0.545467,0.769948,0.440042,0.573525,0.773511,0.533511,0.446243,0.839206,0.527958,0.243878,0.754287,1.141336,0.665215,0.712524,1.217978,-0.318902,0.720053,0.471440,-0.322017,0.722104,1.214691,0.664811,0.709194,0.474444,-0.002441,0.643681,0.489459,-0.003276,0.800797,0.490184,0.162431,0.641103,0.489481,0.141887,0.789312,0.461278
76,0.760000,-0.000859,0.034043,-0.001940,-0.999418,0.074669,0.718693,0.482574,0.000789,-0.002465,0.644339,0.489784,0.814180,-0.002815,0.799987,0.489657,0.735733,0.162457,0.641228,0.489084,0.907654,0.141499,0.789218,0.461770,0.840694,0.026924,0.817191,-0.039635,-0.574371,0.552699,0.784229,0.488725,0.000672,0.581208,0.767813,0.423242,0.748382,0.616280,0.771233,0.519551,0.944400,0.545165,0.770058,0.439931,0.930344,0.574371,0.772876,0.533566,0.731232,0.446473,0.839163,0.527338,0.835989,0.000618,0.002685,0.000155,-0.999996,0.186736,0.723373,0.904025,0.001123,0.242904,0.752562,1.141849,0.343389,0.665041,0.712660,1.218188,0.923913,-0.316666,0.720003,0.471439,0.439650,-0.322039,0.722307,1.214654,0.946187,0.664440,0.709331,0.473993,0.847011,0.581937,0.767508,0.422619,0.616324,0.771021,0.519500,0.545388,0.769901,0.439988,0.573519,0.773528,0.533495,0.446294,0.839233,0.527965,0.244345,0.754460,1.140745,0.665212,0.712537,1.217968,-0.318906,0.720070,0.471442,-0.322027,0.722096,1.214695,0.664823,0.709170,0.474443,-0.002452,0.643667,0.489467,-0.003271,0.800784,0.490181,0.162457,0.641083,0.489424,0.141892,0.789323,0.461280
77,0.770000,-0.000882,0.034058,-0.001953,-0.999418,0.074668,0.718689,0.482571,0.000796,-0.002464,0.644333,0.489775,0.809879,-0.002818,0.799981,0.489656,0.732980,0.162458,0.641226,0.489080,0.906842,0.141497,0.789217,0.461772,0.839428,0.026586,0.817260,-0.039045,-0.574329,0.552655,0.784332,0.488837,0.000728,0.581171,0.768002,0.423335,0.711666,0.616229,0.771287,0.519654,0.918505,0.545126,0.770229,0.440022,0.866938,0.574318,0.772916,0.533665,0.748429,0.446429,0.839226,0.527507,0.881533,0.000714,0.002668,0.000153,-0.999996,0.186786,0.723486,0.904020,0.000972,0.242962,0.752721,1.141837,0.531984,0.665102,0.712835,1.218168,0.901664,-0.316631,0.720032,0.471452,0.433659,-0.321978,0.722479,1.214667,0.905826,0.664475,0.709363,0.473974,0.848049,0.581928,0.767519,0.422611,0.616319,0.771017,0.519495,0.545292,0.770377,0.440505,0.573529,0.773521,0.533508,0.446247,0.839205,0.527944,0.243878,0.754274,1.141332,0.665218,0.712525,1.217956,-0.318896,0.720061,0.471438,-0.322019,0.722106,1.214694,0.664813,0.709178,0.474444,-0.002468,0.643644,0.489454,-0.003264,0.800791,0.490189,0.162466,0.641083,0.489424,0.141889,0.789329,0.461276
78,0.780000,-0.000737,0.034010,-0.002013,-0.999419,0.074671,0.718692,0.482586,0.000779,-0.002452,0.644330,0.489820,0.809879,-0.002823,0.799978,0.489655,0.732980,0.162470,0.641241,0.489109,0.906842,0.141490,0.789221,0.461761,0.839428,0.026756,0.817276,-0.039581,-0.574263,0.552689,0.784231,0.488720,0.000677,0.581218,0.767840,0.423239,0.711666,0.616264,0.771241,0.519559,0.918505,0.545170,0.770073,0.439920,0.866938,0.574351,0.772870,0.533562,0.748429,0.446440,0.839130,0.527319,0.881533,0.000726,0.002674,0.000123,-0.999996,0.186794,0.723502,0.904023,0.000978,0.242965,0.752746,1.141840,0.531984,0.665107,0.712887,1.218178,0.901664,-0.316618,0.720007,0.471450,0.433659,-0.321974,0.722472,1.214665,0.905826,0.664489,0.709397,0.473984,0.848049,0.581934,0.767528,0.422615,0.616320,0.771014,0.519497,0.545408,0.769932,0.440004,0.573519,0.773516,0.533479,0.446233,0.839206,0.527942,0.243873,0.754297,1.141328,0.665226,0.712576,1.217958,-0.318904,0.720053,0.471434,-0.322021,0.722095,1.214698,0.664823,0.709208,0.474459,-0.002448,0.643641,0.489516,-0.003259,0.800756,0.490151,0.162461,0.641111,0.489441,0.141890,0.789333,0.461283
79,0.790000,-0.000785,0.033997,-0.001964,-0.999420,0.074675,0.718705,0.482583,0.000787,-0.002455,0.644349,0.489811,0.811810,-0.002811,0.799996,0.489661,0.744781,0.162467,0.641244,0.489096,0.910903,0.141500,0.789229,0.461762,0.841701,0.026752,0.817269,-0.039629,-0.574270,0.552698,0.784229,0.488738,0.000687,0.581227,0.767836,0.423258,0.750123,0.616275,0.771245,0.519577,0.939704,0.545179,0.770067,0.439939,0.927720,0.574361,0.772874,0.533581,0.735928,0.446446,0.839125,0.527336,0.834826,0.000721,0.002671,0.000159,-0.999996,0.186788,0.723490,0.904019,0.000974,0.242963,0.752727,1.141836,0.532912,0.665102,0.712837,1.218170,0.900387,-0.316627,0.720036,0.471449,0.428405,-0.321978,0.722493,1.214663,0.904569,0.664480,0.709355,0.473977,0.847394,0.581930,0.767513,0.422615,0.616325,0.771024,0.519503,0.545442,0.769940,0.440058,0.573520,0.773510,0.533499,0.446240,0.839199,0.527953,0.243873,0.754275,1.141318,0.665214,0.712526,1.217957,-0.318899,0.720058,0.471433,-0.322021,0.722122,1.214699,0.664822,0.709173,0.474447,-0.002443,0.643673,0.489495,-0.003264,0.800798,0.490183,0.162469,0.641103,0.489435,0.141890,0.789331,0.461274
80,0.800000,-0.000850,0.034087,-0.001957,-0.999417,0.074673,0.718693,0.482571,0.000793,-0.002460,0.644337,0.489776,0.812050,-0.002814,0.799985,0.489646,0.732400,0.162462,0.641231,0.489090,0.907563,0.141502,0.789220,0.461772,0.840800,0.026764,0.817273,-0.039581,-0.574266,0.552695,0.784220,0.488723,0.000671,0.581224,0.767829,0.423242,0.747660,0.616271,0.771229,0.519562,0.943885,0.545176,0.770061,0.439923,0.931995,0.574357,0.772860,0.533566,0.737817,0.446448,0.839121,0.527323,0.837668,0.000698,0.002673,0.000160,-0.999996,0.186788,0.723502,0.904020,0.000978,0.242962,0.752728,1.141838,0.532674,0.665101,0.712833,1.218173,0.901167,-0.316625,0.720069,0.471447,0.429610,-0.321979,0.722492,1.214662,0.908317,0.664481,0.709386,0.473979,0.848793,0.581940,0.767498,0.422612,0.616320,0.771019,0.519502,0.545408,0.769941,0.439999,0.573524,0.773493,0.533501,0.446261,0.839187,0.527941,0.243874,0.754272,1.141311,0.665214,0.712519,1.217961,-0.318906,0.720061,0.471431,-0.322024,0.722130,1.214700,0.664819,0.709212,0.474450,-0.002455,0.643656,0.489457,-0.003269,0.800796,0.490177,0.162470,0.641087,0.489431,0.141893,0.789325,0.461280
81,0.810000,-0.000798,0.034067,-0.001965,-0.999417,0.074674,0.718701,0.482574,0.000792,-0.002457,0.644345,0.489790,0.812879,-0.002813,0.799993,0.489644,0.732008,0.162465,0.641241,0.489098,0.909003,0.141502,0.789227,0.461765,0.841822,0.026800,0.817262,-0.039676,-0.574274,0.552699,0.784215,0.488721,0.000670,0.581227,0.767812,0.423242,0.751594,0.616276,0.771233,0.519560,0.944090,0.545180,0.770046,0.439924,0.927801,0.574363,0.772864,0.533565,0.736569,0.446450,0.839118,0.527313,0.835967,0.000610,0.002677,0.000180,-0.999996,0.186728,0.723380,0.904024,0.001118,0.242902,0.752563,1.141848,0.339481,0.665038,0.712638,1.218179,0.924627,-0.316681,0.720043,0.471447,0.443384,-0.322041,0.722336,1.214662,0.949409,0.664424,0.709321,0.473984,0.848485,0.581936,0.767509,0.422615,0.616324,0.771022,0.519504,0.545416,0.769893,0.439987,0.573525,0.773500,0.533502,0.446263,0.839192,0.527937,0.244346,0.754475,1.140735,0.665213,0.712514,1.217967,-0.318908,0.720074,0.471438,-0.322017,0.722138,1.214694,0.664801,0.709171,0.474435,-0.002438,0.643667,0.489474,-0.003273,0.800805,0.490171,0.162462,0.641101,0.489434,0.141894,0.789324,0.461278
82,0.820000,0.000285,0.035393,-0.003561,-0.999367,0.074703,0.718262,0.482306,0.000434,-0.002215,0.643682,0.489485,0.812879,-0.003056,0.799327,0.488985,0.732008,0.162717,0.641090,0.489238,0.909003,0.141366,0.788948,0.461514,0.841822,0.026764,0.817240,-0.039657,-0.574308,0.552693,0.784220,0.488724,0.000678,0.581216,0.767822,0.423242,0.751594,0.616273,0.771238,0.519558,0.944090,0.545170,0.770054,0.439927,0.927801,0.574361,0.772866,0.533566,0.736569,0.446445,0.839117,0.527329,0.835967,0.000732,0.002673,0.000132,-0.999996,0.186793,0.723511,0.904020,0.000977,0.242966,0.752757,1.141837,0.339481,0.665106,0.712891,1.218173,0.924627,-0.316621,0.720021,0.471449,0.443384,-0.321974,0.722494,1.214663,0.949409,0.664486,0.709393,0.473979,0.848485,0.581934,0.767519,0.422615,0.616327,0.771018,0.519501,0.545409,0.769899,0.440002,0.573520,0.773510,0.533486,0.446243,0.839196,0.527957,0.243867,0.754279,1.141327,0.665225,0.712577,1.217960,-0.318901,0.720053,0.471426,-0.322022,0.722119,1.214696,0.664816,0.709211,0.474457,-0.002471,0.643632,0.489445,-0.003115,0.798914,0.489146,0.162501,0.641167,0.489362,0.141898,0.789334,0.461270
83,0.830000,0.000318,0.035412,-0.003593,-0.999366,0.074702,0.718263,0.482310,0.000427,-0.002212,0.643679,0.489492,0.933918,-0.003062,0.799324,0.488981,0.888219,0.162721,0.641098,0.489252,0.935083,0.141362,0.788952,0.461516,0.824759,0.026921,0.817221,-0.039618,-0.574331,0.552698,0.784230,0.488725,0.000680,0.581213,0.767816,0.423243,0.749854,0.616275,0.771232,0.519557,0.941593,0.545168,0.770061,0.439930,0.926202,0.574365,0.772875,0.533567,0.734538,0.446468,0.839163,0.527328,0.833909,0.000731,0.002675,0.000150,-0.999996,0.186791,0.723503,0.904018,0.000973,0.242964,0.752746,1.141835,0.539616,0.665103,0.712865,1.218173,0.900383,-0.316620,0.720032,0.471443,0.429848,-0.321977,0.722503,1.214658,0.905121,0.664486,0.709368,0.473979,0.847872,0.581928,0.767499,0.422608,0.616315,0.771017,0.519497,0.545420,0.769916,0.440013,0.573520,0.773521,0.533486,0.446274,0.839238,0.527956,0.243873,0.754283,1.141323,0.665217,0.712553,1.217960,-0.318908,0.720070,0.471448,-0.322027,0.722129,1.214689,0.664822,0.709183,0.474445,-0.002450,0.643637,0.489453,-0.003124,0.798906,0.489140,0.162490,0.641181,0.489371,0.141894,0.789328,0.461277
84,0.840000,-0.000864,0.034171,-0.002028,-0.999414,0.074675,0.718693,0.482557,0.000795,-0.002448,0.644325,0.489747,0.811397,-0.002825,0.799973,0.489621,0.728041,0.162475,0.641243,0.489089,0.907025,0.141498,0.789229,0.461771,0.840464,0.026872,0.817224,-0.039646,-0.574327,0.552704,0.784229,0.488727,0.000674,0.581222,0.767819,0.423246,0.748834,0.616283,0.771239,0.519559,0.947025,0.545177,0.770060,0.439932,0.928207,0.574372,0.772877,0.533569,0.735275,0.446469,0.839150,0.527330,0.836375,0.000763,0.002684,0.000126,-0.999996,0.186795,0.723507,0.904016,0.000973,0.242963,0.752768,1.141832,0.542196,0.665102,0.712912,1.218180,0.903038,-0.316608,0.719983,0.471434,0.425395,-0.321978,0.722503,1.214648,0.902587,0.664498,0.709367,0.473987,0.851776,0.581935,0.767501,0.422614,0.616329,0.771039,0.519504,0.545416,0.769919,0.440003,0.573522,0.773504,0.533497,0.446288,0.839222,0.527956,0.243871,0.754276,1.141327,0.665218,0.712601,1.217979,-0.318906,0.720061,0.471438,-0.322031,0.722118,1.214676,0.664822,0.709176,0.474446,-0.002421,0.643646,0.489420,-0.003283,0.800795,0.490168,0.162463,0.641104,0.489434,0.141885,0.789324,0.461273
85,0.850000,-0.000861,0.034141,-0.001981,-0.999415,0.074676,0.718693,0.482563,0.000792,-0.002454,0.644334,0.489758,0.812956,-0.002816,0.799981,0.489632,0.728415,0.162468,0.641235,0.489090,0.905364,0.141504,0.789224,0.461773,0.841775,0.026797,0.817265,-0.039549,-0.574278,0.552686,0.784226,0.488725,0.000682,0.581212,0.767832,0.423243,0.748484,0.616262,0.771229,0.519562,0.939286,0.545165,0.770068,0.439925,0.925927,0.574349,0.772863,0.533567,0.739033,0.446445,0.839136,0.527329,0.831768,0.000648,0.002685,0.000154,-0.999996,0.186749,0.723409,0.904020,0.001120,0.242917,0.752612,1.141843,0.351592,0.665054,0.712715,1.218183,0.924836,-0.316654,0.720013,0.471436,0.438044,-0.322026,0.722362,1.214651,0.944733,0.664452,0.709342,0.473989,0.847912,0.581933,0.767522,0.422614,0.616321,0.771002,0.519497,0.545409,0.769920,0.440006,0.573524,0.773498,0.533491,0.446223,0.839222,0.527958,0.244351,0.754470,1.140738,0.665222,0.712586,1.217969,-0.318901,0.720081,0.471447,-0.322018,0.722145,1.214691,0.664822,0.709179,0.474443,-0.002417,0.643663,0.489428,-0.003271,0.800801,0.490180,0.162457,0.641088,0.489439,0.141880,0.789320,0.461273
86,0.860000,-0.000845,0.034109,-0.001971,-0.999416,0.074675,0.718696,0.482564,0.000779,-0.002456,0.644338,0.489766,0.812956,-0.002815,0.799986,0.489635,0.728415,0.162466,0.641236,0.489087,0.905364,0.141503,0.789224,0.461767,0.841775,0.026835,0.817247,-0.039632,-0.574296,0.552692,0.784219,0.488722,0.000674,0.581215,0.767815,0.423242,0.748484,0.616269,0.771229,0.519558,0.939286,0.545168,0.770053,0.439925,0.925927,0.574357,0.772864,0.533565,0.739033,0.446450,0.839133,0.527321,0.831768,0.000650,0.002621,0.000204,-0.999996,0.186750,0.723559,0.904044,0.000897,0.242951,0.752758,1.141860,0.351592,0.665094,0.712819,1.218146,0.924836,-0.316709,0.720212,0.471524,0.438044,-0.321985,0.722564,1.214740,0.944733,0.664397,0.709443,0.473952,0.847912,0.581928,0.767508,0.422621,0.616320,0.771013,0.519501,0.545410,0.769903,0.440003,0.573520,0.773502,0.533479,0.446249,0.839212,0.527950,0.243880,0.754287,1.141325,0.665226,0.712554,1.217973,-0.318637,0.720353,0.471553,-0.322011,0.722139,1.214695,0.664812,0.709207,0.474451,-0.002420,0.643682,0.489435,-0.003271,0.800784,0.490176,0.162457,0.641093,0.489437,0.141880,0.789314,0.461267
87,0.870000,-0.000820,0.034024,-0.001912,-0.999419,0.074672,0.718699,0.482576,0.000783,-0.002466,0.644351,0.489795,0.816009,-0.002807,0.799998,0.489657,0.733128,0.162455,0.641229,0.489088,0.905603,0.141505,0.789219,0.461765,0.841824,0.026876,0.817196,-0.039641,-0.574366,0.552697,0.784231,0.488731,0.000687,0.581208,0.767821,0.423247,0.751470,0.616278,0.771239,0.519557,0.942543,0.545164,0.770062,0.439937,0.926217,0.574369,0.772878,0.533571,0.736068,0.446465,0.839154,0.527345,0.833914,0.000742,0.002670,0.000142,-0.999996,0.186794,0.723497,0.904025,0.000975,0.242969,0.752746,1.141841,0.533218,0.665109,0.712873,1.218176,0.914213,-0.316621,0.720008,0.471456,0.516536,-0.321971,0.722496,1.214671,0.892862,0.664485,0.709360,0.473982,0.827274,0.581936,0.767501,0.422614,0.616322,0.771024,0.519500,0.545414,0.769909,0.439998,0.573498,0.773544,0.533498,0.446272,0.839229,0.527981,0.243880,0.754283,1.141321,0.665228,0.712565,1.217974,-0.318896,0.720067,0.471441,-0.322019,0.722116,1.214704,0.664819,0.709170,0.474447,-0.002454,0.643690,0.489476,-0.003268,0.800797,0.490182,0.162468,0.641084,0.489428,0.141891,0.789314,0.461276
88,0.880000,-0.000943,0.034174,-0.001977,-0.999413,0.074672,0.718687,0.482552,0.000810,-0.002458,0.644326,0.489729,0.807249,-0.002820,0.799974,0.489628,0.724972,0.162464,0.641227,0.489072,0.904764,0.141501,0.789220,0.461777,0.836842,0.026773,0.817279,-0.039638,-0.574253,0.552701,0.784230,0.488741,0.000684,0.581233,0.767833,0.423263,0.750244,0.616277,0.771246,0.519583,0.941533,0.545185,0.770066,0.439943,0.921262,0.574363,0.772875,0.533586,0.729611,0.446450,0.839130,0.527333,0.840307,0.000656,0.002684,0.000154,-0.999996,0.186750,0.723411,0.904016,0.001123,0.242919,0.752618,1.141838,0.355496,0.665056,0.712723,1.218179,0.925066,-0.316654,0.720008,0.471432,0.436348,-0.322024,0.722369,1.214647,0.944677,0.664453,0.709337,0.473984,0.849562,0.581932,0.767514,0.422624,0.616318,0.771029,0.519504,0.545446,0.769939,0.440064,0.573501,0.773524,0.533511,0.446268,0.839193,0.527942,0.244354,0.754462,1.140748,0.665224,0.712589,1.217970,-0.318907,0.720065,0.471447,-0.322024,0.722151,1.214688,0.664817,0.709176,0.474435,-0.002451,0.643630,0.489397,-0.003273,0.800806,0.490188,0.162460,0.641082,0.489424,0.141893,0.789334,0.461268
89,0.890000,-0.000859,0.034056,-0.001924,-0.999418,0.074661,0.718695,0.482573,0.000789,-0.002475,0.644343,0.489781,0.810254,-0.002820,0.799991,0.489654,0.733509,0.162446,0.641226,0.489085,0.906978,0.141494,0.789217,0.461771,0.839599,0.026770,0.817271,-0.039626,-0.574266,0.552697,0.784218,0.488723,0.000668,0.581226,0.767823,0.423243,0.752021,0.616273,0.771232,0.519563,0.944868,0.545178,0.770055,0.439925,0.928390,0.574360,0.772862,0.533567,0.738871,0.446447,0.839118,0.527319,0.837012,0.000711,0.002673,0.000161,-0.999996,0.186786,0.723490,0.904020,0.000972,0.242961,0.752723,1.141838,0.530787,0.665099,0.712829,1.218173,0.901419,-0.316627,0.720046,0.471448,0.431476,-0.321981,0.722489,1.214663,0.906285,0.664479,0.709361,0.473979,0.848951,0.581938,0.767523,0.422621,0.616321,0.771026,0.519502,0.545410,0.769904,0.439999,0.573524,0.773486,0.533498,0.446263,0.839192,0.527940,0.243874,0.754282,1.141333,0.665215,0.712518,1.217961,-0.318901,0.720069,0.471436,-0.322022,0.722118,1.214690,0.664814,0.709177,0.474447,-0.002478,0.643657,0.489456,-0.003264,0.800798,0.490191,0.162453,0.641090,0.489431,0.141884,0.789322,0.461273
90,0.900000,-0.000857,0.034076,-0.001970,-0.999417,0.074663,0.718691,0.482565,0.000807,-0.002467,0.644333,0.489771,0.810254,-0.002826,0.799981,0.489643,0.733509,0.162455,0.641231,0.489081,0.906978,0.141490,0.789220,0.461765,0.839599,0.026892,0.817254,-0.039520,-0.574291,0.552707,0.784234,0.488738,0.000686,0.581228,0.767831,0.423257,0.752021,0.616281,0.771227,0.519575,0.944868,0.545182,0.770075,0.439940,0.928390,0.574368,0.772869,0.533580,0.738871,0.446477,0.839167,0.527341,0.837012,0.000660,0.002727,0.000122,-0.999996,0.186815,0.723368,0.904018,0.001198,0.242962,0.752581,1.141845,0.530787,0.665095,0.712713,1.218222,0.901419,-0.316551,0.719929,0.471391,0.431476,-0.321985,0.722295,1.214605,0.906285,0.664556,0.709322,0.474027,0.848951,0.581934,0.767524,0.422620,0.616318,0.771000,0.519486,0.545451,0.769932,0.440061,0.573524,0.773518,0.533505,0.446274,0.839242,0.527958,0.244360,0.754470,1.140735,0.665231,0.712560,1.217974,-0.319141,0.719736,0.471404,-0.322030,0.722135,1.214703,0.664813,0.709213,0.474452,-0.002454,0.643642,0.489454,-0.003281,0.800801,0.490174,0.162450,0.641081,0.489421,0.141885,0.789337,0.461273
91,0.910000,-0.000799,0.034055,-0.001933,-0.999418,0.074671,0.718692,0.482573,0.000796,-0.002464,0.644341,0.489790,0.809838,-0.002811,0.799989,0.489645,0.730352,0.162457,0.641226,0.489094,0.907116,0.141503,0.789213,0.461763,0.839538,0.026739,0.817280,-0.039665,-0.574252,0.552707,0.784221,0.488732,0.000679,0.581239,0.767826,0.423254,0.750330,0.616283,0.771242,0.519574,0.938476,0.545191,0.770056,0.439934,0.918060,0.574369,0.772868,0.533577,0.733082,0.446450,0.839111,0.527324,0.836451,0.000745,0.002674,0.000134,-0.999996,0.186796,0.723497,0.904020,0.000972,0.242968,0.752749,1.141836,0.350180,0.665109,0.712883,1.218174,0.919651,-0.316617,0.719997,0.471447,0.350666,-0.321972,0.722491,1.214661,0.951720,0.664490,0.709365,0.473981,0.872922,0.581936,0.767518,0.422614,0.616322,0.771025,0.519505,0.545449,0.769919,0.440048,0.573530,0.773505,0.533497,0.446262,0.839180,0.527938,0.243868,0.754276,1.141317,0.665230,0.712573,1.217966,-0.318901,0.720065,0.471440,-0.322020,0.722107,1.214692,0.664819,0.709174,0.474452,-0.002449,0.643674,0.489476,-0.003277,0.800786,0.490168,0.162462,0.641069,0.489433,0.141898,0.789327,0.461273
92,0.920000,0.000340,0.035415,-0.003610,-0.999366,0.074702,0.718250,0.482304,0.000429,-0.002210,0.643664,0.489489,0.939454,-0.003065,0.799309,0.488971,0.884076,0.162723,0.641088,0.489250,0.933654,0.141359,0.788940,0.461508,0.828724,0.026859,0.817224,-0.039596,-0.574331,0.552708,0.784235,0.488732,0.000675,0.581224,0.767831,0.423249,0.750403,0.616286,0.771239,0.519562,0.944892,0.545179,0.770071,0.439935,0.926083,0.574375,0.772878,0.533573,0.732407,0.446474,0.839157,0.527341,0.836393,0.000722,0.002677,0.000149,-0.999996,0.186798,0.723508,0.904023,0.000974,0.242970,0.752747,1.141840,0.536708,0.665108,0.712865,1.218179,0.901353,-0.316612,0.720043,0.471447,0.426215,-0.321972,0.722502,1.214661,0.905477,0.664494,0.709382,0.473985,0.849894,0.581936,0.767521,0.422621,0.616327,0.771031,0.519503,0.545423,0.769923,0.440012,0.573522,0.773520,0.533497,0.446292,0.839227,0.527966,0.243873,0.754283,1.141332,0.665216,0.712551,1.217966,-0.318907,0.720073,0.471439,-0.322015,0.722128,1.214697,0.664828,0.709199,0.474450,-0.002448,0.643643,0.489455,-0.003127,0.798876,0.489124,0.162497,0.641170,0.489364,0.141886,0.789312,0.461276
93,0.930000,-0.000867,0.033910,-0.002057,-0.999422,0.074676,0.718715,0.482560,0.000751,-0.002438,0.644343,0.489790,0.818739,-0.002824,0.799991,0.489665,0.749800,0.162484,0.641270,0.489046,0.915539,0.141484,0.789255,0.461739,0.843910,0.026867,0.817218,-0.039631,-0.574336,0.552702,0.784225,0.488722,0.000667,0.581218,0.767817,0.423239,0.752342,0.616282,0.771233,0.519552,0.946926,0.545174,0.770058,0.439926,0.926684,0.574371,0.772871,0.533563,0.738187,0.446468,0.839147,0.527329,0.836350,0.000740,0.002674,0.000139,-0.999996,0.186797,0.723507,0.904021,0.000975,0.242970,0.752756,1.141837,0.541220,0.665110,0.712885,1.218176,0.901795,-0.316614,0.720017,0.471448,0.427522,-0.321970,0.722502,1.214662,0.904838,0.664492,0.709375,0.473982,0.849570,0.581929,0.767516,0.422618,0.616323,0.771033,0.519493,0.545412,0.769905,0.440003,0.573531,0.773492,0.533483,0.446288,0.839222,0.527954,0.243873,0.754272,1.141335,0.665214,0.712571,1.217966,-0.318904,0.720056,0.471426,-0.322012,0.722126,1.214698,0.664822,0.709192,0.474451,-0.002447,0.643683,0.489489,-0.003273,0.800742,0.490150,0.162495,0.641169,0.489368,0.141893,0.789327,0.461273
94,0.940000,-0.000826,0.034071,-0.001968,-0.999417,0.074672,0.718690,0.482572,0.000791,-0.002459,0.644333,0.489784,0.818739,-0.002817,0.799981,0.489646,0.749800,0.162463,0.641230,0.489092,0.915539,0.141499,0.789217,0.461768,0.843910,0.026758,0.817252,-0.039807,-0.574282,0.552700,0.784223,0.488726,0.000672,0.581229,0.767815,0.423249,0.752342,0.616281,0.771260,0.519565,0.946926,0.545182,0.770045,0.439932,0.926684,0.574368,0.772884,0.533571,0.738187,0.446440,0.839110,0.527313,0.836350,0.000704,0.002672,0.000165,-0.999996,0.186784,0.723484,0.904016,0.000975,0.242959,0.752713,1.141834,0.541220,0.665098,0.712816,1.218168,0.901795,-0.316630,0.720051,0.471445,0.427522,-0.321982,0.722484,1.214660,0.904838,0.664476,0.709359,0.473974,0.849570,0.581933,0.767510,0.422618,0.616329,0.771053,0.519512,0.545422,0.769896,0.440007,0.573526,0.773514,0.533498,0.446257,0.839182,0.527935,0.243865,0.754281,1.141329,0.665216,0.712504,1.217949,-0.318925,0.720081,0.471440,-0.322027,0.722110,1.214690,0.664809,0.709173,0.474442,-0.002452,0.643649,0.489466,-0.003271,0.800792,0.490175,0.162465,0.641095,0.489430,0.141893,0.789317,0.461278
95,0.950000,0.000385,0.035511,-0.003460,-0.999363,0.074704,0.718256,0.482329,0.000437,-0.002231,0.643694,0.489505,0.811513,-0.003039,0.799339,0.488974,0.732591,0.162700,0.641068,0.489298,0.908944,0.141387,0.788924,0.461540,0.840955,0.026878,0.817221,-0.039600,-0.574333,0.552698,0.784230,0.488733,0.000679,0.581214,0.767823,0.423250,0.751574,0.616276,0.771233,0.519563,0.945287,0.545169,0.770065,0.439936,0.926805,0.574366,0.772873,0.533574,0.736606,0.446466,0.839155,0.527341,0.836771,0.000606,0.002687,0.000155,-0.999996,0.186736,0.723390,0.904031,0.001129,0.242904,0.752573,1.141856,0.530090,0.665041,0.712669,1.218195,0.900228,-0.316665,0.720031,0.471444,0.426218,-0.322039,0.722317,1.214659,0.905654,0.664442,0.709359,0.474000,0.849244,0.581932,0.767512,0.422625,0.616324,0.771019,0.519492,0.545423,0.769911,0.440006,0.573528,0.773506,0.533504,0.446256,0.839241,0.527976,0.244349,0.754478,1.140745,0.665215,0.712546,1.217970,-0.318908,0.720076,0.471438,-0.322029,0.722115,1.214702,0.664825,0.709205,0.474454,-0.002417,0.643697,0.489446,-0.003120,0.798914,0.489151,0.162461,0.641099,0.489441,0.141893,0.789315,0.461279
96,0.960000,0.000423,0.035471,-0.003477,-0.999365,0.074689,0.718230,0.482332,0.000424,-0.002243,0.643665,0.489520,0.939832,-0.003056,0.799311,0.488977,0.890620,0.162688,0.641044,0.489300,0.932708,0.141368,0.788898,0.461532,0.824147,0.026782,0.817243,-0.039682,-0.574302,0.552694,0.784228,0.488726,0.000677,0.581218,0.767827,0.423245,0.748856,0.616274,0.771248,0.519561,0.941350,0.545172,0.770060,0.439929,0.927043,0.574362,0.772878,0.533568,0.734274,0.446446,0.839127,0.527326,0.834510,0.000623,0.002674,0.000158,-0.999996,0.186729,0.723409,0.904027,0.001121,0.242903,0.752600,1.141850,0.345399,0.665041,0.712695,1.218180,0.924817,-0.316683,0.720038,0.471453,0.448851,-0.322039,0.722350,1.214668,0.947405,0.664424,0.709359,0.473985,0.846434,0.581937,0.767509,0.422619,0.616320,0.771027,0.519495,0.545416,0.769919,0.440005,0.573523,0.773526,0.533496,0.446246,0.839202,0.527953,0.244348,0.754482,1.140743,0.665219,0.712570,1.217972,-0.318887,0.720079,0.471433,-0.322027,0.722144,1.214706,0.664806,0.709203,0.474440,-0.002472,0.643613,0.489466,-0.003122,0.798914,0.489151,0.162463,0.641095,0.489439,0.141887,0.789296,0.461273
97,0.970000,-0.000936,0.034219,-0.001991,-0.999412,0.074669,0.718677,0.482553,0.000800,-0.002460,0.644314,0.489725,0.808752,-0.002825,0.799961,0.489621,0.728841,0.162463,0.641219,0.489082,0.905413,0.141499,0.789212,0.461783,0.837615,0.027000,0.817205,-0.039527,-0.574356,0.552697,0.784251,0.488731,0.000684,0.581205,0.767834,0.423248,0.747887,0.616273,0.771236,0.519559,0.944753,0.545161,0.770087,0.439936,0.922205,0.574363,0.772888,0.533572,0.737127,0.446482,0.839207,0.527343,0.829584,0.000731,0.002670,0.000142,-0.999996,0.186784,0.723501,0.904022,0.000975,0.242959,0.752745,1.141838,0.536422,0.665099,0.712872,1.218173,0.902257,-0.316632,0.720022,0.471453,0.433281,-0.321981,0.722493,1.214668,0.904956,0.664475,0.709375,0.473979,0.847485,0.581930,0.767526,0.422618,0.616325,0.771030,0.519499,0.545416,0.769924,0.440013,0.573520,0.773510,0.533480,0.446268,0.839300,0.527983,0.243868,0.754275,1.141315,0.665216,0.712561,1.217966,-0.318898,0.720062,0.471432,-0.322027,0.722117,1.214702,0.664812,0.709190,0.474452,-0.002450,0.643624,0.489394,-0.003274,0.800780,0.490173,0.162458,0.641079,0.489433,0.141890,0.789320,0.461277
98,0.980000,-0.000810,0.034092,-0.001958,-0.999416,0.074668,0.718694,0.482577,0.000789,-0.002464,0.644339,0.489787,0.808752,-0.002819,0.799987,0.489645,0.728841,0.162458,0.641233,0.489103,0.905413,0.141498,0.789219,0.461773,0.837615,0.026755,0.817268,-0.039557,-0.574276,0.552700,0.784217,0.488723,0.000670,0.581227,0.767829,0.423241,0.747887,0.616276,0.771224,0.519560,0.944753,0.545180,0.770061,0.439923,0.922205,0.574363,0.772854,0.533565,0.737127,0.446454,0.839118,0.527328,0.829584,0.000745,0.002677,0.000141,-0.999996,0.186790,0.723516,0.904022,0.000970,0.242962,0.752767,1.141838,0.536422,0.665101,0.712896,1.218180,0.902257,-0.316619,0.720023,0.471446,0.433281,-0.321979,0.722516,1.214661,0.904956,0.664487,0.709378,0.473986,0.847485,0.581934,0.767528,0.422625,0.616326,0.771000,0.519497,0.545416,0.769913,0.440003,0.573524,0.773505,0.533486,0.446262,0.839189,0.527948,0.243873,0.754294,1.141330,0.665215,0.712584,1.217974,-0.318903,0.720060,0.471442,-0.322021,0.722140,1.214686,0.664813,0.709194,0.474453,-0.002449,0.643657,0.489463,-0.003271,0.800802,0.490185,0.162453,0.641102,0.489446,0.141887,0.789311,0.461278
99,0.990000,-0.000785,0.034067,-0.001966,-0.999417,0.074672,0.718692,0.482570,0.000771,-0.002459,0.644336,0.489788,0.811125,-0.002815,0.799983,0.489638,0.730651,0.162463,0.641232,0.489096,0.908270,0.141500,0.789217,0.461760,0.840860,0.026841,0.817254,-0.039572,-0.574291,0.552715,0.784232,0.488735,0.000681,0.581238,0.767832,0.423253,0.753969,0.616291,0.771235,0.519571,0.940500,0.545192,0.770071,0.439936,0.927301,0.574379,0.772872,0.533577,0.733711,0.446478,0.839151,0.527337,0.836845,0.000728,0.002669,0.000157,-0.999996,0.186779,0.723479,0.904017,0.000971,0.242955,0.752720,1.141834,0.537732,0.665094,0.712833,1.218167,0.902231,-0.316637,0.720016,0.471449,0.429126,-0.321986,0.722485,1.214664,0.905432,0.664469,0.709340,0.473973,0.850352,0.581930,0.767535,0.422619,0.616327,0.771023,0.519490,0.545463,0.769920,0.440058,0.573524,0.773505,0.533498,0.446292,0.839224,0.527952,0.243876,0.754269,1.141334,0.665208,0.712525,1.217964,-0.318897,0.720057,0.471433,-0.322029,0.722108,1.214690,0.664808,0.709152,0.474433,-0.002446,0.643684,0.489478,-0.003271,0.800743,0.490139,0.162468,0.641086,0.489433,0.141896,0.789323,0.461277
100,1.000000,-0.000808,0.034040,-0.001944,-0.999418,0.074674,0.718697,0.482579,0.000790,-0.002460,0.644343,0.489798,0.813346,-0.002810,0.799991,0.489655,0.732142,0.162462,0.641232,0.489096,0.907259,0.141503,0.789220,0.461768,0.841025,0.026737,0.817262,-0.039708,-0.574275,0.552701,0.784225,0.488721,0.000668,0.581230,0.767827,0.423242,0.754838,0.616280,0.771252,0.519560,0.942511,0.545183,0.770056,0.439924,0.927125,0.574367,0.772876,0.533565,0.732620,0.446444,0.839113,0.527316,0.837641,0.000623,0.002620,0.000215,-0.999996,0.186745,0.723544,0.904048,0.000900,0.242948,0.752729,1.141865,0.528145,0.665090,0.712776,1.218149,0.912410,-0.316714,0.720232,0.471529,0.518307,-0.321989,0.722544,1.214745,0.895370,0.664391,0.709441,0.473954,0.825340,0.581930,0.767529,0.422623,0.616327,0.771033,0.519507,0.545420,0.769904,0.439999,0.573522,0.773528,0.533487,0.446263,0.839181,0.527936,0.243884,0.754279,1.141335,0.665217,0.712508,1.217963,-0.318637,0.720348,0.471559,-0.322015,0.722128,1.214702,0.664818,0.709211,0.474458,-0.002440,0.643670,0.489475,-0.003267,0.800799,0.490189,0.162459,0.641090,0.489439,0.141891,0.789319,0.461274
101,1.010000,-0.000914,0.034214,-0.001981,-0.999412,0.074672,0.718683,0.482555,0.000797,-0.002459,0.644322,0.489731,0.810528,-0.002821,0.799970,0.489621,0.727980,0.162464,0.641225,0.489087,0.906350,0.141503,0.789216,0.461782,0.838803,0.026700,0.817314,-0.039570,-0.574212,0.552706,0.784233,0.488736,0.000685,0.581245,0.767850,0.423257,0.751940,0.616279,0.771245,0.519581,0.942414,0.545195,0.770078,0.439933,0.917625,0.574363,0.772870,0.533580,0.736127,0.446448,0.839119,0.527327,0.833587,0.000710,0.002675,0.000153,-0.999996,0.186792,0.723501,0.904025,0.000975,0.242965,0.752734,1.141843,0.535553,0.665104,0.712847,1.218181,0.900638,-0.316618,0.720051,0.471451,0.429920,-0.321976,0.722492,1.214665,0.906804,0.664488,0.709381,0.473987,0.849564,0.581930,0.767524,0.422618,0.616327,0.771032,0.519510,0.545479,0.769949,0.440038,0.573520,0.773500,0.533499,0.446238,0.839199,0.527953,0.243873,0.754273,1.141333,0.665224,0.712532,1.217970,-0.318899,0.720058,0.471443,-0.322029,0.722124,1.214697,0.664824,0.709204,0.474453,-0.002450,0.643640,0.489402,-0.003278,0.800790,0.490171,0.162466,0.641085,0.489435,0.141894,0.789317,0.461279
102,1.020000,-0.000869,0.034062,-0.001974,-0.999417,0.074670,0.718688,0.482573,0.000801,-0.002459,0.644329,0.489779,0.809597,-0.002819,0.799977,0.489655,0.731626,0.162463,0.641229,0.489084,0.907402,0.141496,0.789218,0.461773,0.839970,0.026863,0.817259,-0.039528,-0.574286,0.552706,0.784240,0.488747,0.000691,0.581228,0.767840,0.423266,0.747852,0.616279,0.771236,0.519584,0.942449,0.545182,0.770082,0.439948,0.918821,0.574367,0.772876,0.533589,0.731899,0.446472,0.839166,0.527350,0.836795,0.000702,0.002678,0.000168,-0.999996,0.186787,0.723502,0.904022,0.000976,0.242959,0.752729,1.141840,0.530130,0.665097,0.712829,1.218179,0.900276,-0.316622,0.720073,0.471444,0.428097,-0.321983,0.722502,1.214659,0.908655,0.664484,0.709375,0.473985,0.849594,0.581931,0.767516,0.422619,0.616324,0.771023,0.519508,0.545454,0.769952,0.440069,0.573509,0.773514,0.533509,0.446275,0.839238,0.527968,0.243875,0.754289,1.141329,0.665211,0.712514,1.217962,-0.318910,0.720062,0.471435,-0.322024,0.722140,1.214689,0.664814,0.709200,0.474456,-0.002447,0.643638,0.489460,-0.003269,0.800794,0.490186,0.162456,0.641084,0.489425,0.141888,0.789330,0.461280
103,1.030000,-0.000948,0.033976,-0.001989,-0.999420,0.074677,0.718644,0.482554,0.000842,-0.002448,0.644282,0.489762,0.809597,-0.002814,0.799929,0.489662,0.731626,0.162474,0.641187,0.489039,0.907402,0.141497,0.789180,0.461754,0.839970,0.026834,0.817222,-0.039483,-0.574343,0.552706,0.784227,0.488726,0.000671,0.581219,0.767834,0.423239,0.747852,0.616284,0.771219,0.519553,0.942449,0.545175,0.770074,0.439926,0.918821,0.574373,0.772858,0.533564,0.731899,0.446478,0.839150,0.527349,0.836795,0.000604,0.002678,0.000163,-0.999996,0.186727,0.723380,0.904020,0.001122,0.242899,0.752562,1.141845,0.530130,0.665037,0.712651,1.218176,0.900276,-0.316682,0.720031,0.471442,0.428097,-0.322043,0.722315,1.214657,0.908655,0.664424,0.709343,0.473981,0.849594,0.581925,0.767533,0.422620,0.616330,0.771003,0.519487,0.545414,0.769926,0.440008,0.573525,0.773504,0.533493,0.446296,0.839219,0.527967,0.244356,0.754478,1.140742,0.665217,0.712530,1.217955,-0.318905,0.720071,0.471444,-0.322027,0.722116,1.214687,0.664806,0.709190,0.474434,-0.002483,0.643569,0.489456,-0.003261,0.800794,0.490184,0.162522,0.641024,0.489365,0.141874,0.789300,0.461278
104,1.040000,-0.000801,0.034132,-0.001998,-0.999415,0.074670,0.718679,0.482563,0.000773,-0.002457,0.644317,0.489768,0.805981,-0.002824,0.799965,0.489623,0.723757,0.162465,0.641224,0.489098,0.907917,0.141495,0.789208,0.461763,0.845183,0.026741,0.817255,-0.039647,-0.574289,0.552699,0.784220,0.488723,0.000669,0.581226,0.767827,0.423241,0.753420,0.616278,0.771239,0.519558,0.942412,0.545179,0.770057,0.439924,0.926855,0.574366,0.772866,0.533565,0.732809,0.446448,0.839113,0.527325,0.837987,0.000727,0.002680,0.000136,-0.999996,0.186790,0.723500,0.904021,0.000977,0.242959,0.752742,1.141839,0.338193,0.665099,0.712873,1.218181,0.922612,-0.316617,0.720018,0.471442,0.444022,-0.321981,0.722483,1.214657,0.949438,0.664489,0.709382,0.473987,0.847194,0.581931,0.767533,0.422626,0.616328,0.771023,0.519497,0.545415,0.769901,0.440002,0.573523,0.773507,0.533488,0.446262,0.839186,0.527946,0.243873,0.754289,1.141313,0.665219,0.712565,1.217973,-0.318898,0.720069,0.471435,-0.322032,0.722106,1.214692,0.664826,0.709193,0.474454,-0.002445,0.643651,0.489454,-0.003265,0.800736,0.490131,0.162464,0.641083,0.489439,0.141884,0.789316,0.461276
105,1.050000,-0.000899,0.034142,-0.002003,-0.999415,0.074664,0.718674,0.482562,0.000809,-0.002462,0.644310,0.489752,0.805806,-0.002831,0.799958,0.489636,0.728209,0.162460,0.641219,0.489083,0.908550,0.141489,0.789209,0.461777,0.837815,0.026812,0.817263,-0.039379,-0.574292,0.552712,0.784226,0.488723,0.000659,0.581233,0.767844,0.423237,0.756368,0.616285,0.771207,0.519556,0.946474,0.545187,0.770084,0.439920,0.926533,0.574373,0.772847,0.533562,0.743278,0.446483,0.839150,0.527343,0.836670,0.000707,0.002679,0.000168,-0.999996,0.186797,0.723501,0.904023,0.000975,0.242969,0.752731,1.141842,0.532214,0.665105,0.712831,1.218182,0.900899,-0.316611,0.720068,0.471444,0.425051,-0.321974,0.722505,1.214659,0.908044,0.664495,0.709370,0.473988,0.850698,0.581921,0.767525,0.422624,0.616325,0.771008,0.519488,0.545440,0.769955,0.439995,0.573549,0.773457,0.533494,0.446299,0.839221,0.527965,0.243877,0.754284,1.141329,0.665213,0.712515,1.217968,-0.318911,0.720063,0.471439,-0.322015,0.722141,1.214694,0.664827,0.709194,0.474452,-0.002473,0.643602,0.489432,-0.003281,0.800787,0.490176,0.162464,0.641085,0.489424,0.141892,0.789321,0.461281
106,1.060000,-0.000949,0.033979,-0.002066,-0.999420,0.074677,0.718709,0.482556,0.000773,-0.002437,0.644334,0.489764,0.809386,-0.002826,0.799982,0.489664,0.733290,0.162486,0.641265,0.489042,0.914084,0.141486,0.789255,0.461756,0.844069,0.026710,0.817252,-0.039673,-0.574293,0.552694,0.784226,0.488722,0.000673,0.581221,0.767834,0.423240,0.753239,0.616275,0.771250,0.519557,0.943162,0.545174,0.770062,0.439924,0.926772,0.574362,0.772874,0.533564,0.735191,0.446439,0.839110,0.527326,0.834369,0.000706,0.002678,0.000153,-0.999996,0.186790,0.723495,0.904022,0.000973,0.242961,0.752727,1.141840,0.531724,0.665099,0.712839,1.218179,0.901227,-0.316619,0.720048,0.471444,0.426979,-0.321981,0.722483,1.214658,0.905956,0.664488,0.709380,0.473986,0.850158,0.581924,0.767531,0.422617,0.616333,0.771036,0.519508,0.545415,0.769909,0.439990,0.573520,0.773512,0.533484,0.446243,0.839188,0.527954,0.243869,0.754282,1.141327,0.665217,0.712528,1.217968,-0.318911,0.720075,0.471448,-0.322028,0.722111,1.214688,0.664821,0.709196,0.474449,-0.002446,0.643640,0.489448,-0.003268,0.800799,0.490187,0.162495,0.641169,0.489371,0.141880,0.789319,0.461276
107,1.070000,-0.000774,0.033994,-0.001966,-0.999420,0.074668,0.718689,0.482584,0.000808,-0.002462,0.644333,0.489814,0.809386,-0.002819,0.799981,0.489661,0.733290,0.162460,0.641229,0.489098,0.914084,0.141493,0.789213,0.461761,0.844069,0.026863,0.817226,-0.039532,-0.574332,0.552689,0.784232,0.488727,0.000675,0.581205,0.767832,0.423242,0.753239,0.616267,0.771228,0.519556,0.943162,0.545160,0.770073,0.439929,0.926772,0.574356,0.772868,0.533567,0.735191,0.446460,0.839158,0.527341,0.834369,0.000699,0.002671,0.000170,-0.999996,0.186783,0.723487,0.904023,0.000969,0.242958,0.752713,1.141841,0.531724,0.665096,0.712810,1.218174,0.901227,-0.316632,0.720064,0.471452,0.426979,-0.321983,0.722489,1.214667,0.905956,0.664474,0.709361,0.473980,0.850158,0.581919,0.767538,0.422617,0.616318,0.771012,0.519497,0.545407,0.769904,0.439994,0.573529,0.773496,0.533491,0.446248,0.839248,0.527978,0.243872,0.754280,1.141333,0.665209,0.712498,1.217966,-0.318909,0.720072,0.471447,-0.322020,0.722121,1.214694,0.664809,0.709180,0.474441,-0.002453,0.643635,0.489504,-0.003277,0.800808,0.490186,0.162456,0.641085,0.489430,0.141892,0.789325,0.461277
108,1.080000,-0.000843,0.034104,-0.001978,-0.999416,0.074663,0.718686,0.482566,0.000796,-0.002466,0.644327,0.489769,0.808977,-0.002827,0.799974,0.489637,0.729506,0.162456,0.641227,0.489089,0.909481,0.141490,0.789215,0.461768,0.840537,0.027130,0.817143,-0.039487,-0.574441,0.552705,0.784255,0.488738,0.000682,0.581196,0.767825,0.423250,0.751605,0.616284,0.771227,0.519555,0.942634,0.545156,0.770089,0.439945,0.923203,0.574377,0.772891,0.533575,0.739767,0.446513,0.839244,0.527366,0.830785,0.000644,0.002617,0.000208,-0.999996,0.186740,0.723541,0.904042,0.000899,0.242944,0.752736,1.141857,0.529053,0.665087,0.712793,1.218140,0.902087,-0.316721,0.720202,0.471525,0.430704,-0.321992,0.722545,1.214741,0.907485,0.664384,0.709426,0.473946,0.850443,0.581927,0.767534,0.422618,0.616325,0.771024,0.519501,0.545404,0.769903,0.440001,0.573521,0.773526,0.533497,0.446317,0.839334,0.528011,0.243878,0.754271,1.141318,0.665207,0.712530,1.217968,-0.318650,0.720344,0.471558,-0.322020,0.722120,1.214705,0.664812,0.709189,0.474435,-0.002468,0.643637,0.489450,-0.003284,0.800793,0.490172,0.162463,0.641095,0.489428,0.141888,0.789313,0.461276
109,1.090000,0.000418,0.035468,-0.003452,-0.999365,0.074695,0.718243,0.482332,0.000436,-0.002241,0.643682,0.489519,0.944718,-0.003046,0.799328,0.488978,0.887773,0.162690,0.641053,0.489298,0.932681,0.141377,0.788908,0.461532,0.822143,0.026738,0.817269,-0.039531,-0.574277,0.552696,0.784220,0.488717,0.000670,0.581223,0.767836,0.423234,0.755709,0.616272,0.771225,0.519553,0.940994,0.545176,0.770067,0.439916,0.926877,0.574359,0.772855,0.533558,0.733818,0.446450,0.839119,0.527326,0.837646,0.000712,0.002677,0.000151,-0.999996,0.186790,0.723498,0.904019,0.000978,0.242962,0.752732,1.141837,0.533967,0.665100,0.712848,1.218176,0.901105,-0.316620,0.720044,0.471443,0.427668,-0.321980,0.722487,1.214658,0.905974,0.664487,0.709380,0.473982,0.850133,0.581919,0.767537,0.422616,0.616329,0.771003,0.519497,0.545414,0.769920,0.440000,0.573517,0.773501,0.533476,0.446260,0.839189,0.527943,0.243870,0.754277,1.141325,0.665220,0.712534,1.217967,-0.318909,0.720065,0.471433,-0.322033,0.722117,1.214692,0.664821,0.709198,0.474446,-0.002455,0.643651,0.489470,-0.003122,0.798919,0.489147,0.162460,0.641081,0.489434,0.141896,0.789322,0.461275
110,1.100000,-0.000952,0.033964,-0.002042,-0.999421,0.074685,0.718725,0.482552,0.000762,-0.002432,0.644354,0.489761,0.815479,-0.002814,0.800001,0.489662,0.734517,0.162490,0.641277,0.489034,0.912600,0.141497,0.789267,0.461751,0.844895,0.026764,0.817265,-0.039624,-0.574275,0.552699,0.784222,0.488719,0.000672,0.581227,0.767827,0.423239,0.753083,0.616276,0.771236,0.519557,0.942008,0.545179,0.770059,0.439920,0.926738,0.574363,0.772865,0.533562,0.736470,0.446450,0.839120,0.527318,0.837274,0.000763,0.002722,0.000112,-0.999996,0.186863,0.723474,0.904006,0.001040,0.243011,0.752737,1.141826,0.541118,0.665146,0.712893,1.218207,0.893728,-0.316508,0.719937,0.471385,0.339979,-0.321935,0.722456,1.214599,0.910606,0.664599,0.709349,0.474013,0.872328,0.581928,0.767534,0.422608,0.616331,0.771018,0.519501,0.545416,0.769904,0.439996,0.573526,0.773504,0.533500,0.446260,0.839194,0.527936,0.243867,0.754280,1.141321,0.665211,0.712555,1.217958,-0.319140,0.719740,0.471396,-0.322020,0.722121,1.214690,0.664819,0.709206,0.474451,-0.002422,0.643688,0.489442,-0.003270,0.800803,0.490188,0.162498,0.641170,0.489367,0.141884,0.789325,0.461269
111,1.110000,-0.000786,0.034068,-0.001974,-0.999417,0.074671,0.718703,0.482578,0.000786,-0.002459,0.644346,0.489795,0.815479,-0.002818,0.799993,0.489645,0.734517,0.162463,0.641244,0.489103,0.912600,0.141498,0.789229,0.461767,0.844895,0.026793,0.817262,-0.039479,-0.574287,0.552710,0.784234,0.488739,0.000680,0.581234,0.767846,0.423255,0.753083,0.616285,0.771228,0.519574,0.942008,0.545187,0.770083,0.439938,0.926738,0.574372,0.772864,0.533580,0.736470,0.446473,0.839148,0.527351,0.837274,0.000738,0.002674,0.000139,-0.999996,0.186793,0.723500,0.904021,0.000972,0.242965,0.752748,1.141837,0.541118,0.665105,0.712877,1.218175,0.893728,-0.316620,0.720012,0.471448,0.339979,-0.321975,0.722494,1.214663,0.910606,0.664487,0.709370,0.473982,0.872328,0.581924,0.767534,0.422621,0.616324,0.771015,0.519494,0.545453,0.769953,0.440067,0.573524,0.773496,0.533497,0.446288,0.839214,0.527960,0.243870,0.754279,1.141337,0.665215,0.712565,1.217966,-0.318911,0.720069,0.471444,-0.322020,0.722113,1.214694,0.664819,0.709181,0.474443,-0.002440,0.643672,0.489478,-0.003272,0.800795,0.490168,0.162460,0.641104,0.489442,0.141887,0.789328,0.461279
112,1.120000,-0.000836,0.034171,-0.001999,-0.999414,0.074673,0.718690,0.482555,0.000777,-0.002454,0.644328,0.489750,0.813720,-0.002821,0.799975,0.489615,0.735150,0.162468,0.641235,0.489091,0.908430,0.141500,0.789221,0.461765,0.841970,0.026831,0.817218,-0.039573,-0.574343,0.552696,0.784230,0.488727,0.000675,0.581210,0.767831,0.423242,0.752985,0.616275,0.771233,0.519555,0.942233,0.545166,0.770069,0.439930,0.919231,0.574365,0.772870,0.533567,0.734690,0.446462,0.839147,0.527343,0.839924,0.000556,0.002638,0.000197,-0.999996,0.186697,0.723439,0.904045,0.001054,0.242890,0.752594,1.141868,0.538146,0.665031,0.712647,1.218161,0.902141,-0.316746,0.720165,0.471506,0.426999,-0.322048,0.722378,1.214722,0.903733,0.664360,0.709410,0.473966,0.850302,0.581918,0.767542,0.422610,0.616322,0.771015,0.519506,0.545410,0.769899,0.440001,0.573523,0.773517,0.533488,0.446270,0.839226,0.527972,0.244344,0.754463,1.140742,0.665216,0.712574,1.217963,-0.318652,0.720350,0.471559,-0.322029,0.722103,1.214693,0.664827,0.709187,0.474449,-0.002424,0.643674,0.489433,-0.003280,0.800745,0.490130,0.162458,0.641089,0.489433,0.141894,0.789325,0.461276
113,1.130000,0.000392,0.035531,-0.003497,-0.999362,0.074690,0.718242,0.482329,0.000437,-0.002240,0.643674,0.489503,0.940634,-0.003060,0.799319,0.488970,0.886698,0.162691,0.641060,0.489302,0.931893,0.141368,0.788915,0.461541,0.820096,0.026765,0.817268,-0.039671,-0.574267,0.552685,0.784227,0.488725,0.000674,0.581215,0.767829,0.423246,0.752655,0.616262,0.771247,0.519564,0.943146,0.545167,0.770060,0.439927,0.924038,0.574349,0.772875,0.533569,0.741665,0.446432,0.839123,0.527318,0.834661,0.000746,0.002671,0.000140,-0.999996,0.186797,0.723501,0.904020,0.000967,0.242971,0.752752,1.141836,0.540443,0.665111,0.712882,1.218172,0.902278,-0.316618,0.720006,0.471450,0.429289,-0.321969,0.722501,1.214665,0.903709,0.664489,0.709362,0.473978,0.847871,0.581912,0.767526,0.422613,0.616315,0.771034,0.519504,0.545418,0.769911,0.440010,0.573525,0.773495,0.533497,0.446230,0.839204,0.527942,0.243867,0.754269,1.141312,0.665222,0.712570,1.217963,-0.318900,0.720067,0.471445,-0.322007,0.722119,1.214697,0.664820,0.709174,0.474453,-0.002468,0.643633,0.489449,-0.003131,0.798908,0.489146,0.162463,0.641100,0.489445,0.141895,0.789327,0.461277
114,1.140000,-0.000786,0.034041,-0.001994,-0.999418,0.074660,0.718681,0.482579,0.000813,-0.002466,0.644320,0.489801,0.804146,-0.002832,0.799968,0.489651,0.726306,0.162456,0.641225,0.489100,0.909262,0.141483,0.789209,0.461765,0.838568,0.026799,0.817267,-0.039476,-0.574281,0.552711,0.784244,0.488742,0.000680,0.581235,0.767856,0.423258,0.753021,0.616285,0.771238,0.519577,0.943481,0.545188,0.770093,0.439940,0.920038,0.574372,0.772874,0.533583,0.735630,0.446474,0.839159,0.527352,0.839746,0.000718,0.002675,0.000152,-0.999996,0.186791,0.723493,0.904022,0.000971,0.242964,0.752730,1.141840,0.534916,0.665102,0.712845,1.218177,0.901802,-0.316621,0.720034,0.471448,0.431306,-0.321977,0.722487,1.214663,0.905646,0.664485,0.709368,0.473983,0.847372,0.581919,0.767543,0.422618,0.616329,0.771028,0.519508,0.545454,0.769964,0.440063,0.573525,0.773502,0.533501,0.446289,0.839226,0.527962,0.243875,0.754265,1.141316,0.665212,0.712535,1.217963,-0.318896,0.720069,0.471448,-0.322019,0.722114,1.214696,0.664825,0.709183,0.474455,-0.002479,0.643604,0.489483,-0.003279,0.800809,0.490190,0.162460,0.641092,0.489438,0.141884,0.789320,0.461271
115,1.150000,0.000363,0.035524,-0.003452,-0.999363,0.074693,0.718239,0.482329,0.000436,-0.002244,0.643677,0.489500,0.804146,-0.003050,0.799322,0.488976,0.726306,0.162687,0.641049,0.489297,0.909262,0.141377,0.788907,0.461545,0.838568,0.026756,0.817251,-0.039662,-0.574293,0.552699,0.784225,0.488722,0.000668,0.581225,0.767828,0.423241,0.753021,0.616278,0.771244,0.519558,0.943481,0.545178,0.770059,0.439925,0.920038,0.574366,0.772872,0.533565,0.735630,0.446449,0.839119,0.527323,0.839746,0.000636,0.002620,0.000197,-0.999996,0.186741,0.723533,0.904039,0.000893,0.242942,0.752726,1.141855,0.534916,0.665086,0.712790,1.218140,0.901802,-0.316718,0.720191,0.471519,0.431306,-0.321994,0.722522,1.214735,0.905646,0.664388,0.709435,0.473946,0.847372,0.581922,0.767528,0.422617,0.616329,0.771030,0.519500,0.545416,0.769913,0.440007,0.573532,0.773504,0.533493,0.446263,0.839190,0.527940,0.243862,0.754271,1.141316,0.665212,0.712526,1.217960,-0.318633,0.720331,0.471553,-0.322021,0.722095,1.214697,0.664824,0.709197,0.474444,-0.002472,0.643642,0.489446,-0.003116,0.798906,0.489151,0.162461,0.641087,0.489439,0.141898,0.789320,0.461282
116,1.160000,-0.000877,0.034123,-0.001953,-0.999415,0.074662,0.718670,0.482565,0.000807,-0.002471,0.644314,0.489760,0.940685,-0.002824,0.799962,0.489639,0.885926,0.162451,0.641207,0.489086,0.932406,0.141494,0.789197,0.461774,0.821184,0.026739,0.817278,-0.039644,-0.574257,0.552690,0.784234,0.488721,0.000668,0.581221,0.767841,0.423241,0.754189,0.616266,0.771253,0.519561,0.943103,0.545173,0.770071,0.439922,0.927176,0.574353,0.772880,0.533565,0.737851,0.446435,0.839126,0.527315,0.838018,0.000639,0.002624,0.000204,-0.999996,0.186745,0.723546,0.904042,0.000896,0.242945,0.752740,1.141859,0.530593,0.665087,0.712800,1.218146,0.913993,-0.316711,0.720208,0.471519,0.520005,-0.321992,0.722544,1.214735,0.892570,0.664394,0.709440,0.473952,0.823970,0.581916,0.767539,0.422618,0.616326,0.771037,0.519514,0.545409,0.769927,0.439999,0.573525,0.773511,0.533483,0.446241,0.839200,0.527935,0.243874,0.754266,1.141334,0.665208,0.712534,1.217965,-0.318632,0.720347,0.471555,-0.322017,0.722118,1.214690,0.664821,0.709204,0.474452,-0.002479,0.643614,0.489437,-0.003274,0.800787,0.490181,0.162459,0.641065,0.489430,0.141891,0.789312,0.461275
117,1.170000,-0.000844,0.034106,-0.001945,-0.999416,0.074676,0.718705,0.482568,0.000776,-0.002458,0.644351,0.489771,0.818826,-0.002809,0.799998,0.489640,0.732600,0.162464,0.641240,0.489092,0.907261,0.141508,0.789229,0.461771,0.841856,0.026827,0.817248,-0.039574,-0.574300,0.552697,0.784243,0.488732,0.000672,0.581219,0.767844,0.423250,0.752663,0.616273,0.771247,0.519566,0.943912,0.545172,0.770083,0.439933,0.924383,0.574361,0.772883,0.533573,0.739419,0.446459,0.839159,0.527337,0.834770,0.000746,0.002670,0.000138,-0.999996,0.186790,0.723493,0.904023,0.000975,0.242965,0.752745,1.141838,0.536415,0.665105,0.712876,1.218174,0.903157,-0.316625,0.719996,0.471453,0.430755,-0.321975,0.722491,1.214668,0.902477,0.664482,0.709356,0.473980,0.849511,0.581923,0.767551,0.422620,0.616323,0.771036,0.519509,0.545417,0.769922,0.440010,0.573530,0.773508,0.533501,0.446263,0.839240,0.527963,0.243872,0.754280,1.141330,0.665224,0.712567,1.217972,-0.318901,0.720069,0.471434,-0.322026,0.722106,1.214702,0.664818,0.709162,0.474440,-0.002419,0.643705,0.489443,-0.003281,0.800792,0.490179,0.162458,0.641102,0.489436,0.141894,0.789308,0.461276
118,1.180000,0.000355,0.035512,-0.003485,-0.999363,0.074691,0.718230,0.482321,0.000435,-0.002240,0.643663,0.489492,0.944633,-0.003056,0.799308,0.488970,0.890970,0.162692,0.641046,0.489285,0.930202,0.141371,0.788903,0.461535,0.821591,0.026845,0.817226,-0.039566,-0.574331,0.552700,0.784229,0.488722,0.000664,0.581216,0.767829,0.423238,0.755581,0.616278,0.771231,0.519552,0.945734,0.545171,0.770068,0.439925,0.925171,0.574367,0.772868,0.533562,0.736461,0.446467,0.839149,0.527335,0.837745,0.000720,0.002674,0.000133,-0.999996,0.186792,0.723507,0.904021,0.000971,0.242964,0.752747,1.141838,0.538264,0.665104,0.712879,1.218175,0.902333,-0.316620,0.720027,0.471447,0.427971,-0.321976,0.722483,1.214662,0.903562,0.664487,0.709398,0.473981,0.849441,0.581917,0.767546,0.422617,0.616317,0.771025,0.519494,0.545409,0.769900,0.439994,0.573525,0.773499,0.533498,0.446295,0.839222,0.527957,0.243867,0.754271,1.141316,0.665222,0.712569,1.217969,-0.318907,0.720089,0.471453,-0.322027,0.722102,1.214694,0.664820,0.709209,0.474446,-0.002449,0.643612,0.489440,-0.003122,0.798913,0.489141,0.162452,0.641072,0.489425,0.141885,0.789323,0.461275
119,1.190000,-0.000824,0.034058,-0.001958,-0.999418,0.074665,0.718678,0.482563,0.000806,-0.002467,0.644323,0.489777,0.944633,-0.002821,0.799970,0.489639,0.890970,0.162455,0.641216,0.489081,0.930202,0.141493,0.789204,0.461756,0.821591,0.026856,0.817221,-0.039578,-0.574336,0.552700,0.784233,0.488729,0.000666,0.581216,0.767830,0.423245,0.755581,0.616279,0.771235,0.519559,0.945734,0.545171,0.770070,0.439932,0.925171,0.574368,0.772873,0.533569,0.736461,0.446468,0.839155,0.527342,0.837745,0.000721,0.002672,0.000148,-0.999996,0.186785,0.723485,0.904023,0.000974,0.242959,0.752723,1.141840,0.538264,0.665099,0.712843,1.218175,0.902333,-0.316629,0.720020,0.471451,0.427971,-0.321981,0.722476,1.214666,0.903562,0.664478,0.709361,0.473981,0.849441,0.581919,0.767544,0.422628,0.616322,0.771036,0.519498,0.545412,0.769902,0.440007,0.573526,0.773489,0.533493,0.446289,0.839233,0.527967,0.243868,0.754264,1.141317,0.665220,0.712533,1.217973,-0.318898,0.720061,0.471432,-0.322028,0.722101,1.214700,0.664815,0.709174,0.474447,-0.002453,0.643640,0.489461,-0.003288,0.800791,0.490171,0.162457,0.641065,0.489418,0.141890,0.789314,0.461267
120,1.200000,-0.000903,0.033944,-0.001955,-0.999421,0.074686,0.718676,0.482562,0.000807,-0.002444,0.644319,0.489781,0.812048,-0.002799,0.799967,0.489667,0.728988,0.162478,0.641213,0.489047,0.907665,0.141510,0.789205,0.461751,0.840042,0.027107,0.817192,-0.039383,-0.574380,0.552700,0.784266,0.488739,0.000683,0.581199,0.767847,0.423252,0.755427,0.616272,0.771227,0.519563,0.947082,0.545157,0.770110,0.439941,0.924225,0.574363,0.772892,0.533577,0.738484,0.446505,0.839255,0.527360,0.836200,0.000699,0.002675,0.000152,-0.999996,0.186789,0.723491,0.904023,0.000969,0.242962,0.752719,1.141842,0.534164,0.665100,0.712831,1.218178,0.902722,-0.316622,0.720050,0.471448,0.432600,-0.321980,0.722474,1.214664,0.904928,0.664484,0.709383,0.473984,0.848906,0.581917,0.767539,0.422629,0.616324,0.771026,0.519501,0.545432,0.769934,0.439984,0.573524,0.773507,0.533499,0.446275,0.839362,0.528021,0.243867,0.754276,1.141312,0.665218,0.712521,1.217968,-0.318909,0.720081,0.471454,-0.322019,0.722102,1.214693,0.664816,0.709198,0.474453,-0.002449,0.643666,0.489475,-0.003275,0.800781,0.490177,0.162527,0.641042,0.489374,0.141887,0.789307,0.461278
121,1.210000,-0.000859,0.034169,-0.001994,-0.999414,0.074674,0.718691,0.482561,0.000792,-0.002454,0.644330,0.489752,0.813296,-0.002820,0.799977,0.489625,0.729236,0.162468,0.641236,0.489093,0.906869,0.141501,0.789223,0.461774,0.839950,0.026871,0.817231,-0.039516,-0.574326,0.552702,0.784233,0.488729,0.000668,0.581217,0.767833,0.423244,0.753758,0.616278,0.771227,0.519559,0.942226,0.545172,0.770076,0.439930,0.927924,0.574367,0.772868,0.533569,0.734076,0.446473,0.839162,0.527342,0.839043,0.000643,0.002621,0.000195,-0.999996,0.186739,0.723522,0.904043,0.000898,0.242940,0.752719,1.141859,0.526334,0.665084,0.712787,1.218145,0.914467,-0.316719,0.720172,0.471522,0.516610,-0.321996,0.722513,1.214738,0.890461,0.664387,0.709421,0.473950,0.824874,0.581915,0.767530,0.422619,0.616324,0.771008,0.519502,0.545410,0.769932,0.440009,0.573527,0.773517,0.533502,0.446294,0.839227,0.527957,0.243868,0.754284,1.141331,0.665216,0.712529,1.217962,-0.318645,0.720335,0.471551,-0.322023,0.722078,1.214697,0.664814,0.709172,0.474447,-0.002425,0.643659,0.489425,-0.003284,0.800790,0.490171,0.162457,0.641096,0.489438,0.141891,0.789317,0.461275
122,1.220000,0.000383,0.035504,-0.003483,-0.999363,0.074700,0.718256,0.482326,0.000440,-0.002232,0.643690,0.489503,0.951872,-0.003047,0.799335,0.488972,0.884181,0.162700,0.641071,0.489293,0.929872,0.141379,0.788927,0.461536,0.825639,0.027103,0.817149,-0.039563,-0.574428,0.552703,0.784268,0.488741,0.000680,0.581197,0.767836,0.423256,0.748558,0.616282,0.771251,0.519561,0.949170,0.545157,0.770097,0.439950,0.920796,0.574375,0.772911,0.533580,0.739569,0.446502,0.839247,0.527362,0.828776,0.000700,0.002676,0.000155,-0.999996,0.186786,0.723484,0.904018,0.000972,0.242959,0.752712,1.141836,0.528919,0.665097,0.712822,1.218173,0.901190,-0.316625,0.720044,0.471442,0.427907,-0.321983,0.722470,1.214657,0.906072,0.664482,0.709371,0.473979,0.849165,0.581916,0.767540,0.422618,0.616331,0.771060,0.519513,0.545412,0.769917,0.440005,0.573532,0.773518,0.533500,0.446299,0.839343,0.528009,0.243872,0.754282,1.141333,0.665206,0.712512,1.217954,-0.318913,0.720073,0.471441,-0.322021,0.722098,1.214686,0.664817,0.709185,0.474445,-0.002416,0.643688,0.489446,-0.003127,0.798913,0.489147,0.162459,0.641090,0.489435,0.141885,0.789331,0.461275
123,1.230000,-0.000874,0.034081,-0.001926,-0.999417,0.074674,0.718700,0.482571,0.000778,-0.002462,0.644348,0.489773,0.951872,-0.002807,0.799996,0.489651,0.884181,0.162459,0.641232,0.489085,0.929872,0.141508,0.789223,0.461774,0.825639,0.026742,0.817255,-0.039609,-0.574291,0.552694,0.784239,0.488725,0.000666,0.581219,0.767848,0.423243,0.748558,0.616272,0.771253,0.519560,0.949170,0.545173,0.770079,0.439926,0.920796,0.574360,0.772881,0.533567,0.739569,0.446445,0.839134,0.527331,0.828776,0.000710,0.002664,0.000162,-0.999996,0.186780,0.723484,0.904021,0.000965,0.242959,0.752716,1.141838,0.528919,0.665099,0.712822,1.218166,0.901190,-0.316640,0.720043,0.471458,0.427907,-0.321981,0.722483,1.214673,0.906072,0.664466,0.709357,0.473972,0.849165,0.581912,0.767549,0.422617,0.616330,0.771035,0.519502,0.545404,0.769939,0.440010,0.573535,0.773511,0.533504,0.446257,0.839203,0.527942,0.243874,0.754287,1.141331,0.665211,0.712514,1.217960,-0.318901,0.720074,0.471449,-0.322015,0.722109,1.214698,0.664807,0.709169,0.474432,-0.002418,0.643705,0.489444,-0.003274,0.800791,0.490189,0.162453,0.641081,0.489431,0.141884,0.789311,0.461279
124,1.240000,-0.000955,0.033973,-0.002042,-0.999420,0.074677,0.718718,0.482559,0.000780,-0.002441,0.644347,0.489766,0.819052,-0.002823,0.799995,0.489668,0.733076,0.162482,0.641270,0.489042,0.905576,0.141489,0.789261,0.461759,0.842905,0.026868,0.817210,-0.039531,-0.574355,0.552692,0.784243,0.488733,0.000676,0.581204,0.767843,0.423246,0.754975,0.616271,0.771239,0.519559,0.941581,0.545160,0.770085,0.439935,0.929089,0.574361,0.772879,0.533571,0.740236,0.446466,0.839171,0.527353,0.839396,0.000716,0.002670,0.000158,-0.999996,0.186785,0.723485,0.904021,0.000971,0.242960,0.752720,1.141838,0.528138,0.665099,0.712830,1.218171,0.903177,-0.316631,0.720034,0.471451,0.434741,-0.321980,0.722484,1.214666,0.905940,0.664476,0.709356,0.473977,0.849223,0.581913,0.767550,0.422615,0.616323,0.771029,0.519502,0.545406,0.769916,0.440000,0.573524,0.773507,0.533504,0.446267,0.839256,0.527984,0.243876,0.754270,1.141331,0.665206,0.712520,1.217957,-0.318908,0.720069,0.471445,-0.322018,0.722110,1.214695,0.664812,0.709170,0.474445,-0.002452,0.643655,0.489454,-0.003274,0.800809,0.490190,0.162492,0.641169,0.489370,0.141891,0.789331,0.461281
125,1.250000,-0.000936,0.034009,-0.001941,-0.999419,0.074687,0.718688,0.482554,0.000790,-0.002446,0.644333,0.489758,0.823881,-0.002796,0.799981,0.489655,0.733645,0.162476,0.641222,0.489046,0.904379,0.141515,0.789217,0.461757,0.845655,0.026828,0.817257,-0.039443,-0.574296,0.552707,0.784251,0.488740,0.000682,0.581228,0.767861,0.423255,0.754071,0.616281,0.771238,0.519573,0.941996,0.545182,0.770101,0.439938,0.917884,0.574369,0.772878,0.533580,0.734018,0.446476,0.839174,0.527354,0.840328,0.000627,0.002627,0.000201,-0.999996,0.186740,0.723528,0.904050,0.000899,0.242938,0.752716,1.141867,0.522109,0.665080,0.712777,1.218157,0.915105,-0.316713,0.720198,0.471523,0.517091,-0.321999,0.722515,1.214739,0.893342,0.664392,0.709435,0.473963,0.826210,0.581916,0.767558,0.422621,0.616325,0.771025,0.519492,0.545448,0.769965,0.440074,0.573516,0.773507,0.533494,0.446291,0.839243,0.527961,0.243871,0.754290,1.141314,0.665216,0.712517,1.217984,-0.318640,0.720340,0.471549,-0.322026,0.722090,1.214703,0.664820,0.709194,0.474455,-0.002420,0.643702,0.489447,-0.003281,0.800778,0.490170,0.162507,0.641038,0.489379,0.141889,0.789324,0.461277
126,1.260000,-0.000908,0.033915,-0.002017,-0.999422,0.074679,0.718723,0.482564,0.000768,-0.002442,0.644357,0.489787,0.815219,-0.002816,0.800004,0.489675,0.735231,0.162480,0.641271,0.489044,0.915018,0.141492,0.789260,0.461749,0.846453,0.026680,0.817318,-0.039474,-0.574214,0.552703,0.784246,0.488739,0.000678,0.581241,0.767873,0.423257,0.756331,0.616275,0.771248,0.519582,0.941275,0.545191,0.770100,0.439934,0.919325,0.574360,0.772874,0.533581,0.739642,0.446449,0.839134,0.527339,0.835884,0.000607,0.002679,0.000165,-0.999996,0.186732,0.723374,0.904026,0.001122,0.242904,0.752557,1.141850,0.341613,0.665041,0.712644,1.218182,0.924117,-0.316675,0.720024,0.471446,0.443201,-0.322039,0.722313,1.214661,0.948159,0.664431,0.709332,0.473988,0.846281,0.581915,0.767553,0.422629,0.616333,0.771031,0.519513,0.545467,0.769978,0.440050,0.573529,0.773495,0.533492,0.446239,0.839211,0.527956,0.244356,0.754450,1.140735,0.665210,0.712521,1.217962,-0.318902,0.720068,0.471435,-0.322012,0.722110,1.214696,0.664807,0.709178,0.474450,-0.002443,0.643685,0.489479,-0.003274,0.800811,0.490185,0.162498,0.641164,0.489366,0.141884,0.789320,0.461280
127,1.270000,-0.000857,0.034159,-0.001982,-0.999414,0.074664,0.718674,0.482561,0.000808,-0.002466,0.644314,0.489754,0.805705,-0.002828,0.799961,0.489626,0.725738,0.162457,0.641216,0.489092,0.907489,0.141493,0.789204,0.461773,0.838416,0.026762,0.817210,-0.038925,-0.574401,0.552657,0.784355,0.488852,0.000733,0.581156,0.768012,0.423346,0.713579,0.616231,0.771282,0.519660,0.922833,0.545115,0.770255,0.440039,0.866999,0.574322,0.772930,0.533677,0.752968,0.446461,0.839296,0.527539,0.875220,0.000715,0.002681,0.000132,-0.999996,0.186792,0.723500,0.904020,0.000973,0.242962,0.752738,1.141839,0.537145,0.665101,0.712870,1.218181,0.902647,-0.316614,0.720024,0.471441,0.426747,-0.321979,0.722472,1.214655,0.904862,0.664493,0.709397,0.473987,0.850611,0.581917,0.767545,0.422627,0.616326,0.771035,0.519502,0.545298,0.770376,0.440523,0.573533,0.773496,0.533495,0.446259,0.839300,0.527995,0.243868,0.754266,1.141318,0.665215,0.712559,1.217977,-0.318906,0.720069,0.471438,-0.322026,0.722096,1.214689,0.664823,0.709212,0.474449,-0.002476,0.643608,0.489428,-0.003275,0.800798,0.490177,0.162465,0.641082,0.489437,0.141887,0.789310,0.461271
128,1.280000,-0.000910,0.033960,-0.002018,-0.999421,0.074681,0.718717,0.482559,0.000770,-0.002440,0.644350,0.489776,0.805705,-0.002815,0.799998,0.489664,0.725738,0.162482,0.641265,0.489047,0.907489,0.141496,0.789255,0.461751,0.838416,0.026843,0.817212,-0.039642,-0.574345,0.552695,0.784244,0.488734,0.000671,0.581210,0.767838,0.423251,0.713579,0.616276,0.771255,0.519563,0.922833,0.545166,0.770076,0.439939,0.866999,0.574365,0.772890,0.533575,0.752968,0.446459,0.839159,0.527345,0.875220,0.000634,0.002683,0.000149,-0.999996,0.186735,0.723391,0.904028,0.001119,0.242904,0.752589,1.141851,0.537145,0.665042,0.712694,1.218188,0.902647,-0.316669,0.720002,0.471445,0.426747,-0.322038,0.722331,1.214660,0.904862,0.664437,0.709341,0.473994,0.850611,0.581914,0.767550,0.422622,0.616331,0.771051,0.519518,0.545404,0.769904,0.439997,0.573524,0.773513,0.533504,0.446271,0.839242,0.527975,0.244342,0.754474,1.140737,0.665223,0.712572,1.217977,-0.318903,0.720082,0.471450,-0.322028,0.722115,1.214694,0.664811,0.709177,0.474446,-0.002443,0.643672,0.489460,-0.003271,0.800814,0.490188,0.162497,0.641165,0.489374,0.141888,0.789310,0.461275
129,1.290000,-0.000810,0.034063,-0.001942,-0.999418,0.074667,0.718696,0.482572,0.000788,-0.002467,0.644343,0.489787,0.813087,-0.002817,0.799991,0.489645,0.732151,0.162455,0.641232,0.489093,0.914373,0.141498,0.789219,0.461764,0.845048,0.026695,0.817306,-0.039581,-0.574222,0.552700,0.784234,0.488716,0.000654,0.581238,0.767851,0.423237,0.753295,0.616274,0.771248,0.519560,0.946127,0.545188,0.770078,0.439914,0.925130,0.574359,0.772872,0.533560,0.737615,0.446442,0.839119,0.527310,0.834222,0.000705,0.002672,0.000149,-0.999996,0.186798,0.723495,0.904021,0.000969,0.242972,0.752726,1.141839,0.345254,0.665111,0.712842,1.218173,0.924063,-0.316616,0.720045,0.471449,0.441236,-0.321968,0.722479,1.214664,0.945364,0.664490,0.709384,0.473979,0.847635,0.581914,0.767555,0.422624,0.616327,0.771040,0.519511,0.545425,0.769931,0.439972,0.573541,0.773491,0.533499,0.446261,0.839190,0.527928,0.243875,0.754267,1.141337,0.665229,0.712527,1.217957,-0.318901,0.720069,0.471450,-0.322011,0.722106,1.214689,0.664820,0.709202,0.474450,-0.002443,0.643677,0.489469,-0.003282,0.800793,0.490172,0.162450,0.641091,0.489430,0.141890,0.789314,0.461276
130,1.300000,-0.000869,0.034149,-0.001944,-0.999415,0.074675,0.718694,0.482565,0.000786,-0.002460,0.644339,0.489757,0.814695,-0.002810,0.799987,0.489634,0.727880,0.162462,0.641229,0.489092,0.905981,0.141509,0.789220,0.461777,0.841194,0.026725,0.817287,-0.039572,-0.574249,0.552699,0.784235,0.488729,0.000673,0.581231,0.767849,0.423248,0.755649,0.616274,0.771246,0.519570,0.939222,0.545183,0.770079,0.439928,0.921785,0.574360,0.772874,0.533572,0.737893,0.446446,0.839128,0.527328,0.841129,0.000727,0.002669,0.000140,-0.999996,0.186787,0.723483,0.904019,0.000972,0.242962,0.752726,1.141835,0.534253,0.665102,0.712852,1.218168,0.904069,-0.316630,0.720006,0.471451,0.433159,-0.321978,0.722472,1.214666,0.903486,0.664476,0.709362,0.473974,0.847990,0.581917,0.767554,0.422618,0.616318,0.771021,0.519492,0.545435,0.769941,0.440052,0.573530,0.773510,0.533499,0.446258,0.839195,0.527931,0.243877,0.754261,1.141311,0.665215,0.712547,1.217965,-0.318896,0.720076,0.471439,-0.322020,0.722089,1.214698,0.664814,0.709168,0.474441,-0.002428,0.643678,0.489424,-0.003274,0.800802,0.490187,0.162458,0.641089,0.489441,0.141889,0.789305,0.461275
131,1.310000,-0.000796,0.034111,-0.002003,-0.999416,0.074666,0.718684,0.482566,0.000776,-0.002460,0.644322,0.489776,0.815790,-0.002828,0.799970,0.489629,0.743562,0.162463,0.641230,0.489098,0.908591,0.141490,0.789214,0.461763,0.841746,0.026738,0.817284,-0.039600,-0.574251,0.552690,0.784239,0.488719,0.000663,0.581222,0.767850,0.423239,0.757038,0.616266,0.771253,0.519560,0.944803,0.545174,0.770080,0.439919,0.926455,0.574352,0.772880,0.533563,0.743431,0.446438,0.839133,0.527316,0.836446,0.000712,0.002676,0.000161,-0.999996,0.186793,0.723499,0.904019,0.000969,0.242966,0.752732,1.141837,0.535482,0.665104,0.712839,1.218174,0.901585,-0.316618,0.720055,0.471444,0.430098,-0.321976,0.722498,1.214658,0.906575,0.664488,0.709370,0.473981,0.850584,0.581918,0.767571,0.422621,0.616326,0.771047,0.519506,0.545404,0.769912,0.439991,0.573527,0.773487,0.533492,0.446248,0.839215,0.527936,0.243872,0.754272,1.141328,0.665223,0.712524,1.217970,-0.318897,0.720070,0.471438,-0.322020,0.722128,1.214685,0.664819,0.709191,0.474445,-0.002443,0.643655,0.489464,-0.003274,0.800743,0.490135,0.162456,0.641091,0.489436,0.141884,0.789322,0.461279
132,1.320000,-0.000981,0.034024,-0.002073,-0.999418,0.074678,0.718696,0.482549,0.000794,-0.002435,0.644320,0.489745,0.815790,-0.002827,0.799968,0.489655,0.743562,0.162488,0.641254,0.489037,0.908591,0.141488,0.789244,0.461759,0.841746,0.026771,0.817267,-0.039667,-0.574269,0.552690,0.784234,0.488723,0.000669,0.581219,0.767835,0.423244,0.757038,0.616268,0.771253,0.519562,0.944803,0.545172,0.770067,0.439925,0.926455,0.574354,0.772882,0.533567,0.743431,0.446438,0.839131,0.527316,0.836446,0.000743,0.002666,0.000144,-0.999996,0.186791,0.723495,0.904016,0.000968,0.242968,0.752744,1.141831,0.535482,0.665109,0.712871,1.218163,0.901585,-0.316628,0.720006,0.471451,0.430098,-0.321971,0.722496,1.214666,0.906575,0.664479,0.709355,0.473969,0.850584,0.581916,0.767542,0.422611,0.616327,0.771037,0.519514,0.545404,0.769913,0.439999,0.573529,0.773509,0.533501,0.446248,0.839206,0.527934,0.243870,0.754277,1.141314,0.665226,0.712560,1.217958,-0.318909,0.720059,0.471447,-0.322013,0.722116,1.214694,0.664809,0.709167,0.474436,-0.002466,0.643595,0.489434,-0.003266,0.800799,0.490181,0.162492,0.641169,0.489364,0.141902,0.789319,0.461279
133,1.330000,-0.000837,0.034119,-0.001963,-0.999416,0.074678,0.718696,0.482565,0.000784,-0.002454,0.644339,0.489767,0.802536,-0.002810,0.799987,0.489633,0.730644,0.162468,0.641234,0.489092,0.915731,0.141508,0.789222,0.461768,0.840362,0.026735,0.817261,-0.039618,-0.574282,0.552696,0.784230,0.488721,0.000668,0.581224,0.767839,0.423239,0.753614,0.616275,0.771246,0.519557,0.942783,0.545177,0.770070,0.439922,0.927901,0.574362,0.772873,0.533563,0.740312,0.446446,0.839123,0.527324,0.837268,0.000715,0.002674,0.000150,-0.999996,0.186789,0.723480,0.904015,0.000973,0.242963,0.752715,1.141833,0.537158,0.665102,0.712832,1.218169,0.902463,-0.316623,0.720021,0.471442,0.429593,-0.321978,0.722470,1.214657,0.904203,0.664483,0.709359,0.473975,0.849538,0.581910,0.767546,0.422614,0.616331,0.771030,0.519498,0.545415,0.769923,0.440011,0.573525,0.773504,0.533499,0.446264,0.839191,0.527934,0.243876,0.754270,1.141317,0.665221,0.712524,1.217963,-0.318900,0.720069,0.471436,-0.322025,0.722093,1.214687,0.664819,0.709169,0.474437,-0.002420,0.643683,0.489440,-0.003281,0.800793,0.490176,0.162464,0.641095,0.489435,0.141895,0.789306,0.461273
134,1.340000,-0.000833,0.034068,-0.001980,-0.999417,0.074671,0.718689,0.482570,0.000796,-0.002458,0.644330,0.489781,0.810578,-0.002819,0.799977,0.489645,0.727408,0.162464,0.641231,0.489089,0.907535,0.141496,0.789218,0.461766,0.841326,0.026833,0.817232,-0.039509,-0.574326,0.552708,0.784245,0.488734,0.000684,0.581225,0.767850,0.423248,0.752675,0.616285,0.771240,0.519563,0.940914,0.545180,0.770090,0.439934,0.919363,0.574374,0.772878,0.533573,0.731017,0.446477,0.839166,0.527350,0.838911,0.000713,0.002677,0.000142,-0.999996,0.186796,0.723511,0.904022,0.000978,0.242967,0.752746,1.141840,0.538760,0.665106,0.712869,1.218179,0.900798,-0.316614,0.720047,0.471445,0.426351,-0.321974,0.722492,1.214660,0.905386,0.664493,0.709399,0.473985,0.849219,0.581922,0.767548,0.422614,0.616332,0.771020,0.519489,0.545440,0.769947,0.440061,0.573517,0.773522,0.533482,0.446287,0.839237,0.527962,0.243866,0.754270,1.141318,0.665223,0.712554,1.217968,-0.318908,0.720074,0.471438,-0.322028,0.722119,1.214700,0.664828,0.709219,0.474453,-0.002447,0.643645,0.489456,-0.003274,0.800806,0.490190,0.162468,0.641092,0.489431,0.141881,0.789313,0.461270
135,1.350000,-0.000832,0.034114,-0.001983,-0.999416,0.074675,0.718690,0.482574,0.000787,-0.002454,0.644330,0.489777,0.811974,-0.002816,0.799978,0.489641,0.733078,0.162468,0.641232,0.489100,0.908950,0.141502,0.789219,0.461775,0.840807,0.026855,0.817239,-0.039508,-0.574316,0.552702,0.784231,0.488723,0.000666,0.581219,0.767834,0.423238,0.757825,0.616278,0.771225,0.519554,0.942032,0.545174,0.770076,0.439923,0.925351,0.574366,0.772865,0.533563,0.735685,0.446472,0.839157,0.527335,0.837832,0.000772,0.002673,0.000131,-0.999996,0.186802,0.723512,0.904018,0.000974,0.242974,0.752777,1.141833,0.546056,0.665115,0.712918,1.218173,0.903587,-0.316611,0.719986,0.471446,0.427433,-0.321965,0.722519,1.214661,0.901097,0.664496,0.709360,0.473979,0.850682,0.581911,0.767554,0.422620,0.616331,0.771007,0.519497,0.545411,0.769909,0.439995,0.573527,0.773506,0.533498,0.446288,0.839231,0.527953,0.243876,0.754270,1.141328,0.665227,0.712607,1.217973,-0.318899,0.720080,0.471438,-0.322020,0.722129,1.214695,0.664826,0.709166,0.474437,-0.002443,0.643650,0.489457,-0.003270,0.800785,0.490173,0.162466,0.641102,0.489440,0.141896,0.789313,0.461284
