timestamp,sync_pin,tvec_12_x,tvec_12_y,tvec_12_z,tvec_14_x,tvec_14_y,tvec_14_z,tvec_20_x,tvec_20_y,tvec_20_z,rvec_12_x,rvec_12_y,rvec_12_z,rvec_14_x,rvec_14_y,rvec_14_z,rvec_20_x,rvec_20_y,rvec_20_z
2026-04-30 15:17:17.097799,0,0.125082,-0.046061,0.430891,nan,nan,nan,nan,nan,nan,-3.101689,-0.014153,0.008048,nan,nan,nan,nan,nan,nan
2026-04-30 15:17:17.132114,0,0.125119,-0.046082,0.43104,nan,nan,nan,nan,nan,nan,-3.100393,-0.013569,0.008594,nan,nan,nan,nan,nan,nan
2026-04-30 15:17:17.164501,0,0.12505,-0.046038,0.430688,nan,nan,nan,nan,nan,nan,-3.101352,-0.013792,0.009027,nan,nan,nan,nan,nan,nan
2026-04-30 15:17:17.199188,0,0.12501,-0.046011,0.430456,nan,nan,nan,nan,nan,nan,-3.1082,-0.014904,0.002558,nan,nan,nan,nan,nan,nan
2026-04-30 15:17:17.229016,0,0.125052,-0.046029,0.430552,nan,nan,nan,nan,nan,nan,-3.105433,-0.013313,0.004565,nan,nan,nan,nan,nan,nan
2026-04-30 15:17:17.256688,0,0.125033,-0.046019,0.430416,nan,nan,nan,nan,nan,nan,-3.109452,-0.013063,0.001438,nan,nan,nan,nan,nan,nan
2026-04-30 15:17:17.283465,0,0.125022,-0.046007,0.430386,nan,nan,nan,nan,nan,nan,-3.106997,-0.013962,0.003795,nan,nan,nan,nan,nan,nan
2026-04-30 15:17:17.316369,0,0.125064,-0.046029,0.430571,nan,nan,nan,nan,nan,nan,-3.107889,-0.014675,0.006731,nan,nan,nan,nan,nan,nan
2026-04-30 15:17:17.338524,0,0.125181,-0.046085,0.430946,nan,nan,nan,nan,nan,nan,-3.106469,-0.013087,0.011485,nan,nan,nan,nan,nan,nan
2026-04-30 15:17:17.363109,0,0.125124,-0.046063,0.430749,nan,nan,nan,nan,nan,nan,-3.106078,-0.012414,0.008308,nan,nan,nan,nan,nan,nan
2026-04-30 15:17:17.389905,0,0.125096,-0.046052,0.430605,nan,nan,nan,nan,nan,nan,-3.113217,-0.013121,0.002949,nan,nan,nan,nan,nan,nan
2026-04-30 15:17:17.420469,0,0.125111,-0.046056,0.430649,nan,nan,nan,nan,nan,nan,-3.109038,-0.011871,0.004329,nan,nan,nan,nan,nan,nan
2026-04-30 15:17:17.450462,0,0.125276,-0.046136,0.431215,nan,nan,nan,nan,nan,nan,-3.105347,-0.010323,0.016823,nan,nan,nan,nan,nan,nan
2026-04-30 15:17:17.478731,0,0.125297,-0.046141,0.431296,nan,nan,nan,nan,nan,nan,-3.102492,-0.010054,0.014,nan,nan,nan,nan,nan,nan
2026-04-30 15:17:17.508679,0,0.125119,-0.046061,0.430722,nan,nan,nan,nan,nan,nan,-3.106888,-0.012012,0.005305,nan,nan,nan,nan,nan,nan
2026-04-30 15:17:17.537313,0,0.125996,-0.046293,0.433638,nan,nan,nan,nan,nan,nan,-3.112558,-0.018666,-0.003255,nan,nan,nan,nan,nan,nan
2026-04-30 15:17:17.566810,0,0.125088,-0.046049,0.43057,nan,nan,nan,nan,nan,nan,-3.114137,-0.01277,-0.000127,nan,nan,nan,nan,nan,nan
2026-04-30 15:17:17.594079,0,0.125107,-0.046055,0.430635,nan,nan,nan,nan,nan,nan,-3.109417,-0.012,0.004159,nan,nan,nan,nan,nan,nan
2026-04-30 15:17:17.623109,0,0.125151,-0.046076,0.430794,nan,nan,nan,nan,nan,nan,-3.108012,-0.011407,0.006155,nan,nan,nan,nan,nan,nan
2026-04-30 15:17:17.653466,0,0.125137,-0.046071,0.430716,nan,nan,nan,nan,nan,nan,-3.110193,-0.011428,0.003836,nan,nan,nan,nan,nan,nan
2026-04-30 15:17:17.694468,0,0.125096,-0.046052,0.430588,nan,nan,nan,nan,nan,nan,-3.110718,-0.011787,0.000933,nan,nan,nan,nan,nan,nan
2026-04-30 15:17:17.723064,0,0.125096,-0.046053,0.430624,nan,nan,nan,nan,nan,nan,-3.112673,-0.01309,0.001892,nan,nan,nan,nan,nan,nan
2026-04-30 15:17:17.753419,0,0.125082,-0.046054,0.430638,nan,nan,nan,nan,nan,nan,-3.112429,-0.01296,0.000638,nan,nan,nan,nan,nan,nan
2026-04-30 15:17:17.782982,0,0.125073,-0.04605,0.430579,nan,nan,nan,nan,nan,nan,-3.114035,-0.012776,-0.001439,nan,nan,nan,nan,nan,nan
2026-04-30 15:17:17.809286,0,0.125055,-0.046038,0.430528,nan,nan,nan,nan,nan,nan,-3.109492,-0.012317,0.00018,nan,nan,nan,nan,nan,nan
2026-04-30 15:17:17.844232,0,0.125073,-0.046048,0.430544,nan,nan,nan,nan,nan,nan,-3.115056,-0.012837,0.000689,nan,nan,nan,nan,nan,nan
2026-04-30 15:17:17.887066,0,0.125204,-0.046079,0.430832,nan,nan,nan,nan,nan,nan,-3.106768,-0.011505,0.005191,nan,nan,nan,nan,nan,nan
2026-04-30 15:17:17.932438,0,0.125332,-0.046095,0.431103,nan,nan,nan,nan,nan,nan,-3.097679,-0.011272,0.003398,nan,nan,nan,nan,nan,nan
2026-04-30 15:17:17.968821,0,0.12536,-0.046081,0.431073,nan,nan,nan,nan,nan,nan,-3.09467,-0.011585,0.000376,nan,nan,nan,nan,nan,nan
2026-04-30 15:17:17.999245,0,0.12547,-0.046151,0.431464,nan,nan,nan,nan,nan,nan,-3.096788,-0.009675,0.011708,nan,nan,nan,nan,nan,nan
2026-04-30 15:17:18.026813,0,0.12543,-0.046136,0.43141,nan,nan,nan,nan,nan,nan,-3.094605,-0.010055,0.007244,nan,nan,nan,nan,nan,nan
2026-04-30 15:17:18.057662,0,0.12535,-0.046096,0.431127,nan,nan,nan,nan,nan,nan,-3.096813,-0.011284,0.003672,nan,nan,nan,nan,nan,nan
2026-04-30 15:17:18.097622,0,0.125326,-0.046093,0.431066,nan,nan,nan,nan,nan,nan,-3.098982,-0.011278,0.004199,nan,nan,nan,nan,nan,nan
2026-04-30 15:17:18.126829,0,0.125343,-0.046124,0.4312,nan,nan,nan,nan,nan,nan,-3.101989,-0.010426,0.009841,nan,nan,nan,nan,nan,nan
2026-04-30 15:17:18.172679,0,0.125376,-0.046146,0.43137,nan,nan,nan,nan,nan,nan,-3.100094,-0.009486,0.008031,nan,nan,nan,nan,nan,nan
2026-04-30 15:17:18.199373,0,0.125349,-0.046127,0.431254,nan,nan,nan,nan,nan,nan,-3.10017,-0.01018,0.007953,nan,nan,nan,nan,nan,nan
2026-04-30 15:17:18.226699,0,0.1254,-0.046136,0.431404,nan,nan,nan,nan,nan,nan,-3.094829,-0.010031,0.005945,nan,nan,nan,nan,nan,nan
2026-04-30 15:17:18.256075,0,0.125338,-0.04611,0.431167,nan,nan,nan,nan,nan,nan,-3.099471,-0.01044,0.004119,nan,nan,nan,nan,nan,nan
2026-04-30 15:17:18.287484,0,0.125376,-0.046116,0.431262,nan,nan,nan,nan,nan,nan,-3.096005,-0.010532,0.005403,nan,nan,nan,nan,nan,nan
2026-04-30 15:17:18.318713,0,0.125394,-0.046117,0.431283,nan,nan,nan,nan,nan,nan,-3.095209,-0.010612,0.005647,nan,nan,nan,nan,nan,nan
2026-04-30 15:17:18.344022,0,0.125418,-0.046136,0.431409,nan,nan,nan,nan,nan,nan,-3.094636,-0.010134,0.007276,nan,nan,nan,nan,nan,nan
2026-04-30 15:17:18.376572,0,0.125395,-0.046117,0.431288,nan,nan,nan,nan,nan,nan,-3.095057,-0.010545,0.005703,nan,nan,nan,nan,nan,nan
2026-04-30 15:17:18.407648,0,0.125364,-0.046096,0.431135,nan,nan,nan,nan,nan,nan,-3.096463,-0.011352,0.003756,nan,nan,nan,nan,nan,nan
2026-04-30 15:17:18.439008,0,0.125389,-0.046116,0.431267,nan,nan,nan,nan,nan,nan,-3.095747,-0.01081,0.005436,nan,nan,nan,nan,nan,nan
2026-04-30 15:17:18.468416,0,0.125474,-0.046153,0.431502,nan,nan,nan,nan,nan,nan,-3.095307,-0.009342,0.006969,nan,nan,nan,nan,nan,nan
2026-04-30 15:17:18.501813,0,0.125476,-0.046157,0.431576,nan,nan,nan,nan,nan,nan,-3.092578,-0.009456,0.009351,nan,nan,nan,nan,nan,nan
2026-04-30 15:17:18.536260,0,0.12544,-0.046149,0.431438,nan,nan,nan,nan,nan,nan,-3.097725,-0.009743,0.011441,nan,nan,nan,nan,nan,nan
2026-04-30 15:17:18.566965,0,0.125405,-0.046117,0.431282,nan,nan,nan,nan,nan,nan,-3.095166,-0.010813,0.005604,nan,nan,nan,nan,nan,nan
2026-04-30 15:17:18.592752,0,0.125509,-0.046161,0.431637,nan,nan,nan,nan,nan,nan,-3.090167,-0.009465,0.011469,nan,nan,nan,nan,nan,nan
2026-04-30 15:17:18.619272,0,0.125427,-0.046132,0.43135,nan,nan,nan,nan,nan,nan,-3.096717,-0.009912,0.003767,nan,nan,nan,nan,nan,nan
2026-04-30 15:17:18.646499,0,0.125505,-0.046159,0.431604,nan,nan,nan,nan,nan,nan,-3.091375,-0.009765,0.012371,nan,nan,nan,nan,nan,nan
2026-04-30 15:17:18.674419,0,0.12519,-0.046013,0.430499,nan,nan,nan,nan,nan,nan,-3.103087,-0.01319,-0.00296,nan,nan,nan,nan,nan,nan
2026-04-30 15:17:18.697288,0,0.12555,-0.046173,0.431656,nan,nan,nan,nan,nan,nan,-3.093712,-0.00887,0.01149,nan,nan,nan,nan,nan,nan
2026-04-30 15:17:18.726147,0,0.125428,-0.046128,0.431271,nan,nan,nan,nan,nan,nan,-3.099581,-0.01037,0.009167,nan,nan,nan,nan,nan,nan
2026-04-30 15:17:18.751478,0,0.125391,-0.046123,0.431204,nan,nan,nan,nan,nan,nan,-3.105176,-0.01111,0.006269,nan,nan,nan,nan,nan,nan
2026-04-30 15:17:18.776739,0,0.12543,-0.046135,0.431395,nan,nan,nan,nan,nan,nan,-3.095183,-0.010149,0.008344,nan,nan,nan,nan,nan,nan
2026-04-30 15:17:18.810717,0,0.125593,-0.04618,0.431791,nan,nan,nan,nan,nan,nan,-3.088319,-0.008535,0.007994,nan,nan,nan,nan,nan,nan
2026-04-30 15:17:18.838420,0,0.125481,-0.046136,0.43141,nan,nan,nan,nan,nan,nan,-3.094529,-0.010186,0.008376,nan,nan,nan,nan,nan,nan
2026-04-30 15:17:18.879602,0,0.125556,-0.046124,0.431444,nan,nan,nan,nan,nan,nan,-3.088483,-0.01006,0.000983,nan,nan,nan,nan,nan,nan
2026-04-30 15:17:18.908811,0,0.125488,-0.0461,0.431224,nan,nan,nan,nan,nan,nan,-3.092756,-0.010854,-0.000509,nan,nan,nan,nan,nan,nan
2026-04-30 15:17:18.936857,0,0.125731,-0.046201,0.431958,nan,nan,nan,nan,nan,nan,-3.085731,-0.007147,0.005934,nan,nan,nan,nan,nan,nan
2026-04-30 15:17:18.968794,0,0.125729,-0.046181,0.431823,nan,nan,nan,nan,nan,nan,-3.086386,-0.00804,0.004229,nan,nan,nan,nan,nan,nan
2026-04-30 15:17:18.994665,0,0.125629,-0.046124,0.431407,nan,nan,nan,nan,nan,nan,-3.090448,-0.00997,-0.006113,nan,nan,nan,nan,nan,nan
2026-04-30 15:17:19.020527,0,0.125653,-0.046136,0.431417,nan,nan,nan,nan,nan,nan,-3.094247,-0.009397,-0.003608,nan,nan,nan,nan,nan,nan
2026-04-30 15:17:19.052178,0,0.126334,-0.04636,0.434085,nan,nan,nan,nan,nan,nan,-3.092166,-0.014217,-0.008175,nan,nan,nan,nan,nan,nan
2026-04-30 15:17:19.071787,0,0.125711,-0.046148,0.431429,nan,nan,nan,nan,nan,nan,-3.097628,-0.009058,0.001504,nan,nan,nan,nan,nan,nan
2026-04-30 15:17:19.098688,0,0.12568,-0.046131,0.431337,nan,nan,nan,nan,nan,nan,-3.096954,-0.009626,-0.000878,nan,nan,nan,nan,nan,nan
2026-04-30 15:17:19.123286,0,0.125601,-0.046099,0.431003,nan,nan,nan,nan,nan,nan,-3.104303,-0.010365,-0.001306,nan,nan,nan,nan,nan,nan
2026-04-30 15:17:19.145512,0,0.125702,-0.046148,0.431424,nan,nan,nan,nan,nan,nan,-3.097859,-0.009167,0.002747,nan,nan,nan,nan,nan,nan
2026-04-30 15:17:19.180404,0,0.126146,-0.046256,0.433244,nan,nan,nan,nan,nan,nan,-3.107158,-0.019152,-0.012386,nan,nan,nan,nan,nan,nan
2026-04-30 15:17:19.214225,0,0.125653,-0.046109,0.431171,nan,nan,nan,nan,nan,nan,-3.09885,-0.010306,0.002219,nan,nan,nan,nan,nan,nan
2026-04-30 15:17:19.242394,0,0.125657,-0.046106,0.431117,nan,nan,nan,nan,nan,nan,-3.100527,-0.010348,0.000174,nan,nan,nan,nan,nan,nan
2026-04-30 15:17:19.267223,0,0.125706,-0.046126,0.431265,nan,nan,nan,nan,nan,nan,-3.099265,-0.009765,0.0007,nan,nan,nan,nan,nan,nan
2026-04-30 15:17:19.295846,0,0.125778,-0.046156,0.431566,nan,nan,nan,nan,nan,nan,-3.092535,-0.009314,0.004622,nan,nan,nan,nan,nan,nan
2026-04-30 15:17:19.323468,0,0.12568,-0.046123,0.431219,nan,nan,nan,nan,nan,nan,-3.10086,-0.009713,0.000102,nan,nan,nan,nan,nan,nan
2026-04-30 15:17:19.352223,0,0.12563,-0.046087,0.431005,nan,nan,nan,nan,nan,nan,-3.100497,-0.011122,0.00013,nan,nan,nan,nan,nan,nan
2026-04-30 15:17:19.379802,0,0.125674,-0.046108,0.43116,nan,nan,nan,nan,nan,nan,-3.099076,-0.010511,0.002041,nan,nan,nan,nan,nan,nan
2026-04-30 15:17:19.411845,0,0.125594,-0.046066,0.430849,nan,nan,nan,nan,nan,nan,-3.101898,-0.01161,-0.003111,nan,nan,nan,nan,nan,nan
2026-04-30 15:17:19.441835,0,0.125608,-0.046066,0.430849,nan,nan,nan,nan,nan,nan,-3.101816,-0.011452,-0.005713,nan,nan,nan,nan,nan,nan
2026-04-30 15:17:19.468124,0,0.125667,-0.046089,0.431043,nan,nan,nan,nan,nan,nan,-3.099117,-0.010933,-0.002017,nan,nan,nan,nan,nan,nan
2026-04-30 15:17:19.494567,0,0.125725,-0.046129,0.431317,nan,nan,nan,nan,nan,nan,-3.097497,-0.009789,0.002691,nan,nan,nan,nan,nan,nan
2026-04-30 15:17:19.526101,0,0.126333,-0.046333,0.433807,nan,nan,nan,nan,nan,nan,-3.095124,-0.013493,-0.010513,nan,nan,nan,nan,nan,nan
2026-04-30 15:17:19.551255,0,0.125687,-0.046108,0.431162,nan,nan,nan,nan,nan,nan,-3.098887,-0.010093,-0.004425,nan,nan,nan,nan,nan,nan
2026-04-30 15:17:19.578395,0,0.12565,-0.046087,0.430999,nan,nan,nan,nan,nan,nan,-3.100575,-0.010915,-0.003877,nan,nan,nan,nan,nan,nan
2026-04-30 15:17:19.610637,0,0.126278,-0.046287,0.43362,nan,nan,nan,nan,nan,nan,-3.105427,-0.018569,-0.010428,nan,nan,nan,nan,nan,nan
2026-04-30 15:17:19.656367,0,0.125692,-0.046107,0.431149,nan,nan,nan,nan,nan,nan,-3.099322,-0.010303,-0.00203,nan,nan,nan,nan,nan,nan
2026-04-30 15:17:19.693250,0,0.125666,-0.046097,0.431048,nan,nan,nan,nan,nan,nan,-3.101286,-0.011003,0.000585,nan,nan,nan,nan,nan,nan
2026-04-30 15:17:19.722768,0,0.125737,-0.046128,0.431307,nan,nan,nan,nan,nan,nan,-3.097747,-0.009698,-7.1e-05,nan,nan,nan,nan,nan,nan
2026-04-30 15:17:19.750521,0,0.125646,-0.046087,0.43101,nan,nan,nan,nan,nan,nan,-3.100269,-0.010894,-0.002436,nan,nan,nan,nan,nan,nan
2026-04-30 15:17:19.781458,0,0.125724,-0.046129,0.431312,nan,nan,nan,nan,nan,nan,-3.097656,-0.009859,0.002632,nan,nan,nan,nan,nan,nan
2026-04-30 15:17:19.808867,0,0.125671,-0.046105,0.431115,nan,nan,nan,nan,nan,nan,-3.100528,-0.010114,-0.002474,nan,nan,nan,nan,nan,nan
2026-04-30 15:17:19.841310,0,0.125678,-0.046105,0.431115,nan,nan,nan,nan,nan,nan,-3.100529,-0.009999,-0.00379,nan,nan,nan,nan,nan,nan
2026-04-30 15:17:19.877762,0,0.125665,-0.046091,0.43106,nan,nan,nan,nan,nan,nan,-3.098654,-0.01077,-0.000499,nan,nan,nan,nan,nan,nan
2026-04-30 15:17:19.904986,0,0.12573,-0.046131,0.431342,nan,nan,nan,nan,nan,nan,-3.096611,-0.010119,0.005663,nan,nan,nan,nan,nan,nan
2026-04-30 15:17:19.932533,0,0.125587,-0.046066,0.43085,nan,nan,nan,nan,nan,nan,-3.101903,-0.011729,-0.001788,nan,nan,nan,nan,nan,nan
2026-04-30 15:17:19.964080,0,0.1258,-0.046157,0.4315,nan,nan,nan,nan,nan,nan,-3.096873,-0.008992,0.004887,nan,nan,nan,nan,nan,nan
2026-04-30 15:17:19.986377,0,0.125752,-0.046137,0.431355,nan,nan,nan,nan,nan,nan,-3.098098,-0.009618,0.002241,nan,nan,nan,nan,nan,nan
2026-04-30 15:17:20.018032,0,0.125594,-0.046066,0.430848,nan,nan,nan,nan,nan,nan,-3.101901,-0.011684,-0.003111,nan,nan,nan,nan,nan,nan
2026-04-30 15:17:20.048562,0,0.125669,-0.046105,0.431108,nan,nan,nan,nan,nan,nan,-3.100752,-0.010253,-0.002566,nan,nan,nan,nan,nan,nan
2026-04-30 15:17:20.082051,0,0.125853,-0.046191,0.431775,nan,nan,nan,nan,nan,nan,-3.093115,-0.007939,0.008426,nan,nan,nan,nan,nan,nan
2026-04-30 15:17:20.110326,0,0.125803,-0.046173,0.431571,nan,nan,nan,nan,nan,nan,-3.098185,-0.008091,0.004412,nan,nan,nan,nan,nan,nan
2026-04-30 15:17:20.143858,0,0.125775,-0.046152,0.431495,nan,nan,nan,nan,nan,nan,-3.095273,-0.008756,0.004905,nan,nan,nan,nan,nan,nan
2026-04-30 15:17:20.176485,0,0.125653,-0.04609,0.431043,nan,nan,nan,nan,nan,nan,-3.099187,-0.011163,0.00061,nan,nan,nan,nan,nan,nan
2026-04-30 15:17:20.203854,0,0.12559,-0.046056,0.430752,nan,nan,nan,nan,nan,nan,-3.103875,-0.011936,-0.004379,nan,nan,nan,nan,nan,nan
2026-04-30 15:17:20.234195,0,0.125633,-0.046077,0.430905,nan,nan,nan,nan,nan,nan,-3.102439,-0.011381,-0.002504,nan,nan,nan,nan,nan,nan
2026-04-30 15:17:20.258865,0,0.125592,-0.046066,0.430842,nan,nan,nan,nan,nan,nan,-3.102129,-0.011677,-0.003204,nan,nan,nan,nan,nan,nan
2026-04-30 15:17:20.289340,0,0.12557,-0.046064,0.430807,nan,nan,nan,nan,nan,nan,-3.103321,-0.011559,-0.003654,nan,nan,nan,nan,nan,nan
2026-04-30 15:17:20.313743,0,0.125736,-0.046131,0.43134,nan,nan,nan,nan,nan,nan,-3.096626,-0.010077,0.004318,nan,nan,nan,nan,nan,nan
2026-04-30 15:17:20.344882,0,0.125722,-0.046129,0.431307,nan,nan,nan,nan,nan,nan,-3.097809,-0.009927,0.002563,nan,nan,nan,nan,nan,nan
2026-04-30 15:17:20.369343,0,0.125742,-0.046147,0.431421,nan,nan,nan,nan,nan,nan,-3.097825,-0.009197,0.003957,nan,nan,nan,nan,nan,nan
2026-04-30 15:17:20.395270,0,0.125742,-0.046147,0.431421,nan,nan,nan,nan,nan,nan,-3.097825,-0.009197,0.003957,nan,nan,nan,nan,nan,nan
2026-04-30 15:17:20.425003,0,0.126328,-0.046337,0.433833,nan,nan,nan,nan,nan,nan,-3.098707,-0.01376,-0.010279,nan,nan,nan,nan,nan,nan
2026-04-30 15:17:20.454391,0,0.126238,-0.046279,0.433453,nan,nan,nan,nan,nan,nan,-3.104134,-0.017422,-0.01371,nan,nan,nan,nan,nan,nan
2026-04-30 15:17:20.483204,0,0.125545,-0.046043,0.430667,nan,nan,nan,nan,nan,nan,-3.104153,-0.011722,-0.007963,nan,nan,nan,nan,nan,nan
2026-04-30 15:17:20.508423,0,0.125776,-0.046166,0.431535,nan,nan,nan,nan,nan,nan,-3.097714,-0.008313,0.002717,nan,nan,nan,nan,nan,nan
2026-04-30 15:17:20.536495,0,0.126303,-0.046302,0.433657,nan,nan,nan,nan,nan,nan,-3.104407,-0.016438,-0.012561,nan,nan,nan,nan,nan,nan
2026-04-30 15:17:20.565161,0,0.126244,-0.046293,0.433501,nan,nan,nan,nan,nan,nan,-3.105824,-0.017122,-0.011872,nan,nan,nan,nan,nan,nan
2026-04-30 15:17:20.600823,0,0.1257,-0.046107,0.43115,nan,nan,nan,nan,nan,nan,-3.09925,-0.01019,-0.003325,nan,nan,nan,nan,nan,nan
2026-04-30 15:17:20.631482,0,0.125685,-0.046096,0.431039,nan,nan,nan,nan,nan,nan,-3.101508,-0.010645,-0.003473,nan,nan,nan,nan,nan,nan
2026-04-30 15:17:20.660473,0,0.125632,-0.046074,0.430866,nan,nan,nan,nan,nan,nan,-3.103633,-0.010843,-0.006902,nan,nan,nan,nan,nan,nan
2026-04-30 15:17:20.691582,0,0.126241,-0.046271,0.433232,nan,nan,nan,nan,nan,nan,-3.112928,-0.016296,-0.015465,nan,nan,nan,nan,nan,nan
2026-04-30 15:17:20.723732,0,0.125639,-0.046076,0.4309,nan,nan,nan,nan,nan,nan,-3.102588,-0.011119,-0.003881,nan,nan,nan,nan,nan,nan
2026-04-30 15:17:20.754990,0,0.125676,-0.046087,0.431013,nan,nan,nan,nan,nan,nan,-3.100125,-0.010146,-0.007612,nan,nan,nan,nan,nan,nan
2026-04-30 15:17:20.783630,0,0.125618,-0.046058,0.430783,nan,nan,nan,nan,nan,nan,-3.102805,-0.011858,-0.005294,nan,nan,nan,nan,nan,nan
2026-04-30 15:17:20.805375,0,0.126355,-0.046313,0.43367,nan,nan,nan,nan,nan,nan,-3.107128,-0.017013,-0.012528,nan,nan,nan,nan,nan,nan
2026-04-30 15:17:20.832668,0,0.125624,-0.046058,0.430778,nan,nan,nan,nan,nan,nan,-3.102958,-0.011738,-0.006662,nan,nan,nan,nan,nan,nan
2026-04-30 15:17:20.859190,0,0.126252,-0.046275,0.433287,nan,nan,nan,nan,nan,nan,-3.117845,-0.018198,-0.016147,nan,nan,nan,nan,nan,nan
2026-04-30 15:17:20.887114,0,0.126462,-0.046338,0.434168,nan,nan,nan,nan,nan,nan,-3.108067,-0.016874,-0.011641,nan,nan,nan,nan,nan,nan
2026-04-30 15:17:20.912181,0,0.125705,-0.046114,0.431153,nan,nan,nan,nan,nan,nan,-3.101345,-0.010043,-0.002086,nan,nan,nan,nan,nan,nan
2026-04-30 15:17:20.943026,0,0.125626,-0.046075,0.430871,nan,nan,nan,nan,nan,nan,-3.103491,-0.010966,-0.005532,nan,nan,nan,nan,nan,nan
2026-04-30 15:17:20.968337,0,0.126244,-0.046259,0.433408,nan,nan,nan,nan,nan,nan,-3.114465,-0.0201,-0.015797,nan,nan,nan,nan,nan,nan
2026-04-30 15:17:21.000401,0,0.126406,-0.046333,0.434042,nan,nan,nan,nan,nan,nan,-3.105255,-0.016893,-0.015583,nan,nan,nan,nan,nan,nan
2026-04-30 15:17:21.027859,0,0.125532,-0.04604,0.430614,nan,nan,nan,nan,nan,nan,-3.105745,-0.011495,-0.011197,nan,nan,nan,nan,nan,nan
2026-04-30 15:17:21.054312,0,0.125578,-0.046064,0.43081,nan,nan,nan,nan,nan,nan,-3.103162,-0.011445,-0.004907,nan,nan,nan,nan,nan,nan
2026-04-30 15:17:21.077247,0,0.125706,-0.046126,0.431265,nan,nan,nan,nan,nan,nan,-3.099265,-0.009765,0.0007,nan,nan,nan,nan,nan,nan
2026-04-30 15:17:21.103432,0,0.125559,-0.046061,0.430761,nan,nan,nan,nan,nan,nan,-3.104713,-0.011341,-0.006828,nan,nan,nan,nan,nan,nan
2026-04-30 15:17:21.134470,0,0.125677,-0.046105,0.431111,nan,nan,nan,nan,nan,nan,-3.100599,-0.010141,-0.003826,nan,nan,nan,nan,nan,nan
2026-04-30 15:17:21.170051,0,0.125603,-0.046069,0.430899,nan,nan,nan,nan,nan,nan,-3.10024,-0.011631,-0.003724,nan,nan,nan,nan,nan,nan
2026-04-30 15:17:21.203620,0,0.125679,-0.046108,0.431153,nan,nan,nan,nan,nan,nan,-3.099238,-0.010537,0.000647,nan,nan,nan,nan,nan,nan
2026-04-30 15:17:21.229519,0,0.125712,-0.046126,0.431264,nan,nan,nan,nan,nan,nan,-3.099268,-0.009649,-0.000627,nan,nan,nan,nan,nan,nan
2026-04-30 15:17:21.260817,0,0.125737,-0.046128,0.431307,nan,nan,nan,nan,nan,nan,-3.097747,-0.009698,-7.1e-05,nan,nan,nan,nan,nan,nan
2026-04-30 15:17:21.288091,0,0.125601,-0.046072,0.430823,nan,nan,nan,nan,nan,nan,-3.105047,-0.010975,-0.00615,nan,nan,nan,nan,nan,nan
2026-04-30 15:17:21.310045,0,0.12552,-0.04604,0.43062,nan,nan,nan,nan,nan,nan,-3.105628,-0.011736,-0.008544,nan,nan,nan,nan,nan,nan
2026-04-30 15:17:21.336173,1,0.125517,-0.046054,0.430624,nan,nan,nan,nan,nan,nan,-3.105773,-0.012278,-0.005675,nan,nan,nan,nan,nan,nan
2026-04-30 15:17:21.362108,1,0.125517,-0.04604,0.43061,nan,nan,nan,nan,nan,nan,-3.105922,-0.011871,-0.008675,nan,nan,nan,nan,nan,nan
2026-04-30 15:17:21.391277,1,0.125576,-0.046063,0.430805,nan,nan,nan,nan,nan,nan,-3.103311,-0.011514,-0.00497,nan,nan,nan,nan,nan,nan
2026-04-30 15:17:21.423005,1,0.125686,-0.046109,0.431178,nan,nan,nan,nan,nan,nan,-3.098468,-0.010193,0.000959,nan,nan,nan,nan,nan,nan
2026-04-30 15:17:21.455027,1,0.125636,-0.046087,0.430998,nan,nan,nan,nan,nan,nan,-3.100651,-0.011145,-0.001269,nan,nan,nan,nan,nan,nan
2026-04-30 15:17:21.489659,1,0.125481,-0.045998,0.430337,nan,nan,nan,nan,nan,nan,-3.106719,-0.013095,-0.010733,nan,nan,nan,nan,nan,nan
2026-04-30 15:17:21.524791,1,0.125582,-0.046039,0.430654,nan,nan,nan,nan,nan,nan,-3.103515,-0.012227,-0.006869,nan,nan,nan,nan,nan,nan
2026-04-30 15:17:21.550310,1,0.125662,-0.046105,0.431111,nan,nan,nan,nan,nan,nan,-3.100676,-0.010372,-0.001217,nan,nan,nan,nan,nan,nan
2026-04-30 15:17:21.581491,1,0.125597,-0.046063,0.4308,nan,nan,nan,nan,nan,nan,-3.103362,-0.011159,-0.008918,nan,nan,nan,nan,nan,nan
2026-04-30 15:17:21.605998,1,0.125603,-0.046062,0.430797,nan,nan,nan,nan,nan,nan,-3.103428,-0.01104,-0.01025,nan,nan,nan,nan,nan,nan
2026-04-30 15:17:21.637736,1,0.126369,-0.04635,0.433834,nan,nan,nan,nan,nan,nan,-3.091863,-0.009093,-0.008995,nan,nan,nan,nan,nan,nan
2026-04-30 15:17:21.667183,1,0.12555,-0.046034,0.430574,nan,nan,nan,nan,nan,nan,-3.106014,-0.011889,-0.010447,nan,nan,nan,nan,nan,nan
2026-04-30 15:17:21.698310,1,0.125558,-0.046022,0.43055,nan,nan,nan,nan,nan,nan,-3.103382,-0.012815,-0.00683,nan,nan,nan,nan,nan,nan
2026-04-30 15:17:21.726466,1,0.125653,-0.046076,0.430898,nan,nan,nan,nan,nan,nan,-3.102586,-0.010886,-0.006507,nan,nan,nan,nan,nan,nan
2026-04-30 15:17:21.765299,1,0.125637,-0.046074,0.430859,nan,nan,nan,nan,nan,nan,-3.10385,-0.01072,-0.008295,nan,nan,nan,nan,nan,nan
2026-04-30 15:17:21.796956,1,0.125636,-0.046074,0.430857,nan,nan,nan,nan,nan,nan,-3.103925,-0.010717,-0.008324,nan,nan,nan,nan,nan,nan
2026-04-30 15:17:21.828828,1,0.125686,-0.046087,0.431007,nan,nan,nan,nan,nan,nan,-3.100189,-0.010586,-0.007687,nan,nan,nan,nan,nan,nan
2026-04-30 15:17:21.853029,1,0.125633,-0.046056,0.430758,nan,nan,nan,nan,nan,nan,-3.103542,-0.011484,-0.009513,nan,nan,nan,nan,nan,nan
2026-04-30 15:17:21.889266,1,0.126168,-0.046207,0.432956,nan,nan,nan,nan,nan,nan,-3.120925,-0.021433,-0.017662,nan,nan,nan,nan,nan,nan
2026-04-30 15:17:21.924996,1,0.125687,-0.046092,0.430985,nan,nan,nan,nan,nan,nan,-3.103233,-0.009907,-0.009374,nan,nan,nan,nan,nan,nan
2026-04-30 15:17:21.954582,1,0.125557,-0.046016,0.430463,nan,nan,nan,nan,nan,nan,-3.105998,-0.0122,-0.014367,nan,nan,nan,nan,nan,nan
2026-04-30 15:17:21.985555,1,0.125613,-0.046036,0.430618,nan,nan,nan,nan,nan,nan,-3.104498,-0.011802,-0.012505,nan,nan,nan,nan,nan,nan
2026-04-30 15:17:22.011130,1,0.125534,-0.045999,0.430361,nan,nan,nan,nan,nan,nan,-3.105793,-0.012792,-0.014304,nan,nan,nan,nan,nan,nan
2026-04-30 15:17:22.039904,1,0.125614,-0.046037,0.430622,nan,nan,nan,nan,nan,nan,-3.104361,-0.011808,-0.01245,nan,nan,nan,nan,nan,nan
2026-04-30 15:17:22.073453,1,0.12619,-0.046218,0.432972,nan,nan,nan,nan,nan,nan,-3.123212,-0.02106,-0.016286,nan,nan,nan,nan,nan,nan
2026-04-30 15:17:22.106283,1,0.125539,-0.045998,0.430354,nan,nan,nan,nan,nan,nan,-3.106013,-0.012528,-0.015675,nan,nan,nan,nan,nan,nan
2026-04-30 15:17:22.137686,1,0.125997,-0.046156,0.432227,nan,nan,nan,nan,nan,nan,-3.123559,-0.019191,-0.023984,nan,nan,nan,nan,nan,nan
2026-04-30 15:17:22.172500,1,0.126358,-0.046273,0.43352,nan,nan,nan,nan,nan,nan,-3.120287,-0.018881,-0.012214,nan,nan,nan,nan,nan,nan
2026-04-30 15:17:22.207667,1,0.125534,-0.045999,0.430361,nan,nan,nan,nan,nan,nan,-3.105793,-0.012792,-0.014304,nan,nan,nan,nan,nan,nan
2026-04-30 15:17:22.243884,1,0.126247,-0.046234,0.433254,nan,nan,nan,nan,nan,nan,-3.12146,-0.021561,-0.008916,nan,nan,nan,nan,nan,nan
2026-04-30 15:17:22.275641,1,0.125597,-0.046046,0.430714,nan,nan,nan,nan,nan,nan,-3.102426,-0.01178,-0.009948,nan,nan,nan,nan,nan,nan
2026-04-30 15:17:22.303038,1,0.125642,-0.046067,0.430877,nan,nan,nan,nan,nan,nan,-3.100827,-0.011112,-0.007966,nan,nan,nan,nan,nan,nan
2026-04-30 15:17:22.329799,1,0.125526,-0.046017,0.43047,nan,nan,nan,nan,nan,nan,-3.105884,-0.012548,-0.010404,nan,nan,nan,nan,nan,nan
2026-04-30 15:17:22.362227,1,0.125588,-0.046053,0.430709,nan,nan,nan,nan,nan,nan,-3.105183,-0.011529,-0.008824,nan,nan,nan,nan,nan,nan
2026-04-30 15:17:22.397301,1,0.125618,-0.046071,0.43081,nan,nan,nan,nan,nan,nan,-3.10538,-0.010609,-0.010207,nan,nan,nan,nan,nan,nan
2026-04-30 15:17:22.427829,1,0.125519,-0.046017,0.430471,nan,nan,nan,nan,nan,nan,-3.105889,-0.012666,-0.009104,nan,nan,nan,nan,nan,nan
2026-04-30 15:17:22.461773,1,0.12555,-0.046034,0.430574,nan,nan,nan,nan,nan,nan,-3.106014,-0.011889,-0.010447,nan,nan,nan,nan,nan,nan
2026-04-30 15:17:22.489811,1,0.125683,-0.046088,0.431022,nan,nan,nan,nan,nan,nan,-3.099735,-0.01057,-0.006195,nan,nan,nan,nan,nan,nan
2026-04-30 15:17:22.526840,1,0.125769,-0.046136,0.431337,nan,nan,nan,nan,nan,nan,-3.098747,-0.009453,0.000201,nan,nan,nan,nan,nan,nan
2026-04-30 15:17:22.556497,1,0.125694,-0.046094,0.431017,nan,nan,nan,nan,nan,nan,-3.102179,-0.01039,-0.006369,nan,nan,nan,nan,nan,nan
2026-04-30 15:17:22.581135,1,0.125748,-0.046111,0.431208,nan,nan,nan,nan,nan,nan,-3.097188,-0.010001,-0.003907,nan,nan,nan,nan,nan,nan
2026-04-30 15:17:22.612249,1,0.125588,-0.046053,0.430709,nan,nan,nan,nan,nan,nan,-3.105183,-0.011529,-0.008824,nan,nan,nan,nan,nan,nan
2026-04-30 15:17:22.643922,1,0.12578,-0.046149,0.431461,nan,nan,nan,nan,nan,nan,-3.096314,-0.009085,0.001826,nan,nan,nan,nan,nan,nan
2026-04-30 15:17:22.674291,1,0.125706,-0.046124,0.431234,nan,nan,nan,nan,nan,nan,-3.100331,-0.00916,-0.003642,nan,nan,nan,nan,nan,nan
2026-04-30 15:17:22.700174,1,0.125725,-0.046142,0.431344,nan,nan,nan,nan,nan,nan,-3.100435,-0.008575,-0.002313,nan,nan,nan,nan,nan,nan
2026-04-30 15:17:22.728736,1,0.125821,-0.046185,0.431662,nan,nan,nan,nan,nan,nan,-3.09723,-0.007109,0.000312,nan,nan,nan,nan,nan,nan
2026-04-30 15:17:22.757417,1,0.125548,-0.046059,0.430737,nan,nan,nan,nan,nan,nan,-3.105509,-0.010895,-0.00843,nan,nan,nan,nan,nan,nan
2026-04-30 15:17:22.785610,1,0.125674,-0.046124,0.431231,nan,nan,nan,nan,nan,nan,-3.100484,-0.009497,-0.002324,nan,nan,nan,nan,nan,nan
2026-04-30 15:17:22.808684,1,0.125696,-0.046152,0.431485,nan,nan,nan,nan,nan,nan,-3.09575,-0.008675,-0.002909,nan,nan,nan,nan,nan,nan
2026-04-30 15:17:22.834514,1,0.125735,-0.046166,0.431732,nan,nan,nan,nan,nan,nan,-3.086318,-0.007802,-0.004715,nan,nan,nan,nan,nan,nan
2026-04-30 15:17:22.860717,1,0.125772,-0.046198,0.431877,nan,nan,nan,nan,nan,nan,-3.089492,-0.007038,-0.000516,nan,nan,nan,nan,nan,nan
2026-04-30 15:17:22.883992,1,0.125743,-0.046168,0.43178,nan,nan,nan,nan,nan,nan,-3.084149,-0.008199,-0.005321,nan,nan,nan,nan,nan,nan
2026-04-30 15:17:22.909979,1,0.125811,-0.046207,0.432062,nan,nan,nan,nan,nan,nan,-3.081441,-0.007081,-0.001831,nan,nan,nan,nan,nan,nan
2026-04-30 15:17:22.936500,1,0.125661,-0.046146,0.431595,nan,nan,nan,nan,nan,nan,-3.08753,-0.008745,-0.006319,nan,nan,nan,nan,nan,nan
2026-04-30 15:17:22.967724,1,0.125672,-0.046147,0.431611,nan,nan,nan,nan,nan,nan,-3.086802,-0.008656,-0.007395,nan,nan,nan,nan,nan,nan
2026-04-30 15:17:22.989806,1,0.125781,-0.046198,0.431875,nan,nan,nan,nan,nan,nan,-3.089549,-0.007399,0.002053,nan,nan,nan,nan,nan,nan
2026-04-30 15:17:23.016462,1,0.125539,-0.045775,0.429217,nan,nan,nan,nan,nan,nan,-3.111822,-0.019123,-0.024096,nan,nan,nan,nan,nan,nan
2026-04-30 15:17:23.040974,1,0.126151,-0.045831,0.429435,nan,nan,nan,nan,nan,nan,-3.10378,-0.017766,-0.010666,nan,nan,nan,nan,nan,nan
2026-04-30 15:17:23.064522,1,0.126178,-0.045866,0.429651,nan,nan,nan,nan,nan,nan,-3.10392,-0.017061,-0.010726,nan,nan,nan,nan,nan,nan
2026-04-30 15:17:23.099531,1,0.126164,-0.045895,0.429713,nan,nan,nan,nan,nan,nan,-3.10232,-0.016724,-0.008795,nan,nan,nan,nan,nan,nan
2026-04-30 15:17:23.122709,1,0.126382,-0.045993,0.430467,nan,nan,nan,nan,nan,nan,-3.101863,-0.015167,-0.004796,nan,nan,nan,nan,nan,nan
2026-04-30 15:17:23.147862,1,0.126275,-0.046055,0.430831,nan,nan,nan,nan,nan,nan,-3.099028,-0.011623,-0.011653,nan,nan,nan,nan,nan,nan
2026-04-30 15:17:23.186875,1,0.126095,-0.046077,0.431025,nan,nan,nan,nan,nan,nan,-3.095695,-0.012218,-0.01527,nan,nan,nan,nan,nan,nan
2026-04-30 15:17:23.218404,1,0.125889,-0.046093,0.4309,nan,nan,nan,nan,nan,nan,-3.111337,-0.010535,-0.009246,nan,nan,nan,nan,nan,nan
2026-04-30 15:17:23.244080,1,0.125866,-0.046071,0.430739,nan,nan,nan,nan,nan,nan,-3.11258,-0.011422,-0.008491,nan,nan,nan,nan,nan,nan
2026-04-30 15:17:23.272093,1,0.126281,-0.046067,0.430816,nan,nan,nan,nan,nan,nan,-3.099672,-0.011654,-0.015695,nan,nan,nan,nan,nan,nan
2026-04-30 15:17:23.294935,1,0.126428,-0.046117,0.431298,nan,nan,nan,nan,nan,nan,-3.094251,-0.009443,-0.009764,nan,nan,nan,nan,nan,nan
2026-04-30 15:17:23.320451,1,0.126531,-0.04619,0.431987,nan,nan,nan,nan,nan,nan,-3.079712,-0.007291,-0.009958,nan,nan,nan,nan,nan,nan
2026-04-30 15:17:23.346109,1,0.126236,-0.046143,0.431536,nan,nan,nan,nan,nan,nan,-3.08958,-0.008816,-0.008336,nan,nan,nan,nan,nan,nan
2026-04-30 15:17:23.369062,1,0.12625,-0.046178,0.431738,nan,nan,nan,nan,nan,nan,-3.090588,-0.007902,-0.000287,nan,nan,nan,nan,nan,nan
2026-04-30 15:17:23.398370,1,0.126183,-0.046098,0.431176,nan,nan,nan,nan,nan,nan,-3.09486,-0.010719,-0.002638,nan,nan,nan,nan,nan,nan
2026-04-30 15:17:23.426141,1,0.126252,-0.046072,0.431157,nan,nan,nan,nan,nan,nan,-3.086183,-0.010991,-0.016272,nan,nan,nan,nan,nan,nan
2026-04-30 15:17:23.456883,1,0.126205,-0.046051,0.43083,nan,nan,nan,nan,nan,nan,-3.097918,-0.012819,-0.013868,nan,nan,nan,nan,nan,nan
2026-04-30 15:17:23.484615,1,0.126251,-0.046063,0.430847,nan,nan,nan,nan,nan,nan,-3.100877,-0.012244,-0.012604,nan,nan,nan,nan,nan,nan
2026-04-30 15:17:23.519475,1,0.126317,-0.046092,0.431057,nan,nan,nan,nan,nan,nan,-3.099123,-0.010443,-0.009294,nan,nan,nan,nan,nan,nan
2026-04-30 15:17:23.545074,1,0.126279,-0.046064,0.431017,nan,nan,nan,nan,nan,nan,-3.091633,-0.010838,-0.013229,nan,nan,nan,nan,nan,nan
2026-04-30 15:17:23.578676,1,0.126276,-0.046071,0.430971,nan,nan,nan,nan,nan,nan,-3.096802,-0.011834,-0.013515,nan,nan,nan,nan,nan,nan
2026-04-30 15:17:23.604341,1,0.12624,-0.046043,0.430819,nan,nan,nan,nan,nan,nan,-3.095742,-0.011692,-0.014426,nan,nan,nan,nan,nan,nan
2026-04-30 15:17:23.632061,1,0.126149,-0.04602,0.430488,nan,nan,nan,nan,nan,nan,-3.101786,-0.014235,-0.01667,nan,nan,nan,nan,nan,nan
2026-04-30 15:17:23.659963,1,0.126807,-0.046235,0.433093,nan,nan,nan,nan,nan,nan,-3.09698,-0.016626,-0.02253,nan,nan,nan,nan,nan,nan
2026-04-30 15:17:23.686710,1,0.126267,-0.046011,0.430383,nan,nan,nan,nan,nan,nan,-3.108525,-0.011942,-0.015246,nan,nan,nan,nan,nan,nan
2026-04-30 15:17:23.708594,1,0.126332,-0.045938,0.429671,nan,nan,nan,nan,nan,nan,-3.12049,-0.014723,-0.023676,nan,nan,nan,nan,nan,nan
2026-04-30 15:17:23.736295,1,0.126779,-0.045895,0.429502,nan,nan,nan,nan,nan,nan,-3.109558,-0.017734,-0.007738,nan,nan,nan,nan,nan,nan
2026-04-30 15:17:23.760171,1,0.127009,-0.045977,0.430125,nan,nan,nan,nan,nan,nan,-3.103362,-0.01672,0.001198,nan,nan,nan,nan,nan,nan
2026-04-30 15:17:23.786117,1,0.127083,-0.046027,0.43039,nan,nan,nan,nan,nan,nan,-3.101779,-0.016606,0.007041,nan,nan,nan,nan,nan,nan
2026-04-30 15:17:23.802608,1,0.127187,-0.046048,0.430561,nan,nan,nan,nan,nan,nan,-3.099127,-0.016207,0.007897,nan,nan,nan,nan,nan,nan
2026-04-30 15:17:23.840018,1,0.127147,-0.045978,0.429994,nan,nan,nan,nan,nan,nan,-3.10591,-0.017038,-0.001924,nan,nan,nan,nan,nan,nan
2026-04-30 15:17:23.870856,1,0.12779,-0.045937,0.429829,nan,nan,nan,nan,nan,nan,-3.101906,-0.02111,0.02766,nan,nan,nan,nan,nan,nan
2026-04-30 15:17:23.901697,1,0.128352,-0.045862,0.429326,nan,nan,nan,nan,nan,nan,-3.100244,-0.023111,0.027832,nan,nan,nan,nan,nan,nan
2026-04-30 15:17:23.937026,1,0.130788,-0.045706,0.427607,nan,nan,nan,nan,nan,nan,-3.108596,-0.03203,0.03928,nan,nan,nan,nan,nan,nan
2026-04-30 15:17:23.965975,1,0.133675,-0.045491,0.424623,nan,nan,nan,nan,nan,nan,-3.103501,-0.035817,0.03128,nan,nan,nan,nan,nan,nan
2026-04-30 15:17:23.993678,1,0.138775,-0.04537,0.42209,nan,nan,nan,nan,nan,nan,-3.089282,-0.024723,0.038792,nan,nan,nan,nan,nan,nan
2026-04-30 15:17:24.021944,1,0.145551,-0.04513,0.417142,nan,nan,nan,nan,nan,nan,-3.123264,-0.034254,0.016194,nan,nan,nan,nan,nan,nan
2026-04-30 15:17:24.047901,1,0.155226,-0.044942,0.414669,nan,nan,nan,nan,nan,nan,-3.102012,-0.023429,0.008865,nan,nan,nan,nan,nan,nan
2026-04-30 15:17:24.078036,1,0.162529,-0.04446,0.41096,nan,nan,nan,nan,nan,nan,-3.101332,-0.020597,-0.030323,nan,nan,nan,nan,nan,nan
2026-04-30 15:17:24.105478,1,0.175646,-0.044116,0.407513,nan,nan,nan,nan,nan,nan,-3.1077,-0.027367,-0.065511,nan,nan,nan,nan,nan,nan
2026-04-30 15:17:24.132201,1,0.185537,-0.04446,0.407091,nan,nan,nan,nan,nan,nan,-3.094377,-0.018179,-0.085888,nan,nan,nan,nan,nan,nan
2026-04-30 15:17:24.166095,1,0.206211,-0.044917,0.405441,nan,nan,nan,nan,nan,nan,-3.095054,-0.004257,-0.133162,nan,nan,nan,nan,nan,nan
2026-04-30 15:17:24.190651,1,0.222446,-0.044936,0.404864,nan,nan,nan,0.154293,-0.051606,0.587983,-3.097505,0.000453,-0.187972,nan,nan,nan,-2.255306,-0.039608,2.175459
2026-04-30 15:17:24.221109,1,0.239616,-0.044986,0.405843,nan,nan,nan,nan,nan,nan,-3.095693,0.009757,-0.231692,nan,nan,nan,nan,nan,nan
2026-04-30 15:17:24.251330,1,0.256799,-0.045087,0.407867,nan,nan,nan,0.179807,-0.051383,0.590599,-3.095574,0.008307,-0.279824,nan,nan,nan,-2.34255,-0.015602,2.060046
2026-04-30 15:17:24.283036,1,0.274306,-0.045703,0.41217,nan,nan,nan,0.192253,-0.051679,0.591589,-3.09482,-0.002463,-0.313842,nan,nan,nan,2.380528,0.036421,-2.048074
2026-04-30 15:17:24.312775,1,0.290793,-0.046176,0.416733,nan,nan,nan,0.204328,-0.052097,0.594008,-3.088466,0.008159,-0.341998,nan,nan,nan,-2.404105,-0.036153,2.013233
2026-04-30 15:17:24.341220,1,0.299611,-0.046068,0.417075,nan,nan,nan,0.210983,-0.052249,0.592493,-3.091126,-0.008309,-0.370603,nan,nan,nan,-2.418226,-0.054661,1.989231
2026-04-30 15:17:24.374717,1,0.311335,-0.046019,0.417985,nan,nan,nan,0.220773,-0.052321,0.593847,-3.087765,-0.003476,-0.407521,nan,nan,nan,-2.428359,-0.044788,1.960817
2026-04-30 15:17:24.399913,1,0.324245,-0.045657,0.418624,nan,nan,nan,0.231002,-0.052315,0.593723,-3.078405,0.006931,-0.445544,nan,nan,nan,-2.457604,-0.039913,1.920615
2026-04-30 15:17:24.429199,1,0.329293,-0.045742,0.419134,nan,nan,nan,0.234312,-0.052199,0.592127,-3.079744,0.004721,-0.464372,nan,nan,nan,-2.468618,-0.036356,1.913476
2026-04-30 15:17:24.459504,1,0.333609,-0.045575,0.41754,nan,nan,nan,0.238873,-0.052197,0.591244,-3.07456,0.010812,-0.462757,nan,nan,nan,-2.461379,-0.031499,1.904618
2026-04-30 15:17:24.489510,1,0.333178,-0.045538,0.415981,nan,nan,nan,0.240249,-0.052241,0.592244,-3.073783,0.01265,-0.456177,nan,nan,nan,-2.458758,-0.030076,1.907395
2026-04-30 15:17:24.519620,1,0.332493,-0.045536,0.415133,nan,nan,nan,0.239243,-0.051987,0.589889,-3.076413,0.012,-0.450716,nan,nan,nan,-2.461974,-0.02882,1.922777
2026-04-30 15:17:24.549298,1,0.331651,-0.045509,0.414721,nan,nan,nan,0.238441,-0.05192,0.589664,-3.074342,0.014297,-0.44944,nan,nan,nan,-2.46312,-0.027724,1.927076
2026-04-30 15:17:24.579395,1,0.330331,-0.045396,0.414015,nan,nan,nan,0.237377,-0.051938,0.589555,-3.078764,0.014138,-0.450352,nan,nan,nan,-2.466689,-0.037376,1.923154
2026-04-30 15:17:24.607468,1,0.329663,-0.045441,0.41512,nan,nan,nan,0.233784,-0.051701,0.588329,-3.068896,0.017876,-0.48165,nan,nan,nan,-2.48512,-0.036171,1.912139
2026-04-30 15:17:24.636696,1,0.329323,-0.045532,0.416707,nan,nan,nan,0.231428,-0.051614,0.588749,-3.070802,0.020119,-0.501329,nan,nan,nan,-2.490831,-0.018735,1.888606
2026-04-30 15:17:24.668334,1,0.328157,-0.045557,0.416515,nan,nan,nan,0.229397,-0.051566,0.588081,-3.066621,0.024796,-0.514529,nan,nan,nan,-2.482279,-0.020098,1.891267
2026-04-30 15:17:24.695546,1,0.329125,-0.046278,0.421136,nan,nan,nan,0.225657,-0.051368,0.587791,-3.057066,0.038585,-0.525216,nan,nan,nan,-2.494753,-0.006187,1.858389
2026-04-30 15:17:24.722414,1,0.32729,-0.046327,0.421124,nan,nan,nan,0.222752,-0.051215,0.586015,-3.065479,0.036966,-0.528735,nan,nan,nan,-2.507891,-0.023922,1.852371
2026-04-30 15:17:24.751968,1,0.325911,-0.046482,0.42395,nan,nan,nan,0.219371,-0.051058,0.586893,-3.060271,0.034822,-0.541488,nan,nan,nan,-2.493248,-0.021549,1.85844
2026-04-30 15:17:24.782755,1,0.322037,-0.046245,0.424149,nan,nan,nan,0.215181,-0.05115,0.5866,-3.052598,0.039027,-0.549088,nan,nan,nan,-2.500967,-0.021135,1.855615
2026-04-30 15:17:24.811128,1,0.319452,-0.046748,0.427261,nan,nan,nan,0.211791,-0.051336,0.589181,-3.061639,0.033119,-0.550901,nan,nan,nan,-2.50829,-0.014122,1.840187
2026-04-30 15:17:24.842082,1,0.314124,-0.046691,0.428441,nan,nan,nan,0.20694,-0.051162,0.591549,-3.053256,0.045421,-0.546473,nan,nan,nan,-2.496079,-0.022548,1.844746
2026-04-30 15:17:24.871529,1,0.309319,-0.046079,0.428065,nan,nan,nan,0.204352,-0.051241,0.596028,-3.059267,0.029769,-0.545427,nan,nan,nan,-2.499237,-0.003974,1.837852
2026-04-30 15:17:24.899856,1,0.301099,-0.04653,0.43032,nan,nan,nan,nan,nan,nan,-3.058264,0.042849,-0.533133,nan,nan,nan,nan,nan,nan
2026-04-30 15:17:24.925061,1,0.295385,-0.046175,0.429381,nan,nan,nan,0.19186,-0.051473,0.598568,-3.060486,0.024911,-0.533538,nan,nan,nan,-2.507967,-0.023036,1.844211
2026-04-30 15:17:24.952469,1,0.287729,-0.046136,0.428934,nan,nan,nan,nan,nan,nan,-3.061235,0.025063,-0.538862,nan,nan,nan,nan,nan,nan
2026-04-30 15:17:24.975791,1,0.282322,-0.046292,0.43263,nan,nan,nan,0.175079,-0.051303,0.59473,-3.064013,0.021249,-0.528154,nan,nan,nan,-2.508669,-0.022419,1.834598
2026-04-30 15:17:25.001586,1,0.276042,-0.046097,0.431615,nan,nan,nan,0.169504,-0.051335,0.595438,-3.061565,0.025571,-0.528026,nan,nan,nan,-2.495505,-0.022044,1.85126
2026-04-30 15:17:25.026086,1,0.265012,-0.045554,0.428004,nan,nan,nan,0.159609,-0.051268,0.594018,-3.061367,0.028958,-0.529068,nan,nan,nan,-2.506827,-0.017682,1.833354
2026-04-30 15:17:25.049679,1,0.258102,-0.045744,0.427222,nan,nan,nan,0.152257,-0.051182,0.592112,-3.050719,0.039569,-0.520472,nan,nan,nan,-2.502488,-0.027054,1.856273
2026-04-30 15:17:25.079690,1,0.246589,-0.045692,0.425562,nan,nan,nan,0.14149,-0.051149,0.591209,-3.053778,0.037458,-0.517607,nan,nan,nan,-2.472699,-0.029074,1.879978
2026-04-30 15:17:25.107647,1,0.232534,-0.045595,0.422248,nan,nan,nan,0.129484,-0.051033,0.58862,-3.057606,0.039628,-0.498916,nan,nan,nan,-2.477172,-0.02915,1.875646
2026-04-30 15:17:25.131570,1,0.222561,-0.045517,0.420204,nan,nan,nan,0.121148,-0.050967,0.587391,-3.060918,0.031323,-0.477038,nan,nan,nan,-2.475924,-0.018316,1.877557
2026-04-30 15:17:25.159140,1,0.206101,-0.045476,0.416114,nan,nan,nan,nan,nan,nan,-3.082763,0.02552,-0.443945,nan,nan,nan,nan,nan,nan
2026-04-30 15:17:25.191625,1,0.188932,-0.045313,0.412806,nan,nan,nan,nan,nan,nan,-3.078531,0.027459,-0.412859,nan,nan,nan,nan,nan,nan
2026-04-30 15:17:25.221231,1,0.1694,-0.045064,0.40753,nan,nan,nan,nan,nan,nan,-3.096078,0.020012,-0.362388,nan,nan,nan,nan,nan,nan
2026-04-30 15:17:25.248254,1,0.155688,-0.044883,0.404162,nan,nan,nan,nan,nan,nan,-3.101096,0.017618,-0.33329,nan,nan,nan,nan,nan,nan
2026-04-30 15:17:25.276997,1,0.135172,-0.0447,0.400479,nan,nan,nan,nan,nan,nan,-3.097374,0.025106,-0.309422,nan,nan,nan,nan,nan,nan
2026-04-30 15:17:25.303509,1,0.113196,-0.044546,0.397451,nan,nan,nan,nan,nan,nan,-3.104311,0.010693,-0.271739,nan,nan,nan,nan,nan,nan
2026-04-30 15:17:25.327986,1,0.099298,-0.044941,0.396625,nan,nan,nan,nan,nan,nan,-3.101725,0.016249,-0.223538,nan,nan,nan,nan,nan,nan
2026-04-30 15:17:25.361546,1,0.076537,-0.04418,0.390051,nan,nan,nan,nan,nan,nan,-3.08016,0.01907,-0.24728,nan,nan,nan,nan,nan,nan
2026-04-30 15:17:25.382778,1,0.054023,-0.044804,0.390127,nan,nan,nan,nan,nan,nan,-3.081134,0.013908,-0.166697,nan,nan,nan,nan,nan,nan
2026-04-30 15:17:25.410516,1,0.030399,-0.043994,0.385127,nan,nan,nan,nan,nan,nan,-3.078028,0.008085,-0.185892,nan,nan,nan,nan,nan,nan
2026-04-30 15:17:25.440744,1,0.006015,-0.043854,0.385113,nan,nan,nan,nan,nan,nan,-3.008443,0.003301,-0.133931,nan,nan,nan,nan,nan,nan
2026-04-30 15:17:25.466632,1,-0.010413,-0.043843,0.383534,nan,nan,nan,nan,nan,nan,-3.044386,0.002066,-0.225759,nan,nan,nan,nan,nan,nan
2026-04-30 15:17:25.490567,1,-0.027381,-0.04371,0.382963,nan,nan,nan,nan,nan,nan,-2.974573,0.000118,-0.314971,nan,nan,nan,nan,nan,nan
2026-04-30 15:17:25.519883,1,-0.053352,-0.043788,0.380423,nan,nan,nan,nan,nan,nan,-3.075862,-0.01988,0.157546,nan,nan,nan,nan,nan,nan
2026-04-30 15:17:25.548710,1,-0.087279,-0.044376,0.380964,nan,nan,nan,nan,nan,nan,-3.132144,-0.003655,0.153671,nan,nan,nan,nan,nan,nan
2026-04-30 15:17:25.576848,1,-0.104058,-0.044377,0.380622,nan,nan,nan,nan,nan,nan,-3.108723,-0.009364,0.198412,nan,nan,nan,nan,nan,nan
2026-04-30 15:17:25.606118,1,-0.129543,-0.044416,0.379504,nan,nan,nan,nan,nan,nan,-3.079392,-0.017855,0.232528,nan,nan,nan,nan,nan,nan
2026-04-30 15:17:25.634839,1,-0.152347,-0.044347,0.379964,nan,nan,nan,nan,nan,nan,-3.095769,-0.009974,0.250779,nan,nan,nan,nan,nan,nan
2026-04-30 15:17:25.671165,1,-0.17519,-0.044616,0.382282,nan,nan,nan,nan,nan,nan,-3.094256,-0.017807,0.254653,nan,nan,nan,nan,nan,nan
2026-04-30 15:17:25.697445,1,-0.196196,-0.044333,0.383265,nan,nan,nan,nan,nan,nan,-3.088716,-0.035474,0.284758,nan,nan,nan,nan,nan,nan
2026-04-30 15:17:25.724311,1,-0.215956,-0.04379,0.383786,nan,nan,nan,nan,nan,nan,-3.092757,-0.035545,0.298698,nan,nan,nan,nan,nan,nan
2026-04-30 15:17:25.754688,1,-0.235653,-0.044343,0.386927,nan,nan,nan,nan,nan,nan,-3.083578,-0.039049,0.312249,nan,nan,nan,nan,nan,nan
2026-04-30 15:17:25.777142,1,-0.247697,-0.044588,0.388868,nan,nan,nan,nan,nan,nan,-3.085662,-0.034823,0.323992,nan,nan,nan,nan,nan,nan
2026-04-30 15:17:25.808585,1,-0.26353,-0.044836,0.391007,-0.174979,-0.048992,0.564434,nan,nan,nan,-3.095608,-0.02514,0.338582,-2.384147,-0.003535,-1.976099,nan,nan,nan
2026-04-30 15:17:25.837121,1,-0.278331,-0.045007,0.394061,-0.189242,-0.049345,0.567478,nan,nan,nan,-3.080703,-0.02894,0.338664,-2.406019,-0.006202,-1.966126,nan,nan,nan
2026-04-30 15:17:25.860245,1,-0.290216,-0.045108,0.395081,-0.203159,-0.049726,0.572353,nan,nan,nan,-3.090988,-0.026594,0.348497,-2.395832,-0.021355,-1.968313,nan,nan,nan
2026-04-30 15:17:25.897445,1,-0.30296,-0.04536,0.398711,-0.215139,-0.050054,0.575181,nan,nan,nan,-3.087806,-0.020517,0.348126,-2.409302,-0.021239,-1.960815,nan,nan,nan
2026-04-30 15:17:25.927196,1,-0.31483,-0.045726,0.402311,-0.225887,-0.050085,0.576844,nan,nan,nan,-3.078395,-0.035404,0.342585,-2.415887,-0.008555,-1.958271,nan,nan,nan
2026-04-30 15:17:25.949328,1,-0.325656,-0.046115,0.405322,nan,nan,nan,nan,nan,nan,-3.075096,-0.036905,0.352934,nan,nan,nan,nan,nan,nan
2026-04-30 15:17:25.981889,1,-0.331321,-0.045962,0.405562,-0.242214,-0.050531,0.580988,nan,nan,nan,-3.080418,-0.028162,0.368595,-2.420151,-0.01054,-1.942749,nan,nan,nan
2026-04-30 15:17:26.008191,1,-0.34446,-0.046308,0.408423,-0.253577,-0.050567,0.582067,nan,nan,nan,-3.081342,-0.032863,0.370038,-2.429331,-0.011463,-1.937079,nan,nan,nan
2026-04-30 15:17:26.038899,1,-0.349527,-0.046393,0.408478,-0.257987,-0.050464,0.580451,nan,nan,nan,-3.078029,-0.031139,0.394989,-2.422863,-0.006262,-1.9408,nan,nan,nan
2026-04-30 15:17:26.067384,1,-0.357074,-0.046542,0.408791,-0.264003,-0.050592,0.579383,nan,nan,nan,-3.085794,-0.029917,0.386383,-2.416808,0.000603,-1.934888,nan,nan,nan
2026-04-30 15:17:26.096846,1,nan,nan,nan,-0.270312,-0.050615,0.5793,nan,nan,nan,nan,nan,nan,-2.41681,-0.006403,-1.929839,nan,nan,nan
2026-04-30 15:17:26.125871,1,nan,nan,nan,-0.275098,-0.050495,0.57906,nan,nan,nan,nan,nan,nan,-2.427189,-0.006909,-1.933617,nan,nan,nan
2026-04-30 15:17:26.153970,1,-0.369587,-0.046716,0.40588,-0.278446,-0.050438,0.578523,nan,nan,nan,-3.080457,-0.038,0.393741,-2.419074,-0.021162,-1.932756,nan,nan,nan
2026-04-30 15:17:26.181965,1,-0.369848,-0.046689,0.404091,-0.280077,-0.050359,0.578088,nan,nan,nan,-3.081963,-0.044923,0.374113,-2.404478,-0.015895,-1.954932,nan,nan,nan
2026-04-30 15:17:26.210143,1,-0.370223,-0.046679,0.403583,-0.280745,-0.05031,0.577917,nan,nan,nan,-3.080658,-0.046158,0.370168,-2.411384,-0.01132,-1.950062,nan,nan,nan
2026-04-30 15:17:26.236623,1,-0.370286,-0.046643,0.403343,-0.280494,-0.050217,0.577401,nan,nan,nan,-3.083751,-0.045981,0.365794,-2.414705,-0.014127,-1.952335,nan,nan,nan
2026-04-30 15:17:26.262268,1,-0.369902,-0.046471,0.402291,-0.280026,-0.050149,0.576888,nan,nan,nan,-3.082195,-0.048863,0.375865,-2.424076,-0.01174,-1.942918,nan,nan,nan
2026-04-30 15:17:26.290311,1,-0.370126,-0.046472,0.401931,-0.27845,-0.049975,0.575778,nan,nan,nan,-3.078715,-0.048982,0.388453,-2.42644,-0.02566,-1.929747,nan,nan,nan
2026-04-30 15:17:26.316564,1,-0.369384,-0.046377,0.400748,-0.275875,-0.049801,0.57363,nan,nan,nan,-3.077534,-0.049277,0.407447,-2.445088,-0.017897,-1.918615,nan,nan,nan
2026-04-30 15:17:26.343355,1,-0.368972,-0.0463,0.40061,-0.27206,-0.049447,0.570258,nan,nan,nan,-3.08053,-0.0476,0.423169,-2.459274,-0.0212,-1.885034,nan,nan,nan
2026-04-30 15:17:26.367608,1,-0.36903,-0.04632,0.401468,nan,nan,nan,nan,nan,nan,-3.068173,-0.055742,0.453746,nan,nan,nan,nan,nan,nan
2026-04-30 15:17:26.394290,1,-0.365276,-0.04604,0.400061,-0.265976,-0.049161,0.569944,nan,nan,nan,-3.065841,-0.056939,0.476926,-2.456706,-0.026188,-1.848741,nan,nan,nan
2026-04-30 15:17:26.425110,1,-0.363187,-0.045915,0.401699,-0.260512,-0.049,0.567378,nan,nan,nan,-3.070308,-0.046785,0.484602,-2.451998,-0.038963,-1.836828,nan,nan,nan
2026-04-30 15:17:26.452153,1,-0.358545,-0.045745,0.400247,-0.256557,-0.048931,0.56694,nan,nan,nan,-3.066772,-0.056801,0.488849,-2.455287,-0.031995,-1.840359,nan,nan,nan
2026-04-30 15:17:26.479482,1,nan,nan,nan,-0.247539,-0.048862,0.56526,nan,nan,nan,nan,nan,nan,-2.457743,-0.025457,-1.848059,nan,nan,nan
2026-04-30 15:17:26.506244,1,-0.342434,-0.045417,0.396643,-0.242503,-0.048882,0.56468,nan,nan,nan,-3.065801,-0.062529,0.466593,-2.460809,-0.01662,-1.856656,nan,nan,nan
2026-04-30 15:17:26.540875,1,-0.333379,-0.045364,0.395409,nan,nan,nan,nan,nan,nan,-3.068658,-0.050022,0.453518,nan,nan,nan,nan,nan,nan
2026-04-30 15:17:26.571176,1,-0.321773,-0.045288,0.392586,-0.224096,-0.048667,0.561427,nan,nan,nan,-3.071254,-0.057316,0.432575,-2.432539,-0.026745,-1.887224,nan,nan,nan
2026-04-30 15:17:26.597193,1,-0.309416,-0.045009,0.390092,-0.212937,-0.048549,0.558885,nan,nan,nan,-3.073209,-0.053444,0.404609,-2.431367,-0.017413,-1.906607,nan,nan,nan
2026-04-30 15:17:26.625424,1,-0.294586,-0.044908,0.385995,-0.20063,-0.048403,0.556413,nan,nan,nan,-3.075195,-0.050268,0.379565,-2.418733,-0.022042,-1.924261,nan,nan,nan
2026-04-30 15:17:26.654245,1,-0.280067,-0.044784,0.3833,-0.187338,-0.048245,0.55377,nan,nan,nan,-3.084088,-0.045602,0.360105,-2.405386,-0.025181,-1.943648,nan,nan,nan
2026-04-30 15:17:26.688930,1,-0.262997,-0.04449,0.379269,-0.173122,-0.04821,0.551587,nan,nan,nan,-3.085545,-0.04279,0.334077,-2.391371,-0.015536,-1.964116,nan,nan,nan
2026-04-30 15:17:26.718734,1,-0.245257,-0.04427,0.374996,-0.158515,-0.048091,0.550543,nan,nan,nan,-3.089097,-0.049144,0.311612,-2.379752,-0.024217,-1.985349,nan,nan,nan
2026-04-30 15:17:26.743557,1,-0.2189,-0.044015,0.368802,-0.137153,-0.048149,0.548397,nan,nan,nan,-3.091076,-0.042372,0.260071,-2.344698,-0.014468,-2.014407,nan,nan,nan
2026-04-30 15:17:26.772607,1,-0.212837,-0.043879,0.3676,nan,nan,nan,nan,nan,nan,-3.099722,-0.038986,0.263636,nan,nan,nan,nan,nan,nan
2026-04-30 15:17:26.803379,1,-0.184642,-0.04339,0.360495,-0.108557,-0.047773,0.542206,nan,nan,nan,-3.091409,-0.045612,0.237628,-2.305963,-0.019129,-2.060441,nan,nan,nan
2026-04-30 15:17:26.830718,1,-0.16366,-0.043214,0.356349,nan,nan,nan,nan,nan,nan,-3.095582,-0.045059,0.194664,nan,nan,nan,nan,nan,nan
2026-04-30 15:17:26.859355,1,-0.149471,-0.043074,0.355005,nan,nan,nan,nan,nan,nan,-3.094052,-0.039075,0.173593,nan,nan,nan,nan,nan,nan
2026-04-30 15:17:26.879483,1,-0.126975,-0.04258,0.350523,nan,nan,nan,nan,nan,nan,-3.084232,-0.040009,0.155293,nan,nan,nan,nan,nan,nan
2026-04-30 15:17:26.904537,1,-0.104667,-0.042403,0.347951,nan,nan,nan,nan,nan,nan,-3.107539,-0.032844,0.129829,nan,nan,nan,nan,nan,nan
2026-04-30 15:17:26.928530,1,-0.089192,-0.042262,0.34665,nan,nan,nan,nan,nan,nan,-3.101731,-0.038995,0.10969,nan,nan,nan,nan,nan,nan
2026-04-30 15:17:26.956929,1,-0.081245,-0.042156,0.345898,nan,nan,nan,nan,nan,nan,-3.100566,-0.039875,0.107869,nan,nan,nan,nan,nan,nan
2026-04-30 15:17:26.977571,1,-0.049143,-0.041741,0.343465,nan,nan,nan,nan,nan,nan,-3.086663,-0.039564,0.09547,nan,nan,nan,nan,nan,nan
2026-04-30 15:17:27.005327,1,-0.032868,-0.0415,0.342569,nan,nan,nan,nan,nan,nan,-3.045745,-0.037507,0.103361,nan,nan,nan,nan,nan,nan
2026-04-30 15:17:27.031930,1,-0.008177,-0.04147,0.342456,nan,nan,nan,nan,nan,nan,-3.034536,-0.04289,0.170375,nan,nan,nan,nan,nan,nan
2026-04-30 15:17:27.055936,1,0.016142,-0.041381,0.342144,nan,nan,nan,nan,nan,nan,-3.053349,-0.019986,-0.168146,nan,nan,nan,nan,nan,nan
2026-04-30 15:17:27.078757,1,0.024036,-0.041395,0.34197,nan,nan,nan,nan,nan,nan,-3.062003,-0.018042,-0.176129,nan,nan,nan,nan,nan,nan
2026-04-30 15:17:27.105169,1,0.055469,-0.04148,0.342905,nan,nan,nan,nan,nan,nan,-3.094238,-0.024244,-0.166034,nan,nan,nan,nan,nan,nan
2026-04-30 15:17:27.132479,1,0.070088,-0.041591,0.34268,nan,nan,nan,nan,nan,nan,-3.081588,-0.018142,-0.183914,nan,nan,nan,nan,nan,nan
2026-04-30 15:17:27.158641,1,0.092101,-0.041597,0.34412,nan,nan,nan,nan,nan,nan,-3.092031,-0.022575,-0.192387,nan,nan,nan,nan,nan,nan
2026-04-30 15:17:27.194799,1,0.112443,-0.041684,0.345959,nan,nan,nan,nan,nan,nan,-3.086832,-0.020562,-0.201069,nan,nan,nan,nan,nan,nan
2026-04-30 15:17:27.232131,1,0.131645,-0.041743,0.347699,nan,nan,nan,nan,nan,nan,-3.093077,-0.020801,-0.213164,nan,nan,nan,nan,nan,nan
2026-04-30 15:17:27.255394,1,0.148798,-0.041991,0.349546,nan,nan,nan,nan,nan,nan,-3.098803,-0.013587,-0.224484,nan,nan,nan,nan,nan,nan
2026-04-30 15:17:27.282876,1,0.164683,-0.042036,0.351818,nan,nan,nan,nan,nan,nan,-3.093057,-0.016354,-0.232107,nan,nan,nan,nan,nan,nan
2026-04-30 15:17:27.309993,1,0.178705,-0.04234,0.354508,nan,nan,nan,nan,nan,nan,-3.093164,-0.00798,-0.231363,nan,nan,nan,nan,nan,nan
2026-04-30 15:17:27.334124,1,0.192394,-0.042392,0.356115,nan,nan,nan,nan,nan,nan,-3.084474,-0.006796,-0.254377,nan,nan,nan,nan,nan,nan
2026-04-30 15:17:27.363915,1,0.196718,-0.042465,0.356713,nan,nan,nan,nan,nan,nan,-3.089647,-0.005248,-0.261976,nan,nan,nan,nan,nan,nan
2026-04-30 15:17:27.391280,1,0.213341,-0.042912,0.359668,nan,nan,nan,nan,nan,nan,-3.103427,-0.012108,-0.281037,nan,nan,nan,nan,nan,nan
2026-04-30 15:17:27.417929,1,0.222032,-0.043001,0.360982,nan,nan,nan,nan,nan,nan,-3.09611,-0.012895,-0.304883,nan,nan,nan,nan,nan,nan
2026-04-30 15:17:27.446814,1,0.233861,-0.043272,0.362877,nan,nan,nan,0.14805,-0.049724,0.538525,-3.09395,-0.006785,-0.331251,nan,nan,nan,-2.391153,-0.052902,2.017165
2026-04-30 15:17:27.474377,1,0.245609,-0.043581,0.365081,nan,nan,nan,0.156725,-0.04965,0.539574,-3.082574,0.008817,-0.362609,nan,nan,nan,-2.413051,-0.044497,1.996012
2026-04-30 15:17:27.505781,1,0.256807,-0.043701,0.367594,nan,nan,nan,0.164495,-0.049614,0.539571,-3.081739,0.009087,-0.39347,nan,nan,nan,-2.440575,-0.045433,1.974211
2026-04-30 15:17:27.533066,1,0.267011,-0.043791,0.369303,nan,nan,nan,0.172483,-0.049758,0.54082,-3.075093,0.011954,-0.429644,nan,nan,nan,-2.449087,-0.038226,1.93741
2026-04-30 15:17:27.562539,1,0.27043,-0.043829,0.370071,nan,nan,nan,0.175364,-0.049822,0.541957,-3.073675,0.013351,-0.436876,nan,nan,nan,-2.451305,-0.028033,1.925376
2026-04-30 15:17:27.592157,1,0.282024,-0.043947,0.372113,nan,nan,nan,0.184245,-0.049755,0.541577,-3.072226,0.012412,-0.466083,nan,nan,nan,-2.477017,-0.03376,1.91188
2026-04-30 15:17:27.621687,1,0.290327,-0.044006,0.37324,nan,nan,nan,0.191018,-0.049757,0.542044,-3.06946,0.012457,-0.475842,nan,nan,nan,-2.478831,-0.032435,1.901602
2026-04-30 15:17:27.646782,1,0.296591,-0.043339,0.371357,nan,nan,nan,0.197012,-0.04974,0.540967,-3.068693,0.006142,-0.49266,nan,nan,nan,-2.49346,-0.035017,1.888947
2026-04-30 15:17:27.680842,1,0.300079,-0.043209,0.369667,nan,nan,nan,0.200281,-0.049769,0.539264,-3.065204,0.010324,-0.500222,nan,nan,nan,-2.492239,-0.035579,1.863703
2026-04-30 15:17:27.713234,1,0.309361,-0.043488,0.368201,nan,nan,nan,0.206743,-0.049377,0.534202,-3.067333,0.00593,-0.521349,nan,nan,nan,-2.518037,-0.033171,1.863979
2026-04-30 15:17:27.739072,1,0.316736,-0.044057,0.364139,nan,nan,nan,0.21299,-0.049134,0.529243,-3.071797,0.008623,-0.535014,nan,nan,nan,-2.521822,-0.031307,1.853588
2026-04-30 15:17:27.765125,1,0.320634,-0.043996,0.36099,nan,nan,nan,0.216127,-0.048592,0.526029,-3.064872,0.020918,-0.547001,nan,nan,nan,-2.517437,-0.016256,1.849367
2026-04-30 15:17:27.792833,1,0.325779,-0.043733,0.35608,nan,nan,nan,0.219823,-0.048338,0.519615,-3.059304,0.02127,-0.563772,nan,nan,nan,-2.538446,-0.018945,1.832665
2026-04-30 15:17:27.818288,1,nan,nan,nan,nan,nan,nan,0.223325,-0.048112,0.512554,nan,nan,nan,nan,nan,nan,-2.551416,-0.009108,1.803232
2026-04-30 15:17:27.844976,1,nan,nan,nan,nan,nan,nan,0.225789,-0.047998,0.507292,nan,nan,nan,nan,nan,nan,-2.55818,-0.02591,1.809975
2026-04-30 15:17:27.873760,1,nan,nan,nan,nan,nan,nan,0.228007,-0.047862,0.502737,nan,nan,nan,nan,nan,nan,-2.561013,-0.020523,1.792286
2026-04-30 15:17:27.900917,1,nan,nan,nan,nan,nan,nan,0.232499,-0.046792,0.493412,nan,nan,nan,nan,nan,nan,-2.556624,-0.00964,1.777323
2026-04-30 15:17:27.922684,1,nan,nan,nan,nan,nan,nan,0.234969,-0.047028,0.489122,nan,nan,nan,nan,nan,nan,-2.584977,-0.026293,1.78023
2026-04-30 15:17:27.952069,1,nan,nan,nan,nan,nan,nan,0.236864,-0.046976,0.484477,nan,nan,nan,nan,nan,nan,-2.567831,-0.01271,1.771217
2026-04-30 15:17:27.980399,1,nan,nan,nan,nan,nan,nan,0.239368,-0.046628,0.476535,nan,nan,nan,nan,nan,nan,-2.563713,-0.020059,1.781694
2026-04-30 15:17:28.009380,1,nan,nan,nan,nan,nan,nan,0.240769,-0.045703,0.468653,nan,nan,nan,nan,nan,nan,-2.551028,-0.012567,1.798251
2026-04-30 15:17:28.038837,1,nan,nan,nan,nan,nan,nan,0.241891,-0.045493,0.459262,nan,nan,nan,nan,nan,nan,-2.553596,-0.019109,1.821362
2026-04-30 15:17:28.065438,1,nan,nan,nan,nan,nan,nan,0.24256,-0.045213,0.45031,nan,nan,nan,nan,nan,nan,-2.529036,-0.018394,1.836127
2026-04-30 15:17:28.091885,1,nan,nan,nan,nan,nan,nan,0.241487,-0.044363,0.439074,nan,nan,nan,nan,nan,nan,-2.514833,-0.010956,1.866608
2026-04-30 15:17:28.122019,1,nan,nan,nan,nan,nan,nan,0.23979,-0.044155,0.430632,nan,nan,nan,nan,nan,nan,-2.505868,-0.02437,1.892387
2026-04-30 15:17:28.150382,1,nan,nan,nan,nan,nan,nan,0.238348,-0.04379,0.419988,nan,nan,nan,nan,nan,nan,-2.486004,-0.01865,1.893499
2026-04-30 15:17:28.174089,1,nan,nan,nan,nan,nan,nan,0.234416,-0.043024,0.405964,nan,nan,nan,nan,nan,nan,-2.486838,-0.029588,1.918944
2026-04-30 15:17:28.206937,1,nan,nan,nan,nan,nan,nan,0.229308,-0.042352,0.391987,nan,nan,nan,nan,nan,nan,-2.467204,-0.013073,1.920631
2026-04-30 15:17:28.234623,1,nan,nan,nan,nan,nan,nan,0.222561,-0.041974,0.376822,nan,nan,nan,nan,nan,nan,-2.457347,-0.025133,1.930504
2026-04-30 15:17:28.260946,1,nan,nan,nan,nan,nan,nan,0.216212,-0.041026,0.363116,nan,nan,nan,nan,nan,nan,-2.457279,-0.017657,1.938373
2026-04-30 15:17:28.290048,1,nan,nan,nan,nan,nan,nan,0.211984,-0.040952,0.354225,nan,nan,nan,nan,nan,nan,-2.454279,-0.025825,1.929483
2026-04-30 15:17:28.314275,1,nan,nan,nan,nan,nan,nan,0.202853,-0.040216,0.338262,nan,nan,nan,nan,nan,nan,-2.457668,-0.022563,1.92782
2026-04-30 15:17:28.339541,1,nan,nan,nan,nan,nan,nan,0.200925,-0.040219,0.335283,nan,nan,nan,nan,nan,nan,-2.467773,-0.025346,1.930566
2026-04-30 15:17:28.363260,1,nan,nan,nan,nan,nan,nan,0.195473,-0.039233,0.327921,nan,nan,nan,nan,nan,nan,-2.464707,-0.009389,1.921591
2026-04-30 15:17:28.390266,1,nan,nan,nan,nan,nan,nan,0.183902,-0.039113,0.314367,nan,nan,nan,nan,nan,nan,-2.469323,-0.019067,1.919618
2026-04-30 15:17:28.415848,1,nan,nan,nan,nan,nan,nan,0.17497,-0.038526,0.305581,nan,nan,nan,nan,nan,nan,-2.467051,-0.027698,1.926074
2026-04-30 15:17:28.447762,1,nan,nan,nan,nan,nan,nan,0.169689,-0.03832,0.301657,nan,nan,nan,nan,nan,nan,-2.464812,-0.019914,1.920989
2026-04-30 15:17:28.472653,1,nan,nan,nan,nan,nan,nan,0.160373,-0.038024,0.29609,nan,nan,nan,nan,nan,nan,-2.457821,-0.022889,1.934678
2026-04-30 15:17:28.494730,1,nan,nan,nan,nan,nan,nan,0.153768,-0.037826,0.292861,nan,nan,nan,nan,nan,nan,-2.452837,-0.024149,1.948536
2026-04-30 15:17:28.522022,1,nan,nan,nan,nan,nan,nan,0.143546,-0.037526,0.289226,nan,nan,nan,nan,nan,nan,-2.43852,-0.020218,1.964196
2026-04-30 15:17:28.552150,1,nan,nan,nan,nan,nan,nan,0.132629,-0.037474,0.286966,nan,nan,nan,nan,nan,nan,-2.423388,-0.016498,1.97682
2026-04-30 15:17:28.581414,1,nan,nan,nan,nan,nan,nan,0.120501,-0.037385,0.285015,nan,nan,nan,nan,nan,nan,-2.40134,-0.023152,2.003676
2026-04-30 15:17:28.616012,1,nan,nan,nan,nan,nan,nan,0.10848,-0.03751,0.285586,nan,nan,nan,nan,nan,nan,-2.384545,-0.019342,2.018771
2026-04-30 15:17:28.644678,1,nan,nan,nan,nan,nan,nan,0.095601,-0.037581,0.286714,nan,nan,nan,nan,nan,nan,-2.372708,-0.028122,2.036098
2026-04-30 15:17:28.676587,1,nan,nan,nan,nan,nan,nan,0.08256,-0.037712,0.28901,nan,nan,nan,nan,nan,nan,-2.36386,-0.033935,2.052498
2026-04-30 15:17:28.712221,1,nan,nan,nan,nan,nan,nan,0.069348,-0.037818,0.291596,nan,nan,nan,nan,nan,nan,-2.357999,-0.034746,2.063643
2026-04-30 15:17:28.743321,1,nan,nan,nan,nan,nan,nan,0.055566,-0.037513,0.295911,nan,nan,nan,nan,nan,nan,-2.351041,-0.03033,2.062671
2026-04-30 15:17:28.772851,1,nan,nan,nan,nan,nan,nan,0.042168,-0.037785,0.29987,nan,nan,nan,nan,nan,nan,-2.340186,-0.034324,2.06628
2026-04-30 15:17:28.801222,1,0.102777,-0.033163,0.131072,nan,nan,nan,nan,nan,nan,-3.099545,0.010578,-0.256008,nan,nan,nan,nan,nan,nan
2026-04-30 15:17:28.829914,1,0.089201,-0.033317,0.135993,nan,nan,nan,nan,nan,nan,-3.101133,0.003925,-0.250693,nan,nan,nan,nan,nan,nan
2026-04-30 15:17:28.853381,1,0.079809,-0.033952,0.139397,nan,nan,nan,nan,nan,nan,-3.101407,0.007831,-0.248055,nan,nan,nan,nan,nan,nan
2026-04-30 15:17:28.880495,1,0.069179,-0.034024,0.142937,nan,nan,nan,nan,nan,nan,-3.099598,0.015433,-0.239036,nan,nan,nan,nan,nan,nan
2026-04-30 15:17:28.914022,1,0.053455,-0.034656,0.148536,nan,nan,nan,nan,nan,nan,-3.101188,0.016223,-0.225437,nan,nan,nan,nan,nan,nan
2026-04-30 15:17:28.939667,1,0.031279,-0.034684,0.157233,nan,nan,nan,nan,nan,nan,-3.085153,0.013136,-0.224185,nan,nan,nan,nan,nan,nan
2026-04-30 15:17:28.966028,1,0.020257,-0.034584,0.161702,nan,nan,nan,nan,nan,nan,-3.093745,0.002992,-0.202153,nan,nan,nan,nan,nan,nan
2026-04-30 15:17:28.993584,1,0.002791,-0.035558,0.170128,nan,nan,nan,nan,nan,nan,-3.081967,0.007848,-0.166656,nan,nan,nan,nan,nan,nan
2026-04-30 15:17:29.022096,1,-0.007751,-0.035155,0.17607,nan,nan,nan,nan,nan,nan,-3.084966,-0.000506,-0.164415,nan,nan,nan,nan,nan,nan
2026-04-30 15:17:29.051276,1,-0.023748,-0.036753,0.186246,nan,nan,nan,nan,nan,nan,-3.081503,-0.001858,-0.120197,nan,nan,nan,nan,nan,nan
2026-04-30 15:17:29.079111,1,-0.04383,-0.037021,0.200442,nan,nan,nan,nan,nan,nan,-3.086817,-0.007237,-0.09279,nan,nan,nan,nan,nan,nan
2026-04-30 15:17:29.112865,1,-0.052562,-0.036001,0.207333,nan,nan,nan,nan,nan,nan,-3.103977,-0.017938,-0.065116,nan,nan,nan,nan,nan,nan
2026-04-30 15:17:29.139632,1,-0.065671,-0.037501,0.218946,nan,nan,nan,nan,nan,nan,-3.11095,0.000345,-0.07232,nan,nan,nan,nan,nan,nan
2026-04-30 15:17:29.171957,1,-0.076928,-0.037825,0.229976,nan,nan,nan,nan,nan,nan,-3.112915,-0.004718,-0.080355,nan,nan,nan,nan,nan,nan
2026-04-30 15:17:29.204759,1,-0.08804,-0.038266,0.242212,nan,nan,nan,nan,nan,nan,-3.100739,-0.013048,-0.106954,nan,nan,nan,nan,nan,nan
2026-04-30 15:17:29.238444,1,-0.102199,-0.039387,0.255674,nan,nan,nan,nan,nan,nan,-3.104877,-0.006657,-0.11399,nan,nan,nan,nan,nan,nan
2026-04-30 15:17:29.267526,1,-0.113274,-0.038171,0.265877,nan,nan,nan,nan,nan,nan,-3.096945,-0.013727,-0.114901,nan,nan,nan,nan,nan,nan
2026-04-30 15:17:29.294230,1,-0.124718,-0.039849,0.275393,nan,nan,nan,nan,nan,nan,-3.10464,0.000873,-0.12851,nan,nan,nan,nan,nan,nan
2026-04-30 15:17:29.323479,1,-0.136474,-0.040808,0.284177,nan,nan,nan,nan,nan,nan,-3.108941,0.000803,-0.12999,nan,nan,nan,nan,nan,nan
2026-04-30 15:17:29.352373,1,-0.148814,-0.039226,0.29211,nan,nan,nan,nan,nan,nan,-3.116304,-0.002691,-0.119327,nan,nan,nan,nan,nan,nan
2026-04-30 15:17:29.381257,1,-0.161666,-0.041184,0.299695,nan,nan,nan,nan,nan,nan,-3.119173,-0.000382,-0.113443,nan,nan,nan,nan,nan,nan
2026-04-30 15:17:29.408913,1,-0.17733,-0.041741,0.309442,nan,nan,nan,nan,nan,nan,-3.103769,-0.003232,-0.10662,nan,nan,nan,nan,nan,nan
2026-04-30 15:17:29.440902,1,-0.186647,-0.041767,0.313378,nan,nan,nan,nan,nan,nan,-3.102467,-0.008464,-0.08257,nan,nan,nan,nan,nan,nan
2026-04-30 15:17:29.468787,1,-0.207637,-0.041807,0.321083,-0.158774,-0.046644,0.51057,nan,nan,nan,-3.118425,-0.002591,-0.028202,-2.154079,0.006044,-2.232895,nan,nan,nan
2026-04-30 15:17:29.498122,1,-0.219425,-0.042064,0.32509,nan,nan,nan,nan,nan,nan,-3.117763,-0.004959,0.008301,nan,nan,nan,nan,nan,nan
2026-04-30 15:17:29.524495,1,-0.237949,-0.042634,0.330972,-0.180248,-0.047298,0.519384,nan,nan,nan,-3.106663,-0.017402,0.057494,-2.221643,-0.004141,-2.181859,nan,nan,nan
2026-04-30 15:17:29.554765,1,-0.244231,-0.042456,0.33292,nan,nan,nan,nan,nan,nan,-3.113716,-0.013379,0.071157,nan,nan,nan,nan,nan,nan
2026-04-30 15:17:29.585645,1,-0.261157,-0.042501,0.336614,-0.197826,-0.047111,0.523056,nan,nan,nan,-3.101291,-0.027828,0.1169,-2.253849,-0.008766,-2.127563,nan,nan,nan
2026-04-30 15:17:29.614182,1,-0.289151,-0.043069,0.342805,-0.217921,-0.04716,0.52325,nan,nan,nan,-3.104167,-0.030609,0.172464,-2.286793,0.000165,-2.096595,nan,nan,nan
2026-04-30 15:17:29.638443,1,-0.307258,-0.043479,0.346833,-0.231792,-0.047284,0.527204,nan,nan,nan,-3.097316,-0.036167,0.212386,-2.315956,-0.017361,-2.05391,nan,nan,nan
2026-04-30 15:17:29.666683,1,-0.3129,-0.043617,0.347338,-0.235507,-0.047206,0.526193,nan,nan,nan,-3.099086,-0.034477,0.231364,-2.325419,-0.018932,-2.039122,nan,nan,nan
2026-04-30 15:17:29.699279,1,nan,nan,nan,-0.251518,-0.047459,0.526979,nan,nan,nan,nan,nan,nan,-2.377564,-0.018608,-1.997185,nan,nan,nan
2026-04-30 15:17:29.725947,1,nan,nan,nan,-0.26253,-0.047906,0.530285,nan,nan,nan,nan,nan,nan,-2.407526,-0.021028,-1.965717,nan,nan,nan
2026-04-30 15:17:29.754139,1,-0.358535,-0.044586,0.357616,nan,nan,nan,nan,nan,nan,-3.087125,-0.045365,0.367307,nan,nan,nan,nan,nan,nan
2026-04-30 15:17:29.782417,1,-0.364217,-0.044913,0.361532,-0.275621,-0.047882,0.536023,nan,nan,nan,-3.083113,-0.052644,0.373622,-2.420579,-0.022192,-1.954141,nan,nan,nan
2026-04-30 15:17:29.811776,1,-0.367747,-0.045169,0.365481,-0.278489,-0.048194,0.540321,nan,nan,nan,-3.085591,-0.049409,0.374293,-2.419273,-0.028618,-1.949955,nan,nan,nan
2026-04-30 15:17:29.840133,1,-0.368728,-0.045686,0.371038,nan,nan,nan,nan,nan,nan,-3.090707,-0.041149,0.360182,nan,nan,nan,nan,nan,nan
2026-04-30 15:17:29.869233,1,-0.367563,-0.045623,0.374606,-0.279869,-0.048923,0.550129,nan,nan,nan,-3.084852,-0.042852,0.349903,-2.408492,-0.021218,-1.958625,nan,nan,nan
2026-04-30 15:17:29.898330,1,-0.360488,-0.045438,0.379887,-0.276865,-0.049227,0.558441,nan,nan,nan,-3.091547,-0.046567,0.327376,-2.38356,-0.027881,-1.977186,nan,nan,nan
2026-04-30 15:17:29.931803,1,nan,nan,nan,-0.272771,-0.049133,0.563966,nan,nan,nan,nan,nan,nan,-2.358928,-0.028076,-1.992928,nan,nan,nan
2026-04-30 15:17:29.963204,1,-0.348672,-0.045846,0.391342,-0.266966,-0.049124,0.568168,nan,nan,nan,-3.087895,-0.049461,0.276769,-2.349159,-0.022858,-2.008452,nan,nan,nan
2026-04-30 15:17:29.996694,1,-0.341081,-0.046141,0.396758,-0.262611,-0.050272,0.577393,nan,nan,nan,-3.096876,-0.040146,0.255272,-2.338089,-0.029712,-2.02817,nan,nan,nan
2026-04-30 15:17:30.028410,1,-0.330973,-0.046155,0.404747,-0.253665,-0.0506,0.586624,nan,nan,nan,-3.09146,-0.036222,0.242729,-2.344434,-0.013744,-2.039848,nan,nan,nan
2026-04-30 15:17:30.061902,1,-0.321463,-0.046203,0.409397,-0.247016,-0.051095,0.595345,nan,nan,nan,-3.090802,-0.041341,0.222739,-2.328224,-0.025678,-2.046168,nan,nan,nan
2026-04-30 15:17:30.094230,1,-0.311638,-0.04653,0.414697,nan,nan,nan,nan,nan,nan,-3.094211,-0.042862,0.207848,nan,nan,nan,nan,nan,nan
2026-04-30 15:17:30.120291,1,-0.303403,-0.046537,0.415766,nan,nan,nan,nan,nan,nan,-3.097726,-0.038807,0.203011,nan,nan,nan,nan,nan,nan
2026-04-30 15:17:30.147562,1,-0.288173,-0.046179,0.421393,-0.217808,-0.050645,0.603918,nan,nan,nan,-3.09569,-0.045074,0.169519,-2.25998,-0.027948,-2.08968,nan,nan,nan
2026-04-30 15:17:30.178563,1,-0.275959,-0.046495,0.423992,-0.209002,-0.051216,0.610265,nan,nan,nan,-3.106554,-0.026052,0.141381,-2.255164,-0.026136,-2.111336,nan,nan,nan
2026-04-30 15:17:30.209530,1,-0.266904,-0.046361,0.424137,nan,nan,nan,nan,nan,nan,-3.096787,-0.034522,0.142972,nan,nan,nan,nan,nan,nan
2026-04-30 15:17:30.232145,1,-0.254762,-0.04668,0.428815,nan,nan,nan,nan,nan,nan,-3.102386,-0.03641,0.103087,nan,nan,nan,nan,nan,nan
2026-04-30 15:17:30.267168,1,-0.239822,-0.046515,0.428299,nan,nan,nan,nan,nan,nan,-3.110912,-0.028494,0.046839,nan,nan,nan,nan,nan,nan
2026-04-30 15:17:30.294965,1,-0.230487,-0.046463,0.42939,nan,nan,nan,nan,nan,nan,-3.098406,-0.035478,0.037236,nan,nan,nan,nan,nan,nan
2026-04-30 15:17:30.324465,1,-0.209414,-0.046415,0.428096,nan,nan,nan,nan,nan,nan,-3.10689,-0.030337,-0.002477,nan,nan,nan,nan,nan,nan
2026-04-30 15:17:30.348650,1,-0.193892,-0.046381,0.428385,nan,nan,nan,nan,nan,nan,-3.096375,-0.033008,-0.056427,nan,nan,nan,nan,nan,nan
2026-04-30 15:17:30.383893,1,-0.175822,-0.046106,0.424876,nan,nan,nan,nan,nan,nan,-3.120056,-0.028694,-0.087838,nan,nan,nan,nan,nan,nan
2026-04-30 15:17:30.407807,1,-0.158347,-0.045987,0.42325,nan,nan,nan,nan,nan,nan,-3.108325,-0.032365,-0.13872,nan,nan,nan,nan,nan,nan
2026-04-30 15:17:30.433382,1,-0.139918,-0.045434,0.41991,nan,nan,nan,nan,nan,nan,-3.109883,-0.027006,-0.133238,nan,nan,nan,nan,nan,nan
2026-04-30 15:17:30.461240,1,-0.121768,-0.045283,0.417995,nan,nan,nan,nan,nan,nan,-3.090882,-0.02968,-0.169121,nan,nan,nan,nan,nan,nan
2026-04-30 15:17:30.485961,1,-0.109198,-0.045276,0.41779,nan,nan,nan,nan,nan,nan,-3.04033,-0.03465,-0.171985,nan,nan,nan,nan,nan,nan
2026-04-30 15:17:30.510571,1,-0.103062,-0.04536,0.417367,nan,nan,nan,nan,nan,nan,-3.04432,-0.032323,-0.169538,nan,nan,nan,nan,nan,nan
2026-04-30 15:17:30.540249,1,-0.076855,-0.045036,0.413473,nan,nan,nan,nan,nan,nan,-3.062236,-0.012819,-0.434287,nan,nan,nan,nan,nan,nan
2026-04-30 15:17:30.564351,1,-0.057373,-0.04469,0.411071,nan,nan,nan,nan,nan,nan,-3.082629,-0.020765,-0.420476,nan,nan,nan,nan,nan,nan
2026-04-30 15:17:30.589387,1,-0.038301,-0.044682,0.408567,nan,nan,nan,nan,nan,nan,-3.096454,-0.005785,-0.458757,nan,nan,nan,nan,nan,nan
2026-04-30 15:17:30.613412,1,-0.025191,-0.044813,0.407004,nan,nan,nan,nan,nan,nan,-3.070998,-0.01298,-0.451453,nan,nan,nan,nan,nan,nan
2026-04-30 15:17:30.636857,1,-0.012186,-0.044717,0.405809,nan,nan,nan,nan,nan,nan,-3.076064,-0.014526,-0.462649,nan,nan,nan,nan,nan,nan
2026-04-30 15:17:30.663194,1,0.007523,-0.044682,0.404553,nan,nan,nan,nan,nan,nan,-3.06885,-0.003439,-0.492726,nan,nan,nan,nan,nan,nan
2026-04-30 15:17:30.695835,1,0.027017,-0.044493,0.404288,nan,nan,nan,nan,nan,nan,-3.051029,-0.009406,-0.51026,nan,nan,nan,nan,nan,nan
2026-04-30 15:17:30.721314,1,0.046603,-0.04389,0.403902,nan,nan,nan,nan,nan,nan,-3.043991,-0.01403,-0.528291,nan,nan,nan,nan,nan,nan
2026-04-30 15:17:30.746990,1,0.065609,-0.044455,0.404023,nan,nan,nan,nan,nan,nan,-3.060554,-0.020778,-0.545742,nan,nan,nan,nan,nan,nan
2026-04-30 15:17:30.775467,1,0.078264,-0.044611,0.40342,nan,nan,nan,nan,nan,nan,-3.049086,-0.009134,-0.56641,nan,nan,nan,nan,nan,nan
2026-04-30 15:17:30.802434,1,0.096679,-0.044641,0.403652,nan,nan,nan,nan,nan,nan,-3.059108,0.003939,-0.587705,nan,nan,nan,nan,nan,nan
2026-04-30 15:17:30.828848,1,0.109481,-0.044439,0.404918,nan,nan,nan,-0.005812,-0.050861,0.565294,-3.054158,-0.001579,-0.604896,nan,nan,nan,-2.536905,-0.03774,1.818275
2026-04-30 15:17:30.858945,1,0.127884,-0.044303,0.405224,nan,nan,nan,nan,nan,nan,-3.038326,0.007043,-0.634542,nan,nan,nan,nan,nan,nan
2026-04-30 15:17:30.887579,1,0.146083,-0.044851,0.408119,nan,nan,nan,0.026786,-0.050984,0.565623,-3.043806,0.003196,-0.645816,nan,nan,nan,-2.57399,-0.02846,1.751436
2026-04-30 15:17:30.915993,1,0.163343,-0.044705,0.409158,nan,nan,nan,0.042443,-0.050903,0.563722,-3.036902,-0.000232,-0.670158,nan,nan,nan,-2.581666,-0.043084,1.75301
2026-04-30 15:17:30.937111,1,0.179127,-0.044545,0.409771,nan,nan,nan,0.05717,-0.050241,0.562398,-3.032462,0.003386,-0.68781,nan,nan,nan,-2.59184,-0.026683,1.739759
2026-04-30 15:17:30.971494,1,0.189164,-0.04479,0.410386,nan,nan,nan,0.066466,-0.049758,0.560426,-3.042024,0.004398,-0.695229,nan,nan,nan,-2.586772,-0.027251,1.732274
2026-04-30 15:17:30.998627,1,0.20359,-0.044806,0.410944,nan,nan,nan,0.079988,-0.050554,0.562914,-3.030497,0.000169,-0.702659,nan,nan,nan,-2.61947,-0.030103,1.722819
2026-04-30 15:17:31.029466,1,0.216812,-0.045252,0.411464,nan,nan,nan,nan,nan,nan,-3.021184,0.016349,-0.703131,nan,nan,nan,nan,nan,nan
2026-04-30 15:17:31.055903,1,0.227898,-0.045175,0.409578,nan,nan,nan,0.104563,-0.050508,0.561091,-3.025555,0.017158,-0.70759,nan,nan,nan,-2.615475,-0.018506,1.714098
2026-04-30 15:17:31.084279,1,0.237596,-0.045023,0.406851,nan,nan,nan,nan,nan,nan,-3.027418,0.024462,-0.711486,nan,nan,nan,nan,nan,nan
2026-04-30 15:17:31.113124,1,0.244093,-0.04496,0.405591,nan,nan,nan,0.121024,-0.04953,0.555377,-3.030122,0.026007,-0.702208,nan,nan,nan,-2.58227,-0.02443,1.732109
2026-04-30 15:17:31.140546,1,0.252222,-0.044592,0.398271,nan,nan,nan,0.132548,-0.04978,0.552845,-3.030817,0.024272,-0.684563,nan,nan,nan,-2.59117,-0.015714,1.730517
2026-04-30 15:17:31.167813,1,0.255203,-0.044568,0.397798,nan,nan,nan,0.135308,-0.049901,0.552094,-3.029007,0.017399,-0.685139,nan,nan,nan,-2.59417,-0.020831,1.740668
2026-04-30 15:17:31.195137,1,0.260702,-0.044703,0.393061,nan,nan,nan,0.14289,-0.05011,0.549428,-3.047828,0.004722,-0.668865,nan,nan,nan,-2.593767,-0.017751,1.729184
2026-04-30 15:17:31.219141,1,0.265056,-0.044447,0.388206,nan,nan,nan,0.148949,-0.049907,0.545626,-3.046992,0.003381,-0.643675,nan,nan,nan,-2.572183,-0.028343,1.76607
2026-04-30 15:17:31.246919,1,0.26937,-0.044284,0.383341,nan,nan,nan,0.153973,-0.049241,0.538871,-3.052296,0.007373,-0.628709,nan,nan,nan,-2.57201,-0.022441,1.786285
2026-04-30 15:17:31.274122,1,0.273634,-0.044091,0.378328,nan,nan,nan,0.159325,-0.048838,0.53468,-3.050836,0.019663,-0.614161,nan,nan,nan,-2.571308,-0.024817,1.781503
2026-04-30 15:17:31.302773,1,0.277503,-0.04377,0.373058,nan,nan,nan,0.164757,-0.049317,0.531575,-3.050639,0.004067,-0.610199,nan,nan,nan,-2.555919,-0.029493,1.785696
2026-04-30 15:17:31.334411,1,0.281695,-0.043738,0.368291,nan,nan,nan,0.169867,-0.049073,0.52761,-3.047798,0.02293,-0.605193,nan,nan,nan,-2.563067,-0.026976,1.787535
2026-04-30 15:17:31.367503,1,nan,nan,nan,nan,nan,nan,0.174674,-0.048874,0.523401,nan,nan,nan,nan,nan,nan,-2.568102,-0.029903,1.793149
2026-04-30 15:17:31.395067,1,0.289136,-0.043245,0.360732,nan,nan,nan,0.177447,-0.048739,0.519354,-3.050102,0.008849,-0.607261,nan,nan,nan,-2.559116,-0.037217,1.800123
2026-04-30 15:17:31.422736,1,0.292783,-0.043071,0.355546,nan,nan,nan,0.182362,-0.048125,0.516116,-3.050454,0.022291,-0.614284,nan,nan,nan,-2.556234,-0.025051,1.800499
2026-04-30 15:17:31.450975,1,nan,nan,nan,nan,nan,nan,0.187018,-0.048015,0.511991,nan,nan,nan,nan,nan,nan,-2.561481,-0.010026,1.784227
2026-04-30 15:17:31.479508,1,0.303979,-0.04322,0.349235,nan,nan,nan,0.19117,-0.047988,0.506791,-3.05223,0.015515,-0.614691,nan,nan,nan,-2.56612,-0.028644,1.799032
2026-04-30 15:17:31.507162,1,0.306633,-0.043033,0.34364,nan,nan,nan,0.195507,-0.047928,0.502602,-3.0515,0.019773,-0.611215,nan,nan,nan,-2.554392,-0.030115,1.799084
2026-04-30 15:17:31.534726,1,0.309941,-0.042742,0.341013,nan,nan,nan,0.198366,-0.047614,0.499109,-3.060315,0.008988,-0.601483,nan,nan,nan,-2.557986,-0.023044,1.803949
2026-04-30 15:17:31.563963,1,nan,nan,nan,nan,nan,nan,0.202602,-0.047094,0.495169,nan,nan,nan,nan,nan,nan,-2.553416,-0.024305,1.811057
2026-04-30 15:17:31.593963,1,0.314044,-0.042316,0.329629,nan,nan,nan,0.205887,-0.046778,0.490089,-3.056484,0.026095,-0.586982,nan,nan,nan,-2.544727,-0.017656,1.812692
2026-04-30 15:17:31.621478,1,nan,nan,nan,nan,nan,nan,0.20946,-0.04672,0.48571,nan,nan,nan,nan,nan,nan,-2.534051,-0.017317,1.831256
2026-04-30 15:17:31.643721,1,nan,nan,nan,nan,nan,nan,0.211986,-0.046635,0.480382,nan,nan,nan,nan,nan,nan,-2.535607,-0.024018,1.84794
2026-04-30 15:17:31.672576,1,nan,nan,nan,nan,nan,nan,0.214736,-0.046388,0.475064,nan,nan,nan,nan,nan,nan,-2.526111,-0.034087,1.865782
2026-04-30 15:17:31.710237,1,nan,nan,nan,nan,nan,nan,0.216267,-0.046234,0.47184,nan,nan,nan,nan,nan,nan,-2.518957,-0.027732,1.867522
2026-04-30 15:17:31.732831,1,nan,nan,nan,nan,nan,nan,0.218035,-0.045402,0.463785,nan,nan,nan,nan,nan,nan,-2.489054,-0.01745,1.876211
2026-04-30 15:17:31.758430,1,nan,nan,nan,nan,nan,nan,0.218243,-0.045096,0.459002,nan,nan,nan,nan,nan,nan,-2.475458,-0.022672,1.891714
2026-04-30 15:17:31.784891,1,nan,nan,nan,nan,nan,nan,0.218424,-0.04519,0.453086,nan,nan,nan,nan,nan,nan,-2.485592,-0.027153,1.909233
2026-04-30 15:17:31.814590,1,nan,nan,nan,nan,nan,nan,0.217275,-0.04503,0.445996,nan,nan,nan,nan,nan,nan,-2.472136,-0.020595,1.920635
2026-04-30 15:17:31.845444,1,nan,nan,nan,nan,nan,nan,0.214882,-0.044693,0.438497,nan,nan,nan,nan,nan,nan,-2.46124,-0.026259,1.93694
2026-04-30 15:17:31.874112,1,nan,nan,nan,nan,nan,nan,0.211887,-0.043821,0.430053,nan,nan,nan,nan,nan,nan,-2.450936,-0.019085,1.936343
2026-04-30 15:17:31.903202,1,nan,nan,nan,nan,nan,nan,0.208589,-0.043788,0.422365,nan,nan,nan,nan,nan,nan,-2.446124,-0.015107,1.943401
2026-04-30 15:17:31.927967,1,nan,nan,nan,nan,nan,nan,0.205578,-0.043751,0.416352,nan,nan,nan,nan,nan,nan,-2.451327,-0.03239,1.949834
2026-04-30 15:17:31.954095,1,nan,nan,nan,nan,nan,nan,0.20105,-0.043369,0.409467,nan,nan,nan,nan,nan,nan,-2.442839,-0.017807,1.947211
2026-04-30 15:17:31.986164,1,nan,nan,nan,nan,nan,nan,0.194982,-0.043029,0.401684,nan,nan,nan,nan,nan,nan,-2.448385,-0.029063,1.953564
2026-04-30 15:17:32.012039,1,nan,nan,nan,nan,nan,nan,0.189729,-0.042133,0.395448,nan,nan,nan,nan,nan,nan,-2.435798,-0.023555,1.958475
2026-04-30 15:17:32.041569,1,nan,nan,nan,nan,nan,nan,0.182924,-0.041998,0.389317,nan,nan,nan,nan,nan,nan,-2.430925,-0.023918,1.957547
2026-04-30 15:17:32.068487,1,nan,nan,nan,nan,nan,nan,0.175017,-0.04165,0.383284,nan,nan,nan,nan,nan,nan,-2.430993,-0.026643,1.968094
2026-04-30 15:17:32.098548,1,nan,nan,nan,nan,nan,nan,0.167328,-0.041835,0.379963,nan,nan,nan,nan,nan,nan,-2.424896,-0.028784,1.979353
2026-04-30 15:17:32.124216,1,nan,nan,nan,nan,nan,nan,0.157926,-0.041666,0.375381,nan,nan,nan,nan,nan,nan,-2.412596,-0.030914,1.994913
2026-04-30 15:17:32.152717,1,nan,nan,nan,nan,nan,nan,0.151309,-0.041458,0.373052,nan,nan,nan,nan,nan,nan,-2.403498,-0.032273,2.006772
2026-04-30 15:17:32.177877,1,nan,nan,nan,nan,nan,nan,0.140852,-0.041312,0.370965,nan,nan,nan,nan,nan,nan,-2.383298,-0.022885,2.018503
2026-04-30 15:17:32.208190,1,nan,nan,nan,nan,nan,nan,0.129264,-0.041148,0.368637,nan,nan,nan,nan,nan,nan,-2.363703,-0.030726,2.044001
2026-04-30 15:17:32.236595,1,nan,nan,nan,nan,nan,nan,0.116042,-0.041064,0.365771,nan,nan,nan,nan,nan,nan,-2.347299,-0.040327,2.073968
2026-04-30 15:17:32.262861,1,nan,nan,nan,nan,nan,nan,0.102587,-0.040791,0.364247,nan,nan,nan,nan,nan,nan,-2.323481,-0.03716,2.090014
2026-04-30 15:17:32.287247,1,0.161014,-0.035702,0.185211,nan,nan,nan,nan,nan,nan,-3.105453,0.00521,-0.206693,nan,nan,nan,nan,nan,nan
2026-04-30 15:17:32.314765,1,0.155612,-0.03575,0.184846,nan,nan,nan,0.083567,-0.040794,0.363226,-3.106056,0.007486,-0.198778,nan,nan,nan,-2.307892,-0.036201,2.110094
2026-04-30 15:17:32.341085,1,0.138936,-0.035658,0.183836,nan,nan,nan,nan,nan,nan,-3.107626,0.008331,-0.181306,nan,nan,nan,nan,nan,nan
2026-04-30 15:17:32.366495,1,0.121365,-0.035404,0.183216,nan,nan,nan,nan,nan,nan,-3.103665,0.008569,-0.164637,nan,nan,nan,nan,nan,nan
2026-04-30 15:17:32.393020,1,0.103339,-0.03573,0.183616,nan,nan,nan,nan,nan,nan,-3.105663,0.010132,-0.148516,nan,nan,nan,nan,nan,nan
2026-04-30 15:17:32.419139,1,0.09118,-0.035769,0.184106,nan,nan,nan,nan,nan,nan,-3.10608,0.009173,-0.138734,nan,nan,nan,nan,nan,nan
2026-04-30 15:17:32.446835,1,0.079263,-0.03581,0.184847,nan,nan,nan,nan,nan,nan,-3.100753,0.006429,-0.139096,nan,nan,nan,nan,nan,nan
2026-04-30 15:17:32.469534,1,0.061601,-0.035956,0.187059,nan,nan,nan,nan,nan,nan,-3.103253,0.010835,-0.14252,nan,nan,nan,nan,nan,nan
2026-04-30 15:17:32.503089,1,0.045131,-0.035776,0.189356,nan,nan,nan,nan,nan,nan,-3.098182,0.000253,-0.154236,nan,nan,nan,nan,nan,nan
2026-04-30 15:17:32.528940,1,0.022068,-0.03568,0.19319,nan,nan,nan,nan,nan,nan,-3.08786,-0.012704,-0.145427,nan,nan,nan,nan,nan,nan
2026-04-30 15:17:32.547949,1,0.01594,-0.03573,0.194221,nan,nan,nan,nan,nan,nan,-3.083609,-0.011093,-0.143008,nan,nan,nan,nan,nan,nan
2026-04-30 15:17:32.580938,1,0.003191,-0.035312,0.196662,nan,nan,nan,nan,nan,nan,-3.059212,-0.010654,-0.129779,nan,nan,nan,nan,nan,nan
2026-04-30 15:17:32.608389,1,-0.022167,-0.035582,0.201227,nan,nan,nan,nan,nan,nan,-3.071732,-0.025022,0.008064,nan,nan,nan,nan,nan,nan
2026-04-30 15:17:32.637794,1,-0.034348,-0.0365,0.203651,nan,nan,nan,nan,nan,nan,-3.084892,-0.012641,-0.021831,nan,nan,nan,nan,nan,nan
2026-04-30 15:17:32.668632,1,-0.051646,-0.037049,0.207649,nan,nan,nan,nan,nan,nan,-3.094759,-0.010213,-0.031182,nan,nan,nan,nan,nan,nan
2026-04-30 15:17:32.703640,1,-0.0731,-0.0371,0.212035,nan,nan,nan,nan,nan,nan,-3.110655,-0.009015,-0.013327,nan,nan,nan,nan,nan,nan
2026-04-30 15:17:32.740247,1,-0.089367,-0.03733,0.216858,nan,nan,nan,nan,nan,nan,-3.105721,-0.01594,-0.007456,nan,nan,nan,nan,nan,nan
2026-04-30 15:17:32.772827,1,-0.110926,-0.037358,0.222949,nan,nan,nan,nan,nan,nan,-3.111444,-0.021294,0.00298,nan,nan,nan,nan,nan,nan
2026-04-30 15:17:32.801380,1,-0.131666,-0.037736,0.230317,nan,nan,nan,nan,nan,nan,-3.116421,-0.01784,0.022964,nan,nan,nan,nan,nan,nan
2026-04-30 15:17:32.830239,1,-0.1424,-0.038978,0.235025,nan,nan,nan,nan,nan,nan,-3.110368,-0.008667,0.033904,nan,nan,nan,nan,nan,nan
2026-04-30 15:17:32.859842,1,-0.15658,-0.039017,0.241479,nan,nan,nan,nan,nan,nan,-3.112497,-0.015637,0.040999,nan,nan,nan,nan,nan,nan
2026-04-30 15:17:32.887624,1,-0.165046,-0.039353,0.244494,nan,nan,nan,nan,nan,nan,-3.112117,-0.013595,0.057207,nan,nan,nan,nan,nan,nan
2026-04-30 15:17:32.923996,1,-0.18317,-0.03896,0.253431,-0.120716,-0.043303,0.439552,nan,nan,nan,-3.105792,-0.022347,0.091769,-2.248115,-0.012107,-2.15222,nan,nan,nan
2026-04-30 15:17:32.960205,1,-0.199413,-0.03973,0.261974,-0.133598,-0.043367,0.446878,nan,nan,nan,-3.11073,-0.027302,0.126333,-2.271134,-0.016884,-2.123362,nan,nan,nan
2026-04-30 15:17:32.991738,1,-0.211012,-0.040376,0.268382,-0.141504,-0.043536,0.450289,nan,nan,nan,-3.114724,-0.017602,0.153032,-2.292967,-0.011672,-2.104247,nan,nan,nan
2026-04-30 15:17:33.019516,1,-0.220134,-0.040636,0.274236,-0.148285,-0.043874,0.454854,nan,nan,nan,-3.109214,-0.02223,0.173802,-2.307371,-0.004637,-2.091159,nan,nan,nan
2026-04-30 15:17:33.049939,1,-0.225881,-0.040315,0.278453,-0.153809,-0.04397,0.460288,nan,nan,nan,-3.101757,-0.033767,0.186049,-2.307437,-0.019157,-2.080072,nan,nan,nan
2026-04-30 15:17:33.078305,1,-0.231437,-0.040606,0.283313,nan,nan,nan,nan,nan,nan,-3.105192,-0.029823,0.193342,nan,nan,nan,nan,nan,nan
2026-04-30 15:17:33.107284,1,-0.234114,-0.040775,0.286346,-0.158848,-0.044223,0.465992,nan,nan,nan,-3.105162,-0.032956,0.198485,-2.327349,-0.012571,-2.065904,nan,nan,nan
2026-04-30 15:17:33.135731,1,-0.236033,-0.040966,0.290064,-0.159559,-0.044395,0.469508,nan,nan,nan,-3.098327,-0.035991,0.223631,-2.337124,-0.017078,-2.048838,nan,nan,nan
2026-04-30 15:17:33.162725,1,-0.236029,-0.041087,0.292193,-0.159278,-0.044419,0.471691,nan,nan,nan,-3.101259,-0.034617,0.22719,-2.330195,-0.027614,-2.043483,nan,nan,nan
2026-04-30 15:17:33.190381,1,-0.235447,-0.041258,0.295742,-0.157914,-0.044067,0.474281,nan,nan,nan,-3.102185,-0.038554,0.230607,-2.321876,-0.024368,-2.044471,nan,nan,nan
2026-04-30 15:17:33.225001,1,-0.235381,-0.041434,0.298578,-0.156703,-0.044121,0.476024,nan,nan,nan,-3.104025,-0.036586,0.233918,-2.330488,-0.02263,-2.039234,nan,nan,nan
2026-04-30 15:17:33.254399,1,-0.231781,-0.041437,0.301885,-0.152179,-0.044254,0.478812,nan,nan,nan,-3.097254,-0.044108,0.24178,-2.339809,-0.023477,-2.025322,nan,nan,nan
2026-04-30 15:17:33.282807,1,-0.228887,-0.041241,0.305033,-0.148037,-0.044346,0.481683,nan,nan,nan,-3.1006,-0.050459,0.247873,-2.334436,-0.022661,-2.023403,nan,nan,nan
2026-04-30 15:17:33.309263,1,-0.22471,-0.040947,0.306597,-0.143077,-0.044433,0.48335,nan,nan,nan,-3.091305,-0.056772,0.255065,-2.340872,-0.032505,-2.009556,nan,nan,nan
2026-04-30 15:17:33.342617,1,-0.221332,-0.040893,0.30663,-0.1392,-0.044447,0.484012,nan,nan,nan,-3.089477,-0.060628,0.274398,-2.345749,-0.023511,-2.000639,nan,nan,nan
2026-04-30 15:17:33.373056,1,-0.214209,-0.040644,0.307891,-0.130156,-0.044403,0.484134,nan,nan,nan,-3.088845,-0.055783,0.290536,-2.356422,-0.023813,-1.993709,nan,nan,nan
2026-04-30 15:17:33.404785,1,-0.209737,-0.040611,0.307853,nan,nan,nan,nan,nan,nan,-3.08607,-0.056353,0.292977,nan,nan,nan,nan,nan,nan
2026-04-30 15:17:33.429556,1,-0.195616,-0.040529,0.30698,-0.111561,-0.044358,0.482782,nan,nan,nan,-3.092643,-0.053852,0.2817,-2.352322,-0.034295,-1.996173,nan,nan,nan
2026-04-30 15:17:33.462849,1,-0.187757,-0.040492,0.304763,-0.105124,-0.044354,0.482427,nan,nan,nan,-3.088843,-0.053131,0.270329,-2.345256,-0.024184,-2.006285,nan,nan,nan
2026-04-30 15:17:33.489543,1,-0.1766,-0.040356,0.30396,nan,nan,nan,nan,nan,nan,-3.091775,-0.054737,0.258094,nan,nan,nan,nan,nan,nan
2026-04-30 15:17:33.514726,1,-0.161678,-0.040269,0.301248,-0.082201,-0.0441,0.479995,nan,nan,nan,-3.089373,-0.0511,0.249576,-2.324863,-0.02992,-2.032745,nan,nan,nan
2026-04-30 15:17:33.541491,1,-0.152194,-0.040289,0.301134,nan,nan,nan,nan,nan,nan,-3.088592,-0.050367,0.233365,nan,nan,nan,nan,nan,nan
2026-04-30 15:17:33.569219,1,-0.134949,-0.040082,0.298003,nan,nan,nan,nan,nan,nan,-3.098559,-0.049796,0.22751,nan,nan,nan,nan,nan,nan
2026-04-30 15:17:33.597667,1,-0.117199,-0.040197,0.297379,nan,nan,nan,nan,nan,nan,-3.094249,-0.050121,0.196257,nan,nan,nan,nan,nan,nan
2026-04-30 15:17:33.631864,1,-0.104224,-0.040021,0.295598,nan,nan,nan,nan,nan,nan,-3.082318,-0.041525,0.189366,nan,nan,nan,nan,nan,nan
2026-04-30 15:17:33.659286,1,-0.077309,-0.04005,0.294563,nan,nan,nan,nan,nan,nan,-3.093889,-0.045338,0.15276,nan,nan,nan,nan,nan,nan
2026-04-30 15:17:33.691694,1,-0.055831,-0.039849,0.2924,nan,nan,nan,nan,nan,nan,-3.085546,-0.036327,0.15748,nan,nan,nan,nan,nan,nan
2026-04-30 15:17:33.724559,1,-0.034412,-0.039729,0.291948,nan,nan,nan,nan,nan,nan,-3.071558,-0.032748,0.128866,nan,nan,nan,nan,nan,nan
2026-04-30 15:17:33.751813,1,-0.004776,-0.03985,0.29012,nan,nan,nan,nan,nan,nan,-3.061562,-0.038612,0.166695,nan,nan,nan,nan,nan,nan
2026-04-30 15:17:33.778016,1,0.009868,-0.039751,0.290321,nan,nan,nan,nan,nan,nan,-3.004217,-0.036925,0.192188,nan,nan,nan,nan,nan,nan
2026-04-30 15:17:33.802643,1,0.024991,-0.039852,0.289462,nan,nan,nan,nan,nan,nan,-3.043359,-0.021939,-0.075227,nan,nan,nan,nan,nan,nan
2026-04-30 15:17:33.827677,1,0.046704,-0.039698,0.28804,nan,nan,nan,nan,nan,nan,-3.091242,-0.022977,-0.080364,nan,nan,nan,nan,nan,nan
2026-04-30 15:17:33.856579,1,0.068892,-0.039659,0.287444,nan,nan,nan,nan,nan,nan,-3.097245,-0.025543,-0.083502,nan,nan,nan,nan,nan,nan
2026-04-30 15:17:33.879547,1,0.083899,-0.039672,0.287412,nan,nan,nan,nan,nan,nan,-3.096946,-0.02415,-0.082736,nan,nan,nan,nan,nan,nan
2026-04-30 15:17:33.908999,1,0.10588,-0.039779,0.287689,nan,nan,nan,nan,nan,nan,-3.099089,-0.021202,-0.096446,nan,nan,nan,nan,nan,nan
2026-04-30 15:17:33.930758,1,0.120962,-0.039821,0.288121,nan,nan,nan,nan,nan,nan,-3.101007,-0.017995,-0.104494,nan,nan,nan,nan,nan,nan
2026-04-30 15:17:33.959002,1,0.142585,-0.039935,0.2888,nan,nan,nan,nan,nan,nan,-3.098548,-0.013357,-0.120317,nan,nan,nan,nan,nan,nan
2026-04-30 15:17:33.985888,1,0.164305,-0.040094,0.290214,nan,nan,nan,nan,nan,nan,-3.10493,-0.018987,-0.146053,nan,nan,nan,nan,nan,nan
2026-04-30 15:17:34.011275,1,0.185382,-0.040132,0.291158,nan,nan,nan,nan,nan,nan,-3.103623,-0.010315,-0.169696,nan,nan,nan,nan,nan,nan
2026-04-30 15:17:34.045224,1,0.192487,-0.040086,0.291883,nan,nan,nan,nan,nan,nan,-3.100297,-0.01026,-0.176504,nan,nan,nan,nan,nan,nan
2026-04-30 15:17:34.070897,1,0.226033,-0.040522,0.295752,nan,nan,nan,0.153671,-0.046806,0.476357,-3.09996,-0.008434,-0.213121,nan,nan,nan,-2.315121,-0.049397,2.11066
2026-04-30 15:17:34.093483,1,0.232266,-0.040691,0.296351,nan,nan,nan,nan,nan,nan,-3.105394,-0.011436,-0.220984,nan,nan,nan,nan,nan,nan
2026-04-30 15:17:34.124146,1,0.250101,-0.040861,0.298936,nan,nan,nan,0.175029,-0.046858,0.478127,-3.09831,-0.010424,-0.239173,nan,nan,nan,-2.33018,-0.050231,2.090826
2026-04-30 15:17:34.149668,1,0.266491,-0.040914,0.300975,nan,nan,nan,nan,nan,nan,-3.097957,-0.008788,-0.2616,nan,nan,nan,nan,nan,nan
2026-04-30 15:17:34.176411,1,0.282066,-0.041185,0.303648,nan,nan,nan,nan,nan,nan,-3.09756,-0.010946,-0.283258,nan,nan,nan,nan,nan,nan
2026-04-30 15:17:34.206966,1,nan,nan,nan,nan,nan,nan,0.216251,-0.047308,0.482803,nan,nan,nan,nan,nan,nan,-2.356229,-0.045199,2.060163
2026-04-30 15:17:34.232633,1,nan,nan,nan,nan,nan,nan,0.22874,-0.04764,0.487541,nan,nan,nan,nan,nan,nan,-2.376705,-0.040722,2.048289
2026-04-30 15:17:34.259019,1,nan,nan,nan,nan,nan,nan,0.231284,-0.047699,0.486223,nan,nan,nan,nan,nan,nan,2.374632,0.051373,-2.047216
2026-04-30 15:17:34.289462,1,nan,nan,nan,nan,nan,nan,0.24142,-0.048051,0.490193,nan,nan,nan,nan,nan,nan,2.3848,0.047483,-2.04244
2026-04-30 15:17:34.310627,1,nan,nan,nan,nan,nan,nan,0.249193,-0.048203,0.491891,nan,nan,nan,nan,nan,nan,-2.388269,-0.043088,2.037034
2026-04-30 15:17:34.340695,1,nan,nan,nan,nan,nan,nan,0.256346,-0.048257,0.495477,nan,nan,nan,nan,nan,nan,-2.394742,-0.038836,2.027387
2026-04-30 15:17:34.371979,1,nan,nan,nan,nan,nan,nan,0.261341,-0.048325,0.497307,nan,nan,nan,nan,nan,nan,2.403024,0.037794,-2.022524
2026-04-30 15:17:34.397577,1,nan,nan,nan,nan,nan,nan,0.263882,-0.048213,0.497918,nan,nan,nan,nan,nan,nan,-2.402824,-0.031008,2.015989
2026-04-30 15:17:34.426933,1,nan,nan,nan,nan,nan,nan,0.265894,-0.048264,0.500178,nan,nan,nan,nan,nan,nan,-2.402414,-0.029878,2.001484
2026-04-30 15:17:34.457178,1,nan,nan,nan,nan,nan,nan,0.26431,-0.047716,0.497244,nan,nan,nan,nan,nan,nan,-2.393828,-0.037521,2.014662
2026-04-30 15:17:34.484636,1,nan,nan,nan,nan,nan,nan,0.263743,-0.04774,0.498108,nan,nan,nan,nan,nan,nan,-2.385486,-0.037757,2.01859
2026-04-30 15:17:34.510731,1,nan,nan,nan,nan,nan,nan,0.262067,-0.047763,0.498653,nan,nan,nan,nan,nan,nan,-2.396989,-0.018827,1.990535
2026-04-30 15:17:34.540803,1,nan,nan,nan,nan,nan,nan,0.260093,-0.047696,0.497643,nan,nan,nan,nan,nan,nan,-2.399881,-0.027968,2.000713
2026-04-30 15:17:34.570407,1,nan,nan,nan,nan,nan,nan,0.2582,-0.047686,0.498074,nan,nan,nan,nan,nan,nan,-2.413267,-0.022474,1.983862
2026-04-30 15:17:34.596704,1,nan,nan,nan,nan,nan,nan,0.252535,-0.047646,0.497145,nan,nan,nan,nan,nan,nan,-2.417098,-0.031176,1.981731
2026-04-30 15:17:34.622552,1,nan,nan,nan,nan,nan,nan,0.24702,-0.047639,0.497594,nan,nan,nan,nan,nan,nan,-2.421766,-0.019965,1.96643
2026-04-30 15:17:34.650154,1,nan,nan,nan,nan,nan,nan,0.243227,-0.047738,0.498659,nan,nan,nan,nan,nan,nan,-2.42666,-0.030533,1.972098
2026-04-30 15:17:34.677702,1,nan,nan,nan,nan,nan,nan,0.236528,-0.04765,0.500381,nan,nan,nan,nan,nan,nan,-2.422331,-0.027279,1.97962
2026-04-30 15:17:34.711276,1,nan,nan,nan,nan,nan,nan,0.22741,-0.04697,0.500104,nan,nan,nan,nan,nan,nan,-2.398729,-0.022394,1.9842
2026-04-30 15:17:34.737525,1,0.304248,-0.042194,0.327672,nan,nan,nan,nan,nan,nan,-3.087268,0.021135,-0.361017,nan,nan,nan,nan,nan,nan
2026-04-30 15:17:34.763447,1,0.297237,-0.042103,0.328706,nan,nan,nan,nan,nan,nan,-3.090038,0.022785,-0.347585,nan,nan,nan,nan,nan,nan
2026-04-30 15:17:34.798176,1,0.28832,-0.041875,0.327789,nan,nan,nan,0.203414,-0.047042,0.504236,-3.08747,0.027421,-0.346205,nan,nan,nan,-2.398759,-0.032069,2.008874
2026-04-30 15:17:34.822627,1,0.265498,-0.041596,0.324934,nan,nan,nan,0.180818,-0.046974,0.502089,-3.087008,0.019232,-0.356436,nan,nan,nan,-2.38864,-0.022742,2.000889
2026-04-30 15:17:34.846253,1,0.25721,-0.042072,0.326285,nan,nan,nan,0.170788,-0.046914,0.501102,-3.088263,0.025683,-0.342304,nan,nan,nan,-2.401716,-0.026962,2.003341
2026-04-30 15:17:34.872314,1,0.239696,-0.041795,0.324626,nan,nan,nan,0.153743,-0.046878,0.498459,-3.086133,0.027132,-0.330165,nan,nan,nan,-2.391235,-0.038033,2.022121
2026-04-30 15:17:34.898538,1,0.225414,-0.041454,0.322142,nan,nan,nan,0.14267,-0.047093,0.501328,-3.093404,0.025942,-0.323952,nan,nan,nan,-2.366601,-0.027687,2.01751
2026-04-30 15:17:34.924324,1,0.204671,-0.041286,0.321326,nan,nan,nan,nan,nan,nan,-3.09608,0.020797,-0.300269,nan,nan,nan,nan,nan,nan
2026-04-30 15:17:34.958290,1,0.191385,-0.041313,0.322742,nan,nan,nan,0.11102,-0.046928,0.501505,-3.094167,0.018672,-0.276286,nan,nan,nan,-2.339397,-0.025019,2.058043
2026-04-30 15:17:34.988429,1,0.158913,-0.041297,0.321533,nan,nan,nan,nan,nan,nan,-3.098459,0.021659,-0.253923,nan,nan,nan,nan,nan,nan
2026-04-30 15:17:35.015218,1,0.133265,-0.041271,0.321892,nan,nan,nan,nan,nan,nan,-3.099802,0.023553,-0.22739,nan,nan,nan,nan,nan,nan
2026-04-30 15:17:35.045605,1,0.114912,-0.040695,0.320898,nan,nan,nan,nan,nan,nan,-3.096839,0.013695,-0.220375,nan,nan,nan,nan,nan,nan
2026-04-30 15:17:35.071952,1,0.089758,-0.040849,0.323779,nan,nan,nan,nan,nan,nan,-3.081966,0.006456,-0.196865,nan,nan,nan,nan,nan,nan
2026-04-30 15:17:35.105799,1,0.072213,-0.040848,0.323942,nan,nan,nan,nan,nan,nan,-3.097702,0.010408,-0.217136,nan,nan,nan,nan,nan,nan
2026-04-30 15:17:35.138137,1,0.024334,-0.04114,0.327419,nan,nan,nan,nan,nan,nan,-3.045157,0.004746,-0.195572,nan,nan,nan,nan,nan,nan
2026-04-30 15:17:35.166945,1,-0.001895,-0.041538,0.329124,nan,nan,nan,nan,nan,nan,-3.069727,0.001486,-0.159745,nan,nan,nan,nan,nan,nan
2026-04-30 15:17:35.193356,1,-0.026193,-0.04178,0.331253,nan,nan,nan,nan,nan,nan,-3.045921,-0.016457,0.109993,nan,nan,nan,nan,nan,nan
2026-04-30 15:17:35.223758,1,-0.043481,-0.041897,0.333238,nan,nan,nan,nan,nan,nan,-3.081574,-0.012093,0.027529,nan,nan,nan,nan,nan,nan
2026-04-30 15:17:35.253627,1,-0.060265,-0.041868,0.332773,nan,nan,nan,nan,nan,nan,-3.120785,-0.011871,0.06921,nan,nan,nan,nan,nan,nan
2026-04-30 15:17:35.283055,1,-0.084538,-0.042022,0.335509,nan,nan,nan,nan,nan,nan,-3.09381,-0.011199,0.002868,nan,nan,nan,nan,nan,nan
2026-04-30 15:17:35.313215,1,-0.115878,-0.042102,0.33738,nan,nan,nan,nan,nan,nan,-3.106361,-0.006021,0.038264,nan,nan,nan,nan,nan,nan
2026-04-30 15:17:35.341586,1,-0.136748,-0.042094,0.340417,nan,nan,nan,nan,nan,nan,-3.102257,-0.017122,0.028464,nan,nan,nan,nan,nan,nan
2026-04-30 15:17:35.370990,1,-0.148766,-0.042035,0.341053,nan,nan,nan,nan,nan,nan,-3.088077,-0.022185,0.022468,nan,nan,nan,nan,nan,nan
2026-04-30 15:17:35.403901,1,-0.172035,-0.042316,0.344517,nan,nan,nan,nan,nan,nan,-3.092442,-0.019903,0.005134,nan,nan,nan,nan,nan,nan
2026-04-30 15:17:35.435938,1,-0.188903,-0.0425,0.345465,nan,nan,nan,nan,nan,nan,-3.101909,-0.008632,0.012592,nan,nan,nan,nan,nan,nan
2026-04-30 15:17:35.466055,1,-0.212716,-0.042575,0.345564,nan,nan,nan,nan,nan,nan,-3.106245,-0.009062,0.056704,nan,nan,nan,nan,nan,nan
2026-04-30 15:17:35.496881,1,-0.223688,-0.042761,0.346631,nan,nan,nan,nan,nan,nan,-3.104534,-0.012944,0.065875,nan,nan,nan,nan,nan,nan
2026-04-30 15:17:35.526347,1,-0.243496,-0.043006,0.348131,-0.182295,-0.04834,0.534428,nan,nan,nan,-3.091327,-0.020458,0.071468,-2.237641,0.007339,-2.169501,nan,nan,nan
2026-04-30 15:17:35.560202,1,-0.254024,-0.043395,0.349796,-0.191225,-0.048505,0.534969,nan,nan,nan,-3.10678,-0.007016,0.083161,-2.253305,0.00129,-2.150337,nan,nan,nan
2026-04-30 15:17:35.589761,1,-0.273489,-0.043387,0.349705,-0.208814,-0.048463,0.536001,nan,nan,nan,-3.107834,-0.011521,0.12215,-2.262685,0.003011,-2.1354,nan,nan,nan
2026-04-30 15:17:35.620045,1,-0.289136,-0.043781,0.35125,-0.221522,-0.048425,0.535129,nan,nan,nan,-3.099914,-0.019644,0.14208,-2.284752,0.000316,-2.111547,nan,nan,nan
2026-04-30 15:17:35.652901,1,-0.303569,-0.044037,0.353207,-0.234188,-0.048566,0.53733,nan,nan,nan,-3.099196,-0.022301,0.15829,-2.289719,-0.002715,-2.097892,nan,nan,nan
2026-04-30 15:17:35.679241,1,-0.316535,-0.044117,0.354572,-0.2453,-0.048514,0.537233,nan,nan,nan,-3.090823,-0.029305,0.184309,-2.305273,-0.014345,-2.083721,nan,nan,nan
2026-04-30 15:17:35.711479,1,-0.325779,-0.044159,0.356312,-0.253735,-0.048635,0.540123,nan,nan,nan,-3.103287,-0.023393,0.194445,-2.314729,-0.010378,-2.076546,nan,nan,nan
2026-04-30 15:17:35.740571,1,-0.337354,-0.044142,0.357097,-0.263976,-0.048673,0.539743,nan,nan,nan,-3.0941,-0.033711,0.224315,-2.326998,0.000363,-2.062079,nan,nan,nan
2026-04-30 15:17:35.770355,1,-0.352226,-0.044464,0.359156,-0.276987,-0.04872,0.540852,nan,nan,nan,-3.091418,-0.038801,0.258849,-2.350014,-0.006601,-2.038716,nan,nan,nan
2026-04-30 15:17:35.804276,1,-0.362347,-0.044784,0.361311,-0.285676,-0.048747,0.542985,nan,nan,nan,-3.09419,-0.040695,0.282669,-2.353019,-0.021326,-2.017839,nan,nan,nan
2026-04-30 15:17:35.834664,1,-0.372181,-0.045138,0.364264,-0.29346,-0.048863,0.544452,nan,nan,nan,-3.095754,-0.03626,0.29914,-2.361321,-0.016965,-2.010133,nan,nan,nan
2026-04-30 15:17:35.862023,1,-0.376396,-0.045329,0.366115,-0.295607,-0.048903,0.544471,nan,nan,nan,-3.097446,-0.038379,0.28817,-2.357935,-0.029287,-1.997669,nan,nan,nan
2026-04-30 15:17:35.890281,1,-0.376859,-0.045347,0.366356,-0.295793,-0.048877,0.544438,nan,nan,nan,-3.097905,-0.037057,0.285585,-2.3649,-0.024567,-1.99866,nan,nan,nan
2026-04-30 15:17:35.918204,1,-0.376869,-0.045343,0.366589,-0.296158,-0.048889,0.545631,nan,nan,nan,-3.094718,-0.042898,0.282722,-2.359464,-0.031836,-2.001181,nan,nan,nan
2026-04-30 15:17:35.949899,1,-0.375923,-0.045301,0.366201,-0.294099,-0.048786,0.544949,nan,nan,nan,-3.093696,-0.042617,0.293685,-2.370728,-0.022137,-1.995261,nan,nan,nan
2026-04-30 15:17:35.977531,1,-0.369274,-0.045053,0.362211,-0.289683,-0.048691,0.543447,nan,nan,nan,-3.092044,-0.05109,0.304373,-2.369405,-0.036705,-1.98396,nan,nan,nan
2026-04-30 15:17:36.009930,1,-0.368003,-0.045133,0.363721,-0.285106,-0.048628,0.542889,nan,nan,nan,-3.093343,-0.04745,0.325073,-2.384813,-0.030386,-1.972554,nan,nan,nan
2026-04-30 15:17:36.037095,1,-0.368001,-0.045213,0.366061,-0.280287,-0.048457,0.541988,nan,nan,nan,-3.087674,-0.056931,0.366665,-2.391477,-0.041309,-1.950571,nan,nan,nan
2026-04-30 15:17:36.066596,1,-0.363459,-0.045119,0.365422,-0.27529,-0.04834,0.541609,nan,nan,nan,-3.083917,-0.055398,0.379699,-2.415966,-0.031127,-1.938563,nan,nan,nan
2026-04-30 15:17:36.090192,1,-0.361818,-0.045194,0.367444,-0.271596,-0.048349,0.541073,nan,nan,nan,-3.082628,-0.054498,0.378673,-2.412478,-0.032358,-1.935933,nan,nan,nan
2026-04-30 15:17:36.117003,1,-0.357578,-0.045119,0.368534,nan,nan,nan,nan,nan,nan,-3.082207,-0.056583,0.387556,nan,nan,nan,nan,nan,nan
2026-04-30 15:17:36.144509,1,-0.353804,-0.045121,0.369078,-0.262327,-0.048033,0.541865,nan,nan,nan,-3.077134,-0.062769,0.393896,-2.3992,-0.040158,-1.920009,nan,nan,nan
2026-04-30 15:17:36.171970,1,-0.345702,-0.044903,0.371532,-0.253184,-0.047893,0.543683,nan,nan,nan,-3.076401,-0.06391,0.399237,-2.413197,-0.030862,-1.917274,nan,nan,nan
2026-04-30 15:17:36.204123,1,nan,nan,nan,-0.249047,-0.048009,0.547711,nan,nan,nan,nan,nan,nan,-2.421911,-0.035722,-1.910725,nan,nan,nan
2026-04-30 15:17:36.237721,1,-0.329807,-0.044457,0.372832,-0.239904,-0.047996,0.548232,nan,nan,nan,-3.07776,-0.063312,0.403165,-2.426551,-0.024286,-1.923359,nan,nan,nan
2026-04-30 15:17:36.264958,1,-0.318488,-0.044997,0.376337,-0.227679,-0.04821,0.550382,nan,nan,nan,-3.077103,-0.056569,0.388114,-2.403047,-0.027661,-1.924665,nan,nan,nan
2026-04-30 15:17:36.294537,1,-0.307665,-0.045052,0.377446,-0.217525,-0.048352,0.551447,nan,nan,nan,-3.077778,-0.053725,0.374045,-2.39406,-0.032789,-1.934963,nan,nan,nan
2026-04-30 15:17:36.322794,1,-0.300807,-0.044987,0.37878,-0.210545,-0.048368,0.552478,nan,nan,nan,-3.079992,-0.056455,0.354048,-2.392089,-0.026298,-1.942383,nan,nan,nan
2026-04-30 15:17:36.352399,1,-0.288042,-0.044913,0.378846,-0.198964,-0.048358,0.55214,nan,nan,nan,-3.082275,-0.055471,0.335836,-2.376211,-0.019456,-1.962557,nan,nan,nan
2026-04-30 15:17:36.377529,1,-0.273704,-0.044788,0.378108,-0.187147,-0.048503,0.554429,nan,nan,nan,-3.08312,-0.056094,0.322618,-2.373966,-0.020681,-1.969001,nan,nan,nan
2026-04-30 15:17:36.408130,1,-0.25784,-0.044396,0.376109,-0.174436,-0.048558,0.555698,nan,nan,nan,-3.086238,-0.052614,0.31496,-2.36742,-0.020238,-1.981959,nan,nan,nan
2026-04-30 15:17:36.435081,1,-0.247554,-0.044223,0.376014,nan,nan,nan,nan,nan,nan,-3.088951,-0.061467,0.287403,nan,nan,nan,nan,nan,nan
2026-04-30 15:17:36.458919,1,-0.231509,-0.043851,0.376382,nan,nan,nan,nan,nan,nan,-3.085591,-0.057439,0.270752,nan,nan,nan,nan,nan,nan
2026-04-30 15:17:36.488377,1,-0.213351,-0.043801,0.374372,nan,nan,nan,nan,nan,nan,-3.088268,-0.060788,0.244805,nan,nan,nan,nan,nan,nan
2026-04-30 15:17:36.514311,1,-0.193716,-0.043594,0.371188,nan,nan,nan,nan,nan,nan,-3.106658,-0.05009,0.229548,nan,nan,nan,nan,nan,nan
2026-04-30 15:17:36.546961,1,-0.181014,-0.043498,0.369963,-0.104211,-0.047268,0.547875,nan,nan,nan,-3.105258,-0.052281,0.21782,-2.293932,-0.018331,-2.061513,nan,nan,nan
2026-04-30 15:17:36.577383,1,-0.153573,-0.043241,0.365793,nan,nan,nan,nan,nan,nan,-3.103326,-0.0456,0.201916,nan,nan,nan,nan,nan,nan
2026-04-30 15:17:36.604431,1,-0.132484,-0.04315,0.362259,nan,nan,nan,nan,nan,nan,-3.102089,-0.041123,0.205764,nan,nan,nan,nan,nan,nan
2026-04-30 15:17:36.629782,1,-0.118838,-0.042927,0.361922,nan,nan,nan,nan,nan,nan,-3.100337,-0.050271,0.174972,nan,nan,nan,nan,nan,nan
2026-04-30 15:17:36.659824,1,-0.104519,-0.042729,0.359846,nan,nan,nan,nan,nan,nan,-3.092301,-0.04442,0.17387,nan,nan,nan,nan,nan,nan
2026-04-30 15:17:36.687353,1,-0.082689,-0.042586,0.358535,nan,nan,nan,nan,nan,nan,-3.082042,-0.04738,0.153037,nan,nan,nan,nan,nan,nan
2026-04-30 15:17:36.716300,1,-0.061821,-0.042369,0.35629,nan,nan,nan,nan,nan,nan,-3.086369,-0.046615,0.160212,nan,nan,nan,nan,nan,nan
2026-04-30 15:17:36.748375,1,-0.042411,-0.042285,0.354476,nan,nan,nan,nan,nan,nan,-3.097839,-0.048948,0.1757,nan,nan,nan,nan,nan,nan
2026-04-30 15:17:36.776604,1,-0.020171,-0.041983,0.352529,nan,nan,nan,nan,nan,nan,-3.096732,-0.043849,0.233352,nan,nan,nan,nan,nan,nan
2026-04-30 15:17:36.799975,1,-0.010207,-0.042134,0.35311,nan,nan,nan,nan,nan,nan,-3.101361,-0.041993,0.198789,nan,nan,nan,nan,nan,nan
2026-04-30 15:17:36.831197,1,0.003761,-0.042112,0.352809,nan,nan,nan,nan,nan,nan,-3.085787,-0.044807,0.196185,nan,nan,nan,nan,nan,nan
2026-04-30 15:17:36.855858,1,0.01644,-0.041896,0.350731,nan,nan,nan,nan,nan,nan,-3.063656,-0.04749,0.225913,nan,nan,nan,nan,nan,nan
2026-04-30 15:17:36.884847,1,0.027914,-0.041872,0.348975,nan,nan,nan,nan,nan,nan,-3.076644,-0.043142,0.293947,nan,nan,nan,nan,nan,nan
2026-04-30 15:17:36.912929,1,0.039544,-0.041815,0.348835,nan,nan,nan,nan,nan,nan,-3.067425,-0.041776,0.260506,nan,nan,nan,nan,nan,nan
2026-04-30 15:17:36.941497,1,0.047001,-0.041881,0.349172,nan,nan,nan,nan,nan,nan,-3.066951,-0.038837,0.244979,nan,nan,nan,nan,nan,nan
2026-04-30 15:17:36.968268,1,0.057857,-0.042,0.349241,nan,nan,nan,nan,nan,nan,-3.091585,-0.034691,0.176504,nan,nan,nan,nan,nan,nan
2026-04-30 15:17:36.995257,1,0.06875,-0.042084,0.348662,nan,nan,nan,nan,nan,nan,-3.112774,-0.039338,0.140234,nan,nan,nan,nan,nan,nan
2026-04-30 15:17:37.023621,1,0.076114,-0.042134,0.349649,nan,nan,nan,nan,nan,nan,-3.097113,-0.035552,0.166961,nan,nan,nan,nan,nan,nan
2026-04-30 15:17:37.054820,1,0.083489,-0.042207,0.350065,nan,nan,nan,nan,nan,nan,-3.096557,-0.033186,0.150735,nan,nan,nan,nan,nan,nan
2026-04-30 15:17:37.085062,1,0.098498,-0.042159,0.350453,nan,nan,nan,nan,nan,nan,-3.089381,-0.024837,0.114878,nan,nan,nan,nan,nan,nan
2026-04-30 15:17:37.114581,1,0.109986,-0.042106,0.351347,nan,nan,nan,nan,nan,nan,-3.084954,-0.024811,0.087589,nan,nan,nan,nan,nan,nan
2026-04-30 15:17:37.144821,1,0.122311,-0.042195,0.353828,nan,nan,nan,nan,nan,nan,-3.095837,-0.020152,0.086959,nan,nan,nan,nan,nan,nan
2026-04-30 15:17:37.170827,1,0.134624,-0.042207,0.356365,nan,nan,nan,nan,nan,nan,-3.105352,-0.027284,0.080702,nan,nan,nan,nan,nan,nan
2026-04-30 15:17:37.193879,1,0.138883,-0.042132,0.356906,nan,nan,nan,nan,nan,nan,-3.092586,-0.021294,0.066914,nan,nan,nan,nan,nan,nan
2026-04-30 15:17:37.223253,1,0.155658,-0.041812,0.35877,nan,nan,nan,nan,nan,nan,-3.09386,-0.021721,0.026174,nan,nan,nan,nan,nan,nan
2026-04-30 15:17:37.248044,1,0.167745,-0.042489,0.361998,nan,nan,nan,nan,nan,nan,-3.103209,-0.017879,0.017355,nan,nan,nan,nan,nan,nan
2026-04-30 15:17:37.275149,1,0.17599,-0.042843,0.364038,nan,nan,nan,nan,nan,nan,-3.091435,-0.005766,0.004893,nan,nan,nan,nan,nan,nan
2026-04-30 15:17:37.305021,1,0.190251,-0.042889,0.364246,nan,nan,nan,nan,nan,nan,-3.093766,-0.000647,-0.033039,nan,nan,nan,nan,nan,nan
2026-04-30 15:17:37.332473,1,0.200371,-0.042894,0.364325,nan,nan,nan,nan,nan,nan,-3.090204,0.001437,-0.056824,nan,nan,nan,nan,nan,nan
2026-04-30 15:17:37.359576,1,0.206437,-0.042883,0.364129,nan,nan,nan,nan,nan,nan,-3.094831,0.001616,-0.064508,nan,nan,nan,nan,nan,nan
2026-04-30 15:17:37.388699,1,0.215033,-0.042875,0.364128,nan,nan,nan,nan,nan,nan,-3.09216,0.004552,-0.089332,nan,nan,nan,nan,nan,nan
2026-04-30 15:17:37.415826,1,0.219281,-0.042975,0.363263,nan,nan,nan,nan,nan,nan,-3.114073,-0.011469,-0.10038,nan,nan,nan,nan,nan,nan
2026-04-30 15:17:37.440281,1,0.225189,-0.042913,0.362496,nan,nan,nan,nan,nan,nan,-3.10971,-0.009483,-0.114459,nan,nan,nan,nan,nan,nan
2026-04-30 15:17:37.472172,1,0.229135,-0.04272,0.360758,nan,nan,nan,nan,nan,nan,-3.101729,-0.002204,-0.120308,nan,nan,nan,nan,nan,nan
2026-04-30 15:17:37.499929,1,0.231992,-0.042671,0.360084,nan,nan,nan,nan,nan,nan,-3.091604,0.003211,-0.111806,nan,nan,nan,nan,nan,nan
2026-04-30 15:17:37.533256,1,0.232785,-0.042571,0.35904,nan,nan,nan,nan,nan,nan,-3.095065,0.001247,-0.108127,nan,nan,nan,nan,nan,nan
2026-04-30 15:17:37.561479,1,0.233524,-0.042485,0.356932,nan,nan,nan,nan,nan,nan,-3.094337,-0.006732,-0.100593,nan,nan,nan,nan,nan,nan
2026-04-30 15:17:37.593216,1,0.232711,-0.042378,0.354445,nan,nan,nan,nan,nan,nan,-3.094056,0.000377,-0.088492,nan,nan,nan,nan,nan,nan
2026-04-30 15:17:37.623964,1,0.231605,-0.042249,0.35142,nan,nan,nan,0.17269,-0.049846,0.540996,-3.096744,-0.001011,-0.098153,nan,nan,nan,-2.233612,-0.05861,2.185206
2026-04-30 15:17:37.652239,1,0.231665,-0.042556,0.349786,nan,nan,nan,nan,nan,nan,-3.114274,-0.011942,-0.097336,nan,nan,nan,nan,nan,nan
2026-04-30 15:17:37.680576,1,0.232312,-0.04259,0.347149,nan,nan,nan,nan,nan,nan,-3.105417,-0.004964,-0.094841,nan,nan,nan,nan,nan,nan
2026-04-30 15:17:37.710584,1,0.232468,-0.042371,0.342052,nan,nan,nan,nan,nan,nan,-3.101495,0.007642,-0.106225,nan,nan,nan,nan,nan,nan
2026-04-30 15:17:37.748290,1,0.233931,-0.041935,0.336576,nan,nan,nan,0.171499,-0.04803,0.522097,-3.102241,0.00606,-0.113167,nan,nan,nan,-2.23707,-0.029884,2.162058
2026-04-30 15:17:37.781921,1,0.234818,-0.041238,0.328458,nan,nan,nan,0.172713,-0.048423,0.516408,-3.103375,-0.011684,-0.125244,nan,nan,nan,2.267372,0.043089,-2.171746
2026-04-30 15:17:37.805575,1,0.235307,-0.041223,0.320334,nan,nan,nan,nan,nan,nan,-3.102235,0.00038,-0.127603,nan,nan,nan,nan,nan,nan
2026-04-30 15:17:37.837579,1,0.235652,-0.041014,0.311279,nan,nan,nan,nan,nan,nan,-3.113972,-0.000338,-0.128373,nan,nan,nan,nan,nan,nan
2026-04-30 15:17:37.869518,1,0.235054,-0.040192,0.30029,nan,nan,nan,nan,nan,nan,-3.10297,0.00723,-0.130521,nan,nan,nan,nan,nan,nan
2026-04-30 15:17:37.897093,1,0.23474,-0.040147,0.289571,nan,nan,nan,nan,nan,nan,-3.106571,0.003161,-0.123793,nan,nan,nan,nan,nan,nan
2026-04-30 15:17:37.928385,1,0.23405,-0.039957,0.277446,nan,nan,nan,0.17301,-0.045182,0.462029,-3.114342,0.008483,-0.109496,nan,nan,nan,-2.248526,-0.042095,2.178367
2026-04-30 15:17:37.957014,1,0.231992,-0.039457,0.259543,nan,nan,nan,0.172773,-0.045258,0.444363,-3.107499,0.004674,-0.098034,nan,nan,nan,-2.22883,-0.042046,2.192115
2026-04-30 15:17:37.988206,1,nan,nan,nan,nan,nan,nan,0.172527,-0.044371,0.435622,nan,nan,nan,nan,nan,nan,-2.233806,-0.042012,2.192439
2026-04-30 15:17:38.013789,1,nan,nan,nan,nan,nan,nan,nan,nan,nan,nan,nan,nan,nan,nan,nan,nan,nan,nan
2026-04-30 15:17:38.041508,1,nan,nan,nan,nan,nan,nan,nan,nan,nan,nan,nan,nan,nan,nan,nan,nan,nan,nan
2026-04-30 15:17:38.075268,1,nan,nan,nan,nan,nan,nan,0.171841,-0.042133,0.395913,nan,nan,nan,nan,nan,nan,-2.221075,-0.037619,2.206317
2026-04-30 15:17:38.105692,1,nan,nan,nan,nan,nan,nan,0.171028,-0.04214,0.382876,nan,nan,nan,nan,nan,nan,-2.221405,-0.035668,2.208125
2026-04-30 15:17:38.132080,1,nan,nan,nan,nan,nan,nan,0.169555,-0.040975,0.369883,nan,nan,nan,nan,nan,nan,-2.213366,-0.028085,2.206448
2026-04-30 15:17:38.159806,1,nan,nan,nan,nan,nan,nan,0.168435,-0.041122,0.357171,nan,nan,nan,nan,nan,nan,-2.215468,-0.042673,2.21
2026-04-30 15:17:38.190667,1,nan,nan,nan,nan,nan,nan,0.168405,-0.040659,0.350929,nan,nan,nan,nan,nan,nan,-2.215732,-0.038418,2.212232
2026-04-30 15:17:38.213685,1,nan,nan,nan,nan,nan,nan,0.167185,-0.039637,0.339897,nan,nan,nan,nan,nan,nan,-2.209714,-0.028842,2.21148
2026-04-30 15:17:38.244900,1,nan,nan,nan,nan,nan,nan,0.167234,-0.039673,0.33409,nan,nan,nan,nan,nan,nan,-2.215646,-0.037961,2.212876
2026-04-30 15:17:38.279485,1,nan,nan,nan,nan,nan,nan,0.166232,-0.03962,0.321232,nan,nan,nan,nan,nan,nan,-2.216443,-0.034707,2.215395
2026-04-30 15:17:38.304895,1,nan,nan,nan,nan,nan,nan,0.164828,-0.03893,0.315321,nan,nan,nan,nan,nan,nan,-2.213741,-0.034054,2.216096
2026-04-30 15:17:38.335249,1,nan,nan,nan,nan,nan,nan,0.164978,-0.038612,0.310402,nan,nan,nan,nan,nan,nan,-2.21237,-0.034273,2.21999
2026-04-30 15:17:38.365279,1,nan,nan,nan,nan,nan,nan,0.164456,-0.038462,0.305413,nan,nan,nan,nan,nan,nan,-2.212725,-0.037556,2.218294
2026-04-30 15:17:38.394903,1,nan,nan,nan,nan,nan,nan,0.163919,-0.038526,0.301744,nan,nan,nan,nan,nan,nan,-2.208559,-0.044506,2.21974
2026-04-30 15:17:38.428291,1,nan,nan,nan,nan,nan,nan,0.164358,-0.038718,0.301178,nan,nan,nan,nan,nan,nan,-2.208969,-0.043006,2.221876
2026-04-30 15:17:38.458056,1,nan,nan,nan,nan,nan,nan,0.164222,-0.038636,0.301036,nan,nan,nan,nan,nan,nan,-2.21129,-0.041249,2.220635
2026-04-30 15:17:38.486969,1,nan,nan,nan,nan,nan,nan,0.163657,-0.038475,0.302662,nan,nan,nan,nan,nan,nan,-2.211985,-0.041542,2.211782
2026-04-30 15:17:38.517695,1,nan,nan,nan,nan,nan,nan,0.163706,-0.038508,0.306136,nan,nan,nan,nan,nan,nan,-2.22122,-0.036793,2.210247
2026-04-30 15:17:38.548709,1,nan,nan,nan,nan,nan,nan,0.163795,-0.038566,0.310487,nan,nan,nan,nan,nan,nan,-2.226754,-0.029056,2.201207
2026-04-30 15:17:38.581426,1,nan,nan,nan,nan,nan,nan,0.16351,-0.038792,0.314683,nan,nan,nan,nan,nan,nan,-2.238968,-0.029478,2.191318
2026-04-30 15:17:38.608116,1,nan,nan,nan,nan,nan,nan,0.164637,-0.039645,0.322184,nan,nan,nan,nan,nan,nan,-2.25596,-0.031475,2.17716
2026-04-30 15:17:38.639205,1,nan,nan,nan,nan,nan,nan,0.164235,-0.039578,0.328562,nan,nan,nan,nan,nan,nan,-2.257293,-0.033048,2.172269
2026-04-30 15:17:38.669904,1,nan,nan,nan,nan,nan,nan,0.164554,-0.039685,0.33808,nan,nan,nan,nan,nan,nan,-2.262455,-0.025995,2.159763
2026-04-30 15:17:38.698271,1,nan,nan,nan,nan,nan,nan,0.164962,-0.040102,0.344491,nan,nan,nan,nan,nan,nan,-2.269296,-0.025234,2.152965
2026-04-30 15:17:38.727611,1,nan,nan,nan,nan,nan,nan,0.16513,-0.040889,0.357878,nan,nan,nan,nan,nan,nan,-2.27997,-0.032147,2.148425
2026-04-30 15:17:38.755025,1,nan,nan,nan,nan,nan,nan,0.164548,-0.040966,0.36868,nan,nan,nan,nan,nan,nan,-2.270971,-0.026838,2.147186
2026-04-30 15:17:38.776974,1,nan,nan,nan,nan,nan,nan,0.1647,-0.041107,0.372901,nan,nan,nan,nan,nan,nan,-2.269821,-0.023511,2.146462
2026-04-30 15:17:38.802568,1,nan,nan,nan,nan,nan,nan,0.164474,-0.04206,0.38451,nan,nan,nan,nan,nan,nan,-2.279948,-0.029864,2.149087
2026-04-30 15:17:38.831282,1,nan,nan,nan,nan,nan,nan,nan,nan,nan,nan,nan,nan,nan,nan,nan,nan,nan,nan
2026-04-30 15:17:38.859064,1,nan,nan,nan,nan,nan,nan,0.162747,-0.043065,0.408205,nan,nan,nan,nan,nan,nan,-2.274223,-0.038653,2.14953
2026-04-30 15:17:38.883957,1,nan,nan,nan,nan,nan,nan,0.162102,-0.043816,0.421752,nan,nan,nan,nan,nan,nan,-2.283487,-0.03996,2.143803
2026-04-30 15:17:38.909298,1,nan,nan,nan,nan,nan,nan,0.161343,-0.043869,0.425397,nan,nan,nan,nan,nan,nan,-2.280564,-0.039402,2.150745
2026-04-30 15:17:38.936854,1,0.226663,-0.039695,0.2563,nan,nan,nan,nan,nan,nan,-3.112838,0.014622,-0.158927,nan,nan,nan,nan,nan,nan
2026-04-30 15:17:38.964447,1,0.225905,-0.039476,0.268441,nan,nan,nan,0.157858,-0.044644,0.44858,-3.104965,0.005303,-0.168751,nan,nan,nan,-2.279761,-0.042947,2.144833
2026-04-30 15:17:38.991191,1,0.222905,-0.040118,0.279842,nan,nan,nan,0.157201,-0.045166,0.464364,-3.109829,0.013183,-0.155679,nan,nan,nan,-2.270037,-0.022493,2.144093
2026-04-30 15:17:39.015923,1,0.221782,-0.040524,0.287149,nan,nan,nan,nan,nan,nan,-3.110986,0.009228,-0.15463,nan,nan,nan,nan,nan,nan
2026-04-30 15:17:39.049562,1,0.219873,-0.040324,0.297502,nan,nan,nan,nan,nan,nan,-3.106954,-0.008154,-0.151169,nan,nan,nan,nan,nan,nan
2026-04-30 15:17:39.073906,1,0.217159,-0.041093,0.307947,nan,nan,nan,0.151902,-0.046477,0.492413,-3.106364,0.013712,-0.138955,nan,nan,nan,-2.260074,-0.038939,2.166237
2026-04-30 15:17:39.106717,1,0.21461,-0.041595,0.316471,nan,nan,nan,nan,nan,nan,-3.110852,0.005643,-0.140871,nan,nan,nan,nan,nan,nan
2026-04-30 15:17:39.136517,1,0.21251,-0.041235,0.325976,nan,nan,nan,nan,nan,nan,-3.11283,-0.009064,-0.137496,nan,nan,nan,nan,nan,nan
2026-04-30 15:17:39.162641,1,0.208773,-0.042144,0.334737,nan,nan,nan,0.145699,-0.047955,0.521722,-3.094468,0.018622,-0.133671,nan,nan,nan,-2.241558,-0.036599,2.170236
2026-04-30 15:17:39.196003,1,0.205612,-0.042427,0.342368,nan,nan,nan,nan,nan,nan,-3.103717,0.013138,-0.138282,nan,nan,nan,nan,nan,nan
2026-04-30 15:17:39.227625,1,0.203136,-0.042223,0.35124,nan,nan,nan,nan,nan,nan,-3.102223,0.005935,-0.134711,nan,nan,nan,nan,nan,nan
2026-04-30 15:17:39.253944,1,0.200708,-0.04247,0.360785,nan,nan,nan,nan,nan,nan,-3.114134,-0.011782,-0.115802,nan,nan,nan,nan,nan,nan
2026-04-30 15:17:39.280162,1,0.196234,-0.043349,0.366975,nan,nan,nan,nan,nan,nan,-3.089168,0.020129,-0.089948,nan,nan,nan,nan,nan,nan
2026-04-30 15:17:39.302813,1,0.195359,-0.043942,0.372697,nan,nan,nan,nan,nan,nan,-3.101004,0.008271,-0.076365,nan,nan,nan,nan,nan,nan
2026-04-30 15:17:39.326589,1,0.190682,-0.043356,0.373716,nan,nan,nan,nan,nan,nan,-3.102129,0.004908,-0.084544,nan,nan,nan,nan,nan,nan
2026-04-30 15:17:39.354924,1,0.186647,-0.043369,0.374,nan,nan,nan,nan,nan,nan,-3.106716,0.00807,-0.095869,nan,nan,nan,nan,nan,nan
2026-04-30 15:17:39.386881,1,0.18622,-0.043489,0.37636,nan,nan,nan,nan,nan,nan,-3.102457,-0.001879,-0.084495,nan,nan,nan,nan,nan,nan
2026-04-30 15:17:39.409849,1,0.185656,-0.04358,0.378155,nan,nan,nan,nan,nan,nan,-3.102711,0.003121,-0.079435,nan,nan,nan,nan,nan,nan
2026-04-30 15:17:39.436654,1,0.185544,-0.043587,0.378168,nan,nan,nan,nan,nan,nan,-3.106858,0.004281,-0.078868,nan,nan,nan,nan,nan,nan
2026-04-30 15:17:39.462896,1,0.184001,-0.043405,0.37465,nan,nan,nan,nan,nan,nan,-3.093626,0.006214,-0.097878,nan,nan,nan,nan,nan,nan
2026-04-30 15:17:39.489878,1,0.184307,-0.043341,0.373458,nan,nan,nan,nan,nan,nan,-3.106569,0.008757,-0.088918,nan,nan,nan,nan,nan,nan
2026-04-30 15:17:39.514518,1,0.183516,-0.043122,0.369049,nan,nan,nan,nan,nan,nan,-3.094107,0.010928,-0.091229,nan,nan,nan,nan,nan,nan
2026-04-30 15:17:39.538589,1,0.18372,-0.04307,0.368018,nan,nan,nan,nan,nan,nan,-3.093454,0.013144,-0.087408,nan,nan,nan,nan,nan,nan
2026-04-30 15:17:39.563512,1,0.181384,-0.041991,0.359357,nan,nan,nan,nan,nan,nan,-3.104647,0.011031,-0.111635,nan,nan,nan,nan,nan,nan
2026-04-30 15:17:39.589208,1,0.180984,-0.041727,0.354605,nan,nan,nan,nan,nan,nan,-3.09149,0.003307,-0.099629,nan,nan,nan,nan,nan,nan
2026-04-30 15:17:39.615092,1,0.177303,-0.041944,0.345702,nan,nan,nan,nan,nan,nan,-3.103309,0.006656,-0.098112,nan,nan,nan,nan,nan,nan
2026-04-30 15:17:39.640028,1,0.175661,-0.041682,0.340542,nan,nan,nan,nan,nan,nan,-3.108968,0.004056,-0.092942,nan,nan,nan,nan,nan,nan
2026-04-30 15:17:39.672498,1,0.172989,-0.041853,0.333127,nan,nan,nan,nan,nan,nan,-3.105622,0.014579,-0.096164,nan,nan,nan,nan,nan,nan
2026-04-30 15:17:39.700553,1,0.168278,-0.040708,0.318907,nan,nan,nan,nan,nan,nan,-3.099857,0.001087,-0.095702,nan,nan,nan,nan,nan,nan
2026-04-30 15:17:39.728343,1,0.163807,-0.040565,0.307494,nan,nan,nan,nan,nan,nan,-3.109525,0.009275,-0.079949,nan,nan,nan,nan,nan,nan
2026-04-30 15:17:39.758417,1,0.162687,-0.040389,0.30407,nan,nan,nan,nan,nan,nan,-3.105201,0.00686,-0.073672,nan,nan,nan,nan,nan,nan
2026-04-30 15:17:39.787206,1,0.155339,-0.039942,0.285758,nan,nan,nan,nan,nan,nan,-3.107965,0.004565,-0.068826,nan,nan,nan,nan,nan,nan
2026-04-30 15:17:39.818521,1,0.152963,-0.039551,0.279002,nan,nan,nan,nan,nan,nan,-3.109985,0.00439,-0.041597,nan,nan,nan,nan,nan,nan
2026-04-30 15:17:39.844227,1,0.142719,-0.038974,0.255062,nan,nan,nan,nan,nan,nan,-3.114278,0.001857,-0.041553,nan,nan,nan,nan,nan,nan
2026-04-30 15:17:39.877982,1,0.140422,-0.038653,0.250275,nan,nan,nan,nan,nan,nan,-3.114123,0.001672,-0.043833,nan,nan,nan,nan,nan,nan
2026-04-30 15:17:39.906898,1,0.131923,-0.0364,0.231416,nan,nan,nan,nan,nan,nan,-3.107896,-0.015874,-0.010526,nan,nan,nan,nan,nan,nan
2026-04-30 15:17:39.935707,1,0.124091,-0.037033,0.217888,nan,nan,nan,nan,nan,nan,-3.108318,-0.000607,0.008739,nan,nan,nan,nan,nan,nan
2026-04-30 15:17:39.964961,1,0.116839,-0.035408,0.203239,nan,nan,nan,nan,nan,nan,-3.103607,-0.011205,0.007251,nan,nan,nan,nan,nan,nan
2026-04-30 15:17:39.993372,1,0.109438,-0.035829,0.190545,nan,nan,nan,nan,nan,nan,-3.105456,0.003163,0.019228,nan,nan,nan,nan,nan,nan
2026-04-30 15:17:40.019117,1,0.101053,-0.035381,0.177679,nan,nan,nan,nan,nan,nan,-3.111655,-0.0013,0.027459,nan,nan,nan,nan,nan,nan
2026-04-30 15:17:40.054671,1,0.095023,-0.034793,0.169602,nan,nan,nan,nan,nan,nan,-3.114203,-0.008496,0.042995,nan,nan,nan,nan,nan,nan
2026-04-30 15:17:40.089644,1,0.082819,-0.034529,0.154643,nan,nan,nan,nan,nan,nan,-3.110151,0.000778,0.055675,nan,nan,nan,nan,nan,nan
2026-04-30 15:17:40.123504,1,0.076039,-0.033577,0.144793,nan,nan,nan,nan,nan,nan,-3.111548,-0.005884,0.061749,nan,nan,nan,nan,nan,nan
2026-04-30 15:17:40.153539,1,0.067876,-0.033942,0.134483,nan,nan,nan,nan,nan,nan,-3.110914,-0.002397,0.06351,nan,nan,nan,nan,nan,nan
2026-04-30 15:17:40.180743,1,0.063689,-0.033675,0.129774,nan,nan,nan,nan,nan,nan,-3.11222,-0.003998,0.060142,nan,nan,nan,nan,nan,nan
2026-04-30 15:17:40.209941,1,0.059144,-0.033531,0.124104,nan,nan,nan,nan,nan,nan,-3.11472,-0.006414,0.053387,nan,nan,nan,nan,nan,nan
2026-04-30 15:17:40.237929,1,0.055645,-0.032884,0.120313,nan,nan,nan,nan,nan,nan,-3.111761,-0.007617,0.03681,nan,nan,nan,nan,nan,nan
2026-04-30 15:17:40.266442,1,0.052845,-0.032465,0.118389,nan,nan,nan,nan,nan,nan,-3.105672,-0.006594,0.039123,nan,nan,nan,nan,nan,nan
2026-04-30 15:17:40.294413,1,0.051707,-0.032424,0.117761,nan,nan,nan,nan,nan,nan,-3.105418,-0.006644,0.020269,nan,nan,nan,nan,nan,nan
2026-04-30 15:17:40.322319,1,0.051686,-0.032305,0.118311,nan,nan,nan,nan,nan,nan,-3.105478,-0.007988,0.007517,nan,nan,nan,nan,nan,nan
2026-04-30 15:17:40.357481,1,0.050472,-0.032722,0.121114,nan,nan,nan,nan,nan,nan,-3.109691,-0.005253,-0.002221,nan,nan,nan,nan,nan,nan
2026-04-30 15:17:40.378914,1,0.049856,-0.033293,0.124174,nan,nan,nan,nan,nan,nan,-3.117263,-0.005567,-0.011173,nan,nan,nan,nan,nan,nan
2026-04-30 15:17:40.415841,1,0.049459,-0.033645,0.126959,nan,nan,nan,nan,nan,nan,-3.111437,0.000825,-0.014238,nan,nan,nan,nan,nan,nan
2026-04-30 15:17:40.436353,1,0.047773,-0.034024,0.133788,nan,nan,nan,nan,nan,nan,-3.118362,-0.003402,-0.017838,nan,nan,nan,nan,nan,nan
2026-04-30 15:17:40.465344,1,0.046925,-0.03412,0.138614,nan,nan,nan,nan,nan,nan,-3.114883,-0.007943,-0.011969,nan,nan,nan,nan,nan,nan
2026-04-30 15:17:40.493064,1,0.045143,-0.033895,0.146592,nan,nan,nan,nan,nan,nan,-3.11253,-0.007335,-0.007732,nan,nan,nan,nan,nan,nan
2026-04-30 15:17:40.518749,1,0.043582,-0.034934,0.155798,nan,nan,nan,nan,nan,nan,-3.116807,-0.002022,-0.006387,nan,nan,nan,nan,nan,nan
2026-04-30 15:17:40.544337,1,0.042587,-0.035133,0.16252,nan,nan,nan,nan,nan,nan,-3.110448,-0.003629,-0.006951,nan,nan,nan,nan,nan,nan
2026-04-30 15:17:40.576661,1,0.040979,-0.035046,0.173684,nan,nan,nan,nan,nan,nan,-3.107102,-0.008861,-0.018504,nan,nan,nan,nan,nan,nan
2026-04-30 15:17:40.599558,1,0.039139,-0.035612,0.185559,nan,nan,nan,nan,nan,nan,-3.109513,-0.011344,-0.019377,nan,nan,nan,nan,nan,nan
2026-04-30 15:17:40.626985,1,0.037449,-0.036278,0.196071,nan,nan,nan,nan,nan,nan,-3.119716,-0.010978,-0.037535,nan,nan,nan,nan,nan,nan
2026-04-30 15:17:40.653784,1,0.035359,-0.036096,0.208506,nan,nan,nan,nan,nan,nan,-3.105022,-0.011962,-0.041802,nan,nan,nan,nan,nan,nan
2026-04-30 15:17:40.680710,1,0.033093,-0.037221,0.217024,nan,nan,nan,nan,nan,nan,-3.116285,-0.005163,-0.051087,nan,nan,nan,nan,nan,nan
2026-04-30 15:17:40.706354,1,0.030487,-0.037273,0.228599,nan,nan,nan,nan,nan,nan,-3.104692,-0.003851,-0.055323,nan,nan,nan,nan,nan,nan
2026-04-30 15:17:40.736796,1,0.029836,-0.037335,0.233572,nan,nan,nan,nan,nan,nan,-3.099087,-0.016222,-0.058243,nan,nan,nan,nan,nan,nan
2026-04-30 15:17:40.758417,1,0.02308,-0.039355,0.249969,nan,nan,nan,nan,nan,nan,-3.092729,0.010842,-0.085818,nan,nan,nan,nan,nan,nan
2026-04-30 15:17:40.787652,1,0.020725,-0.038984,0.259628,nan,nan,nan,nan,nan,nan,-3.06777,-0.004483,-0.017822,nan,nan,nan,nan,nan,nan
2026-04-30 15:17:40.810710,1,0.015675,-0.038665,0.272247,nan,nan,nan,nan,nan,nan,-3.100736,-0.005647,-0.091997,nan,nan,nan,nan,nan,nan
2026-04-30 15:17:40.837101,1,0.009673,-0.040444,0.285588,nan,nan,nan,nan,nan,nan,-3.102945,0.002433,-0.023963,nan,nan,nan,nan,nan,nan
2026-04-30 15:17:40.868374,1,0.00676,-0.03983,0.294796,nan,nan,nan,nan,nan,nan,-3.076057,-0.023352,0.129618,nan,nan,nan,nan,nan,nan
2026-04-30 15:17:40.888858,1,0.001419,-0.041124,0.308038,nan,nan,nan,nan,nan,nan,-3.108194,2.1e-05,-0.057222,nan,nan,nan,nan,nan,nan
2026-04-30 15:17:40.914296,1,-0.003265,-0.040984,0.320781,nan,nan,nan,nan,nan,nan,-3.085923,-0.017181,-0.021502,nan,nan,nan,nan,nan,nan
2026-04-30 15:17:40.938320,1,-0.006083,-0.041238,0.329465,nan,nan,nan,nan,nan,nan,-3.081315,-0.011902,-0.09622,nan,nan,nan,nan,nan,nan
2026-04-30 15:17:40.959952,1,-0.010052,-0.04159,0.338489,nan,nan,nan,nan,nan,nan,-3.065754,-0.004851,0.037491,nan,nan,nan,nan,nan,nan
2026-04-30 15:17:40.985123,1,-0.01446,-0.042028,0.345637,nan,nan,nan,nan,nan,nan,-3.124352,-0.014454,0.023348,nan,nan,nan,nan,nan,nan
2026-04-30 15:17:41.009593,1,-0.017459,-0.042388,0.352424,nan,nan,nan,nan,nan,nan,-3.12063,-0.007906,-0.135449,nan,nan,nan,nan,nan,nan
2026-04-30 15:17:41.036786,1,-0.02063,-0.042071,0.359246,nan,nan,nan,nan,nan,nan,-3.092824,-0.021524,0.0202,nan,nan,nan,nan,nan,nan
2026-04-30 15:17:41.066521,1,-0.024716,-0.043531,0.367306,nan,nan,nan,nan,nan,nan,-3.118739,-0.011598,-0.00393,nan,nan,nan,nan,nan,nan
2026-04-30 15:17:41.092187,1,-0.028521,-0.043462,0.373312,nan,nan,nan,nan,nan,nan,-3.124399,-0.016104,-0.030265,nan,nan,nan,nan,nan,nan
2026-04-30 15:17:41.116544,1,-0.030985,-0.043741,0.378417,nan,nan,nan,nan,nan,nan,-3.089942,-0.025472,0.000781,nan,nan,nan,nan,nan,nan
2026-04-30 15:17:41.144751,1,-0.033383,-0.043794,0.382637,nan,nan,nan,nan,nan,nan,-3.090848,-0.005065,-0.130418,nan,nan,nan,nan,nan,nan
2026-04-30 15:17:41.174180,1,-0.034816,-0.043723,0.384324,nan,nan,nan,nan,nan,nan,-3.091313,-0.019879,-0.011375,nan,nan,nan,nan,nan,nan
2026-04-30 15:17:41.200619,1,-0.036201,-0.043709,0.386487,nan,nan,nan,nan,nan,nan,-2.993054,-0.026276,-0.021634,nan,nan,nan,nan,nan,nan
2026-04-30 15:17:41.238624,1,-0.03682,-0.043694,0.382912,nan,nan,nan,nan,nan,nan,-3.136296,-0.001999,-0.129029,nan,nan,nan,nan,nan,nan
2026-04-30 15:17:41.265794,1,-0.037478,-0.043745,0.38258,nan,nan,nan,nan,nan,nan,-3.091403,-0.007972,-0.109786,nan,nan,nan,nan,nan,nan
2026-04-30 15:17:41.292811,1,-0.038685,-0.043511,0.377538,nan,nan,nan,nan,nan,nan,-3.092356,-0.006785,-0.100952,nan,nan,nan,nan,nan,nan
2026-04-30 15:17:41.318424,1,-0.040326,-0.042963,0.366883,nan,nan,nan,nan,nan,nan,3.127372,-0.001239,0.023019,nan,nan,nan,nan,nan,nan
2026-04-30 15:17:41.346586,1,-0.042709,-0.042642,0.362699,nan,nan,nan,nan,nan,nan,-3.109107,-0.00552,-0.06828,nan,nan,nan,nan,nan,nan
2026-04-30 15:17:41.372504,1,-0.045873,-0.042204,0.352465,nan,nan,nan,nan,nan,nan,3.133784,0.011418,-0.024559,nan,nan,nan,nan,nan,nan
2026-04-30 15:17:41.399788,1,-0.049344,-0.04167,0.341024,nan,nan,nan,nan,nan,nan,-3.12783,-0.012197,0.04335,nan,nan,nan,nan,nan,nan
2026-04-30 15:17:41.426609,1,-0.051837,-0.041305,0.333133,nan,nan,nan,nan,nan,nan,-3.116954,-0.004423,0.039606,nan,nan,nan,nan,nan,nan
2026-04-30 15:17:41.454022,1,-0.055068,-0.040784,0.323841,nan,nan,nan,nan,nan,nan,-3.108331,-0.019051,0.03588,nan,nan,nan,nan,nan,nan
2026-04-30 15:17:41.483537,1,-0.058974,-0.04073,0.310647,nan,nan,nan,nan,nan,nan,-3.11803,-0.005884,0.034905,nan,nan,nan,nan,nan,nan
2026-04-30 15:17:41.512566,1,-0.063695,-0.039493,0.296965,nan,nan,nan,nan,nan,nan,-3.126,-0.006483,0.031599,nan,nan,nan,nan,nan,nan
2026-04-30 15:17:41.539631,1,-0.065527,-0.039304,0.291911,nan,nan,nan,nan,nan,nan,-3.106362,-0.014288,0.068401,nan,nan,nan,nan,nan,nan
2026-04-30 15:17:41.567207,1,-0.073729,-0.039338,0.274488,nan,nan,nan,nan,nan,nan,-3.107651,-0.009318,0.088578,nan,nan,nan,nan,nan,nan
2026-04-30 15:17:41.594971,1,-0.079895,-0.038544,0.26199,nan,nan,nan,nan,nan,nan,-3.115046,-0.012422,0.077677,nan,nan,nan,nan,nan,nan
2026-04-30 15:17:41.619280,1,-0.083358,-0.038509,0.253248,nan,nan,nan,nan,nan,nan,-3.105804,-0.018974,0.091217,nan,nan,nan,nan,nan,nan
2026-04-30 15:17:41.646020,1,-0.089467,-0.037607,0.240943,nan,nan,nan,nan,nan,nan,-3.108688,-0.016985,0.093714,nan,nan,nan,nan,nan,nan
2026-04-30 15:17:41.672559,1,-0.095104,-0.03719,0.228309,nan,nan,nan,nan,nan,nan,-3.105237,-0.016436,0.10448,nan,nan,nan,nan,nan,nan
2026-04-30 15:17:41.699885,1,-0.102172,-0.036981,0.216408,nan,nan,nan,nan,nan,nan,-3.105498,-0.022488,0.117149,nan,nan,nan,nan,nan,nan
2026-04-30 15:17:41.729523,1,-0.106671,-0.037015,0.208179,nan,nan,nan,nan,nan,nan,-3.104543,-0.017163,0.118025,nan,nan,nan,nan,nan,nan
2026-04-30 15:17:41.761245,1,-0.110883,-0.036271,0.200524,nan,nan,nan,nan,nan,nan,-3.109777,-0.021522,0.12973,nan,nan,nan,nan,nan,nan
2026-04-30 15:17:41.785373,1,-0.120732,-0.036271,0.183283,nan,nan,nan,nan,nan,nan,-3.109763,-0.020443,0.130111,nan,nan,nan,nan,nan,nan
2026-04-30 15:17:41.809301,1,-0.122109,-0.036209,0.179523,nan,nan,nan,nan,nan,nan,-3.1106,-0.016393,0.127659,nan,nan,nan,nan,nan,nan
2026-04-30 15:17:41.841401,1,-0.126947,-0.0356,0.170046,nan,nan,nan,nan,nan,nan,-3.108852,-0.021229,0.119798,nan,nan,nan,nan,nan,nan
2026-04-30 15:17:41.865776,1,-0.13406,-0.035489,0.158438,nan,nan,nan,nan,nan,nan,-3.111679,-0.020607,0.118238,nan,nan,nan,nan,nan,nan
2026-04-30 15:17:41.890369,1,-0.135801,-0.035437,0.155587,nan,nan,nan,nan,nan,nan,-3.113173,-0.021499,0.121157,nan,nan,nan,nan,nan,nan
2026-04-30 15:17:41.924036,1,-0.14157,-0.034859,0.148585,nan,nan,nan,nan,nan,nan,-3.110324,-0.019155,0.130054,nan,nan,nan,nan,nan,nan
2026-04-30 15:17:41.951343,1,nan,nan,nan,-0.080446,-0.038116,0.321752,nan,nan,nan,nan,nan,nan,-2.275404,-0.004657,-2.119342,nan,nan,nan
2026-04-30 15:17:41.981120,1,nan,nan,nan,nan,nan,nan,nan,nan,nan,nan,nan,nan,nan,nan,nan,nan,nan,nan
2026-04-30 15:17:42.011079,1,nan,nan,nan,-0.086807,-0.037189,0.312818,nan,nan,nan,nan,nan,nan,-2.289474,-0.012273,-2.104701,nan,nan,nan
2026-04-30 15:17:42.037520,1,nan,nan,nan,-0.088188,-0.037095,0.311441,nan,nan,nan,nan,nan,nan,-2.296787,-0.017245,-2.097903,nan,nan,nan
2026-04-30 15:17:42.068815,1,nan,nan,nan,-0.089712,-0.036997,0.310081,nan,nan,nan,nan,nan,nan,-2.301068,-0.015531,-2.094551,nan,nan,nan
2026-04-30 15:17:42.098180,1,nan,nan,nan,-0.09041,-0.037049,0.310805,nan,nan,nan,nan,nan,nan,-2.299376,-0.017627,-2.09758,nan,nan,nan
2026-04-30 15:17:42.127622,1,nan,nan,nan,-0.090711,-0.037226,0.313718,nan,nan,nan,nan,nan,nan,-2.293629,-0.013837,-2.099935,nan,nan,nan
2026-04-30 15:17:42.158295,1,nan,nan,nan,-0.090655,-0.037383,0.316512,nan,nan,nan,nan,nan,nan,-2.288482,-0.016391,-2.097451,nan,nan,nan
2026-04-30 15:17:42.187393,1,nan,nan,nan,-0.090746,-0.038111,0.325579,nan,nan,nan,nan,nan,nan,-2.284939,-0.011956,-2.112488,nan,nan,nan
2026-04-30 15:17:42.214951,1,nan,nan,nan,nan,nan,nan,nan,nan,nan,nan,nan,nan,nan,nan,nan,nan,nan,nan
2026-04-30 15:17:42.242143,1,-0.158575,-0.035504,0.154625,-0.091059,-0.038489,0.335381,nan,nan,nan,-3.113411,-0.022398,0.136929,-2.277191,-0.012705,-2.122238,nan,nan,nan
2026-04-30 15:17:42.270941,1,-0.157968,-0.035822,0.163099,-0.091711,-0.038587,0.344858,nan,nan,nan,-3.113954,-0.025478,0.121648,-2.265031,-0.014219,-2.126094,nan,nan,nan
2026-04-30 15:17:42.301363,1,-0.157244,-0.035788,0.1752,-0.093178,-0.039545,0.358334,nan,nan,nan,-3.109294,-0.02198,0.099822,-2.257071,-0.007077,-2.142612,nan,nan,nan
2026-04-30 15:17:42.329182,1,-0.156655,-0.036193,0.182098,-0.094012,-0.039919,0.366425,nan,nan,nan,-3.109519,-0.026563,0.091456,-2.242484,-0.011471,-2.143328,nan,nan,nan
2026-04-30 15:17:42.358062,1,-0.15634,-0.037062,0.193776,nan,nan,nan,nan,nan,nan,-3.109604,-0.025197,0.074936,nan,nan,nan,nan,nan,nan
2026-04-30 15:17:42.386047,1,-0.1559,-0.037139,0.205483,nan,nan,nan,nan,nan,nan,-3.109615,-0.021919,0.063321,nan,nan,nan,nan,nan,nan
2026-04-30 15:17:42.416716,1,-0.155934,-0.037758,0.218556,-0.097732,-0.041057,0.404604,nan,nan,nan,-3.113148,-0.02507,0.045206,-2.217515,-0.014565,-2.181896,nan,nan,nan
2026-04-30 15:17:42.444223,1,-0.157381,-0.039043,0.23223,nan,nan,nan,nan,nan,nan,-3.112437,-0.011636,0.035921,nan,nan,nan,nan,nan,nan
2026-04-30 15:17:42.474091,1,-0.157417,-0.038508,0.245283,nan,nan,nan,nan,nan,nan,-3.106469,-0.023226,0.025095,nan,nan,nan,nan,nan,nan
2026-04-30 15:17:42.495936,1,-0.159184,-0.039891,0.258415,nan,nan,nan,nan,nan,nan,-3.120286,-0.009395,0.009669,nan,nan,nan,nan,nan,nan
2026-04-30 15:17:42.524362,1,-0.1606,-0.039775,0.267982,nan,nan,nan,nan,nan,nan,-3.10395,-0.014789,0.012308,nan,nan,nan,nan,nan,nan
2026-04-30 15:17:42.551541,1,-0.163138,-0.040587,0.28161,nan,nan,nan,nan,nan,nan,-3.113316,-0.014307,0.014625,nan,nan,nan,nan,nan,nan
2026-04-30 15:17:42.583699,1,-0.165273,-0.041098,0.290714,nan,nan,nan,nan,nan,nan,-3.103786,-0.012814,0.010227,nan,nan,nan,nan,nan,nan
2026-04-30 15:17:42.610108,1,-0.169623,-0.041325,0.308982,nan,nan,nan,nan,nan,nan,-3.108801,-0.020661,-0.000226,nan,nan,nan,nan,nan,nan
2026-04-30 15:17:42.638431,1,-0.171155,-0.041909,0.31348,nan,nan,nan,nan,nan,nan,-3.118292,-0.009573,0.002631,nan,nan,nan,nan,nan,nan
2026-04-30 15:17:42.658768,1,-0.1769,-0.04164,0.329581,nan,nan,nan,nan,nan,nan,-3.113297,-0.017524,0.008992,nan,nan,nan,nan,nan,nan
2026-04-30 15:17:42.690538,1,-0.180915,-0.04235,0.338294,nan,nan,nan,nan,nan,nan,-3.113059,-0.0188,0.00787,nan,nan,nan,nan,nan,nan
2026-04-30 15:17:42.718199,1,-0.189058,-0.04354,0.35419,nan,nan,nan,nan,nan,nan,-3.104588,-0.013906,0.049895,nan,nan,nan,nan,nan,nan
2026-04-30 15:17:42.750903,1,-0.191604,-0.042917,0.360974,nan,nan,nan,nan,nan,nan,-3.099535,-0.018023,0.059735,nan,nan,nan,nan,nan,nan
2026-04-30 15:17:42.780401,1,-0.197381,-0.043998,0.375206,nan,nan,nan,nan,nan,nan,-3.105248,-0.025091,0.076331,nan,nan,nan,nan,nan,nan
2026-04-30 15:17:42.817091,1,-0.199703,-0.044621,0.381064,nan,nan,nan,nan,nan,nan,-3.088994,-0.022122,0.070932,nan,nan,nan,nan,nan,nan
2026-04-30 15:17:42.841680,1,-0.203971,-0.044638,0.392245,nan,nan,nan,nan,nan,nan,-3.097476,-0.024074,0.070696,nan,nan,nan,nan,nan,nan
2026-04-30 15:17:42.872668,1,-0.205955,-0.044685,0.396377,nan,nan,nan,nan,nan,nan,-3.103315,-0.019556,0.057196,nan,nan,nan,nan,nan,nan
2026-04-30 15:17:42.899573,1,-0.206556,-0.04469,0.396608,nan,nan,nan,nan,nan,nan,-3.105028,-0.020438,0.083788,nan,nan,nan,nan,nan,nan
2026-04-30 15:17:42.921638,1,-0.207515,-0.04477,0.397108,nan,nan,nan,nan,nan,nan,-3.099425,-0.022811,0.078447,nan,nan,nan,nan,nan,nan
2026-04-30 15:17:42.951040,1,-0.209071,-0.044759,0.3973,nan,nan,nan,nan,nan,nan,-3.084558,-0.020919,0.05579,nan,nan,nan,nan,nan,nan
2026-04-30 15:17:42.985451,1,-0.210731,-0.044314,0.390121,nan,nan,nan,nan,nan,nan,-3.107759,-0.015276,0.059281,nan,nan,nan,nan,nan,nan
2026-04-30 15:17:43.014732,1,-0.212208,-0.044249,0.382658,nan,nan,nan,nan,nan,nan,-3.099494,-0.023657,0.08822,nan,nan,nan,nan,nan,nan
2026-04-30 15:17:43.045354,1,-0.213829,-0.044012,0.373525,-0.153865,-0.049106,0.565724,nan,nan,nan,-3.117555,-0.011125,0.088235,-2.23156,0.01424,-2.15978,nan,nan,nan
2026-04-30 15:17:43.078057,1,-0.216788,-0.043534,0.36516,nan,nan,nan,nan,nan,nan,-3.103058,-0.017534,0.08862,nan,nan,nan,nan,nan,nan
2026-04-30 15:17:43.103052,1,-0.220279,-0.04304,0.354922,nan,nan,nan,nan,nan,nan,-3.102324,-0.013602,0.110147,nan,nan,nan,nan,nan,nan
2026-04-30 15:17:43.127738,1,-0.224394,-0.042688,0.3435,nan,nan,nan,nan,nan,nan,-3.101236,-0.028892,0.128889,nan,nan,nan,nan,nan,nan
2026-04-30 15:17:43.153465,1,-0.226896,-0.042811,0.34071,-0.159471,-0.047148,0.522926,nan,nan,nan,-3.104424,-0.021415,0.130588,-2.270083,0.000854,-2.119678,nan,nan,nan
2026-04-30 15:17:43.179572,1,-0.234798,-0.041985,0.324925,-0.164298,-0.046424,0.506859,nan,nan,nan,-3.102894,-0.021074,0.169546,-2.281726,0.006125,-2.098705,nan,nan,nan
2026-04-30 15:17:43.209105,1,-0.23896,-0.041725,0.316563,-0.167822,-0.04579,0.499719,nan,nan,nan,-3.10474,-0.025985,0.181561,-2.300191,-0.018007,-2.083738,nan,nan,nan
2026-04-30 15:17:43.238533,1,-0.249468,-0.041097,0.301796,-0.173941,-0.045157,0.481024,nan,nan,nan,-3.099,-0.027763,0.211765,-2.324568,-0.007178,-2.057705,nan,nan,nan
2026-04-30 15:17:43.267571,1,-0.254726,-0.040473,0.294182,-0.17799,-0.044824,0.473713,nan,nan,nan,-3.099435,-0.025902,0.229832,-2.338582,-0.005459,-2.041892,nan,nan,nan
2026-04-30 15:17:43.296705,1,-0.2629,-0.041007,0.283767,nan,nan,nan,nan,nan,nan,-3.093485,-0.025646,0.252533,nan,nan,nan,nan,nan,nan
2026-04-30 15:17:43.327194,1,-0.270258,-0.040633,0.273748,-0.189438,-0.044231,0.451586,nan,nan,nan,-3.097579,-0.02836,0.275832,-2.367096,-0.01695,-2.018044,nan,nan,nan
2026-04-30 15:17:43.358421,1,-0.278665,-0.040134,0.264696,-0.195631,-0.04318,0.440716,nan,nan,nan,-3.095976,-0.038608,0.299345,-2.371503,-0.022548,-1.999639,nan,nan,nan
2026-04-30 15:17:43.390565,1,-0.288686,-0.040659,0.256426,-0.202572,-0.043439,0.429885,nan,nan,nan,-3.095083,-0.020457,0.329598,-2.401771,-0.011518,-1.987685,nan,nan,nan
2026-04-30 15:17:43.422287,1,nan,nan,nan,-0.209691,-0.042989,0.421822,nan,nan,nan,nan,nan,nan,-2.410243,-0.010738,-1.974443,nan,nan,nan
2026-04-30 15:17:43.452711,1,nan,nan,nan,-0.218343,-0.041984,0.411479,nan,nan,nan,nan,nan,nan,-2.411709,-0.018057,-1.959871,nan,nan,nan
2026-04-30 15:17:43.487196,1,nan,nan,nan,-0.224584,-0.042296,0.404685,nan,nan,nan,nan,nan,nan,-2.427435,-0.009653,-1.956387,nan,nan,nan
2026-04-30 15:17:43.516803,1,nan,nan,nan,-0.229789,-0.041684,0.397206,nan,nan,nan,nan,nan,nan,-2.428933,-0.018569,-1.95358,nan,nan,nan
2026-04-30 15:17:43.548410,1,nan,nan,nan,-0.23497,-0.041103,0.390437,nan,nan,nan,nan,nan,nan,-2.422722,-0.01545,-1.946206,nan,nan,nan
2026-04-30 15:17:43.571535,1,nan,nan,nan,-0.238695,-0.041234,0.386182,nan,nan,nan,nan,nan,nan,-2.430367,-0.018459,-1.945216,nan,nan,nan
2026-04-30 15:17:43.607902,1,nan,nan,nan,-0.243676,-0.041152,0.378556,nan,nan,nan,nan,nan,nan,-2.430967,-0.012133,-1.948339,nan,nan,nan
2026-04-30 15:17:43.633327,1,nan,nan,nan,-0.248861,-0.04096,0.371421,nan,nan,nan,nan,nan,nan,-2.426929,-0.016271,-1.952665,nan,nan,nan
2026-04-30 15:17:43.660084,1,nan,nan,nan,-0.254826,-0.04015,0.361848,nan,nan,nan,nan,nan,nan,-2.417309,-0.017316,-1.960443,nan,nan,nan
2026-04-30 15:17:43.693056,1,nan,nan,nan,-0.259006,-0.040182,0.35508,nan,nan,nan,nan,nan,nan,-2.408192,-0.015975,-1.969691,nan,nan,nan
2026-04-30 15:17:43.729844,1,nan,nan,nan,-0.260823,-0.040088,0.349775,nan,nan,nan,nan,nan,nan,-2.407309,-0.007112,-1.98774,nan,nan,nan
2026-04-30 15:17:43.762148,1,nan,nan,nan,-0.265506,-0.039267,0.337965,nan,nan,nan,nan,nan,nan,-2.383024,-0.011959,-2.000906,nan,nan,nan
2026-04-30 15:17:43.790156,1,nan,nan,nan,-0.266608,-0.038963,0.329768,nan,nan,nan,nan,nan,nan,-2.375307,-0.014709,-2.008328,nan,nan,nan
2026-04-30 15:17:43.818729,1,nan,nan,nan,-0.268172,-0.038937,0.322361,nan,nan,nan,nan,nan,nan,-2.376988,-0.00906,-2.018844,nan,nan,nan
2026-04-30 15:17:43.848409,1,nan,nan,nan,-0.268767,-0.038742,0.317276,nan,nan,nan,nan,nan,nan,-2.368765,-0.011884,-2.022244,nan,nan,nan
2026-04-30 15:17:43.879123,1,nan,nan,nan,-0.269501,-0.038123,0.309747,nan,nan,nan,nan,nan,nan,-2.359438,-0.009324,-2.022595,nan,nan,nan
2026-04-30 15:17:43.908262,1,nan,nan,nan,-0.269991,-0.037628,0.302596,nan,nan,nan,nan,nan,nan,-2.356433,-0.020213,-2.028938,nan,nan,nan
2026-04-30 15:17:43.937104,1,nan,nan,nan,-0.271201,-0.037966,0.296216,nan,nan,nan,nan,nan,nan,-2.357326,-0.007594,-2.046369,nan,nan,nan
2026-04-30 15:17:43.965030,1,nan,nan,nan,-0.271768,-0.037906,0.291205,nan,nan,nan,nan,nan,nan,-2.347934,-0.012648,-2.051248,nan,nan,nan
2026-04-30 15:17:43.991508,1,nan,nan,nan,-0.271498,-0.037712,0.288158,nan,nan,nan,nan,nan,nan,-2.3382,-0.012713,-2.059794,nan,nan,nan
2026-04-30 15:17:44.024709,1,nan,nan,nan,-0.270928,-0.037435,0.284174,nan,nan,nan,nan,nan,nan,-2.331531,-0.01372,-2.064863,nan,nan,nan
2026-04-30 15:17:44.056051,1,nan,nan,nan,-0.270655,-0.037261,0.28186,nan,nan,nan,nan,nan,nan,-2.328899,-0.010947,-2.065447,nan,nan,nan
2026-04-30 15:17:44.078477,1,nan,nan,nan,-0.270452,-0.03712,0.280879,nan,nan,nan,nan,nan,nan,-2.334456,-0.012748,-2.060985,nan,nan,nan
2026-04-30 15:17:44.107926,1,nan,nan,nan,-0.270702,-0.037145,0.281199,nan,nan,nan,nan,nan,nan,-2.333253,-0.013228,-2.05951,nan,nan,nan
2026-04-30 15:17:44.135923,1,nan,nan,nan,-0.270396,-0.037169,0.282116,nan,nan,nan,nan,nan,nan,-2.335923,-0.015003,-2.056702,nan,nan,nan
2026-04-30 15:17:44.164544,1,nan,nan,nan,-0.269879,-0.037334,0.284258,nan,nan,nan,nan,nan,nan,-2.340019,-0.015137,-2.052743,nan,nan,nan
2026-04-30 15:17:44.197742,1,nan,nan,nan,-0.269393,-0.037521,0.288112,nan,nan,nan,nan,nan,nan,-2.34429,-0.015358,-2.04851,nan,nan,nan
2026-04-30 15:17:44.224732,1,nan,nan,nan,-0.26914,-0.037988,0.293839,nan,nan,nan,nan,nan,nan,-2.363682,-0.00512,-2.045215,nan,nan,nan
2026-04-30 15:17:44.255313,1,nan,nan,nan,-0.268543,-0.037924,0.298343,nan,nan,nan,nan,nan,nan,-2.362471,-0.009369,-2.037176,nan,nan,nan
2026-04-30 15:17:44.287577,1,nan,nan,nan,-0.266827,-0.038026,0.309611,nan,nan,nan,nan,nan,nan,-2.353679,-0.014652,-2.02404,nan,nan,nan
2026-04-30 15:17:44.319337,1,nan,nan,nan,-0.265712,-0.038818,0.319344,nan,nan,nan,nan,nan,nan,-2.35961,-0.012384,-2.033359,nan,nan,nan
2026-04-30 15:17:44.342839,1,nan,nan,nan,-0.264447,-0.039112,0.334951,nan,nan,nan,nan,nan,nan,-2.34596,-0.018049,-2.043965,nan,nan,nan
2026-04-30 15:17:44.370617,1,nan,nan,nan,-0.263544,-0.039806,0.343197,nan,nan,nan,nan,nan,nan,-2.340981,-0.010541,-2.047289,nan,nan,nan
2026-04-30 15:17:44.401672,1,nan,nan,nan,-0.262141,-0.040226,0.356433,nan,nan,nan,nan,nan,nan,-2.34295,-0.005968,-2.058449,nan,nan,nan
2026-04-30 15:17:44.426649,1,nan,nan,nan,-0.261203,-0.040529,0.365826,nan,nan,nan,nan,nan,nan,-2.33034,-0.010264,-2.066327,nan,nan,nan
2026-04-30 15:17:44.457629,1,nan,nan,nan,-0.260728,-0.041409,0.381124,nan,nan,nan,nan,nan,nan,-2.322456,-0.019112,-2.072962,nan,nan,nan
2026-04-30 15:17:44.485471,1,nan,nan,nan,-0.259789,-0.041479,0.396573,nan,nan,nan,nan,nan,nan,-2.308786,-0.017624,-2.084173,nan,nan,nan
2026-04-30 15:17:44.513699,1,nan,nan,nan,-0.258165,-0.04261,0.411589,nan,nan,nan,nan,nan,nan,-2.299483,-0.023736,-2.089737,nan,nan,nan
2026-04-30 15:17:44.543433,1,nan,nan,nan,-0.257828,-0.042965,0.422235,nan,nan,nan,nan,nan,nan,-2.303799,-0.012794,-2.106221,nan,nan,nan
2026-04-30 15:17:44.574348,1,nan,nan,nan,-0.256159,-0.044051,0.44186,nan,nan,nan,nan,nan,nan,-2.270835,-0.01592,-2.117213,nan,nan,nan
2026-04-30 15:17:44.604206,1,nan,nan,nan,nan,nan,nan,nan,nan,nan,nan,nan,nan,nan,nan,nan,nan,nan,nan
2026-04-30 15:17:44.631655,1,-0.316338,-0.041428,0.285464,-0.254077,-0.045329,0.471654,nan,nan,nan,-3.099983,-0.037128,0.140296,-2.260003,-0.017896,-2.133001,nan,nan,nan
2026-04-30 15:17:44.656779,1,-0.31369,-0.042331,0.298217,-0.25238,-0.045711,0.485186,nan,nan,nan,-3.108465,-0.030392,0.116424,-2.252942,-0.029408,-2.140432,nan,nan,nan
2026-04-30 15:17:44.679674,1,-0.312418,-0.042581,0.306414,-0.251533,-0.046294,0.493965,nan,nan,nan,-3.110798,-0.024913,0.107922,-2.248163,-0.031201,-2.143406,nan,nan,nan
2026-04-30 15:17:44.705505,1,-0.308594,-0.042533,0.316645,-0.248927,-0.04664,0.504298,nan,nan,nan,-3.111289,-0.02656,0.096766,-2.251691,-0.015422,-2.149026,nan,nan,nan
2026-04-30 15:17:44.734104,1,-0.307378,-0.043125,0.32428,-0.247614,-0.046883,0.51142,nan,nan,nan,-3.105659,-0.035903,0.084084,-2.237133,-0.02102,-2.152322,nan,nan,nan
2026-04-30 15:17:44.762106,1,-0.303729,-0.043519,0.332677,-0.245432,-0.047358,0.520557,nan,nan,nan,-3.112188,-0.026842,0.080633,-2.237144,-0.014816,-2.164303,nan,nan,nan
2026-04-30 15:17:44.786141,1,-0.303066,-0.043748,0.339518,-0.245703,-0.048005,0.529431,nan,nan,nan,-3.108851,-0.02853,0.065899,-2.227495,-0.024576,-2.162282,nan,nan,nan
2026-04-30 15:17:44.812289,1,-0.299917,-0.04385,0.346014,nan,nan,nan,nan,nan,nan,-3.110988,-0.021229,0.057947,nan,nan,nan,nan,nan,nan
2026-04-30 15:17:44.847988,1,-0.297989,-0.044091,0.353089,nan,nan,nan,nan,nan,nan,-3.104618,-0.031432,0.053295,nan,nan,nan,nan,nan,nan
2026-04-30 15:17:44.873423,1,-0.295697,-0.044234,0.357831,-0.239015,-0.048083,0.5457,nan,nan,nan,-3.10632,-0.026275,0.055795,-2.202527,-0.013081,-2.173709,nan,nan,nan
2026-04-30 15:17:44.899554,1,-0.293571,-0.044511,0.362546,-0.238422,-0.048879,0.55406,nan,nan,nan,-3.110938,-0.025799,0.060937,-2.203611,-0.023278,-2.176756,nan,nan,nan
2026-04-30 15:17:44.931710,1,-0.292932,-0.044634,0.368213,nan,nan,nan,nan,nan,nan,-3.101829,-0.037507,0.041069,nan,nan,nan,nan,nan,nan
2026-04-30 15:17:44.961104,1,-0.289972,-0.044197,0.369463,nan,nan,nan,nan,nan,nan,-3.092302,-0.037212,0.06048,nan,nan,nan,nan,nan,nan
2026-04-30 15:17:44.990966,1,-0.28932,-0.044267,0.370998,-0.232232,-0.049574,0.562289,nan,nan,nan,-3.104948,-0.031281,0.068257,-2.217285,-0.020501,-2.16588,nan,nan,nan
2026-04-30 15:17:45.025134,1,-0.288079,-0.04424,0.371229,nan,nan,nan,nan,nan,nan,-3.107163,-0.028136,0.075424,nan,nan,nan,nan,nan,nan
2026-04-30 15:17:45.048824,1,-0.287346,-0.044084,0.370522,-0.227014,-0.049396,0.559896,nan,nan,nan,-3.09959,-0.031212,0.089522,-2.233902,-0.031764,-2.146584,nan,nan,nan
2026-04-30 15:17:45.076757,1,-0.287284,-0.043867,0.368758,-0.224649,-0.048979,0.556282,nan,nan,nan,-3.095818,-0.041183,0.101489,-2.248382,-0.018581,-2.130538,nan,nan,nan
2026-04-30 15:17:45.102841,1,-0.285512,-0.043805,0.363629,-0.221926,-0.048332,0.550295,nan,nan,nan,-3.101594,-0.04769,0.11134,-2.244056,-0.015274,-2.119548,nan,nan,nan
2026-04-30 15:17:45.130239,1,-0.286534,-0.044175,0.360431,nan,nan,nan,nan,nan,nan,-3.099117,-0.03619,0.129992,nan,nan,nan,nan,nan,nan
2026-04-30 15:17:45.156000,1,-0.285044,-0.044019,0.356474,-0.21734,-0.047802,0.538277,nan,nan,nan,-3.104318,-0.034559,0.135194,-2.254581,-0.019712,-2.11628,nan,nan,nan
2026-04-30 15:17:45.184797,1,-0.281658,-0.043619,0.348524,-0.216823,-0.048355,0.536452,nan,nan,nan,-3.103411,-0.032762,0.134932,-2.272912,-0.007866,-2.117884,nan,nan,nan
2026-04-30 15:17:45.214626,1,-0.280242,-0.043255,0.34177,-0.212758,-0.047342,0.525029,nan,nan,nan,-3.10173,-0.040324,0.136773,-2.270726,-0.006925,-2.109465,nan,nan,nan
2026-04-30 15:17:45.240667,1,-0.277481,-0.042634,0.333258,-0.210347,-0.046769,0.517856,nan,nan,nan,-3.097322,-0.04797,0.132996,-2.271828,-0.012169,-2.106157,nan,nan,nan
2026-04-30 15:17:45.273333,1,-0.274568,-0.04268,0.325613,-0.20839,-0.046482,0.511188,nan,nan,nan,-3.105501,-0.036764,0.133374,-2.281178,-0.011122,-2.110154,nan,nan,nan
2026-04-30 15:17:45.305486,1,-0.26985,-0.042161,0.314955,-0.204057,-0.04603,0.498409,nan,nan,nan,-3.105812,-0.031589,0.122174,-2.264501,-0.006516,-2.118659,nan,nan,nan
2026-04-30 15:17:45.336722,1,-0.264731,-0.041168,0.302798,-0.200608,-0.045524,0.488247,nan,nan,nan,-3.102468,-0.027828,0.114441,-2.260253,-0.001754,-2.126748,nan,nan,nan
2026-04-30 15:17:45.366963,1,-0.257852,-0.041015,0.286472,-0.195291,-0.045139,0.472513,nan,nan,nan,-3.111837,-0.014608,0.106207,-2.260353,-0.008679,-2.131387,nan,nan,nan
2026-04-30 15:17:45.402423,1,-0.254426,-0.040524,0.279044,-0.191506,-0.044375,0.462836,nan,nan,nan,-3.105631,-0.029367,0.094969,-2.244448,-0.009782,-2.142477,nan,nan,nan
2026-04-30 15:17:45.432316,1,-0.243267,-0.039889,0.257126,-0.183468,-0.043438,0.441904,nan,nan,nan,-3.108739,-0.025789,0.073124,-2.230212,-0.006507,-2.166122,nan,nan,nan
2026-04-30 15:17:45.461251,1,-0.238483,-0.039183,0.248896,-0.18072,-0.043157,0.435124,nan,nan,nan,-3.106931,-0.027501,0.055705,-2.218868,-0.007214,-2.17147,nan,nan,nan
2026-04-30 15:17:45.488523,1,-0.23119,-0.038862,0.235724,-0.1753,-0.041956,0.421621,nan,nan,nan,-3.113182,-0.034361,0.039267,-2.203573,-0.020483,-2.186203,nan,nan,nan
2026-04-30 15:17:45.519195,1,-0.226786,-0.0388,0.226955,-0.172181,-0.04212,0.413626,nan,nan,nan,-3.11223,-0.023942,0.024063,-2.205049,-0.010957,-2.196477,nan,nan,nan
2026-04-30 15:17:45.546955,1,-0.216298,-0.03796,0.210368,-0.165312,-0.041523,0.398216,nan,nan,nan,-3.110568,-0.023339,0.000745,-2.185099,-0.007993,-2.214933,nan,nan,nan
2026-04-30 15:17:45.575015,1,-0.212055,-0.037632,0.202703,-0.161955,-0.041038,0.39058,nan,nan,nan,-3.114253,-0.021846,-0.011793,-2.181581,-0.004001,-2.223976,nan,nan,nan
2026-04-30 15:17:45.605618,1,nan,nan,nan,-0.154665,-0.040604,0.375812,nan,nan,nan,nan,nan,nan,-2.158699,-0.008804,-2.237486,nan,nan,nan
2026-04-30 15:17:45.640888,1,nan,nan,nan,-0.149772,-0.040112,0.365675,nan,nan,nan,nan,nan,nan,-2.146738,-0.010003,-2.249271,nan,nan,nan
2026-04-30 15:17:45.671006,1,nan,nan,nan,nan,nan,nan,nan,nan,nan,nan,nan,nan,nan,nan,nan,nan,nan,nan
2026-04-30 15:17:45.700608,1,nan,nan,nan,-0.137726,-0.039154,0.343699,nan,nan,nan,nan,nan,nan,-2.116701,-0.011507,-2.274708,nan,nan,nan
2026-04-30 15:17:45.728156,1,nan,nan,nan,nan,nan,nan,nan,nan,nan,nan,nan,nan,nan,nan,nan,nan,nan,nan
2026-04-30 15:17:45.754380,1,nan,nan,nan,nan,nan,nan,nan,nan,nan,nan,nan,nan,nan,nan,nan,nan,nan,nan
2026-04-30 15:17:45.785622,1,nan,nan,nan,-0.125634,-0.038,0.322518,nan,nan,nan,nan,nan,nan,-2.088446,-0.010943,-2.311232,nan,nan,nan
2026-04-30 15:17:45.815105,1,nan,nan,nan,nan,nan,nan,nan,nan,nan,nan,nan,nan,nan,nan,nan,nan,nan,nan
2026-04-30 15:17:45.841758,1,nan,nan,nan,nan,nan,nan,nan,nan,nan,nan,nan,nan,nan,nan,nan,nan,nan,nan
2026-04-30 15:17:45.871148,1,nan,nan,nan,nan,nan,nan,nan,nan,nan,nan,nan,nan,nan,nan,nan,nan,nan,nan
2026-04-30 15:17:45.898600,1,nan,nan,nan,nan,nan,nan,nan,nan,nan,nan,nan,nan,nan,nan,nan,nan,nan,nan
2026-04-30 15:17:45.927030,1,nan,nan,nan,nan,nan,nan,nan,nan,nan,nan,nan,nan,nan,nan,nan,nan,nan,nan
2026-04-30 15:17:45.957236,1,nan,nan,nan,nan,nan,nan,nan,nan,nan,nan,nan,nan,nan,nan,nan,nan,nan,nan
2026-04-30 15:17:45.987323,1,nan,nan,nan,nan,nan,nan,nan,nan,nan,nan,nan,nan,nan,nan,nan,nan,nan,nan
2026-04-30 15:17:46.020388,1,nan,nan,nan,nan,nan,nan,nan,nan,nan,nan,nan,nan,nan,nan,nan,nan,nan,nan
2026-04-30 15:17:46.051262,1,nan,nan,nan,-0.106767,-0.036909,0.304424,nan,nan,nan,nan,nan,nan,-2.097546,-0.019238,-2.304658,nan,nan,nan
2026-04-30 15:17:46.085402,1,nan,nan,nan,nan,nan,nan,nan,nan,nan,nan,nan,nan,nan,nan,nan,nan,nan,nan
2026-04-30 15:17:46.116585,1,nan,nan,nan,nan,nan,nan,nan,nan,nan,nan,nan,nan,nan,nan,nan,nan,nan,nan
2026-04-30 15:17:46.142934,1,nan,nan,nan,nan,nan,nan,nan,nan,nan,nan,nan,nan,nan,nan,nan,nan,nan,nan
2026-04-30 15:17:46.171084,1,nan,nan,nan,nan,nan,nan,nan,nan,nan,nan,nan,nan,nan,nan,nan,nan,nan,nan
2026-04-30 15:17:46.200012,1,nan,nan,nan,nan,nan,nan,nan,nan,nan,nan,nan,nan,nan,nan,nan,nan,nan,nan
2026-04-30 15:17:46.231532,1,-0.142515,-0.034187,0.145875,nan,nan,nan,nan,nan,nan,-3.105028,-0.031801,-0.127226,nan,nan,nan,nan,nan,nan
2026-04-30 15:17:46.261037,1,-0.142884,-0.035751,0.158061,nan,nan,nan,nan,nan,nan,-3.110135,-0.018179,-0.118762,nan,nan,nan,nan,nan,nan
2026-04-30 15:17:46.291111,1,-0.142546,-0.035591,0.165166,nan,nan,nan,nan,nan,nan,-3.107852,-0.024956,-0.120518,nan,nan,nan,nan,nan,nan
2026-04-30 15:17:46.321572,1,-0.142749,-0.036507,0.180282,nan,nan,nan,nan,nan,nan,-3.112632,-0.01869,-0.113443,nan,nan,nan,nan,nan,nan
2026-04-30 15:17:46.351491,1,-0.142652,-0.036927,0.188521,nan,nan,nan,nan,nan,nan,-3.108077,-0.014663,-0.115943,nan,nan,nan,nan,nan,nan
2026-04-30 15:17:46.379327,1,-0.141357,-0.036734,0.200957,nan,nan,nan,nan,nan,nan,-3.11007,-0.022743,-0.116799,nan,nan,nan,nan,nan,nan
2026-04-30 15:17:46.405517,1,-0.141773,-0.038149,0.214467,nan,nan,nan,nan,nan,nan,-3.107142,-0.016513,-0.123415,nan,nan,nan,nan,nan,nan
2026-04-30 15:17:46.432166,1,-0.140755,-0.037976,0.22269,nan,nan,nan,nan,nan,nan,-3.111946,-0.017881,-0.121657,nan,nan,nan,nan,nan,nan
2026-04-30 15:17:46.468128,1,-0.140234,-0.038548,0.240886,nan,nan,nan,nan,nan,nan,-3.113084,-0.018336,-0.127942,nan,nan,nan,nan,nan,nan
2026-04-30 15:17:46.493033,1,-0.140113,-0.03923,0.249692,nan,nan,nan,nan,nan,nan,-3.106155,-0.007359,-0.115979,nan,nan,nan,nan,nan,nan
2026-04-30 15:17:46.524853,1,-0.13931,-0.038861,0.263935,nan,nan,nan,nan,nan,nan,-3.103937,-0.026913,-0.125535,nan,nan,nan,nan,nan,nan
2026-04-30 15:17:46.556317,1,-0.140178,-0.040547,0.277947,nan,nan,nan,nan,nan,nan,-3.109418,-0.005543,-0.096444,nan,nan,nan,nan,nan,nan
2026-04-30 15:17:46.584431,1,-0.138484,-0.040059,0.292429,nan,nan,nan,nan,nan,nan,-3.106818,-0.022548,-0.118929,nan,nan,nan,nan,nan,nan
2026-04-30 15:17:46.609054,1,-0.138605,-0.041568,0.30636,nan,nan,nan,nan,nan,nan,-3.115998,-0.003003,-0.072469,nan,nan,nan,nan,nan,nan
2026-04-30 15:17:46.644138,1,-0.136872,-0.041006,0.32102,nan,nan,nan,nan,nan,nan,-3.10922,-0.019611,-0.114938,nan,nan,nan,nan,nan,nan
2026-04-30 15:17:46.665278,1,-0.136496,-0.042353,0.33463,nan,nan,nan,nan,nan,nan,-3.100144,-0.022886,-0.052454,nan,nan,nan,nan,nan,nan
2026-04-30 15:17:46.692901,1,-0.135046,-0.042438,0.348625,nan,nan,nan,nan,nan,nan,-3.097488,-0.023429,-0.073629,nan,nan,nan,nan,nan,nan
2026-04-30 15:17:46.720726,1,-0.134303,-0.043206,0.360819,nan,nan,nan,nan,nan,nan,-3.097906,-0.021304,-0.055728,nan,nan,nan,nan,nan,nan
2026-04-30 15:17:46.740535,1,-0.133634,-0.044,0.368991,nan,nan,nan,nan,nan,nan,-3.092369,-0.019439,-0.094556,nan,nan,nan,nan,nan,nan
2026-04-30 15:17:46.781316,1,-0.132132,-0.043613,0.37578,nan,nan,nan,nan,nan,nan,-3.095766,-0.024614,-0.063537,nan,nan,nan,nan,nan,nan
2026-04-30 15:17:46.812789,1,-0.130273,-0.043791,0.382558,nan,nan,nan,nan,nan,nan,-3.128484,-0.011404,-0.034479,nan,nan,nan,nan,nan,nan
2026-04-30 15:17:46.845590,1,-0.125931,-0.045021,0.394054,nan,nan,nan,nan,nan,nan,-3.131617,-0.005746,-0.028595,nan,nan,nan,nan,nan,nan
2026-04-30 15:17:46.876441,1,-0.123111,-0.04502,0.400465,nan,nan,nan,nan,nan,nan,-3.102127,-0.02812,-0.079923,nan,nan,nan,nan,nan,nan
2026-04-30 15:17:46.907643,1,-0.120955,-0.044889,0.402544,nan,nan,nan,nan,nan,nan,-3.111948,-0.017639,-0.03667,nan,nan,nan,nan,nan,nan
2026-04-30 15:17:46.935504,1,-0.120039,-0.044794,0.403772,nan,nan,nan,nan,nan,nan,3.140198,0.008528,0.062191,nan,nan,nan,nan,nan,nan
2026-04-30 15:17:46.970073,1,-0.120197,-0.044793,0.40395,nan,nan,nan,nan,nan,nan,3.141089,0.011431,0.027766,nan,nan,nan,nan,nan,nan
2026-04-30 15:17:47.002519,1,-0.120802,-0.044787,0.403221,nan,nan,nan,nan,nan,nan,-3.117792,-0.021562,-0.008175,nan,nan,nan,nan,nan,nan
2026-04-30 15:17:47.031801,1,-0.121275,-0.044746,0.399291,nan,nan,nan,nan,nan,nan,-3.086492,-0.031376,0.040591,nan,nan,nan,nan,nan,nan
2026-04-30 15:17:47.059978,1,-0.119576,-0.04393,0.392199,nan,nan,nan,nan,nan,nan,-3.095766,-0.04587,0.031379,nan,nan,nan,nan,nan,nan
2026-04-30 15:17:47.087256,1,-0.119434,-0.044154,0.384996,nan,nan,nan,nan,nan,nan,-3.097899,-0.034481,0.036539,nan,nan,nan,nan,nan,nan
2026-04-30 15:17:47.117628,1,-0.117377,-0.043344,0.375046,nan,nan,nan,nan,nan,nan,-3.097413,-0.022783,0.05613,nan,nan,nan,nan,nan,nan
2026-04-30 15:17:47.149959,1,-0.115217,-0.043256,0.36802,nan,nan,nan,nan,nan,nan,-3.09572,-0.036901,0.052487,nan,nan,nan,nan,nan,nan
2026-04-30 15:17:47.189679,1,-0.109303,-0.042564,0.350929,nan,nan,nan,nan,nan,nan,-3.102454,-0.034403,0.048448,nan,nan,nan,nan,nan,nan
2026-04-30 15:17:47.250943,1,-0.105363,-0.041964,0.338998,nan,nan,nan,nan,nan,nan,-3.093824,-0.02995,0.047521,nan,nan,nan,nan,nan,nan
2026-04-30 15:17:47.323834,1,-0.087517,-0.040277,0.300561,nan,nan,nan,nan,nan,nan,-3.127811,-0.026995,0.026686,nan,nan,nan,nan,nan,nan
2026-04-30 15:17:47.384070,1,-0.071251,-0.039469,0.272402,nan,nan,nan,nan,nan,nan,-3.09417,-0.018732,-0.018131,nan,nan,nan,nan,nan,nan
2026-04-30 15:17:47.428607,1,-0.05007,-0.037968,0.238225,nan,nan,nan,nan,nan,nan,-3.100934,-0.01715,-0.068385,nan,nan,nan,nan,nan,nan
2026-04-30 15:17:47.486373,1,-0.037759,-0.036981,0.219063,nan,nan,nan,nan,nan,nan,-3.114662,-0.018788,-0.049736,nan,nan,nan,nan,nan,nan
2026-04-30 15:17:47.544854,1,-0.018332,-0.036185,0.194561,nan,nan,nan,nan,nan,nan,-3.094016,-0.017433,-0.110127,nan,nan,nan,nan,nan,nan
2026-04-30 15:17:47.595848,1,-0.009133,-0.035814,0.182525,nan,nan,nan,nan,nan,nan,-3.104399,-0.007753,-0.119857,nan,nan,nan,nan,nan,nan
2026-04-30 15:17:47.638129,1,0.000421,-0.034477,0.172031,nan,nan,nan,nan,nan,nan,-3.091162,-0.020234,-0.129286,nan,nan,nan,nan,nan,nan
2026-04-30 15:17:47.669001,1,0.021049,-0.033943,0.14791,nan,nan,nan,nan,nan,nan,-3.103368,-0.006328,-0.153306,nan,nan,nan,nan,nan,nan
2026-04-30 15:17:47.713556,1,0.028384,-0.033487,0.141094,nan,nan,nan,nan,nan,nan,-3.104198,-0.007408,-0.160668,nan,nan,nan,nan,nan,nan
2026-04-30 15:17:47.770809,1,0.037985,-0.033604,0.132089,nan,nan,nan,nan,nan,nan,-3.106738,-0.006502,-0.161277,nan,nan,nan,nan,nan,nan
2026-04-30 15:17:47.814834,1,0.04669,-0.033371,0.124016,nan,nan,nan,nan,nan,nan,-3.110759,-0.002481,-0.157637,nan,nan,nan,nan,nan,nan
2026-04-30 15:17:47.849854,1,0.048881,-0.033028,0.122306,nan,nan,nan,nan,nan,nan,-3.108788,-0.007206,-0.148092,nan,nan,nan,nan,nan,nan
2026-04-30 15:17:47.885520,1,0.04888,-0.033077,0.122452,nan,nan,nan,nan,nan,nan,-3.109787,-0.007043,-0.140757,nan,nan,nan,nan,nan,nan
2026-04-30 15:17:47.927246,1,0.048467,-0.0335,0.124733,nan,nan,nan,nan,nan,nan,-3.112618,-0.005375,-0.130991,nan,nan,nan,nan,nan,nan
2026-04-30 15:17:47.977645,1,0.048264,-0.033782,0.12967,nan,nan,nan,nan,nan,nan,-3.11099,-0.001422,-0.123037,nan,nan,nan,nan,nan,nan
2026-04-30 15:17:48.018425,1,0.049471,-0.033982,0.139912,nan,nan,nan,nan,nan,nan,-3.107934,-0.004748,-0.125569,nan,nan,nan,nan,nan,nan
2026-04-30 15:17:48.061271,1,0.050627,-0.033327,0.148237,nan,nan,nan,nan,nan,nan,-3.107659,-0.014833,-0.130115,nan,nan,nan,nan,nan,nan
2026-04-30 15:17:48.099540,1,0.053494,-0.035176,0.164552,nan,nan,nan,nan,nan,nan,-3.114169,-0.008904,-0.139676,nan,nan,nan,nan,nan,nan
2026-04-30 15:17:48.133071,1,0.056483,-0.034785,0.180326,nan,nan,nan,nan,nan,nan,-3.106407,-0.01496,-0.14522,nan,nan,nan,nan,nan,nan
2026-04-30 15:17:48.174364,1,0.060043,-0.036334,0.197146,nan,nan,nan,nan,nan,nan,-3.10948,-0.010198,-0.151531,nan,nan,nan,nan,nan,nan
2026-04-30 15:17:48.226758,1,0.063111,-0.035743,0.210757,nan,nan,nan,nan,nan,nan,-3.103061,-0.009419,-0.162323,nan,nan,nan,nan,nan,nan
2026-04-30 15:17:48.292152,1,0.069241,-0.037645,0.234182,nan,nan,nan,nan,nan,nan,-3.098188,-0.017413,-0.18473,nan,nan,nan,nan,nan,nan
2026-04-30 15:17:48.326300,1,0.072012,-0.039201,0.252697,nan,nan,nan,nan,nan,nan,-3.117413,0.005058,-0.191548,nan,nan,nan,nan,nan,nan
2026-04-30 15:17:48.385070,1,0.079638,-0.040305,0.283164,nan,nan,nan,nan,nan,nan,-3.103004,0.010744,-0.2172,nan,nan,nan,nan,nan,nan
2026-04-30 15:17:48.441158,1,0.087036,-0.040688,0.309676,nan,nan,nan,nan,nan,nan,-3.107424,0.011725,-0.231592,nan,nan,nan,nan,nan,nan
2026-04-30 15:17:48.490060,1,0.097438,-0.041423,0.336766,nan,nan,nan,nan,nan,nan,-3.09697,-0.006508,-0.248397,nan,nan,nan,nan,nan,nan
2026-04-30 15:17:48.521713,1,0.104418,-0.042655,0.351157,nan,nan,nan,nan,nan,nan,-3.091351,-0.002564,-0.273159,nan,nan,nan,nan,nan,nan
2026-04-30 15:17:48.554615,1,0.111153,-0.042509,0.364975,nan,nan,nan,nan,nan,nan,-3.099271,-0.020305,-0.282516,nan,nan,nan,nan,nan,nan
2026-04-30 15:17:48.588557,1,0.115318,-0.043357,0.375984,nan,nan,nan,nan,nan,nan,-3.079869,-0.002952,-0.261275,nan,nan,nan,nan,nan,nan
2026-04-30 15:17:48.640119,1,0.117824,-0.043799,0.382492,nan,nan,nan,nan,nan,nan,-3.083399,0.008184,-0.28158,nan,nan,nan,nan,nan,nan
2026-04-30 15:17:48.675453,1,0.120881,-0.044068,0.390359,nan,nan,nan,nan,nan,nan,-3.104829,-0.008268,-0.222149,nan,nan,nan,nan,nan,nan
2026-04-30 15:17:48.715678,1,0.121583,-0.043686,0.392041,nan,nan,nan,nan,nan,nan,-3.095299,-0.016237,-0.2264,nan,nan,nan,nan,nan,nan
2026-04-30 15:17:48.757194,1,0.121987,-0.043424,0.393415,nan,nan,nan,nan,nan,nan,-3.097846,-0.020669,-0.210662,nan,nan,nan,nan,nan,nan
2026-04-30 15:17:48.800406,1,0.123111,-0.043524,0.39217,nan,nan,nan,nan,nan,nan,-3.084157,-0.01864,-0.169756,nan,nan,nan,nan,nan,nan
2026-04-30 15:17:48.857377,1,0.12464,-0.043748,0.387281,nan,nan,nan,nan,nan,nan,-3.11935,-0.021882,-0.138245,nan,nan,nan,nan,nan,nan
2026-04-30 15:17:48.892465,1,0.132275,-0.043123,0.373737,nan,nan,nan,nan,nan,nan,-3.098699,-0.020766,-0.150405,nan,nan,nan,nan,nan,nan
2026-04-30 15:17:48.929537,1,0.138481,-0.042086,0.364716,nan,nan,nan,nan,nan,nan,-3.09124,-0.017764,-0.167173,nan,nan,nan,nan,nan,nan
2026-04-30 15:17:48.958160,1,0.145856,-0.042634,0.355915,nan,nan,nan,nan,nan,nan,-3.102155,-0.023247,-0.184634,nan,nan,nan,nan,nan,nan
2026-04-30 15:17:49.008522,1,0.156364,-0.041489,0.340861,nan,nan,nan,nan,nan,nan,-3.095037,-0.014293,-0.210373,nan,nan,nan,nan,nan,nan
2026-04-30 15:17:49.051799,1,0.171875,-0.04109,0.322014,nan,nan,nan,nan,nan,nan,-3.096445,-0.00557,-0.232936,nan,nan,nan,nan,nan,nan
2026-04-30 15:17:49.102966,1,0.182173,-0.040361,0.310053,nan,nan,nan,0.105285,-0.047066,0.490446,-3.099946,-0.004819,-0.253292,nan,nan,nan,-2.335505,-0.044471,2.087131
2026-04-30 15:17:49.150473,1,0.203307,-0.039412,0.28535,nan,nan,nan,nan,nan,nan,-3.094098,0.012463,-0.284875,nan,nan,nan,nan,nan,nan
2026-04-30 15:17:49.219681,1,0.227066,-0.039069,0.263133,nan,nan,nan,0.145192,-0.044423,0.439215,-3.095595,0.007151,-0.313939,nan,nan,nan,-2.365459,-0.02255,2.030369
2026-04-30 15:17:49.248283,1,nan,nan,nan,nan,nan,nan,nan,nan,nan,nan,nan,nan,nan,nan,nan,nan,nan,nan
2026-04-30 15:17:49.388195,1,nan,nan,nan,nan,nan,nan,0.201935,-0.04236,0.375362,nan,nan,nan,nan,nan,nan,-2.370236,-0.036278,2.053243
2026-04-30 15:17:49.447797,1,nan,nan,nan,nan,nan,nan,0.216036,-0.040749,0.356497,nan,nan,nan,nan,nan,nan,-2.34212,-0.027321,2.078966
2026-04-30 15:17:49.501822,1,nan,nan,nan,nan,nan,nan,0.226601,-0.040724,0.341081,nan,nan,nan,nan,nan,nan,-2.310216,-0.029475,2.112244
2026-04-30 15:17:49.560963,1,nan,nan,nan,nan,nan,nan,0.231348,-0.039837,0.327534,nan,nan,nan,nan,nan,nan,-2.286331,-0.032001,2.134763
2026-04-30 15:17:49.615746,1,nan,nan,nan,nan,nan,nan,0.233018,-0.040132,0.317891,nan,nan,nan,nan,nan,nan,-2.285948,-0.037062,2.144842
2026-04-30 15:17:49.655737,1,nan,nan,nan,nan,nan,nan,0.233078,-0.038987,0.304288,nan,nan,nan,nan,nan,nan,-2.272025,-0.03131,2.151478
2026-04-30 15:17:49.688742,1,nan,nan,nan,nan,nan,nan,0.23336,-0.03871,0.301739,nan,nan,nan,nan,nan,nan,-2.281162,-0.028062,2.147041
2026-04-30 15:17:49.728210,1,nan,nan,nan,nan,nan,nan,0.232991,-0.038569,0.299764,nan,nan,nan,nan,nan,nan,-2.289544,-0.025827,2.138337
2026-04-30 15:17:49.763606,1,nan,nan,nan,nan,nan,nan,0.232777,-0.038633,0.30056,nan,nan,nan,nan,nan,nan,-2.289226,-0.027975,2.138019
2026-04-30 15:17:49.805430,1,nan,nan,nan,nan,nan,nan,0.232832,-0.038676,0.301888,nan,nan,nan,nan,nan,nan,-2.289866,-0.027148,2.139412
2026-04-30 15:17:49.840224,1,nan,nan,nan,nan,nan,nan,0.234025,-0.039409,0.308179,nan,nan,nan,nan,nan,nan,-2.313498,-0.028481,2.121542
2026-04-30 15:17:49.881076,1,nan,nan,nan,nan,nan,nan,0.234814,-0.039648,0.312672,nan,nan,nan,nan,nan,nan,-2.319786,-0.029419,2.109728
2026-04-30 15:17:49.913231,1,nan,nan,nan,nan,nan,nan,0.237708,-0.03974,0.321623,nan,nan,nan,nan,nan,nan,-2.334131,-0.021704,2.082881
2026-04-30 15:17:49.949375,1,nan,nan,nan,nan,nan,nan,0.240336,-0.039863,0.329859,nan,nan,nan,nan,nan,nan,-2.359119,-0.024247,2.067941
2026-04-30 15:17:49.980164,1,nan,nan,nan,nan,nan,nan,0.243449,-0.040747,0.341274,nan,nan,nan,nan,nan,nan,-2.376661,-0.028593,2.039895
2026-04-30 15:17:50.013242,1,nan,nan,nan,nan,nan,nan,0.247633,-0.041244,0.353631,nan,nan,nan,nan,nan,nan,-2.393124,-0.017569,2.013846
2026-04-30 15:17:50.058020,1,nan,nan,nan,nan,nan,nan,0.250307,-0.041257,0.364868,nan,nan,nan,nan,nan,nan,-2.403419,-0.013128,1.991095
2026-04-30 15:17:50.115429,1,nan,nan,nan,nan,nan,nan,0.256418,-0.042861,0.388488,nan,nan,nan,nan,nan,nan,-2.441381,-0.0172,1.966308
2026-04-30 15:17:50.166030,1,nan,nan,nan,nan,nan,nan,0.260238,-0.044268,0.41711,nan,nan,nan,nan,nan,nan,-2.466701,-0.02588,1.937816
2026-04-30 15:17:50.206490,1,nan,nan,nan,nan,nan,nan,0.261055,-0.04512,0.443313,nan,nan,nan,nan,nan,nan,-2.469424,-0.020611,1.919601
2026-04-30 15:17:50.249931,1,nan,nan,nan,nan,nan,nan,0.259867,-0.045108,0.459676,nan,nan,nan,nan,nan,nan,-2.459928,-0.007069,1.898873
2026-04-30 15:17:50.290237,1,nan,nan,nan,nan,nan,nan,0.255086,-0.046769,0.485918,nan,nan,nan,nan,nan,nan,-2.488507,-0.022073,1.906753
2026-04-30 15:17:50.339910,1,nan,nan,nan,nan,nan,nan,0.249639,-0.047811,0.505883,nan,nan,nan,nan,nan,nan,-2.469183,-0.021894,1.921375
2026-04-30 15:17:50.388674,1,0.337774,-0.043652,0.355161,nan,nan,nan,0.242325,-0.048217,0.523347,-3.075751,0.030627,-0.447851,nan,nan,nan,-2.437539,-0.023158,1.937333
2026-04-30 15:17:50.428622,1,0.321954,-0.044344,0.375139,nan,nan,nan,0.23144,-0.049194,0.547839,-3.07342,0.042604,-0.403486,nan,nan,nan,-2.416002,-0.026423,1.952183
2026-04-30 15:17:50.461896,1,0.312656,-0.045417,0.387287,nan,nan,nan,nan,nan,nan,-3.086548,0.021728,-0.371682,nan,nan,nan,nan,nan,nan
2026-04-30 15:17:50.497515,1,0.30317,-0.044963,0.391848,nan,nan,nan,0.217162,-0.050094,0.566147,-3.09258,0.016744,-0.357338,nan,nan,nan,-2.383078,-0.019946,2.002175
2026-04-30 15:17:50.534356,1,0.297361,-0.045175,0.395169,nan,nan,nan,0.214474,-0.050421,0.574417,-3.090568,0.03288,-0.33988,nan,nan,nan,-2.363447,-0.014088,2.009733
2026-04-30 15:17:50.573123,1,0.287913,-0.045581,0.404173,nan,nan,nan,0.204354,-0.050981,0.582682,-3.097822,0.017609,-0.317475,nan,nan,nan,-2.370167,-0.019681,2.011307
2026-04-30 15:17:50.615427,1,0.283115,-0.045681,0.407171,nan,nan,nan,0.198282,-0.051062,0.584312,-3.088401,0.028753,-0.331413,nan,nan,nan,-2.371668,-0.026992,2.020481
2026-04-30 15:17:50.656009,1,0.277385,-0.045111,0.408309,nan,nan,nan,0.189913,-0.050748,0.582418,-3.086221,0.017167,-0.366558,nan,nan,nan,-2.395708,-0.034942,1.995302
2026-04-30 15:17:50.688582,1,0.274033,-0.045104,0.408488,nan,nan,nan,0.180973,-0.050688,0.580982,-3.085337,0.017691,-0.415509,nan,nan,nan,-2.424176,-0.035132,1.94956
2026-04-30 15:17:50.717759,1,0.272175,-0.044982,0.405732,nan,nan,nan,0.177102,-0.050542,0.577706,-3.072247,0.02048,-0.439732,nan,nan,nan,-2.446575,-0.034777,1.919124
2026-04-30 15:17:50.755987,1,0.272484,-0.044948,0.405348,nan,nan,nan,0.175431,-0.050491,0.576636,-3.075953,0.022694,-0.451485,nan,nan,nan,-2.453708,-0.023928,1.90051
2026-04-30 15:17:50.793151,1,0.2713,-0.044506,0.401206,nan,nan,nan,0.172515,-0.050144,0.571594,-3.06768,0.037213,-0.470467,nan,nan,nan,-2.459007,-0.014349,1.899001
2026-04-30 15:17:50.837991,1,0.266675,-0.044104,0.38863,nan,nan,nan,0.167543,-0.049586,0.559037,-3.072694,0.031632,-0.485715,nan,nan,nan,-2.471003,-0.016541,1.894345
2026-04-30 15:17:50.879767,1,0.26121,-0.043329,0.373216,nan,nan,nan,0.16294,-0.04889,0.541242,-3.074502,0.016637,-0.46399,nan,nan,nan,-2.468211,-0.039042,1.91264
2026-04-30 15:17:50.942943,1,0.255917,-0.042544,0.359154,nan,nan,nan,0.159518,-0.047541,0.527631,-3.073256,0.033964,-0.428964,nan,nan,nan,-2.457945,-0.018859,1.918258
2026-04-30 15:17:50.978439,1,0.2479,-0.041278,0.332471,nan,nan,nan,0.154385,-0.047214,0.504045,-3.078234,0.016053,-0.411494,nan,nan,nan,-2.437127,-0.031327,1.936177
2026-04-30 15:17:51.018870,1,0.243254,-0.041502,0.318971,nan,nan,nan,0.150351,-0.046244,0.490383,-3.074426,0.03579,-0.402158,nan,nan,nan,-2.429756,-0.017072,1.94756
2026-04-30 15:17:51.061400,1,0.236161,-0.040335,0.300148,nan,nan,nan,0.145366,-0.045691,0.472935,-3.081722,0.024168,-0.392167,nan,nan,nan,-2.429665,-0.01733,1.953055
2026-04-30 15:17:51.120657,1,0.223804,-0.039933,0.276493,nan,nan,nan,0.135358,-0.044568,0.447919,-3.091051,0.01914,-0.354494,nan,nan,nan,-2.406718,-0.027902,1.991499
2026-04-30 15:17:51.158328,1,0.213574,-0.039302,0.256681,nan,nan,nan,0.127673,-0.043182,0.430262,-3.095646,0.029933,-0.341038,nan,nan,nan,-2.394254,-0.014339,2.001692
2026-04-30 15:17:51.195117,1,0.199269,-0.037948,0.231488,nan,nan,nan,0.115751,-0.042704,0.404378,-3.097028,0.019049,-0.314258,nan,nan,nan,-2.359515,-0.032545,2.034585
2026-04-30 15:17:51.231185,1,0.187224,-0.036849,0.215503,nan,nan,nan,0.106136,-0.041304,0.38992,-3.096001,0.024786,-0.283131,nan,nan,nan,-2.356934,-0.025192,2.040645
2026-04-30 15:17:51.265195,1,0.178689,-0.036668,0.205041,nan,nan,nan,nan,nan,nan,-3.097732,0.013683,-0.276828,nan,nan,nan,nan,nan,nan
2026-04-30 15:17:51.305220,1,0.166607,-0.036264,0.1926,nan,nan,nan,nan,nan,nan,-3.099626,0.016433,-0.251164,nan,nan,nan,nan,nan,nan
2026-04-30 15:17:51.334644,1,0.157643,-0.035998,0.184376,nan,nan,nan,nan,nan,nan,-3.103001,0.02781,-0.236838,nan,nan,nan,nan,nan,nan
2026-04-30 15:17:51.369355,1,0.151799,-0.035701,0.179328,nan,nan,nan,0.075046,-0.039894,0.354846,-3.102319,0.024269,-0.232703,nan,nan,nan,-2.333559,-0.029758,2.081934
2026-04-30 15:17:51.416835,1,0.134098,-0.035135,0.168733,nan,nan,nan,nan,nan,nan,-3.105398,0.01499,-0.221696,nan,nan,nan,nan,nan,nan
2026-04-30 15:17:51.474572,1,0.119823,-0.035167,0.163952,nan,nan,nan,nan,nan,nan,-3.105948,0.016683,-0.202863,nan,nan,nan,nan,nan,nan
2026-04-30 15:17:51.533104,1,0.095343,-0.0349,0.164998,nan,nan,nan,nan,nan,nan,-3.106313,0.013294,-0.182761,nan,nan,nan,nan,nan,nan
2026-04-30 15:17:51.587466,1,0.075386,-0.035444,0.174159,nan,nan,nan,nan,nan,nan,-3.110863,0.007001,-0.168782,nan,nan,nan,nan,nan,nan
2026-04-30 15:17:51.629158,1,0.067139,-0.035645,0.181302,nan,nan,nan,nan,nan,nan,-3.103646,0.002661,-0.179825,nan,nan,nan,nan,nan,nan
2026-04-30 15:17:51.676250,1,0.055407,-0.035614,0.193499,nan,nan,nan,nan,nan,nan,-3.098171,0.005192,-0.176533,nan,nan,nan,nan,nan,nan
2026-04-30 15:17:51.721641,1,0.044275,-0.037267,0.206482,nan,nan,nan,nan,nan,nan,-3.112479,-0.000796,-0.180311,nan,nan,nan,nan,nan,nan
2026-04-30 15:17:51.757423,1,0.024745,-0.037067,0.229177,nan,nan,nan,nan,nan,nan,-3.121697,-0.004768,-0.154918,nan,nan,nan,nan,nan,nan
2026-04-30 15:17:51.808343,1,0.00954,-0.037999,0.251256,nan,nan,nan,nan,nan,nan,-3.092083,-0.003058,-0.140848,nan,nan,nan,nan,nan,nan
2026-04-30 15:17:51.846314,1,0.003285,-0.038527,0.260031,nan,nan,nan,nan,nan,nan,-3.096028,-0.011669,-0.031717,nan,nan,nan,nan,nan,nan
2026-04-30 15:17:51.890462,1,-0.012909,-0.039297,0.283768,nan,nan,nan,nan,nan,nan,3.139392,-0.000129,0.043818,nan,nan,nan,nan,nan,nan
2026-04-30 15:17:51.942433,1,-0.025042,-0.040485,0.305888,nan,nan,nan,nan,nan,nan,-3.098035,-0.00855,-0.051708,nan,nan,nan,nan,nan,nan
2026-04-30 15:17:51.987635,1,-0.033816,-0.042027,0.324251,nan,nan,nan,nan,nan,nan,-3.089149,-0.007197,-0.076846,nan,nan,nan,nan,nan,nan
2026-04-30 15:17:52.036397,1,-0.045062,-0.041704,0.340959,nan,nan,nan,nan,nan,nan,-3.121588,-0.008157,0.038041,nan,nan,nan,nan,nan,nan
2026-04-30 15:17:52.080458,1,-0.05483,-0.04316,0.361724,nan,nan,nan,nan,nan,nan,-3.078638,-0.017659,-0.043933,nan,nan,nan,nan,nan,nan
2026-04-30 15:17:52.123259,1,-0.061579,-0.043536,0.376952,nan,nan,nan,nan,nan,nan,-3.085775,-0.014853,-0.030296,nan,nan,nan,nan,nan,nan
2026-04-30 15:17:52.163771,1,-0.066872,-0.044592,0.388184,nan,nan,nan,nan,nan,nan,-3.108368,-0.008335,-0.035252,nan,nan,nan,nan,nan,nan
2026-04-30 15:17:52.202086,1,-0.069561,-0.044307,0.393457,nan,nan,nan,nan,nan,nan,3.138539,0.000166,0.031241,nan,nan,nan,nan,nan,nan
2026-04-30 15:17:52.246921,1,-0.07022,-0.044392,0.394674,nan,nan,nan,nan,nan,nan,-3.120121,-0.007382,0.062733,nan,nan,nan,nan,nan,nan
2026-04-30 15:17:52.289238,1,-0.070949,-0.044304,0.393384,nan,nan,nan,nan,nan,nan,3.131547,-0.00264,0.030482,nan,nan,nan,nan,nan,nan
2026-04-30 15:17:52.352613,1,-0.071774,-0.044142,0.38956,nan,nan,nan,nan,nan,nan,-3.101676,-0.00638,0.021132,nan,nan,nan,nan,nan,nan
2026-04-30 15:17:52.390637,1,-0.074451,-0.043302,0.373332,nan,nan,nan,nan,nan,nan,-3.108338,-0.01109,0.038034,nan,nan,nan,nan,nan,nan
2026-04-30 15:17:52.447709,1,-0.079335,-0.042682,0.360198,nan,nan,nan,nan,nan,nan,-3.075447,-0.001419,0.007694,nan,nan,nan,nan,nan,nan
2026-04-30 15:17:52.484497,1,-0.088681,-0.042045,0.336382,nan,nan,nan,nan,nan,nan,-3.127087,0.002417,0.029591,nan,nan,nan,nan,nan,nan
2026-04-30 15:17:52.530854,1,-0.092895,-0.041265,0.322623,nan,nan,nan,nan,nan,nan,-3.091278,-0.018426,0.052422,nan,nan,nan,nan,nan,nan
2026-04-30 15:17:52.579125,1,-0.102688,-0.040094,0.300989,nan,nan,nan,nan,nan,nan,-3.115412,-0.000806,0.067824,nan,nan,nan,nan,nan,nan
2026-04-30 15:17:52.623601,1,-0.112621,-0.040012,0.278756,nan,nan,nan,nan,nan,nan,-3.116984,-0.009182,0.086097,nan,nan,nan,nan,nan,nan
2026-04-30 15:17:52.656241,1,-0.121062,-0.038948,0.262245,nan,nan,nan,nan,nan,nan,-3.116065,-0.026237,0.092181,nan,nan,nan,nan,nan,nan
2026-04-30 15:17:52.689925,1,-0.126095,-0.039009,0.254666,nan,nan,nan,nan,nan,nan,-3.110822,-0.018077,0.101314,nan,nan,nan,nan,nan,nan
2026-04-30 15:17:52.746779,1,-0.136716,-0.038087,0.237467,nan,nan,nan,nan,nan,nan,-3.105013,-0.015725,0.102634,nan,nan,nan,nan,nan,nan
2026-04-30 15:17:52.774798,1,-0.145157,-0.038173,0.226566,nan,nan,nan,nan,nan,nan,-3.109322,-0.018164,0.105282,nan,nan,nan,nan,nan,nan
2026-04-30 15:17:52.811531,1,-0.152262,-0.03831,0.221789,nan,nan,nan,nan,nan,nan,-3.11004,-0.014584,0.10771,nan,nan,nan,nan,nan,nan
2026-04-30 15:17:52.854878,1,-0.158982,-0.037752,0.216798,-0.093882,-0.041661,0.400933,nan,nan,nan,-3.112097,-0.009116,0.11069,-2.267727,-0.001074,-2.133848,nan,nan,nan
2026-04-30 15:17:52.895237,1,-0.163643,-0.037731,0.216748,-0.099294,-0.041669,0.400639,nan,nan,nan,-3.110881,-0.010055,0.102241,-2.262029,0.001943,-2.141032,nan,nan,nan
2026-04-30 15:17:52.943241,1,-0.167125,-0.038004,0.222221,-0.106894,-0.042034,0.409356,nan,nan,nan,-3.110742,-0.011113,0.064925,-2.237657,-0.001683,-2.160781,nan,nan,nan
2026-04-30 15:17:52.987867,1,-0.168948,-0.038383,0.226876,nan,nan,nan,nan,nan,nan,-3.11455,-0.005621,0.035813,nan,nan,nan,nan,nan,nan
2026-04-30 15:17:53.033556,1,-0.171513,-0.038217,0.232081,nan,nan,nan,nan,nan,nan,-3.113019,-0.015824,0.004437,nan,nan,nan,nan,nan,nan
2026-04-30 15:17:53.075063,1,-0.179798,-0.038937,0.240894,-0.128152,-0.043112,0.429129,nan,nan,nan,-3.112732,-0.009691,-0.013013,-2.183132,-0.000834,-2.216736,nan,nan,nan
2026-04-30 15:17:53.116617,1,-0.196725,-0.039068,0.253798,-0.142402,-0.043613,0.440172,nan,nan,nan,-3.108773,-0.002969,0.004486,-2.192161,0.010824,-2.208231,nan,nan,nan
2026-04-30 15:17:53.156072,1,-0.20967,-0.039524,0.262212,nan,nan,nan,nan,nan,nan,-3.1103,-0.010945,0.029054,nan,nan,nan,nan,nan,nan
2026-04-30 15:17:53.198176,1,-0.219984,-0.039953,0.268444,-0.162166,-0.043903,0.453972,nan,nan,nan,-3.115054,-0.011553,0.048425,-2.223368,0.001627,-2.183772,nan,nan,nan
2026-04-30 15:17:53.239509,1,-0.240482,-0.040124,0.279914,-0.179824,-0.045265,0.467481,nan,nan,nan,-3.109843,-0.004059,0.094436,-2.261502,-0.000876,-2.147805,nan,nan,nan
2026-04-30 15:17:53.295488,1,-0.258704,-0.04125,0.290736,-0.193459,-0.045463,0.475159,nan,nan,nan,-3.108742,-0.008059,0.122515,-2.273839,-0.000167,-2.140472,nan,nan,nan
2026-04-30 15:17:53.349344,1,-0.277628,-0.041458,0.301224,-0.208251,-0.045376,0.483857,nan,nan,nan,-3.105505,-0.026279,0.157246,-2.281702,-0.013942,-2.095607,nan,nan,nan
2026-04-30 15:17:53.409164,1,-0.302709,-0.042053,0.314695,-0.2301,-0.046398,0.496697,nan,nan,nan,-3.104485,-0.019815,0.214332,-2.32284,-0.007245,-2.074969,nan,nan,nan
2026-04-30 15:17:53.451531,1,-0.322318,-0.043231,0.327945,-0.246838,-0.046972,0.508253,nan,nan,nan,-3.096129,-0.030337,0.235271,-2.332647,-0.013613,-2.060289,nan,nan,nan
2026-04-30 15:17:53.507364,1,-0.337853,-0.043778,0.339108,-0.261627,-0.047576,0.519922,nan,nan,nan,-3.09837,-0.034222,0.248391,-2.337053,-0.026259,-2.042501,nan,nan,nan
2026-04-30 15:17:53.549330,1,-0.351165,-0.043795,0.348774,-0.27419,-0.047881,0.529122,nan,nan,nan,-3.091263,-0.039919,0.26029,-2.352556,-0.014696,-2.03783,nan,nan,nan
2026-04-30 15:17:53.588160,1,-0.359958,-0.044554,0.355795,-0.280564,-0.04837,0.534624,nan,nan,nan,-3.093912,-0.036767,0.275976,-2.364179,-0.008187,-2.020188,nan,nan,nan
2026-04-30 15:17:53.627733,1,-0.363092,-0.044812,0.358347,-0.283458,-0.04854,0.537477,nan,nan,nan,-3.093,-0.034733,0.280542,-2.363805,-0.021444,-2.004482,nan,nan,nan
2026-04-30 15:17:53.668198,1,-0.365844,-0.044956,0.361574,-0.28516,-0.048632,0.539879,nan,nan,nan,-3.091509,-0.04156,0.285398,-2.369199,-0.009451,-2.008465,nan,nan,nan
2026-04-30 15:17:53.711420,1,-0.366235,-0.045039,0.363029,-0.28565,-0.048667,0.54224,nan,nan,nan,-3.093954,-0.037082,0.284539,-2.370345,-0.021817,-1.998797,nan,nan,nan
2026-04-30 15:17:53.760851,1,-0.365874,-0.045042,0.362734,-0.285027,-0.048675,0.542502,nan,nan,nan,-3.093494,-0.041274,0.297972,-2.368338,-0.024016,-2.000507,nan,nan,nan
2026-04-30 15:17:53.841874,1,-0.364855,-0.044999,0.361734,-0.282896,-0.048509,0.540035,nan,nan,nan,-3.092255,-0.04585,0.314919,-2.38797,-0.019532,-1.980015,nan,nan,nan
2026-04-30 15:17:53.884150,1,-0.36207,-0.044955,0.36195,-0.273595,-0.048255,0.53737,nan,nan,nan,-3.083711,-0.048168,0.364009,-2.413017,-0.023828,-1.948676,nan,nan,nan
2026-04-30 15:17:53.934961,1,-0.358083,-0.044838,0.36093,-0.268955,-0.048176,0.536773,nan,nan,nan,-3.077355,-0.05533,0.382669,-2.41046,-0.03719,-1.935931,nan,nan,nan
2026-04-30 15:17:53.997049,1,nan,nan,nan,-0.251143,-0.04737,0.52872,nan,nan,nan,nan,nan,nan,-2.396982,-0.028731,-1.934245,nan,nan,nan
2026-04-30 15:17:54.056203,1,-0.333532,-0.044313,0.355603,-0.242763,-0.047336,0.527881,nan,nan,nan,-3.084952,-0.052996,0.370554,-2.391631,-0.02848,-1.935713,nan,nan,nan
2026-04-30 15:17:54.092907,1,-0.306048,-0.043909,0.350781,-0.216717,-0.047117,0.524678,nan,nan,nan,-3.085661,-0.051255,0.363649,-2.397038,-0.020566,-1.943831,nan,nan,nan
2026-04-30 15:17:54.136639,1,-0.286709,-0.043616,0.34787,-0.198418,-0.047016,0.522577,nan,nan,nan,-3.084954,-0.049186,0.347584,-2.39312,-0.021426,-1.954651,nan,nan,nan
2026-04-30 15:17:54.255610,1,-0.264246,-0.043312,0.343965,-0.177408,-0.04675,0.51888,nan,nan,nan,-3.087855,-0.046364,0.324639,-2.384297,-0.013711,-1.978649,nan,nan,nan
2026-04-30 15:17:54.305531,1,-0.180492,-0.042145,0.332224,nan,nan,nan,nan,nan,nan,-3.099308,-0.040617,0.244052,nan,nan,nan,nan,nan,nan
2026-04-30 15:17:54.347132,1,-0.141779,-0.041915,0.330401,nan,nan,nan,nan,nan,nan,-3.096751,-0.037717,0.191668,nan,nan,nan,nan,nan,nan
2026-04-30 15:17:54.375220,1,-0.109239,-0.04136,0.327643,nan,nan,nan,nan,nan,nan,-3.10441,-0.035034,0.189767,nan,nan,nan,nan,nan,nan
2026-04-30 15:17:54.407050,1,-0.092307,-0.041067,0.326454,nan,nan,nan,nan,nan,nan,-3.090456,-0.039568,0.191012,nan,nan,nan,nan,nan,nan
2026-04-30 15:17:54.431089,1,-0.059286,-0.041226,0.326781,nan,nan,nan,nan,nan,nan,-3.100881,-0.031521,0.149264,nan,nan,nan,nan,nan,nan
2026-04-30 15:17:54.475072,1,-0.034575,-0.04116,0.324326,nan,nan,nan,nan,nan,nan,-3.081696,-0.030995,0.171824,nan,nan,nan,nan,nan,nan
2026-04-30 15:17:54.502182,1,0.007854,-0.041134,0.323925,nan,nan,nan,nan,nan,nan,-3.031434,-0.01468,-0.137488,nan,nan,nan,nan,nan,nan
2026-04-30 15:17:54.565875,1,0.023425,-0.041087,0.323335,nan,nan,nan,nan,nan,nan,-3.064851,-0.01543,-0.104169,nan,nan,nan,nan,nan,nan
2026-04-30 15:17:54.612500,1,0.070168,-0.040832,0.320634,nan,nan,nan,nan,nan,nan,-3.09853,-0.015182,-0.115622,nan,nan,nan,nan,nan,nan
2026-04-30 15:17:54.648696,1,0.105017,-0.040441,0.319583,nan,nan,nan,nan,nan,nan,-3.094524,-0.009208,-0.147256,nan,nan,nan,nan,nan,nan
2026-04-30 15:17:54.686806,1,0.123394,-0.040283,0.318688,nan,nan,nan,nan,nan,nan,-3.105276,-0.011053,-0.165997,nan,nan,nan,nan,nan,nan
2026-04-30 15:17:54.717165,1,0.145013,-0.040341,0.318709,nan,nan,nan,nan,nan,nan,-3.103349,-0.007962,-0.184108,nan,nan,nan,nan,nan,nan
2026-04-30 15:17:54.747222,1,0.1552,-0.040485,0.31993,nan,nan,nan,nan,nan,nan,-3.099562,-0.003177,-0.185823,nan,nan,nan,nan,nan,nan
2026-04-30 15:17:54.771900,1,0.176113,-0.040673,0.321993,nan,nan,nan,nan,nan,nan,-3.106827,-0.004526,-0.190657,nan,nan,nan,nan,nan,nan
2026-04-30 15:17:54.800382,1,0.182659,-0.040737,0.322672,nan,nan,nan,0.110362,-0.047256,0.504869,-3.099614,-0.001726,-0.18969,nan,nan,nan,-2.296175,-0.043763,2.113877
2026-04-30 15:17:54.828822,1,0.19053,-0.040774,0.323391,nan,nan,nan,0.118517,-0.047214,0.504056,-3.097228,0.000223,-0.188075,nan,nan,nan,-2.300168,-0.053427,2.120631
2026-04-30 15:17:54.858835,1,0.194144,-0.040757,0.323525,nan,nan,nan,nan,nan,nan,-3.096298,-0.002243,-0.18323,nan,nan,nan,nan,nan,nan
2026-04-30 15:17:54.883787,1,0.199199,-0.040759,0.324367,nan,nan,nan,nan,nan,nan,-3.104718,-0.005491,-0.168715,nan,nan,nan,nan,nan,nan
2026-04-30 15:17:54.912789,1,0.20064,-0.040883,0.32576,nan,nan,nan,nan,nan,nan,-3.104607,-0.005365,-0.144697,nan,nan,nan,nan,nan,nan
2026-04-30 15:17:54.940706,1,0.200819,-0.040871,0.326115,nan,nan,nan,0.136203,-0.047535,0.510269,-3.107402,-0.009301,-0.128265,nan,nan,nan,-2.260904,-0.052103,2.165519
2026-04-30 15:17:54.969671,1,0.200421,-0.040912,0.326848,nan,nan,nan,nan,nan,nan,-3.106039,-0.009381,-0.105293,nan,nan,nan,nan,nan,nan
2026-04-30 15:17:55.005832,1,0.200502,-0.040928,0.327356,nan,nan,nan,nan,nan,nan,-3.102553,-0.010592,-0.104286,nan,nan,nan,nan,nan,nan
2026-04-30 15:17:55.029340,1,0.200489,-0.040912,0.327217,nan,nan,nan,nan,nan,nan,-3.104085,-0.011366,-0.105986,nan,nan,nan,nan,nan,nan
2026-04-30 15:17:55.056488,1,0.200453,-0.040911,0.327073,nan,nan,nan,nan,nan,nan,-3.105748,-0.011075,-0.106086,nan,nan,nan,nan,nan,nan
2026-04-30 15:17:55.087450,1,0.200571,-0.040936,0.327271,nan,nan,nan,nan,nan,nan,-3.105328,-0.010102,-0.106355,nan,nan,nan,nan,nan,nan
2026-04-30 15:17:55.119780,1,0.200577,-0.04098,0.327311,nan,nan,nan,0.137656,-0.04758,0.511951,-3.101424,-0.006384,-0.110687,nan,nan,nan,-2.237778,-0.045414,2.168759
2026-04-30 15:17:55.151157,1,0.20074,-0.040992,0.327415,nan,nan,nan,nan,nan,nan,-3.101573,-0.004812,-0.113752,nan,nan,nan,nan,nan,nan
2026-04-30 15:17:55.189457,1,0.200771,-0.040994,0.327203,nan,nan,nan,nan,nan,nan,-3.105106,-0.004853,-0.117634,nan,nan,nan,nan,nan,nan
2026-04-30 15:17:55.238140,1,0.200809,-0.040992,0.327156,nan,nan,nan,nan,nan,nan,-3.103968,-0.005288,-0.121267,nan,nan,nan,nan,nan,nan
2026-04-30 15:17:55.290838,1,0.200729,-0.041001,0.327166,nan,nan,nan,nan,nan,nan,-3.10344,-0.004627,-0.121283,nan,nan,nan,nan,nan,nan
2026-04-30 15:17:55.344523,1,0.200776,-0.041003,0.327216,nan,nan,nan,nan,nan,nan,-3.103471,-0.004727,-0.120631,nan,nan,nan,nan,nan,nan
2026-04-30 15:17:55.380354,1,0.200826,-0.041004,0.327225,nan,nan,nan,nan,nan,nan,-3.103277,-0.004508,-0.122709,nan,nan,nan,nan,nan,nan
2026-04-30 15:17:55.428034,1,0.200733,-0.040987,0.327081,nan,nan,nan,nan,nan,nan,-3.106131,-0.004925,-0.123264,nan,nan,nan,nan,nan,nan
2026-04-30 15:17:55.457077,1,0.20087,-0.041009,0.327318,nan,nan,nan,nan,nan,nan,-3.100207,-0.004631,-0.123123,nan,nan,nan,nan,nan,nan
2026-04-30 15:17:55.485172,1,0.20085,-0.041017,0.3273,nan,nan,nan,0.136685,-0.047581,0.512017,-3.100991,-0.003769,-0.123621,nan,nan,nan,-2.24664,-0.046338,2.162343
2026-04-30 15:17:55.520341,1,0.200778,-0.041004,0.327198,nan,nan,nan,0.136665,-0.047584,0.512079,-3.102656,-0.004336,-0.123478,nan,nan,nan,-2.248257,-0.047211,2.161924
2026-04-30 15:17:55.550349,1,0.200762,-0.041004,0.327195,nan,nan,nan,0.1367,-0.047592,0.512234,-3.10118,-0.004364,-0.123415,nan,nan,nan,-2.246546,-0.046109,2.162371
2026-04-30 15:17:55.579353,1,0.200809,-0.041008,0.327294,nan,nan,nan,0.136813,-0.047662,0.512725,-3.100753,-0.00442,-0.124641,nan,nan,nan,-2.24879,-0.044872,2.163862
2026-04-30 15:17:55.605759,1,0.200783,-0.041025,0.327325,nan,nan,nan,0.136771,-0.047661,0.512742,-3.101407,-0.003196,-0.12299,nan,nan,nan,-2.251172,-0.046313,2.163334
2026-04-30 15:17:55.651769,1,0.200604,-0.040999,0.327106,nan,nan,nan,0.136771,-0.047665,0.512844,-3.103498,-0.003936,-0.125909,nan,nan,nan,-2.251841,-0.046196,2.162812
2026-04-30 15:17:55.702104,1,0.200614,-0.040998,0.327105,nan,nan,nan,0.137116,-0.047791,0.514106,-3.103336,-0.00393,-0.126786,nan,nan,nan,-2.255867,-0.041478,2.16594
2026-04-30 15:17:55.736879,1,0.200677,-0.041003,0.327204,nan,nan,nan,0.136896,-0.047758,0.513379,-3.10331,-0.004127,-0.125837,nan,nan,nan,-2.25463,-0.045475,2.166436
2026-04-30 15:17:55.767561,1,0.200689,-0.041005,0.327224,nan,nan,nan,0.13693,-0.047688,0.51341,-3.101188,-0.004189,-0.124914,nan,nan,nan,-2.253914,-0.044298,2.163275
2026-04-30 15:17:55.794992,1,0.200661,-0.041002,0.327173,nan,nan,nan,nan,nan,nan,-3.102987,-0.004187,-0.124491,nan,nan,nan,nan,nan,nan
2026-04-30 15:17:55.819917,1,0.2007,-0.041016,0.327297,nan,nan,nan,0.13675,-0.047663,0.512793,-3.103575,-0.002808,-0.12537,nan,nan,nan,-2.251806,-0.047141,2.163547
2026-04-30 15:17:55.849406,1,0.200719,-0.041016,0.3273,nan,nan,nan,0.136717,-0.047658,0.512712,-3.103564,-0.002854,-0.124997,nan,nan,nan,-2.253662,-0.048151,2.162993
2026-04-30 15:17:55.904816,1,0.200717,-0.041006,0.327247,nan,nan,nan,0.136747,-0.04766,0.512725,-3.102179,-0.004147,-0.125501,nan,nan,nan,-2.252564,-0.047074,2.162947
2026-04-30 15:17:55.942049,1,0.200666,-0.041,0.327135,nan,nan,nan,0.136757,-0.04766,0.512727,-3.104168,-0.004704,-0.125384,nan,nan,nan,-2.251903,-0.046771,2.163178
2026-04-30 15:17:55.994247,1,0.200696,-0.041005,0.327224,nan,nan,nan,0.136744,-0.047656,0.512648,-3.102902,-0.004151,-0.125093,nan,nan,nan,-2.252467,-0.047222,2.163107
2026-04-30 15:17:56.042698,1,0.200704,-0.041001,0.32718,nan,nan,nan,0.136818,-0.047661,0.512713,-3.104222,-0.004128,-0.1254,nan,nan,nan,-2.248936,-0.044434,2.163363
2026-04-30 15:17:56.093849,1,0.200762,-0.041008,0.327271,nan,nan,nan,0.136793,-0.047668,0.512888,-3.101662,-0.003557,-0.124957,nan,nan,nan,-2.251005,-0.045428,2.162819
2026-04-30 15:17:56.125936,1,0.20073,-0.041005,0.327223,nan,nan,nan,0.136769,-0.04766,0.512703,-3.10307,-0.004152,-0.125039,nan,nan,nan,-2.251523,-0.046288,2.163033
2026-04-30 15:17:56.159623,1,0.200731,-0.041006,0.327249,nan,nan,nan,0.136783,-0.047664,0.512787,-3.10221,-0.004232,-0.124803,nan,nan,nan,-2.250934,-0.045783,2.163078
2026-04-30 15:17:56.195563,1,0.200713,-0.041001,0.327176,nan,nan,nan,0.136754,-0.047657,0.51265,-3.10296,-0.004326,-0.124067,nan,nan,nan,-2.251799,-0.046908,2.163333
2026-04-30 15:17:56.225023,1,0.200712,-0.041004,0.327215,nan,nan,nan,0.136949,-0.047762,0.513381,-3.103356,-0.004316,-0.123522,nan,nan,nan,-2.254381,-0.043474,2.165062
2026-04-30 15:17:56.259850,0,0.200664,-0.041002,0.327183,nan,nan,nan,0.136819,-0.04767,0.512912,-3.104173,-0.004118,-0.124792,nan,nan,nan,-2.249528,-0.044552,2.163151
2026-04-30 15:17:56.293569,0,0.200676,-0.041002,0.327181,nan,nan,nan,0.136784,-0.047662,0.512761,-3.104324,-0.004178,-0.124182,nan,nan,nan,-2.251213,-0.045601,2.162703
2026-04-30 15:17:56.335776,0,0.200683,-0.041002,0.327175,nan,nan,nan,0.136735,-0.047657,0.512674,-3.104529,-0.00413,-0.124523,nan,nan,nan,-2.251869,-0.047716,2.163913
2026-04-30 15:17:56.376526,0,0.200768,-0.041008,0.327286,nan,nan,nan,0.13695,-0.047758,0.513286,-3.100892,-0.004424,-0.124451,nan,nan,nan,-2.253746,-0.043601,2.165598
2026-04-30 15:17:56.409508,0,0.20077,-0.041025,0.327318,nan,nan,nan,0.136771,-0.047665,0.512844,-3.101539,-0.002993,-0.124661,nan,nan,nan,-2.251841,-0.046196,2.162812
2026-04-30 15:17:56.447402,0,0.200749,-0.041013,0.327243,nan,nan,nan,0.136782,-0.047663,0.512783,-3.102481,-0.003529,-0.124873,nan,nan,nan,-2.250959,-0.045837,2.163104
2026-04-30 15:17:56.480563,0,0.200755,-0.041002,0.327188,nan,nan,nan,0.136887,-0.047618,0.512883,-3.102686,-0.004288,-0.124562,nan,nan,nan,-2.246186,-0.043273,2.163766
2026-04-30 15:17:56.520458,0,0.200747,-0.041001,0.327171,nan,nan,nan,0.136865,-0.047612,0.512779,-3.103292,-0.004424,-0.123125,nan,nan,nan,-2.247629,-0.043716,2.162992
2026-04-30 15:17:56.577762,0,0.200671,-0.04101,0.327179,nan,nan,nan,0.13702,-0.047777,0.513658,-3.101212,-0.003637,-0.124245,nan,nan,nan,-2.251968,-0.041083,2.164931
2026-04-30 15:17:56.613143,0,0.200702,-0.041012,0.327225,nan,nan,nan,0.13677,-0.047661,0.512738,-3.10449,-0.003629,-0.123264,nan,nan,nan,-2.251197,-0.046366,2.163358
2026-04-30 15:17:56.650815,0,0.20067,-0.041,0.327127,nan,nan,nan,0.136808,-0.047658,0.512646,-3.103142,-0.004104,-0.123773,nan,nan,nan,-2.249467,-0.044772,2.163239
2026-04-30 15:17:56.686917,0,0.200651,-0.040999,0.327107,nan,nan,nan,0.136892,-0.047675,0.512977,-3.103688,-0.004089,-0.124552,nan,nan,nan,-2.245959,-0.041709,2.163386
2026-04-30 15:17:56.739437,0,0.200604,-0.040999,0.327104,nan,nan,nan,0.136749,-0.047662,0.512789,-3.1035,-0.003791,-0.127169,nan,nan,nan,-2.251819,-0.047181,2.163567
2026-04-30 15:17:56.783696,0,0.200605,-0.041009,0.327171,nan,nan,nan,0.136694,-0.047656,0.512682,-3.104362,-0.00351,-0.124041,nan,nan,nan,-2.252398,-0.049361,2.164801
2026-04-30 15:17:56.830566,0,0.200721,-0.041,0.327138,nan,nan,nan,0.136888,-0.047755,0.513324,-3.102948,-0.004203,-0.123929,nan,nan,nan,-2.256005,-0.045526,2.16551
2026-04-30 15:17:56.866104,0,0.200776,-0.040998,0.327113,nan,nan,nan,0.136921,-0.047759,0.513374,-3.103866,-0.004402,-0.122546,nan,nan,nan,-2.254563,-0.044569,2.165785
2026-04-30 15:17:56.906259,0,0.200779,-0.040996,0.327089,nan,nan,nan,0.136909,-0.047756,0.513306,-3.104661,-0.004296,-0.123074,nan,nan,nan,-2.25599,-0.044755,2.164928
2026-04-30 15:17:56.941348,0,0.200801,-0.041001,0.327159,nan,nan,nan,0.136793,-0.04766,0.512692,-3.102382,-0.004419,-0.123088,nan,nan,nan,-2.250401,-0.045329,2.163042
2026-04-30 15:17:56.973084,0,0.200708,-0.041,0.327127,nan,nan,nan,0.136771,-0.047665,0.512844,-3.101752,-0.004062,-0.123965,nan,nan,nan,-2.251841,-0.046196,2.162812
2026-04-30 15:17:57.017700,0,0.200659,-0.041,0.32713,nan,nan,nan,0.136743,-0.047665,0.512863,-3.102921,-0.004077,-0.125011,nan,nan,nan,-2.251683,-0.047458,2.16389
2026-04-30 15:17:57.069506,0,0.200698,-0.041002,0.327171,nan,nan,nan,nan,nan,nan,-3.103164,-0.00401,-0.126006,nan,nan,nan,nan,nan,nan
2026-04-30 15:17:57.103644,0,0.200736,-0.041021,0.327257,nan,nan,nan,nan,nan,nan,-3.10351,-0.002938,-0.124212,nan,nan,nan,nan,nan,nan
2026-04-30 15:17:57.156488,0,0.200728,-0.041023,0.327288,nan,nan,nan,nan,nan,nan,-3.10239,-0.002941,-0.124648,nan,nan,nan,nan,nan,nan
2026-04-30 15:17:57.207385,0,0.200582,-0.041014,0.327131,nan,nan,nan,nan,nan,nan,-3.105574,-0.002447,-0.126254,nan,nan,nan,nan,nan,nan
2026-04-30 15:17:57.247145,0,0.200657,-0.041003,0.327179,nan,nan,nan,nan,nan,nan,-3.102749,-0.002695,-0.126107,nan,nan,nan,nan,nan,nan
2026-04-30 15:17:57.299481,0,0.200737,-0.041021,0.327251,nan,nan,nan,nan,nan,nan,-3.102293,-0.001871,-0.12579,nan,nan,nan,nan,nan,nan
2026-04-30 15:17:57.354000,0,0.200715,-0.04102,0.327215,nan,nan,nan,nan,nan,nan,-3.101801,-0.002786,-0.124694,nan,nan,nan,nan,nan,nan
2026-04-30 15:17:57.399677,0,0.200659,-0.041019,0.327208,nan,nan,nan,nan,nan,nan,-3.103329,-0.002765,-0.125233,nan,nan,nan,nan,nan,nan
2026-04-30 15:17:57.451340,0,0.200644,-0.041019,0.327205,nan,nan,nan,nan,nan,nan,-3.10334,-0.002728,-0.125259,nan,nan,nan,nan,nan,nan
2026-04-30 15:17:57.500555,0,0.200614,-0.041004,0.327078,nan,nan,nan,nan,nan,nan,-3.10453,-0.003114,-0.125501,nan,nan,nan,nan,nan,nan
2026-04-30 15:17:57.558503,0,0.200732,-0.041021,0.327257,nan,nan,nan,nan,nan,nan,-3.103524,-0.002968,-0.12392,nan,nan,nan,nan,nan,nan
