Format Version,1.23,Take Name,linear_t3,Take Notes,,Capture Frame Rate,100.000000,Export Frame Rate,100.000000,Capture Start Time,2026-04-23 11.52.13.147 AM,Total Frames in Take,1145,Total Exported Frames,1145,Rotation Type,Quaternion,Length Units,Meters,Coordinate Space,Global

,Type,Rigid Body,Rigid Body,Rigid Body,Rigid Body,Rigid Body,Rigid Body,Rigid Body,Rigid Body,Rigid Body Marker,Rigid Body Marker,Rigid Body Marker,Rigid Body Marker,Rigid Body Marker,Rigid Body Marker,Rigid Body Marker,Rigid Body Marker,Rigid Body Marker,Rigid Body Marker,Rigid Body Marker,Rigid Body Marker,Rigid Body Marker,Rigid Body Marker,Rigid Body Marker,Rigid Body Marker,Rigid Body,Rigid Body,Rigid Body,Rigid Body,Rigid Body,Rigid Body,Rigid Body,Rigid Body,Rigid Body Marker,Rigid Body Marker,Rigid Body Marker,Rigid Body Marker,Rigid Body Marker,Rigid Body Marker,Rigid Body Marker,Rigid Body Marker,Rigid Body Marker,Rigid Body Marker,Rigid Body Marker,Rigid Body Marker,Rigid Body Marker,Rigid Body Marker,Rigid Body Marker,Rigid Body Marker,Rigid Body Marker,Rigid Body Marker,Rigid Body Marker,Rigid Body Marker,Rigid Body Marker,Rigid Body Marker,Rigid Body Marker,Rigid Body Marker,Marker,Marker,Marker,Marker,Marker,Marker,Marker,Marker,Marker,Marker,Marker,Marker,Marker,Marker,Marker,Marker,Marker,Marker,Marker,Marker,Marker,Marker,Marker,Marker,Marker,Marker,Marker,Marker,Marker,Marker
,Name,noark,noark,noark,noark,noark,noark,noark,noark,"noark:Marker1","noark:Marker1","noark:Marker1","noark:Marker1","noark:Marker2","noark:Marker2","noark:Marker2","noark:Marker2","noark:Marker3","noark:Marker3","noark:Marker3","noark:Marker3","noark:Marker4","noark:Marker4","noark:Marker4","noark:Marker4",table,table,table,table,table,table,table,table,"table:Marker1","table:Marker1","table:Marker1","table:Marker1","table:Marker2","table:Marker2","table:Marker2","table:Marker2","table:Marker3","table:Marker3","table:Marker3","table:Marker3","table:Marker4","table:Marker4","table:Marker4","table:Marker4","table:Marker5","table:Marker5","table:Marker5","table:Marker5","table:Marker6","table:Marker6","table:Marker6","table:Marker6",noark:Marker1,noark:Marker1,noark:Marker1,noark:Marker2,noark:Marker2,noark:Marker2,noark:Marker3,noark:Marker3,noark:Marker3,noark:Marker4,noark:Marker4,noark:Marker4,table:Marker1,table:Marker1,table:Marker1,table:Marker2,table:Marker2,table:Marker2,table:Marker3,table:Marker3,table:Marker3,table:Marker4,table:Marker4,table:Marker4,table:Marker5,table:Marker5,table:Marker5,table:Marker6,table:Marker6,table:Marker6
,ID,"9BF161673ED711F1EA32166A2DC2CB7","9BF161673ED711F1EA32166A2DC2CB7","9BF161673ED711F1EA32166A2DC2CB7","9BF161673ED711F1EA32166A2DC2CB7","9BF161673ED711F1EA32166A2DC2CB7","9BF161673ED711F1EA32166A2DC2CB7","9BF161673ED711F1EA32166A2DC2CB7","9BF161673ED711F1EA32166A2DC2CB7","9BF161673ED711F1EA32166A2DC2CB7","9BF161673ED711F1EA32166A2DC2CB7","9BF161673ED711F1EA32166A2DC2CB7","9BF161673ED711F1EA32166A2DC2CB7","9BF161673ED711F1EA32166A2DC2CB7","9BF161673ED711F1EA32166A2DC2CB7","9BF161673ED711F1EA32166A2DC2CB7","9BF161673ED711F1EA32166A2DC2CB7","9BF161673ED711F1EA32166A2DC2CB7","9BF161673ED711F1EA32166A2DC2CB7","9BF161673ED711F1EA32166A2DC2CB7","9BF161673ED711F1EA32166A2DC2CB7","9BF161673ED711F1EA32166A2DC2CB7","9BF161673ED711F1EA32166A2DC2CB7","9BF161673ED711F1EA32166A2DC2CB7","9BF161673ED711F1EA32166A2DC2CB7","A828F0D33ED711F1EA32166A2DC2CB7","A828F0D33ED711F1EA32166A2DC2CB7","A828F0D33ED711F1EA32166A2DC2CB7","A828F0D33ED711F1EA32166A2DC2CB7","A828F0D33ED711F1EA32166A2DC2CB7","A828F0D33ED711F1EA32166A2DC2CB7","A828F0D33ED711F1EA32166A2DC2CB7","A828F0D33ED711F1EA32166A2DC2CB7","A828F0D33ED711F1EA32166A2DC2CB7","A828F0D33ED711F1EA32166A2DC2CB7","A828F0D33ED711F1EA32166A2DC2CB7","A828F0D33ED711F1EA32166A2DC2CB7","A828F0D33ED711F1EA32166A2DC2CB7","A828F0D33ED711F1EA32166A2DC2CB7","A828F0D33ED711F1EA32166A2DC2CB7","A828F0D33ED711F1EA32166A2DC2CB7","A828F0D33ED711F1EA32166A2DC2CB7","A828F0D33ED711F1EA32166A2DC2CB7","A828F0D33ED711F1EA32166A2DC2CB7","A828F0D33ED711F1EA32166A2DC2CB7","A828F0D33ED711F1EA32166A2DC2CB7","A828F0D33ED711F1EA32166A2DC2CB7","A828F0D33ED711F1EA32166A2DC2CB7","A828F0D33ED711F1EA32166A2DC2CB7","A828F0D33ED711F1EA32166A2DC2CB7","A828F0D33ED711F1EA32166A2DC2CB7","A828F0D33ED711F1EA32166A2DC2CB7","A828F0D33ED711F1EA32166A2DC2CB7","A828F0D33ED711F1EA32166A2DC2CB7","A828F0D33ED711F1EA32166A2DC2CB7","A828F0D33ED711F1EA32166A2DC2CB7","A828F0D33ED711F1EA32166A2DC2CB7","C6B00","C6B00","C6B00","C60A0","C60A0","C60A0","C6AF0","C6AF0","C6AF0","C6B80","C6B80","C6B80","C4DC0","C4DC0","C4DC0","C64A0","C64A0","C64A0","C6B90","C6B90","C6B90","C6790","C6790","C6790","C6BB0","C6BB0","C6BB0","C6BC0","C6BC0","C6BC0"
,,Rotation,Rotation,Rotation,Rotation,Position,Position,Position,Mean Marker Error,Position,Position,Position,Marker Quality,Position,Position,Position,Marker Quality,Position,Position,Position,Marker Quality,Position,Position,Position,Marker Quality,Rotation,Rotation,Rotation,Rotation,Position,Position,Position,Mean Marker Error,Position,Position,Position,Marker Quality,Position,Position,Position,Marker Quality,Position,Position,Position,Marker Quality,Position,Position,Position,Marker Quality,Position,Position,Position,Marker Quality,Position,Position,Position,Marker Quality,Position,Position,Position,Position,Position,Position,Position,Position,Position,Position,Position,Position,Position,Position,Position,Position,Position,Position,Position,Position,Position,Position,Position,Position,Position,Position,Position,Position,Position,Position
Frame,Time (Seconds),X,Y,Z,W,X,Y,Z,,X,Y,Z,,X,Y,Z,,X,Y,Z,,X,Y,Z,,X,Y,Z,W,X,Y,Z,,X,Y,Z,,X,Y,Z,,X,Y,Z,,X,Y,Z,,X,Y,Z,,X,Y,Z,,X,Y,Z,X,Y,Z,X,Y,Z,X,Y,Z,X,Y,Z,X,Y,Z,X,Y,Z,X,Y,Z,X,Y,Z,X,Y,Z
0,0.000000,0.004952,0.333198,0.004792,-0.942832,0.365168,0.080838,-0.266583,0.000893,0.318074,0.065664,-0.279085,0.821142,0.365526,0.116191,-0.154492,0.717535,0.414674,0.060304,-0.276978,0.863123,0.362398,0.081194,-0.355776,0.835187,0.001333,0.036100,0.000420,-0.999347,0.091599,0.009619,0.119605,0.000662,-0.424822,0.008526,0.352683,0.793608,0.558161,-0.009951,0.430958,0.716085,0.145745,0.035114,0.323365,0.618655,-0.362925,0.000896,-0.389913,0.913926,0.016512,0.037268,0.312109,0.843921,0.616923,-0.014139,-0.311571,0.895097,0.318756,0.065498,-0.279226,0.365456,0.116572,-0.153431,0.414181,0.060104,-0.277107,0.362270,0.081232,-0.356421,-0.424531,0.008371,0.351927,0.558868,-0.010519,0.430274,0.144784,0.035406,0.324514,-0.362669,0.000703,-0.389788,0.016426,0.037812,0.312402,0.616529,-0.014053,-0.311454
1,0.010000,0.004237,0.333417,0.004783,-0.942758,0.365130,0.080752,-0.266585,0.000847,0.318049,0.065571,-0.279130,0.826964,0.365417,0.115954,-0.154448,0.741353,0.414650,0.060256,-0.276985,0.870469,0.362401,0.081225,-0.355779,0.828936,0.001329,0.036102,0.000428,-0.999347,0.091599,0.009621,0.119607,0.000668,-0.424824,0.008534,0.352682,0.790169,0.558160,-0.009959,0.430961,0.717768,0.145744,0.035113,0.323367,0.618997,-0.362924,0.000909,-0.389913,0.910657,0.016511,0.037269,0.312110,0.846475,0.616924,-0.014142,-0.311567,0.893668,0.318726,0.065465,-0.279227,0.365338,0.116260,-0.153462,0.414172,0.060097,-0.277105,0.362274,0.081215,-0.356451,-0.424519,0.008384,0.351915,0.558863,-0.010518,0.430278,0.144774,0.035401,0.324507,-0.362656,0.000717,-0.389775,0.016415,0.037804,0.312397,0.616526,-0.014055,-0.311446
2,0.020000,,,,,,,,,,,,,,,,,,,,,,,,,,,,,,,,,,,,,,,,,,,,,,,,,,,,,,,,,0.318740,0.065409,-0.279252,0.365467,0.116563,-0.153423,0.414173,0.060084,-0.277107,0.362285,0.081228,-0.356456,-0.424532,0.008367,0.351926,0.558877,-0.010526,0.430268,0.144763,0.035369,0.324524,-0.362669,0.000716,-0.389781,0.016405,0.037795,0.312407,0.616533,-0.014049,-0.311443
3,0.030000,0.004426,0.333404,0.004858,-0.942761,0.365133,0.080761,-0.266579,0.000835,0.318048,0.065589,-0.279118,0.829529,0.365433,0.115997,-0.154452,0.746291,0.414648,0.060248,-0.276973,0.872034,0.362402,0.081208,-0.355773,0.829720,0.001321,0.036111,0.000434,-0.999347,0.091601,0.009618,0.119610,0.000666,-0.424825,0.008534,0.352677,0.790149,0.558157,-0.009973,0.430972,0.713180,0.145744,0.035106,0.323371,0.619205,-0.362912,0.000921,-0.389918,0.915426,0.016511,0.037264,0.312112,0.845723,0.616934,-0.014144,-0.311555,0.896235,0.318719,0.065492,-0.279191,0.365342,0.116295,-0.153486,0.414182,0.060087,-0.277109,0.362281,0.081194,-0.356443,-0.424527,0.008377,0.351908,0.558872,-0.010531,0.430270,0.144790,0.035389,0.324525,-0.362663,0.000737,-0.389783,0.016411,0.037802,0.312397,0.616548,-0.014064,-0.311428
4,0.040000,0.004972,0.333165,0.004941,-0.942843,0.365158,0.080832,-0.266558,0.000874,0.318059,0.065673,-0.279058,0.829529,0.365534,0.116178,-0.154465,0.746291,0.414657,0.060284,-0.276958,0.872034,0.362382,0.081194,-0.355751,0.829720,0.001328,0.036108,0.000431,-0.999347,0.091595,0.009611,0.119613,0.000672,-0.424830,0.008527,0.352682,0.790149,0.558152,-0.009973,0.430972,0.713180,0.145738,0.035102,0.323374,0.619205,-0.362921,0.000905,-0.389913,0.915426,0.016506,0.037259,0.312115,0.845723,0.616926,-0.014154,-0.311555,0.896235,0.318718,0.065497,-0.279189,0.365459,0.116564,-0.153428,0.414179,0.060073,-0.277108,0.362266,0.081245,-0.356373,-0.424519,0.008377,0.351921,0.558864,-0.010545,0.430264,0.144771,0.035387,0.324530,-0.362666,0.000714,-0.389774,0.016398,0.037799,0.312395,0.616538,-0.014066,-0.311426
5,0.050000,0.004325,0.333410,0.004714,-0.942760,0.365135,0.080761,-0.266559,0.000819,0.318056,0.065574,-0.279100,0.826321,0.365422,0.115987,-0.154429,0.748234,0.414657,0.060266,-0.276955,0.870973,0.362405,0.081215,-0.355753,0.837847,0.001320,0.036104,0.000425,-0.999347,0.091596,0.009616,0.119609,0.000666,-0.424827,0.008523,0.352684,0.789627,0.558156,-0.009966,0.430965,0.718258,0.145741,0.035105,0.323370,0.616533,-0.362925,0.000912,-0.389912,0.912346,0.016508,0.037261,0.312113,0.845546,0.616923,-0.014136,-0.311564,0.895787,0.318734,0.065466,-0.279202,0.365336,0.116294,-0.153474,0.414190,0.060095,-0.277090,0.362274,0.081213,-0.356388,-0.424522,0.008373,0.351914,0.558853,-0.010522,0.430274,0.144774,0.035386,0.324527,-0.362664,0.000720,-0.389777,0.016410,0.037797,0.312403,0.616534,-0.014049,-0.311442
6,0.060000,0.004901,0.333178,0.004675,-0.942840,0.365173,0.080832,-0.266544,0.000888,0.318082,0.065646,-0.279045,0.826321,0.365526,0.116183,-0.154453,0.748234,0.414684,0.060311,-0.276942,0.870973,0.362399,0.081189,-0.355737,0.837847,0.001310,0.036106,0.000433,-0.999347,0.091593,0.009621,0.119611,0.000671,-0.424831,0.008530,0.352682,0.789627,0.558151,-0.009975,0.430968,0.718258,0.145737,0.035105,0.323373,0.616533,-0.362925,0.000933,-0.389913,0.912346,0.016505,0.037262,0.312115,0.845546,0.616922,-0.014130,-0.311559,0.895787,0.318761,0.065477,-0.279162,0.365446,0.116566,-0.153405,0.414190,0.060102,-0.277091,0.362284,0.081234,-0.356379,-0.424526,0.008390,0.351907,0.558863,-0.010520,0.430269,0.144767,0.035369,0.324534,-0.362661,0.000743,-0.389791,0.016401,0.037788,0.312431,0.616527,-0.014043,-0.311443
7,0.070000,0.004915,0.333135,0.005063,-0.942853,0.365171,0.080818,-0.266526,0.000903,0.318068,0.065670,-0.279027,0.828257,0.365561,0.116142,-0.154427,0.714204,0.414666,0.060262,-0.276933,0.866201,0.362390,0.081197,-0.355719,0.833290,0.001326,0.036112,0.000436,-0.999347,0.091591,0.009618,0.119624,0.000667,-0.424836,0.008538,0.352690,0.789664,0.558146,-0.009971,0.430987,0.710388,0.145733,0.035108,0.323385,0.623340,-0.362922,0.000917,-0.389905,0.913319,0.016500,0.037266,0.312126,0.846695,0.616924,-0.014150,-0.311540,0.892021,0.318724,0.065506,-0.279149,0.365485,0.116524,-0.153352,0.414190,0.060063,-0.277076,0.362275,0.081232,-0.356375,-0.424534,0.008378,0.351921,0.558862,-0.010533,0.430270,0.144791,0.035405,0.324523,-0.362659,0.000736,-0.389770,0.016402,0.037795,0.312421,0.616520,-0.014073,-0.311409
8,0.080000,0.004259,0.333362,0.005047,-0.942776,0.365137,0.080762,-0.266512,0.000830,0.318048,0.065608,-0.279054,0.828257,0.365456,0.115949,-0.154370,0.714204,0.414647,0.060243,-0.276920,0.866201,0.362399,0.081250,-0.355705,0.833290,0.001341,0.036110,0.000431,-0.999347,0.091590,0.009614,0.119633,0.000673,-0.424836,0.008537,0.352700,0.789664,0.558146,-0.009963,0.430995,0.710388,0.145733,0.035110,0.323393,0.623340,-0.362924,0.000894,-0.389894,0.913319,0.016500,0.037267,0.312134,0.846695,0.616923,-0.014164,-0.311532,0.892021,0.318729,0.065506,-0.279136,0.365352,0.116262,-0.153403,0.414194,0.060061,-0.277068,0.362265,0.081250,-0.356352,-0.424525,0.008385,0.351915,0.558873,-0.010517,0.430269,0.144782,0.035388,0.324520,-0.362669,0.000712,-0.389771,0.016405,0.037788,0.312459,0.616518,-0.014084,-0.311399
9,0.090000,0.004299,0.333371,0.004994,-0.942773,0.365137,0.080751,-0.266512,0.000830,0.318049,0.065592,-0.279053,0.827206,0.365451,0.115951,-0.154373,0.745901,0.414648,0.060234,-0.276916,0.870955,0.362401,0.081228,-0.355705,0.832844,0.001330,0.036115,0.000434,-0.999347,0.091597,0.009613,0.119628,0.000673,-0.424830,0.008533,0.352691,0.790011,0.558150,-0.009972,0.430994,0.712372,0.145738,0.035105,0.323390,0.622782,-0.362912,0.000906,-0.389903,0.915955,0.016506,0.037263,0.312130,0.847959,0.616934,-0.014157,-0.311533,0.887482,0.318731,0.065499,-0.279119,0.365346,0.116252,-0.153408,0.414186,0.060064,-0.277070,0.362277,0.081217,-0.356362,-0.424521,0.008369,0.351928,0.558866,-0.010514,0.430275,0.144784,0.035382,0.324526,-0.362653,0.000732,-0.389779,0.016421,0.037794,0.312413,0.616517,-0.014084,-0.311378
10,0.100000,0.004236,0.333410,0.005001,-0.942759,0.365137,0.080759,-0.266526,0.000830,0.318050,0.065599,-0.279073,0.827206,0.365440,0.115945,-0.154383,0.745901,0.414649,0.060244,-0.276929,0.870955,0.362408,0.081247,-0.355720,0.832844,0.001315,0.036110,0.000431,-0.999347,0.091601,0.009610,0.119626,0.000681,-0.424825,0.008520,0.352694,0.790011,0.558157,-0.009981,0.430987,0.712372,0.145743,0.035096,0.323388,0.622782,-0.362914,0.000916,-0.389902,0.915955,0.016510,0.037254,0.312129,0.847959,0.616933,-0.014143,-0.311541,0.887482,0.318725,0.065497,-0.279164,0.365347,0.116253,-0.153413,0.414187,0.060074,-0.277073,0.362279,0.081240,-0.356366,-0.424524,0.008381,0.351909,0.558872,-0.010519,0.430256,0.144772,0.035369,0.324547,-0.362644,0.000733,-0.389781,0.016431,0.037760,0.312451,0.616513,-0.014060,-0.311400
11,0.110000,0.004264,0.333435,0.004947,-0.942750,0.365141,0.080754,-0.266532,0.000829,0.318057,0.065589,-0.279080,0.823813,0.365436,0.115950,-0.154393,0.742608,0.414656,0.060242,-0.276931,0.869991,0.362417,0.081233,-0.355726,0.837025,0.001315,0.036122,0.000438,-0.999346,0.091600,0.009620,0.119618,0.000676,-0.424832,0.008536,0.352673,0.790809,0.558148,-0.009979,0.430990,0.711093,0.145737,0.035105,0.323381,0.621533,-0.362902,0.000932,-0.389921,0.913650,0.016505,0.037264,0.312119,0.847350,0.616942,-0.014140,-0.311536,0.884910,0.318746,0.065492,-0.279190,0.365348,0.116254,-0.153413,0.414182,0.060081,-0.277070,0.362282,0.081216,-0.356364,-0.424526,0.008377,0.351910,0.558869,-0.010520,0.430267,0.144781,0.035375,0.324523,-0.362630,0.000757,-0.389801,0.016420,0.037792,0.312412,0.616513,-0.014067,-0.311387
12,0.120000,0.004178,0.333416,0.004932,-0.942758,0.365137,0.080753,-0.266514,0.000818,0.318053,0.065587,-0.279062,0.823813,0.365433,0.115932,-0.154368,0.742608,0.414653,0.060248,-0.276917,0.869991,0.362409,0.081247,-0.355707,0.837025,0.001318,0.036116,0.000428,-0.999347,0.091601,0.009620,0.119616,0.000676,-0.424828,0.008527,0.352677,0.790809,0.558153,-0.009966,0.430982,0.711093,0.145741,0.035107,0.323378,0.621533,-0.362907,0.000919,-0.389917,0.913650,0.016508,0.037264,0.312117,0.847350,0.616939,-0.014133,-0.311544,0.884910,0.318737,0.065500,-0.279126,0.365327,0.116226,-0.153422,0.414193,0.060079,-0.277069,0.362282,0.081233,-0.356359,-0.424531,0.008371,0.351920,0.558885,-0.010519,0.430248,0.144776,0.035379,0.324522,-0.362634,0.000744,-0.389784,0.016413,0.037795,0.312412,0.616526,-0.014058,-0.311406
13,0.130000,0.004164,0.333369,0.004958,-0.942774,0.365143,0.080752,-0.266525,0.000829,0.318057,0.065588,-0.279070,0.826948,0.365452,0.115926,-0.154379,0.745675,0.414657,0.060245,-0.276935,0.874068,0.362406,0.081249,-0.355719,0.831339,0.001415,0.036019,0.000545,-0.999350,0.091596,0.009545,0.119548,0.000671,-0.424787,0.008620,0.352710,0.781906,0.558204,-0.010097,0.430828,0.757593,0.145782,0.035057,0.323295,0.592330,-0.363013,0.000860,-0.389895,0.899907,0.016548,0.037242,0.312059,0.833967,0.616845,-0.014415,-0.311709,0.892949,0.318740,0.065509,-0.279151,0.365351,0.116216,-0.153409,0.414200,0.060087,-0.277075,0.362272,0.081222,-0.356379,-0.424529,0.008381,0.351911,0.558869,-0.010521,0.430264,0.144778,0.035372,0.324541,-0.362653,0.000721,-0.389788,0.016407,0.037787,0.312411,0.616417,-0.014404,-0.311691
14,0.140000,0.004304,0.333401,0.004807,-0.942763,0.365143,0.080758,-0.266552,0.000829,0.318061,0.065581,-0.279094,0.826948,0.365438,0.115973,-0.154418,0.745675,0.414662,0.060257,-0.276951,0.874068,0.362412,0.081223,-0.355746,0.831339,0.001310,0.036106,0.000421,-0.999347,0.091593,0.009614,0.119615,0.000671,-0.424831,0.008510,0.352688,0.781906,0.558152,-0.009971,0.430972,0.757593,0.145737,0.035099,0.323377,0.592330,-0.362926,0.000915,-0.389908,0.899907,0.016504,0.037254,0.312119,0.833967,0.616922,-0.014124,-0.311556,0.892949,0.318740,0.065465,-0.279206,0.365355,0.116290,-0.153451,0.414195,0.060081,-0.277079,0.362275,0.081227,-0.356384,-0.424525,0.008366,0.351922,0.558861,-0.010522,0.430253,0.144790,0.035367,0.324534,-0.362659,0.000728,-0.389787,0.016410,0.037779,0.312417,0.616507,-0.014039,-0.311419
15,0.150000,0.004211,0.333354,0.004924,-0.942780,0.365139,0.080757,-0.266529,0.000828,0.318053,0.065590,-0.279070,0.829534,0.365450,0.115943,-0.154387,0.746155,0.414654,0.060251,-0.276938,0.873155,0.362399,0.081244,-0.355723,0.833913,0.001320,0.036110,0.000440,-0.999347,0.091598,0.009609,0.119619,0.000678,-0.424828,0.008530,0.352687,0.789406,0.558154,-0.009987,0.430980,0.708514,0.145741,0.035096,0.323381,0.616067,-0.362917,0.000918,-0.389908,0.911840,0.016508,0.037255,0.312122,0.847301,0.616929,-0.014157,-0.311547,0.889173,0.318721,0.065490,-0.279166,0.365365,0.116244,-0.153420,0.414191,0.060089,-0.277071,0.362271,0.081232,-0.356375,-0.424530,0.008378,0.351914,0.558873,-0.010548,0.430254,0.144776,0.035372,0.324544,-0.362650,0.000734,-0.389769,0.016421,0.037788,0.312407,0.616518,-0.014074,-0.311406
16,0.160000,0.004193,0.333360,0.005005,-0.942777,0.365143,0.080747,-0.266510,0.000832,0.318055,0.065587,-0.279052,0.829534,0.365458,0.115923,-0.154364,0.746155,0.414655,0.060234,-0.276919,0.873155,0.362405,0.081242,-0.355703,0.833913,0.002041,0.035810,-0.000140,-0.999357,0.091346,0.009396,0.119836,0.000716,-0.424938,0.008092,0.353217,0.789406,0.558111,-0.009223,0.430944,0.708514,0.145584,0.035245,0.323527,0.616067,-0.363465,-0.000553,-0.389403,0.911840,0.016342,0.037245,0.312343,0.847301,0.616444,-0.014430,-0.311612,0.889173,0.318735,0.065500,-0.279117,0.365355,0.116219,-0.153395,0.414188,0.060073,-0.277074,0.362286,0.081222,-0.356365,-0.424525,0.008380,0.351898,0.558871,-0.010531,0.430271,0.144770,0.035382,0.324532,-0.363786,-0.000929,-0.389012,0.016407,0.037788,0.312400,0.616526,-0.014050,-0.311419
17,0.170000,0.004251,0.333386,0.005074,-0.942767,0.365150,0.080758,-0.266516,0.000828,0.318060,0.065606,-0.279061,0.827549,0.365464,0.115942,-0.154372,0.745563,0.414659,0.060237,-0.276922,0.873379,0.362416,0.081249,-0.355710,0.833632,0.001328,0.036113,0.000438,-0.999347,0.091596,0.009612,0.119613,0.000682,-0.424831,0.008535,0.352678,0.786388,0.558150,-0.009978,0.430977,0.709340,0.145738,0.035103,0.323375,0.617829,-0.362915,0.000912,-0.389917,0.912936,0.016505,0.037261,0.312115,0.847996,0.616930,-0.014160,-0.311550,0.887234,0.318738,0.065514,-0.279149,0.365368,0.116242,-0.153405,0.414201,0.060071,-0.277062,0.362283,0.081234,-0.356361,-0.424511,0.008384,0.351900,0.558876,-0.010536,0.430261,0.144766,0.035381,0.324522,-0.362651,0.000729,-0.389784,0.016408,0.037788,0.312402,0.616512,-0.014077,-0.311402
18,0.180000,0.004224,0.333356,0.004920,-0.942779,0.365147,0.080756,-0.266500,0.000820,0.318061,0.065589,-0.279041,0.827549,0.365458,0.115945,-0.154358,0.745563,0.414661,0.060249,-0.276908,0.873379,0.362407,0.081241,-0.355693,0.833632,0.001409,0.036028,0.000554,-0.999350,0.091606,0.009547,0.119548,0.000675,-0.424781,0.008629,0.352700,0.786388,0.558208,-0.010107,0.430836,0.709340,0.145789,0.035056,0.323296,0.617829,-0.362994,0.000877,-0.389904,0.912936,0.016555,0.037244,0.312058,0.847996,0.616862,-0.014417,-0.311700,0.887234,0.318735,0.065501,-0.279118,0.365362,0.116238,-0.153401,0.414198,0.060091,-0.277055,0.362284,0.081220,-0.356343,-0.424518,0.008378,0.351905,0.558872,-0.010536,0.430271,0.144762,0.035381,0.324525,-0.362634,0.000742,-0.389783,0.016412,0.037799,0.312405,0.616447,-0.014410,-0.311679
19,0.190000,0.004808,0.333149,0.004870,-0.942849,0.365190,0.080808,-0.266507,0.000898,0.318094,0.065641,-0.279010,0.816094,0.365561,0.116125,-0.154405,0.710815,0.414694,0.060275,-0.276914,0.859712,0.362411,0.081193,-0.355700,0.841363,0.001317,0.036116,0.000421,-0.999347,0.091596,0.009617,0.119615,0.000675,-0.424832,0.008517,0.352677,0.789357,0.558149,-0.009963,0.430981,0.708548,0.145735,0.035105,0.323377,0.618132,-0.362913,0.000912,-0.389917,0.909995,0.016503,0.037260,0.312117,0.847112,0.616933,-0.014127,-0.311545,0.893038,0.318787,0.065456,-0.279176,0.365494,0.116532,-0.153325,0.414194,0.060059,-0.277050,0.362276,0.081248,-0.356317,-0.424525,0.008377,0.351905,0.558871,-0.010527,0.430261,0.144776,0.035386,0.324532,-0.362641,0.000723,-0.389776,0.016387,0.037781,0.312416,0.616533,-0.014039,-0.311424
20,0.200000,0.004267,0.333352,0.004948,-0.942780,0.365147,0.080753,-0.266505,0.000829,0.318060,0.065589,-0.279044,0.816094,0.365461,0.115949,-0.154365,0.710815,0.414659,0.060241,-0.276912,0.859712,0.362406,0.081232,-0.355698,0.841363,0.001336,0.036115,0.000434,-0.999347,0.091595,0.009618,0.119617,0.000675,-0.424833,0.008542,0.352679,0.789357,0.558148,-0.009964,0.430983,0.708548,0.145736,0.035112,0.323378,0.618132,-0.362914,0.000906,-0.389915,0.909995,0.016503,0.037270,0.312118,0.847112,0.616931,-0.014158,-0.311544,0.893038,0.318725,0.065490,-0.279145,0.365375,0.116253,-0.153391,0.414203,0.060078,-0.277047,0.362276,0.081219,-0.356344,-0.424525,0.008383,0.351910,0.558868,-0.010530,0.430264,0.144778,0.035388,0.324533,-0.362648,0.000722,-0.389784,0.016409,0.037815,0.312407,0.616518,-0.014075,-0.311406
21,0.210000,0.004123,0.333376,0.005063,-0.942771,0.365141,0.080753,-0.266487,0.000821,0.318053,0.065599,-0.279034,0.826491,0.365454,0.115910,-0.154335,0.748597,0.414652,0.060239,-0.276899,0.871346,0.362406,0.081264,-0.355681,0.835220,0.001317,0.036123,0.000439,-0.999346,0.091603,0.009621,0.119623,0.000674,-0.424829,0.008540,0.352678,0.791204,0.558151,-0.009977,0.430996,0.707200,0.145741,0.035107,0.323386,0.621125,-0.362898,0.000932,-0.389916,0.912651,0.016508,0.037266,0.312124,0.844628,0.616946,-0.014143,-0.311530,0.889729,0.318735,0.065502,-0.279117,0.365357,0.116211,-0.153381,0.414188,0.060069,-0.277043,0.362276,0.081256,-0.356327,-0.424525,0.008371,0.351919,0.558876,-0.010533,0.430264,0.144783,0.035394,0.324525,-0.362625,0.000759,-0.389783,0.016409,0.037803,0.312420,0.616533,-0.014074,-0.311391
22,0.220000,0.004265,0.333370,0.005096,-0.942773,0.365148,0.080765,-0.266499,0.000821,0.318057,0.065615,-0.279041,0.826491,0.365467,0.115950,-0.154355,0.748597,0.414655,0.060241,-0.276906,0.871346,0.362411,0.081255,-0.355692,0.835220,0.001403,0.036020,0.000554,-0.999350,0.091608,0.009554,0.119545,0.000672,-0.424776,0.008632,0.352706,0.791204,0.558215,-0.010102,0.430826,0.707200,0.145793,0.035060,0.323293,0.621125,-0.363000,0.000888,-0.389899,0.912651,0.016559,0.037248,0.312057,0.844628,0.616857,-0.014404,-0.311712,0.889729,0.318739,0.065517,-0.279131,0.365367,0.116257,-0.153395,0.414198,0.060066,-0.277056,0.362278,0.081249,-0.356328,-0.424531,0.008378,0.351908,0.558880,-0.010525,0.430259,0.144782,0.035376,0.324525,-0.362629,0.000757,-0.389776,0.016415,0.037807,0.312419,0.616442,-0.014402,-0.311708
23,0.230000,0.004272,0.333356,0.004964,-0.942778,0.365148,0.080761,-0.266503,0.000825,0.318061,0.065599,-0.279043,0.829062,0.365463,0.115958,-0.154364,0.747494,0.414660,0.060248,-0.276910,0.871463,0.362409,0.081241,-0.355697,0.834208,0.001320,0.036118,0.000433,-0.999347,0.091604,0.009614,0.119623,0.000671,-0.424825,0.008528,0.352682,0.791441,0.558155,-0.009975,0.430992,0.703921,0.145744,0.035102,0.323385,0.623520,-0.362901,0.000917,-0.389912,0.913424,0.016511,0.037260,0.312124,0.844423,0.616944,-0.014145,-0.311535,0.892656,0.318733,0.065502,-0.279119,0.365367,0.116258,-0.153404,0.414197,0.060083,-0.277058,0.362287,0.081230,-0.356349,-0.424528,0.008364,0.351920,0.558885,-0.010544,0.430252,0.144795,0.035388,0.324520,-0.362638,0.000741,-0.389772,0.016413,0.037799,0.312420,0.616543,-0.014071,-0.311399
24,0.240000,0.004855,0.333118,0.004905,-0.942860,0.365178,0.080829,-0.266510,0.000909,0.318080,0.065665,-0.279008,0.829062,0.365560,0.116152,-0.154410,0.747494,0.414679,0.060290,-0.276918,0.871463,0.362393,0.081208,-0.355702,0.834208,0.002105,0.035713,0.000024,-0.999360,0.091361,0.009315,0.119774,0.000693,-0.424878,0.008209,0.353254,0.791441,0.558179,-0.009423,0.430794,0.703921,0.145646,0.035169,0.323451,0.623520,-0.363551,-0.000542,-0.389377,0.913424,0.016403,0.037211,0.312292,0.844423,0.616368,-0.014736,-0.311772,0.892656,0.318729,0.065496,-0.279127,0.365493,0.116534,-0.153330,0.414193,0.060096,-0.277057,0.362288,0.081243,-0.356368,-0.424523,0.008371,0.351908,0.558875,-0.010547,0.430259,0.144794,0.035390,0.324526,-0.363772,-0.000933,-0.388996,0.016403,0.037810,0.312420,0.616442,-0.014389,-0.311678
25,0.250000,0.004121,0.333368,0.005044,-0.942775,0.365140,0.080759,-0.266501,0.000823,0.318052,0.065603,-0.279047,0.826588,0.365454,0.115917,-0.154349,0.749893,0.414652,0.060247,-0.276913,0.870498,0.362403,0.081269,-0.355694,0.834222,0.002105,0.035708,0.000027,-0.999360,0.091356,0.009308,0.119774,0.000694,-0.424881,0.008205,0.353260,0.652050,0.558178,-0.009433,0.430790,0.650174,0.145644,0.035162,0.323451,0.653094,-0.363562,-0.000547,-0.389372,0.853171,0.016401,0.037204,0.312293,0.849142,0.616359,-0.014746,-0.311777,0.908195,0.318735,0.065499,-0.279112,0.365349,0.116224,-0.153403,0.414191,0.060065,-0.277065,0.362277,0.081274,-0.356345,-0.424524,0.008362,0.351924,0.558874,-0.010526,0.430261,0.144790,0.035385,0.324522,-0.363797,-0.000937,-0.389001,0.016402,0.037794,0.312419,0.616436,-0.014403,-0.311671
26,0.260000,0.004344,0.333358,0.004885,-0.942778,0.365135,0.080759,-0.266527,0.000824,0.318049,0.065589,-0.279064,0.829774,0.365446,0.115976,-0.154394,0.750413,0.414649,0.060248,-0.276930,0.872972,0.362396,0.081221,-0.355721,0.833105,0.001333,0.036111,0.000428,-0.999347,0.091599,0.009617,0.119619,0.000668,-0.424827,0.008532,0.352686,0.788295,0.558154,-0.009961,0.430981,0.708564,0.145741,0.035110,0.323380,0.622841,-0.362915,0.000902,-0.389908,0.912892,0.016508,0.037267,0.312121,0.843324,0.616931,-0.014149,-0.311546,0.894377,0.318716,0.065478,-0.279143,0.365355,0.116283,-0.153449,0.414192,0.060072,-0.277064,0.362269,0.081227,-0.356376,-0.424523,0.008375,0.351912,0.558874,-0.010525,0.430259,0.144795,0.035388,0.324522,-0.362653,0.000719,-0.389770,0.016401,0.037805,0.312423,0.616536,-0.014069,-0.311421
27,0.270000,0.004236,0.333349,0.004885,-0.942781,0.365137,0.080762,-0.266527,0.000831,0.318052,0.065591,-0.279066,0.829774,0.365448,0.115956,-0.154387,0.750413,0.414653,0.060257,-0.276935,0.872972,0.362396,0.081242,-0.355720,0.833105,0.001314,0.036112,0.000411,-0.999347,0.091599,0.009605,0.119625,0.000673,-0.424828,0.008493,0.352691,0.788295,0.558154,-0.009968,0.430988,0.708564,0.145739,0.035093,0.323387,0.622841,-0.362913,0.000893,-0.389904,0.912892,0.016506,0.037245,0.312128,0.843324,0.616933,-0.014127,-0.311539,0.894377,0.318720,0.065495,-0.279161,0.365364,0.116254,-0.153416,0.414189,0.060100,-0.277064,0.362268,0.081225,-0.356377,-0.424527,0.008350,0.351922,0.558878,-0.010541,0.430259,0.144771,0.035365,0.324544,-0.362662,0.000704,-0.389764,0.016409,0.037779,0.312422,0.616547,-0.014038,-0.311406
28,0.280000,0.004199,0.333338,0.004958,-0.942785,0.365135,0.080768,-0.266519,0.000818,0.318048,0.065605,-0.279059,0.828026,0.365452,0.115949,-0.154374,0.747102,0.414648,0.060260,-0.276930,0.873723,0.362392,0.081260,-0.355712,0.839611,0.002094,0.035707,0.000046,-0.999360,0.091365,0.009307,0.119765,0.000703,-0.424872,0.008219,0.353252,0.652033,0.558186,-0.009459,0.430779,0.657392,0.145653,0.035154,0.323442,0.642620,-0.363555,-0.000518,-0.389380,0.852823,0.016410,0.037202,0.312284,0.850477,0.616365,-0.014756,-0.311788,0.907768,0.318718,0.065497,-0.279167,0.365363,0.116261,-0.153416,0.414195,0.060084,-0.277068,0.362255,0.081260,-0.356339,-0.424523,0.008384,0.351914,0.558875,-0.010518,0.430249,0.144767,0.035377,0.324541,-0.363791,-0.000911,-0.389012,0.016402,0.037783,0.312427,0.616468,-0.014415,-0.311691
29,0.290000,0.004293,0.333365,0.004949,-0.942775,0.365136,0.080756,-0.266518,0.000819,0.318049,0.065592,-0.279058,0.828026,0.365448,0.115958,-0.154380,0.747102,0.414648,0.060243,-0.276923,0.873723,0.362398,0.081231,-0.355711,0.839611,0.002049,0.035811,-0.000146,-0.999357,0.091345,0.009396,0.119838,0.000716,-0.424939,0.008089,0.353218,0.652033,0.558109,-0.009213,0.430947,0.657392,0.145581,0.035248,0.323528,0.642620,-0.363465,-0.000567,-0.389402,0.852823,0.016340,0.037246,0.312344,0.850477,0.616444,-0.014430,-0.311608,0.907768,0.318730,0.065517,-0.279152,0.365354,0.116244,-0.153410,0.414184,0.060095,-0.277069,0.362268,0.081194,-0.356353,-0.424532,0.008364,0.351905,0.558883,-0.010525,0.430254,0.144776,0.035376,0.324520,-0.363795,-0.000934,-0.389007,0.016407,0.037795,0.312406,0.616529,-0.014056,-0.311412
30,0.300000,0.004823,0.333146,0.004874,-0.942850,0.365161,0.080811,-0.266520,0.000898,0.318065,0.065644,-0.279022,0.829076,0.365533,0.116130,-0.154419,0.712557,0.414664,0.060277,-0.276926,0.866924,0.362382,0.081194,-0.355712,0.836428,0.001316,0.036123,0.000426,-0.999346,0.091602,0.009619,0.119619,0.000673,-0.424829,0.008524,0.352674,0.789153,0.558151,-0.009967,0.430992,0.705894,0.145739,0.035106,0.323382,0.620613,-0.362899,0.000919,-0.389920,0.913483,0.016507,0.037262,0.312120,0.844354,0.616945,-0.014131,-0.311534,0.895692,0.318715,0.065487,-0.279164,0.365468,0.116506,-0.153334,0.414186,0.060091,-0.277067,0.362266,0.081215,-0.356356,-0.424529,0.008361,0.351903,0.558878,-0.010520,0.430250,0.144781,0.035378,0.324526,-0.362637,0.000746,-0.389774,0.016399,0.037796,0.312420,0.616556,-0.014059,-0.311402
31,0.310000,0.004795,0.333074,0.004786,-0.942876,0.365163,0.080812,-0.266522,0.000907,0.318068,0.065636,-0.279017,0.829076,0.365546,0.116132,-0.154421,0.712557,0.414669,0.060287,-0.276936,0.866924,0.362370,0.081193,-0.355714,0.836428,0.001316,0.036115,0.000426,-0.999347,0.091596,0.009610,0.119616,0.000671,-0.424832,0.008516,0.352679,0.789153,0.558149,-0.009976,0.430982,0.705894,0.145736,0.035097,0.323379,0.620613,-0.362914,0.000911,-0.389915,0.913483,0.016503,0.037253,0.312118,0.844354,0.616932,-0.014139,-0.311545,0.895692,0.318715,0.065471,-0.279150,0.365480,0.116514,-0.153338,0.414194,0.060092,-0.277069,0.362254,0.081226,-0.356373,-0.424532,0.008350,0.351910,0.558866,-0.010534,0.430255,0.144789,0.035395,0.324521,-0.362643,0.000734,-0.389782,0.016407,0.037784,0.312419,0.616521,-0.014066,-0.311411
32,0.320000,0.004186,0.333385,0.004976,-0.942768,0.365135,0.080748,-0.266518,0.000827,0.318049,0.065586,-0.279064,0.827415,0.365441,0.115925,-0.154373,0.747145,0.414648,0.060238,-0.276925,0.871135,0.362401,0.081243,-0.355712,0.831491,0.002043,0.035801,-0.000146,-0.999357,0.091343,0.009383,0.119841,0.000710,-0.424937,0.008074,0.353232,0.647572,0.558113,-0.009229,0.430941,0.582725,0.145584,0.035234,0.323531,0.677172,-0.363478,-0.000573,-0.389390,0.842646,0.016342,0.037232,0.312349,0.860656,0.616433,-0.014438,-0.311616,0.892573,0.318730,0.065504,-0.279138,0.365346,0.116212,-0.153407,0.414177,0.060087,-0.277069,0.362278,0.081213,-0.356374,-0.424533,0.008356,0.351911,0.558871,-0.010547,0.430252,0.144772,0.035372,0.324525,-0.363809,-0.000946,-0.389005,0.016415,0.037777,0.312437,0.616530,-0.014061,-0.311433
33,0.330000,0.004766,0.333152,0.004863,-0.942849,0.365166,0.080799,-0.266532,0.000904,0.318071,0.065631,-0.279036,0.827415,0.365534,0.116107,-0.154428,0.747145,0.414670,0.060269,-0.276940,0.871135,0.362387,0.081190,-0.355725,0.831491,0.001307,0.036114,0.000433,-0.999347,0.091600,0.009612,0.119610,0.000675,-0.424828,0.008519,0.352673,0.647572,0.558154,-0.009985,0.430975,0.582725,0.145741,0.035095,0.323372,0.677172,-0.362910,0.000927,-0.389922,0.842646,0.016508,0.037253,0.312112,0.860656,0.616936,-0.014135,-0.311553,0.892573,0.318744,0.065479,-0.279185,0.365470,0.116479,-0.153332,0.414173,0.060090,-0.277075,0.362266,0.081204,-0.356373,-0.424519,0.008370,0.351907,0.558877,-0.010546,0.430252,0.144778,0.035386,0.324512,-0.362645,0.000743,-0.389803,0.016412,0.037773,0.312429,0.616526,-0.014054,-0.311421
34,0.340000,0.004225,0.333344,0.004945,-0.942783,0.365136,0.080762,-0.266515,0.000826,0.318049,0.065598,-0.279055,0.825512,0.365451,0.115950,-0.154373,0.747306,0.414649,0.060253,-0.276925,0.870369,0.362394,0.081249,-0.355709,0.834673,0.001306,0.036123,0.000428,-0.999346,0.091604,0.009622,0.119610,0.000673,-0.424827,0.008524,0.352665,0.793894,0.558153,-0.009972,0.430983,0.706137,0.145741,0.035105,0.323374,0.619290,-0.362897,0.000934,-0.389928,0.914141,0.016509,0.037261,0.312112,0.843029,0.616947,-0.014120,-0.311543,0.892693,0.318736,0.065499,-0.279134,0.365351,0.116255,-0.153414,0.414183,0.060080,-0.277072,0.362265,0.081243,-0.356357,-0.424525,0.008355,0.351917,0.558877,-0.010531,0.430245,0.144778,0.035380,0.324521,-0.362632,0.000761,-0.389796,0.016408,0.037810,0.312400,0.616547,-0.014050,-0.311404
35,0.350000,0.004973,0.333183,0.004827,-0.942837,0.365163,0.080842,-0.266531,0.000879,0.318068,0.065671,-0.279032,0.825512,0.365527,0.116196,-0.154441,0.747306,0.414667,0.060304,-0.276927,0.870369,0.362391,0.081196,-0.355724,0.834673,0.001326,0.036108,0.000419,-0.999347,0.091603,0.009619,0.119613,0.000668,-0.424821,0.008522,0.352683,0.793894,0.558161,-0.009955,0.430973,0.706137,0.145746,0.035111,0.323374,0.619290,-0.362912,0.000902,-0.389912,0.914141,0.016513,0.037265,0.312116,0.843029,0.616935,-0.014133,-0.311554,0.892693,0.318737,0.065510,-0.279151,0.365448,0.116569,-0.153402,0.414186,0.060101,-0.277074,0.362273,0.081234,-0.356365,-0.424519,0.008363,0.351928,0.558875,-0.010528,0.430257,0.144790,0.035409,0.324502,-0.362643,0.000717,-0.389777,0.016421,0.037801,0.312408,0.616528,-0.014051,-0.311424
36,0.360000,0.004165,0.333381,0.005023,-0.942770,0.365137,0.080760,-0.266523,0.000827,0.318050,0.065602,-0.279069,0.825527,0.365447,0.115929,-0.154375,0.746217,0.414649,0.060247,-0.276932,0.873116,0.362402,0.081261,-0.355717,0.832021,0.002060,0.035807,-0.000163,-0.999357,0.091346,0.009403,0.119838,0.000711,-0.424937,0.008084,0.353222,0.651047,0.558113,-0.009183,0.430945,0.577792,0.145583,0.035262,0.323528,0.680769,-0.363468,-0.000587,-0.389398,0.842165,0.016341,0.037256,0.312344,0.858948,0.616443,-0.014416,-0.311611,0.893157,0.318737,0.065521,-0.279158,0.365352,0.116219,-0.153407,0.414185,0.060091,-0.277067,0.362266,0.081234,-0.356374,-0.424528,0.008358,0.351916,0.558884,-0.010521,0.430260,0.144787,0.035389,0.324519,-0.363798,-0.000953,-0.389004,0.016406,0.037812,0.312411,0.616530,-0.014039,-0.311428
37,0.370000,0.004873,0.333144,0.004856,-0.942851,0.365167,0.080814,-0.266526,0.000893,0.318071,0.065645,-0.279026,0.825527,0.365540,0.116145,-0.154428,0.746217,0.414671,0.060278,-0.276930,0.873116,0.362387,0.081187,-0.355718,0.832021,0.001323,0.036116,0.000423,-0.999347,0.091603,0.009615,0.119611,0.000676,-0.424826,0.008521,0.352673,0.651047,0.558155,-0.009964,0.430978,0.577792,0.145743,0.035105,0.323373,0.680769,-0.362905,0.000906,-0.389921,0.842165,0.016510,0.037260,0.312113,0.858948,0.616941,-0.014137,-0.311548,0.893157,0.318722,0.065482,-0.279152,0.365471,0.116521,-0.153366,0.414192,0.060084,-0.277069,0.362274,0.081220,-0.356369,-0.424530,0.008351,0.351906,0.558890,-0.010517,0.430253,0.144789,0.035368,0.324524,-0.362624,0.000733,-0.389786,0.016408,0.037811,0.312406,0.616519,-0.014066,-0.311418
38,0.380000,0.004677,0.333126,0.004712,-0.942859,0.365179,0.080804,-0.266530,0.000907,0.318089,0.065620,-0.279032,0.820041,0.365542,0.116104,-0.154423,0.710871,0.414690,0.060291,-0.276942,0.861532,0.362396,0.081200,-0.355722,0.834130,0.001306,0.036106,0.000422,-0.999347,0.091600,0.009606,0.119612,0.000676,-0.424824,0.008502,0.352684,0.789012,0.558159,-0.009982,0.430968,0.711415,0.145744,0.035090,0.323373,0.616258,-0.362919,0.000912,-0.389912,0.911379,0.016511,0.037245,0.312116,0.843643,0.616928,-0.014131,-0.311560,0.890877,0.318776,0.065461,-0.279172,0.365469,0.116486,-0.153334,0.414190,0.060097,-0.277079,0.362270,0.081228,-0.356373,-0.424522,0.008347,0.351911,0.558880,-0.010539,0.430259,0.144769,0.035369,0.324526,-0.362645,0.000728,-0.389783,0.016414,0.037780,0.312424,0.616518,-0.014050,-0.311436
39,0.390000,0.004322,0.333403,0.004827,-0.942762,0.365138,0.080773,-0.266537,0.000813,0.318055,0.065598,-0.279078,0.820041,0.365433,0.115990,-0.154404,0.710871,0.414655,0.060269,-0.276935,0.861532,0.362407,0.081236,-0.355731,0.834130,0.001404,0.036017,0.000557,-0.999350,0.091603,0.009535,0.119553,0.000674,-0.424780,0.008618,0.352717,0.789012,0.558212,-0.010124,0.430830,0.711415,0.145790,0.035042,0.323300,0.616258,-0.363008,0.000872,-0.389889,0.911379,0.016556,0.037230,0.312065,0.843643,0.616849,-0.014426,-0.311708,0.890877,0.318740,0.065503,-0.279148,0.365335,0.116284,-0.153470,0.414189,0.060100,-0.277076,0.362279,0.081229,-0.356381,-0.424529,0.008367,0.351917,0.558880,-0.010537,0.430264,0.144780,0.035350,0.324530,-0.362631,0.000743,-0.389775,0.016412,0.037780,0.312433,0.616420,-0.014425,-0.311702
40,0.400000,0.004240,0.333341,0.004900,-0.942784,0.365139,0.080758,-0.266528,0.000823,0.318053,0.065589,-0.279066,0.828751,0.365453,0.115952,-0.154388,0.747561,0.414654,0.060252,-0.276937,0.873158,0.362397,0.081239,-0.355721,0.834282,0.002061,0.035798,-0.000154,-0.999357,0.091339,0.009397,0.119844,0.000716,-0.424939,0.008089,0.353238,0.647977,0.558111,-0.009198,0.430942,0.577128,0.145580,0.035255,0.323533,0.678698,-0.363484,-0.000585,-0.389384,0.842106,0.016339,0.037251,0.312352,0.858194,0.616427,-0.014433,-0.311615,0.891566,0.318726,0.065498,-0.279156,0.365362,0.116247,-0.153426,0.414192,0.060093,-0.277075,0.362268,0.081220,-0.356371,-0.424526,0.008374,0.351922,0.558882,-0.010540,0.430259,0.144781,0.035370,0.324532,-0.363816,-0.000955,-0.388994,0.016412,0.037811,0.312408,0.616508,-0.014052,-0.311424
41,0.410000,0.004254,0.333324,0.004945,-0.942790,0.365139,0.080760,-0.266525,0.000829,0.318051,0.065595,-0.279062,0.828751,0.365459,0.115953,-0.154384,0.747561,0.414651,0.060249,-0.276935,0.873158,0.362393,0.081241,-0.355718,0.834282,0.002052,0.035804,-0.000148,-0.999357,0.091342,0.009390,0.119836,0.000715,-0.424939,0.008083,0.353223,0.647977,0.558110,-0.009215,0.430939,0.577128,0.145581,0.035244,0.323525,0.678698,-0.363476,-0.000578,-0.389398,0.842106,0.016339,0.037242,0.312343,0.858194,0.616435,-0.014438,-0.311618,0.891566,0.318723,0.065494,-0.279140,0.365366,0.116256,-0.153424,0.414188,0.060081,-0.277075,0.362269,0.081234,-0.356375,-0.424527,0.008375,0.351906,0.558875,-0.010539,0.430240,0.144767,0.035360,0.324520,-0.363809,-0.000949,-0.389004,0.016404,0.037793,0.312417,0.616536,-0.014058,-0.311430
42,0.420000,0.004830,0.333095,0.004880,-0.942868,0.365163,0.080814,-0.266528,0.000908,0.318065,0.065647,-0.279024,0.829101,0.365548,0.116134,-0.154427,0.712433,0.414665,0.060278,-0.276939,0.866599,0.362374,0.081195,-0.355720,0.832081,0.001409,0.036020,0.000551,-0.999350,0.091602,0.009544,0.119543,0.000672,-0.424782,0.008623,0.352704,0.783379,0.558209,-0.010107,0.430823,0.755949,0.145787,0.035053,0.323290,0.593992,-0.363007,0.000871,-0.389901,0.897452,0.016553,0.037240,0.312054,0.831617,0.616850,-0.014416,-0.311714,0.896340,0.318716,0.065482,-0.279153,0.365480,0.116516,-0.153344,0.414187,0.060084,-0.277074,0.362260,0.081228,-0.356381,-0.424522,0.008384,0.351913,0.558869,-0.010550,0.430256,0.144769,0.035374,0.324514,-0.362644,0.000725,-0.389777,0.016413,0.037799,0.312403,0.616436,-0.014399,-0.311701
43,0.430000,0.004847,0.333167,0.004764,-0.942843,0.365162,0.080809,-0.266540,0.000897,0.318069,0.065632,-0.279043,0.829101,0.365522,0.116142,-0.154444,0.712433,0.414670,0.060283,-0.276942,0.866599,0.362386,0.081181,-0.355733,0.832081,0.001392,0.036021,0.000554,-0.999350,0.091602,0.009541,0.119542,0.000669,-0.424782,0.008615,0.352702,0.783379,0.558209,-0.010123,0.430822,0.755949,0.145787,0.035043,0.323290,0.593992,-0.363006,0.000887,-0.389903,0.897452,0.016553,0.037231,0.312054,0.831617,0.616851,-0.014408,-0.311715,0.896340,0.318731,0.065468,-0.279180,0.365449,0.116524,-0.153375,0.414199,0.060080,-0.277074,0.362258,0.081218,-0.356382,-0.424531,0.008360,0.351919,0.558870,-0.010566,0.430257,0.144786,0.035394,0.324528,-0.362638,0.000748,-0.389793,0.016411,0.037793,0.312409,0.616428,-0.014401,-0.311707
44,0.440000,0.004800,0.333097,0.004719,-0.942869,0.365169,0.080798,-0.266547,0.000912,0.318076,0.065616,-0.279043,0.826838,0.365542,0.116124,-0.154448,0.711605,0.414678,0.060278,-0.276957,0.865364,0.362380,0.081174,-0.355739,0.832609,0.001313,0.036114,0.000423,-0.999347,0.091594,0.009620,0.119614,0.000669,-0.424834,0.008520,0.352677,0.791970,0.558148,-0.009965,0.430979,0.704408,0.145734,0.035106,0.323376,0.625320,-0.362916,0.000920,-0.389917,0.910277,0.016502,0.037261,0.312116,0.843872,0.616930,-0.014123,-0.311548,0.890343,0.318729,0.065430,-0.279180,0.365478,0.116525,-0.153368,0.414199,0.060067,-0.277084,0.362260,0.081231,-0.356396,-0.424537,0.008357,0.351917,0.558874,-0.010554,0.430255,0.144793,0.035412,0.324502,-0.362642,0.000735,-0.389777,0.016405,0.037804,0.312410,0.616518,-0.014042,-0.311423
45,0.450000,0.004242,0.333386,0.004964,-0.942768,0.365130,0.080754,-0.266536,0.000824,0.318043,0.065591,-0.279080,0.826838,0.365437,0.115944,-0.154395,0.711605,0.414643,0.060242,-0.276941,0.865364,0.362396,0.081239,-0.355730,0.832609,0.001308,0.036113,0.000434,-0.999347,0.091600,0.009620,0.119608,0.000673,-0.424827,0.008529,0.352673,0.791970,0.558154,-0.009978,0.430972,0.704408,0.145741,0.035103,0.323371,0.625320,-0.362912,0.000936,-0.389922,0.910277,0.016508,0.037261,0.312111,0.843872,0.616934,-0.014129,-0.311555,0.890343,0.318708,0.065494,-0.279163,0.365343,0.116244,-0.153437,0.414191,0.060075,-0.277081,0.362269,0.081229,-0.356382,-0.424531,0.008379,0.351910,0.558869,-0.010525,0.430257,0.144771,0.035368,0.324530,-0.362636,0.000753,-0.389789,0.016409,0.037793,0.312411,0.616528,-0.014048,-0.311431
46,0.460000,0.004251,0.333375,0.004923,-0.942772,0.365131,0.080757,-0.266533,0.000825,0.318046,0.065590,-0.279075,0.830559,0.365439,0.115951,-0.154393,0.748283,0.414646,0.060248,-0.276938,0.875424,0.362396,0.081237,-0.355726,0.832312,0.001317,0.036110,0.000417,-0.999347,0.091597,0.009615,0.119612,0.000676,-0.424828,0.008511,0.352680,0.791599,0.558154,-0.009962,0.430973,0.708458,0.145739,0.035103,0.323374,0.613944,-0.362917,0.000906,-0.389915,0.914761,0.016506,0.037257,0.312115,0.846985,0.616930,-0.014126,-0.311555,0.892903,0.318712,0.065497,-0.279158,0.365346,0.116247,-0.153435,0.414195,0.060084,-0.277072,0.362265,0.081223,-0.356384,-0.424538,0.008361,0.351913,0.558889,-0.010512,0.430253,0.144768,0.035383,0.324541,-0.362656,0.000726,-0.389789,0.016409,0.037778,0.312421,0.616528,-0.014048,-0.311427
47,0.470000,0.004806,0.333116,0.004955,-0.942861,0.365165,0.080831,-0.266526,0.000908,0.318066,0.065672,-0.279026,0.830559,0.365550,0.116141,-0.154422,0.748283,0.414665,0.060291,-0.276938,0.875424,0.362380,0.081222,-0.355719,0.832312,0.002058,0.035798,-0.000154,-0.999357,0.091347,0.009389,0.119840,0.000718,-0.424932,0.008079,0.353233,0.791599,0.558119,-0.009208,0.430937,0.708458,0.145588,0.035246,0.323528,0.613944,-0.363477,-0.000590,-0.389388,0.914761,0.016346,0.037242,0.312347,0.846985,0.616435,-0.014438,-0.311620,0.892903,0.318722,0.065513,-0.279143,0.365479,0.116515,-0.153345,0.414180,0.060102,-0.277073,0.362270,0.081250,-0.356390,-0.424522,0.008357,0.351907,0.558882,-0.010516,0.430266,0.144777,0.035384,0.324528,-0.363807,-0.000962,-0.388991,0.016409,0.037792,0.312402,0.616528,-0.014062,-0.311429
48,0.480000,0.004631,0.333217,0.004966,-0.942826,0.365161,0.080805,-0.266523,0.000903,0.318066,0.065646,-0.279039,0.829715,0.365517,0.116077,-0.154407,0.712506,0.414665,0.060273,-0.276931,0.868494,0.362395,0.081226,-0.355716,0.833482,0.001411,0.036020,0.000536,-0.999350,0.091603,0.009546,0.119543,0.000669,-0.424781,0.008610,0.352704,0.781830,0.558210,-0.010089,0.430824,0.759746,0.145787,0.035058,0.323291,0.593645,-0.363005,0.000856,-0.389901,0.900428,0.016553,0.037241,0.312054,0.833540,0.616852,-0.014400,-0.311713,0.896327,0.318718,0.065496,-0.279168,0.365443,0.116449,-0.153322,0.414194,0.060085,-0.277073,0.362277,0.081245,-0.356372,-0.424533,0.008355,0.351907,0.558879,-0.010504,0.430273,0.144775,0.035387,0.324519,-0.362646,0.000728,-0.389786,0.016412,0.037788,0.312407,0.616438,-0.014401,-0.311705
49,0.490000,0.004198,0.333350,0.004987,-0.942781,0.365143,0.080755,-0.266522,0.000834,0.318056,0.065594,-0.279064,0.829715,0.365459,0.115933,-0.154377,0.712506,0.414655,0.060243,-0.276933,0.868494,0.362403,0.081248,-0.355716,0.833482,0.001311,0.036109,0.000424,-0.999347,0.091602,0.009612,0.119617,0.000676,-0.424823,0.008512,0.352685,0.781830,0.558159,-0.009975,0.430977,0.759746,0.145745,0.035097,0.323379,0.593645,-0.362913,0.000915,-0.389910,0.900428,0.016512,0.037253,0.312120,0.833540,0.616934,-0.014130,-0.311551,0.896327,0.318735,0.065502,-0.279132,0.365361,0.116230,-0.153411,0.414188,0.060081,-0.277074,0.362280,0.081233,-0.356385,-0.424523,0.008354,0.351926,0.558886,-0.010533,0.430266,0.144772,0.035384,0.324535,-0.362637,0.000735,-0.389777,0.016407,0.037787,0.312412,0.616524,-0.014053,-0.311425
50,0.500000,0.004914,0.333192,0.005009,-0.942833,0.365169,0.080824,-0.266534,0.000891,0.318070,0.065671,-0.279040,0.827653,0.365542,0.116152,-0.154436,0.718725,0.414667,0.060273,-0.276934,0.866971,0.362399,0.081200,-0.355727,0.833336,0.001405,0.036022,0.000552,-0.999350,0.091598,0.009533,0.119548,0.000670,-0.424787,0.008610,0.352707,0.784058,0.558203,-0.010121,0.430831,0.755906,0.145782,0.035040,0.323296,0.592822,-0.363008,0.000864,-0.389898,0.901257,0.016548,0.037228,0.312060,0.834421,0.616849,-0.014425,-0.311706,0.892012,0.318733,0.065522,-0.279155,0.365460,0.116519,-0.153376,0.414193,0.060081,-0.277079,0.362281,0.081223,-0.356383,-0.424534,0.008352,0.351922,0.558878,-0.010541,0.430264,0.144771,0.035377,0.324528,-0.362648,0.000737,-0.389795,0.016414,0.037775,0.312408,0.616417,-0.014428,-0.311679
51,0.510000,0.004892,0.333162,0.004879,-0.942844,0.365161,0.080814,-0.266527,0.000897,0.318065,0.065648,-0.279028,0.827522,0.365531,0.116147,-0.154430,0.714592,0.414664,0.060275,-0.276929,0.865744,0.362385,0.081185,-0.355719,0.834175,0.002229,0.035761,-0.000311,-0.999358,0.091334,0.009342,0.119910,0.000725,-0.424927,0.007959,0.353342,0.614085,0.558134,-0.009003,0.430980,0.537460,0.145582,0.035288,0.323585,0.689468,-0.363524,-0.000954,-0.389281,0.826634,0.016339,0.037241,0.312413,0.861998,0.616397,-0.014479,-0.311580,0.887603,0.318729,0.065503,-0.279145,0.365448,0.116516,-0.153353,0.414184,0.060088,-0.277082,0.362271,0.081202,-0.356373,-0.424526,0.008358,0.351905,0.558872,-0.010539,0.430259,0.144776,0.035361,0.324528,-0.363804,-0.001317,-0.388760,0.016412,0.037788,0.312408,0.616532,-0.014078,-0.311428
52,0.520000,0.004901,0.333122,0.004933,-0.942858,0.365160,0.080827,-0.266527,0.000888,0.318061,0.065666,-0.279025,0.827522,0.365544,0.116158,-0.154430,0.714592,0.414660,0.060283,-0.276933,0.865744,0.362377,0.081200,-0.355719,0.834175,0.001325,0.036104,0.000434,-0.999347,0.091591,0.009605,0.119618,0.000677,-0.424832,0.008522,0.352692,0.614085,0.558150,-0.009984,0.430974,0.537460,0.145736,0.035094,0.323379,0.689468,-0.362929,0.000904,-0.389904,0.826634,0.016503,0.037252,0.312121,0.861998,0.616918,-0.014160,-0.311554,0.887603,0.318725,0.065499,-0.279165,0.365470,0.116543,-0.153362,0.414180,0.060081,-0.277082,0.362257,0.081237,-0.356347,-0.424523,0.008368,0.351917,0.558882,-0.010543,0.430261,0.144780,0.035376,0.324526,-0.362661,0.000722,-0.389777,0.016401,0.037782,0.312419,0.616499,-0.014080,-0.311420
53,0.530000,0.004825,0.333108,0.004844,-0.942864,0.365177,0.080815,-0.266540,0.000914,0.318081,0.065645,-0.279038,0.821645,0.365557,0.116136,-0.154440,0.709615,0.414681,0.060283,-0.276950,0.861307,0.362391,0.081195,-0.355733,0.832695,0.001322,0.036105,0.000434,-0.999347,0.091593,0.009616,0.119615,0.000677,-0.424830,0.008533,0.352689,0.789120,0.558153,-0.009974,0.430971,0.712363,0.145738,0.035105,0.323376,0.621045,-0.362927,0.000918,-0.389907,0.908602,0.016506,0.037263,0.312118,0.847061,0.616921,-0.014146,-0.311557,0.886723,0.318761,0.065474,-0.279172,0.365485,0.116528,-0.153349,0.414182,0.060081,-0.277086,0.362270,0.081235,-0.356390,-0.424530,0.008381,0.351915,0.558879,-0.010524,0.430269,0.144768,0.035378,0.324508,-0.362642,0.000735,-0.389769,0.016415,0.037790,0.312415,0.616494,-0.014065,-0.311428
54,0.540000,0.004910,0.333194,0.004788,-0.942833,0.365168,0.080820,-0.266554,0.000901,0.318075,0.065645,-0.279057,0.821645,0.365525,0.116164,-0.154461,0.709615,0.414674,0.060288,-0.276951,0.861307,0.362397,0.081182,-0.355747,0.832695,0.001326,0.036110,0.000438,-0.999347,0.091598,0.009615,0.119616,0.000672,-0.424828,0.008538,0.352684,0.789120,0.558154,-0.009976,0.430978,0.712363,0.145741,0.035105,0.323378,0.621045,-0.362917,0.000916,-0.389911,0.908602,0.016508,0.037264,0.312119,0.847061,0.616930,-0.014156,-0.311550,0.886723,0.318734,0.065462,-0.279207,0.365465,0.116561,-0.153385,0.414185,0.060083,-0.277083,0.362278,0.081231,-0.356385,-0.424536,0.008386,0.351929,0.558886,-0.010527,0.430269,0.144780,0.035386,0.324520,-0.362639,0.000736,-0.389783,0.016411,0.037787,0.312416,0.616512,-0.014078,-0.311425
55,0.550000,0.004897,0.333149,0.004867,-0.942849,0.365162,0.080815,-0.266542,0.000898,0.318065,0.065648,-0.279042,0.828249,0.365535,0.116150,-0.154446,0.714884,0.414665,0.060277,-0.276945,0.866288,0.362383,0.081184,-0.355734,0.834790,0.001315,0.036110,0.000423,-0.999347,0.091591,0.009610,0.119621,0.000673,-0.424834,0.008512,0.352689,0.790823,0.558147,-0.009973,0.430983,0.708385,0.145733,0.035097,0.323383,0.623002,-0.362923,0.000908,-0.389906,0.912780,0.016501,0.037253,0.312124,0.849457,0.616924,-0.014135,-0.311545,0.889076,0.318720,0.065484,-0.279171,0.365463,0.116530,-0.153373,0.414188,0.060080,-0.277086,0.362267,0.081218,-0.356384,-0.424529,0.008374,0.351922,0.558877,-0.010527,0.430261,0.144783,0.035388,0.324517,-0.362653,0.000723,-0.389785,0.016399,0.037755,0.312440,0.616508,-0.014052,-0.311416
56,0.560000,0.004210,0.333351,0.004820,-0.942781,0.365133,0.080757,-0.266532,0.000829,0.318050,0.065579,-0.279072,0.828249,0.365438,0.115950,-0.154392,0.714884,0.414651,0.060259,-0.276940,0.866288,0.362392,0.081237,-0.355726,0.834790,0.001323,0.036109,0.000439,-0.999347,0.091597,0.009617,0.119628,0.000676,-0.424829,0.008539,0.352697,0.790823,0.558153,-0.009976,0.430988,0.708385,0.145740,0.035106,0.323389,0.623002,-0.362919,0.000922,-0.389898,0.912780,0.016507,0.037265,0.312130,0.849457,0.616927,-0.014151,-0.311539,0.889076,0.318714,0.065477,-0.279150,0.365348,0.116252,-0.153432,0.414189,0.060093,-0.277078,0.362271,0.081230,-0.356386,-0.424525,0.008391,0.351913,0.558881,-0.010513,0.430260,0.144780,0.035376,0.324528,-0.362644,0.000744,-0.389783,0.016407,0.037777,0.312477,0.616513,-0.014075,-0.311418
57,0.570000,0.004786,0.333201,0.004846,-0.942831,0.365167,0.080808,-0.266544,0.000911,0.318074,0.065638,-0.279052,0.824014,0.365524,0.116122,-0.154441,0.706436,0.414674,0.060278,-0.276945,0.864094,0.362398,0.081195,-0.355736,0.837326,0.001314,0.036104,0.000425,-0.999347,0.091596,0.009614,0.119617,0.000675,-0.424827,0.008517,0.352691,0.787996,0.558156,-0.009972,0.430973,0.713778,0.145740,0.035100,0.323379,0.618058,-0.362925,0.000914,-0.389905,0.911849,0.016507,0.037256,0.312121,0.846809,0.616923,-0.014133,-0.311555,0.889102,0.318738,0.065467,-0.279212,0.365463,0.116516,-0.153336,0.414184,0.060084,-0.277079,0.362275,0.081228,-0.356375,-0.424523,0.008375,0.351913,0.558875,-0.010518,0.430269,0.144775,0.035366,0.324533,-0.362654,0.000727,-0.389779,0.016412,0.037779,0.312427,0.616507,-0.014047,-0.311427
58,0.580000,0.004942,0.333139,0.004890,-0.942852,0.365160,0.080816,-0.266533,0.000900,0.318062,0.065651,-0.279031,0.824014,0.365538,0.116158,-0.154440,0.706436,0.414661,0.060274,-0.276936,0.864094,0.362380,0.081179,-0.355726,0.837326,0.001319,0.036109,0.000435,-0.999347,0.091604,0.009619,0.119612,0.000675,-0.424822,0.008534,0.352681,0.787996,0.558160,-0.009974,0.430973,0.713778,0.145747,0.035106,0.323374,0.618058,-0.362912,0.000925,-0.389914,0.911849,0.016514,0.037264,0.312115,0.846809,0.616935,-0.014141,-0.311555,0.889102,0.318721,0.065496,-0.279171,0.365470,0.116535,-0.153352,0.414178,0.060088,-0.277078,0.362263,0.081199,-0.356371,-0.424523,0.008379,0.351912,0.558884,-0.010495,0.430272,0.144781,0.035381,0.324530,-0.362633,0.000751,-0.389796,0.016414,0.037777,0.312421,0.616513,-0.014072,-0.311426
59,0.590000,0.004858,0.333122,0.004779,-0.942859,0.365174,0.080810,-0.266536,0.000906,0.318079,0.065634,-0.279034,0.827003,0.365546,0.116144,-0.154440,0.710217,0.414680,0.060282,-0.276942,0.862968,0.362390,0.081181,-0.355729,0.836652,0.001402,0.036020,0.000554,-0.999350,0.091600,0.009536,0.119553,0.000671,-0.424784,0.008614,0.352714,0.781728,0.558207,-0.010122,0.430833,0.758531,0.145786,0.035042,0.323301,0.593426,-0.363008,0.000873,-0.389891,0.898555,0.016552,0.037230,0.312065,0.832405,0.616848,-0.014421,-0.311704,0.894394,0.318732,0.065458,-0.279179,0.365488,0.116536,-0.153350,0.414186,0.060088,-0.277080,0.362280,0.081218,-0.356372,-0.424529,0.008367,0.351917,0.558869,-0.010545,0.430271,0.144788,0.035374,0.324542,-0.362642,0.000738,-0.389781,0.016402,0.037773,0.312429,0.616426,-0.014417,-0.311698
60,0.600000,0.004971,0.333172,0.004785,-0.942841,0.365175,0.080826,-0.266537,0.000897,0.318081,0.065651,-0.279036,0.827003,0.365539,0.116183,-0.154448,0.710217,0.414680,0.060291,-0.276934,0.862968,0.362400,0.081178,-0.355730,0.836652,0.002059,0.035793,-0.000143,-0.999357,0.091335,0.009378,0.119840,0.000716,-0.424941,0.008079,0.353238,0.781728,0.558110,-0.009228,0.430933,0.758531,0.145579,0.035234,0.323528,0.593426,-0.363494,-0.000591,-0.389384,0.898555,0.016337,0.037233,0.312348,0.832405,0.616418,-0.014461,-0.311625,0.894394,0.318755,0.065495,-0.279184,0.365466,0.116563,-0.153365,0.414195,0.060098,-0.277074,0.362273,0.081202,-0.356367,-0.424525,0.008369,0.351910,0.558879,-0.010531,0.430264,0.144775,0.035370,0.324526,-0.363820,-0.000966,-0.389002,0.016391,0.037775,0.312421,0.616504,-0.014083,-0.311439
61,0.610000,0.004771,0.333193,0.005076,-0.942833,0.365169,0.080803,-0.266521,0.000905,0.318069,0.065655,-0.279031,0.828289,0.365541,0.116096,-0.154411,0.712471,0.414666,0.060254,-0.276927,0.867184,0.362399,0.081207,-0.355713,0.831637,0.001319,0.036115,0.000426,-0.999347,0.091601,0.009616,0.119612,0.000679,-0.424827,0.008522,0.352676,0.790441,0.558155,-0.009967,0.430978,0.709768,0.145741,0.035104,0.323375,0.617988,-0.362908,0.000913,-0.389919,0.910835,0.016509,0.037260,0.312114,0.846399,0.616938,-0.014135,-0.311549,0.889582,0.318729,0.065513,-0.279154,0.365465,0.116461,-0.153324,0.414187,0.060073,-0.277069,0.362282,0.081219,-0.356377,-0.424521,0.008379,0.351908,0.558881,-0.010527,0.430266,0.144773,0.035359,0.324529,-0.362639,0.000725,-0.389780,0.016408,0.037797,0.312395,0.616526,-0.014046,-0.311415
62,0.620000,0.004249,0.333392,0.004994,-0.942766,0.365143,0.080750,-0.266531,0.000830,0.318056,0.065590,-0.279075,0.828289,0.365451,0.115939,-0.154389,0.712471,0.414655,0.060236,-0.276935,0.867184,0.362410,0.081236,-0.355725,0.831637,0.001316,0.036113,0.000433,-0.999347,0.091595,0.009603,0.119618,0.000675,-0.424833,0.008515,0.352683,0.790441,0.558149,-0.009989,0.430983,0.709768,0.145736,0.035089,0.323380,0.617988,-0.362916,0.000910,-0.389912,0.910835,0.016503,0.037247,0.312121,0.846399,0.616930,-0.014153,-0.311544,0.889582,0.318728,0.065492,-0.279170,0.365365,0.116240,-0.153418,0.414188,0.060076,-0.277071,0.362284,0.081220,-0.356376,-0.424529,0.008357,0.351912,0.558884,-0.010532,0.430265,0.144777,0.035377,0.324521,-0.362649,0.000736,-0.389789,0.016399,0.037763,0.312431,0.616518,-0.014082,-0.311414
63,0.630000,0.004966,0.333213,0.005007,-0.942825,0.365176,0.080798,-0.266525,0.000904,0.318076,0.065645,-0.279031,0.826904,0.365544,0.116137,-0.154430,0.710361,0.414674,0.060244,-0.276921,0.863569,0.362410,0.081165,-0.355718,0.836557,0.001323,0.036112,0.000425,-0.999347,0.091596,0.009606,0.119614,0.000676,-0.424831,0.008514,0.352680,0.790084,0.558151,-0.009974,0.430977,0.707245,0.145737,0.035097,0.323376,0.617999,-0.362917,0.000898,-0.389915,0.913682,0.016505,0.037252,0.312116,0.847336,0.616930,-0.014149,-0.311550,0.893096,0.318736,0.065481,-0.279164,0.365473,0.116523,-0.153340,0.414186,0.060051,-0.277071,0.362299,0.081194,-0.356362,-0.424536,0.008366,0.351908,0.558891,-0.010528,0.430258,0.144765,0.035363,0.324524,-0.362658,0.000718,-0.389775,0.016407,0.037778,0.312410,0.616531,-0.014067,-0.311419
64,0.640000,0.004211,0.333415,0.005055,-0.942757,0.365138,0.080732,-0.266514,0.000828,0.318051,0.065578,-0.279063,0.826904,0.365444,0.115909,-0.154368,0.710361,0.414649,0.060214,-0.276918,0.863569,0.362410,0.081228,-0.355708,0.836557,0.001429,0.036008,0.000555,-0.999350,0.091592,0.009523,0.119545,0.000671,-0.424786,0.008616,0.352719,0.790084,0.558207,-0.010120,0.430815,0.707245,0.145783,0.035040,0.323290,0.617999,-0.363029,0.000835,-0.389887,0.913682,0.016548,0.037228,0.312058,0.847336,0.616830,-0.014459,-0.311724,0.893096,0.318737,0.065496,-0.279141,0.365340,0.116203,-0.153399,0.414188,0.060053,-0.277068,0.362279,0.081204,-0.356361,-0.424525,0.008360,0.351910,0.558880,-0.010555,0.430267,0.144783,0.035363,0.324531,-0.362680,0.000697,-0.389777,0.016408,0.037793,0.312400,0.616404,-0.014450,-0.311706
65,0.650000,0.004299,0.333423,0.004989,-0.942754,0.365144,0.080734,-0.266516,0.000820,0.318057,0.065574,-0.279062,0.828486,0.365445,0.115934,-0.154377,0.748285,0.414656,0.060217,-0.276915,0.869379,0.362417,0.081211,-0.355710,0.836798,0.002049,0.035808,-0.000149,-0.999357,0.091340,0.009383,0.119845,0.000714,-0.424943,0.008074,0.353228,0.647434,0.558106,-0.009222,0.430951,0.580475,0.145578,0.035237,0.323535,0.680122,-0.363474,-0.000583,-0.389392,0.842928,0.016336,0.037234,0.312351,0.862190,0.616436,-0.014440,-0.311605,0.891430,0.318730,0.065471,-0.279144,0.365354,0.116236,-0.153421,0.414183,0.060052,-0.277064,0.362299,0.081202,-0.356352,-0.424529,0.008369,0.351913,0.558876,-0.010537,0.430249,0.144777,0.035354,0.324527,-0.363801,-0.000954,-0.389005,0.016401,0.037777,0.312423,0.616519,-0.014061,-0.311408
66,0.660000,0.004235,0.333419,0.004971,-0.942756,0.365147,0.080747,-0.266502,0.000833,0.318062,0.065584,-0.279049,0.828486,0.365447,0.115935,-0.154360,0.748285,0.414661,0.060235,-0.276904,0.869379,0.362420,0.081233,-0.355696,0.836798,0.001342,0.036118,0.000437,-0.999347,0.091598,0.009601,0.119623,0.000674,-0.424832,0.008530,0.352683,0.647434,0.558148,-0.009980,0.430992,0.580475,0.145737,0.035097,0.323384,0.680122,-0.362909,0.000886,-0.389911,0.842928,0.016505,0.037255,0.312123,0.862190,0.616936,-0.014182,-0.311534,0.891430,0.318737,0.065494,-0.279122,0.365345,0.116234,-0.153393,0.414208,0.060067,-0.277048,0.362290,0.081219,-0.356358,-0.424527,0.008360,0.351919,0.558867,-0.010550,0.430259,0.144778,0.035373,0.324522,-0.362647,0.000708,-0.389770,0.016415,0.037810,0.312406,0.616531,-0.014106,-0.311390
67,0.670000,0.004337,0.333412,0.005031,-0.942758,0.365156,0.080740,-0.266499,0.000823,0.318067,0.065584,-0.279044,0.829229,0.365463,0.115945,-0.154362,0.744711,0.414666,0.060217,-0.276899,0.871832,0.362427,0.081213,-0.355693,0.836919,0.001330,0.036114,0.000423,-0.999347,0.091598,0.009612,0.119613,0.000674,-0.424830,0.008521,0.352677,0.788235,0.558152,-0.009963,0.430979,0.705967,0.145738,0.035105,0.323375,0.622151,-0.362912,0.000895,-0.389917,0.910029,0.016506,0.037260,0.312115,0.844943,0.616934,-0.014147,-0.311548,0.890793,0.318740,0.065500,-0.279125,0.365363,0.116240,-0.153390,0.414205,0.060060,-0.277059,0.362306,0.081186,-0.356333,-0.424526,0.008372,0.351901,0.558882,-0.010542,0.430261,0.144788,0.035395,0.324514,-0.362641,0.000706,-0.389776,0.016400,0.037793,0.312415,0.616524,-0.014060,-0.311426
68,0.680000,0.004162,0.333417,0.004899,-0.942758,0.365141,0.080746,-0.266509,0.000832,0.318058,0.065576,-0.279057,0.829229,0.365434,0.115924,-0.154363,0.744711,0.414658,0.060244,-0.276913,0.871832,0.362413,0.081240,-0.355703,0.836919,0.001331,0.036115,0.000439,-0.999347,0.091604,0.009608,0.119619,0.000670,-0.424824,0.008534,0.352682,0.788235,0.558156,-0.009982,0.430985,0.705967,0.145744,0.035099,0.323381,0.622151,-0.362906,0.000906,-0.389913,0.910029,0.016512,0.037259,0.312120,0.844943,0.616940,-0.014167,-0.311541,0.890793,0.318733,0.065490,-0.279139,0.365335,0.116222,-0.153386,0.414198,0.060084,-0.277062,0.362287,0.081217,-0.356357,-0.424527,0.008370,0.351908,0.558882,-0.010536,0.430260,0.144791,0.035400,0.324514,-0.362642,0.000730,-0.389775,0.016414,0.037781,0.312426,0.616540,-0.014096,-0.311410
69,0.690000,0.004333,0.333365,0.005091,-0.942774,0.365155,0.080765,-0.266511,0.000827,0.318064,0.065616,-0.279051,0.823917,0.365478,0.115965,-0.154372,0.743868,0.414662,0.060238,-0.276916,0.873144,0.362418,0.081243,-0.355704,0.833307,0.001336,0.036121,0.000424,-0.999347,0.091596,0.009612,0.119620,0.000674,-0.424835,0.008524,0.352677,0.790163,0.558145,-0.009960,0.430991,0.699957,0.145733,0.035107,0.323382,0.622463,-0.362908,0.000890,-0.389917,0.913318,0.016501,0.037262,0.312120,0.845059,0.616937,-0.014153,-0.311535,0.895028,0.318760,0.065546,-0.279135,0.365370,0.116254,-0.153395,0.414203,0.060082,-0.277066,0.362279,0.081207,-0.356355,-0.424533,0.008376,0.351908,0.558885,-0.010549,0.430252,0.144776,0.035384,0.324517,-0.362657,0.000704,-0.389767,0.016399,0.037800,0.312410,0.616549,-0.014064,-0.311402
70,0.700000,0.004938,0.333086,0.004961,-0.942871,0.365181,0.080834,-0.266513,0.000903,0.318080,0.065676,-0.279007,0.823917,0.365576,0.116170,-0.154418,0.743868,0.414678,0.060286,-0.276923,0.873144,0.362390,0.081203,-0.355706,0.833307,0.001337,0.036116,0.000429,-0.999347,0.091605,0.009614,0.119615,0.000679,-0.424823,0.008533,0.352677,0.790163,0.558158,-0.009962,0.430982,0.699957,0.145746,0.035109,0.323376,0.622463,-0.362903,0.000896,-0.389917,0.913318,0.016513,0.037266,0.312116,0.845059,0.616942,-0.014158,-0.311545,0.895028,0.318750,0.065494,-0.279134,0.365497,0.116573,-0.153345,0.414192,0.060068,-0.277074,0.362274,0.081258,-0.356345,-0.424516,0.008385,0.351905,0.558889,-0.010535,0.430251,0.144780,0.035387,0.324523,-0.362641,0.000712,-0.389768,0.016407,0.037799,0.312401,0.616545,-0.014072,-0.311410
71,0.710000,0.004232,0.333410,0.004999,-0.942759,0.365144,0.080764,-0.266523,0.000831,0.318057,0.065605,-0.279070,0.826737,0.365447,0.115950,-0.154380,0.745063,0.414656,0.060250,-0.276926,0.873901,0.362414,0.081253,-0.355717,0.831656,0.001337,0.036112,0.000424,-0.999347,0.091600,0.009609,0.119617,0.000679,-0.424827,0.008522,0.352684,0.787505,0.558155,-0.009963,0.430981,0.705332,0.145741,0.035104,0.323378,0.618591,-0.362913,0.000886,-0.389911,0.912139,0.016508,0.037259,0.312119,0.845828,0.616933,-0.014158,-0.311546,0.890976,0.318740,0.065522,-0.279151,0.365345,0.116244,-0.153409,0.414200,0.060088,-0.277068,0.362279,0.081231,-0.356376,-0.424528,0.008374,0.351902,0.558884,-0.010535,0.430252,0.144772,0.035371,0.324526,-0.362655,0.000700,-0.389763,0.016424,0.037798,0.312406,0.616530,-0.014070,-0.311406
72,0.720000,0.005076,0.333148,0.005064,-0.942847,0.365190,0.080836,-0.266520,0.000889,0.318086,0.065689,-0.279017,0.826737,0.365580,0.116194,-0.154431,0.745063,0.414683,0.060272,-0.276919,0.873901,0.362411,0.081188,-0.355713,0.831656,0.001331,0.036113,0.000433,-0.999347,0.091595,0.009602,0.119618,0.000675,-0.424832,0.008521,0.352683,0.787505,0.558149,-0.009982,0.430982,0.705332,0.145736,0.035094,0.323379,0.618591,-0.362917,0.000894,-0.389912,0.912139,0.016504,0.037252,0.312120,0.845828,0.616929,-0.014167,-0.311545,0.890976,0.318760,0.065541,-0.279130,0.365486,0.116568,-0.153373,0.414215,0.060067,-0.277075,0.362286,0.081218,-0.356358,-0.424529,0.008369,0.351902,0.558875,-0.010545,0.430255,0.144783,0.035365,0.324522,-0.362649,0.000710,-0.389771,0.016409,0.037786,0.312419,0.616519,-0.014084,-0.311411
73,0.730000,0.004355,0.333369,0.004907,-0.942774,0.365149,0.080768,-0.266519,0.000819,0.318062,0.065601,-0.279057,0.826181,0.365458,0.115986,-0.154386,0.751237,0.414662,0.060255,-0.276921,0.871813,0.362412,0.081230,-0.355713,0.834345,0.001329,0.036111,0.000426,-0.999347,0.091596,0.009610,0.119617,0.000670,-0.424830,0.008522,0.352684,0.790067,0.558152,-0.009968,0.430979,0.704689,0.145738,0.035103,0.323378,0.621197,-0.362917,0.000897,-0.389911,0.910980,0.016506,0.037258,0.312119,0.844835,0.616929,-0.014150,-0.311548,0.893546,0.318746,0.065498,-0.279133,0.365359,0.116290,-0.153444,0.414203,0.060076,-0.277061,0.362279,0.081232,-0.356362,-0.424532,0.008373,0.351913,0.558879,-0.010553,0.430255,0.144792,0.035395,0.324524,-0.362652,0.000707,-0.389768,0.016401,0.037792,0.312417,0.616531,-0.014062,-0.311428
74,0.740000,0.004284,0.333414,0.005035,-0.942757,0.365149,0.080757,-0.266498,0.000825,0.318061,0.065602,-0.279044,0.826181,0.365455,0.115951,-0.154358,0.751237,0.414660,0.060237,-0.276899,0.871813,0.362421,0.081240,-0.355692,0.834345,0.001417,0.036016,0.000546,-0.999350,0.091596,0.009528,0.119552,0.000671,-0.424786,0.008606,0.352717,0.790067,0.558206,-0.010113,0.430829,0.704689,0.145783,0.035041,0.323299,0.621197,-0.363017,0.000842,-0.389888,0.910980,0.016548,0.037227,0.312064,0.844835,0.616841,-0.014434,-0.311709,0.893546,0.318739,0.065511,-0.279132,0.365361,0.116248,-0.153394,0.414200,0.060075,-0.277039,0.362290,0.081222,-0.356343,-0.424524,0.008361,0.351914,0.558874,-0.010552,0.430255,0.144786,0.035363,0.324515,-0.362656,0.000702,-0.389770,0.016402,0.037782,0.312427,0.616423,-0.014422,-0.311696
75,0.750000,0.004143,0.333420,0.004865,-0.942757,0.365129,0.080748,-0.266475,0.000837,0.318048,0.065575,-0.279024,0.828407,0.365419,0.115925,-0.154329,0.740367,0.414648,0.060250,-0.276879,0.871951,0.362402,0.081243,-0.355669,0.836988,0.001314,0.036114,0.000443,-0.999347,0.091592,0.009595,0.119622,0.000677,-0.424835,0.008516,0.352686,0.788148,0.558145,-0.010009,0.430987,0.707142,0.145734,0.035079,0.323385,0.618902,-0.362919,0.000913,-0.389908,0.910336,0.016501,0.037239,0.312125,0.845165,0.616927,-0.014170,-0.311540,0.890788,0.318716,0.065459,-0.279127,0.365328,0.116248,-0.153347,0.414191,0.060070,-0.277022,0.362272,0.081248,-0.356308,-0.424529,0.008367,0.351911,0.558870,-0.010573,0.430259,0.144765,0.035362,0.324527,-0.362644,0.000728,-0.389771,0.016400,0.037765,0.312436,0.616518,-0.014087,-0.311412
76,0.760000,0.004127,0.333386,0.004841,-0.942769,0.365124,0.080746,-0.266441,0.000830,0.318042,0.065571,-0.278987,0.827925,0.365420,0.115921,-0.154294,0.741601,0.414644,0.060251,-0.276848,0.870322,0.362390,0.081242,-0.355634,0.838598,0.002058,0.035804,-0.000143,-0.999357,0.091345,0.009385,0.119845,0.000716,-0.424936,0.008087,0.353232,0.648957,0.558113,-0.009222,0.430949,0.579591,0.145584,0.035241,0.323535,0.678751,-0.363473,-0.000583,-0.389388,0.841746,0.016343,0.037240,0.312352,0.864032,0.616438,-0.014453,-0.311608,0.892267,0.318716,0.065466,-0.279080,0.365324,0.116235,-0.153315,0.414180,0.060079,-0.277005,0.362267,0.081236,-0.356268,-0.424517,0.008367,0.351922,0.558881,-0.010549,0.430259,0.144783,0.035388,0.324529,-0.363808,-0.000951,-0.388997,0.016403,0.037777,0.312416,0.616530,-0.014078,-0.311416
77,0.770000,0.004090,0.333380,0.004678,-0.942772,0.365127,0.080733,-0.266355,0.000866,0.318050,0.065541,-0.278900,0.827925,0.365413,0.115912,-0.154210,0.741601,0.414653,0.060254,-0.276763,0.870322,0.362391,0.081224,-0.355549,0.838598,0.001333,0.036113,0.000437,-0.999347,0.091594,0.009607,0.119619,0.000684,-0.424833,0.008532,0.352684,0.648957,0.558148,-0.009979,0.430983,0.579591,0.145736,0.035100,0.323380,0.678751,-0.362917,0.000901,-0.389911,0.841746,0.016503,0.037258,0.312120,0.864032,0.616929,-0.014168,-0.311544,0.892267,0.318722,0.065441,-0.278965,0.365296,0.116240,-0.153177,0.414191,0.060077,-0.276950,0.362284,0.081212,-0.356204,-0.424519,0.008384,0.351908,0.558875,-0.010551,0.430261,0.144765,0.035386,0.324533,-0.362649,0.000713,-0.389770,0.016408,0.037787,0.312403,0.616509,-0.014080,-0.311399
78,0.780000,0.004158,0.333431,0.004649,-0.942754,0.365139,0.080714,-0.266271,0.000849,0.318064,0.065520,-0.278818,0.830480,0.365413,0.115910,-0.154131,0.730155,0.414667,0.060234,-0.276670,0.872787,0.362414,0.081192,-0.355465,0.837538,0.002038,0.035810,-0.000138,-0.999357,0.091346,0.009381,0.119843,0.000710,-0.424938,0.008077,0.353224,0.649026,0.558111,-0.009242,0.430952,0.581849,0.145584,0.035228,0.323534,0.677680,-0.363465,-0.000563,-0.389396,0.843540,0.016342,0.037229,0.312350,0.865828,0.616445,-0.014444,-0.311604,0.893143,0.318731,0.065436,-0.278909,0.365301,0.116225,-0.153105,0.414220,0.060069,-0.276849,0.362292,0.081163,-0.356103,-0.424531,0.008366,0.351912,0.558875,-0.010553,0.430249,0.144783,0.035375,0.324534,-0.363784,-0.000933,-0.389005,0.016400,0.037757,0.312427,0.616530,-0.014069,-0.311417
79,0.790000,0.004045,0.333502,0.004658,-0.942729,0.365129,0.080722,-0.266190,0.000853,0.318057,0.065527,-0.278748,0.830480,0.365384,0.115893,-0.154043,0.730155,0.414659,0.060247,-0.276586,0.872787,0.362417,0.081219,-0.355385,0.837538,0.001308,0.036126,0.000427,-0.999346,0.091601,0.009603,0.119626,0.000675,-0.424832,0.008505,0.352677,0.649026,0.558147,-0.009988,0.431001,0.581849,0.145737,0.035087,0.323389,0.677680,-0.362898,0.000912,-0.389916,0.843540,0.016504,0.037243,0.312127,0.865828,0.616947,-0.014139,-0.311525,0.893143,0.318728,0.065432,-0.278860,0.365277,0.116220,-0.153010,0.414214,0.060073,-0.276754,0.362284,0.081201,-0.356014,-0.424542,0.008355,0.351907,0.558878,-0.010543,0.430267,0.144776,0.035381,0.324533,-0.362619,0.000733,-0.389778,0.016407,0.037755,0.312439,0.616535,-0.014063,-0.311399
80,0.800000,0.004153,0.333533,0.005144,-0.942715,0.365136,0.080715,-0.266102,0.000850,0.318050,0.065568,-0.278664,0.829501,0.365418,0.115872,-0.153950,0.730710,0.414647,0.060192,-0.276497,0.874381,0.362431,0.081226,-0.355296,0.839377,0.001325,0.036129,0.000424,-0.999346,0.091595,0.009603,0.119634,0.000678,-0.424839,0.008510,0.352682,0.788657,0.558140,-0.009975,0.431013,0.701303,0.145730,0.035094,0.323397,0.623335,-0.362899,0.000892,-0.389911,0.908680,0.016497,0.037249,0.312133,0.845537,0.616944,-0.014151,-0.311512,0.887280,0.318717,0.065463,-0.278757,0.365298,0.116210,-0.152934,0.414220,0.059995,-0.276674,0.362297,0.081229,-0.355924,-0.424548,0.008352,0.351904,0.558881,-0.010536,0.430262,0.144779,0.035400,0.324526,-0.362608,0.000719,-0.389775,0.016401,0.037761,0.312466,0.616517,-0.014080,-0.311388
81,0.810000,0.004535,0.333539,0.005428,-0.942710,0.365147,0.080730,-0.266000,0.000854,0.318048,0.065614,-0.278556,0.829501,0.365454,0.115947,-0.153867,0.730710,0.414641,0.060163,-0.276384,0.874381,0.362443,0.081196,-0.355195,0.839377,0.001411,0.036028,0.000539,-0.999350,0.091602,0.009538,0.119553,0.000679,-0.424785,0.008606,0.352706,0.788657,0.558205,-0.010100,0.430840,0.701303,0.145784,0.035049,0.323301,0.623335,-0.362998,0.000851,-0.389898,0.908680,0.016550,0.037233,0.312063,0.845537,0.616858,-0.014412,-0.311696,0.887280,0.318689,0.065531,-0.278628,0.365317,0.116276,-0.152830,0.414241,0.059976,-0.276590,0.362322,0.081176,-0.355826,-0.424544,0.008353,0.351901,0.558877,-0.010538,0.430273,0.144770,0.035394,0.324530,-0.362607,0.000715,-0.389761,0.016407,0.037784,0.312417,0.616423,-0.014405,-0.311692
82,0.820000,0.004525,0.333647,0.005648,-0.942670,0.365167,0.080722,-0.265922,0.000843,0.318065,0.065628,-0.278491,0.834644,0.365463,0.115920,-0.153783,0.726242,0.414655,0.060136,-0.276297,0.878372,0.362484,0.081203,-0.355117,0.839301,0.001315,0.036121,0.000415,-0.999346,0.091592,0.009610,0.119621,0.000683,-0.424839,0.008503,0.352677,0.785835,0.558142,-0.009967,0.430992,0.704378,0.145729,0.035097,0.323384,0.620205,-0.362910,0.000901,-0.389917,0.904036,0.016497,0.037250,0.312122,0.845514,0.616935,-0.014127,-0.311534,0.885183,0.318720,0.065583,-0.278568,0.365324,0.116218,-0.152738,0.414244,0.059984,-0.276509,0.362361,0.081139,-0.355745,-0.424551,0.008345,0.351886,0.558878,-0.010536,0.430263,0.144779,0.035388,0.324533,-0.362610,0.000719,-0.389761,0.016398,0.037781,0.312424,0.616499,-0.014047,-0.311412
83,0.830000,0.004542,0.333734,0.005834,-0.942638,0.365184,0.080732,-0.265814,0.000810,0.318079,0.065656,-0.278393,0.834644,0.365472,0.115920,-0.153672,0.726242,0.414667,0.060130,-0.276182,0.878372,0.362518,0.081223,-0.355009,0.839301,0.001326,0.036131,0.000429,-0.999346,0.091599,0.009607,0.119635,0.000682,-0.424836,0.008521,0.352682,0.785835,0.558142,-0.009976,0.431016,0.704378,0.145733,0.035098,0.323399,0.620205,-0.362894,0.000900,-0.389911,0.904036,0.016501,0.037255,0.312135,0.845514,0.616950,-0.014154,-0.311509,0.885183,0.318728,0.065631,-0.278442,0.365322,0.116197,-0.152665,0.414257,0.059988,-0.276425,0.362413,0.081142,-0.355616,-0.424548,0.008355,0.351884,0.558875,-0.010530,0.430266,0.144777,0.035400,0.324533,-0.362588,0.000729,-0.389764,0.016412,0.037773,0.312472,0.616511,-0.014086,-0.311385
84,0.840000,0.004668,0.333775,0.005561,-0.942625,0.365173,0.080764,-0.265717,0.000819,0.318076,0.065662,-0.278293,0.834024,0.365437,0.115999,-0.153589,0.737852,0.414666,0.060178,-0.276072,0.876326,0.362514,0.081216,-0.354913,0.838554,0.001314,0.036122,0.000430,-0.999346,0.091597,0.009616,0.119619,0.000683,-0.424834,0.008524,0.352675,0.787340,0.558146,-0.009975,0.430991,0.707965,0.145735,0.035101,0.323382,0.618258,-0.362906,0.000921,-0.389919,0.901051,0.016502,0.037259,0.312120,0.845420,0.616939,-0.014137,-0.311535,0.884241,0.318739,0.065639,-0.278325,0.365281,0.116274,-0.152589,0.414256,0.060030,-0.276304,0.362402,0.081141,-0.355544,-0.424549,0.008368,0.351889,0.558865,-0.010544,0.430267,0.144774,0.035392,0.324533,-0.362594,0.000736,-0.389761,0.016413,0.037792,0.312420,0.616500,-0.014054,-0.311415
85,0.850000,0.004594,0.333713,0.005561,-0.942647,0.365184,0.080761,-0.265605,0.000821,0.318086,0.065659,-0.278177,0.834024,0.365460,0.115981,-0.153473,0.737852,0.414676,0.060180,-0.275970,0.876326,0.362513,0.081226,-0.354801,0.838554,0.001311,0.036134,0.000432,-0.999346,0.091595,0.009608,0.119630,0.000691,-0.424842,0.008517,0.352673,0.787340,0.558136,-0.009986,0.431013,0.707965,0.145728,0.035092,0.323394,0.618258,-0.362895,0.000918,-0.389919,0.901051,0.016496,0.037250,0.312129,0.845420,0.616948,-0.014143,-0.311512,0.884241,0.318778,0.065656,-0.278196,0.365291,0.116245,-0.152462,0.414244,0.060042,-0.276218,0.362404,0.081131,-0.355435,-0.424557,0.008364,0.351871,0.558865,-0.010551,0.430267,0.144766,0.035385,0.324540,-0.362567,0.000737,-0.389751,0.016402,0.037768,0.312447,0.616497,-0.014063,-0.311393
86,0.860000,0.004553,0.333670,0.005399,-0.942663,0.365184,0.080757,-0.265521,0.000828,0.318089,0.065639,-0.278089,0.822425,0.365459,0.115981,-0.153390,0.734570,0.414682,0.060192,-0.275890,0.869609,0.362505,0.081218,-0.354717,0.837743,0.001305,0.036132,0.000438,-0.999346,0.091594,0.009610,0.119634,0.000690,-0.424842,0.008522,0.352679,0.781267,0.558136,-0.009994,0.431015,0.704755,0.145728,0.035091,0.323399,0.617995,-0.362898,0.000932,-0.389914,0.901506,0.016496,0.037250,0.312134,0.845987,0.616945,-0.014142,-0.311510,0.879650,0.318799,0.065620,-0.278100,0.365275,0.116265,-0.152384,0.414257,0.060024,-0.276141,0.362383,0.081152,-0.355351,-0.424554,0.008368,0.351867,0.558865,-0.010550,0.430270,0.144766,0.035371,0.324552,-0.362583,0.000752,-0.389759,0.016417,0.037770,0.312454,0.616489,-0.014062,-0.311378
87,0.870000,0.004610,0.333515,0.005288,-0.942719,0.365187,0.080759,-0.265457,0.000839,0.318091,0.065630,-0.278006,0.822425,0.365493,0.116002,-0.153332,0.734570,0.414686,0.060200,-0.275838,0.869609,0.362478,0.081203,-0.354651,0.837743,0.001310,0.036131,0.000438,-0.999346,0.091598,0.009615,0.119629,0.000692,-0.424838,0.008530,0.352674,0.781267,0.558140,-0.009986,0.431009,0.704755,0.145732,0.035098,0.323393,0.617995,-0.362895,0.000933,-0.389918,0.901506,0.016500,0.037257,0.312129,0.845987,0.616948,-0.014141,-0.311516,0.879650,0.318773,0.065589,-0.278037,0.365337,0.116295,-0.152319,0.414260,0.060036,-0.276060,0.362362,0.081149,-0.355299,-0.424561,0.008368,0.351864,0.558872,-0.010561,0.430276,0.144767,0.035364,0.324550,-0.362581,0.000750,-0.389738,0.016414,0.037810,0.312422,0.616508,-0.014057,-0.311395
88,0.880000,0.004649,0.333517,0.005248,-0.942718,0.365171,0.080757,-0.265393,0.000833,0.318076,0.065625,-0.277941,0.826537,0.365475,0.116012,-0.153272,0.736237,0.414671,0.060200,-0.275772,0.875096,0.362463,0.081193,-0.354588,0.835971,0.001325,0.036134,0.000444,-0.999346,0.091587,0.009604,0.119636,0.000698,-0.424850,0.008531,0.352679,0.778678,0.558128,-0.009993,0.431019,0.700531,0.145720,0.035093,0.323399,0.618041,-0.362904,0.000912,-0.389913,0.901707,0.016488,0.037253,0.312134,0.849065,0.616939,-0.014171,-0.311506,0.882004,0.318768,0.065583,-0.277974,0.365310,0.116309,-0.152273,0.414259,0.060021,-0.275991,0.362330,0.081149,-0.355229,-0.424567,0.008367,0.351856,0.558870,-0.010554,0.430265,0.144763,0.035383,0.324554,-0.362600,0.000739,-0.389732,0.016403,0.037774,0.312428,0.616495,-0.014096,-0.311363
89,0.890000,0.004778,0.333567,0.005393,-0.942699,0.365172,0.080768,-0.265339,0.000841,0.318073,0.065651,-0.277890,0.826537,0.365476,0.116040,-0.153223,0.736237,0.414665,0.060192,-0.275710,0.875096,0.362473,0.081191,-0.354534,0.835971,0.001319,0.036134,0.000441,-0.999346,0.091590,0.009603,0.119631,0.000701,-0.424847,0.008525,0.352674,0.778678,0.558130,-0.009996,0.431015,0.700531,0.145723,0.035089,0.323396,0.618041,-0.362900,0.000914,-0.389918,0.901707,0.016491,0.037249,0.312130,0.849065,0.616942,-0.014165,-0.311509,0.882004,0.318775,0.065603,-0.277942,0.365329,0.116333,-0.152222,0.414240,0.060020,-0.275894,0.362328,0.081148,-0.355193,-0.424561,0.008361,0.351853,0.558869,-0.010560,0.430272,0.144762,0.035362,0.324570,-0.362587,0.000737,-0.389752,0.016414,0.037787,0.312423,0.616476,-0.014085,-0.311366
90,0.900000,0.004748,0.333443,0.004984,-0.942745,0.365167,0.080744,-0.265292,0.000835,0.318076,0.065587,-0.277827,0.818948,0.365474,0.116039,-0.153183,0.739084,0.414674,0.060204,-0.275671,0.868135,0.362444,0.081146,-0.354486,0.836470,0.001408,0.036038,0.000555,-0.999349,0.091596,0.009539,0.119565,0.000692,-0.424796,0.008622,0.352708,0.768516,0.558192,-0.010116,0.430862,0.748157,0.145774,0.035048,0.323315,0.591304,-0.362994,0.000872,-0.389895,0.885088,0.016541,0.037236,0.312074,0.829745,0.616860,-0.014424,-0.311673,0.884784,0.318795,0.065515,-0.277873,0.365325,0.116351,-0.152198,0.414224,0.060013,-0.275870,0.362308,0.081130,-0.355126,-0.424563,0.008371,0.351848,0.558876,-0.010559,0.430270,0.144761,0.035373,0.324555,-0.362584,0.000733,-0.389741,0.016411,0.037789,0.312450,0.616400,-0.014410,-0.311661
91,0.910000,0.004583,0.333305,0.004553,-0.942797,0.365173,0.080718,-0.265248,0.000856,0.318093,0.065518,-0.277770,0.818948,0.365481,0.116011,-0.153139,0.739084,0.414696,0.060224,-0.275643,0.868135,0.362424,0.081120,-0.354442,0.836470,0.001314,0.036135,0.000434,-0.999346,0.091587,0.009615,0.119634,0.000704,-0.424850,0.008527,0.352676,0.768516,0.558128,-0.009979,0.431019,0.748157,0.145720,0.035101,0.323399,0.591304,-0.362901,0.000925,-0.389916,0.885088,0.016488,0.037258,0.312133,0.829745,0.616941,-0.014140,-0.311506,0.884784,0.318810,0.065415,-0.277800,0.365334,0.116348,-0.152142,0.414228,0.060015,-0.275847,0.362306,0.081132,-0.355095,-0.424561,0.008377,0.351848,0.558857,-0.010561,0.430272,0.144763,0.035374,0.324561,-0.362571,0.000736,-0.389730,0.016407,0.037794,0.312423,0.616471,-0.014047,-0.311371
92,0.920000,0.004565,0.333265,0.004710,-0.942810,0.365173,0.080702,-0.265229,0.000848,0.318087,0.065517,-0.277749,0.817359,0.365499,0.115979,-0.153115,0.735901,0.414688,0.060195,-0.275631,0.863316,0.362415,0.081117,-0.354423,0.834645,0.001325,0.036136,0.000443,-0.999346,0.091593,0.009605,0.119634,0.000691,-0.424845,0.008532,0.352675,0.776897,0.558133,-0.009993,0.431020,0.703559,0.145726,0.035093,0.323399,0.617909,-0.362895,0.000912,-0.389916,0.899384,0.016494,0.037253,0.312133,0.842929,0.616948,-0.014170,-0.311504,0.882151,0.318812,0.065433,-0.277780,0.365347,0.116301,-0.152121,0.414223,0.059996,-0.275839,0.362292,0.081111,-0.355072,-0.424562,0.008373,0.351844,0.558863,-0.010558,0.430276,0.144772,0.035375,0.324559,-0.362578,0.000731,-0.389748,0.016407,0.037784,0.312458,0.616499,-0.014089,-0.311384
93,0.930000,0.004488,0.333207,0.004524,-0.942832,0.365176,0.080716,-0.265214,0.000844,0.318095,0.065512,-0.277728,0.817359,0.365503,0.115990,-0.153099,0.735901,0.414699,0.060229,-0.275622,0.863316,0.362408,0.081131,-0.354407,0.834645,0.001313,0.036139,0.000431,-0.999346,0.091595,0.009606,0.119635,0.000694,-0.424844,0.008515,0.352673,0.776897,0.558133,-0.009987,0.431022,0.703559,0.145726,0.035091,0.323400,0.617909,-0.362890,0.000913,-0.389919,0.899384,0.016494,0.037248,0.312133,0.842929,0.616952,-0.014146,-0.311502,0.882151,0.318816,0.065434,-0.277767,0.365356,0.116306,-0.152106,0.414237,0.060038,-0.275822,0.362280,0.081119,-0.355057,-0.424559,0.008361,0.351845,0.558854,-0.010573,0.430283,0.144761,0.035376,0.324558,-0.362573,0.000723,-0.389730,0.016405,0.037788,0.312438,0.616516,-0.014055,-0.311384
94,0.940000,0.004675,0.333195,0.004585,-0.942835,0.365171,0.080728,-0.265215,0.000877,0.318086,0.065532,-0.277723,0.815675,0.365509,0.116037,-0.153111,0.723660,0.414688,0.060226,-0.275618,0.861590,0.362400,0.081116,-0.354408,0.832881,0.001315,0.036139,0.000452,-0.999346,0.091591,0.009597,0.119630,0.000696,-0.424848,0.008528,0.352667,0.778053,0.558128,-0.010014,0.431018,0.703114,0.145723,0.035081,0.323395,0.617695,-0.362893,0.000923,-0.389924,0.898125,0.016491,0.037243,0.312128,0.841968,0.616948,-0.014177,-0.311506,0.880923,0.318815,0.065433,-0.277773,0.365361,0.116381,-0.152071,0.414214,0.060023,-0.275819,0.362274,0.081117,-0.355064,-0.424564,0.008354,0.351844,0.558853,-0.010589,0.430274,0.144768,0.035362,0.324556,-0.362576,0.000744,-0.389742,0.016409,0.037797,0.312421,0.616497,-0.014099,-0.311374
95,0.950000,0.004493,0.333135,0.004531,-0.942858,0.365170,0.080709,-0.265202,0.000849,0.318086,0.065506,-0.277709,0.815675,0.365514,0.115984,-0.153087,0.723660,0.414690,0.060221,-0.275618,0.861590,0.362387,0.081124,-0.354394,0.832881,0.001303,0.036135,0.000447,-0.999346,0.091596,0.009595,0.119636,0.000688,-0.424841,0.008515,0.352679,0.778053,0.558136,-0.010019,0.431020,0.703114,0.145729,0.035074,0.323402,0.617695,-0.362893,0.000927,-0.389914,0.898125,0.016497,0.037235,0.312136,0.841968,0.616949,-0.014165,-0.311505,0.880923,0.318801,0.065416,-0.277768,0.365378,0.116310,-0.152078,0.414220,0.060031,-0.275816,0.362264,0.081115,-0.355032,-0.424563,0.008353,0.351842,0.558838,-0.010567,0.430273,0.144768,0.035376,0.324548,-0.362561,0.000749,-0.389732,0.016416,0.037749,0.312474,0.616506,-0.014090,-0.311388
96,0.960000,0.004635,0.333229,0.004632,-0.942823,0.365154,0.080705,-0.265210,0.000839,0.318069,0.065513,-0.277723,0.813618,0.365486,0.116003,-0.153102,0.738005,0.414671,0.060202,-0.275612,0.861805,0.362390,0.081103,-0.354403,0.838473,0.001303,0.036137,0.000437,-0.999346,0.091590,0.009603,0.119630,0.000691,-0.424848,0.008512,0.352670,0.781058,0.558129,-0.010000,0.431015,0.706890,0.145722,0.035084,0.323395,0.615836,-0.362897,0.000926,-0.389922,0.895044,0.016490,0.037243,0.312129,0.843281,0.616945,-0.014145,-0.311509,0.885212,0.318808,0.065419,-0.277761,0.365329,0.116336,-0.152121,0.414208,0.059985,-0.275822,0.362256,0.081115,-0.355035,-0.424561,0.008367,0.351855,0.558837,-0.010577,0.430280,0.144753,0.035356,0.324556,-0.362572,0.000732,-0.389739,0.016397,0.037781,0.312436,0.616510,-0.014052,-0.311396
97,0.970000,0.004484,0.333179,0.004572,-0.942842,0.365165,0.080702,-0.265215,0.000848,0.318082,0.065503,-0.277727,0.813618,0.365501,0.115972,-0.153099,0.738005,0.414685,0.060211,-0.275627,0.861805,0.362391,0.081121,-0.354408,0.838473,0.001294,0.036129,0.000436,-0.999346,0.091589,0.009605,0.119622,0.000693,-0.424846,0.008508,0.352670,0.781058,0.558133,-0.010003,0.431000,0.706890,0.145724,0.035082,0.323387,0.615836,-0.362906,0.000935,-0.389923,0.895044,0.016492,0.037240,0.312123,0.843281,0.616938,-0.014135,-0.311525,0.885212,0.318808,0.065414,-0.277769,0.365352,0.116299,-0.152105,0.414226,0.060007,-0.275825,0.362258,0.081122,-0.355055,-0.424559,0.008351,0.351855,0.558848,-0.010595,0.430266,0.144753,0.035374,0.324544,-0.362576,0.000742,-0.389743,0.016401,0.037788,0.312437,0.616494,-0.014044,-0.311416
98,0.980000,0.004540,0.333235,0.004753,-0.942821,0.365170,0.080717,-0.265235,0.000849,0.318082,0.065536,-0.277752,0.813825,0.365506,0.115986,-0.153118,0.734260,0.414683,0.060208,-0.275641,0.864952,0.362407,0.081139,-0.354428,0.834334,0.001297,0.036135,0.000436,-0.999346,0.091581,0.009607,0.119638,0.000692,-0.424856,0.008513,0.352680,0.778001,0.558121,-0.009999,0.431021,0.701009,0.145714,0.035086,0.323403,0.620808,-0.362908,0.000936,-0.389912,0.894422,0.016481,0.037244,0.312138,0.842694,0.616934,-0.014135,-0.311504,0.879207,0.318822,0.065463,-0.277796,0.365349,0.116305,-0.152116,0.414223,0.060011,-0.275842,0.362267,0.081126,-0.355075,-0.424565,0.008376,0.351852,0.558846,-0.010585,0.430271,0.144752,0.035365,0.324542,-0.362575,0.000741,-0.389742,0.016398,0.037767,0.312478,0.616475,-0.014039,-0.311391
99,0.990000,0.004544,0.333138,0.004657,-0.942856,0.365169,0.080705,-0.265233,0.000840,0.318081,0.065514,-0.277740,0.813825,0.365522,0.115981,-0.153119,0.734260,0.414684,0.060204,-0.275649,0.864952,0.362387,0.081119,-0.354426,0.834334,0.001302,0.036134,0.000445,-0.999346,0.091589,0.009604,0.119633,0.000696,-0.424848,0.008521,0.352676,0.778001,0.558129,-0.010008,0.431016,0.701009,0.145722,0.035083,0.323398,0.620808,-0.362901,0.000936,-0.389917,0.894422,0.016490,0.037244,0.312133,0.842694,0.616942,-0.014152,-0.311508,0.879207,0.318811,0.065421,-0.277784,0.365375,0.116309,-0.152132,0.414212,0.060000,-0.275854,0.362261,0.081122,-0.355061,-0.424553,0.008368,0.351845,0.558855,-0.010583,0.430283,0.144761,0.035366,0.324554,-0.362579,0.000748,-0.389746,0.016404,0.037776,0.312446,0.616483,-0.014063,-0.311383
100,1.000000,0.004650,0.333242,0.004850,-0.942817,0.365176,0.080717,-0.265248,0.000848,0.318085,0.065547,-0.277764,0.813254,0.365520,0.116002,-0.153136,0.734390,0.414685,0.060194,-0.275651,0.864430,0.362415,0.081127,-0.354441,0.834005,0.001289,0.036139,0.000441,-0.999346,0.091588,0.009605,0.119641,0.000696,-0.424851,0.008512,0.352679,0.777574,0.558126,-0.010011,0.431027,0.698324,0.145720,0.035080,0.323407,0.618637,-0.362897,0.000946,-0.389913,0.895964,0.016488,0.037240,0.312141,0.841318,0.616945,-0.014135,-0.311497,0.881399,0.318827,0.065478,-0.277810,0.365367,0.116315,-0.152133,0.414217,0.060005,-0.275850,0.362276,0.081105,-0.355090,-0.424558,0.008362,0.351852,0.558858,-0.010597,0.430267,0.144751,0.035362,0.324551,-0.362570,0.000758,-0.389737,0.016399,0.037772,0.312474,0.616494,-0.014046,-0.311379
101,1.010000,0.004563,0.333169,0.004460,-0.942845,0.365178,0.080706,-0.265236,0.000850,0.318097,0.065497,-0.277744,0.812148,0.365512,0.116001,-0.153128,0.738726,0.414702,0.060221,-0.275645,0.861771,0.362403,0.081105,-0.354429,0.830335,0.002028,0.035817,-0.000152,-0.999356,0.091330,0.009394,0.119876,0.000710,-0.424958,0.008071,0.353249,0.629815,0.558090,-0.009221,0.430990,0.566659,0.145563,0.035239,0.323568,0.682672,-0.363474,-0.000554,-0.389370,0.849029,0.016322,0.037236,0.312382,0.859481,0.616434,-0.014408,-0.311565,0.896666,0.318844,0.065419,-0.277759,0.365353,0.116318,-0.152145,0.414228,0.060020,-0.275846,0.362272,0.081101,-0.355095,-0.424555,0.008360,0.351854,0.558865,-0.010598,0.430275,0.144764,0.035374,0.324544,-0.363743,-0.000911,-0.388964,0.016404,0.037784,0.312473,0.616476,-0.014038,-0.311386
102,1.020000,0.004693,0.333223,0.004861,-0.942824,0.365182,0.080728,-0.265242,0.000858,0.318089,0.065558,-0.277755,0.812148,0.365532,0.116020,-0.153132,0.738726,0.414689,0.060201,-0.275645,0.861771,0.362417,0.081131,-0.354435,0.830335,0.001299,0.036128,0.000443,-0.999346,0.091590,0.009604,0.119628,0.000690,-0.424844,0.008517,0.352677,0.629815,0.558134,-0.010008,0.431006,0.566659,0.145726,0.035082,0.323393,0.682672,-0.362905,0.000936,-0.389916,0.849029,0.016494,0.037242,0.312129,0.859481,0.616938,-0.014148,-0.311519,0.896666,0.318830,0.065495,-0.277811,0.365375,0.116336,-0.152106,0.414232,0.060013,-0.275842,0.362270,0.081103,-0.355085,-0.424553,0.008352,0.351858,0.558859,-0.010596,0.430283,0.144761,0.035381,0.324532,-0.362593,0.000748,-0.389741,0.016410,0.037789,0.312436,0.616495,-0.014062,-0.311400
103,1.030000,0.004487,0.333192,0.004551,-0.942837,0.365178,0.080700,-0.265215,0.000850,0.318096,0.065499,-0.277728,0.813912,0.365510,0.115973,-0.153099,0.736252,0.414700,0.060212,-0.275625,0.862029,0.362407,0.081118,-0.354408,0.833606,0.001315,0.036125,0.000447,-0.999346,0.091588,0.009604,0.119628,0.000693,-0.424845,0.008530,0.352681,0.776493,0.558134,-0.010002,0.431003,0.703853,0.145725,0.035088,0.323392,0.618479,-0.362911,0.000925,-0.389913,0.898054,0.016493,0.037249,0.312129,0.842106,0.616933,-0.014165,-0.311522,0.882883,0.318835,0.065411,-0.277757,0.365355,0.116300,-0.152109,0.414231,0.060004,-0.275829,0.362277,0.081121,-0.355061,-0.424550,0.008368,0.351852,0.558853,-0.010592,0.430270,0.144762,0.035384,0.324538,-0.362598,0.000735,-0.389733,0.016409,0.037795,0.312437,0.616489,-0.014077,-0.311399
104,1.040000,0.004610,0.333293,0.004711,-0.942800,0.365180,0.080713,-0.265200,0.000854,0.318095,0.065529,-0.277721,0.813912,0.365501,0.116000,-0.153089,0.736252,0.414696,0.060204,-0.275597,0.862029,0.362428,0.081120,-0.354394,0.833606,0.001398,0.036032,0.000558,-0.999350,0.091591,0.009539,0.119568,0.000690,-0.424798,0.008619,0.352716,0.776493,0.558191,-0.010125,0.430859,0.703853,0.145772,0.035043,0.323317,0.618479,-0.363005,0.000883,-0.389887,0.898054,0.016538,0.037232,0.312078,0.842106,0.616850,-0.014418,-0.311677,0.882883,0.318829,0.065455,-0.277748,0.365339,0.116321,-0.152084,0.414236,0.060005,-0.275809,0.362298,0.081108,-0.355048,-0.424550,0.008359,0.351855,0.558853,-0.010579,0.430262,0.144762,0.035398,0.324521,-0.362574,0.000740,-0.389727,0.016406,0.037787,0.312471,0.616382,-0.014405,-0.311672
105,1.050000,0.004472,0.333200,0.004485,-0.942835,0.365208,0.080694,-0.265158,0.000841,0.318128,0.065487,-0.277671,0.813315,0.365534,0.115969,-0.153043,0.738152,0.414733,0.060212,-0.275567,0.862029,0.362439,0.081110,-0.354351,0.836655,0.001406,0.036034,0.000568,-0.999349,0.091593,0.009538,0.119564,0.000691,-0.424798,0.008633,0.352710,0.766540,0.558190,-0.010131,0.430857,0.749970,0.145773,0.035044,0.323313,0.595070,-0.363002,0.000884,-0.389893,0.880729,0.016539,0.037236,0.312073,0.830200,0.616852,-0.014437,-0.311679,0.885034,0.318869,0.065398,-0.277709,0.365379,0.116295,-0.152060,0.414265,0.060003,-0.275772,0.362305,0.081114,-0.354990,-0.424554,0.008379,0.351845,0.558850,-0.010583,0.430257,0.144766,0.035381,0.324536,-0.362581,0.000739,-0.389720,0.016411,0.037793,0.312440,0.616393,-0.014419,-0.311662
106,1.060000,0.004560,0.333271,0.004637,-0.942809,0.365222,0.080698,-0.265128,0.000869,0.318138,0.065506,-0.277647,0.813315,0.365542,0.115979,-0.153015,0.738152,0.414741,0.060198,-0.275528,0.862029,0.362466,0.081109,-0.354321,0.836655,0.001393,0.036045,0.000563,-0.999349,0.091579,0.009527,0.119574,0.000689,-0.424816,0.008610,0.352709,0.766540,0.558170,-0.010144,0.430877,0.749970,0.145755,0.035028,0.323325,0.595070,-0.363004,0.000881,-0.389894,0.880729,0.016521,0.037219,0.312082,0.830200,0.616849,-0.014430,-0.311657,0.885034,0.318890,0.065409,-0.277693,0.365380,0.116327,-0.151990,0.414271,0.059979,-0.275734,0.362326,0.081120,-0.354967,-0.424562,0.008353,0.351849,0.558838,-0.010603,0.430257,0.144761,0.035378,0.324541,-0.362576,0.000738,-0.389746,0.016394,0.037772,0.312474,0.616365,-0.014415,-0.311633
107,1.070000,0.004580,0.333441,0.004809,-0.942747,0.365243,0.080687,-0.265074,0.000872,0.318159,0.065512,-0.277612,0.809942,0.365534,0.115960,-0.152958,0.721338,0.414758,0.060172,-0.275458,0.859275,0.362519,0.081106,-0.354268,0.840239,0.001306,0.036138,0.000441,-0.999346,0.091585,0.009599,0.119626,0.000699,-0.424854,0.008515,0.352666,0.779029,0.558123,-0.010007,0.431013,0.700551,0.145717,0.035080,0.323392,0.617902,-0.362901,0.000924,-0.389926,0.893521,0.016485,0.037241,0.312126,0.841605,0.616941,-0.014156,-0.311512,0.875882,0.318908,0.065397,-0.277672,0.365366,0.116333,-0.151922,0.414298,0.059932,-0.275677,0.362376,0.081137,-0.354890,-0.424555,0.008348,0.351851,0.558832,-0.010602,0.430252,0.144763,0.035377,0.324548,-0.362563,0.000737,-0.389748,0.016403,0.037792,0.312427,0.616470,-0.014070,-0.311378
108,1.080000,0.004640,0.333510,0.004547,-0.942724,0.365295,0.080701,-0.265003,0.000878,0.318220,0.065501,-0.277543,0.809942,0.365555,0.116007,-0.152898,0.721338,0.414821,0.060205,-0.275374,0.859275,0.362584,0.081093,-0.354198,0.840239,0.001389,0.036039,0.000569,-0.999349,0.091585,0.009525,0.119561,0.000688,-0.424808,0.008612,0.352702,0.779029,0.558179,-0.010154,0.430858,0.700551,0.145763,0.035024,0.323312,0.617902,-0.363005,0.000888,-0.389900,0.893521,0.016530,0.037216,0.312071,0.841605,0.616849,-0.014435,-0.311677,0.875882,0.318935,0.065393,-0.277612,0.365404,0.116367,-0.151849,0.414374,0.059986,-0.275574,0.362447,0.081107,-0.354838,-0.424559,0.008353,0.351851,0.558821,-0.010612,0.430258,0.144769,0.035361,0.324555,-0.362570,0.000741,-0.389733,0.016399,0.037788,0.312426,0.616373,-0.014416,-0.311659
109,1.090000,0.004752,0.333745,0.004731,-0.942640,0.365357,0.080693,-0.264946,0.000873,0.318281,0.065512,-0.277508,0.825451,0.365575,0.116009,-0.152843,0.721289,0.414880,0.060175,-0.275290,0.872592,0.362690,0.081078,-0.354142,0.835140,0.001301,0.036138,0.000454,-0.999346,0.091580,0.009590,0.119642,0.000695,-0.424859,0.008516,0.352680,0.773921,0.558117,-0.010031,0.431029,0.699641,0.145712,0.035068,0.323407,0.620040,-0.362906,0.000931,-0.389912,0.892286,0.016480,0.037231,0.312141,0.838078,0.616935,-0.014174,-0.311496,0.878027,0.318971,0.065422,-0.277575,0.365425,0.116353,-0.151794,0.414458,0.059971,-0.275490,0.362554,0.081072,-0.354787,-0.424559,0.008357,0.351842,0.558819,-0.010633,0.430261,0.144760,0.035364,0.324555,-0.362565,0.000738,-0.389733,0.016397,0.037777,0.312479,0.616471,-0.014082,-0.311376
110,1.100000,0.004715,0.333900,0.004884,-0.942584,0.365412,0.080681,-0.264892,0.000884,0.318337,0.065514,-0.277473,0.825451,0.365603,0.115978,-0.152784,0.721289,0.414933,0.060152,-0.275224,0.872592,0.362775,0.081081,-0.354089,0.835140,0.001291,0.036142,0.000460,-0.999346,0.091587,0.009588,0.119629,0.000695,-0.424854,0.008514,0.352664,0.773921,0.558122,-0.010045,0.431019,0.699641,0.145718,0.035061,0.323396,0.620040,-0.362895,0.000944,-0.389928,0.892286,0.016486,0.037226,0.312128,0.838078,0.616946,-0.014174,-0.311505,0.878027,0.319001,0.065409,-0.277549,0.365463,0.116335,-0.151719,0.414518,0.059945,-0.275418,0.362647,0.081086,-0.354736,-0.424563,0.008361,0.351840,0.558808,-0.010638,0.430261,0.144762,0.035366,0.324555,-0.362549,0.000749,-0.389732,0.016400,0.037762,0.312438,0.616494,-0.014081,-0.311387
111,1.110000,0.004839,0.334174,0.004834,-0.942487,0.365468,0.080677,-0.264816,0.000902,0.318400,0.065506,-0.277419,0.834130,0.365593,0.116004,-0.152717,0.711459,0.414995,0.060145,-0.275113,0.878192,0.362883,0.081053,-0.354014,0.829865,0.001298,0.036140,0.000462,-0.999346,0.091583,0.009588,0.119640,0.000686,-0.424856,0.008520,0.352677,0.775969,0.558120,-0.010042,0.431028,0.702933,0.145715,0.035063,0.323406,0.620932,-0.362902,0.000940,-0.389915,0.892598,0.016483,0.037229,0.312139,0.844197,0.616939,-0.014181,-0.311496,0.880032,0.319049,0.065402,-0.277514,0.365473,0.116356,-0.151624,0.414579,0.059957,-0.275282,0.362754,0.081044,-0.354682,-0.424559,0.008379,0.351844,0.558803,-0.010643,0.430264,0.144774,0.035388,0.324549,-0.362566,0.000738,-0.389738,0.016406,0.037743,0.312483,0.616485,-0.014082,-0.311380
112,1.120000,0.004752,0.334414,0.004835,-0.942402,0.365528,0.080700,-0.264741,0.000932,0.318467,0.065528,-0.277371,0.834130,0.365594,0.116009,-0.152636,0.711459,0.415062,0.060173,-0.275016,0.878192,0.362988,0.081090,-0.353941,0.829865,0.001292,0.036143,0.000451,-0.999346,0.091579,0.009603,0.119630,0.000701,-0.424863,0.008521,0.352664,0.775969,0.558113,-0.010021,0.431021,0.702933,0.145708,0.035077,0.323396,0.620932,-0.362903,0.000950,-0.389928,0.892598,0.016477,0.037240,0.312129,0.844197,0.616938,-0.014150,-0.311503,0.880032,0.319095,0.065429,-0.277492,0.365481,0.116368,-0.151488,0.414670,0.059992,-0.275163,0.362845,0.081071,-0.354625,-0.424559,0.008368,0.351838,0.558797,-0.010624,0.430260,0.144764,0.035381,0.324551,-0.362550,0.000751,-0.389739,0.016406,0.037780,0.312424,0.616452,-0.014051,-0.311363
113,1.130000,0.006022,0.334195,0.004623,-0.942473,0.365633,0.080823,-0.264619,0.000945,0.318560,0.065641,-0.277188,0.833439,0.365769,0.116416,-0.152604,0.687142,0.415153,0.060248,-0.274866,0.869450,0.363052,0.080989,-0.353818,0.841917,0.001387,0.036051,0.000582,-0.999349,0.091583,0.009520,0.119570,0.000685,-0.424816,0.008620,0.352699,0.764764,0.558169,-0.010173,0.430879,0.753501,0.145757,0.035016,0.323323,0.595490,-0.362994,0.000898,-0.389902,0.879456,0.016524,0.037212,0.312079,0.831797,0.616858,-0.014452,-0.311654,0.883303,0.319176,0.065428,-0.277328,0.365664,0.116895,-0.151453,0.414741,0.059983,-0.275045,0.362933,0.081078,-0.354433,-0.424555,0.008359,0.351833,0.558787,-0.010632,0.430262,0.144766,0.035377,0.324549,-0.362570,0.000749,-0.389727,0.016408,0.037769,0.312437,0.616393,-0.014433,-0.311617
114,1.140000,0.005893,0.334399,0.004339,-0.942403,0.365675,0.080812,-0.264500,0.000963,0.318616,0.065600,-0.277091,0.833439,0.365740,0.116399,-0.152484,0.687142,0.415212,0.060267,-0.274727,0.869450,0.363131,0.080980,-0.353701,0.841917,0.001382,0.036054,0.000577,-0.999349,0.091588,0.009525,0.119568,0.000684,-0.424812,0.008616,0.352694,0.764764,0.558173,-0.010167,0.430879,0.753501,0.145761,0.035020,0.323321,0.595490,-0.362986,0.000903,-0.389907,0.879456,0.016528,0.037214,0.312076,0.831797,0.616865,-0.014438,-0.311654,0.883303,0.319238,0.065360,-0.277239,0.365634,0.116917,-0.151311,0.414795,0.059979,-0.274906,0.363011,0.081096,-0.354308,-0.424560,0.008354,0.351828,0.558780,-0.010628,0.430251,0.144764,0.035384,0.324538,-0.362555,0.000753,-0.389721,0.016416,0.037774,0.312447,0.616412,-0.014419,-0.311625
115,1.150000,0.005440,0.334452,0.003898,-0.942389,0.365711,0.080836,-0.264266,0.000902,0.318671,0.065579,-0.276869,0.825955,0.365723,0.116361,-0.152229,0.710434,0.415272,0.060354,-0.274498,0.866622,0.363177,0.081051,-0.353466,0.840799,0.001288,0.036149,0.000466,-0.999345,0.091592,0.009596,0.119655,0.000688,-0.424852,0.008527,0.352682,0.770530,0.558122,-0.010044,0.431051,0.697979,0.145720,0.035067,0.323422,0.626620,-0.362884,0.000962,-0.389908,0.890433,0.016488,0.037234,0.312153,0.843492,0.616956,-0.014168,-0.311472,0.877838,0.319319,0.065369,-0.277015,0.365639,0.116798,-0.151160,0.414827,0.060100,-0.274645,0.363047,0.081142,-0.354083,-0.424553,0.008379,0.351827,0.558797,-0.010650,0.430252,0.144782,0.035399,0.324536,-0.362542,0.000765,-0.389717,0.016431,0.037742,0.312514,0.616494,-0.014073,-0.311342
116,1.160000,0.004140,0.335053,0.004319,-0.942180,0.365697,0.080695,-0.263985,0.000864,0.318674,0.065468,-0.276691,0.825955,0.365562,0.115914,-0.151852,0.710434,0.415273,0.060245,-0.274210,0.866622,0.363277,0.081153,-0.353188,0.840799,0.001301,0.036145,0.000451,-0.999346,0.091580,0.009607,0.119637,0.000700,-0.424862,0.008530,0.352669,0.770530,0.558114,-0.010012,0.431030,0.697979,0.145709,0.035085,0.323403,0.626620,-0.362899,0.000946,-0.389922,0.890433,0.016478,0.037247,0.312135,0.843492,0.616941,-0.014154,-0.311494,0.877838,0.319343,0.065335,-0.276817,0.365481,0.116262,-0.150814,0.414790,0.060068,-0.274364,0.363163,0.081160,-0.353818,-0.424545,0.008360,0.351815,0.558774,-0.010623,0.430244,0.144776,0.035408,0.324532,-0.362557,0.000752,-0.389709,0.016411,0.037792,0.312434,0.616475,-0.014061,-0.311342
117,1.170000,0.003935,0.335076,0.003940,-0.942175,0.365733,0.080646,-0.263643,0.000809,0.318724,0.065381,-0.276353,0.826970,0.365563,0.115851,-0.151506,0.756377,0.415327,0.060240,-0.273868,0.869121,0.363317,0.081114,-0.352846,0.835376,0.001393,0.036049,0.000586,-0.999349,0.091574,0.009535,0.119565,0.000691,-0.424824,0.008641,0.352696,0.762460,0.558161,-0.010159,0.430872,0.752232,0.145749,0.035033,0.323317,0.597879,-0.363005,0.000910,-0.389906,0.871257,0.016516,0.037229,0.312073,0.831268,0.616846,-0.014447,-0.311662,0.876911,0.319405,0.065275,-0.276419,0.365467,0.116149,-0.150583,0.414854,0.060065,-0.274010,0.363198,0.081118,-0.353494,-0.424553,0.008372,0.351826,0.558764,-0.010619,0.430233,0.144757,0.035392,0.324531,-0.362550,0.000764,-0.389715,0.016403,0.037793,0.312427,0.616356,-0.014429,-0.311613
118,1.180000,0.004189,0.335325,0.004001,-0.942085,0.365760,0.080655,-0.263355,0.000829,0.318754,0.065397,-0.276083,0.826970,0.365541,0.115909,-0.151233,0.756377,0.415353,0.060230,-0.273545,0.869121,0.363391,0.081084,-0.352559,0.835376,0.001297,0.036146,0.000461,-0.999346,0.091578,0.009606,0.119632,0.000697,-0.424864,0.008537,0.352663,0.762460,0.558111,-0.010024,0.431026,0.752232,0.145707,0.035082,0.323399,0.597879,-0.362900,0.000958,-0.389928,0.871257,0.016476,0.037247,0.312131,0.831268,0.616940,-0.014161,-0.311497,0.876911,0.319403,0.065271,-0.276171,0.365462,0.116226,-0.150268,0.414876,0.060062,-0.273691,0.363292,0.081090,-0.353201,-0.424554,0.008364,0.351819,0.558750,-0.010626,0.430219,0.144748,0.035394,0.324533,-0.362543,0.000767,-0.389712,0.016410,0.037799,0.312459,0.616491,-0.014073,-0.311360
119,1.190000,0.004117,0.335518,0.003952,-0.942016,0.365760,0.080649,-0.262980,0.000847,0.318761,0.065386,-0.275728,0.846654,0.365490,0.115891,-0.150854,0.733231,0.415361,0.060232,-0.273151,0.878115,0.363428,0.081087,-0.352185,0.836856,0.001293,0.036139,0.000441,-0.999346,0.091566,0.009600,0.119635,0.000707,-0.424874,0.008509,0.352673,0.766869,0.558103,-0.010014,0.431023,0.700244,0.145697,0.035076,0.323401,0.621742,-0.362919,0.000938,-0.389919,0.883247,0.016465,0.037236,0.312135,0.842867,0.616923,-0.014143,-0.311502,0.873612,0.319357,0.065278,-0.275828,0.365413,0.116206,-0.149837,0.414924,0.060082,-0.273309,0.363337,0.081064,-0.352831,-0.424557,0.008351,0.351810,0.558756,-0.010598,0.430204,0.144741,0.035369,0.324537,-0.362550,0.000749,-0.389703,0.016401,0.037765,0.312469,0.616448,-0.014053,-0.311352
120,1.200000,0.004180,0.335772,0.004085,-0.941925,0.365785,0.080615,-0.262532,0.000847,0.318788,0.065365,-0.275306,0.846654,0.365464,0.115861,-0.150408,0.733231,0.415385,0.060183,-0.272676,0.878115,0.363501,0.081051,-0.351739,0.836856,0.001379,0.036044,0.000569,-0.999349,0.091574,0.009535,0.119558,0.000701,-0.424822,0.008617,0.352694,0.766869,0.558165,-0.010151,0.430860,0.700244,0.145750,0.035029,0.323310,0.621742,-0.363010,0.000909,-0.389908,0.883247,0.016516,0.037222,0.312068,0.842867,0.616842,-0.014417,-0.311674,0.873612,0.319487,0.065312,-0.275406,0.365304,0.116185,-0.149344,0.414966,0.060004,-0.272904,0.363360,0.081002,-0.352331,-0.424557,0.008352,0.351808,0.558753,-0.010603,0.430199,0.144733,0.035361,0.324563,-0.362555,0.000762,-0.389710,0.016424,0.037791,0.312423,0.616354,-0.014395,-0.311609
121,1.210000,0.004261,0.335909,0.004114,-0.941876,0.365779,0.080609,-0.262131,0.000848,0.318785,0.065363,-0.274917,0.825301,0.365430,0.115870,-0.150012,0.728248,0.415380,0.060170,-0.272258,0.877400,0.363522,0.081033,-0.351338,0.837390,0.001386,0.036041,0.000579,-0.999349,0.091577,0.009519,0.119570,0.000700,-0.424817,0.008614,0.352710,0.754902,0.558170,-0.010172,0.430869,0.752282,0.145755,0.035015,0.323321,0.592088,-0.363011,0.000895,-0.389893,0.866531,0.016522,0.037210,0.312080,0.833929,0.616842,-0.014449,-0.311666,0.877353,0.319477,0.065304,-0.274998,0.365280,0.116183,-0.148982,0.414967,0.059989,-0.272450,0.363375,0.080997,-0.351971,-0.424557,0.008359,0.351800,0.558748,-0.010605,0.430190,0.144741,0.035361,0.324552,-0.362540,0.000753,-0.389685,0.016432,0.037741,0.312469,0.616355,-0.014432,-0.311607
122,1.220000,0.004398,0.335842,0.003798,-0.941901,0.365785,0.080604,-0.261680,0.000859,0.318797,0.065328,-0.274451,0.825301,0.365435,0.115917,-0.149577,0.728248,0.415395,0.060185,-0.271804,0.877400,0.363514,0.080985,-0.350887,0.837390,0.001303,0.036135,0.000449,-0.999346,0.091560,0.009603,0.119640,0.000728,-0.424877,0.008525,0.352682,0.754902,0.558100,-0.010012,0.431024,0.752282,0.145694,0.035082,0.323406,0.592088,-0.362929,0.000937,-0.389910,0.866531,0.016462,0.037244,0.312140,0.833929,0.616913,-0.014157,-0.311501,0.877353,0.319523,0.065232,-0.274481,0.365296,0.116239,-0.148583,0.414909,0.059993,-0.271988,0.363399,0.080985,-0.351561,-0.424553,0.008364,0.351795,0.558739,-0.010603,0.430187,0.144728,0.035386,0.324553,-0.362553,0.000749,-0.389657,0.016404,0.037769,0.312438,0.616434,-0.014064,-0.311327
123,1.230000,0.004357,0.335897,0.002975,-0.941884,0.365738,0.080597,-0.261240,0.000813,0.318775,0.065241,-0.274009,0.831248,0.365320,0.115963,-0.149154,0.744828,0.415381,0.060252,-0.271350,0.860781,0.363476,0.080932,-0.350448,0.845258,0.001313,0.036140,0.000451,-0.999346,0.091566,0.009605,0.119632,0.000717,-0.424873,0.008535,0.352668,0.764782,0.558103,-0.010006,0.431021,0.700628,0.145698,0.035088,0.323397,0.614797,-0.362918,0.000932,-0.389923,0.881856,0.016466,0.037251,0.312130,0.846770,0.616924,-0.014167,-0.311503,0.876575,0.319439,0.065141,-0.274073,0.365218,0.116270,-0.148186,0.414886,0.060096,-0.271551,0.363399,0.080910,-0.351061,-0.424558,0.008370,0.351798,0.558725,-0.010574,0.430170,0.144726,0.035360,0.324562,-0.362559,0.000751,-0.389674,0.016416,0.037786,0.312425,0.616472,-0.014081,-0.311324
124,1.240000,0.003860,0.335706,0.002459,-0.941956,0.365676,0.080620,-0.260723,0.000867,0.318728,0.065210,-0.273482,0.831248,0.365257,0.115919,-0.148616,0.744828,0.415341,0.060346,-0.270865,0.860781,0.363377,0.081005,-0.349930,0.845258,0.001392,0.036041,0.000585,-0.999349,0.091562,0.009526,0.119579,0.000696,-0.424832,0.008631,0.352718,0.764782,0.558155,-0.010168,0.430879,0.700628,0.145740,0.035024,0.323330,0.614797,-0.363026,0.000902,-0.389884,0.881856,0.016507,0.037220,0.312088,0.846770,0.616827,-0.014454,-0.311656,0.876575,0.319407,0.065086,-0.273574,0.365128,0.116285,-0.147572,0.414894,0.060134,-0.271062,0.363257,0.081023,-0.350548,-0.424560,0.008366,0.351801,0.558697,-0.010591,0.430168,0.144707,0.035370,0.324548,-0.362577,0.000765,-0.389676,0.016434,0.037752,0.312508,0.616380,-0.014444,-0.311587
125,1.250000,0.003939,0.335883,0.002059,-0.941893,0.365621,0.080630,-0.260215,0.000813,0.318689,0.065181,-0.272984,0.824919,0.365137,0.115976,-0.148123,0.741630,0.415305,0.060386,-0.270329,0.876654,0.363355,0.080975,-0.349422,0.847391,0.001294,0.036148,0.000473,-0.999346,0.091558,0.009603,0.119643,0.000726,-0.424886,0.008545,0.352671,0.761507,0.558088,-0.010041,0.431038,0.698661,0.145687,0.035075,0.323410,0.615223,-0.362918,0.000969,-0.389920,0.877930,0.016455,0.037244,0.312141,0.841861,0.616921,-0.014175,-0.311485,0.877593,0.319370,0.065080,-0.273112,0.365021,0.116305,-0.147150,0.414884,0.060185,-0.270490,0.363200,0.080980,-0.350012,-0.424547,0.008359,0.351799,0.558677,-0.010604,0.430150,0.144693,0.035367,0.324549,-0.362538,0.000799,-0.389666,0.016405,0.037780,0.312472,0.616471,-0.014102,-0.311304
126,1.260000,0.004068,0.335869,0.001665,-0.941899,0.365577,0.080631,-0.259664,0.000798,0.318654,0.065145,-0.272424,0.821265,0.365073,0.116033,-0.147590,0.754385,0.415273,0.060414,-0.269770,0.875237,0.363308,0.080930,-0.348871,0.846180,0.001286,0.036149,0.000459,-0.999345,0.091551,0.009606,0.119651,0.000718,-0.424893,0.008529,0.352679,0.761453,0.558082,-0.010029,0.431047,0.698590,0.145679,0.035077,0.323418,0.618257,-0.362924,0.000966,-0.389912,0.878355,0.016448,0.037242,0.312150,0.841469,0.616916,-0.014150,-0.311476,0.877551,0.319342,0.065014,-0.272570,0.364984,0.116364,-0.146669,0.414835,0.060204,-0.269885,0.363140,0.080965,-0.349462,-0.424549,0.008355,0.351806,0.558639,-0.010611,0.430150,0.144697,0.035362,0.324552,-0.362554,0.000783,-0.389654,0.016422,0.037786,0.312474,0.616472,-0.014064,-0.311287
127,1.270000,0.004302,0.335721,0.001881,-0.941950,0.365538,0.080672,-0.258998,0.000804,0.318603,0.065210,-0.271740,0.821265,0.365089,0.116108,-0.146935,0.754385,0.415220,0.060425,-0.269114,0.875237,0.363241,0.080946,-0.348205,0.846180,0.001296,0.036144,0.000473,-0.999346,0.091546,0.009614,0.119639,0.000717,-0.424896,0.008556,0.352672,0.761453,0.558079,-0.010029,0.431031,0.698590,0.145676,0.035087,0.323406,0.618257,-0.362935,0.000978,-0.389920,0.878355,0.016445,0.037255,0.312138,0.841469,0.616906,-0.014165,-0.311492,0.877551,0.319446,0.065215,-0.271902,0.364897,0.116384,-0.146054,0.414846,0.060209,-0.269305,0.362972,0.080898,-0.348685,-0.424553,0.008371,0.351805,0.558598,-0.010571,0.430104,0.144677,0.035364,0.324553,-0.362562,0.000811,-0.389653,0.016426,0.037788,0.312469,0.616485,-0.014096,-0.311294
128,1.280000,0.004669,0.336219,0.002028,-0.941770,0.365532,0.080687,-0.258364,0.000832,0.318602,0.065242,-0.271145,0.825485,0.364982,0.116190,-0.146322,0.736674,0.415213,0.060408,-0.268415,0.876527,0.363329,0.080909,-0.347573,0.841476,0.001271,0.036133,0.000478,-0.999346,0.091545,0.009622,0.119629,0.000717,-0.424891,0.008557,0.352673,0.760617,0.558085,-0.010040,0.431009,0.708349,0.145680,0.035085,0.323395,0.611562,-0.362947,0.001015,-0.389920,0.872181,0.016449,0.037255,0.312131,0.843567,0.616895,-0.014140,-0.311516,0.884136,0.319293,0.065152,-0.271183,0.364788,0.116544,-0.145349,0.414856,0.060148,-0.268635,0.363169,0.080942,-0.348185,-0.424552,0.008367,0.351798,0.558546,-0.010554,0.430069,0.144662,0.035378,0.324531,-0.362551,0.000853,-0.389640,0.016460,0.037768,0.312488,0.616479,-0.014079,-0.311320
129,1.290000,0.004866,0.336038,0.001921,-0.941834,0.365498,0.080677,-0.257597,0.000872,0.318564,0.065223,-0.270354,0.825485,0.364989,0.116230,-0.145570,0.736674,0.415177,0.060397,-0.267658,0.876527,0.363261,0.080860,-0.346805,0.841476,0.001283,0.036138,0.000491,-0.999346,0.091540,0.009604,0.119635,0.000715,-0.424899,0.008558,0.352674,0.760617,0.558077,-0.010063,0.431021,0.708349,0.145674,0.035070,0.323402,0.611562,-0.362947,0.000998,-0.389918,0.872181,0.016442,0.037243,0.312136,0.843567,0.616893,-0.014181,-0.311504,0.884136,0.319190,0.065120,-0.270388,0.364852,0.116573,-0.144522,0.414743,0.060211,-0.267887,0.363189,0.080849,-0.347454,-0.424553,0.008366,0.351798,0.558539,-0.010596,0.430046,0.144657,0.035378,0.324529,-0.362571,0.000837,-0.389642,0.016466,0.037754,0.312503,0.616487,-0.014121,-0.311296
130,1.300000,0.005247,0.336338,0.001829,-0.941725,0.365457,0.080664,-0.256855,0.000835,0.318530,0.065203,-0.269630,0.842619,0.364880,0.116304,-0.144857,0.729157,0.415141,0.060372,-0.266869,0.875389,0.363277,0.080777,-0.346065,0.848820,0.001279,0.036123,0.000462,-0.999346,0.091513,0.009627,0.119618,0.000732,-0.424919,0.008550,0.352673,0.757654,0.558059,-0.010015,0.430989,0.695870,0.145651,0.035095,0.323383,0.612754,-0.362989,0.000998,-0.389921,0.868127,0.016419,0.037260,0.312121,0.840446,0.616854,-0.014125,-0.311537,0.880220,0.319148,0.065105,-0.269700,0.364740,0.116649,-0.143839,0.414746,0.060173,-0.267099,0.363178,0.080769,-0.346662,-0.424549,0.008369,0.351795,0.558491,-0.010589,0.430007,0.144628,0.035370,0.324513,-0.362598,0.000819,-0.389617,0.016449,0.037807,0.312449,0.616436,-0.014041,-0.311319
131,1.310000,0.005790,0.336751,0.001694,-0.941574,0.365380,0.080640,-0.255935,0.000823,0.318463,0.065170,-0.268734,0.842619,0.364709,0.116405,-0.143977,0.729157,0.415071,0.060332,-0.265883,0.875389,0.363279,0.080654,-0.345147,0.848820,0.001284,0.036118,0.000479,-0.999347,0.091506,0.009617,0.119613,0.000737,-0.424924,0.008560,0.352673,0.757654,0.558055,-0.010038,0.430980,0.695870,0.145647,0.035085,0.323378,0.612754,-0.363002,0.001000,-0.389922,0.868127,0.016415,0.037255,0.312117,0.840446,0.616842,-0.014157,-0.311547,0.880220,0.319118,0.065142,-0.268727,0.364577,0.116659,-0.143029,0.414631,0.060200,-0.266059,0.363185,0.080580,-0.345850,-0.424542,0.008362,0.351793,0.558456,-0.010600,0.429994,0.144610,0.035391,0.324482,-0.362596,0.000829,-0.389605,0.016451,0.037793,0.312454,0.616428,-0.014085,-0.311327
132,1.320000,0.005253,0.336378,0.001831,-0.941711,0.365372,0.080625,-0.254826,0.000782,0.318446,0.065164,-0.267605,0.815627,0.364786,0.116266,-0.142828,0.754581,0.415057,0.060333,-0.264836,0.866822,0.363200,0.080737,-0.344037,0.894889,0.001283,0.036133,0.000483,-0.999346,0.091510,0.009621,0.119602,0.000738,-0.424926,0.008568,0.352645,0.763603,0.558050,-0.010038,0.430983,0.687712,0.145646,0.035088,0.323368,0.610673,-0.362981,0.001008,-0.389947,0.863039,0.016414,0.037259,0.312103,0.841997,0.616860,-0.014156,-0.311541,0.889923,0.319156,0.065108,-0.267796,0.364643,0.116580,-0.141909,0.414641,0.060141,-0.265108,0.363038,0.080695,-0.344422,-0.424547,0.008377,0.351801,0.558435,-0.010628,0.429952,0.144600,0.035379,0.324484,-0.362591,0.000838,-0.389603,0.016443,0.037812,0.312408,0.616487,-0.014079,-0.311322
133,1.330000,0.005762,0.336908,0.002661,-0.941516,0.365436,0.080676,-0.253913,0.000881,0.318495,0.065299,-0.266739,0.815627,0.364791,0.116363,-0.141931,0.754581,0.415094,0.060285,-0.263858,0.866822,0.363365,0.080756,-0.343126,0.894889,0.001365,0.036036,0.000611,-0.999349,0.091494,0.009536,0.119539,0.000718,-0.424897,0.008654,0.352683,0.763603,0.558089,-0.010198,0.430833,0.687712,0.145676,0.035020,0.323290,0.610673,-0.363098,0.000963,-0.389921,0.863039,0.016443,0.037224,0.312050,0.841997,0.616754,-0.014446,-0.311703,0.889923,0.319103,0.065210,-0.266809,0.364688,0.116680,-0.140888,0.414681,0.060127,-0.264004,0.363260,0.080726,-0.343824,-0.424551,0.008369,0.351806,0.558364,-0.010646,0.429952,0.144577,0.035371,0.324498,-0.362615,0.000825,-0.389607,0.016456,0.037793,0.312452,0.616392,-0.014433,-0.311587
134,1.340000,0.005175,0.337306,0.002805,-0.941377,0.365545,0.080784,-0.252775,0.000813,0.318617,0.065417,-0.265659,0.815227,0.364799,0.116337,-0.140750,0.750473,0.415213,0.060411,-0.262702,0.873895,0.363550,0.080971,-0.341989,0.853704,0.001346,0.036050,0.000617,-0.999349,0.091487,0.009542,0.119547,0.000721,-0.424911,0.008656,0.352677,0.755909,0.558073,-0.010209,0.430853,0.731028,0.145663,0.035018,0.323301,0.584471,-0.363092,0.000993,-0.389925,0.853439,0.016430,0.037223,0.312058,0.826993,0.616759,-0.014429,-0.311681,0.903479,0.319327,0.065287,-0.265819,0.364692,0.116683,-0.139820,0.414784,0.060185,-0.262840,0.363368,0.081010,-0.342544,-0.424563,0.008370,0.351811,0.558343,-0.010650,0.429910,0.144561,0.035387,0.324489,-0.362609,0.000869,-0.389616,0.016458,0.037764,0.312488,0.616396,-0.014429,-0.311549
135,1.350000,0.004664,0.337236,0.002774,-0.941405,0.365703,0.080771,-0.251523,0.000770,0.318780,0.065397,-0.264414,0.815227,0.364961,0.116219,-0.139464,0.750473,0.415379,0.060428,-0.261477,0.873895,0.363695,0.081041,-0.340737,0.853704,0.001270,0.036148,0.000503,-0.999346,0.091468,0.009621,0.119615,0.000740,-0.424976,0.008580,0.352643,0.755909,0.557997,-0.010065,0.431010,0.731028,0.145598,0.035080,0.323384,0.584471,-0.363009,0.001038,-0.389948,0.853439,0.016367,0.037256,0.312115,0.826993,0.616830,-0.014165,-0.311513,0.903479,0.319553,0.065347,-0.264674,0.364823,0.116514,-0.138638,0.414990,0.060215,-0.261688,0.363449,0.081020,-0.341062,-0.424565,0.008376,0.351813,0.558269,-0.010662,0.429920,0.144539,0.035397,0.324475,-0.362637,0.000874,-0.389612,0.016457,0.037805,0.312458,0.616488,-0.014096,-0.311285
136,1.360000,0.005041,0.338356,0.002983,-0.941000,0.365864,0.080839,-0.250363,0.000850,0.318961,0.065487,-0.263357,0.788201,0.364877,0.116352,-0.138327,0.744757,0.415550,0.060458,-0.260187,0.862673,0.364068,0.081058,-0.339581,0.890186,0.001256,0.036140,0.000500,-0.999346,0.091458,0.009616,0.119610,0.000749,-0.424982,0.008565,0.352646,0.760810,0.557993,-0.010076,0.430997,0.682842,0.145592,0.035069,0.323378,0.607366,-0.363026,0.001045,-0.389946,0.869690,0.016360,0.037245,0.312112,0.835460,0.616813,-0.014154,-0.311527,0.899805,0.319754,0.065353,-0.263624,0.364746,0.116728,-0.137387,0.415105,0.060213,-0.260396,0.363854,0.081093,-0.339963,-0.424560,0.008358,0.351813,0.558236,-0.010672,0.429904,0.144513,0.035379,0.324478,-0.362672,0.000879,-0.389602,0.016463,0.037803,0.312445,0.616497,-0.014083,-0.311292
137,1.370000,0.005857,0.339159,0.004649,-0.940699,0.365963,0.080920,-0.249051,0.000752,0.319026,0.065736,-0.262120,0.788201,0.364913,0.116484,-0.137032,0.744757,0.415590,0.060353,-0.258780,0.862673,0.364322,0.081109,-0.338272,0.890186,0.001349,0.036035,0.000629,-0.999350,0.091444,0.009535,0.119530,0.000758,-0.424947,0.008663,0.352676,0.760810,0.558039,-0.010226,0.430822,0.682842,0.145627,0.035010,0.323282,0.607366,-0.363150,0.000995,-0.389928,0.869690,0.016394,0.037218,0.312043,0.835460,0.616702,-0.014451,-0.311714,0.899805,0.319757,0.065777,-0.262263,0.364721,0.116731,-0.136151,0.415256,0.060184,-0.259039,0.364106,0.081003,-0.338701,-0.424549,0.008364,0.351806,0.558169,-0.010653,0.429898,0.144478,0.035376,0.324457,-0.362685,0.000867,-0.389591,0.016482,0.037770,0.312459,0.616395,-0.014448,-0.311582
138,1.380000,0.005788,0.339499,0.004973,-0.940576,0.366035,0.080923,-0.247553,0.000834,0.319099,0.065769,-0.260661,0.817960,0.364924,0.116448,-0.135522,0.736516,0.415658,0.060331,-0.257253,0.890041,0.364459,0.081143,-0.336776,0.879459,0.001239,0.036144,0.000509,-0.999346,0.091427,0.009614,0.119597,0.000792,-0.425015,0.008564,0.352629,0.759093,0.557959,-0.010096,0.430987,0.683400,0.145559,0.035060,0.323367,0.606867,-0.363053,0.001068,-0.389963,0.858744,0.016328,0.037238,0.312099,0.833282,0.616786,-0.014150,-0.311537,0.895936,0.319785,0.065750,-0.260905,0.364773,0.116753,-0.134525,0.415321,0.060159,-0.257478,0.364244,0.081061,-0.337199,-0.424563,0.008368,0.351801,0.558115,-0.010704,0.429887,0.144454,0.035364,0.324443,-0.362657,0.000892,-0.389600,0.016471,0.037797,0.312434,0.616450,-0.014067,-0.311306
139,1.390000,0.005843,0.339969,0.005367,-0.940403,0.366003,0.080975,-0.246023,0.000799,0.319070,0.065860,-0.259181,0.817960,0.364807,0.116484,-0.133988,0.736516,0.415620,0.060346,-0.255676,0.890041,0.364517,0.081211,-0.335247,0.879459,0.001293,0.036053,0.000650,-0.999349,0.091417,0.009532,0.119521,0.000790,-0.424983,0.008653,0.352647,0.759093,0.558000,-0.010281,0.430828,0.683400,0.145594,0.034982,0.323278,0.606867,-0.363159,0.001066,-0.389955,0.858744,0.016361,0.037197,0.312034,0.833282,0.616690,-0.014425,-0.311706,0.895936,0.319807,0.065886,-0.259395,0.364649,0.116738,-0.133066,0.415271,0.060194,-0.255876,0.364276,0.081101,-0.335689,-0.424558,0.008343,0.351792,0.558066,-0.010744,0.429902,0.144427,0.035358,0.324409,-0.362666,0.000927,-0.389601,0.016489,0.037782,0.312444,0.616369,-0.014412,-0.311580
140,1.400000,0.005324,0.339839,0.004465,-0.940458,0.366018,0.080960,-0.244405,0.000733,0.319112,0.065753,-0.257555,0.821518,0.364781,0.116425,-0.132357,0.778010,0.415674,0.060436,-0.254081,0.885608,0.364506,0.081225,-0.333629,0.885119,0.001299,0.036064,0.000651,-0.999348,0.091415,0.009542,0.119516,0.000806,-0.424990,0.008666,0.352631,0.749788,0.557991,-0.010269,0.430833,0.738390,0.145587,0.034994,0.323274,0.582536,-0.363150,0.001071,-0.389971,0.840971,0.016354,0.037208,0.312027,0.819464,0.616697,-0.014421,-0.311700,0.916605,0.319799,0.065743,-0.257749,0.364658,0.116672,-0.131513,0.415292,0.060295,-0.254288,0.364320,0.081138,-0.334040,-0.424549,0.008355,0.351788,0.558027,-0.010739,0.429899,0.144409,0.035357,0.324401,-0.362655,0.000931,-0.389596,0.016484,0.037806,0.312412,0.616390,-0.014406,-0.311571
141,1.410000,0.005600,0.340073,0.004207,-0.940373,0.366034,0.081070,-0.242700,0.000846,0.319138,0.065840,-0.255862,0.821518,0.364731,0.116613,-0.130677,0.778010,0.415701,0.060554,-0.252337,0.885608,0.364566,0.081272,-0.331924,0.885119,0.001286,0.036069,0.000671,-0.999348,0.091414,0.009519,0.119530,0.000802,-0.424993,0.008658,0.352640,0.749788,0.557987,-0.010318,0.430851,0.738390,0.145586,0.034964,0.323289,0.582536,-0.363146,0.001080,-0.389961,0.840971,0.016353,0.037184,0.312041,0.819464,0.616700,-0.014453,-0.311682,0.916605,0.319897,0.065728,-0.256111,0.364565,0.116997,-0.129732,0.415332,0.060281,-0.252566,0.364328,0.081310,-0.332300,-0.424553,0.008352,0.351788,0.557973,-0.010789,0.429980,0.144393,0.035361,0.324402,-0.362667,0.000923,-0.389584,0.016522,0.037775,0.312436,0.616421,-0.014428,-0.311584
142,1.420000,0.005239,0.340492,0.003941,-0.940224,0.365986,0.080946,-0.240916,0.000873,0.319113,0.065688,-0.254127,0.801145,0.364557,0.116433,-0.128876,0.734773,0.415676,0.060472,-0.250518,0.882282,0.364596,0.081191,-0.330141,0.879971,0.001276,0.036077,0.000682,-0.999348,0.091412,0.009519,0.119531,0.000810,-0.424999,0.008664,0.352633,0.749389,0.557978,-0.010335,0.430859,0.756989,0.145580,0.034958,0.323292,0.584960,-0.363141,0.001100,-0.389967,0.841049,0.016348,0.037181,0.312041,0.814977,0.616703,-0.014456,-0.311673,0.928383,0.319845,0.065593,-0.254424,0.364433,0.116793,-0.127886,0.415298,0.060251,-0.250691,0.364352,0.081186,-0.330555,-0.424553,0.008362,0.351788,0.557955,-0.010808,0.430010,0.144367,0.035354,0.324353,-0.362661,0.000937,-0.389583,0.016532,0.037774,0.312445,0.616433,-0.014426,-0.311583
143,1.430000,0.005340,0.340893,0.005116,-0.940073,0.365924,0.080876,-0.238906,0.000703,0.319028,0.065733,-0.252168,0.801145,0.364478,0.116298,-0.126846,0.734773,0.415576,0.060295,-0.248478,0.882282,0.364612,0.081178,-0.328133,0.879971,0.001278,0.036080,0.000688,-0.999348,0.091384,0.009516,0.119537,0.000826,-0.425029,0.008668,0.352635,0.749389,0.557948,-0.010343,0.430869,0.756989,0.145551,0.034955,0.323298,0.584960,-0.363165,0.001101,-0.389964,0.841049,0.016319,0.037180,0.312047,0.814977,0.616679,-0.014466,-0.311662,0.928383,0.319776,0.065791,-0.252285,0.364317,0.116495,-0.126054,0.415200,0.060167,-0.248675,0.364398,0.081054,-0.328600,-0.424536,0.008356,0.351800,0.557846,-0.010815,0.430022,0.144346,0.035359,0.324337,-0.362696,0.000940,-0.389585,0.016543,0.037770,0.312445,0.616418,-0.014438,-0.311574
144,1.440000,0.004749,0.340711,0.005918,-0.940138,0.365918,0.080790,-0.236813,0.000766,0.319001,0.065720,-0.250082,0.815984,0.364553,0.116027,-0.124694,0.771177,0.415544,0.060170,-0.246438,0.888378,0.364574,0.081242,-0.326039,0.878651,0.001261,0.036079,0.000702,-0.999348,0.091370,0.009523,0.119533,0.000829,-0.425042,0.008681,0.352632,0.742218,0.557935,-0.010359,0.430862,0.764954,0.145539,0.034954,0.323294,0.591396,-0.363180,0.001139,-0.389968,0.846653,0.016307,0.037182,0.312044,0.808109,0.616663,-0.014458,-0.311669,0.931099,0.319709,0.065654,-0.250272,0.364398,0.116335,-0.123846,0.415217,0.059934,-0.246630,0.364340,0.081250,-0.326464,-0.424538,0.008345,0.351798,0.557833,-0.010833,0.430057,0.144317,0.035351,0.324305,-0.362726,0.000976,-0.389589,0.016549,0.037806,0.312420,0.616406,-0.014429,-0.311575
145,1.450000,0.003909,0.340203,0.005512,-0.940328,0.365827,0.080904,-0.234720,0.000818,0.318916,0.065789,-0.247959,0.815984,0.364536,0.115992,-0.122554,0.771177,0.415470,0.060363,-0.244425,0.888378,0.364386,0.081471,-0.323944,0.878651,0.001259,0.036087,0.000702,-0.999348,0.091348,0.009515,0.119540,0.000833,-0.425068,0.008671,0.352631,0.742218,0.557908,-0.010369,0.430877,0.764954,0.145514,0.034945,0.323303,0.591396,-0.363194,0.001132,-0.389968,0.846653,0.016282,0.037173,0.312050,0.808109,0.616648,-0.014464,-0.311654,0.931099,0.319625,0.065713,-0.248190,0.364354,0.116347,-0.121635,0.415187,0.060090,-0.244648,0.364127,0.081495,-0.324332,-0.424545,0.008365,0.351807,0.557738,-0.010821,0.430113,0.144283,0.035315,0.324303,-0.362764,0.000961,-0.389584,0.016570,0.037771,0.312420,0.616426,-0.014426,-0.311587
146,1.460000,0.004680,0.340416,0.004655,-0.940252,0.365700,0.080821,-0.232787,0.000803,0.318811,0.065629,-0.246015,0.828676,0.364322,0.116137,-0.120693,0.737514,0.415370,0.060315,-0.242429,0.870857,0.364298,0.081205,-0.322012,0.878143,0.001171,0.036176,0.000591,-0.999345,0.091331,0.009584,0.119599,0.000846,-0.425125,0.008583,0.352599,0.750677,0.557840,-0.010245,0.431016,0.747722,0.145455,0.034992,0.323376,0.617779,-0.363118,0.001182,-0.389991,0.865235,0.016224,0.037192,0.312101,0.812781,0.616713,-0.014203,-0.311505,0.926271,0.319462,0.065464,-0.246152,0.364118,0.116571,-0.119759,0.415091,0.059971,-0.242695,0.364108,0.081324,-0.322445,-0.424545,0.008371,0.351816,0.557663,-0.010817,0.430204,0.144239,0.035372,0.324222,-0.362799,0.000953,-0.389622,0.016588,0.037762,0.312423,0.616506,-0.014091,-0.311328
147,1.470000,0.004662,0.341002,0.003610,-0.940044,0.365411,0.080800,-0.230842,0.000776,0.318568,0.065505,-0.244117,0.828676,0.363824,0.116189,-0.118774,0.737514,0.415133,0.060385,-0.240408,0.870857,0.364118,0.081120,-0.320069,0.878143,0.001178,0.036177,0.000587,-0.999345,0.091301,0.009575,0.119601,0.000840,-0.425157,0.008574,0.352599,0.750677,0.557809,-0.010245,0.431018,0.747722,0.145424,0.034987,0.323377,0.617779,-0.363148,0.001163,-0.389990,0.865235,0.016193,0.037186,0.312101,0.812781,0.616683,-0.014214,-0.311502,0.926271,0.319186,0.065352,-0.244324,0.363700,0.116563,-0.117887,0.414815,0.060115,-0.240604,0.363933,0.081195,-0.320491,-0.424555,0.008362,0.351822,0.557617,-0.010811,0.430281,0.144215,0.035372,0.324187,-0.362868,0.000920,-0.389635,0.016594,0.037759,0.312398,0.616488,-0.014093,-0.311326
148,1.480000,0.005118,0.341311,0.000675,-0.939936,0.364818,0.080720,-0.229007,0.000709,0.318064,0.065144,-0.242268,0.837408,0.362977,0.116421,-0.117042,0.784094,0.414652,0.060537,-0.238484,0.890387,0.363580,0.080778,-0.318236,0.872727,0.001191,0.036211,0.000566,-0.999343,0.091256,0.009585,0.119611,0.000851,-0.425218,0.008570,0.352574,0.746121,0.557743,-0.010208,0.431061,0.762543,0.145363,0.035005,0.323390,0.634739,-0.363158,0.001140,-0.390010,0.878999,0.016134,0.037199,0.312106,0.805027,0.616669,-0.014195,-0.311455,0.935930,0.318696,0.065041,-0.242383,0.362772,0.116769,-0.116279,0.414476,0.060190,-0.238687,0.363323,0.080889,-0.318661,-0.424567,0.008359,0.351823,0.557447,-0.010753,0.430342,0.144177,0.035360,0.324166,-0.362917,0.000906,-0.389662,0.016597,0.037759,0.312388,0.616511,-0.014077,-0.311292
149,1.490000,0.005500,0.341467,0.000262,-0.939878,0.364893,0.080665,-0.226893,0.000744,0.318151,0.065051,-0.240154,0.837408,0.362996,0.116477,-0.114964,0.784094,0.414740,0.060499,-0.236334,0.890387,0.363684,0.080633,-0.316122,0.872727,0.001183,0.036215,0.000597,-0.999343,0.091253,0.009567,0.119617,0.000832,-0.425222,0.008578,0.352576,0.746121,0.557738,-0.010261,0.431071,0.762543,0.145361,0.034979,0.323397,0.634739,-0.363157,0.001160,-0.390008,0.878999,0.016132,0.037181,0.312112,0.805027,0.616668,-0.014236,-0.311446,0.935930,0.318919,0.064967,-0.240324,0.362816,0.116801,-0.114203,0.414424,0.060196,-0.236514,0.363407,0.080703,-0.316518,-0.424573,0.008363,0.351812,0.557495,-0.010791,0.430469,0.144163,0.035336,0.324141,-0.362945,0.000904,-0.389674,0.016612,0.037763,0.312371,0.616500,-0.014106,-0.311296
150,1.500000,0.007335,0.340795,0.002259,-0.940107,0.365140,0.080696,-0.224810,0.000746,0.318302,0.065290,-0.237972,0.830568,0.363580,0.116750,-0.112953,0.778239,0.414872,0.060260,-0.234278,0.900019,0.363805,0.080485,-0.314037,0.861363,0.001320,0.036164,0.000680,-0.999345,0.091203,0.009496,0.119578,0.000815,-0.425249,0.008661,0.352590,0.730931,0.557715,-0.010330,0.430990,0.830488,0.145336,0.034954,0.323346,0.635629,-0.363260,0.001033,-0.389999,0.890078,0.016105,0.037175,0.312073,0.795677,0.616570,-0.014515,-0.311531,0.952778,0.318955,0.065196,-0.238126,0.363419,0.117078,-0.112145,0.414628,0.059974,-0.234415,0.363550,0.080549,-0.314525,-0.424571,0.008361,0.351809,0.557398,-0.010755,0.430568,0.144147,0.035311,0.324109,-0.363014,0.000849,-0.389685,0.016613,0.037737,0.312381,0.616401,-0.014457,-0.311593
151,1.510000,0.006198,0.339890,0.001166,-0.940444,0.364990,0.080808,-0.222477,0.000756,0.318170,0.065288,-0.235570,0.815038,0.363546,0.116701,-0.110567,0.802129,0.414761,0.060526,-0.232070,0.931116,0.363483,0.080718,-0.311701,0.856370,0.001308,0.036177,0.000673,-0.999344,0.091188,0.009499,0.119587,0.000815,-0.425270,0.008650,0.352586,0.726918,0.557692,-0.010327,0.431011,0.840900,0.145315,0.034952,0.323357,0.642916,-0.363262,0.001040,-0.390001,0.894322,0.016085,0.037172,0.312081,0.795414,0.616567,-0.014495,-0.311509,0.949613,0.318832,0.065281,-0.235902,0.363451,0.116939,-0.109818,0.414568,0.060330,-0.232053,0.363109,0.080684,-0.312135,-0.424560,0.008359,0.351808,0.557362,-0.010746,0.430664,0.144126,0.035299,0.324069,-0.363045,0.000857,-0.389688,0.016629,0.037716,0.312360,0.616396,-0.014432,-0.311596
152,1.520000,0.006464,0.340051,0.002201,-0.940382,0.364978,0.080883,-0.220318,0.000806,0.318130,0.065465,-0.233430,0.815038,0.363570,0.116756,-0.108401,0.802129,0.414709,0.060497,-0.229897,0.931116,0.363503,0.080813,-0.309542,0.856370,0.001327,0.036191,0.000662,-0.999344,0.091180,0.009491,0.119600,0.000802,-0.425284,0.008642,0.352583,0.726918,0.557676,-0.010313,0.431037,0.840900,0.145301,0.034954,0.323370,0.642916,-0.363255,0.001003,-0.390002,0.894322,0.016071,0.037171,0.312090,0.795414,0.616572,-0.014509,-0.311481,0.949613,0.318814,0.065414,-0.233743,0.363437,0.117067,-0.107554,0.414488,0.060248,-0.229992,0.363168,0.080816,-0.309941,-0.424558,0.008348,0.351808,0.557362,-0.010732,0.430763,0.144108,0.035289,0.324037,-0.363084,0.000822,-0.389702,0.016632,0.037720,0.312362,0.616418,-0.014445,-0.311596
153,1.530000,0.006858,0.340497,0.003762,-0.940213,0.365077,0.080984,-0.218166,0.000728,0.318193,0.065720,-0.231330,0.852300,0.363675,0.116826,-0.106240,0.779586,0.414752,0.060442,-0.227704,0.918867,0.363688,0.080947,-0.307392,0.867657,0.001340,0.036216,0.000660,-0.999343,0.091158,0.009496,0.119612,0.000794,-0.425318,0.008651,0.352570,0.723573,0.557639,-0.010299,0.431073,0.860626,0.145269,0.034964,0.323384,0.664575,-0.363252,0.000993,-0.390012,0.909126,0.016040,0.037181,0.312098,0.785776,0.616571,-0.014513,-0.311442,0.943160,0.318746,0.065652,-0.231526,0.363545,0.117125,-0.105420,0.414569,0.060205,-0.227828,0.363445,0.080963,-0.307862,-0.424570,0.008359,0.351809,0.557333,-0.010715,0.430865,0.144106,0.035287,0.323971,-0.363105,0.000815,-0.389731,0.016641,0.037730,0.312365,0.616392,-0.014448,-0.311566
154,1.540000,0.006010,0.341196,0.002457,-0.939970,0.364861,0.081094,-0.215994,0.000696,0.318043,0.065697,-0.229237,0.852300,0.363186,0.116854,-0.104045,0.779586,0.414613,0.060710,-0.225473,0.918867,0.363604,0.081116,-0.305222,0.867657,0.001352,0.036239,0.000646,-0.999342,0.091159,0.009502,0.119623,0.000779,-0.425327,0.008648,0.352557,0.723573,0.557626,-0.010273,0.431105,0.860626,0.145260,0.034976,0.323397,0.664575,-0.363228,0.000974,-0.390021,0.909126,0.016031,0.037189,0.312105,0.785776,0.616592,-0.014504,-0.311407,0.943160,0.318535,0.065679,-0.229438,0.363104,0.117081,-0.103245,0.414428,0.060564,-0.225519,0.363378,0.081055,-0.305763,-0.424568,0.008362,0.351815,0.557332,-0.010694,0.430969,0.144115,0.035312,0.323908,-0.363115,0.000796,-0.389754,0.016647,0.037719,0.312370,0.616414,-0.014437,-0.311552
155,1.550000,0.005493,0.341605,0.002048,-0.939826,0.364532,0.081163,-0.213941,0.000729,0.317743,0.065722,-0.227235,0.849749,0.362720,0.116843,-0.101968,0.779465,0.414314,0.060841,-0.223390,0.916706,0.363351,0.081245,-0.303170,0.867950,0.001468,0.036187,0.000567,-0.999344,0.091090,0.009454,0.119645,0.000754,-0.425372,0.008579,0.352634,0.707669,0.557593,-0.010176,0.431083,0.864930,0.145208,0.034985,0.323408,0.690526,-0.363349,0.000737,-0.389949,0.911937,0.015978,0.037176,0.312128,0.773759,0.616481,-0.014575,-0.311434,0.949212,0.318309,0.065657,-0.227427,0.362588,0.117138,-0.101148,0.414113,0.060609,-0.223519,0.363114,0.081256,-0.303641,-0.424563,0.008367,0.351817,0.557341,-0.010654,0.431079,0.144105,0.035298,0.323875,-0.363478,0.000501,-0.389722,0.016669,0.037707,0.312369,0.616418,-0.014446,-0.311577
156,1.560000,0.004938,0.342144,0.000911,-0.939634,0.364311,0.081171,-0.211773,0.000715,0.317576,0.065616,-0.225124,0.849749,0.362282,0.116817,-0.099793,0.779465,0.414155,0.060977,-0.221171,0.916706,0.363231,0.081273,-0.301003,0.867950,0.001480,0.036193,0.000548,-0.999344,0.091099,0.009457,0.119650,0.000746,-0.425366,0.008569,0.352633,0.707669,0.557598,-0.010149,0.431096,0.864930,0.145214,0.034995,0.323413,0.690526,-0.363333,0.000711,-0.389950,0.911937,0.015983,0.037181,0.312132,0.773759,0.616497,-0.014564,-0.311421,0.949212,0.318071,0.065562,-0.225311,0.362222,0.117056,-0.098978,0.413931,0.060830,-0.221169,0.363020,0.081240,-0.301616,-0.424556,0.008348,0.351822,0.557400,-0.010622,0.431155,0.144111,0.035311,0.323822,-0.363476,0.000484,-0.389745,0.016667,0.037706,0.312376,0.616407,-0.014441,-0.311570
157,1.570000,0.004876,0.342680,0.001263,-0.939439,0.364171,0.081107,-0.209566,0.000804,0.317441,0.065585,-0.222976,0.875229,0.362035,0.116715,-0.097576,0.765754,0.414013,0.060886,-0.218914,0.927636,0.363193,0.081242,-0.298797,0.811151,0.001478,0.036182,0.000573,-0.999344,0.091157,0.009446,0.119634,0.000732,-0.425303,0.008582,0.352627,0.717985,0.557662,-0.010185,0.431068,0.864867,0.145278,0.034980,0.323395,0.684047,-0.363286,0.000725,-0.389957,0.908506,0.016047,0.037172,0.312117,0.781087,0.616545,-0.014599,-0.311449,0.945900,0.317924,0.065540,-0.223095,0.361976,0.116950,-0.096671,0.413748,0.060770,-0.218914,0.363031,0.081182,-0.299533,-0.424558,0.008360,0.351809,0.557650,-0.010703,0.431224,0.144117,0.035321,0.323763,-0.363487,0.000481,-0.389774,0.016695,0.037729,0.312307,0.616424,-0.014459,-0.311562
158,1.580000,0.004364,0.342845,0.001813,-0.939380,0.363929,0.081109,-0.207333,0.000820,0.317194,0.065637,-0.220780,0.875229,0.361778,0.116569,-0.095296,0.765754,0.413761,0.060867,-0.216691,0.927636,0.362983,0.081364,-0.296564,0.811151,0.001359,0.036235,0.000467,-0.999342,0.091201,0.009502,0.119677,0.000731,-0.425283,0.008470,0.352615,0.717985,0.557678,-0.010098,0.431156,0.864867,0.145294,0.035001,0.323450,0.684047,-0.363186,0.000798,-0.389964,0.908506,0.016065,0.037167,0.312158,0.781087,0.616639,-0.014328,-0.311356,0.945900,0.317782,0.065562,-0.220888,0.361664,0.116863,-0.094357,0.413455,0.060679,-0.216770,0.362805,0.081357,-0.297241,-0.424552,0.008360,0.351812,0.557798,-0.010696,0.431274,0.144107,0.035310,0.323723,-0.363483,0.000478,-0.389800,0.016701,0.037722,0.312298,0.616512,-0.014105,-0.311290
159,1.590000,0.004108,0.342437,-0.000212,-0.939532,0.363565,0.081118,-0.205002,0.000814,0.316880,0.065448,-0.218394,0.845319,0.361372,0.116670,-0.092996,0.749662,0.413469,0.061065,-0.214386,0.915369,0.362540,0.081288,-0.294233,0.862415,0.001486,0.036156,0.000555,-0.999345,0.091221,0.009447,0.119616,0.000743,-0.425227,0.008569,0.352636,0.726585,0.557743,-0.010162,0.431026,0.838912,0.145351,0.034987,0.323374,0.673934,-0.363249,0.000701,-0.389951,0.903226,0.016120,0.037174,0.312102,0.793464,0.616586,-0.014586,-0.311494,0.940750,0.317392,0.065303,-0.218709,0.361343,0.117011,-0.092054,0.413192,0.060875,-0.214424,0.362331,0.081311,-0.294741,-0.424544,0.008354,0.351809,0.557960,-0.010693,0.431318,0.144126,0.035336,0.323657,-0.363520,0.000455,-0.389826,0.016708,0.037724,0.312284,0.616425,-0.014439,-0.311588
160,1.600000,0.004026,0.343109,0.000598,-0.939287,0.363104,0.080951,-0.202859,0.000731,0.316415,0.065359,-0.216329,0.845319,0.360802,0.116427,-0.090831,0.749662,0.412992,0.060832,-0.212185,0.915369,0.362207,0.081185,-0.292091,0.862415,0.001374,0.036189,0.000447,-0.999344,0.091277,0.009510,0.119645,0.000738,-0.425186,0.008466,0.352631,0.726585,0.557783,-0.010062,0.431082,0.838912,0.145388,0.035018,0.323412,0.673934,-0.363157,0.000773,-0.389954,0.903226,0.016157,0.037179,0.312132,0.793464,0.616676,-0.014313,-0.311436,0.940750,0.316976,0.065345,-0.216524,0.360703,0.116669,-0.089953,0.412695,0.060707,-0.212334,0.362037,0.081094,-0.292583,-0.424537,0.008363,0.351812,0.558152,-0.010680,0.431306,0.144130,0.035358,0.323603,-0.363540,0.000447,-0.389850,0.016739,0.037716,0.312266,0.616514,-0.014080,-0.311313
161,1.610000,0.003964,0.344422,-0.001692,-0.938805,0.362641,0.081011,-0.200844,0.000654,0.316059,0.065196,-0.214421,0.862351,0.359873,0.116640,-0.088875,0.810807,0.412642,0.061096,-0.210002,0.930577,0.361992,0.081112,-0.290078,0.871471,0.001511,0.036122,0.000532,-0.999346,0.091281,0.009451,0.119575,0.000745,-0.425151,0.008562,0.352630,0.743416,0.557825,-0.010122,0.430954,0.805108,0.145424,0.035004,0.323328,0.661490,-0.363223,0.000660,-0.389960,0.896456,0.016192,0.037185,0.312065,0.803422,0.616618,-0.014581,-0.311570,0.937351,0.316560,0.065150,-0.214645,0.359817,0.116858,-0.088152,0.412400,0.060963,-0.210031,0.361788,0.081073,-0.290549,-0.424547,0.008356,0.351827,0.558269,-0.010650,0.431318,0.144131,0.035350,0.323534,-0.363557,0.000422,-0.389901,0.016734,0.037728,0.312237,0.616414,-0.014439,-0.311596
162,1.620000,0.004795,0.345277,-0.002031,-0.938486,0.362202,0.080906,-0.198813,0.000694,0.315645,0.065063,-0.212446,0.862351,0.359227,0.116735,-0.086913,0.810807,0.412221,0.060978,-0.207845,0.930577,0.361715,0.080847,-0.288049,0.871471,0.001504,0.036127,0.000540,-0.999346,0.091306,0.009458,0.119565,0.000755,-0.425128,0.008573,0.352615,0.743416,0.557847,-0.010126,0.430949,0.805108,0.145448,0.035007,0.323319,0.661490,-0.363193,0.000680,-0.389975,0.896456,0.016216,0.037190,0.312055,0.803422,0.616648,-0.014577,-0.311575,0.937351,0.316230,0.065090,-0.212547,0.359096,0.116944,-0.086088,0.411939,0.060852,-0.207974,0.361541,0.080742,-0.288623,-0.424555,0.008360,0.351823,0.558351,-0.010647,0.431330,0.144139,0.035355,0.323496,-0.363536,0.000457,-0.389924,0.016739,0.037730,0.312237,0.616442,-0.014447,-0.311595
163,1.630000,0.005531,0.345862,-0.000996,-0.938269,0.362140,0.080752,-0.196705,0.000680,0.315562,0.065014,-0.210386,0.866278,0.359111,0.116664,-0.084833,0.789811,0.412121,0.060697,-0.205660,0.916656,0.361765,0.080635,-0.285941,0.855325,0.001395,0.036171,0.000415,-0.999345,0.091325,0.009515,0.119600,0.000769,-0.425129,0.008449,0.352605,0.760684,0.557843,-0.010014,0.431022,0.769590,0.145442,0.035035,0.323365,0.664522,-0.363127,0.000727,-0.389981,0.869967,0.016210,0.037188,0.312090,0.810625,0.616711,-0.014294,-0.311498,0.915939,0.316087,0.064996,-0.210485,0.359000,0.116891,-0.084031,0.411848,0.060559,-0.205792,0.361623,0.080567,-0.286498,-0.424572,0.008359,0.351832,0.558456,-0.010641,0.431306,0.144138,0.035342,0.323444,-0.363557,0.000438,-0.389940,0.016737,0.037704,0.312263,0.616520,-0.014080,-0.311322
164,1.640000,0.006092,0.346506,-0.001007,-0.938027,0.361988,0.080850,-0.194490,0.000662,0.315423,0.065114,-0.208219,0.866278,0.358818,0.116881,-0.082660,0.789811,0.411974,0.060767,-0.203355,0.916656,0.361736,0.080638,-0.283726,0.855325,0.001414,0.036157,0.000413,-0.999345,0.091346,0.009515,0.119576,0.000787,-0.425101,0.008456,0.352595,0.760684,0.557873,-0.010001,0.430985,0.769590,0.145469,0.035043,0.323338,0.664522,-0.363120,0.000705,-0.389993,0.869967,0.016237,0.037194,0.312066,0.810625,0.616720,-0.014309,-0.311536,0.915939,0.315890,0.065106,-0.208448,0.358759,0.117081,-0.081914,0.411785,0.060658,-0.203362,0.361517,0.080556,-0.284236,-0.424571,0.008371,0.351833,0.558558,-0.010600,0.431220,0.144137,0.035334,0.323427,-0.363549,0.000435,-0.389978,0.016744,0.037687,0.312257,0.616514,-0.014110,-0.311312
165,1.650000,0.006022,0.347369,-0.000015,-0.937709,0.361705,0.080811,-0.192294,0.000680,0.315137,0.065170,-0.206122,0.856006,0.358393,0.116756,-0.080441,0.793699,0.411671,0.060645,-0.201083,0.920053,0.361618,0.080672,-0.281531,0.869060,0.001423,0.036140,0.000394,-0.999346,0.091359,0.009518,0.119550,0.000817,-0.425081,0.008444,0.352587,0.770468,0.557897,-0.009974,0.430943,0.740526,0.145487,0.035052,0.323310,0.656530,-0.363125,0.000682,-0.390002,0.869039,0.016255,0.037198,0.312042,0.818928,0.616718,-0.014295,-0.311580,0.903504,0.315690,0.065157,-0.206286,0.358280,0.116987,-0.079657,0.411418,0.060497,-0.201211,0.361432,0.080604,-0.282016,-0.424571,0.008368,0.351828,0.558674,-0.010628,0.431158,0.144145,0.035334,0.323395,-0.363574,0.000413,-0.389986,0.016736,0.037707,0.312229,0.616523,-0.014088,-0.311319
166,1.660000,0.006422,0.348709,0.000956,-0.937209,0.361634,0.081012,-0.190139,0.000719,0.315074,0.065467,-0.204099,0.856006,0.358076,0.116974,-0.078299,0.793699,0.411583,0.060741,-0.198783,0.920053,0.361803,0.080866,-0.279376,0.869060,0.001418,0.036120,0.000394,-0.999346,0.091367,0.009518,0.119534,0.000830,-0.425063,0.008442,0.352592,0.770468,0.557918,-0.009977,0.430908,0.740526,0.145504,0.035050,0.323291,0.656530,-0.363137,0.000687,-0.390000,0.869039,0.016271,0.037196,0.312029,0.818928,0.616709,-0.014291,-0.311617,0.903504,0.315561,0.065454,-0.204298,0.358050,0.117161,-0.077457,0.411288,0.060693,-0.198751,0.361636,0.080745,-0.280029,-0.424579,0.008353,0.351829,0.558730,-0.010622,0.431065,0.144137,0.035341,0.323358,-0.363566,0.000432,-0.389971,0.016734,0.037704,0.312243,0.616511,-0.014098,-0.311323
167,1.670000,0.005631,0.349203,0.000585,-0.937030,0.361376,0.081185,-0.187999,0.000726,0.314850,0.065599,-0.202027,0.834594,0.357655,0.117006,-0.076118,0.795340,0.411359,0.060988,-0.196615,0.922891,0.361638,0.081148,-0.277235,0.864004,0.001534,0.036051,0.000498,-0.999349,0.091382,0.009441,0.119499,0.000904,-0.425017,0.008529,0.352629,0.768092,0.557971,-0.010085,0.430814,0.667730,0.145552,0.035008,0.323244,0.637790,-0.363194,0.000594,-0.389970,0.893592,0.016318,0.037179,0.311999,0.822859,0.616659,-0.014577,-0.311719,0.922398,0.315457,0.065582,-0.202288,0.357573,0.117231,-0.075335,0.411085,0.060852,-0.196653,0.361387,0.081078,-0.277712,-0.424576,0.008360,0.351830,0.559041,-0.010783,0.431183,0.144142,0.035328,0.323328,-0.363587,0.000430,-0.389960,0.016734,0.037696,0.312249,0.616413,-0.014458,-0.311572
168,1.680000,0.005343,0.350226,-0.001106,-0.936649,0.360983,0.081222,-0.185946,0.000759,0.314540,0.065469,-0.200065,0.834594,0.356899,0.117102,-0.074098,0.795340,0.411053,0.061188,-0.194441,0.922891,0.361439,0.081128,-0.275182,0.864004,0.001525,0.036038,0.000500,-0.999349,0.091394,0.009425,0.119476,0.000889,-0.424999,0.008511,0.352618,0.768092,0.557991,-0.010109,0.430778,0.667730,0.145569,0.034987,0.323219,0.637790,-0.363195,0.000589,-0.389983,0.893592,0.016335,0.037160,0.311978,0.822859,0.616660,-0.014588,-0.311756,0.922398,0.315063,0.065424,-0.200335,0.356844,0.117348,-0.073228,0.410798,0.061067,-0.194451,0.361222,0.081059,-0.275734,-0.424569,0.008359,0.351821,0.559051,-0.010789,0.431056,0.144146,0.035293,0.323294,-0.363581,0.000413,-0.389964,0.016719,0.037674,0.312270,0.616442,-0.014462,-0.311586
169,1.690000,0.005742,0.351652,-0.000027,-0.936113,0.360624,0.081224,-0.183675,0.000651,0.314189,0.065578,-0.197936,0.865571,0.356281,0.117113,-0.071839,0.812227,0.410674,0.061076,-0.192017,0.939108,0.361353,0.081130,-0.272909,0.847569,0.001400,0.036087,0.000392,-0.999348,0.091392,0.009509,0.119465,0.000851,-0.425023,0.008422,0.352558,0.782910,0.557964,-0.009995,0.430808,0.731675,0.145542,0.035034,0.323220,0.648715,-0.363146,0.000695,-0.390039,0.880397,0.016309,0.037180,0.311967,0.823222,0.616705,-0.014280,-0.311722,0.872727,0.314691,0.065600,-0.198127,0.356218,0.117277,-0.071109,0.410442,0.061004,-0.191995,0.361144,0.081015,-0.273471,-0.424573,0.008355,0.351818,0.558834,-0.010619,0.430743,0.144159,0.035277,0.323261,-0.363554,0.000447,-0.390003,0.016733,0.037674,0.312244,0.616516,-0.014090,-0.311289
170,1.700000,0.005084,0.352123,-0.000373,-0.935940,0.360425,0.081145,-0.181417,0.000615,0.314022,0.065461,-0.195740,0.865571,0.355930,0.116918,-0.069550,0.812227,0.410506,0.061060,-0.189729,0.939108,0.361243,0.081139,-0.270650,0.847569,0.001509,0.036006,0.000508,-0.999350,0.091391,0.009443,0.119383,0.000820,-0.424987,0.008529,0.352558,0.782910,0.558008,-0.010107,0.430655,0.731675,0.145580,0.034998,0.323124,0.648715,-0.363231,0.000631,-0.390046,0.880397,0.016345,0.037173,0.311891,0.823222,0.616630,-0.014563,-0.311883,0.872727,0.314498,0.065440,-0.195910,0.355869,0.117100,-0.068876,0.410293,0.060951,-0.189695,0.361042,0.081088,-0.271188,-0.424565,0.008360,0.351825,0.558830,-0.010620,0.430614,0.144179,0.035288,0.323213,-0.363563,0.000446,-0.390031,0.016750,0.037679,0.312208,0.616416,-0.014458,-0.311528
171,1.710000,0.004943,0.352557,0.000155,-0.935777,0.360235,0.081053,-0.179221,0.000641,0.313832,0.065420,-0.193596,0.864384,0.355667,0.116760,-0.067335,0.814691,0.410306,0.060930,-0.187498,0.942354,0.361136,0.081104,-0.268453,0.868471,0.001503,0.035987,0.000516,-0.999351,0.091392,0.009427,0.119355,0.000797,-0.424976,0.008517,0.352550,0.787171,0.558021,-0.010135,0.430608,0.772076,0.145590,0.034978,0.323094,0.643038,-0.363249,0.000628,-0.390058,0.908866,0.016355,0.037155,0.311866,0.814655,0.616614,-0.014581,-0.311932,0.893267,0.314327,0.065438,-0.193816,0.355594,0.116935,-0.066619,0.410094,0.060842,-0.187524,0.360926,0.080998,-0.268923,-0.424565,0.008357,0.351822,0.558775,-0.010635,0.430491,0.144192,0.035259,0.323180,-0.363554,0.000432,-0.390023,0.016755,0.037667,0.312222,0.616430,-0.014470,-0.311564
172,1.720000,0.005099,0.353061,0.000697,-0.935586,0.359987,0.081138,-0.176927,0.000623,0.313582,0.065558,-0.191354,0.864384,0.355338,0.116840,-0.065043,0.814691,0.410044,0.060960,-0.185152,0.942354,0.360985,0.081195,-0.266158,0.868471,0.001302,0.036105,0.000472,-0.999347,0.091476,0.009526,0.119352,0.000788,-0.424948,0.008471,0.352425,0.787171,0.558033,-0.010112,0.430707,0.772076,0.145622,0.035002,0.323114,0.643038,-0.363045,0.000883,-0.390171,0.908866,0.016390,0.037170,0.311856,0.814655,0.616801,-0.014258,-0.311821,0.893267,0.314086,0.065633,-0.191530,0.355233,0.116984,-0.064341,0.409870,0.060884,-0.185187,0.360759,0.081052,-0.266647,-0.424543,0.008358,0.351814,0.558766,-0.010629,0.430389,0.144225,0.035246,0.323132,-0.363188,0.000670,-0.390137,0.016772,0.037662,0.312205,0.616509,-0.014120,-0.311309
173,1.730000,0.004778,0.353620,0.000009,-0.935377,0.359786,0.081070,-0.174554,0.000605,0.313421,0.065421,-0.189038,0.871958,0.354949,0.116752,-0.062672,0.823643,0.409883,0.060969,-0.182722,0.931152,0.360889,0.081139,-0.263784,0.886204,0.001280,0.036105,0.000464,-0.999347,0.091476,0.009527,0.119319,0.000751,-0.424947,0.008452,0.352392,0.819319,0.558034,-0.010117,0.430674,0.770386,0.145622,0.034994,0.323082,0.656899,-0.363044,0.000898,-0.390204,0.935781,0.016390,0.037161,0.311825,0.820117,0.616802,-0.014229,-0.311854,0.847559,0.313886,0.065362,-0.189245,0.354894,0.116962,-0.062001,0.409639,0.060848,-0.182763,0.360724,0.081108,-0.264207,-0.424543,0.008358,0.351801,0.558691,-0.010619,0.430275,0.144268,0.035218,0.323105,-0.363164,0.000675,-0.390160,0.016773,0.037638,0.312203,0.616541,-0.014083,-0.311323
174,1.740000,0.005072,0.354326,-0.000385,-0.935108,0.359523,0.081010,-0.172353,0.000644,0.313189,0.065324,-0.186894,0.871958,0.354499,0.116783,-0.060508,0.823643,0.409644,0.060929,-0.180429,0.931152,0.360761,0.081005,-0.261581,0.886204,0.001269,0.036116,0.000478,-0.999347,0.091472,0.009521,0.119302,0.000727,-0.424956,0.008456,0.352363,0.819319,0.558023,-0.010142,0.430667,0.770386,0.145615,0.034983,0.323067,0.656899,-0.363036,0.000917,-0.390232,0.935781,0.016382,0.037153,0.311807,0.820117,0.616808,-0.014239,-0.311860,0.847559,0.313773,0.065294,-0.187075,0.354425,0.116982,-0.059804,0.409305,0.060823,-0.180489,0.360590,0.080942,-0.262044,-0.424557,0.008339,0.351811,0.558627,-0.010612,0.430193,0.144297,0.035194,0.323066,-0.363124,0.000715,-0.390203,0.016780,0.037634,0.312209,0.616544,-0.014115,-0.311285
175,1.750000,0.006270,0.355397,-0.001148,-0.934694,0.359024,0.080972,-0.170318,0.000695,0.312732,0.065218,-0.184921,0.846184,0.353723,0.117053,-0.058585,0.794037,0.409175,0.060898,-0.178223,0.927372,0.360467,0.080720,-0.259542,0.858827,0.001258,0.036119,0.000467,-0.999347,0.091462,0.009539,0.119262,0.000687,-0.424967,0.008456,0.352320,0.832443,0.558012,-0.010120,0.430629,0.771068,0.145603,0.034998,0.323028,0.683779,-0.363044,0.000934,-0.390275,0.943021,0.016371,0.037165,0.311767,0.812484,0.616801,-0.014200,-0.311898,0.830984,0.313309,0.065280,-0.185125,0.353617,0.117226,-0.057786,0.408906,0.060831,-0.178309,0.360264,0.080554,-0.260043,-0.424554,0.008348,0.351804,0.558527,-0.010619,0.430060,0.144360,0.035231,0.323001,-0.363096,0.000718,-0.390225,0.016774,0.037639,0.312185,0.616548,-0.014063,-0.311286
176,1.760000,0.006172,0.355804,-0.001946,-0.934538,0.358788,0.080940,-0.167878,0.000642,0.312534,0.065107,-0.182516,0.863039,0.353334,0.117055,-0.056164,0.812230,0.408977,0.060941,-0.175733,0.936768,0.360308,0.080655,-0.257102,0.872142,0.001250,0.036142,0.000502,-0.999346,0.091454,0.009526,0.119249,0.000700,-0.424987,0.008475,0.352284,0.833582,0.557988,-0.010171,0.430637,0.781145,0.145587,0.034977,0.323018,0.700072,-0.363029,0.000963,-0.390308,0.944744,0.016355,0.037154,0.311751,0.805025,0.616810,-0.014241,-0.311887,0.827420,0.313053,0.065109,-0.182690,0.353218,0.117262,-0.055451,0.408782,0.060798,-0.175809,0.360099,0.080589,-0.257564,-0.424549,0.008351,0.351798,0.558349,-0.010641,0.429993,0.144407,0.035193,0.322989,-0.363021,0.000756,-0.390231,0.016796,0.037635,0.312178,0.616556,-0.014115,-0.311258
177,1.770000,0.005931,0.355550,-0.001662,-0.934637,0.358592,0.080910,-0.165466,0.000691,0.312324,0.065104,-0.180088,0.863039,0.353212,0.116954,-0.053725,0.812230,0.408769,0.060898,-0.173360,0.936768,0.360063,0.080683,-0.254690,0.872142,0.001224,0.036141,0.000512,-0.999346,0.091444,0.009518,0.119226,0.000702,-0.424997,0.008464,0.352261,0.833582,0.557977,-0.010203,0.430612,0.781145,0.145577,0.034958,0.322996,0.700072,-0.363040,0.000990,-0.390332,0.944744,0.016346,0.037137,0.311729,0.805025,0.616799,-0.014235,-0.311912,0.827420,0.312857,0.065113,-0.180321,0.353150,0.117141,-0.052938,0.408484,0.060833,-0.173391,0.359877,0.080555,-0.255210,-0.424546,0.008346,0.351797,0.558258,-0.010689,0.429928,0.144460,0.035147,0.322972,-0.363005,0.000772,-0.390236,0.016799,0.037641,0.312152,0.616551,-0.014097,-0.311286
178,1.780000,0.006632,0.356374,-0.001273,-0.934319,0.358307,0.080937,-0.163232,0.000649,0.312046,0.065172,-0.177920,0.863736,0.352772,0.117103,-0.051538,0.809513,0.408474,0.060856,-0.171017,0.931185,0.359936,0.080616,-0.252453,0.874817,0.001315,0.036104,0.000637,-0.999347,0.091411,0.009457,0.119164,0.000682,-0.425013,0.008575,0.352238,0.831619,0.557962,-0.010331,0.430520,0.819629,0.145566,0.034918,0.322926,0.733173,-0.363113,0.000958,-0.390359,0.949799,0.016334,0.037128,0.311668,0.791263,0.616728,-0.014506,-0.312009,0.867263,0.312536,0.065159,-0.178157,0.352717,0.117294,-0.050803,0.408212,0.060780,-0.171057,0.359762,0.080513,-0.252912,-0.424548,0.008356,0.351803,0.558114,-0.010712,0.429926,0.144530,0.035173,0.322911,-0.362982,0.000822,-0.390289,0.016778,0.037608,0.312188,0.616466,-0.014468,-0.311549
179,1.790000,0.006007,0.356878,-0.000931,-0.934131,0.358005,0.081091,-0.160784,0.000652,0.311757,0.065356,-0.175545,0.863736,0.352357,0.117101,-0.049046,0.809513,0.408177,0.061012,-0.168543,0.931185,0.359731,0.080895,-0.250004,0.874817,0.001181,0.036184,0.000559,-0.999344,0.091411,0.009508,0.119219,0.000697,-0.425049,0.008480,0.352210,0.831619,0.557916,-0.010285,0.430644,0.819629,0.145530,0.034924,0.322996,0.733173,-0.363029,0.001068,-0.390378,0.949799,0.016299,0.037116,0.311719,0.791263,0.616802,-0.014255,-0.311876,0.867263,0.312264,0.065334,-0.175836,0.352324,0.117287,-0.048333,0.407898,0.060946,-0.168548,0.359535,0.080797,-0.250420,-0.424563,0.008357,0.351826,0.558004,-0.010801,0.429980,0.144604,0.035182,0.322882,-0.362982,0.000831,-0.390299,0.016783,0.037594,0.312172,0.616562,-0.014102,-0.311264
180,1.800000,0.006238,0.357945,-0.000252,-0.933722,0.357735,0.081225,-0.158435,0.000635,0.311499,0.065556,-0.173302,0.852913,0.351881,0.117237,-0.046707,0.818547,0.407896,0.061075,-0.166080,0.922517,0.359665,0.081031,-0.247650,0.876085,0.001297,0.036145,0.000666,-0.999346,0.091370,0.009437,0.119170,0.000652,-0.425072,0.008575,0.352201,0.834990,0.557895,-0.010390,0.430562,0.833800,0.145510,0.034886,0.322937,0.773746,-0.363113,0.000982,-0.390390,0.944398,0.016279,0.037105,0.311669,0.787667,0.616721,-0.014539,-0.311961,0.874908,0.312054,0.065553,-0.173496,0.351801,0.117421,-0.046010,0.407604,0.060984,-0.166132,0.359482,0.080941,-0.248102,-0.424570,0.008360,0.351831,0.557880,-0.010838,0.430071,0.144662,0.035187,0.322842,-0.362986,0.000811,-0.390325,0.016774,0.037587,0.312163,0.616435,-0.014465,-0.311558
181,1.810000,0.006207,0.358292,0.000083,-0.933589,0.357503,0.081303,-0.156090,0.000601,0.311268,0.065666,-0.170996,0.852913,0.351588,0.117286,-0.044356,0.818547,0.407657,0.061126,-0.163703,0.922517,0.359499,0.081135,-0.245304,0.876085,0.001897,0.035933,0.000056,-0.999352,0.091178,0.009219,0.119407,0.000766,-0.425165,0.008041,0.352659,0.834990,0.557858,-0.009672,0.430625,0.833800,0.145374,0.034985,0.323119,0.773746,-0.363512,-0.000404,-0.389948,0.944398,0.016136,0.037038,0.311903,0.787667,0.616373,-0.014677,-0.311918,0.874908,0.311760,0.065751,-0.171187,0.351511,0.117404,-0.043664,0.407423,0.061111,-0.163740,0.359319,0.080947,-0.245770,-0.424568,0.008352,0.351836,0.557743,-0.010852,0.430147,0.144730,0.035188,0.322828,-0.364167,-0.001114,-0.389310,0.016766,0.037574,0.312167,0.616534,-0.014091,-0.311283
182,1.820000,0.006161,0.358321,-0.000507,-0.933578,0.357391,0.081289,-0.153569,0.000574,0.311175,0.065595,-0.168472,0.878148,0.351429,0.117304,-0.041847,0.825321,0.407569,0.061166,-0.161172,0.917388,0.359393,0.081093,-0.242783,0.896355,0.001903,0.035948,0.000047,-0.999352,0.091171,0.009207,0.119414,0.000758,-0.425178,0.008023,0.352651,0.731850,0.557842,-0.009671,0.430647,0.679413,0.145361,0.034978,0.323128,0.829183,-0.363502,-0.000429,-0.389954,0.711764,0.016124,0.037028,0.311908,0.786540,0.616381,-0.014684,-0.311894,0.788794,0.311612,0.065570,-0.168687,0.351404,0.117469,-0.041169,0.407248,0.061142,-0.161248,0.359301,0.080976,-0.243170,-0.424566,0.008349,0.351833,0.557620,-0.010862,0.430226,0.144803,0.035194,0.322799,-0.364140,-0.001143,-0.389313,0.016749,0.037542,0.312179,0.616515,-0.014104,-0.311295
183,1.830000,0.006407,0.358732,0.000978,-0.933418,0.357308,0.081275,-0.151016,0.000585,0.311059,0.065726,-0.165971,0.878148,0.351351,0.117239,-0.039279,0.825321,0.407432,0.061009,-0.158587,0.917388,0.359389,0.081127,-0.240229,0.896355,0.001893,0.035974,0.000056,-0.999351,0.091175,0.009208,0.119421,0.000747,-0.425186,0.008028,0.352632,0.731850,0.557830,-0.009685,0.430676,0.679413,0.145355,0.034973,0.323138,0.829183,-0.363473,-0.000410,-0.389971,0.711764,0.016118,0.037026,0.311912,0.786540,0.616405,-0.014683,-0.311862,0.788794,0.311579,0.065768,-0.166141,0.351281,0.117372,-0.038619,0.407137,0.060978,-0.158635,0.359233,0.080982,-0.240671,-0.424560,0.008354,0.351821,0.557526,-0.010847,0.430330,0.144873,0.035195,0.322781,-0.364140,-0.001153,-0.389315,0.016752,0.037538,0.312165,0.616525,-0.014111,-0.311296
184,1.840000,0.006483,0.358991,0.001910,-0.933317,0.357006,0.081397,-0.148562,0.000655,0.310737,0.065938,-0.163551,0.871711,0.351049,0.117313,-0.036809,0.804980,0.407098,0.061044,-0.156115,0.951973,0.359137,0.081291,-0.237773,0.859744,0.002036,0.035908,0.000120,-0.999353,0.091137,0.009151,0.119394,0.000695,-0.425193,0.008108,0.352673,0.728639,0.557831,-0.009719,0.430593,0.706337,0.145348,0.034966,0.323096,0.851664,-0.363579,-0.000548,-0.389935,0.752947,0.016110,0.037033,0.311887,0.785705,0.616308,-0.014935,-0.311951,0.837137,0.311194,0.065980,-0.163781,0.350973,0.117477,-0.036050,0.406917,0.060987,-0.156141,0.358938,0.081143,-0.238276,-0.424564,0.008356,0.351824,0.557368,-0.010786,0.430427,0.144945,0.035227,0.322748,-0.364091,-0.001147,-0.389339,0.016753,0.037517,0.312183,0.616392,-0.014430,-0.311548
185,1.850000,0.005867,0.359105,0.001380,-0.933278,0.356487,0.081366,-0.146093,0.000585,0.310245,0.065853,-0.161105,0.871711,0.350453,0.117188,-0.034314,0.804980,0.406611,0.061092,-0.153649,0.951973,0.358640,0.081333,-0.235304,0.859744,0.001918,0.035958,0.000225,-0.999352,0.091157,0.009192,0.119360,0.000629,-0.425197,0.008196,0.352587,0.728639,0.557816,-0.009848,0.430601,0.706337,0.145353,0.034946,0.323074,0.851664,-0.363510,-0.000291,-0.390017,0.752947,0.016116,0.037042,0.311852,0.785705,0.616366,-0.014894,-0.311938,0.837137,0.310694,0.065826,-0.161309,0.350398,0.117368,-0.033658,0.406374,0.061009,-0.153684,0.358483,0.081263,-0.235720,-0.424569,0.008356,0.351819,0.557375,-0.010797,0.430575,0.145000,0.035209,0.322751,-0.364041,-0.000815,-0.389584,0.016765,0.037547,0.312137,0.616428,-0.014430,-0.311585
186,1.860000,0.004991,0.359238,0.000702,-0.933232,0.356073,0.081273,-0.143491,0.000550,0.309864,0.065689,-0.158533,0.884978,0.349940,0.116954,-0.031672,0.830694,0.406237,0.061102,-0.151057,0.932789,0.358250,0.081345,-0.232701,0.889644,0.001917,0.036000,0.000246,-0.999350,0.091181,0.009197,0.119378,0.000598,-0.425192,0.008222,0.352561,0.754550,0.557813,-0.009863,0.430659,0.744995,0.145361,0.034949,0.323096,0.866558,-0.363443,-0.000265,-0.390038,0.785099,0.016125,0.037050,0.311863,0.793217,0.616426,-0.014910,-0.311876,0.858688,0.310297,0.065719,-0.158687,0.349867,0.117097,-0.031014,0.405990,0.061065,-0.151156,0.358138,0.081210,-0.233105,-0.424567,0.008364,0.351817,0.557376,-0.010783,0.430730,0.145058,0.035205,0.322739,-0.363986,-0.000778,-0.389612,0.016740,0.037547,0.312105,0.616468,-0.014452,-0.311548
187,1.870000,0.005476,0.358980,-0.001663,-0.933328,0.355397,0.081257,-0.141230,0.000615,0.309243,0.065446,-0.156205,0.884978,0.349183,0.117205,-0.029501,0.830694,0.405638,0.061270,-0.148773,0.932789,0.357524,0.081106,-0.230441,0.889644,0.001139,0.036403,0.000601,-0.999336,0.091434,0.009553,0.119302,0.000598,-0.425128,0.008547,0.352066,0.754550,0.557801,-0.010304,0.430930,0.744995,0.145465,0.034947,0.323105,0.866558,-0.362783,0.001193,-0.390495,0.785099,0.016240,0.037151,0.311771,0.793217,0.617012,-0.014215,-0.311564,0.858688,0.309684,0.065429,-0.156496,0.349162,0.117379,-0.028793,0.405361,0.061238,-0.148823,0.357382,0.080982,-0.230807,-0.424569,0.008369,0.351824,0.557390,-0.010724,0.430838,0.145130,0.035202,0.322743,-0.362641,0.001017,-0.390410,0.016738,0.037550,0.312091,0.616560,-0.014094,-0.311275
188,1.880000,0.006071,0.359259,-0.002182,-0.933216,0.354987,0.081193,-0.138789,0.000584,0.308850,0.065335,-0.153768,0.852896,0.348686,0.117303,-0.027117,0.837174,0.405243,0.061222,-0.146272,0.925910,0.357166,0.080911,-0.227999,0.889412,0.001260,0.036378,0.000683,-0.999337,0.091427,0.009498,0.119280,0.000542,-0.425125,0.008635,0.352070,0.834220,0.557805,-0.010365,0.430889,0.858752,0.145472,0.034931,0.323074,0.874755,-0.362818,0.001095,-0.390493,0.939809,0.016247,0.037154,0.311746,0.822606,0.616979,-0.014462,-0.311607,0.866421,0.309419,0.065346,-0.153919,0.348574,0.117478,-0.026500,0.404983,0.061102,-0.146347,0.356970,0.080844,-0.228390,-0.424575,0.008356,0.351825,0.557355,-0.010697,0.430972,0.145200,0.035204,0.322754,-0.362601,0.001010,-0.390432,0.016730,0.037553,0.312079,0.616452,-0.014438,-0.311519
189,1.890000,0.005982,0.358211,-0.002434,-0.933618,0.354796,0.081191,-0.136251,0.000562,0.308635,0.065309,-0.151126,0.852896,0.348728,0.117299,-0.024566,0.837174,0.405046,0.061246,-0.143847,0.925910,0.356776,0.080908,-0.225465,0.889412,0.001301,0.036382,0.000681,-0.999337,0.091461,0.009493,0.119284,0.000534,-0.425092,0.008649,0.352071,0.834220,0.557838,-0.010345,0.430898,0.858752,0.145505,0.034943,0.323077,0.874755,-0.362780,0.001048,-0.390491,0.939809,0.016280,0.037165,0.311748,0.822606,0.617016,-0.014503,-0.311597,0.866421,0.309117,0.065301,-0.151331,0.348665,0.117466,-0.023954,0.404793,0.061167,-0.143895,0.356609,0.080829,-0.225823,-0.424560,0.008369,0.351824,0.557405,-0.010655,0.431048,0.145277,0.035226,0.322727,-0.362558,0.000979,-0.390424,0.016745,0.037526,0.312062,0.616458,-0.014489,-0.311532
190,1.900000,0.006844,0.357866,-0.001029,-0.933748,0.354610,0.081262,-0.133852,0.000517,0.308386,0.065520,-0.148685,0.878058,0.348739,0.117457,-0.022185,0.849247,0.404789,0.061150,-0.141472,0.943149,0.356524,0.080919,-0.223068,0.886873,0.001179,0.036435,0.000567,-0.999335,0.091513,0.009573,0.119349,0.000534,-0.425064,0.008553,0.352081,0.851404,0.557862,-0.010227,0.431008,0.874612,0.145530,0.034988,0.323153,0.872029,-0.362672,0.001141,-0.390476,0.941378,0.016305,0.037182,0.311811,0.849446,0.617119,-0.014197,-0.311482,0.850140,0.308849,0.065595,-0.148819,0.348652,0.117565,-0.021598,0.404571,0.061117,-0.141528,0.356366,0.080770,-0.223464,-0.424557,0.008377,0.351825,0.557525,-0.010582,0.431118,0.145317,0.035221,0.322750,-0.362507,0.001005,-0.390379,0.016738,0.037520,0.312058,0.616565,-0.014101,-0.311276
191,1.910000,0.006658,0.357856,0.000863,-0.933753,0.354553,0.081463,-0.131378,0.000590,0.308276,0.065904,-0.146237,0.878058,0.348804,0.117487,-0.019649,0.849247,0.404664,0.061193,-0.139032,0.943149,0.356466,0.081266,-0.220594,0.886873,0.001261,0.036369,0.000684,-0.999337,0.091551,0.009495,0.119323,0.000482,-0.424996,0.008634,0.352123,0.851404,0.557935,-0.010368,0.430924,0.874612,0.145600,0.034929,0.323117,0.872029,-0.362704,0.001092,-0.390441,0.941378,0.016374,0.037152,0.311791,0.849446,0.617095,-0.014467,-0.311573,0.850140,0.308803,0.065913,-0.146446,0.348718,0.117658,-0.019021,0.404431,0.061094,-0.139082,0.356259,0.081184,-0.220963,-0.424546,0.008368,0.351823,0.557767,-0.010702,0.431248,0.145369,0.035243,0.322750,-0.362491,0.001017,-0.390370,0.016732,0.037489,0.312063,0.616474,-0.014444,-0.311575
192,1.920000,0.006363,0.357842,0.000401,-0.933760,0.354385,0.081609,-0.128923,0.000610,0.308125,0.066004,-0.143784,0.852475,0.348602,0.117603,-0.017186,0.828293,0.404517,0.061396,-0.136583,0.930256,0.356296,0.081434,-0.218139,0.904231,0.001260,0.036362,0.000679,-0.999338,0.091584,0.009493,0.119341,0.000456,-0.424960,0.008626,0.352147,0.853444,0.557973,-0.010367,0.430935,0.872521,0.145636,0.034926,0.323133,0.868567,-0.362677,0.001087,-0.390417,0.942024,0.016410,0.037148,0.311809,0.870643,0.617122,-0.014463,-0.311563,0.834179,0.308607,0.066016,-0.144124,0.348585,0.117755,-0.016516,0.404241,0.061379,-0.136613,0.356108,0.081287,-0.218439,-0.424545,0.008357,0.351833,0.557909,-0.010704,0.431312,0.145428,0.035254,0.322779,-0.362462,0.001015,-0.390367,0.016715,0.037479,0.312066,0.616460,-0.014443,-0.311578
193,1.930000,0.006785,0.358715,0.000536,-0.933423,0.354087,0.081611,-0.126547,0.000640,0.307846,0.066021,-0.141484,0.852475,0.348115,0.117686,-0.014846,0.828293,0.404223,0.061365,-0.134099,0.930256,0.356165,0.081373,-0.215759,0.904231,0.001256,0.036360,0.000679,-0.999338,0.091610,0.009488,0.119357,0.000442,-0.424933,0.008620,0.352166,0.853444,0.558001,-0.010374,0.430949,0.872521,0.145663,0.034920,0.323150,0.868567,-0.362653,0.001086,-0.390399,0.942024,0.016437,0.037142,0.311826,0.870643,0.617146,-0.014464,-0.311549,0.834179,0.308372,0.066049,-0.141747,0.348063,0.117842,-0.014130,0.403933,0.061333,-0.134140,0.355981,0.081220,-0.216172,-0.424560,0.008349,0.351844,0.558040,-0.010723,0.431365,0.145458,0.035250,0.322813,-0.362441,0.001010,-0.390363,0.016705,0.037485,0.312056,0.616459,-0.014441,-0.311572
194,1.940000,0.006743,0.359188,0.001346,-0.933240,0.353835,0.081603,-0.124022,0.000604,0.307586,0.066091,-0.139016,0.873837,0.347801,0.117614,-0.012303,0.822038,0.403948,0.061288,-0.131536,0.941196,0.356004,0.081420,-0.213232,0.886669,0.001268,0.036356,0.000669,-0.999338,0.091636,0.009490,0.119370,0.000434,-0.424905,0.008617,0.352184,0.861219,0.558030,-0.010355,0.430959,0.865098,0.145690,0.034928,0.323162,0.874109,-0.362631,0.001066,-0.390382,0.938576,0.016464,0.037147,0.311839,0.889005,0.617169,-0.014463,-0.311540,0.819384,0.308047,0.066084,-0.139222,0.347719,0.117802,-0.011622,0.403746,0.061189,-0.131602,0.355827,0.081339,-0.213641,-0.424559,0.008346,0.351844,0.558147,-0.010688,0.431367,0.145490,0.035263,0.322843,-0.362397,0.001003,-0.390340,0.016689,0.037466,0.312052,0.616447,-0.014451,-0.311544
195,1.950000,0.006172,0.358478,0.001814,-0.933516,0.353616,0.081636,-0.121513,0.000543,0.307338,0.066167,-0.136459,0.873837,0.347769,0.117492,-0.009735,0.822038,0.403709,0.061308,-0.129132,0.941196,0.355650,0.081578,-0.210727,0.886669,0.001188,0.036398,0.000574,-0.999337,0.091706,0.009573,0.119369,0.000461,-0.424854,0.008564,0.352139,0.861219,0.558077,-0.010230,0.430994,0.865098,0.145738,0.034990,0.323169,0.874109,-0.362516,0.001139,-0.390423,0.938576,0.016513,0.037186,0.311836,0.889005,0.617281,-0.014212,-0.311500,0.819384,0.307769,0.066142,-0.136623,0.347695,0.117668,-0.009138,0.403520,0.061198,-0.129161,0.355482,0.081536,-0.211130,-0.424561,0.008346,0.351828,0.558237,-0.010647,0.431373,0.145535,0.035255,0.322859,-0.362382,0.001002,-0.390321,0.016882,0.037589,0.311743,0.616527,-0.014109,-0.311267
196,1.960000,0.005568,0.358546,0.001708,-0.933494,0.353136,0.081588,-0.119251,0.000609,0.306869,0.066106,-0.134220,0.880454,0.347249,0.117323,-0.007436,0.816842,0.403242,0.061299,-0.126884,0.942398,0.355182,0.081625,-0.208464,0.858268,0.001202,0.036390,0.000563,-0.999337,0.091735,0.009567,0.119380,0.000465,-0.424822,0.008553,0.352158,0.879734,0.558111,-0.010216,0.430998,0.846854,0.145770,0.034991,0.323178,0.893513,-0.362496,0.001109,-0.390404,0.947063,0.016544,0.037184,0.311847,0.869631,0.617302,-0.014219,-0.311498,0.800939,0.307326,0.066121,-0.134359,0.347165,0.117489,-0.006727,0.403028,0.061223,-0.126918,0.355024,0.081521,-0.208998,-0.424561,0.008336,0.351817,0.558372,-0.010627,0.431370,0.145558,0.035251,0.322914,-0.362363,0.000977,-0.390304,0.016858,0.037589,0.311751,0.616546,-0.014122,-0.311269
197,1.970000,0.005499,0.358806,0.001454,-0.933395,0.352554,0.081721,-0.117017,0.000544,0.306304,0.066213,-0.132010,0.880454,0.346587,0.117458,-0.005207,0.816842,0.402676,0.061458,-0.124621,0.942398,0.354650,0.081754,-0.206229,0.858268,0.001196,0.036372,0.000562,-0.999338,0.091770,0.009578,0.119375,0.000489,-0.424778,0.008560,0.352173,0.879734,0.558158,-0.010208,0.430976,0.846854,0.145812,0.035000,0.323172,0.893513,-0.362479,0.001124,-0.390392,0.947063,0.016586,0.037193,0.311846,0.869631,0.617322,-0.014202,-0.311522,0.800939,0.306752,0.066194,-0.132154,0.346527,0.117615,-0.004620,0.402461,0.061367,-0.124590,0.354477,0.081707,-0.206702,-0.424567,0.008359,0.351815,0.558513,-0.010625,0.431299,0.145599,0.035261,0.322934,-0.362345,0.000985,-0.390285,0.016858,0.037583,0.311738,0.616558,-0.014097,-0.311246
198,1.980000,0.005265,0.358691,0.000229,-0.933442,0.352223,0.081705,-0.114618,0.000594,0.306007,0.066077,-0.129593,0.878626,0.346197,0.117477,-0.002823,0.824887,0.402392,0.061562,-0.122226,0.936264,0.354295,0.081703,-0.203831,0.874780,0.001313,0.036279,0.000651,-0.999341,0.091781,0.009492,0.119329,0.000483,-0.424724,0.008624,0.352222,0.869313,0.558223,-0.010310,0.430849,0.832401,0.145866,0.034950,0.323110,0.902477,-0.362564,0.001007,-0.390352,0.945609,0.016638,0.037165,0.311807,0.887827,0.617249,-0.014483,-0.311659,0.799884,0.306461,0.066056,-0.129763,0.346132,0.117657,-0.002149,0.402155,0.061474,-0.122258,0.354144,0.081633,-0.204303,-0.424561,0.008327,0.351824,0.558659,-0.010662,0.431216,0.145655,0.035254,0.322984,-0.362370,0.000947,-0.390273,0.016843,0.037559,0.311747,0.616461,-0.014472,-0.311520
199,1.990000,0.005638,0.358485,-0.000450,-0.933518,0.351681,0.081547,-0.112478,0.000539,0.305474,0.065855,-0.127414,0.878626,0.345670,0.117446,-0.000722,0.824887,0.401867,0.061445,-0.120085,0.936264,0.353714,0.081442,-0.201692,0.874780,0.001180,0.036311,0.000568,-0.999340,0.091862,0.009527,0.119395,0.000592,-0.424657,0.008507,0.352255,0.869313,0.558288,-0.010274,0.430937,0.832401,0.145930,0.034942,0.323185,0.902477,-0.362449,0.001095,-0.390318,0.945609,0.016702,0.037136,0.311875,0.887827,0.617362,-0.014244,-0.311567,0.799884,0.305970,0.065835,-0.127583,0.345617,0.117596,-0.000180,0.401629,0.061349,-0.120024,0.353510,0.081407,-0.202126,-0.424566,0.008332,0.351832,0.559050,-0.010813,0.431292,0.145691,0.035230,0.323040,-0.362360,0.000939,-0.390244,0.016840,0.037542,0.311743,0.616560,-0.014108,-0.311258
200,2.000000,0.006949,0.358839,-0.000835,-0.933373,0.351125,0.081556,-0.110434,0.000619,0.304926,0.065834,-0.125362,0.871563,0.345036,0.117761,0.001218,0.838467,0.401312,0.061423,-0.117948,0.924572,0.353225,0.081208,-0.199646,0.838226,0.001192,0.036278,0.000564,-0.999341,0.091874,0.009529,0.119366,0.000586,-0.424631,0.008512,0.352260,0.881936,0.558320,-0.010261,0.430878,0.758784,0.145954,0.034949,0.323152,0.913288,-0.362472,0.001081,-0.390316,0.948717,0.016726,0.037142,0.311850,0.880614,0.617344,-0.014250,-0.311630,0.780173,0.305414,0.065724,-0.125479,0.344963,0.117992,0.001818,0.401124,0.061217,-0.117831,0.352997,0.081293,-0.200245,-0.424563,0.008333,0.351828,0.559083,-0.010790,0.431141,0.145742,0.035215,0.323085,-0.362377,0.000918,-0.390235,0.016835,0.037578,0.311686,0.616549,-0.014112,-0.311282
201,2.010000,0.006937,0.358136,-0.001172,-0.933643,0.350938,0.081464,-0.108035,0.000540,0.304726,0.065709,-0.122890,0.876080,0.344995,0.117689,0.003619,0.849651,0.401126,0.061360,-0.115620,0.944086,0.352904,0.081097,-0.197249,0.867936,0.001419,0.036117,0.000581,-0.999346,0.091806,0.009419,0.119304,0.000524,-0.424623,0.008533,0.352365,0.855683,0.558352,-0.010255,0.430676,0.756856,0.145953,0.034928,0.323062,0.915635,-0.362704,0.000764,-0.390228,0.957013,0.016722,0.037123,0.311801,0.880135,0.617137,-0.014581,-0.311850,0.811132,0.305211,0.065725,-0.122988,0.344899,0.117838,0.004194,0.400930,0.061252,-0.115608,0.352710,0.081040,-0.197737,-0.424562,0.008333,0.351826,0.559120,-0.010780,0.430956,0.145784,0.035212,0.323130,-0.362726,0.000610,-0.390154,0.016832,0.037567,0.311659,0.616443,-0.014469,-0.311573
202,2.020000,0.007308,0.356951,0.000025,-0.934094,0.350786,0.081553,-0.105818,0.000623,0.304497,0.065917,-0.120559,0.876080,0.345215,0.117774,0.005856,0.849651,0.400904,0.061324,-0.113533,0.944086,0.352526,0.081197,-0.195037,0.867936,0.001324,0.036134,0.000454,-0.999346,0.091800,0.009499,0.119315,0.000487,-0.424637,0.008437,0.352358,0.855683,0.558340,-0.010109,0.430698,0.756856,0.145934,0.034986,0.323079,0.915635,-0.362690,0.000817,-0.390234,0.957013,0.016702,0.037149,0.311814,0.880135,0.617152,-0.014286,-0.311826,0.811132,0.304971,0.065836,-0.120799,0.345187,0.117986,0.006520,0.400647,0.061210,-0.113494,0.352338,0.081181,-0.195500,-0.424563,0.008345,0.351831,0.558914,-0.010621,0.430636,0.145817,0.035222,0.323179,-0.362726,0.000573,-0.390123,0.016813,0.037565,0.311684,0.616539,-0.014088,-0.311314
203,2.030000,0.007506,0.356889,0.000165,-0.934117,0.350498,0.081658,-0.103487,0.000588,0.304201,0.066037,-0.118218,0.873410,0.344957,0.117911,0.008179,0.834657,0.400607,0.061407,-0.111203,0.938360,0.352226,0.081277,-0.192706,0.856249,0.001317,0.036136,0.000456,-0.999346,0.091801,0.009498,0.119317,0.000462,-0.424637,0.008434,0.352358,0.860962,0.558340,-0.010117,0.430702,0.817476,0.145934,0.034981,0.323081,0.926975,-0.362687,0.000825,-0.390234,0.929575,0.016702,0.037145,0.311816,0.890888,0.617154,-0.014283,-0.311822,0.792118,0.304691,0.066023,-0.118347,0.344879,0.118084,0.008812,0.400389,0.061296,-0.111169,0.352031,0.081230,-0.193245,-0.424569,0.008350,0.351812,0.558847,-0.010617,0.430541,0.145861,0.035209,0.323249,-0.362694,0.000580,-0.390096,0.016804,0.037550,0.311690,0.616549,-0.014084,-0.311288
204,2.040000,0.007064,0.356654,0.000085,-0.934210,0.350368,0.081682,-0.101149,0.000529,0.304072,0.066051,-0.115868,0.873410,0.344867,0.117847,0.010547,0.834657,0.400483,0.061460,-0.108906,0.938360,0.352052,0.081371,-0.190370,0.856249,0.001504,0.036077,0.000564,-0.999348,0.091784,0.009497,0.119188,0.000444,-0.424627,0.008636,0.352291,0.860962,0.558355,-0.010110,0.430526,0.817476,0.145947,0.035043,0.322937,0.926975,-0.362767,0.000741,-0.390305,0.929575,0.016714,0.037232,0.311686,0.890888,0.617080,-0.014563,-0.312004,0.792118,0.304513,0.065978,-0.116036,0.344823,0.118034,0.011098,0.400252,0.061338,-0.108883,0.351885,0.081379,-0.190776,-0.424564,0.008358,0.351820,0.558775,-0.010632,0.430420,0.145893,0.035205,0.323289,-0.362666,0.000548,-0.390082,0.016797,0.037959,0.311259,0.616468,-0.014445,-0.311584
205,2.050000,0.006301,0.356789,0.000540,-0.934164,0.350074,0.081953,-0.098980,0.000511,0.303776,0.066362,-0.113740,0.879050,0.344551,0.117924,0.012778,0.863257,0.400184,0.061730,-0.106757,0.930547,0.351783,0.081797,-0.188200,0.882691,0.001415,0.036069,0.000530,-0.999348,0.091743,0.009414,0.119307,0.000384,-0.424664,0.008475,0.352417,0.846895,0.558320,-0.010213,0.430634,0.838220,0.145907,0.034928,0.323059,0.897207,-0.362815,0.000715,-0.390182,0.930753,0.016674,0.037110,0.311810,0.909862,0.617035,-0.014530,-0.311898,0.827460,0.304235,0.066273,-0.113864,0.344495,0.118116,0.013287,0.399958,0.061576,-0.106711,0.351606,0.081849,-0.188632,-0.424566,0.008348,0.351826,0.558682,-0.010640,0.430310,0.145906,0.035217,0.323352,-0.362663,0.000525,-0.390049,0.016633,0.037448,0.311928,0.616465,-0.014413,-0.311526
206,2.060000,0.007008,0.357015,0.000863,-0.934072,0.349750,0.081993,-0.096751,0.000546,0.303443,0.066437,-0.111517,0.879050,0.344212,0.118092,0.014964,0.863257,0.399842,0.061705,-0.104482,0.930547,0.351503,0.081738,-0.185971,0.882691,0.001431,0.036077,0.000532,-0.999348,0.091759,0.009422,0.119272,0.000390,-0.424652,0.008492,0.352374,0.846895,0.558331,-0.010198,0.430607,0.838220,0.145920,0.034942,0.323025,0.897207,-0.362791,0.000708,-0.390223,0.930753,0.016687,0.037124,0.311774,0.909862,0.617058,-0.014540,-0.311923,0.827460,0.303961,0.066469,-0.111679,0.344125,0.118230,0.015525,0.399635,0.061614,-0.104470,0.351278,0.081659,-0.186382,-0.424565,0.008339,0.351833,0.558543,-0.010619,0.430234,0.145938,0.035138,0.323471,-0.362618,0.000516,-0.390040,0.016791,0.037571,0.311637,0.616464,-0.014417,-0.311501
207,2.070000,0.006550,0.357078,0.000155,-0.934052,0.349626,0.081896,-0.094475,0.000574,0.303346,0.066268,-0.109252,0.867371,0.344014,0.117946,0.017252,0.841017,0.399752,0.061694,-0.102207,0.931222,0.351390,0.081675,-0.183694,0.878160,0.001311,0.036125,0.000444,-0.999346,0.091727,0.009445,0.119351,0.000438,-0.424705,0.008366,0.352404,0.849056,0.558274,-0.010161,0.430725,0.804989,0.145864,0.034928,0.323115,0.882698,-0.362773,0.000767,-0.390190,0.911567,0.016632,0.037089,0.311852,0.909050,0.617071,-0.014318,-0.311800,0.802723,0.303846,0.066251,-0.109429,0.343958,0.118110,0.017864,0.399491,0.061608,-0.102194,0.351208,0.081614,-0.184142,-0.424561,0.008343,0.351818,0.558431,-0.010622,0.430116,0.145967,0.035119,0.323531,-0.362630,0.000497,-0.390012,0.016605,0.037449,0.311895,0.616551,-0.014115,-0.311243
208,2.080000,0.006436,0.357063,0.000913,-0.934058,0.349498,0.081953,-0.092236,0.000568,0.303197,0.066398,-0.107024,0.867371,0.343938,0.117927,0.019519,0.841017,0.399597,0.061690,-0.099984,0.931222,0.351261,0.081797,-0.181456,0.878160,0.001439,0.036064,0.000541,-0.999348,0.091697,0.009384,0.119306,0.000432,-0.424708,0.008468,0.352421,0.849056,0.558277,-0.010239,0.430629,0.804989,0.145864,0.034907,0.323057,0.882698,-0.362866,0.000672,-0.390178,0.911567,0.016630,0.037091,0.311809,0.909050,0.616984,-0.014593,-0.311903,0.802723,0.303737,0.066336,-0.107130,0.343845,0.118126,0.020077,0.399375,0.061509,-0.099934,0.351036,0.081840,-0.181958,-0.424563,0.008355,0.351821,0.558323,-0.010641,0.430046,0.145998,0.035133,0.323568,-0.362628,0.000469,-0.389974,0.016593,0.037459,0.311883,0.616457,-0.014470,-0.311508
209,2.090000,0.005992,0.357025,0.001286,-0.934075,0.349287,0.081923,-0.090219,0.000553,0.302979,0.066402,-0.105020,0.875410,0.343749,0.117776,0.021576,0.845330,0.399378,0.061649,-0.097993,0.935093,0.351042,0.081864,-0.179439,0.900002,0.001410,0.036068,0.000543,-0.999348,0.091685,0.009366,0.119320,0.000450,-0.424722,0.008437,0.352431,0.842645,0.558262,-0.010276,0.430645,0.813566,0.145850,0.034876,0.323072,0.833032,-0.362874,0.000683,-0.390168,0.899304,0.016617,0.037061,0.311824,0.900827,0.616976,-0.014587,-0.311886,0.843168,0.303425,0.066319,-0.105227,0.343696,0.117985,0.022156,0.399161,0.061507,-0.098008,0.350866,0.081879,-0.179797,-0.424570,0.008345,0.351827,0.558240,-0.010701,0.430033,0.146006,0.035084,0.323688,-0.362623,0.000452,-0.389954,0.016581,0.037455,0.311863,0.616475,-0.014440,-0.311538
210,2.100000,0.006400,0.357406,0.000930,-0.933927,0.349097,0.081952,-0.088168,0.000550,0.302807,0.066399,-0.102991,0.875410,0.343454,0.117917,0.023586,0.845330,0.399202,0.061690,-0.095881,0.935093,0.350925,0.081803,-0.177386,0.900002,0.001319,0.036125,0.000459,-0.999346,0.091712,0.009429,0.119348,0.000540,-0.424721,0.008369,0.352401,0.842645,0.558258,-0.010186,0.430723,0.813566,0.145850,0.034913,0.323111,0.833032,-0.362788,0.000756,-0.390193,0.899304,0.016618,0.037078,0.311848,0.900827,0.617056,-0.014356,-0.311803,0.843168,0.303322,0.066385,-0.103141,0.343381,0.118078,0.024154,0.398954,0.061585,-0.095872,0.350731,0.081761,-0.177813,-0.424562,0.008346,0.351845,0.558135,-0.010743,0.430025,0.146024,0.035081,0.323743,-0.362623,0.000445,-0.389922,0.016751,0.037529,0.311628,0.616542,-0.014108,-0.311260
211,2.110000,0.005710,0.357682,0.000352,-0.933826,0.348771,0.081811,-0.085933,0.000529,0.302514,0.066198,-0.100796,0.888273,0.343007,0.117669,0.025849,0.853796,0.398912,0.061634,-0.093634,0.938151,0.350651,0.081742,-0.175150,0.878085,0.001321,0.036128,0.000439,-0.999346,0.091665,0.009408,0.119389,0.000557,-0.424769,0.008328,0.352438,0.845141,0.558209,-0.010188,0.430768,0.751768,0.145800,0.034895,0.323153,0.825975,-0.362831,0.000716,-0.390155,0.887905,0.016568,0.037054,0.311889,0.899270,0.617013,-0.014359,-0.311758,0.816991,0.302902,0.066180,-0.101018,0.343010,0.117795,0.026420,0.398688,0.061607,-0.093534,0.350484,0.081660,-0.175601,-0.424563,0.008350,0.351854,0.558066,-0.010782,0.429985,0.146036,0.035083,0.323780,-0.362653,0.000395,-0.389896,0.016558,0.037451,0.311817,0.616535,-0.014098,-0.311268
212,2.120000,0.005993,0.357111,-0.000170,-0.934043,0.348412,0.081752,-0.083885,0.000523,0.302149,0.066090,-0.098678,0.888273,0.342757,0.117706,0.027871,0.853796,0.398559,0.061606,-0.091630,0.938151,0.350182,0.081604,-0.173104,0.878085,0.001228,0.036215,0.000499,-0.999343,0.091713,0.009438,0.119378,0.000589,-0.424762,0.008372,0.352337,0.845141,0.558201,-0.010269,0.430834,0.751768,0.145816,0.034880,0.323156,0.825975,-0.362695,0.000893,-0.390247,0.887905,0.016586,0.037056,0.311870,0.899270,0.617133,-0.014307,-0.311682,0.816991,0.302597,0.066116,-0.098786,0.342689,0.117831,0.028455,0.398332,0.061551,-0.091622,0.350029,0.081508,-0.173589,-0.424557,0.008345,0.351843,0.557985,-0.010808,0.430034,0.146034,0.035080,0.323837,-0.362308,0.000616,-0.390020,0.016558,0.037448,0.311800,0.616549,-0.014097,-0.311288
213,2.130000,0.006593,0.357035,-0.000763,-0.934068,0.348120,0.081672,-0.082082,0.000545,0.301865,0.065956,-0.096843,0.876314,0.342459,0.117796,0.029619,0.849460,0.398279,0.061549,-0.089805,0.942923,0.349875,0.081389,-0.171301,0.879586,0.001240,0.036229,0.000493,-0.999343,0.091701,0.009440,0.119395,0.000618,-0.424780,0.008374,0.352340,0.865689,0.558180,-0.010255,0.430864,0.741004,0.145798,0.034888,0.323174,0.805770,-0.362693,0.000878,-0.390242,0.861300,0.016568,0.037062,0.311885,0.893458,0.617133,-0.014309,-0.311650,0.816027,0.302341,0.065934,-0.096975,0.342365,0.117976,0.030186,0.398103,0.061404,-0.089804,0.349670,0.081376,-0.171737,-0.424574,0.008350,0.351845,0.557908,-0.010829,0.430046,0.146051,0.035084,0.323882,-0.362293,0.000593,-0.389984,0.016543,0.037472,0.311770,0.616544,-0.014087,-0.311269
214,2.140000,0.007473,0.356603,-0.000469,-0.934226,0.348111,0.081609,-0.080015,0.000529,0.301824,0.065927,-0.094711,0.876314,0.342596,0.117899,0.031640,0.849460,0.398240,0.061415,-0.087755,0.942923,0.349785,0.081195,-0.169235,0.879586,0.001324,0.036193,0.000601,-0.999344,0.091675,0.009369,0.119367,0.000596,-0.424790,0.008455,0.352348,0.865689,0.558172,-0.010380,0.430806,0.741004,0.145792,0.034837,0.323137,0.805770,-0.362757,0.000826,-0.390236,0.861300,0.016562,0.037039,0.311857,0.893458,0.617071,-0.014565,-0.311712,0.816027,0.302275,0.065932,-0.094907,0.342540,0.118041,0.032187,0.398056,0.061333,-0.087716,0.349574,0.081129,-0.169626,-0.424564,0.008330,0.351848,0.557800,-0.010840,0.430153,0.146052,0.035069,0.323935,-0.362257,0.000596,-0.389955,0.016524,0.037474,0.311762,0.616489,-0.014425,-0.311543
215,2.150000,0.007285,0.356495,-0.001089,-0.934268,0.347948,0.081518,-0.077915,0.000535,0.301678,0.065774,-0.092598,0.867935,0.342413,0.117810,0.033738,0.862193,0.398100,0.061388,-0.085664,0.921063,0.349600,0.081098,-0.167135,0.876522,0.001227,0.036256,0.000500,-0.999342,0.091680,0.009432,0.119440,0.000652,-0.424814,0.008368,0.352357,0.852916,0.558142,-0.010277,0.430933,0.744690,0.145766,0.034874,0.323222,0.790262,-0.362687,0.000891,-0.390222,0.852444,0.016537,0.037051,0.311926,0.890028,0.617134,-0.014312,-0.311578,0.830225,0.302173,0.065724,-0.092774,0.342393,0.117962,0.034268,0.397813,0.061306,-0.085562,0.349412,0.081078,-0.167591,-0.424556,0.008336,0.351829,0.557739,-0.010855,0.430194,0.146064,0.035090,0.323976,-0.362282,0.000602,-0.389904,0.016517,0.037461,0.311770,0.616565,-0.014089,-0.311283
216,2.160000,0.007627,0.356711,0.000086,-0.934184,0.347780,0.081634,-0.075925,0.000583,0.301479,0.066006,-0.090633,0.867935,0.342280,0.117918,0.035733,0.862193,0.397887,0.061384,-0.083654,0.921063,0.349475,0.081228,-0.165145,0.876522,0.001319,0.036219,0.000618,-0.999343,0.091634,0.009371,0.119420,0.000648,-0.424843,0.008472,0.352374,0.852916,0.558114,-0.010396,0.430883,0.744690,0.145741,0.034836,0.323194,0.790262,-0.362772,0.000849,-0.390207,0.852444,0.016512,0.037041,0.311906,0.890028,0.617052,-0.014576,-0.311631,0.830225,0.302020,0.065961,-0.090785,0.342192,0.118114,0.036309,0.397672,0.061219,-0.083613,0.349237,0.081242,-0.165611,-0.424561,0.008344,0.351826,0.557606,-0.010854,0.430307,0.146042,0.035060,0.324030,-0.362294,0.000620,-0.389843,0.016520,0.037484,0.311745,0.616484,-0.014434,-0.311528
217,2.170000,0.007303,0.356857,0.000419,-0.934130,0.347750,0.081765,-0.074019,0.000567,0.301447,0.066167,-0.088755,0.866983,0.342228,0.117957,0.037668,0.846904,0.397852,0.061502,-0.081749,0.949219,0.349473,0.081433,-0.163238,0.882773,0.001892,0.035974,-0.000000,-0.999351,0.091470,0.009183,0.119694,0.000698,-0.424891,0.007945,0.352905,0.699020,0.558127,-0.009657,0.430950,0.647941,0.145647,0.034954,0.323411,0.804402,-0.363177,-0.000488,-0.389697,0.689937,0.016410,0.036992,0.312185,0.829532,0.616703,-0.014651,-0.311588,0.836859,0.301936,0.066188,-0.088965,0.342153,0.118108,0.038256,0.397672,0.061408,-0.081729,0.349238,0.081355,-0.163637,-0.424557,0.008352,0.351823,0.557559,-0.010827,0.430410,0.146044,0.035065,0.324076,-0.363483,-0.001245,-0.388764,0.016530,0.037490,0.311735,0.616585,-0.014104,-0.311251
218,2.180000,0.006581,0.357342,-0.000039,-0.933950,0.347571,0.081897,-0.072120,0.000582,0.301305,0.066251,-0.086920,0.866983,0.341884,0.117967,0.039597,0.846904,0.397708,0.061710,-0.079820,0.949219,0.349386,0.081659,-0.161338,0.882773,0.001864,0.036001,0.000013,-0.999350,0.091453,0.009185,0.119722,0.000685,-0.424921,0.007947,0.352904,0.699020,0.558092,-0.009683,0.431003,0.647941,0.145619,0.034944,0.323443,0.804402,-0.363166,-0.000445,-0.389695,0.689937,0.016383,0.036986,0.312210,0.829532,0.616710,-0.014636,-0.311532,0.836859,0.301808,0.066156,-0.087166,0.341852,0.118173,0.040147,0.397487,0.061555,-0.079712,0.349136,0.081703,-0.161751,-0.424561,0.008353,0.351826,0.557537,-0.010866,0.430552,0.146017,0.035082,0.324150,-0.363485,-0.001240,-0.388764,0.016495,0.037495,0.311714,0.616584,-0.014080,-0.311241
219,2.190000,0.006810,0.357651,-0.000375,-0.933831,0.347364,0.082064,-0.070380,0.000564,0.301115,0.066386,-0.085200,0.874957,0.341587,0.118206,0.041309,0.844675,0.397516,0.061896,-0.078033,0.941955,0.349237,0.081767,-0.159597,0.890266,0.001241,0.036338,0.000515,-0.999339,0.091595,0.009448,0.119560,0.000696,-0.424937,0.008406,0.352392,0.832570,0.558006,-0.010267,0.431132,0.761673,0.145649,0.034894,0.323351,0.763629,-0.362687,0.000906,-0.390176,0.849648,0.016422,0.037074,0.312033,0.875911,0.617121,-0.014325,-0.311369,0.848137,0.301559,0.066338,-0.085425,0.341541,0.118392,0.041900,0.397313,0.061784,-0.078009,0.349040,0.081741,-0.159988,-0.424571,0.008364,0.351832,0.557397,-0.010788,0.430614,0.146017,0.035107,0.324195,-0.362327,0.000626,-0.389785,0.016465,0.037468,0.311734,0.616575,-0.014111,-0.311212
220,2.200000,0.006939,0.358305,0.000272,-0.933579,0.347247,0.082014,-0.068593,0.000507,0.300999,0.066400,-0.083481,0.874957,0.341359,0.118140,0.043096,0.844675,0.397384,0.061783,-0.076180,0.941955,0.349246,0.081735,-0.157807,0.890266,0.001223,0.036338,0.000518,-0.999339,0.091585,0.009452,0.119582,0.000691,-0.424947,0.008403,0.352414,0.832570,0.557996,-0.010277,0.431152,0.761673,0.145639,0.034890,0.323373,0.763629,-0.362698,0.000930,-0.390155,0.849648,0.016412,0.037071,0.312056,0.875911,0.617110,-0.014308,-0.311349,0.848137,0.301435,0.066395,-0.083631,0.341305,0.118276,0.043622,0.397192,0.061700,-0.076120,0.349055,0.081686,-0.158243,-0.424562,0.008346,0.351828,0.557399,-0.010780,0.430700,0.145980,0.035090,0.324225,-0.362351,0.000651,-0.389740,0.016476,0.037492,0.311730,0.616564,-0.014098,-0.311223
221,2.210000,0.006656,0.357604,0.000069,-0.933850,0.347072,0.082062,-0.066835,0.000490,0.300810,0.066426,-0.081660,0.896127,0.341331,0.118141,0.044877,0.860779,0.397208,0.061862,-0.074505,0.947867,0.348937,0.081817,-0.156052,0.883434,0.001334,0.036287,0.000613,-0.999340,0.091555,0.009391,0.119548,0.000688,-0.424954,0.008494,0.352433,0.814928,0.557994,-0.010363,0.431075,0.799650,0.145635,0.034862,0.323328,0.743067,-0.362782,0.000849,-0.390140,0.837722,0.016407,0.037066,0.312024,0.866311,0.617032,-0.014565,-0.311432,0.854659,0.301211,0.066400,-0.081764,0.341263,0.118297,0.045407,0.397030,0.061755,-0.074492,0.348782,0.081795,-0.156491,-0.424553,0.008351,0.351827,0.557367,-0.010761,0.430773,0.145962,0.035080,0.324278,-0.362359,0.000635,-0.389697,0.016474,0.037495,0.311712,0.616471,-0.014437,-0.311516
222,2.220000,0.006452,0.357914,0.000106,-0.933732,0.346985,0.082053,-0.065014,0.000547,0.300735,0.066420,-0.079876,0.896127,0.341168,0.118086,0.046709,0.860779,0.397129,0.061861,-0.072659,0.947867,0.348910,0.081845,-0.154230,0.883434,0.001346,0.036292,0.000607,-0.999340,0.091543,0.009398,0.119571,0.000676,-0.424968,0.008501,0.352451,0.814928,0.557979,-0.010343,0.431102,0.799650,0.145620,0.034875,0.323351,0.743067,-0.362789,0.000839,-0.390122,0.837722,0.016392,0.037077,0.312045,0.866311,0.617023,-0.014562,-0.311404,0.854659,0.301253,0.066439,-0.080055,0.341111,0.118214,0.047262,0.396886,0.061793,-0.072599,0.348692,0.081765,-0.154664,-0.424558,0.008360,0.351825,0.557370,-0.010717,0.430860,0.145953,0.035108,0.324313,-0.362403,0.000641,-0.389671,0.016448,0.037466,0.311717,0.616479,-0.014447,-0.311524
223,2.230000,0.006462,0.357934,-0.000008,-0.933725,0.346876,0.082033,-0.063259,0.000500,0.300629,0.066389,-0.078121,0.875593,0.341046,0.118076,0.048460,0.878498,0.397023,0.061850,-0.070900,0.936146,0.348804,0.081816,-0.152475,0.882310,0.001331,0.036306,0.000615,-0.999340,0.091527,0.009400,0.119607,0.000673,-0.424990,0.008504,0.352472,0.803523,0.557954,-0.010357,0.431151,0.819032,0.145599,0.034870,0.323390,0.736784,-0.362791,0.000863,-0.390098,0.846743,0.016372,0.037075,0.312080,0.865115,0.617019,-0.014555,-0.311353,0.852856,0.301085,0.066356,-0.078318,0.341017,0.118214,0.048925,0.396833,0.061750,-0.070761,0.348567,0.081811,-0.152882,-0.424554,0.008355,0.351836,0.557344,-0.010717,0.431001,0.145921,0.035092,0.324367,-0.362424,0.000676,-0.389644,0.016441,0.037467,0.311716,0.616469,-0.014449,-0.311531
224,2.240000,0.006859,0.358182,0.002150,-0.933624,0.346720,0.081972,-0.061601,0.000552,0.300415,0.066539,-0.076502,0.875593,0.340983,0.117951,0.050143,0.878498,0.396785,0.061579,-0.069230,0.936146,0.348697,0.081819,-0.150816,0.882310,0.001340,0.036313,0.000616,-0.999339,0.091505,0.009416,0.119631,0.000664,-0.425016,0.008525,0.352489,0.803523,0.557927,-0.010337,0.431182,0.819032,0.145574,0.034889,0.323414,0.736784,-0.362806,0.000871,-0.390081,0.846743,0.016347,0.037094,0.312102,0.865115,0.617003,-0.014548,-0.311322,0.852856,0.300990,0.066528,-0.076611,0.340849,0.118142,0.050713,0.396537,0.061419,-0.069338,0.348503,0.081799,-0.151169,-0.424560,0.008364,0.351842,0.557345,-0.010697,0.431101,0.145894,0.035124,0.324393,-0.362513,0.000693,-0.389625,0.016405,0.037482,0.311693,0.616493,-0.014449,-0.311516
225,2.250000,0.006073,0.357653,-0.000240,-0.933835,0.346449,0.081988,-0.059787,0.000472,0.300204,0.066320,-0.074630,0.887346,0.340662,0.117965,0.051956,0.876686,0.396606,0.061845,-0.067469,0.958939,0.348322,0.081823,-0.149004,0.887624,0.001336,0.036318,0.000609,-0.999339,0.091506,0.009434,0.119642,0.000655,-0.425018,0.008535,0.352495,0.797593,0.557925,-0.010315,0.431198,0.843193,0.145572,0.034906,0.323425,0.733394,-0.362800,0.000887,-0.390074,0.863944,0.016345,0.037110,0.312113,0.862156,0.617009,-0.014520,-0.311305,0.859139,0.300601,0.066385,-0.074832,0.340621,0.118044,0.052441,0.396471,0.061821,-0.067380,0.348101,0.081703,-0.149376,-0.424564,0.008368,0.351845,0.557384,-0.010628,0.431148,0.145869,0.035125,0.324426,-0.362514,0.000739,-0.389636,0.016400,0.037468,0.311698,0.616494,-0.014446,-0.311522
226,2.260000,0.005976,0.357037,0.000847,-0.934071,0.346379,0.082021,-0.057907,0.000407,0.300085,0.066458,-0.072705,0.885454,0.340809,0.117901,0.053877,0.907561,0.396487,0.061787,-0.065675,0.940042,0.348136,0.081938,-0.147127,0.893354,0.001322,0.036295,0.000612,-0.999340,0.091505,0.009447,0.119652,0.000632,-0.425008,0.008543,0.352529,0.792221,0.557938,-0.010313,0.431186,0.863100,0.145581,0.034913,0.323434,0.730732,-0.362824,0.000917,-0.390043,0.869210,0.016353,0.037117,0.312127,0.855007,0.616988,-0.014497,-0.311320,0.859514,0.300516,0.066491,-0.072857,0.340783,0.117966,0.054240,0.396303,0.061749,-0.065526,0.347916,0.081878,-0.147487,-0.424565,0.008358,0.351850,0.557489,-0.010626,0.431184,0.145840,0.035139,0.324455,-0.362571,0.000779,-0.389607,0.016395,0.037486,0.311682,0.616476,-0.014433,-0.311543
227,2.270000,0.005640,0.356579,0.000362,-0.934248,0.346236,0.081894,-0.056094,0.000489,0.299945,0.066282,-0.070850,0.885454,0.340736,0.117736,0.055706,0.907561,0.396360,0.061719,-0.063917,0.940042,0.347906,0.081838,-0.145315,0.893354,0.001297,0.036271,0.000647,-0.999341,0.091503,0.009428,0.119681,0.000583,-0.424998,0.008548,0.352582,0.792221,0.557950,-0.010380,0.431192,0.863100,0.145591,0.034881,0.323462,0.730732,-0.362850,0.000956,-0.389993,0.869210,0.016363,0.037094,0.312161,0.855007,0.616964,-0.014529,-0.311317,0.859514,0.300428,0.066372,-0.071036,0.340663,0.117816,0.056202,0.396180,0.061685,-0.063887,0.347674,0.081701,-0.145656,-0.424570,0.008368,0.351833,0.557687,-0.010719,0.431257,0.145791,0.035134,0.324525,-0.362677,0.000807,-0.389570,0.016367,0.037460,0.311678,0.616462,-0.014453,-0.311523
228,2.280000,0.006165,0.355588,-0.000982,-0.934622,0.345974,0.081885,-0.054458,0.000491,0.299684,0.066146,-0.069086,0.875860,0.340635,0.117932,0.057284,0.882300,0.396123,0.061802,-0.062349,0.919675,0.347453,0.081660,-0.143682,0.870682,0.001165,0.036333,0.000562,-0.999339,0.091553,0.009498,0.119732,0.000547,-0.424978,0.008465,0.352569,0.787747,0.557964,-0.010305,0.431296,0.892378,0.145610,0.034908,0.323526,0.736979,-0.362736,0.001075,-0.390001,0.875188,0.016383,0.037101,0.312210,0.835539,0.617072,-0.014253,-0.311207,0.867836,0.300148,0.066044,-0.069232,0.340618,0.118101,0.057723,0.395892,0.061659,-0.062177,0.347238,0.081735,-0.144147,-0.424565,0.008365,0.351834,0.557816,-0.010709,0.431275,0.145767,0.035134,0.324542,-0.362600,0.000863,-0.389570,0.016356,0.037468,0.311665,0.616566,-0.014108,-0.311261
229,2.290000,0.006420,0.354870,-0.001328,-0.934893,0.345745,0.081855,-0.052812,0.000496,0.299440,0.066085,-0.067357,0.875860,0.340561,0.117980,0.058912,0.882300,0.395891,0.061789,-0.060766,0.919675,0.347087,0.081567,-0.142039,0.870682,0.001286,0.036248,0.000658,-0.999342,0.091543,0.009443,0.119692,0.000551,-0.424947,0.008568,0.352617,0.787747,0.558004,-0.010382,0.431181,0.892378,0.145641,0.034889,0.323471,0.736979,-0.362834,0.000991,-0.389961,0.875188,0.016412,0.037105,0.312177,0.835539,0.616984,-0.014516,-0.311331,0.867836,0.299926,0.066115,-0.067508,0.340479,0.118107,0.059405,0.395712,0.061692,-0.060740,0.346862,0.081507,-0.142407,-0.424567,0.008360,0.351816,0.557976,-0.010731,0.431289,0.145729,0.035159,0.324555,-0.362666,0.000854,-0.389528,0.016346,0.037494,0.311661,0.616470,-0.014453,-0.311531
230,2.300000,0.007065,0.354705,-0.000957,-0.934951,0.345662,0.081772,-0.051110,0.000457,0.299334,0.066041,-0.065624,0.867697,0.340559,0.118008,0.060582,0.897928,0.395782,0.061640,-0.059062,0.931752,0.346973,0.081398,-0.140337,0.895595,0.001252,0.036242,0.000672,-0.999342,0.091555,0.009439,0.119706,0.000541,-0.424933,0.008561,0.352637,0.768508,0.558018,-0.010419,0.431188,0.904456,0.145655,0.034870,0.323486,0.717136,-0.362829,0.001034,-0.389943,0.883577,0.016426,0.037091,0.312193,0.839324,0.616990,-0.014503,-0.311324,0.855754,0.299826,0.066026,-0.065818,0.340531,0.118121,0.060973,0.395564,0.061553,-0.058923,0.346726,0.081387,-0.140674,-0.424557,0.008361,0.351815,0.558094,-0.010767,0.431327,0.145675,0.035158,0.324580,-0.362664,0.000900,-0.389529,0.016351,0.037454,0.311668,0.616449,-0.014442,-0.311517
231,2.310000,0.006422,0.354304,-0.001243,-0.935107,0.345500,0.081820,-0.049501,0.000404,0.299175,0.066058,-0.063991,0.867697,0.340457,0.117939,0.062232,0.897928,0.395633,0.061746,-0.057516,0.931752,0.346733,0.081536,-0.138729,0.895595,0.001260,0.036246,0.000676,-0.999342,0.091555,0.009452,0.119716,0.000538,-0.424935,0.008583,0.352643,0.768508,0.558016,-0.010405,0.431202,0.904456,0.145654,0.034886,0.323496,0.717136,-0.362824,0.001043,-0.389936,0.883577,0.016426,0.037108,0.312202,0.839324,0.616994,-0.014501,-0.311310,0.855754,0.299596,0.066072,-0.064121,0.340445,0.118012,0.062622,0.395388,0.061725,-0.057408,0.346570,0.081470,-0.139097,-0.424554,0.008370,0.351821,0.558155,-0.010735,0.431388,0.145651,0.035172,0.324618,-0.362691,0.000926,-0.389541,0.016318,0.037468,0.311660,0.616473,-0.014456,-0.311527
232,2.320000,0.007222,0.354176,-0.000799,-0.935151,0.345327,0.081737,-0.047845,0.000438,0.298976,0.066023,-0.062304,0.872984,0.340365,0.117995,0.063846,0.895541,0.395430,0.061583,-0.055850,0.941686,0.346537,0.081346,-0.137073,0.891937,0.001143,0.036295,0.000571,-0.999340,0.091573,0.009530,0.119758,0.000512,-0.424939,0.008495,0.352634,0.777561,0.558008,-0.010296,0.431285,0.876849,0.145647,0.034930,0.323549,0.718695,-0.362755,0.001138,-0.389940,0.892451,0.016419,0.037126,0.312243,0.815987,0.617059,-0.014210,-0.311222,0.877089,0.299446,0.066102,-0.062479,0.340328,0.118047,0.064259,0.395223,0.061576,-0.055741,0.346310,0.081223,-0.137419,-0.424566,0.008375,0.351836,0.558243,-0.010716,0.431389,0.145635,0.035176,0.324647,-0.362734,0.000938,-0.389560,0.016284,0.037517,0.311635,0.616588,-0.014079,-0.311278
233,2.330000,0.007129,0.354013,0.000265,-0.935213,0.345320,0.081865,-0.046272,0.000475,0.298934,0.066253,-0.060730,0.872984,0.340465,0.118029,0.065455,0.895541,0.395381,0.061622,-0.054312,0.941686,0.346499,0.081554,-0.135500,0.891937,0.001262,0.036209,0.000657,-0.999343,0.091557,0.009460,0.119713,0.000538,-0.424916,0.008573,0.352678,0.777561,0.558042,-0.010378,0.431165,0.876849,0.145670,0.034897,0.323489,0.718695,-0.362860,0.001031,-0.389906,0.892451,0.016441,0.037113,0.312205,0.815987,0.616965,-0.014476,-0.311351,0.877089,0.299436,0.066334,-0.060898,0.340397,0.118103,0.065897,0.395215,0.061570,-0.054207,0.346231,0.081452,-0.135880,-0.424565,0.008366,0.351846,0.558333,-0.010671,0.431352,0.145597,0.035157,0.324665,-0.362779,0.000937,-0.389559,0.016295,0.037453,0.311672,0.616467,-0.014450,-0.311542
234,2.340000,0.007157,0.353718,-0.001145,-0.935324,0.345331,0.081959,-0.044637,0.000487,0.298977,0.066211,-0.059048,0.864052,0.340454,0.118228,0.067054,0.886082,0.395440,0.061839,-0.052689,0.931771,0.346453,0.081558,-0.133866,0.882715,0.001264,0.036195,0.000657,-0.999344,0.091557,0.009475,0.119722,0.000556,-0.424909,0.008588,0.352701,0.761555,0.558050,-0.010362,0.431160,0.875792,0.145675,0.034913,0.323496,0.697106,-0.362874,0.001044,-0.389885,0.907159,0.016446,0.037129,0.312215,0.838857,0.616952,-0.014463,-0.311357,0.874228,0.299493,0.066222,-0.059220,0.340412,0.118336,0.067495,0.395211,0.061761,-0.052561,0.346207,0.081517,-0.134263,-0.424560,0.008372,0.351840,0.558397,-0.010666,0.431345,0.145560,0.035208,0.324665,-0.362817,0.000950,-0.389530,0.016282,0.037461,0.311687,0.616481,-0.014439,-0.311533
235,2.350000,0.007073,0.353733,0.001615,-0.935318,0.345243,0.081975,-0.043104,0.000505,0.298810,0.066495,-0.057551,0.864052,0.340542,0.118033,0.068664,0.886082,0.395249,0.061616,-0.051194,0.931771,0.346370,0.081757,-0.132333,0.882715,0.001164,0.036246,0.000544,-0.999342,0.091566,0.009546,0.119756,0.000560,-0.424923,0.008494,0.352683,0.761555,0.558033,-0.010241,0.431239,0.875792,0.145658,0.034958,0.323541,0.697106,-0.362811,0.001107,-0.389898,0.907159,0.016429,0.037146,0.312247,0.838857,0.617011,-0.014186,-0.311274,0.874228,0.299343,0.066498,-0.057650,0.340425,0.118193,0.069159,0.395060,0.061462,-0.051215,0.346145,0.081748,-0.132710,-0.424557,0.008368,0.351842,0.558460,-0.010638,0.431310,0.145536,0.035203,0.324677,-0.362870,0.000930,-0.389543,0.016235,0.037520,0.311633,0.616594,-0.014074,-0.311251
236,2.360000,0.006551,0.353391,-0.000071,-0.935453,0.345153,0.082087,-0.041519,0.000436,0.298764,0.066440,-0.055928,0.880359,0.340410,0.118152,0.070245,0.895499,0.395224,0.061903,-0.049643,0.950444,0.346214,0.081854,-0.130749,0.892816,0.001160,0.036222,0.000528,-0.999343,0.091566,0.009534,0.119758,0.000571,-0.424912,0.008464,0.352709,0.764092,0.558048,-0.010241,0.431217,0.844275,0.145667,0.034945,0.323540,0.699873,-0.362836,0.001084,-0.389874,0.905391,0.016437,0.037130,0.312252,0.833683,0.616990,-0.014179,-0.311299,0.892704,0.299215,0.066488,-0.056082,0.340357,0.118233,0.070651,0.395064,0.061842,-0.049544,0.345978,0.081784,-0.131100,-0.424557,0.008371,0.351840,0.558530,-0.010634,0.431269,0.145490,0.035225,0.324694,-0.362925,0.000900,-0.389556,0.016269,0.037442,0.311689,0.616581,-0.014060,-0.311251
237,2.370000,0.006385,0.353444,0.000154,-0.935434,0.345168,0.082036,-0.040148,0.000453,0.298776,0.066410,-0.054570,0.880359,0.340424,0.118049,0.071632,0.895499,0.395235,0.061840,-0.048276,0.950444,0.346239,0.081844,-0.129378,0.892816,0.001286,0.036160,0.000629,-0.999345,0.091546,0.009487,0.119685,0.000602,-0.424904,0.008583,0.352701,0.764092,0.558063,-0.010310,0.431092,0.844275,0.145678,0.034937,0.323454,0.699873,-0.362921,0.001008,-0.389889,0.905391,0.016447,0.037146,0.312182,0.833683,0.616912,-0.014442,-0.311430,0.892704,0.299227,0.066409,-0.054737,0.340403,0.118148,0.072052,0.395020,0.061782,-0.048139,0.346024,0.081804,-0.129769,-0.424559,0.008360,0.351849,0.558580,-0.010637,0.431222,0.145460,0.035238,0.324696,-0.362949,0.000908,-0.389585,0.016222,0.037519,0.311640,0.616498,-0.014416,-0.311508
238,2.380000,0.006732,0.353475,0.000704,-0.935419,0.345073,0.082136,-0.038739,0.000425,0.298663,0.066565,-0.053160,0.882674,0.340366,0.118184,0.073031,0.889808,0.395114,0.061874,-0.046858,0.956782,0.346151,0.081919,-0.127969,0.892827,0.001290,0.036140,0.000637,-0.999346,0.091544,0.009477,0.119678,0.000619,-0.424896,0.008583,0.352714,0.758020,0.558073,-0.010325,0.431066,0.830441,0.145685,0.034928,0.323445,0.667127,-0.362943,0.001002,-0.389878,0.924209,0.016454,0.037138,0.312178,0.833455,0.616893,-0.014463,-0.311458,0.898523,0.299110,0.066654,-0.053270,0.340289,0.118248,0.073460,0.394950,0.061838,-0.046820,0.345945,0.081802,-0.128327,-0.424563,0.008367,0.351831,0.558658,-0.010653,0.431171,0.145449,0.035252,0.324714,-0.362990,0.000900,-0.389596,0.016193,0.037490,0.311676,0.616491,-0.014437,-0.311511
239,2.390000,0.007058,0.353102,0.001214,-0.935558,0.345096,0.082059,-0.037447,0.000458,0.298655,0.066541,-0.051828,0.882674,0.340520,0.118141,0.074317,0.889808,0.395106,0.061736,-0.045601,0.956782,0.346103,0.081820,-0.126678,0.892827,0.001307,0.036128,0.000613,-0.999346,0.091543,0.009471,0.119665,0.000633,-0.424891,0.008561,0.352714,0.758020,0.558081,-0.010298,0.431043,0.830441,0.145687,0.034932,0.323430,0.667127,-0.362956,0.000957,-0.389879,0.924209,0.016456,0.037136,0.312166,0.833455,0.616882,-0.014460,-0.311483,0.898523,0.299152,0.066518,-0.051938,0.340421,0.118302,0.074757,0.394909,0.061585,-0.045632,0.345903,0.081833,-0.126976,-0.424565,0.008362,0.351837,0.558719,-0.010640,0.431134,0.145409,0.035224,0.324729,-0.363046,0.000842,-0.389604,0.016195,0.037513,0.311631,0.616504,-0.014418,-0.311491
240,2.400000,0.006605,0.352896,0.001091,-0.935638,0.345207,0.082165,-0.036132,0.000431,0.298768,0.066632,-0.050504,0.882463,0.340661,0.118159,0.075662,0.900621,0.395225,0.061875,-0.044323,0.935985,0.346174,0.081994,-0.125363,0.889498,0.001294,0.036142,0.000633,-0.999346,0.091563,0.009456,0.119678,0.000708,-0.424878,0.008559,0.352712,0.764732,0.558091,-0.010341,0.431068,0.755091,0.145702,0.034908,0.323445,0.658784,-0.362922,0.000972,-0.389880,0.930052,0.016471,0.037118,0.312177,0.818261,0.616914,-0.014485,-0.311456,0.893665,0.299190,0.066675,-0.050708,0.340659,0.118216,0.076056,0.395038,0.061867,-0.044147,0.345941,0.081903,-0.125727,-0.424580,0.008359,0.351842,0.558936,-0.010780,0.431297,0.145385,0.035240,0.324730,-0.363046,0.000844,-0.389665,0.016193,0.037531,0.311647,0.616497,-0.014427,-0.311518
241,2.410000,0.006610,0.352684,0.000685,-0.935719,0.345300,0.082271,-0.034883,0.000415,0.298867,0.066699,-0.049229,0.882463,0.340778,0.118295,0.076903,0.900621,0.395330,0.062017,-0.043091,0.935985,0.346227,0.082075,-0.124114,0.889498,0.001316,0.036117,0.000611,-0.999347,0.091551,0.009428,0.119662,0.000716,-0.424878,0.008521,0.352722,0.764732,0.558096,-0.010335,0.431030,0.755091,0.145700,0.034892,0.323425,0.658784,-0.362959,0.000902,-0.389872,0.930052,0.016468,0.037096,0.312164,0.818261,0.616881,-0.014510,-0.311497,0.893665,0.299350,0.066804,-0.049384,0.340721,0.118334,0.077296,0.395128,0.062012,-0.043027,0.346003,0.081935,-0.124415,-0.424572,0.008343,0.351852,0.558999,-0.010795,0.431225,0.145358,0.035238,0.324727,-0.363123,0.000768,-0.389679,0.016173,0.037486,0.311664,0.616497,-0.014444,-0.311529
242,2.420000,0.006640,0.353277,0.001902,-0.935493,0.345407,0.082237,-0.033691,0.000492,0.298957,0.066782,-0.048109,0.878388,0.340824,0.118182,0.078118,0.873137,0.395401,0.061874,-0.041851,0.952140,0.346448,0.082109,-0.122921,0.887619,0.001316,0.036105,0.000617,-0.999347,0.091552,0.009430,0.119631,0.000729,-0.424872,0.008528,0.352704,0.764024,0.558104,-0.010338,0.430988,0.730432,0.145706,0.034893,0.323393,0.642240,-0.362970,0.000909,-0.389892,0.930673,0.016474,0.037099,0.312135,0.826488,0.616872,-0.014514,-0.311540,0.901547,0.299383,0.066841,-0.048336,0.340795,0.118265,0.078617,0.395235,0.061855,-0.041758,0.346217,0.081986,-0.123287,-0.424563,0.008357,0.351829,0.559062,-0.010806,0.431146,0.145332,0.035227,0.324733,-0.363136,0.000779,-0.389712,0.016167,0.037492,0.311653,0.616483,-0.014448,-0.311544
243,2.430000,0.006122,0.353174,0.001722,-0.935536,0.345375,0.082227,-0.032573,0.000455,0.298932,0.066752,-0.046994,0.878388,0.340791,0.118074,0.079267,0.873137,0.395380,0.061906,-0.040761,0.952140,0.346395,0.082175,-0.121804,0.887619,0.001457,0.036020,0.000533,-0.999350,0.091475,0.009377,0.119625,0.000747,-0.424909,0.008461,0.352786,0.764024,0.558083,-0.010228,0.430908,0.730432,0.145660,0.034908,0.323370,0.642240,-0.363132,0.000639,-0.389818,0.930673,0.016426,0.037089,0.312134,0.826488,0.616725,-0.014608,-0.311629,0.901547,0.299464,0.066799,-0.047127,0.340738,0.118150,0.079682,0.395131,0.061858,-0.040660,0.346165,0.082100,-0.122186,-0.424554,0.008358,0.351824,0.559066,-0.010814,0.431057,0.145304,0.035214,0.324738,-0.363526,0.000447,-0.389658,0.016163,0.037510,0.311630,0.616483,-0.014468,-0.311545
244,2.440000,0.005942,0.353383,0.001578,-0.935458,0.345293,0.082188,-0.031602,0.000444,0.298863,0.066698,-0.046047,0.876719,0.340645,0.118008,0.080244,0.895534,0.395310,0.061890,-0.039773,0.954523,0.346353,0.082158,-0.120833,0.890966,0.001435,0.036018,0.000535,-0.999350,0.091481,0.009374,0.119616,0.000746,-0.424902,0.008449,0.352780,0.741671,0.558090,-0.010246,0.430896,0.714518,0.145667,0.034895,0.323362,0.636107,-0.363129,0.000659,-0.389825,0.885731,0.016433,0.037078,0.312127,0.830822,0.616729,-0.014594,-0.311642,0.923491,0.299307,0.066778,-0.046245,0.340598,0.118069,0.080654,0.395177,0.061854,-0.039655,0.346090,0.082053,-0.121164,-0.424553,0.008344,0.351813,0.559070,-0.010828,0.430975,0.145296,0.035236,0.324728,-0.363510,0.000468,-0.389659,0.016173,0.037479,0.311648,0.616484,-0.014459,-0.311517
245,2.450000,0.005688,0.353652,0.001706,-0.935358,0.345183,0.082221,-0.030597,0.000449,0.298760,0.066742,-0.045078,0.876719,0.340473,0.117978,0.081267,0.895534,0.395204,0.061924,-0.038750,0.954523,0.346295,0.082241,-0.119827,0.890966,0.001440,0.036003,0.000514,-0.999351,0.091476,0.009400,0.119574,0.000709,-0.424900,0.008456,0.352753,0.741671,0.558095,-0.010197,0.430840,0.714518,0.145667,0.034926,0.323318,0.636107,-0.363149,0.000660,-0.389853,0.885731,0.016432,0.037103,0.312087,0.830822,0.616712,-0.014551,-0.311699,0.923491,0.299267,0.066847,-0.045235,0.340404,0.118024,0.081664,0.395054,0.061883,-0.038612,0.346006,0.082131,-0.120205,-0.424544,0.008344,0.351808,0.558912,-0.010651,0.430773,0.145280,0.035227,0.324752,-0.363499,0.000479,-0.389677,0.016165,0.037490,0.311632,0.616508,-0.014438,-0.311505
246,2.460000,0.005416,0.353716,0.001738,-0.935336,0.345175,0.082213,-0.029789,0.000426,0.298756,0.066735,-0.044284,0.863142,0.340445,0.117910,0.082093,0.912332,0.395200,0.061927,-0.037946,0.944398,0.346299,0.082280,-0.119018,0.889552,0.001347,0.036105,0.000401,-0.999347,0.091491,0.009440,0.119667,0.000781,-0.424932,0.008335,0.352741,0.748530,0.558052,-0.010103,0.431024,0.686487,0.145635,0.034943,0.323427,0.648794,-0.363028,0.000685,-0.389855,0.860062,0.016402,0.037092,0.312169,0.828221,0.616820,-0.014311,-0.311503,0.897077,0.299283,0.066774,-0.044429,0.340355,0.118004,0.082418,0.395078,0.061794,-0.037816,0.345985,0.082279,-0.119329,-0.424548,0.008345,0.351811,0.559081,-0.010815,0.430942,0.145277,0.035225,0.324756,-0.363505,0.000436,-0.389699,0.016168,0.037481,0.311653,0.616611,-0.014095,-0.311222
247,2.470000,0.005086,0.353370,0.001725,-0.935468,0.345130,0.082179,-0.029049,0.000413,0.298705,0.066698,-0.043520,0.863142,0.340474,0.117806,0.082858,0.912332,0.395154,0.061911,-0.037256,0.944398,0.346188,0.082301,-0.118280,0.889552,0.001453,0.036007,0.000509,-0.999350,0.091468,0.009389,0.119568,0.000693,-0.424910,0.008447,0.352742,0.748530,0.558084,-0.010195,0.430838,0.686487,0.145656,0.034921,0.323312,0.648794,-0.363153,0.000632,-0.389863,0.860062,0.016422,0.037097,0.312079,0.828221,0.616707,-0.014568,-0.311700,0.897077,0.299166,0.066760,-0.043700,0.340434,0.117858,0.083187,0.395031,0.061853,-0.037058,0.345891,0.082244,-0.118627,-0.424552,0.008344,0.351813,0.558858,-0.010660,0.430733,0.145271,0.035241,0.324766,-0.363505,0.000433,-0.389705,0.016166,0.037488,0.311655,0.616516,-0.014443,-0.311492
248,2.480000,0.005115,0.353717,0.002277,-0.935336,0.345048,0.082173,-0.028239,0.000458,0.298617,0.066746,-0.042749,0.867348,0.340345,0.117768,0.083677,0.891134,0.395057,0.061855,-0.036415,0.955372,0.346173,0.082324,-0.117468,0.883125,0.001456,0.036009,0.000506,-0.999350,0.091460,0.009390,0.119554,0.000691,-0.424919,0.008448,0.352727,0.755492,0.558076,-0.010190,0.430826,0.772909,0.145648,0.034924,0.323298,0.610716,-0.363159,0.000628,-0.389879,0.894751,0.016413,0.037099,0.312065,0.847869,0.616701,-0.014567,-0.311712,0.920568,0.299100,0.066862,-0.042935,0.340280,0.117813,0.084105,0.394916,0.061831,-0.036307,0.345895,0.082187,-0.117818,-0.424548,0.008348,0.351828,0.558849,-0.010649,0.430696,0.145247,0.035245,0.324768,-0.363510,0.000431,-0.389757,0.016155,0.037486,0.311673,0.616505,-0.014446,-0.311493
249,2.490000,0.004581,0.353645,0.001800,-0.935367,0.344999,0.082194,-0.027486,0.000422,0.298585,0.066718,-0.041999,0.867348,0.340268,0.117709,0.084454,0.891134,0.395032,0.061945,-0.035683,0.955372,0.346109,0.082405,-0.116716,0.883125,0.001348,0.036082,0.000391,-0.999348,0.091472,0.009466,0.119594,0.000721,-0.424940,0.008351,0.352692,0.755492,0.558047,-0.010067,0.430930,0.772909,0.145624,0.034970,0.323351,0.610716,-0.363071,0.000701,-0.389906,0.894751,0.016391,0.037117,0.312100,0.847869,0.616782,-0.014276,-0.311600,0.920568,0.299073,0.066798,-0.042149,0.340204,0.117762,0.084811,0.394889,0.061887,-0.035541,0.345828,0.082330,-0.117065,-0.424543,0.008362,0.351829,0.558869,-0.010637,0.430641,0.145243,0.035232,0.324759,-0.363504,0.000444,-0.389787,0.016149,0.037488,0.311671,0.616620,-0.014074,-0.311232
250,2.500000,0.004460,0.353376,0.001654,-0.935469,0.344885,0.082169,-0.026811,0.000362,0.298468,0.066678,-0.041299,0.879017,0.340206,0.117668,0.085136,0.924826,0.394920,0.061939,-0.035040,0.943521,0.345944,0.082392,-0.116041,0.894158,0.001354,0.036076,0.000406,-0.999348,0.091461,0.009468,0.119574,0.000709,-0.424949,0.008372,0.352677,0.766641,0.558039,-0.010076,0.430905,0.743766,0.145616,0.034973,0.323330,0.626012,-0.363087,0.000712,-0.389921,0.874685,0.016383,0.037124,0.312080,0.851852,0.616765,-0.014295,-0.311626,0.887395,0.298932,0.066765,-0.041406,0.340155,0.117693,0.085431,0.394752,0.061911,-0.034892,0.345700,0.082309,-0.116377,-0.424548,0.008365,0.351834,0.558837,-0.010641,0.430598,0.145238,0.035278,0.324745,-0.363509,0.000458,-0.389825,0.016142,0.037488,0.311679,0.616596,-0.014105,-0.311254
251,2.510000,0.004522,0.353319,0.001057,-0.935491,0.344698,0.082199,-0.026257,0.000461,0.298296,0.066650,-0.040731,0.880833,0.339996,0.117753,0.085671,0.889900,0.394754,0.062018,-0.034482,0.949407,0.345745,0.082375,-0.115488,0.877088,0.001446,0.035994,0.000498,-0.999351,0.091450,0.009399,0.119503,0.000692,-0.424922,0.008443,0.352690,0.769858,0.558075,-0.010178,0.430761,0.764369,0.145643,0.034930,0.323246,0.603814,-0.363184,0.000639,-0.389917,0.896314,0.016408,0.037103,0.312016,0.855391,0.616679,-0.014540,-0.311779,0.916462,0.298745,0.066698,-0.040884,0.339938,0.117839,0.086099,0.394625,0.061943,-0.034346,0.345483,0.082317,-0.115900,-0.424549,0.008360,0.351853,0.558863,-0.010652,0.430554,0.145222,0.035283,0.324732,-0.363535,0.000437,-0.389831,0.016130,0.037468,0.311664,0.616498,-0.014417,-0.311526
252,2.520000,0.004758,0.353509,0.000742,-0.935419,0.344527,0.082181,-0.025826,0.000478,0.298137,0.066603,-0.040308,0.880833,0.339764,0.117807,0.086077,0.889900,0.394595,0.062016,-0.034017,0.949407,0.345610,0.082298,-0.115056,0.877088,0.001450,0.035986,0.000512,-0.999351,0.091435,0.009394,0.119487,0.000684,-0.424933,0.008454,0.352683,0.769858,0.558065,-0.010196,0.430737,0.764369,0.145633,0.034924,0.323229,0.603814,-0.363207,0.000644,-0.389925,0.896314,0.016398,0.037101,0.312001,0.855391,0.616656,-0.014564,-0.311804,0.916462,0.298608,0.066692,-0.040497,0.339697,0.117877,0.086517,0.394488,0.061956,-0.033879,0.345313,0.082198,-0.115444,-0.424554,0.008360,0.351851,0.558822,-0.010654,0.430514,0.145191,0.035271,0.324734,-0.363553,0.000446,-0.389842,0.016132,0.037477,0.311657,0.616481,-0.014448,-0.311541
253,2.530000,0.004475,0.353530,-0.000306,-0.935412,0.344362,0.082173,-0.025453,0.000510,0.298007,0.066491,-0.039933,0.870830,0.339519,0.117813,0.086443,0.875035,0.394474,0.062114,-0.033637,0.950689,0.345448,0.082273,-0.114683,0.880752,0.001442,0.035990,0.000503,-0.999351,0.091432,0.009398,0.119486,0.000688,-0.424938,0.008445,0.352678,0.770172,0.558060,-0.010188,0.430739,0.767899,0.145627,0.034926,0.323228,0.599431,-0.363207,0.000648,-0.389930,0.895649,0.016392,0.037100,0.312000,0.853986,0.616656,-0.014543,-0.311801,0.917335,0.298469,0.066539,-0.040160,0.339473,0.117913,0.086930,0.394332,0.062049,-0.033516,0.345174,0.082190,-0.115064,-0.424561,0.008347,0.351846,0.558824,-0.010655,0.430494,0.145185,0.035268,0.324730,-0.363563,0.000450,-0.389839,0.016117,0.037488,0.311661,0.616503,-0.014427,-0.311532
254,2.540000,0.004616,0.353391,-0.000744,-0.935464,0.344226,0.082169,-0.025143,0.000440,0.297878,0.066446,-0.039601,0.870830,0.339391,0.117869,0.086733,0.875035,0.394350,0.062142,-0.033332,0.950689,0.345286,0.082219,-0.114374,0.880752,0.001326,0.036066,0.000388,-0.999348,0.091424,0.009465,0.119548,0.000702,-0.424981,0.008337,0.352661,0.770172,0.558010,-0.010078,0.430868,0.767899,0.145583,0.034961,0.323304,0.599431,-0.363134,0.000719,-0.389939,0.895649,0.016349,0.037107,0.312057,0.853986,0.616721,-0.014254,-0.311664,0.917335,0.298289,0.066478,-0.039781,0.339351,0.117961,0.087156,0.394203,0.062082,-0.033239,0.345063,0.082154,-0.114710,-0.424558,0.008347,0.351847,0.558771,-0.010661,0.430487,0.145175,0.035262,0.324732,-0.363552,0.000452,-0.389842,0.016096,0.037474,0.311681,0.616589,-0.014051,-0.311272
255,2.550000,0.004388,0.353591,-0.000239,-0.935390,0.344190,0.082103,-0.024849,0.000390,0.297836,0.066427,-0.039339,0.887526,0.339334,0.117720,0.087053,0.907852,0.394302,0.062043,-0.033031,0.953645,0.345288,0.082222,-0.114079,0.901898,0.001344,0.036071,0.000393,-0.999348,0.091413,0.009464,0.119553,0.000714,-0.424995,0.008350,0.352662,0.766905,0.557994,-0.010074,0.430879,0.738123,0.145569,0.034966,0.323309,0.619587,-0.363141,0.000706,-0.389938,0.873799,0.016335,0.037114,0.312060,0.855546,0.616713,-0.014277,-0.311653,0.875286,0.298265,0.066484,-0.039461,0.339277,0.117784,0.087412,0.394145,0.061990,-0.032946,0.345072,0.082154,-0.114399,-0.424565,0.008358,0.351834,0.558771,-0.010643,0.430466,0.145149,0.035259,0.324742,-0.363565,0.000452,-0.389837,0.016099,0.037471,0.311672,0.616566,-0.014081,-0.311218
256,2.560000,0.004283,0.353615,0.000010,-0.935381,0.344132,0.082130,-0.024665,0.000372,0.297773,0.066478,-0.039164,0.887526,0.339285,0.117707,0.087250,0.907852,0.394237,0.062054,-0.032852,0.953645,0.345235,0.082282,-0.113895,0.901898,0.001445,0.036000,0.000501,-0.999351,0.091407,0.009387,0.119498,0.000685,-0.424968,0.008434,0.352681,0.766905,0.558029,-0.010195,0.430761,0.738123,0.145598,0.034917,0.323242,0.619587,-0.363222,0.000632,-0.389926,0.873799,0.016363,0.037091,0.312011,0.855546,0.616640,-0.014554,-0.311778,0.875286,0.298213,0.066536,-0.039290,0.339224,0.117765,0.087549,0.394120,0.061978,-0.032711,0.344972,0.082243,-0.114209,-0.424566,0.008360,0.351838,0.558749,-0.010660,0.430462,0.145137,0.035261,0.324753,-0.363569,0.000421,-0.389829,0.016097,0.037458,0.311688,0.616494,-0.014425,-0.311473
257,2.570000,0.004604,0.353970,0.000207,-0.935245,0.344185,0.082116,-0.024619,0.000407,0.297827,0.066485,-0.039145,0.883330,0.339273,0.117747,0.087276,0.906239,0.394284,0.062006,-0.032759,0.955623,0.345356,0.082226,-0.113848,0.893267,0.001352,0.036075,0.000391,-0.999348,0.091416,0.009469,0.119551,0.000705,-0.424993,0.008356,0.352655,0.769662,0.557996,-0.010062,0.430881,0.737090,0.145571,0.034975,0.323307,0.618550,-0.363133,0.000700,-0.389944,0.874401,0.016337,0.037121,0.312057,0.858234,0.616720,-0.014277,-0.311650,0.877218,0.298264,0.066563,-0.039292,0.339214,0.117802,0.087642,0.394158,0.061957,-0.032643,0.345105,0.082141,-0.114183,-0.424568,0.008357,0.351837,0.558755,-0.010645,0.430446,0.145149,0.035288,0.324740,-0.363552,0.000442,-0.389844,0.016104,0.037486,0.311691,0.616586,-0.014082,-0.311220
258,2.580000,0.004638,0.354165,0.000217,-0.935171,0.344179,0.082109,-0.024625,0.000383,0.297827,0.066479,-0.039170,0.883330,0.339222,0.117747,0.087266,0.906239,0.394280,0.061997,-0.032743,0.955623,0.345387,0.082214,-0.113854,0.893267,0.001453,0.035995,0.000504,-0.999351,0.091413,0.009399,0.119482,0.000679,-0.424959,0.008452,0.352669,0.769662,0.558038,-0.010181,0.430741,0.737090,0.145607,0.034931,0.323225,0.618550,-0.363220,0.000637,-0.389938,0.874401,0.016372,0.037106,0.311995,0.858234,0.616643,-0.014554,-0.311799,0.877218,0.298275,0.066571,-0.039293,0.339158,0.117786,0.087602,0.394139,0.061958,-0.032630,0.345143,0.082121,-0.114180,-0.424568,0.008355,0.351843,0.558767,-0.010639,0.430450,0.145146,0.035294,0.324733,-0.363562,0.000440,-0.389856,0.016094,0.037480,0.311694,0.616501,-0.014442,-0.311515
259,2.590000,0.004451,0.354231,0.000234,-0.935147,0.344142,0.082095,-0.024620,0.000409,0.297794,0.066466,-0.039177,0.877335,0.339166,0.117692,0.087283,0.907402,0.394247,0.061991,-0.032738,0.954140,0.345363,0.082232,-0.113848,0.888950,0.001444,0.035986,0.000511,-0.999351,0.091406,0.009397,0.119472,0.000687,-0.424962,0.008453,0.352668,0.771641,0.558036,-0.010195,0.430722,0.770284,0.145603,0.034925,0.323214,0.591181,-0.363237,0.000651,-0.389940,0.897788,0.016368,0.037101,0.311987,0.859095,0.616627,-0.014555,-0.311819,0.916355,0.298257,0.066558,-0.039311,0.339097,0.117740,0.087644,0.394118,0.061941,-0.032618,0.345099,0.082142,-0.114194,-0.424570,0.008359,0.351849,0.558779,-0.010654,0.430436,0.145129,0.035272,0.324740,-0.363586,0.000454,-0.389863,0.016086,0.037482,0.311681,0.616489,-0.014441,-0.311536
260,2.600000,0.004399,0.354140,-0.000098,-0.935182,0.344090,0.082091,-0.024567,0.000405,0.297749,0.066429,-0.039112,0.877335,0.339113,0.117700,0.087332,0.907402,0.394206,0.062018,-0.032692,0.954140,0.345293,0.082217,-0.113795,0.888950,0.001341,0.036049,0.000389,-0.999349,0.091421,0.009476,0.119520,0.000708,-0.424976,0.008357,0.352651,0.771641,0.558017,-0.010060,0.430824,0.770284,0.145586,0.034978,0.323273,0.591181,-0.363155,0.000717,-0.389951,0.897788,0.016352,0.037124,0.312030,0.859095,0.616702,-0.014258,-0.311710,0.916355,0.298190,0.066499,-0.039298,0.339065,0.117758,0.087683,0.394076,0.061971,-0.032570,0.345031,0.082137,-0.114082,-0.424556,0.008364,0.351857,0.558772,-0.010626,0.430401,0.145151,0.035269,0.324734,-0.363596,0.000459,-0.389865,0.016115,0.037490,0.311657,0.616595,-0.014063,-0.311286
261,2.610000,0.004118,0.353937,-0.000724,-0.935260,0.344055,0.082080,-0.024537,0.000390,0.297729,0.066356,-0.039063,0.892766,0.339078,0.117673,0.087367,0.912157,0.394195,0.062077,-0.032686,0.946537,0.345218,0.082215,-0.113766,0.898320,0.001346,0.036046,0.000392,-0.999349,0.091410,0.009469,0.119527,0.000711,-0.424986,0.008356,0.352662,0.769804,0.558007,-0.010066,0.430829,0.740860,0.145577,0.034973,0.323280,0.612336,-0.363170,0.000708,-0.389941,0.870125,0.016342,0.037120,0.312038,0.858734,0.616688,-0.014273,-0.311706,0.878365,0.298131,0.066375,-0.039210,0.339046,0.117750,0.087709,0.394050,0.062011,-0.032543,0.344993,0.082185,-0.114103,-0.424547,0.008374,0.351853,0.558758,-0.010638,0.430400,0.145138,0.035259,0.324740,-0.363609,0.000444,-0.389858,0.016101,0.037481,0.311676,0.616578,-0.014070,-0.311277
262,2.620000,0.004161,0.353882,-0.001039,-0.935280,0.343987,0.082053,-0.024514,0.000392,0.297668,0.066298,-0.039030,0.892766,0.339004,0.117677,0.087380,0.912157,0.394137,0.062075,-0.032663,0.946537,0.345139,0.082161,-0.113743,0.898320,0.001452,0.035977,0.000507,-0.999351,0.091406,0.009399,0.119468,0.000684,-0.424957,0.008455,0.352674,0.769804,0.558042,-0.010185,0.430710,0.740860,0.145607,0.034931,0.323209,0.612336,-0.363246,0.000642,-0.389935,0.870125,0.016372,0.037106,0.311984,0.858734,0.616619,-0.014556,-0.311832,0.878365,0.298074,0.066302,-0.039225,0.338986,0.117762,0.087712,0.393978,0.062010,-0.032524,0.344909,0.082138,-0.114019,-0.424561,0.008373,0.351849,0.558765,-0.010634,0.430397,0.145146,0.035289,0.324736,-0.363608,0.000443,-0.389860,0.016096,0.037463,0.311685,0.616493,-0.014440,-0.311526
263,2.630000,0.004148,0.353525,-0.001227,-0.935415,0.343864,0.082063,-0.024507,0.000435,0.297539,0.066291,-0.038986,0.877104,0.338953,0.117698,0.087387,0.905108,0.394015,0.062103,-0.032691,0.944704,0.344948,0.082162,-0.113737,0.894639,0.001445,0.035969,0.000513,-0.999352,0.091410,0.009403,0.119469,0.000684,-0.424951,0.008461,0.352682,0.768579,0.558050,-0.010191,0.430704,0.773866,0.145614,0.034931,0.323209,0.589204,-0.363249,0.000659,-0.389928,0.897684,0.016378,0.037108,0.311986,0.863855,0.616616,-0.014551,-0.311839,0.912061,0.297989,0.066306,-0.039184,0.338911,0.117796,0.087752,0.393884,0.062007,-0.032541,0.344671,0.082145,-0.114054,-0.424556,0.008377,0.351849,0.558777,-0.010638,0.430406,0.145149,0.035271,0.324748,-0.363599,0.000459,-0.389856,0.016109,0.037476,0.311688,0.616470,-0.014434,-0.311542
264,2.640000,0.004403,0.353357,-0.000942,-0.935478,0.343776,0.082013,-0.024478,0.000437,0.297436,0.066270,-0.038936,0.877104,0.338931,0.117683,0.087408,0.905108,0.393910,0.062014,-0.032675,0.944704,0.344829,0.082087,-0.113709,0.894639,0.001345,0.036054,0.000402,-0.999349,0.091413,0.009472,0.119539,0.000714,-0.424987,0.008368,0.352665,0.768579,0.558005,-0.010074,0.430848,0.773866,0.145577,0.034974,0.323293,0.589204,-0.363159,0.000721,-0.389937,0.897684,0.016343,0.037123,0.312048,0.863855,0.616697,-0.014280,-0.311686,0.912061,0.297945,0.066289,-0.039143,0.338888,0.117776,0.087755,0.393727,0.061924,-0.032535,0.344546,0.082065,-0.113989,-0.424545,0.008382,0.351858,0.558763,-0.010651,0.430414,0.145132,0.035284,0.324752,-0.363589,0.000460,-0.389853,0.016102,0.037476,0.311684,0.616574,-0.014081,-0.311252
265,2.650000,0.004158,0.353110,-0.001001,-0.935572,0.343672,0.082064,-0.024500,0.000438,0.297328,0.066314,-0.038940,0.863368,0.338876,0.117685,0.087403,0.909610,0.393807,0.062083,-0.032732,0.934031,0.344677,0.082175,-0.113731,0.899219,0.001356,0.036053,0.000397,-0.999349,0.091403,0.009464,0.119549,0.000710,-0.424995,0.008360,0.352676,0.770488,0.557996,-0.010070,0.430858,0.738849,0.145568,0.034971,0.323302,0.614727,-0.363169,0.000698,-0.389925,0.871400,0.016334,0.037119,0.312058,0.859288,0.616688,-0.014291,-0.311676,0.876890,0.297832,0.066322,-0.039152,0.338845,0.117779,0.087751,0.393612,0.061997,-0.032577,0.344400,0.082159,-0.114023,-0.424554,0.008365,0.351871,0.558749,-0.010646,0.430418,0.145134,0.035289,0.324747,-0.363606,0.000440,-0.389841,0.016091,0.037475,0.311695,0.616572,-0.014097,-0.311238
266,2.660000,0.004675,0.352870,0.000179,-0.935661,0.343529,0.082012,-0.024544,0.000452,0.297137,0.066379,-0.038959,0.863368,0.338880,0.117660,0.087357,0.909610,0.393608,0.061900,-0.032798,0.934031,0.344489,0.082108,-0.113775,0.899219,0.001452,0.035977,0.000510,-0.999351,0.091381,0.009394,0.119485,0.000687,-0.424983,0.008453,0.352691,0.770488,0.558016,-0.010192,0.430726,0.738849,0.145582,0.034926,0.323225,0.614727,-0.363271,0.000640,-0.389919,0.871400,0.016346,0.037102,0.312000,0.859288,0.616593,-0.014563,-0.311815,0.876890,0.297701,0.066385,-0.039124,0.338800,0.117785,0.087744,0.393365,0.061782,-0.032782,0.344248,0.082095,-0.114014,-0.424576,0.008366,0.351867,0.558743,-0.010648,0.430426,0.145110,0.035265,0.324743,-0.363626,0.000439,-0.389841,0.016070,0.037479,0.311690,0.616457,-0.014445,-0.311514
267,2.670000,0.004664,0.352696,0.000294,-0.935726,0.343434,0.082006,-0.024602,0.000471,0.297033,0.066384,-0.039001,0.856452,0.338835,0.117643,0.087305,0.888255,0.393506,0.061884,-0.032877,0.926655,0.344362,0.082111,-0.113833,0.912912,0.001364,0.036048,0.000399,-0.999349,0.091374,0.009464,0.119549,0.000718,-0.425023,0.008366,0.352681,0.768602,0.557970,-0.010069,0.430854,0.735116,0.145540,0.034973,0.323301,0.617186,-0.363203,0.000692,-0.389921,0.865347,0.016306,0.037122,0.312058,0.860266,0.616654,-0.014301,-0.311681,0.875449,0.297579,0.066352,-0.039176,0.338774,0.117790,0.087723,0.393241,0.061760,-0.032850,0.344141,0.082121,-0.114103,-0.424577,0.008394,0.351870,0.558741,-0.010648,0.430415,0.145113,0.035255,0.324745,-0.363667,0.000427,-0.389849,0.016063,0.037474,0.311699,0.616549,-0.014095,-0.311239
268,2.680000,0.004775,0.352592,-0.000019,-0.935765,0.343333,0.082014,-0.024696,0.000464,0.296937,0.066363,-0.039079,0.856452,0.338741,0.117697,0.087196,0.888255,0.393413,0.061915,-0.032974,0.926655,0.344241,0.082082,-0.113928,0.912912,0.001362,0.036028,0.000390,-0.999350,0.091361,0.009465,0.119541,0.000714,-0.425026,0.008356,0.352693,0.768602,0.557970,-0.010060,0.430827,0.735116,0.145535,0.034975,0.323291,0.617186,-0.363236,0.000686,-0.389911,0.865347,0.016300,0.037121,0.312053,0.860266,0.616624,-0.014288,-0.311709,0.875449,0.297475,0.066357,-0.039220,0.338659,0.117838,0.087634,0.393157,0.061799,-0.033001,0.344042,0.082064,-0.114198,-0.424583,0.008381,0.351877,0.558722,-0.010646,0.430398,0.145109,0.035283,0.324739,-0.363709,0.000415,-0.389838,0.016069,0.037471,0.311695,0.616530,-0.014080,-0.311271
269,2.690000,0.004799,0.352343,0.000327,-0.935859,0.343171,0.082050,-0.024840,0.000494,0.296758,0.066432,-0.039201,0.858782,0.338662,0.117713,0.087061,0.873712,0.393234,0.061918,-0.033149,0.937352,0.344032,0.082135,-0.114073,0.902397,0.001364,0.036028,0.000389,-0.999350,0.091358,0.009473,0.119524,0.000712,-0.425030,0.008365,0.352676,0.771374,0.557966,-0.010049,0.430811,0.740939,0.145532,0.034984,0.323274,0.614322,-0.363239,0.000691,-0.389928,0.863903,0.016297,0.037130,0.312036,0.860259,0.616622,-0.014281,-0.311726,0.875981,0.297296,0.066478,-0.039367,0.338582,0.117826,0.087547,0.392995,0.061843,-0.033157,0.343813,0.082052,-0.114385,-0.424591,0.008379,0.351874,0.558718,-0.010621,0.430385,0.145110,0.035284,0.324728,-0.363711,0.000428,-0.389864,0.016068,0.037487,0.311672,0.616521,-0.014081,-0.311284
270,2.700000,0.004608,0.352061,-0.000429,-0.935966,0.343030,0.082106,-0.024935,0.000471,0.296631,0.066414,-0.039265,0.858782,0.338533,0.117782,0.086963,0.873712,0.393118,0.062051,-0.033270,0.937352,0.343836,0.082177,-0.114168,0.902397,0.001448,0.035943,0.000495,-0.999353,0.091350,0.009400,0.119446,0.000690,-0.424998,0.008441,0.352687,0.771374,0.558007,-0.010175,0.430656,0.740939,0.145564,0.034931,0.323183,0.614322,-0.363337,0.000635,-0.389926,0.863903,0.016328,0.037103,0.311967,0.860259,0.616534,-0.014538,-0.311890,0.875981,0.297126,0.066481,-0.039493,0.338499,0.117855,0.087408,0.392897,0.062030,-0.033193,0.343596,0.082059,-0.114462,-0.424583,0.008370,0.351882,0.558721,-0.010632,0.430377,0.145090,0.035263,0.324721,-0.363737,0.000424,-0.389874,0.016065,0.037476,0.311647,0.616426,-0.014409,-0.311586
271,2.710000,0.004743,0.351572,-0.000103,-0.936149,0.342827,0.082119,-0.025066,0.000445,0.296403,0.066460,-0.039347,0.863610,0.338473,0.117801,0.086836,0.897773,0.392893,0.062028,-0.033453,0.945397,0.343540,0.082187,-0.114300,0.898775,0.001355,0.036010,0.000365,-0.999350,0.091354,0.009467,0.119508,0.000715,-0.425024,0.008329,0.352680,0.776326,0.557975,-0.010038,0.430777,0.737640,0.145534,0.034977,0.323257,0.611956,-0.363261,0.000671,-0.389927,0.859388,0.016299,0.037117,0.312024,0.852884,0.616603,-0.014255,-0.311762,0.879045,0.296910,0.066533,-0.039535,0.338418,0.117868,0.087236,0.392698,0.061984,-0.033366,0.343284,0.082091,-0.114598,-0.424573,0.008348,0.351907,0.558732,-0.010640,0.430368,0.145107,0.035270,0.324720,-0.363750,0.000396,-0.389877,0.016052,0.037497,0.311649,0.616523,-0.014042,-0.311335
272,2.720000,0.004965,0.350865,-0.000290,-0.936413,0.342531,0.082160,-0.025252,0.000458,0.296088,0.066485,-0.039454,0.863610,0.338339,0.117902,0.086637,0.897773,0.392588,0.062074,-0.033704,0.945397,0.343109,0.082180,-0.114487,0.898775,0.001459,0.035936,0.000487,-0.999353,0.091362,0.009395,0.119447,0.000691,-0.424983,0.008434,0.352695,0.776326,0.558024,-0.010164,0.430651,0.737640,0.145578,0.034933,0.323182,0.611956,-0.363331,0.000612,-0.389919,0.859388,0.016342,0.037103,0.311968,0.852884,0.616540,-0.014545,-0.311896,0.879045,0.296638,0.066600,-0.039621,0.338267,0.117947,0.087036,0.392406,0.062036,-0.033583,0.342814,0.082059,-0.114839,-0.424552,0.008358,0.351938,0.558757,-0.010646,0.430376,0.145109,0.035292,0.324700,-0.363742,0.000397,-0.389906,0.016055,0.037483,0.311652,0.616433,-0.014415,-0.311598
273,2.730000,0.004890,0.350527,-0.000472,-0.936540,0.342228,0.082151,-0.025411,0.000476,0.295781,0.066458,-0.039579,0.835165,0.338103,0.117890,0.086482,0.900890,0.392286,0.062085,-0.033899,0.937785,0.342741,0.082173,-0.114646,0.880552,0.001358,0.036012,0.000385,-0.999350,0.091371,0.009470,0.119510,0.000710,-0.425009,0.008355,0.352680,0.785134,0.557990,-0.010052,0.430781,0.740248,0.145551,0.034979,0.323259,0.614174,-0.363244,0.000691,-0.389927,0.859404,0.016316,0.037124,0.312026,0.853351,0.616620,-0.014275,-0.311758,0.878847,0.296384,0.066597,-0.039805,0.338038,0.117919,0.086872,0.392083,0.062064,-0.033757,0.342406,0.082025,-0.114952,-0.424542,0.008375,0.351959,0.558740,-0.010646,0.430377,0.145114,0.035267,0.324711,-0.363734,0.000416,-0.389923,0.016061,0.037502,0.311656,0.616536,-0.014063,-0.311330
274,2.740000,0.004729,0.350071,-0.000218,-0.936711,0.341866,0.082141,-0.025540,0.000468,0.295400,0.066471,-0.039672,0.835165,0.337863,0.117827,0.086373,0.900890,0.391909,0.062060,-0.034087,0.937785,0.342293,0.082205,-0.114776,0.880552,0.001451,0.035949,0.000505,-0.999353,0.091379,0.009397,0.119441,0.000685,-0.424972,0.008451,0.352675,0.785134,0.558032,-0.010185,0.430657,0.740248,0.145591,0.034929,0.323178,0.614174,-0.363301,0.000639,-0.389938,0.859404,0.016355,0.037104,0.311961,0.853351,0.616568,-0.014554,-0.311888,0.878847,0.295916,0.066555,-0.039918,0.337823,0.117888,0.086782,0.391725,0.062027,-0.033964,0.342001,0.082093,-0.115062,-0.424562,0.008370,0.351958,0.558771,-0.010651,0.430371,0.145131,0.035278,0.324704,-0.363730,0.000435,-0.389962,0.016084,0.037482,0.311652,0.616462,-0.014434,-0.311576
275,2.750000,0.004579,0.349180,-0.000508,-0.937045,0.341428,0.082232,-0.025690,0.000451,0.294945,0.066534,-0.039734,0.874709,0.337616,0.117907,0.086234,0.897004,0.391467,0.062184,-0.034334,0.947452,0.341685,0.082304,-0.114926,0.894219,0.001343,0.036025,0.000386,-0.999350,0.091390,0.009476,0.119505,0.000708,-0.424996,0.008355,0.352661,0.797486,0.558001,-0.010056,0.430788,0.734726,0.145565,0.034979,0.323256,0.614179,-0.363211,0.000712,-0.389944,0.860536,0.016330,0.037124,0.312019,0.851551,0.616651,-0.014257,-0.311750,0.877308,0.295390,0.066579,-0.039960,0.337587,0.117987,0.086637,0.391320,0.062131,-0.034193,0.341415,0.082232,-0.115245,-0.424554,0.008357,0.351983,0.558773,-0.010656,0.430374,0.145127,0.035273,0.324707,-0.363702,0.000448,-0.389962,0.016092,0.037515,0.311641,0.616556,-0.014055,-0.311313
276,2.760000,0.004346,0.348159,-0.000990,-0.937425,0.340950,0.082175,-0.025819,0.000438,0.294453,0.066428,-0.039763,0.883816,0.337345,0.117834,0.086116,0.895705,0.390992,0.062180,-0.034574,0.942758,0.341012,0.082255,-0.115056,0.903264,0.001336,0.036027,0.000391,-0.999350,0.091388,0.009471,0.119505,0.000713,-0.424999,0.008350,0.352659,0.797642,0.557997,-0.010069,0.430790,0.733907,0.145562,0.034970,0.323257,0.612643,-0.363211,0.000718,-0.389946,0.859338,0.016327,0.037117,0.312019,0.853345,0.616650,-0.014260,-0.311747,0.876186,0.294871,0.066418,-0.039966,0.337330,0.117942,0.086519,0.390808,0.062110,-0.034457,0.340792,0.082228,-0.115373,-0.424558,0.008358,0.351981,0.558782,-0.010662,0.430382,0.145123,0.035256,0.324715,-0.363707,0.000455,-0.389976,0.016092,0.037499,0.311641,0.616548,-0.014057,-0.311307
277,2.770000,0.004720,0.347651,-0.000557,-0.937612,0.340387,0.082161,-0.026024,0.000460,0.293858,0.066460,-0.039911,0.883816,0.336940,0.117869,0.085902,0.895705,0.390397,0.062110,-0.034824,0.942758,0.340353,0.082207,-0.115260,0.903264,0.001363,0.036013,0.000381,-0.999350,0.091372,0.009460,0.119508,0.000717,-0.425008,0.008343,0.352676,0.797642,0.557990,-0.010055,0.430781,0.733907,0.145552,0.034972,0.323257,0.612643,-0.363240,0.000671,-0.389930,0.859338,0.016317,0.037115,0.312023,0.853345,0.616623,-0.014286,-0.311757,0.876186,0.294295,0.066424,-0.040150,0.336934,0.117998,0.086316,0.390197,0.062023,-0.034708,0.340122,0.082200,-0.115553,-0.424551,0.008361,0.351973,0.558757,-0.010650,0.430383,0.145112,0.035254,0.324730,-0.363754,0.000398,-0.389954,0.016087,0.037497,0.311644,0.616532,-0.014073,-0.311313
278,2.780000,0.004372,0.346478,-0.000423,-0.938048,0.339833,0.082171,-0.026169,0.000479,0.293269,0.066481,-0.039952,0.862052,0.336667,0.117795,0.085791,0.894700,0.389821,0.062125,-0.035110,0.935761,0.339576,0.082283,-0.115405,0.889243,0.001356,0.036017,0.000378,-0.999350,0.091372,0.009474,0.119509,0.000706,-0.425010,0.008351,0.352673,0.794317,0.557988,-0.010042,0.430785,0.741513,0.145549,0.034983,0.323259,0.614626,-0.363236,0.000689,-0.389933,0.857664,0.016315,0.037126,0.312024,0.854324,0.616626,-0.014262,-0.311753,0.872900,0.293776,0.066477,-0.040170,0.336629,0.117915,0.086193,0.389644,0.062013,-0.034961,0.339283,0.082280,-0.115738,-0.424559,0.008361,0.351986,0.558734,-0.010634,0.430382,0.145115,0.035289,0.324706,-0.363736,0.000418,-0.389954,0.016098,0.037502,0.311634,0.616525,-0.014053,-0.311300
279,2.790000,0.004560,0.345581,0.000142,-0.938378,0.339183,0.082200,-0.026309,0.000460,0.292574,0.066566,-0.040004,0.862052,0.336273,0.117824,0.085659,0.894700,0.389129,0.062095,-0.035346,0.935761,0.338755,0.082316,-0.115544,0.889243,0.001364,0.036015,0.000385,-0.999350,0.091362,0.009456,0.119515,0.000711,-0.425019,0.008343,0.352681,0.794317,0.557979,-0.010063,0.430790,0.741513,0.145541,0.034967,0.323264,0.614626,-0.363249,0.000670,-0.389925,0.857664,0.016306,0.037112,0.312030,0.854324,0.616614,-0.014295,-0.311749,0.872900,0.293100,0.066611,-0.040208,0.336205,0.117919,0.086026,0.389003,0.061979,-0.035199,0.338424,0.082292,-0.115854,-0.424561,0.008347,0.351992,0.558725,-0.010651,0.430375,0.145103,0.035264,0.324714,-0.363753,0.000403,-0.389946,0.016093,0.037494,0.311632,0.616510,-0.014091,-0.311278
280,2.800000,0.004287,0.344216,0.000494,-0.938881,0.338413,0.082293,-0.026546,0.000444,0.291757,0.066692,-0.040117,0.870992,0.335846,0.117832,0.085457,0.901325,0.388324,0.062170,-0.035743,0.931802,0.337727,0.082477,-0.115779,0.886937,0.001357,0.036011,0.000380,-0.999350,0.091354,0.009466,0.119516,0.000708,-0.425025,0.008345,0.352686,0.792387,0.557974,-0.010051,0.430786,0.742458,0.145534,0.034975,0.323264,0.611230,-0.363261,0.000682,-0.389921,0.853773,0.016299,0.037119,0.312031,0.856443,0.616603,-0.014272,-0.311753,0.871233,0.292234,0.066729,-0.040310,0.335833,0.117900,0.085846,0.388115,0.062132,-0.035572,0.337471,0.082410,-0.116147,-0.424572,0.008368,0.351990,0.558710,-0.010644,0.430375,0.145092,0.035263,0.324727,-0.363774,0.000403,-0.389943,0.016095,0.037495,0.311648,0.616514,-0.014054,-0.311295
281,2.810000,0.004171,0.342783,0.000670,-0.939405,0.337675,0.082148,-0.026878,0.000457,0.290974,0.066564,-0.040312,0.870992,0.335459,0.117649,0.085144,0.901325,0.387552,0.062015,-0.036235,0.931802,0.336716,0.082363,-0.116109,0.886937,0.001360,0.036014,0.000392,-0.999350,0.091348,0.009473,0.119515,0.000709,-0.425033,0.008365,0.352682,0.792387,0.557965,-0.010055,0.430788,0.742458,0.145528,0.034981,0.323264,0.611230,-0.363263,0.000697,-0.389925,0.853773,0.016293,0.037128,0.312030,0.856443,0.616600,-0.014281,-0.311750,0.871233,0.291479,0.066514,-0.040448,0.335389,0.117810,0.085543,0.387362,0.061845,-0.036171,0.336472,0.082422,-0.116435,-0.424583,0.008382,0.351996,0.558710,-0.010654,0.430377,0.145091,0.035263,0.324725,-0.363781,0.000420,-0.389955,0.016094,0.037517,0.311636,0.616502,-0.014065,-0.311283
282,2.820000,0.004074,0.341345,-0.000147,-0.939929,0.336882,0.082195,-0.027130,0.000402,0.290164,0.066532,-0.040415,0.874544,0.334953,0.117735,0.084885,0.907860,0.386761,0.062138,-0.036632,0.933743,0.335649,0.082375,-0.116358,0.894248,0.001454,0.035933,0.000487,-0.999353,0.091336,0.009410,0.119463,0.000686,-0.425007,0.008447,0.352714,0.793643,0.558000,-0.010154,0.430665,0.773415,0.145554,0.034945,0.323199,0.589808,-0.363359,0.000632,-0.389901,0.878439,0.016318,0.037115,0.311985,0.851577,0.616513,-0.014526,-0.311882,0.903869,0.290635,0.066611,-0.040568,0.334933,0.117768,0.085252,0.386530,0.062140,-0.036503,0.335429,0.082262,-0.116701,-0.424586,0.008369,0.352008,0.558714,-0.010639,0.430390,0.145084,0.035254,0.324741,-0.363791,0.000411,-0.389933,0.016086,0.037537,0.311637,0.616385,-0.014387,-0.311548
283,2.830000,0.004308,0.340215,0.001333,-0.940337,0.335924,0.082202,-0.027512,0.000439,0.289129,0.066684,-0.040695,0.874544,0.334368,0.117683,0.084527,0.907860,0.385722,0.062003,-0.037145,0.933743,0.334479,0.082437,-0.116737,0.894248,0.001365,0.036007,0.000385,-0.999351,0.091345,0.009468,0.119527,0.000706,-0.425033,0.008357,0.352702,0.793643,0.557967,-0.010050,0.430794,0.773415,0.145527,0.034980,0.323275,0.589808,-0.363274,0.000681,-0.389905,0.878439,0.016292,0.037125,0.312043,0.851577,0.616590,-0.014284,-0.311745,0.903869,0.289628,0.066740,-0.040859,0.334294,0.117778,0.084949,0.385519,0.061929,-0.037154,0.334256,0.082359,-0.116986,-0.424597,0.008373,0.352004,0.558706,-0.010648,0.430370,0.145090,0.035249,0.324740,-0.363784,0.000404,-0.389917,0.016104,0.037522,0.311652,0.616493,-0.014066,-0.311277
284,2.840000,0.004537,0.339075,0.001555,-0.940747,0.334986,0.082202,-0.027837,0.000439,0.288150,0.066708,-0.040901,0.862632,0.333722,0.117714,0.084196,0.893789,0.384748,0.061972,-0.037585,0.944542,0.333325,0.082414,-0.117058,0.895066,0.001371,0.036004,0.000379,-0.999351,0.091343,0.009474,0.119530,0.000710,-0.425034,0.008359,0.352707,0.793292,0.557966,-0.010035,0.430795,0.742611,0.145526,0.034989,0.323278,0.610544,-0.363279,0.000676,-0.389900,0.856107,0.016290,0.037132,0.312046,0.852068,0.616586,-0.014276,-0.311745,0.867748,0.288684,0.066775,-0.041011,0.333634,0.117798,0.084604,0.384546,0.061888,-0.037548,0.333080,0.082346,-0.117392,-0.424584,0.008367,0.352014,0.558702,-0.010621,0.430376,0.145077,0.035257,0.324745,-0.363786,0.000404,-0.389922,0.016100,0.037530,0.311652,0.616481,-0.014066,-0.311271
285,2.850000,0.004935,0.338051,0.001418,-0.941114,0.333989,0.082306,-0.028185,0.000477,0.287124,0.066802,-0.041134,0.862632,0.332969,0.117912,0.083822,0.893789,0.383729,0.062067,-0.038024,0.944542,0.332133,0.082443,-0.117402,0.895066,0.001455,0.035923,0.000495,-0.999353,0.091338,0.009411,0.119458,0.000682,-0.425001,0.008456,0.352720,0.793292,0.558008,-0.010159,0.430650,0.742611,0.145560,0.034946,0.323193,0.610544,-0.363369,0.000640,-0.389896,0.856107,0.016323,0.037118,0.311981,0.852068,0.616505,-0.014533,-0.311899,0.867748,0.287575,0.066866,-0.041279,0.332905,0.118010,0.084332,0.383543,0.062013,-0.038026,0.331931,0.082334,-0.117765,-0.424575,0.008362,0.352003,0.558701,-0.010634,0.430363,0.145073,0.035271,0.324721,-0.363780,0.000425,-0.389921,0.016115,0.037540,0.311640,0.616357,-0.014404,-0.311551
286,2.860000,0.004914,0.337271,0.001041,-0.941394,0.332932,0.082293,-0.028635,0.000470,0.286057,0.066753,-0.041504,0.869869,0.332073,0.117921,0.083365,0.880911,0.382671,0.062087,-0.038553,0.944711,0.330928,0.082410,-0.117850,0.886132,0.001353,0.036000,0.000384,-0.999351,0.091337,0.009480,0.119524,0.000709,-0.425037,0.008362,0.352706,0.792978,0.557963,-0.010044,0.430783,0.744099,0.145522,0.034987,0.323271,0.614115,-0.363289,0.000705,-0.389903,0.856412,0.016287,0.037132,0.312041,0.853817,0.616576,-0.014259,-0.311757,0.864269,0.286564,0.066789,-0.041619,0.331996,0.118033,0.083821,0.382479,0.061985,-0.038509,0.330691,0.082364,-0.118235,-0.424589,0.008372,0.352010,0.558692,-0.010628,0.430363,0.145069,0.035264,0.324721,-0.363795,0.000433,-0.389919,0.016117,0.037520,0.311637,0.616462,-0.014047,-0.311271
287,2.870000,0.004679,0.336163,0.000869,-0.941792,0.331937,0.082304,-0.029131,0.000524,0.285039,0.066746,-0.041895,0.869869,0.331325,0.117895,0.082883,0.880911,0.381661,0.062126,-0.039173,0.944711,0.329722,0.082450,-0.118340,0.886132,0.001455,0.035925,0.000501,-0.999353,0.091331,0.009406,0.119453,0.000677,-0.425008,0.008457,0.352713,0.792978,0.558000,-0.010171,0.430647,0.744099,0.145553,0.034939,0.323188,0.614115,-0.363374,0.000640,-0.389903,0.856412,0.016317,0.037113,0.311977,0.853817,0.616500,-0.014546,-0.311901,0.864269,0.285589,0.066748,-0.042065,0.331253,0.118046,0.083387,0.381437,0.061994,-0.039145,0.329468,0.082430,-0.118702,-0.424599,0.008369,0.352020,0.558692,-0.010646,0.430354,0.145063,0.035284,0.324703,-0.363801,0.000425,-0.389940,0.016127,0.037518,0.311638,0.616366,-0.014417,-0.311547
288,2.880000,0.004998,0.335645,0.001478,-0.941974,0.330835,0.082294,-0.029638,0.000475,0.283902,0.066798,-0.042347,0.862755,0.330394,0.117907,0.082369,0.875274,0.380521,0.062045,-0.039730,0.943893,0.328524,0.082426,-0.118845,0.884012,0.001447,0.035933,0.000508,-0.999353,0.091332,0.009405,0.119444,0.000669,-0.425011,0.008459,0.352695,0.803197,0.557995,-0.010183,0.430645,0.781739,0.145551,0.034934,0.323180,0.587070,-0.363363,0.000653,-0.389920,0.883368,0.016315,0.037110,0.311967,0.858830,0.616508,-0.014546,-0.311902,0.901089,0.284446,0.066844,-0.042410,0.330269,0.118035,0.082835,0.380353,0.061898,-0.039743,0.328274,0.082399,-0.119235,-0.424631,0.008356,0.352013,0.558680,-0.010641,0.430358,0.145065,0.035267,0.324724,-0.363779,0.000447,-0.389968,0.016146,0.037529,0.311628,0.616364,-0.014427,-0.311553
289,2.890000,0.005065,0.334356,0.000509,-0.942433,0.329733,0.082298,-0.030109,0.000542,0.282793,0.066709,-0.042677,0.862755,0.329537,0.117996,0.081873,0.875274,0.379427,0.062129,-0.040321,0.943893,0.327177,0.082357,-0.119309,0.884012,0.001459,0.035933,0.000514,-0.999353,0.091341,0.009399,0.119439,0.000666,-0.425002,0.008466,0.352690,0.803197,0.558004,-0.010188,0.430640,0.781739,0.145561,0.034932,0.323175,0.587070,-0.363355,0.000641,-0.389924,0.883368,0.016324,0.037109,0.311961,0.858830,0.616516,-0.014570,-0.311907,0.901089,0.283299,0.066660,-0.042912,0.329497,0.118176,0.082381,0.379233,0.061976,-0.040250,0.326905,0.082379,-0.119654,-0.424645,0.008365,0.352029,0.558689,-0.010660,0.430345,0.145064,0.035272,0.324719,-0.363781,0.000429,-0.389982,0.016178,0.037534,0.311618,0.616391,-0.014446,-0.311555
290,2.900000,0.004383,0.334210,0.000152,-0.942488,0.328598,0.082456,-0.030543,0.000415,0.281671,0.066827,-0.043113,0.881863,0.328396,0.118037,0.081475,0.903975,0.378311,0.062354,-0.040793,0.938722,0.326013,0.082606,-0.119743,0.882892,0.001364,0.035995,0.000381,-0.999351,0.091343,0.009484,0.119497,0.000699,-0.425029,0.008368,0.352684,0.808171,0.557973,-0.010032,0.430752,0.737404,0.145530,0.034996,0.323244,0.610183,-0.363288,0.000695,-0.389924,0.856632,0.016295,0.037139,0.312015,0.851425,0.616578,-0.014263,-0.311788,0.861733,0.282118,0.066882,-0.043255,0.328375,0.118091,0.081855,0.378125,0.062321,-0.040637,0.325772,0.082529,-0.120137,-0.424624,0.008361,0.352032,0.558710,-0.010640,0.430317,0.145071,0.035273,0.324708,-0.363789,0.000423,-0.389979,0.016176,0.037562,0.311614,0.616449,-0.014051,-0.311294
291,2.910000,0.004913,0.333724,0.001329,-0.942657,0.327374,0.082440,-0.030979,0.000503,0.280395,0.066929,-0.043497,0.881863,0.327379,0.118045,0.081032,0.903975,0.377025,0.062208,-0.041275,0.938722,0.324699,0.082578,-0.120175,0.882892,0.001357,0.035980,0.000376,-0.999352,0.091343,0.009482,0.119482,0.000697,-0.425022,0.008358,0.352684,0.808171,0.557982,-0.010032,0.430723,0.737404,0.145536,0.034992,0.323227,0.610183,-0.363303,0.000695,-0.389926,0.856632,0.016300,0.037135,0.312002,0.851425,0.616565,-0.014253,-0.311819,0.861733,0.280922,0.066959,-0.043662,0.327308,0.118173,0.081532,0.376806,0.062106,-0.041268,0.324461,0.082521,-0.120516,-0.424615,0.008353,0.352041,0.558702,-0.010639,0.430297,0.145062,0.035290,0.324698,-0.363795,0.000418,-0.389975,0.016180,0.037548,0.311595,0.616444,-0.014040,-0.311333
292,2.920000,0.005090,0.332864,0.001459,-0.942960,0.326150,0.082454,-0.031436,0.000518,0.279142,0.066957,-0.043865,0.869344,0.326372,0.118085,0.080566,0.865096,0.375775,0.062201,-0.041818,0.946769,0.323312,0.082571,-0.120628,0.884301,0.001367,0.035978,0.000389,-0.999352,0.091355,0.009483,0.119478,0.000701,-0.425009,0.008376,0.352683,0.805599,0.557995,-0.010038,0.430717,0.743271,0.145549,0.034995,0.323223,0.604443,-0.363294,0.000698,-0.389928,0.856000,0.016313,0.037141,0.311998,0.853301,0.616575,-0.014275,-0.311825,0.860530,0.279613,0.067009,-0.044086,0.326344,0.118187,0.081095,0.375579,0.062155,-0.041749,0.323066,0.082463,-0.121004,-0.424597,0.008364,0.352024,0.558696,-0.010637,0.430266,0.145050,0.035286,0.324696,-0.363799,0.000425,-0.389966,0.016217,0.037563,0.311602,0.616468,-0.014067,-0.311319
293,2.930000,0.005434,0.332843,0.002669,-0.942963,0.324809,0.082448,-0.031950,0.000465,0.277762,0.067072,-0.044381,0.869344,0.325124,0.118062,0.080058,0.865096,0.374382,0.062072,-0.042337,0.946769,0.321969,0.082587,-0.121142,0.884301,0.001356,0.035978,0.000386,-0.999352,0.091351,0.009483,0.119478,0.000699,-0.425013,0.008368,0.352682,0.805599,0.557991,-0.010041,0.430717,0.743271,0.145546,0.034991,0.323223,0.604443,-0.363297,0.000706,-0.389929,0.856000,0.016310,0.037136,0.311998,0.853301,0.616572,-0.014261,-0.311826,0.860530,0.278339,0.067175,-0.044522,0.325012,0.118148,0.080496,0.374191,0.061982,-0.042355,0.321695,0.082488,-0.121420,-0.424595,0.008363,0.352006,0.558671,-0.010632,0.430247,0.145049,0.035281,0.324706,-0.363798,0.000430,-0.389952,0.016230,0.037548,0.311601,0.616451,-0.014049,-0.311298
294,2.940000,0.005935,0.332414,0.002222,-0.943112,0.323412,0.082480,-0.032420,0.000503,0.276361,0.067065,-0.044788,0.855771,0.323811,0.118233,0.079543,0.877280,0.372986,0.062117,-0.042827,0.950099,0.320490,0.082507,-0.121609,0.891502,0.001458,0.035892,0.000491,-0.999355,0.091348,0.009410,0.119411,0.000673,-0.424976,0.008453,0.352705,0.796275,0.558037,-0.010155,0.430574,0.784773,0.145583,0.034946,0.323142,0.578849,-0.363389,0.000632,-0.389915,0.880513,0.016346,0.037117,0.311939,0.858117,0.616489,-0.014533,-0.311977,0.887032,0.276905,0.067109,-0.044974,0.323702,0.118373,0.080001,0.372870,0.061955,-0.042807,0.320170,0.082484,-0.121902,-0.424574,0.008359,0.352002,0.558653,-0.010648,0.430231,0.145037,0.035302,0.324696,-0.363806,0.000397,-0.389927,0.016247,0.037557,0.311594,0.616352,-0.014389,-0.311572
295,2.950000,0.005524,0.332473,0.000908,-0.943096,0.322034,0.082552,-0.032976,0.000467,0.275027,0.067006,-0.045348,0.855771,0.322323,0.118316,0.078984,0.877280,0.371665,0.062323,-0.043375,0.950099,0.319122,0.082561,-0.122165,0.891502,0.001435,0.035901,0.000494,-0.999354,0.091350,0.009397,0.119437,0.000655,-0.424978,0.008431,0.352721,0.796275,0.558034,-0.010184,0.430607,0.784773,0.145581,0.034924,0.323170,0.578849,-0.363379,0.000644,-0.389898,0.880513,0.016344,0.037096,0.311965,0.858117,0.616499,-0.014528,-0.311944,0.887032,0.275507,0.067025,-0.045532,0.322278,0.118430,0.079426,0.371475,0.062234,-0.043312,0.318877,0.082517,-0.122486,-0.424572,0.008357,0.351986,0.558591,-0.010632,0.430232,0.145021,0.035299,0.324712,-0.363787,0.000412,-0.389918,0.016291,0.037470,0.311682,0.616364,-0.014389,-0.311525
296,2.960000,0.005802,0.332304,0.001530,-0.943153,0.320629,0.082568,-0.033638,0.000476,0.273597,0.067085,-0.045991,0.865244,0.321006,0.118345,0.078318,0.881442,0.370229,0.062272,-0.044052,0.932165,0.317685,0.082572,-0.122826,0.902208,0.001445,0.035898,0.000506,-0.999354,0.091350,0.009406,0.119430,0.000646,-0.424977,0.008457,0.352716,0.792781,0.558035,-0.010181,0.430598,0.802880,0.145583,0.034935,0.323162,0.575792,-0.363381,0.000655,-0.389903,0.884241,0.016346,0.037110,0.311957,0.885039,0.616496,-0.014541,-0.311953,0.885327,0.274103,0.067088,-0.046176,0.320973,0.118465,0.078776,0.369973,0.062193,-0.044004,0.317467,0.082528,-0.123147,-0.424581,0.008384,0.351992,0.558565,-0.010613,0.430205,0.145011,0.035296,0.324718,-0.363784,0.000427,-0.389923,0.016313,0.037482,0.311688,0.616370,-0.014407,-0.311533
297,2.970000,0.005326,0.332522,-0.000280,-0.943080,0.319163,0.082671,-0.034357,0.000382,0.272195,0.067008,-0.046726,0.865244,0.319357,0.118483,0.077588,0.881442,0.368843,0.062556,-0.044743,0.932165,0.316259,0.082637,-0.123546,0.902208,0.001354,0.035971,0.000386,-0.999352,0.091347,0.009471,0.119493,0.000661,-0.425013,0.008354,0.352705,0.792781,0.557992,-0.010054,0.430726,0.802880,0.145544,0.034978,0.323238,0.575792,-0.363308,0.000696,-0.389907,0.884241,0.016308,0.037123,0.312015,0.885039,0.616561,-0.014271,-0.311818,0.885327,0.272741,0.067100,-0.046871,0.319297,0.118514,0.077858,0.368677,0.062491,-0.044561,0.315939,0.082578,-0.123854,-0.424579,0.008354,0.352007,0.558514,-0.010602,0.430196,0.145003,0.035322,0.324714,-0.363787,0.000409,-0.389925,0.016332,0.037491,0.311682,0.616451,-0.014062,-0.311255
298,2.980000,0.006418,0.332776,0.001481,-0.942983,0.317582,0.082615,-0.035059,0.000519,0.270557,0.067131,-0.047441,0.861705,0.317858,0.118525,0.076854,0.862347,0.367186,0.062290,-0.045399,0.943733,0.314728,0.082513,-0.124250,0.886098,0.001450,0.035896,0.000496,-0.999354,0.091330,0.009405,0.119431,0.000629,-0.424996,0.008449,0.352720,0.799012,0.558016,-0.010170,0.430597,0.806663,0.145563,0.034937,0.323163,0.574702,-0.363404,0.000639,-0.389900,0.886988,0.016326,0.037110,0.311959,0.883281,0.616474,-0.014537,-0.311954,0.881638,0.271095,0.067158,-0.047569,0.317742,0.118684,0.077369,0.367035,0.062124,-0.045420,0.314456,0.082493,-0.124615,-0.424611,0.008351,0.352021,0.558498,-0.010604,0.430176,0.144987,0.035326,0.324715,-0.363797,0.000418,-0.389931,0.016347,0.037497,0.311700,0.616340,-0.014414,-0.311517
299,2.990000,0.006496,0.333329,0.001702,-0.942787,0.316042,0.082595,-0.035855,0.000520,0.269025,0.067133,-0.048292,0.861705,0.316203,0.118505,0.076059,0.862347,0.365648,0.062247,-0.046137,0.943733,0.313292,0.082493,-0.125049,0.886098,0.001442,0.035892,0.000488,-0.999354,0.091327,0.009403,0.119431,0.000615,-0.424997,0.008435,0.352724,0.799012,0.558016,-0.010168,0.430594,0.806663,0.145561,0.034934,0.323163,0.574702,-0.363411,0.000638,-0.389896,0.886988,0.016324,0.037104,0.311960,0.883281,0.616468,-0.014523,-0.311958,0.881638,0.269515,0.067155,-0.048494,0.316146,0.118642,0.076575,0.365474,0.062143,-0.046097,0.313033,0.082439,-0.125403,-0.424641,0.008345,0.352039,0.558467,-0.010619,0.430166,0.144997,0.035332,0.324717,-0.363807,0.000401,-0.389939,0.016386,0.037498,0.311721,0.616348,-0.014388,-0.311535
300,3.000000,0.006812,0.333428,0.001024,-0.942750,0.314453,0.082597,-0.036718,0.000538,0.267455,0.067072,-0.049148,0.864899,0.314552,0.118625,0.075158,0.859409,0.364083,0.062291,-0.046969,0.940809,0.311721,0.082399,-0.125913,0.884411,0.001445,0.035882,0.000491,-0.999355,0.091328,0.009408,0.119423,0.000617,-0.424992,0.008445,0.352726,0.805945,0.558023,-0.010165,0.430576,0.808512,0.145566,0.034939,0.323153,0.573729,-0.363420,0.000643,-0.389895,0.883740,0.016329,0.037110,0.311953,0.878078,0.616460,-0.014524,-0.311977,0.884041,0.267967,0.067052,-0.049320,0.314473,0.118804,0.075684,0.363918,0.062123,-0.046947,0.311454,0.082408,-0.126290,-0.424637,0.008345,0.352043,0.558466,-0.010618,0.430146,0.144987,0.035323,0.324710,-0.363818,0.000407,-0.389939,0.016410,0.037526,0.311711,0.616341,-0.014391,-0.311549
301,3.010000,0.005665,0.333354,-0.000635,-0.942784,0.312819,0.082695,-0.037479,0.000421,0.265879,0.067001,-0.049917,0.864715,0.312799,0.118605,0.074435,0.911742,0.362526,0.062594,-0.047760,0.928851,0.310072,0.082581,-0.126673,0.882288,0.001324,0.035940,0.000381,-0.999353,0.091335,0.009471,0.119483,0.000645,-0.425012,0.008335,0.352726,0.799259,0.557998,-0.010067,0.430686,0.775262,0.145544,0.034967,0.323226,0.589740,-0.363352,0.000721,-0.389890,0.861793,0.016307,0.037111,0.312011,0.880123,0.616522,-0.014240,-0.311862,0.847312,0.266391,0.067066,-0.050079,0.312776,0.118650,0.074784,0.362313,0.062560,-0.047574,0.309796,0.082504,-0.127047,-0.424610,0.008339,0.352031,0.558440,-0.010607,0.430119,0.144960,0.035299,0.324723,-0.363816,0.000422,-0.389922,0.016433,0.037490,0.311744,0.616417,-0.014023,-0.311300
302,3.020000,0.006445,0.333875,0.000495,-0.942595,0.311090,0.082621,-0.038454,0.000576,0.264122,0.067041,-0.050933,0.864715,0.311039,0.118612,0.073434,0.911742,0.360755,0.062381,-0.048664,0.928851,0.308442,0.082450,-0.127651,0.882288,0.001442,0.035866,0.000488,-0.999356,0.091327,0.009400,0.119425,0.000620,-0.424984,0.008432,0.352746,0.799259,0.558033,-0.010172,0.430563,0.775262,0.145573,0.034930,0.323154,0.589740,-0.363437,0.000635,-0.389878,0.861793,0.016335,0.037100,0.311958,0.880123,0.616446,-0.014526,-0.311992,0.847312,0.264674,0.066974,-0.051198,0.310966,0.118837,0.073975,0.360561,0.062174,-0.048679,0.308157,0.082498,-0.127912,-0.424602,0.008344,0.352029,0.558426,-0.010616,0.430093,0.144957,0.035320,0.324720,-0.363822,0.000395,-0.389928,0.016461,0.037496,0.311784,0.616311,-0.014389,-0.311550
303,3.030000,0.006339,0.334040,0.001278,-0.942537,0.309370,0.082633,-0.039370,0.000476,0.262386,0.067128,-0.051878,0.854517,0.309330,0.118543,0.072544,0.884063,0.359010,0.062331,-0.049577,0.946913,0.306754,0.082530,-0.128568,0.888470,0.001440,0.035858,0.000500,-0.999356,0.091335,0.009388,0.119436,0.000618,-0.424973,0.008430,0.352765,0.787532,0.558045,-0.010197,0.430567,0.812807,0.145584,0.034915,0.323164,0.570135,-0.363437,0.000636,-0.389860,0.885446,0.016346,0.037089,0.311970,0.890946,0.616446,-0.014549,-0.311989,0.880367,0.262944,0.067209,-0.052022,0.309238,0.118634,0.072989,0.358822,0.062240,-0.049540,0.306476,0.082448,-0.128907,-0.424577,0.008350,0.352017,0.558408,-0.010642,0.430086,0.144958,0.035317,0.324715,-0.363823,0.000392,-0.389890,0.016494,0.037469,0.311815,0.616322,-0.014407,-0.311549
304,3.040000,0.006696,0.333657,0.001683,-0.942669,0.307620,0.082629,-0.040284,0.000499,0.260610,0.067167,-0.052748,0.854517,0.307706,0.118584,0.071615,0.884063,0.357232,0.062273,-0.050523,0.946913,0.304932,0.082494,-0.129480,0.888470,0.001436,0.035860,0.000497,-0.999356,0.091340,0.009391,0.119440,0.000617,-0.424969,0.008429,0.352766,0.787532,0.558049,-0.010193,0.430572,0.812807,0.145588,0.034918,0.323169,0.570135,-0.363430,0.000640,-0.389858,0.885446,0.016350,0.037090,0.311974,0.890946,0.616453,-0.014538,-0.311984,0.880367,0.261107,0.067175,-0.052898,0.307646,0.118715,0.072078,0.357081,0.062143,-0.050404,0.304645,0.082485,-0.129912,-0.424579,0.008344,0.352003,0.558394,-0.010633,0.430075,0.144952,0.035326,0.324710,-0.363813,0.000398,-0.389891,0.016521,0.037466,0.311859,0.616335,-0.014401,-0.311549
305,3.050000,0.007336,0.333690,0.001382,-0.942653,0.305823,0.082651,-0.041351,0.000509,0.258815,0.067165,-0.053796,0.864257,0.305896,0.118763,0.070497,0.864957,0.355438,0.062287,-0.051559,0.942889,0.303141,0.082389,-0.130547,0.908679,0.001411,0.035867,0.000505,-0.999355,0.091345,0.009383,0.119446,0.000618,-0.424968,0.008416,0.352765,0.786866,0.558049,-0.010223,0.430584,0.811131,0.145590,0.034899,0.323177,0.570809,-0.363418,0.000664,-0.389859,0.887044,0.016352,0.037074,0.311980,0.897407,0.616464,-0.014532,-0.311971,0.882978,0.259325,0.067174,-0.053984,0.305785,0.118940,0.070996,0.355307,0.062110,-0.051621,0.302873,0.082380,-0.130796,-0.424580,0.008335,0.352010,0.558381,-0.010658,0.430064,0.144938,0.035324,0.324707,-0.363796,0.000422,-0.389911,0.016536,0.037434,0.311910,0.616351,-0.014399,-0.311537
306,3.060000,0.006662,0.333284,0.000366,-0.942803,0.304046,0.082548,-0.042396,0.000436,0.257064,0.066958,-0.054810,0.864257,0.304133,0.118594,0.069474,0.864957,0.353700,0.062308,-0.052659,0.942889,0.301286,0.082333,-0.131590,0.908679,0.001416,0.035878,0.000508,-0.999355,0.091344,0.009396,0.119453,0.000609,-0.424974,0.008435,0.352761,0.786866,0.558041,-0.010210,0.430601,0.811131,0.145585,0.034913,0.323185,0.570809,-0.363409,0.000675,-0.389861,0.887044,0.016348,0.037089,0.311985,0.897407,0.616472,-0.014527,-0.311953,0.882978,0.257621,0.066974,-0.054939,0.304065,0.118703,0.069851,0.353456,0.062198,-0.052603,0.301042,0.082319,-0.131894,-0.424585,0.008352,0.352017,0.558341,-0.010649,0.430080,0.144949,0.035353,0.324703,-0.363785,0.000431,-0.389926,0.016554,0.037446,0.311931,0.616357,-0.014395,-0.311530
307,3.070000,0.007610,0.332913,0.002516,-0.942923,0.302181,0.082528,-0.043473,0.000496,0.255118,0.067154,-0.055846,0.862861,0.302521,0.118612,0.068384,0.873967,0.351732,0.062051,-0.053766,0.938225,0.299353,0.082295,-0.132665,0.900961,0.001445,0.035866,0.000515,-0.999355,0.091382,0.009413,0.119393,0.000631,-0.424930,0.008473,0.352714,0.800404,0.558086,-0.010182,0.430531,0.818610,0.145628,0.034941,0.323122,0.557558,-0.363383,0.000671,-0.389910,0.876049,0.016390,0.037118,0.311926,0.839729,0.616499,-0.014542,-0.312024,0.863746,0.255635,0.067156,-0.056027,0.302460,0.118755,0.068864,0.351513,0.061937,-0.053750,0.299115,0.082264,-0.132979,-0.424583,0.008359,0.352004,0.558353,-0.010664,0.430059,0.144932,0.035338,0.324700,-0.363806,0.000413,-0.389923,0.016757,0.037582,0.311677,0.616356,-0.014388,-0.311521
308,3.080000,0.007275,0.332380,0.001411,-0.943116,0.300172,0.082500,-0.044537,0.000471,0.253130,0.067017,-0.056854,0.862861,0.300557,0.118596,0.067317,0.873967,0.349758,0.062136,-0.054885,0.938225,0.297242,0.082251,-0.133725,0.900961,0.001461,0.035854,0.000512,-0.999356,0.091379,0.009418,0.119389,0.000633,-0.424927,0.008483,0.352722,0.800404,0.558091,-0.010165,0.430516,0.818610,0.145630,0.034952,0.323116,0.557558,-0.363398,0.000656,-0.389903,0.876049,0.016392,0.037129,0.311922,0.839729,0.616486,-0.014550,-0.312040,0.863746,0.253615,0.067002,-0.057001,0.300472,0.118756,0.067759,0.349610,0.061970,-0.054871,0.296989,0.082271,-0.134034,-0.424592,0.008367,0.352013,0.558334,-0.010649,0.430013,0.144935,0.035340,0.324691,-0.363806,0.000396,-0.389919,0.016778,0.037601,0.311705,0.616347,-0.014394,-0.311538
309,3.090000,0.007133,0.332214,0.001142,-0.943176,0.298089,0.082659,-0.045494,0.000476,0.251052,0.067149,-0.057795,0.873119,0.298493,0.118745,0.066363,0.876146,0.347684,0.062326,-0.055861,0.947007,0.295128,0.082417,-0.134681,0.878919,0.001466,0.035851,0.000505,-0.999356,0.091370,0.009413,0.119381,0.000641,-0.424935,0.008474,0.352716,0.800262,0.558084,-0.010160,0.430506,0.814313,0.145622,0.034951,0.323107,0.558632,-0.363410,0.000641,-0.389909,0.883241,0.016384,0.037126,0.311914,0.838816,0.616475,-0.014551,-0.312051,0.861658,0.251549,0.067183,-0.057891,0.298410,0.118865,0.066836,0.347510,0.062212,-0.055821,0.294887,0.082376,-0.135099,-0.424594,0.008351,0.352004,0.558289,-0.010623,0.429962,0.144927,0.035328,0.324685,-0.363805,0.000393,-0.389925,0.016789,0.037590,0.311725,0.616335,-0.014408,-0.311535
310,3.100000,0.006919,0.331445,0.001072,-0.943449,0.296084,0.082589,-0.046578,0.000498,0.249031,0.067071,-0.058808,0.873119,0.296661,0.118635,0.065291,0.876146,0.345667,0.062273,-0.057034,0.947007,0.292977,0.082378,-0.135760,0.878919,0.001341,0.035934,0.000388,-0.999353,0.091332,0.009464,0.119511,0.000655,-0.425011,0.008343,0.352761,0.800262,0.558000,-0.010072,0.430709,0.814313,0.145545,0.034966,0.323253,0.558632,-0.363361,0.000704,-0.389855,0.883241,0.016308,0.037111,0.312039,0.838816,0.616514,-0.014270,-0.311839,0.861658,0.249520,0.067049,-0.058986,0.296603,0.118796,0.065780,0.345464,0.062139,-0.057023,0.292748,0.082372,-0.136081,-0.424591,0.008363,0.352000,0.558285,-0.010645,0.429940,0.144911,0.035319,0.324672,-0.363808,0.000397,-0.389931,0.016614,0.037467,0.312027,0.616409,-0.014049,-0.311257
311,3.110000,0.006980,0.330843,0.000899,-0.943660,0.293977,0.082574,-0.047591,0.000490,0.246913,0.067040,-0.059758,0.863747,0.294687,0.118645,0.064269,0.884758,0.343552,0.062269,-0.058106,0.929752,0.290756,0.082342,-0.136769,0.905567,0.001427,0.035848,0.000513,-0.999356,0.091328,0.009398,0.119441,0.000633,-0.424976,0.008447,0.352779,0.784003,0.558043,-0.010205,0.430561,0.795794,0.145581,0.034919,0.323169,0.573189,-0.363455,0.000671,-0.389847,0.887293,0.016343,0.037096,0.311977,0.879254,0.616430,-0.014539,-0.311996,0.879792,0.247381,0.066969,-0.060028,0.294695,0.118804,0.064701,0.343325,0.062155,-0.057986,0.290507,0.082369,-0.137052,-0.424584,0.008363,0.352014,0.558264,-0.010656,0.429917,0.144900,0.035327,0.324680,-0.363819,0.000418,-0.389925,0.016619,0.037487,0.312043,0.616344,-0.014401,-0.311543
312,3.120000,0.006711,0.330394,0.000388,-0.943819,0.291857,0.082740,-0.048592,0.000455,0.244799,0.067154,-0.060716,0.863747,0.292633,0.118792,0.063273,0.884758,0.341445,0.062493,-0.059158,0.929752,0.288551,0.082519,-0.137767,0.905567,0.001424,0.035848,0.000507,-0.999356,0.091316,0.009416,0.119450,0.000641,-0.424987,0.008458,0.352789,0.784003,0.558032,-0.010184,0.430571,0.795794,0.145570,0.034936,0.323178,0.573189,-0.363467,0.000687,-0.389837,0.887293,0.016332,0.037112,0.311987,0.879254,0.616418,-0.014513,-0.311987,0.879792,0.245294,0.067226,-0.060856,0.292570,0.118874,0.063717,0.341258,0.062430,-0.059103,0.288306,0.082428,-0.138125,-0.424588,0.008371,0.352009,0.558218,-0.010654,0.429931,0.144873,0.035340,0.324681,-0.363826,0.000420,-0.389904,0.016643,0.037527,0.312059,0.616332,-0.014364,-0.311543
313,3.130000,0.006873,0.330168,0.000885,-0.943897,0.289779,0.082663,-0.049763,0.000427,0.242699,0.067128,-0.061865,0.870697,0.290646,0.118712,0.062103,0.896434,0.339341,0.062365,-0.060352,0.944209,0.286431,0.082449,-0.138936,0.907308,0.001439,0.035847,0.000530,-0.999356,0.091313,0.009414,0.119466,0.000642,-0.424990,0.008487,0.352805,0.775180,0.558029,-0.010200,0.430586,0.794581,0.145568,0.034937,0.323193,0.576487,-0.363471,0.000691,-0.389820,0.888255,0.016330,0.037119,0.312001,0.856901,0.616414,-0.014553,-0.311971,0.880616,0.243199,0.067146,-0.061998,0.290572,0.118829,0.062493,0.339153,0.062247,-0.060326,0.286193,0.082431,-0.139220,-0.424588,0.008375,0.352009,0.558199,-0.010693,0.429951,0.144872,0.035347,0.324682,-0.363822,0.000420,-0.389875,0.016667,0.037577,0.312069,0.616313,-0.014403,-0.311529
314,3.140000,0.006877,0.329758,0.000488,-0.944040,0.287659,0.082701,-0.050806,0.000538,0.240580,0.067127,-0.062863,0.870697,0.288597,0.118780,0.061049,0.896434,0.337226,0.062436,-0.061434,0.944209,0.284233,0.082460,-0.139977,0.907308,0.001430,0.035853,0.000528,-0.999356,0.091292,0.009408,0.119485,0.000648,-0.425014,0.008474,0.352819,0.775180,0.558004,-0.010209,0.430610,0.794581,0.145544,0.034928,0.323213,0.576487,-0.363487,0.000692,-0.389806,0.888255,0.016306,0.037109,0.312020,0.856901,0.616397,-0.014548,-0.311946,0.880616,0.241077,0.067137,-0.063038,0.288518,0.118944,0.061595,0.337070,0.062293,-0.061428,0.283970,0.082430,-0.140353,-0.424590,0.008364,0.352011,0.558140,-0.010707,0.429981,0.144847,0.035340,0.324691,-0.363829,0.000413,-0.389869,0.016645,0.037571,0.312127,0.616303,-0.014394,-0.311534
315,3.150000,0.006765,0.329465,-0.000769,-0.944143,0.285498,0.082676,-0.051909,0.000521,0.238449,0.066980,-0.063927,0.867817,0.286419,0.118827,0.059923,0.869586,0.335108,0.062526,-0.062556,0.934667,0.282016,0.082372,-0.141078,0.899938,0.001344,0.035933,0.000399,-0.999353,0.091297,0.009475,0.119573,0.000684,-0.425046,0.008367,0.352824,0.773524,0.557964,-0.010069,0.430770,0.742702,0.145510,0.034977,0.323314,0.609095,-0.363397,0.000723,-0.389793,0.859888,0.016273,0.037126,0.312101,0.851793,0.616478,-0.014272,-0.311777,0.857183,0.238897,0.066895,-0.064194,0.286418,0.119014,0.060410,0.334908,0.062386,-0.062464,0.281768,0.082410,-0.141390,-0.424605,0.008357,0.352032,0.558126,-0.010705,0.429977,0.144834,0.035373,0.324668,-0.363845,0.000399,-0.389881,0.016680,0.037541,0.312219,0.616414,-0.014047,-0.311256
316,3.160000,0.006500,0.329796,-0.001238,-0.944029,0.283217,0.082728,-0.052914,0.000572,0.236193,0.066984,-0.064966,0.867817,0.284022,0.118858,0.058926,0.869586,0.332856,0.062633,-0.063530,0.934667,0.279796,0.082437,-0.142084,0.899938,0.001448,0.035859,0.000531,-0.999356,0.091277,0.009414,0.119480,0.000651,-0.425031,0.008493,0.352807,0.773524,0.557986,-0.010195,0.430611,0.742702,0.145527,0.034941,0.323208,0.609095,-0.363495,0.000684,-0.389817,0.859888,0.016290,0.037123,0.312013,0.851793,0.616387,-0.014562,-0.311945,0.857183,0.236658,0.066894,-0.065170,0.283958,0.119098,0.059505,0.332705,0.062417,-0.063531,0.279546,0.082503,-0.142458,-0.424619,0.008351,0.352035,0.558097,-0.010737,0.429963,0.144825,0.035361,0.324687,-0.363837,0.000399,-0.389902,0.016660,0.037655,0.312141,0.616295,-0.014408,-0.311544
317,3.170000,0.006151,0.329898,-0.001233,-0.943996,0.280962,0.082751,-0.053803,0.000501,0.233945,0.067004,-0.065877,0.868779,0.281735,0.118807,0.058061,0.870201,0.330608,0.062673,-0.064422,0.942283,0.277561,0.082518,-0.142975,0.883506,0.001351,0.035942,0.000406,-0.999353,0.091273,0.009478,0.119564,0.000693,-0.425074,0.008380,0.352806,0.776257,0.557935,-0.010068,0.430770,0.730284,0.145483,0.034982,0.323306,0.606898,-0.363412,0.000725,-0.389810,0.864683,0.016247,0.037132,0.312090,0.834549,0.616462,-0.014281,-0.311777,0.858663,0.234453,0.067006,-0.066006,0.281654,0.118960,0.058550,0.330435,0.062524,-0.064391,0.277307,0.082512,-0.143365,-0.424624,0.008336,0.352033,0.558056,-0.010739,0.429933,0.144814,0.035343,0.324682,-0.363839,0.000408,-0.389911,0.016672,0.037621,0.312225,0.616378,-0.014062,-0.311263
318,3.180000,0.006323,0.329937,-0.001539,-0.943981,0.278632,0.082785,-0.054673,0.000587,0.231622,0.067010,-0.066742,0.868779,0.279379,0.118901,0.057172,0.870201,0.328288,0.062726,-0.065278,0.942283,0.275238,0.082504,-0.143845,0.883506,0.001357,0.035937,0.000410,-0.999353,0.091263,0.009485,0.119568,0.000709,-0.425082,0.008394,0.352815,0.776257,0.557927,-0.010063,0.430770,0.730284,0.145475,0.034990,0.323309,0.606898,-0.363427,0.000730,-0.389801,0.864683,0.016238,0.037141,0.312095,0.834549,0.616447,-0.014285,-0.311778,0.858663,0.232077,0.066963,-0.067023,0.279377,0.119086,0.057775,0.328079,0.062616,-0.065213,0.274995,0.082475,-0.144233,-0.424605,0.008353,0.352019,0.558021,-0.010755,0.429909,0.144797,0.035343,0.324667,-0.363844,0.000410,-0.389903,0.016671,0.037640,0.312270,0.616362,-0.014061,-0.311275
319,3.190000,0.006168,0.329292,-0.000951,-0.944207,0.276442,0.082977,-0.055582,0.000576,0.229400,0.067258,-0.067597,0.854962,0.277378,0.119016,0.056287,0.843546,0.326063,0.062874,-0.066267,0.941352,0.272927,0.082760,-0.144749,0.885832,0.001350,0.035939,0.000409,-0.999353,0.091253,0.009492,0.119563,0.000721,-0.425093,0.008397,0.352808,0.761520,0.557916,-0.010058,0.430765,0.719311,0.145464,0.034995,0.323304,0.610204,-0.363436,0.000743,-0.389808,0.868309,0.016227,0.037146,0.312090,0.824140,0.616438,-0.014271,-0.311782,0.865579,0.229943,0.067294,-0.067799,0.277295,0.119177,0.056886,0.325868,0.062748,-0.066298,0.272663,0.082688,-0.145114,-0.424589,0.008355,0.351999,0.557969,-0.010779,0.429906,0.144774,0.035347,0.324658,-0.363838,0.000413,-0.389898,0.016663,0.037664,0.312279,0.616357,-0.014038,-0.311304
320,3.200000,0.006009,0.329009,-0.001655,-0.944306,0.274224,0.082977,-0.056421,0.000560,0.227198,0.067189,-0.068406,0.854962,0.275177,0.119035,0.055441,0.843546,0.323868,0.062944,-0.067134,0.941352,0.270655,0.082741,-0.145586,0.885832,0.001362,0.035947,0.000410,-0.999353,0.091238,0.009496,0.119581,0.000729,-0.425112,0.008408,0.352817,0.761520,0.557896,-0.010048,0.430792,0.719311,0.145446,0.035003,0.323323,0.610204,-0.363442,0.000737,-0.389797,0.868309,0.016209,0.037155,0.312106,0.824140,0.616430,-0.014278,-0.311754,0.865579,0.227681,0.067137,-0.068655,0.275168,0.119218,0.056019,0.323600,0.062838,-0.067114,0.270449,0.082716,-0.145934,-0.424579,0.008355,0.351988,0.557926,-0.010807,0.429947,0.144746,0.035356,0.324649,-0.363855,0.000399,-0.389880,0.016645,0.037712,0.312309,0.616374,-0.014038,-0.311300
321,3.210000,0.005842,0.328547,-0.001510,-0.944468,0.271882,0.082911,-0.057181,0.000564,0.224841,0.067136,-0.069126,0.872975,0.272950,0.118922,0.054695,0.838619,0.321511,0.062873,-0.067950,0.925737,0.268225,0.082711,-0.146342,0.897807,0.001354,0.035961,0.000416,-0.999352,0.091220,0.009485,0.119599,0.000730,-0.425136,0.008400,0.352821,0.750232,0.557870,-0.010069,0.430822,0.722070,0.145423,0.034989,0.323343,0.620509,-0.363446,0.000739,-0.389792,0.865249,0.016187,0.037142,0.312122,0.813689,0.616424,-0.014288,-0.311722,0.881346,0.225285,0.067083,-0.069368,0.272956,0.119104,0.055315,0.321224,0.062796,-0.067957,0.268062,0.082660,-0.146714,-0.424580,0.008343,0.351993,0.557866,-0.010807,0.429991,0.144729,0.035333,0.324648,-0.363852,0.000401,-0.389898,0.016606,0.037699,0.312386,0.616391,-0.014054,-0.311311
322,3.220000,0.005922,0.329153,-0.000919,-0.944258,0.269528,0.083008,-0.057944,0.000578,0.222485,0.067291,-0.069953,0.872975,0.270494,0.118993,0.053942,0.838619,0.319148,0.062916,-0.068654,0.925737,0.265987,0.082834,-0.147110,0.897807,0.001445,0.035910,0.000551,-0.999354,0.091190,0.009415,0.119547,0.000693,-0.425142,0.008512,0.352821,0.750232,0.557866,-0.010214,0.430726,0.722070,0.145421,0.034939,0.323281,0.620509,-0.363530,0.000706,-0.389796,0.865249,0.016184,0.037125,0.312073,0.813689,0.616344,-0.014578,-0.311823,0.881346,0.222990,0.067259,-0.070182,0.270430,0.119196,0.054540,0.318950,0.062756,-0.068694,0.265744,0.082821,-0.147439,-0.424609,0.008364,0.352008,0.557819,-0.010825,0.430030,0.144708,0.035346,0.324627,-0.363828,0.000398,-0.389921,0.016565,0.037702,0.312420,0.616295,-0.014408,-0.311549
323,3.230000,0.006056,0.329500,-0.000303,-0.944136,0.267117,0.083025,-0.058684,0.000608,0.220063,0.067368,-0.070731,0.845779,0.268044,0.118991,0.053208,0.842262,0.316720,0.062872,-0.069360,0.937242,0.263642,0.082869,-0.147853,0.886224,0.001438,0.035928,0.000553,-0.999353,0.091173,0.009428,0.119554,0.000693,-0.425168,0.008524,0.352810,0.756785,0.557837,-0.010207,0.430750,0.763359,0.145396,0.034949,0.323290,0.612747,-0.363528,0.000728,-0.389806,0.891631,0.016160,0.037136,0.312077,0.800818,0.616343,-0.014561,-0.311798,0.922062,0.220620,0.067348,-0.070994,0.267969,0.119196,0.053800,0.316547,0.062690,-0.069355,0.263332,0.082866,-0.148186,-0.424613,0.008361,0.352027,0.557747,-0.010840,0.430051,0.144688,0.035346,0.324609,-0.363808,0.000420,-0.389928,0.016548,0.037745,0.312415,0.616292,-0.014390,-0.311542
324,3.240000,0.005953,0.329329,-0.001079,-0.944196,0.264551,0.083001,-0.059360,0.000526,0.217516,0.067268,-0.071385,0.845779,0.265465,0.119004,0.052520,0.842262,0.314180,0.062921,-0.070049,0.937242,0.261043,0.082812,-0.148528,0.886224,0.001434,0.035941,0.000543,-0.999353,0.091157,0.009427,0.119571,0.000698,-0.425190,0.008511,0.352814,0.756785,0.557814,-0.010202,0.430779,0.763359,0.145374,0.034947,0.323309,0.612747,-0.363532,0.000723,-0.389800,0.891631,0.016139,0.037132,0.312093,0.800818,0.616338,-0.014547,-0.311767,0.922062,0.217972,0.067149,-0.071602,0.265439,0.119230,0.053036,0.313957,0.062737,-0.070036,0.260836,0.082888,-0.148840,-0.424607,0.008350,0.352028,0.557688,-0.010848,0.430091,0.144669,0.035356,0.324607,-0.363810,0.000407,-0.389926,0.016521,0.037746,0.312466,0.616308,-0.014373,-0.311549
325,3.250000,0.006002,0.329623,-0.001223,-0.944093,0.262062,0.083168,-0.060020,0.000485,0.215038,0.067421,-0.072071,0.881109,0.262897,0.119192,0.051854,0.866687,0.311703,0.063097,-0.070674,0.943189,0.258609,0.082960,-0.149190,0.903949,0.001429,0.035955,0.000564,-0.999352,0.091135,0.009429,0.119592,0.000701,-0.425218,0.008532,0.352819,0.741151,0.557782,-0.010223,0.430813,0.765642,0.145348,0.034945,0.323331,0.626392,-0.363539,0.000749,-0.389793,0.893693,0.016112,0.037135,0.312112,0.804906,0.616328,-0.014563,-0.311732,0.935903,0.215489,0.067405,-0.072222,0.262831,0.119356,0.052357,0.311522,0.062962,-0.070700,0.258405,0.082948,-0.149515,-0.424583,0.008369,0.352018,0.557619,-0.010862,0.430146,0.144653,0.035378,0.324581,-0.363803,0.000434,-0.389902,0.016466,0.037718,0.312491,0.616312,-0.014390,-0.311543
326,3.260000,0.006683,0.329316,-0.000357,-0.944196,0.259746,0.083203,-0.060672,0.000539,0.212682,0.067546,-0.072681,0.879253,0.260728,0.119305,0.051176,0.847802,0.309338,0.063022,-0.071343,0.949164,0.256236,0.082940,-0.149839,0.882293,0.001348,0.036049,0.000426,-0.999349,0.091101,0.009509,0.119669,0.000734,-0.425296,0.008431,0.352800,0.732207,0.557695,-0.010058,0.430975,0.725228,0.145268,0.035009,0.323423,0.655197,-0.363475,0.000778,-0.389802,0.872858,0.016034,0.037165,0.312180,0.809146,0.616381,-0.014268,-0.311559,0.906855,0.213138,0.067557,-0.072841,0.260660,0.119468,0.051759,0.309177,0.062899,-0.071356,0.256010,0.082888,-0.150249,-0.424572,0.008350,0.352015,0.557526,-0.010854,0.430236,0.144582,0.035367,0.324565,-0.363826,0.000421,-0.389889,0.016395,0.037774,0.312466,0.616399,-0.014022,-0.311280
327,3.270000,0.006447,0.329149,-0.000676,-0.944256,0.257319,0.083263,-0.061317,0.000598,0.210262,0.067574,-0.073313,0.879253,0.258313,0.119340,0.050539,0.847802,0.306922,0.063122,-0.072010,0.949164,0.253777,0.083018,-0.150483,0.882293,0.001342,0.036058,0.000438,-0.999349,0.091071,0.009510,0.119685,0.000731,-0.425331,0.008440,0.352806,0.732207,0.557659,-0.010072,0.430998,0.725228,0.145235,0.035006,0.323440,0.655197,-0.363497,0.000795,-0.389795,0.872858,0.016001,0.037165,0.312194,0.809146,0.616358,-0.014275,-0.311535,0.906855,0.210668,0.067456,-0.073606,0.258301,0.119591,0.051164,0.306758,0.062939,-0.072004,0.253547,0.083067,-0.150822,-0.424571,0.008363,0.351996,0.557483,-0.010856,0.430299,0.144546,0.035393,0.324528,-0.363832,0.000431,-0.389877,0.016336,0.037751,0.312525,0.616388,-0.014029,-0.311298
328,3.280000,0.006007,0.329516,-0.002003,-0.944129,0.254667,0.083340,-0.061818,0.000570,0.207664,0.067518,-0.073849,0.875948,0.255476,0.119424,0.050037,0.837067,0.304335,0.063337,-0.072473,0.930171,0.251194,0.083081,-0.150986,0.898677,0.001440,0.036002,0.000558,-0.999351,0.091003,0.009439,0.119629,0.000724,-0.425372,0.008541,0.352808,0.709198,0.557621,-0.010199,0.430893,0.783063,0.145197,0.034960,0.323373,0.647835,-0.363624,0.000742,-0.389798,0.899168,0.015962,0.037149,0.312141,0.809209,0.616236,-0.014556,-0.311646,0.952955,0.208082,0.067384,-0.074082,0.255452,0.119680,0.050636,0.304136,0.063143,-0.072491,0.251000,0.083155,-0.151335,-0.424567,0.008352,0.351990,0.557339,-0.010811,0.430346,0.144498,0.035378,0.324522,-0.363862,0.000425,-0.389870,0.016276,0.037737,0.312513,0.616275,-0.014385,-0.311579
329,3.290000,0.006410,0.329861,-0.001306,-0.944007,0.252171,0.083511,-0.062284,0.000610,0.205152,0.067759,-0.074345,0.875948,0.252953,0.119627,0.049561,0.837067,0.301815,0.063427,-0.072896,0.930171,0.248763,0.083230,-0.151455,0.898677,0.001430,0.036012,0.000560,-0.999350,0.090977,0.009435,0.119653,0.000729,-0.425403,0.008532,0.352823,0.709198,0.557589,-0.010212,0.430927,0.783063,0.145167,0.034951,0.323399,0.647835,-0.363640,0.000749,-0.389783,0.899168,0.015932,0.037140,0.312165,0.809209,0.616218,-0.014553,-0.311611,0.952955,0.205650,0.067774,-0.074605,0.252894,0.119812,0.050221,0.301624,0.063309,-0.072947,0.248515,0.083149,-0.151805,-0.424586,0.008366,0.352004,0.557325,-0.010800,0.430420,0.144437,0.035364,0.324506,-0.363862,0.000423,-0.389874,0.016233,0.037703,0.312598,0.616262,-0.014378,-0.311594
330,3.300000,0.006049,0.329856,-0.002700,-0.944008,0.249699,0.083515,-0.062718,0.000587,0.202725,0.067626,-0.074774,0.874639,0.250381,0.119660,0.049118,0.844961,0.299400,0.063570,-0.073327,0.940642,0.246290,0.083203,-0.151889,0.864056,0.001305,0.036095,0.000433,-0.999347,0.090974,0.009502,0.119717,0.000724,-0.425444,0.008409,0.352801,0.716531,0.557540,-0.010097,0.431063,0.773266,0.145123,0.034984,0.323478,0.676227,-0.363556,0.000820,-0.389796,0.875603,0.015890,0.037142,0.312223,0.822864,0.616293,-0.014244,-0.311466,0.929757,0.203142,0.067591,-0.075051,0.250395,0.119826,0.049715,0.299242,0.063475,-0.073178,0.246018,0.083167,-0.152359,-0.424603,0.008362,0.352041,0.557311,-0.010775,0.430505,0.144400,0.035385,0.324475,-0.363860,0.000445,-0.389916,0.016216,0.037645,0.312600,0.616340,-0.014003,-0.311329
331,3.310000,0.006344,0.329461,-0.001640,-0.944146,0.247225,0.083514,-0.063121,0.000521,0.200206,0.067730,-0.075141,0.874639,0.248079,0.119642,0.048719,0.844961,0.296873,0.063462,-0.073774,0.940642,0.243741,0.083223,-0.152290,0.864056,0.001404,0.036043,0.000547,-0.999349,0.090956,0.009425,0.119690,0.000712,-0.425439,0.008498,0.352828,0.716531,0.557549,-0.010225,0.430992,0.773266,0.145131,0.034933,0.323441,0.676227,-0.363629,0.000754,-0.389775,0.875603,0.015898,0.037119,0.312199,0.822864,0.616224,-0.014527,-0.311543,0.929757,0.200752,0.067721,-0.075278,0.247985,0.119814,0.049223,0.296681,0.063289,-0.073770,0.243480,0.083232,-0.152661,-0.424607,0.008369,0.352064,0.557330,-0.010779,0.430606,0.144367,0.035359,0.324465,-0.363857,0.000436,-0.389916,0.016183,0.037605,0.312662,0.616261,-0.014359,-0.311613
332,3.320000,0.006411,0.329767,-0.000962,-0.944040,0.244720,0.083692,-0.063595,0.000480,0.197688,0.067974,-0.075651,0.872559,0.245548,0.119783,0.048257,0.865032,0.294349,0.063578,-0.074221,0.927608,0.241295,0.083434,-0.152766,0.912827,0.001398,0.036065,0.000544,-0.999348,0.090937,0.009408,0.119725,0.000714,-0.425468,0.008473,0.352839,0.710867,0.557516,-0.010243,0.431047,0.833738,0.145103,0.034913,0.323478,0.672687,-0.363625,0.000738,-0.389760,0.896653,0.015870,0.037098,0.312230,0.814152,0.616225,-0.014535,-0.311485,0.951433,0.198184,0.067946,-0.075766,0.245458,0.119964,0.048758,0.294124,0.063419,-0.074309,0.241114,0.083440,-0.153064,-0.424625,0.008347,0.352058,0.557328,-0.010776,0.430697,0.144327,0.035342,0.324441,-0.363855,0.000434,-0.389920,0.016141,0.037550,0.312755,0.616265,-0.014379,-0.311594
333,3.330000,0.006321,0.329989,-0.000831,-0.943963,0.242168,0.083676,-0.064063,0.000543,0.195139,0.067969,-0.076145,0.872559,0.242950,0.119738,0.047799,0.865032,0.291798,0.063555,-0.074671,0.927608,0.238784,0.083441,-0.153235,0.912827,0.001391,0.036091,0.000537,-0.999347,0.090923,0.009404,0.119760,0.000720,-0.425494,0.008459,0.352848,0.710867,0.557487,-0.010244,0.431106,0.833738,0.145079,0.034907,0.323516,0.672687,-0.363613,0.000734,-0.389749,0.896653,0.015846,0.037091,0.312262,0.814152,0.616233,-0.014526,-0.311423,0.951433,0.195683,0.067963,-0.076275,0.242858,0.119920,0.048375,0.291551,0.063406,-0.074746,0.238579,0.083414,-0.153606,-0.424621,0.008360,0.352045,0.557322,-0.010758,0.430807,0.144287,0.035314,0.324419,-0.363862,0.000435,-0.389910,0.016107,0.037504,0.312815,0.616292,-0.014371,-0.311571
334,3.340000,0.006858,0.330033,-0.000464,-0.943945,0.239797,0.083718,-0.064477,0.000589,0.192753,0.068051,-0.076551,0.867730,0.240606,0.119865,0.047357,0.830646,0.289407,0.063537,-0.075064,0.930507,0.236422,0.083418,-0.153649,0.899521,0.001394,0.036103,0.000517,-0.999347,0.090907,0.009391,0.119791,0.000726,-0.425516,0.008428,0.352867,0.689925,0.557464,-0.010236,0.431149,0.857535,0.145056,0.034898,0.323549,0.690178,-0.363617,0.000700,-0.389728,0.898197,0.015824,0.037077,0.312291,0.818993,0.616228,-0.014522,-0.311379,0.939386,0.193232,0.067990,-0.076768,0.240541,0.120096,0.047991,0.289206,0.063361,-0.075140,0.236209,0.083423,-0.153990,-0.424593,0.008348,0.352042,0.557318,-0.010729,0.430902,0.144255,0.035316,0.324396,-0.363849,0.000411,-0.389897,0.016062,0.037433,0.312875,0.616269,-0.014373,-0.311566
335,3.350000,0.006889,0.329691,0.000389,-0.944064,0.237517,0.083749,-0.064918,0.000510,0.190439,0.068165,-0.076967,0.867730,0.238465,0.119838,0.046934,0.830646,0.287087,0.063492,-0.075551,0.930507,0.234079,0.083499,-0.154088,0.899521,0.001398,0.036116,0.000514,-0.999347,0.090895,0.009385,0.119811,0.000750,-0.425533,0.008421,0.352873,0.689925,0.557444,-0.010237,0.431180,0.857535,0.145040,0.034894,0.323569,0.690178,-0.363615,0.000688,-0.389720,0.898197,0.015808,0.037072,0.312308,0.818993,0.616228,-0.014528,-0.311346,0.939386,0.190832,0.068136,-0.077169,0.238410,0.120022,0.047478,0.286964,0.063349,-0.075582,0.233865,0.083487,-0.154400,-0.424590,0.008346,0.352016,0.557316,-0.010707,0.430993,0.144209,0.035321,0.324379,-0.363846,0.000412,-0.389893,0.016047,0.037392,0.312931,0.616273,-0.014390,-0.311585
336,3.360000,0.006736,0.329839,0.000274,-0.944013,0.235002,0.083805,-0.065450,0.000528,0.187933,0.068209,-0.077517,0.890092,0.235903,0.119871,0.046410,0.841418,0.284582,0.063567,-0.076072,0.932534,0.231591,0.083573,-0.154621,0.901248,0.001404,0.036128,0.000509,-0.999346,0.090890,0.009403,0.119809,0.000765,-0.425544,0.008436,0.352859,0.675181,0.557432,-0.010210,0.431191,0.878525,0.145029,0.034915,0.323569,0.696157,-0.363607,0.000695,-0.389733,0.904338,0.015797,0.037091,0.312305,0.815604,0.616234,-0.014510,-0.311334,0.925696,0.188340,0.068125,-0.077659,0.235831,0.120104,0.046995,0.284416,0.063373,-0.076161,0.231422,0.083618,-0.154975,-0.424570,0.008349,0.352004,0.557338,-0.010668,0.431058,0.144169,0.035362,0.324301,-0.363831,0.000435,-0.389903,0.016014,0.037385,0.312946,0.616274,-0.014385,-0.311601
337,3.370000,0.006959,0.330346,0.000035,-0.943834,0.232534,0.083857,-0.066004,0.000482,0.185483,0.068239,-0.078112,0.890092,0.233304,0.119988,0.045836,0.841418,0.282131,0.063627,-0.076561,0.932534,0.229219,0.083572,-0.155179,0.901248,0.001405,0.036128,0.000500,-0.999346,0.090894,0.009392,0.119817,0.000771,-0.425541,0.008417,0.352867,0.675181,0.557436,-0.010211,0.431198,0.878525,0.145032,0.034906,0.323577,0.696157,-0.363604,0.000674,-0.389725,0.904338,0.015801,0.037080,0.312313,0.815604,0.616238,-0.014513,-0.311326,0.925696,0.185968,0.068183,-0.078198,0.233214,0.120183,0.046325,0.281934,0.063438,-0.076600,0.229021,0.083623,-0.155543,-0.424579,0.008367,0.351996,0.557416,-0.010631,0.431094,0.144152,0.035349,0.324265,-0.363833,0.000431,-0.389908,0.015986,0.037302,0.312991,0.616273,-0.014401,-0.311600
338,3.380000,0.006122,0.329990,-0.000178,-0.943965,0.230154,0.083961,-0.066535,0.000452,0.183108,0.068316,-0.078630,0.893848,0.230975,0.119932,0.045356,0.887061,0.279762,0.063794,-0.077159,0.946368,0.226771,0.083802,-0.155708,0.888611,0.001397,0.036135,0.000478,-0.999346,0.090895,0.009384,0.119834,0.000781,-0.425543,0.008382,0.352876,0.677212,0.557433,-0.010204,0.431222,0.899312,0.145030,0.034897,0.323595,0.702808,-0.363594,0.000653,-0.389715,0.904500,0.015798,0.037065,0.312329,0.820405,0.616247,-0.014491,-0.311302,0.918363,0.183461,0.068333,-0.078865,0.230996,0.120018,0.045799,0.279625,0.063765,-0.076997,0.226534,0.083727,-0.156078,-0.424580,0.008359,0.352016,0.557453,-0.010603,0.431169,0.144131,0.035318,0.324250,-0.363834,0.000418,-0.389897,0.015959,0.037255,0.313003,0.616293,-0.014382,-0.311606
339,3.390000,0.006378,0.330158,0.000903,-0.943904,0.227651,0.083900,-0.067181,0.000575,0.180575,0.068362,-0.079297,0.893848,0.228510,0.119843,0.044719,0.887061,0.277219,0.063626,-0.077791,0.946368,0.224301,0.083769,-0.156354,0.888611,0.001375,0.036118,0.000507,-0.999347,0.090940,0.009361,0.119822,0.000787,-0.425490,0.008378,0.352882,0.677212,0.557488,-0.010267,0.431193,0.899312,0.145083,0.034862,0.323582,0.702808,-0.363569,0.000678,-0.389711,0.904500,0.015851,0.037038,0.312321,0.820405,0.616275,-0.014524,-0.311333,0.918363,0.181119,0.068362,-0.079531,0.228420,0.120039,0.045314,0.277013,0.063469,-0.077888,0.224053,0.083730,-0.156618,-0.424582,0.008368,0.352024,0.557725,-0.010714,0.431199,0.144103,0.035306,0.324218,-0.363834,0.000418,-0.389915,0.015914,0.037262,0.312970,0.616297,-0.014393,-0.311604
340,3.400000,0.006517,0.330657,0.001263,-0.943728,0.225038,0.083909,-0.067886,0.000507,0.177963,0.068406,-0.080052,0.880289,0.225805,0.119854,0.044014,0.859843,0.274601,0.063597,-0.078443,0.935811,0.221782,0.083778,-0.157063,0.907283,0.001368,0.036120,0.000499,-0.999346,0.090943,0.009360,0.119823,0.000801,-0.425487,0.008365,0.352881,0.688178,0.557490,-0.010265,0.431194,0.866025,0.145085,0.034859,0.323583,0.689921,-0.363563,0.000678,-0.389712,0.891392,0.015853,0.037033,0.312321,0.826448,0.616280,-0.014510,-0.311331,0.922579,0.178398,0.068322,-0.080233,0.225752,0.120066,0.044530,0.274419,0.063417,-0.078470,0.221582,0.083830,-0.157371,-0.424588,0.008373,0.352016,0.557784,-0.010711,0.431241,0.144091,0.035308,0.324174,-0.363839,0.000417,-0.389923,0.015898,0.037234,0.312984,0.616298,-0.014377,-0.311610
341,3.410000,0.006578,0.330747,-0.000071,-0.943697,0.222540,0.084040,-0.068612,0.000555,0.175506,0.068409,-0.080770,0.880289,0.223199,0.120099,0.043252,0.859843,0.272156,0.063840,-0.079140,0.935811,0.219301,0.083812,-0.157789,0.907283,0.001359,0.036113,0.000504,-0.999347,0.090957,0.009349,0.119823,0.000813,-0.425471,0.008354,0.352887,0.688178,0.557508,-0.010286,0.431188,0.866025,0.145102,0.034844,0.323583,0.689921,-0.363556,0.000680,-0.389707,0.891392,0.015869,0.037019,0.312323,0.826448,0.616288,-0.014517,-0.311339,0.922579,0.175973,0.068335,-0.081031,0.223189,0.120294,0.043802,0.271932,0.063706,-0.079087,0.219068,0.083824,-0.158129,-0.424593,0.008370,0.352022,0.557888,-0.010736,0.431280,0.144078,0.035281,0.324145,-0.363833,0.000417,-0.389914,0.015882,0.037226,0.312968,0.616285,-0.014379,-0.311616
342,3.420000,0.006109,0.330723,-0.001705,-0.943707,0.220016,0.084062,-0.069338,0.000571,0.173034,0.068268,-0.081490,0.860259,0.220560,0.120145,0.042519,0.841333,0.269698,0.064028,-0.079866,0.924716,0.216770,0.083805,-0.158515,0.910829,0.001364,0.036104,0.000498,-0.999347,0.090967,0.009349,0.119829,0.000826,-0.425456,0.008351,0.352903,0.690638,0.557524,-0.010277,0.431187,0.842382,0.145115,0.034847,0.323588,0.687252,-0.363554,0.000669,-0.389692,0.891475,0.015883,0.037020,0.312330,0.836294,0.616291,-0.014517,-0.311341,0.924429,0.173532,0.068202,-0.081735,0.220519,0.120360,0.043114,0.269443,0.063879,-0.079922,0.216569,0.083804,-0.158810,-0.424572,0.008369,0.352037,0.557956,-0.010717,0.431315,0.144072,0.035288,0.324118,-0.363839,0.000415,-0.389899,0.015872,0.037208,0.312958,0.616278,-0.014384,-0.311612
343,3.430000,0.006545,0.330951,-0.000685,-0.943625,0.217508,0.084106,-0.070022,0.000526,0.170498,0.068415,-0.082195,0.860259,0.218077,0.120204,0.041829,0.841333,0.267152,0.063961,-0.080522,0.924716,0.214307,0.083843,-0.159201,0.910829,0.001426,0.036100,0.000515,-0.999347,0.091034,0.009392,0.119722,0.000769,-0.425387,0.008442,0.352800,0.690638,0.557593,-0.010214,0.431077,0.842382,0.145185,0.034912,0.323477,0.687252,-0.363492,0.000667,-0.389795,0.891475,0.015953,0.037090,0.312220,0.836294,0.616354,-0.014547,-0.311450,0.924429,0.171002,0.068374,-0.082370,0.218012,0.120394,0.042370,0.266915,0.063811,-0.080569,0.214104,0.083843,-0.159521,-0.424577,0.008360,0.352015,0.558061,-0.010717,0.431348,0.144028,0.035274,0.324080,-0.363849,0.000405,-0.389879,0.016115,0.037488,0.312392,0.616273,-0.014388,-0.311596
344,3.440000,0.007133,0.331236,0.000467,-0.943521,0.215154,0.084179,-0.070814,0.000531,0.168111,0.068604,-0.083010,0.887383,0.215745,0.120315,0.041025,0.839956,0.264752,0.063904,-0.081276,0.930798,0.212007,0.083893,-0.159995,0.919844,0.001403,0.036095,0.000507,-0.999347,0.091019,0.009367,0.119751,0.000796,-0.425400,0.008398,0.352834,0.710497,0.557581,-0.010245,0.431102,0.811253,0.145172,0.034879,0.323507,0.669343,-0.363512,0.000657,-0.389761,0.893191,0.015939,0.037055,0.312252,0.892368,0.616335,-0.014544,-0.311427,0.941482,0.168499,0.068518,-0.083221,0.215712,0.120538,0.041625,0.264536,0.063763,-0.081375,0.211868,0.083897,-0.160283,-0.424580,0.008359,0.352018,0.558128,-0.010704,0.431349,0.144030,0.035270,0.324047,-0.363842,0.000413,-0.389879,0.015993,0.037343,0.312566,0.616261,-0.014403,-0.311599
345,3.450000,0.007071,0.331664,0.000385,-0.943371,0.212733,0.084172,-0.071636,0.000548,0.165704,0.068589,-0.083876,0.887383,0.213216,0.120302,0.040206,0.839956,0.262345,0.063908,-0.082054,0.930798,0.209667,0.083891,-0.160819,0.919844,0.001405,0.036100,0.000486,-0.999347,0.090973,0.009373,0.119776,0.000834,-0.425448,0.008383,0.352854,0.710497,0.557533,-0.010218,0.431132,0.811253,0.145123,0.034888,0.323533,0.669343,-0.363552,0.000642,-0.389741,0.893191,0.015890,0.037058,0.312276,0.892368,0.616294,-0.014517,-0.311396,0.941482,0.166165,0.068517,-0.083995,0.213125,0.120537,0.040816,0.262145,0.063712,-0.082167,0.209498,0.083924,-0.161198,-0.424584,0.008350,0.352015,0.558178,-0.010667,0.431347,0.144008,0.035286,0.324016,-0.363851,0.000412,-0.389885,0.015774,0.037320,0.312713,0.616243,-0.014394,-0.311593
346,3.460000,0.007435,0.331752,0.001505,-0.943336,0.210307,0.084130,-0.072477,0.000560,0.163244,0.068658,-0.084728,0.867115,0.210852,0.120252,0.039367,0.842246,0.259874,0.063749,-0.082887,0.923918,0.207259,0.083861,-0.161662,0.897913,0.001420,0.036086,0.000480,-0.999348,0.090989,0.009395,0.119735,0.000824,-0.425426,0.008407,0.352827,0.710540,0.557558,-0.010180,0.431077,0.776037,0.145144,0.034918,0.323489,0.681664,-0.363551,0.000643,-0.389769,0.901705,0.015911,0.037086,0.312235,0.871649,0.616298,-0.014502,-0.311452,0.948492,0.163737,0.068556,-0.084901,0.210765,0.120506,0.039938,0.259693,0.063514,-0.082953,0.207035,0.083944,-0.161992,-0.424598,0.008371,0.352019,0.558294,-0.010646,0.431288,0.144011,0.035279,0.323945,-0.363854,0.000426,-0.389892,0.015764,0.037370,0.312637,0.616248,-0.014381,-0.311611
347,3.470000,0.007308,0.331666,0.001551,-0.943367,0.207943,0.084160,-0.073339,0.000504,0.160877,0.068691,-0.085585,0.867115,0.208508,0.120251,0.038515,0.842246,0.257507,0.063782,-0.083763,0.923918,0.204878,0.083915,-0.162523,0.897913,0.001442,0.036079,0.000476,-0.999348,0.090998,0.009402,0.119705,0.000837,-0.425414,0.008422,0.352804,0.710540,0.557571,-0.010157,0.431042,0.776037,0.145155,0.034934,0.323457,0.681664,-0.363549,0.000625,-0.389793,0.901705,0.015922,0.037101,0.312205,0.871649,0.616301,-0.014511,-0.311488,0.948492,0.161321,0.068616,-0.085743,0.208433,0.120467,0.039035,0.257336,0.063589,-0.083822,0.204680,0.083966,-0.162826,-0.424605,0.008366,0.352017,0.558370,-0.010663,0.431268,0.143999,0.035295,0.323903,-0.363868,0.000413,-0.389897,0.015767,0.037422,0.312558,0.616256,-0.014389,-0.311623
348,3.480000,0.007546,0.331763,0.002843,-0.943328,0.205617,0.084205,-0.074089,0.000499,0.158515,0.068864,-0.086352,0.878440,0.206251,0.120250,0.037780,0.862184,0.255131,0.063703,-0.084510,0.957055,0.202572,0.084005,-0.163273,0.889312,0.001467,0.036069,0.000468,-0.999348,0.091018,0.009429,0.119661,0.000843,-0.425389,0.008452,0.352772,0.727143,0.557598,-0.010108,0.430989,0.732587,0.145179,0.034972,0.323410,0.678097,-0.363540,0.000619,-0.389826,0.906091,0.015946,0.037136,0.312162,0.873481,0.616312,-0.014499,-0.311542,0.964465,0.158976,0.068918,-0.086496,0.206162,0.120379,0.038308,0.254997,0.063597,-0.084530,0.202333,0.083927,-0.163638,-0.424599,0.008356,0.352025,0.558503,-0.010638,0.431196,0.144012,0.035286,0.323853,-0.363859,0.000435,-0.389900,0.015751,0.037518,0.312431,0.616258,-0.014392,-0.311619
349,3.490000,0.007732,0.331557,0.002798,-0.943399,0.203196,0.084198,-0.074972,0.000528,0.156088,0.068854,-0.087209,0.878440,0.203880,0.120285,0.036883,0.862184,0.252705,0.063690,-0.085406,0.957055,0.200113,0.083964,-0.164155,0.889312,0.001469,0.036040,0.000467,-0.999349,0.091078,0.009420,0.119613,0.000840,-0.425316,0.008444,0.352753,0.727143,0.557675,-0.010115,0.430915,0.732587,0.145250,0.034964,0.323359,0.678097,-0.363509,0.000608,-0.389848,0.906091,0.016016,0.037129,0.312118,0.873481,0.616347,-0.014509,-0.311620,0.964465,0.156577,0.068818,-0.087427,0.203829,0.120467,0.037418,0.252485,0.063555,-0.085436,0.199894,0.083952,-0.164442,-0.424601,0.008375,0.352024,0.558625,-0.010640,0.431139,0.144008,0.035297,0.323826,-0.363865,0.000429,-0.389903,0.015921,0.037462,0.312291,0.616271,-0.014397,-0.311628
350,3.500000,0.007793,0.331963,0.003489,-0.943254,0.200746,0.084185,-0.075791,0.000557,0.153628,0.068908,-0.088074,0.869258,0.201381,0.120233,0.036077,0.846479,0.250236,0.063613,-0.086189,0.942514,0.197740,0.083985,-0.164977,0.897832,0.001313,0.036094,0.000336,-0.999348,0.091071,0.009441,0.119710,0.000875,-0.425347,0.008253,0.352795,0.728765,0.557641,-0.010060,0.431056,0.702238,0.145215,0.034938,0.323470,0.677358,-0.363458,0.000658,-0.389803,0.878321,0.015982,0.037071,0.312215,0.890680,0.616394,-0.014213,-0.311474,0.942499,0.154101,0.068887,-0.088297,0.201326,0.120416,0.036660,0.250049,0.063482,-0.086215,0.197509,0.083953,-0.165312,-0.424595,0.008369,0.352021,0.558676,-0.010650,0.431062,0.144015,0.035288,0.323790,-0.363870,0.000416,-0.389894,0.015852,0.037241,0.312597,0.616360,-0.014028,-0.311341
351,3.510000,0.008197,0.332264,0.005014,-0.943137,0.198413,0.084240,-0.076512,0.000546,0.151255,0.069114,-0.088830,0.869586,0.199086,0.120259,0.035365,0.848854,0.247845,0.063516,-0.086882,0.939578,0.195465,0.084072,-0.165699,0.913786,0.001429,0.036013,0.000452,-0.999350,0.091078,0.009369,0.119635,0.000885,-0.425303,0.008357,0.352804,0.734095,0.557693,-0.010175,0.430910,0.707206,0.145261,0.034898,0.323381,0.661696,-0.363536,0.000581,-0.389802,0.908598,0.016026,0.037059,0.312146,0.875206,0.616325,-0.014508,-0.311628,0.970309,0.151701,0.069078,-0.089098,0.199060,0.120440,0.035941,0.247628,0.063413,-0.086916,0.195261,0.084029,-0.165974,-0.424581,0.008355,0.352023,0.558759,-0.010658,0.430961,0.144021,0.035288,0.323757,-0.363852,0.000415,-0.389883,0.015816,0.037239,0.312562,0.616260,-0.014413,-0.311600
352,3.520000,0.007492,0.331930,0.002371,-0.943271,0.195988,0.084264,-0.077321,0.000521,0.148904,0.068876,-0.089597,0.869586,0.196549,0.120333,0.034541,0.848854,0.245524,0.063806,-0.087720,0.939578,0.192974,0.084042,-0.166506,0.913786,0.001431,0.036009,0.000441,-0.999350,0.091080,0.009378,0.119620,0.000903,-0.425299,0.008356,0.352792,0.734095,0.557698,-0.010155,0.430891,0.707206,0.145264,0.034909,0.323365,0.661696,-0.363538,0.000579,-0.389814,0.908598,0.016029,0.037067,0.312131,0.875206,0.616324,-0.014490,-0.311647,0.970309,0.149310,0.068838,-0.089850,0.196560,0.120483,0.035069,0.245327,0.063729,-0.087627,0.192754,0.084007,-0.166874,-0.424569,0.008373,0.352014,0.558829,-0.010655,0.430912,0.144044,0.035304,0.323713,-0.363845,0.000418,-0.389866,0.015759,0.037217,0.312554,0.616277,-0.014394,-0.311616
353,3.530000,0.007693,0.332219,0.003605,-0.943164,0.193463,0.084194,-0.078066,0.000562,0.146350,0.068927,-0.090379,0.880724,0.194042,0.120213,0.033811,0.839430,0.242956,0.063618,-0.088443,0.935121,0.190506,0.084018,-0.167254,0.885887,0.001351,0.036085,0.000318,-0.999348,0.091078,0.009457,0.119637,0.000922,-0.425336,0.008270,0.352730,0.737377,0.557654,-0.010005,0.430976,0.650424,0.145225,0.034971,0.323394,0.682727,-0.363460,0.000621,-0.389867,0.891513,0.015991,0.037099,0.312141,0.886888,0.616394,-0.014214,-0.311554,0.934513,0.146772,0.068861,-0.090591,0.194037,0.120402,0.034425,0.242718,0.063517,-0.088424,0.190328,0.083996,-0.167673,-0.424573,0.008369,0.352014,0.558887,-0.010645,0.430811,0.144040,0.035326,0.323676,-0.363848,0.000428,-0.389878,0.015731,0.037243,0.312482,0.616385,-0.014056,-0.311345
354,3.540000,0.007164,0.332802,0.002714,-0.942966,0.190958,0.084281,-0.078734,0.000590,0.143890,0.068923,-0.091110,0.880724,0.191327,0.120255,0.033158,0.839430,0.240505,0.063810,-0.089059,0.935121,0.188109,0.084134,-0.167925,0.885887,0.001415,0.036090,0.000330,-0.999348,0.091073,0.009495,0.119545,0.000868,-0.425343,0.008352,0.352633,0.737377,0.557645,-0.009941,0.430891,0.650424,0.145219,0.035033,0.323299,0.682727,-0.363460,0.000607,-0.389963,0.891513,0.015985,0.037163,0.312045,0.886888,0.616393,-0.014245,-0.311638,0.934513,0.144334,0.068838,-0.091361,0.191308,0.120476,0.033788,0.240283,0.063669,-0.089066,0.187907,0.084140,-0.168298,-0.424582,0.008360,0.352018,0.558818,-0.010658,0.430703,0.144029,0.035331,0.323626,-0.363832,0.000419,-0.389894,0.015762,0.037482,0.312103,0.616351,-0.014081,-0.311315
355,3.550000,0.006601,0.333502,0.002370,-0.942723,0.188465,0.084360,-0.079361,0.000427,0.141432,0.068963,-0.091820,0.889623,0.188631,0.120242,0.032561,0.901805,0.238048,0.063949,-0.089629,0.929011,0.185749,0.084284,-0.168557,0.885010,0.001486,0.035994,0.000436,-0.999351,0.091072,0.009423,0.119466,0.000849,-0.425300,0.008424,0.352655,0.761775,0.557700,-0.010073,0.430725,0.687517,0.145262,0.034977,0.323207,0.668866,-0.363562,0.000565,-0.389952,0.919277,0.016027,0.037134,0.311977,0.895862,0.616303,-0.014489,-0.311815,0.941407,0.141828,0.068949,-0.092014,0.188657,0.120327,0.032944,0.237859,0.063907,-0.089422,0.185517,0.084256,-0.168953,-0.424593,0.008363,0.352019,0.558819,-0.010612,0.430587,0.144047,0.035334,0.323596,-0.363848,0.000427,-0.389898,0.015739,0.037402,0.312113,0.616255,-0.014403,-0.311602
356,3.560000,0.006298,0.333739,0.003336,-0.942638,0.185999,0.084288,-0.080072,0.000510,0.138948,0.068983,-0.092574,0.889623,0.186165,0.120035,0.031894,0.901805,0.235555,0.063809,-0.090339,0.929011,0.183329,0.084325,-0.169269,0.885010,0.001324,0.036062,0.000315,-0.999349,0.091049,0.009444,0.119554,0.000874,-0.425354,0.008240,0.352672,0.761775,0.557639,-0.010032,0.430870,0.687517,0.145205,0.034948,0.323310,0.668866,-0.363513,0.000631,-0.389929,0.919277,0.015971,0.037075,0.312063,0.895862,0.616345,-0.014200,-0.311663,0.941407,0.139454,0.069011,-0.092791,0.186122,0.120158,0.032409,0.235317,0.063742,-0.090332,0.183103,0.084241,-0.169573,-0.424599,0.008362,0.352018,0.558767,-0.010634,0.430503,0.144057,0.035353,0.323540,-0.363852,0.000432,-0.389887,0.015665,0.037141,0.312393,0.616356,-0.014040,-0.311339
357,3.570000,0.006479,0.333945,0.003059,-0.942565,0.183606,0.084371,-0.080834,0.000477,0.136566,0.069041,-0.093348,0.882383,0.183709,0.120177,0.031113,0.866207,0.233174,0.063907,-0.091069,0.932014,0.180975,0.084360,-0.170032,0.911982,0.001427,0.035965,0.000432,-0.999352,0.091050,0.009355,0.119482,0.000865,-0.425308,0.008323,0.352700,0.749907,0.557697,-0.010171,0.430711,0.705073,0.145252,0.034887,0.323222,0.671417,-0.363613,0.000552,-0.389911,0.925329,0.016016,0.037043,0.312000,0.871349,0.616257,-0.014500,-0.311833,0.940523,0.136997,0.069037,-0.093537,0.183694,0.120305,0.031632,0.232907,0.063865,-0.091090,0.180827,0.084279,-0.170341,-0.424573,0.008346,0.352021,0.558746,-0.010638,0.430442,0.144052,0.035345,0.323500,-0.363865,0.000402,-0.389857,0.015650,0.037119,0.312353,0.616262,-0.014414,-0.311611
358,3.580000,0.006442,0.334283,0.002494,-0.942447,0.181286,0.084302,-0.081578,0.000468,0.134272,0.068916,-0.094121,0.882383,0.181271,0.120143,0.030358,0.866207,0.230884,0.063889,-0.091772,0.932014,0.178718,0.084260,-0.170778,0.911982,0.001520,0.035993,0.000436,-0.999351,0.091004,0.009458,0.119393,0.000841,-0.425367,0.008475,0.352582,0.749907,0.557632,-0.010018,0.430652,0.705073,0.145195,0.035026,0.323132,0.671417,-0.363630,0.000567,-0.390025,0.925329,0.015959,0.037182,0.311902,0.871349,0.616235,-0.014485,-0.311887,0.940523,0.134776,0.068855,-0.094255,0.181251,0.120294,0.030835,0.230530,0.063806,-0.091780,0.178587,0.084251,-0.171113,-0.424578,0.008345,0.352020,0.558665,-0.010632,0.430360,0.144044,0.035364,0.323464,-0.363864,0.000429,-0.389849,0.015526,0.037581,0.311924,0.616262,-0.014398,-0.311595
359,3.590000,0.005618,0.334845,0.001265,-0.942256,0.178758,0.084317,-0.082201,0.000464,0.131803,0.068805,-0.094810,0.865235,0.178508,0.120076,0.029761,0.884887,0.228426,0.064054,-0.092351,0.930254,0.176295,0.084332,-0.171404,0.917814,0.001420,0.036068,0.000312,-0.999348,0.090986,0.009518,0.119422,0.000834,-0.425420,0.008359,0.352533,0.757790,0.557573,-0.009898,0.430748,0.665400,0.145140,0.035061,0.323173,0.707499,-0.363569,0.000608,-0.390066,0.899101,0.015906,0.037186,0.311925,0.865606,0.616288,-0.014208,-0.311784,0.881330,0.132278,0.068823,-0.095063,0.178508,0.120173,0.030211,0.228152,0.064030,-0.092304,0.176093,0.084240,-0.171647,-0.424602,0.008336,0.352013,0.558599,-0.010615,0.430273,0.144034,0.035332,0.323445,-0.363860,0.000425,-0.389854,0.015520,0.037558,0.311892,0.616337,-0.014049,-0.311339
360,3.600000,0.006089,0.335542,0.002042,-0.942003,0.176402,0.084372,-0.082926,0.000522,0.129439,0.068938,-0.095599,0.865235,0.176049,0.120173,0.029022,0.884887,0.226050,0.064017,-0.092994,0.930254,0.174072,0.084358,-0.172132,0.917814,0.001407,0.036063,0.000324,-0.999349,0.090984,0.009521,0.119405,0.000798,-0.425420,0.008368,0.352522,0.757790,0.557573,-0.009915,0.430725,0.665400,0.145140,0.035057,0.323157,0.707499,-0.363577,0.000635,-0.390077,0.899101,0.015906,0.037185,0.311910,0.865606,0.616280,-0.014206,-0.311807,0.881330,0.129895,0.068958,-0.095849,0.176038,0.120290,0.029546,0.225848,0.063965,-0.092910,0.173829,0.084273,-0.172491,-0.424608,0.008356,0.352033,0.558478,-0.010577,0.430176,0.144050,0.035332,0.323432,-0.363853,0.000442,-0.389865,0.015537,0.037534,0.311871,0.616350,-0.014045,-0.311307
361,3.610000,0.005863,0.336345,0.003046,-0.941716,0.174160,0.084422,-0.083549,0.000463,0.127192,0.069084,-0.096320,0.882450,0.173677,0.120102,0.028437,0.879700,0.223790,0.063992,-0.093555,0.938125,0.171983,0.084510,-0.172759,0.897321,0.001483,0.035961,0.000442,-0.999352,0.090971,0.009427,0.119335,0.000755,-0.425386,0.008432,0.352558,0.769211,0.557619,-0.010076,0.430563,0.736338,0.145175,0.034980,0.323072,0.695939,-0.363697,0.000578,-0.390054,0.921093,0.015939,0.037137,0.311851,0.869040,0.616173,-0.014488,-0.311981,0.900655,0.127625,0.069089,-0.096504,0.173667,0.120206,0.028907,0.223557,0.063950,-0.093483,0.171793,0.084443,-0.173117,-0.424623,0.008347,0.352044,0.558403,-0.010615,0.430107,0.144053,0.035316,0.323400,-0.363883,0.000408,-0.389864,0.015554,0.037488,0.311908,0.616247,-0.014384,-0.311604
362,3.620000,0.005766,0.336994,0.002380,-0.941486,0.171833,0.084397,-0.084185,0.000434,0.124902,0.068993,-0.097016,0.882450,0.171148,0.120106,0.027790,0.879700,0.221503,0.064030,-0.094117,0.938125,0.169778,0.084458,-0.173398,0.897321,0.001469,0.035946,0.000451,-0.999353,0.090967,0.009420,0.119314,0.000746,-0.425382,0.008428,0.352551,0.769211,0.557624,-0.010099,0.430528,0.736338,0.145177,0.034966,0.323050,0.695939,-0.363715,0.000593,-0.390062,0.921093,0.015941,0.037126,0.311833,0.869040,0.616157,-0.014492,-0.312018,0.900655,0.125339,0.068984,-0.097195,0.171099,0.120238,0.028209,0.221320,0.063926,-0.094111,0.169573,0.084440,-0.173644,-0.424607,0.008357,0.352034,0.558333,-0.010625,0.430024,0.144048,0.035306,0.323379,-0.363897,0.000412,-0.389863,0.015585,0.037460,0.311901,0.616249,-0.014380,-0.311610
363,3.630000,0.005497,0.338024,0.000921,-0.941121,0.169492,0.084379,-0.084864,0.000428,0.122635,0.068831,-0.097790,0.875728,0.168460,0.120141,0.027092,0.890366,0.219243,0.064154,-0.094679,0.923147,0.167631,0.084391,-0.174082,0.909041,0.001455,0.035937,0.000452,-0.999353,0.090967,0.009403,0.119294,0.000737,-0.425378,0.008406,0.352541,0.768190,0.557630,-0.010126,0.430498,0.753741,0.145181,0.034943,0.323030,0.697256,-0.363725,0.000591,-0.390073,0.916264,0.015945,0.037104,0.311815,0.883841,0.616148,-0.014498,-0.312048,0.883986,0.123119,0.068779,-0.097889,0.168417,0.120284,0.027504,0.218957,0.064043,-0.094663,0.167476,0.084412,-0.174410,-0.424603,0.008350,0.352036,0.558272,-0.010637,0.429954,0.144056,0.035287,0.323316,-0.363896,0.000405,-0.389854,0.015610,0.037414,0.311905,0.616260,-0.014381,-0.311613
364,3.640000,0.005230,0.339278,0.000840,-0.940671,0.167234,0.084361,-0.085493,0.000380,0.120417,0.068803,-0.098550,0.875728,0.165891,0.120073,0.026476,0.890366,0.217018,0.064158,-0.095183,0.923147,0.165610,0.084412,-0.174715,0.909041,0.001440,0.035933,0.000465,-0.999353,0.090956,0.009392,0.119290,0.000719,-0.425387,0.008399,0.352542,0.768190,0.557620,-0.010158,0.430491,0.753741,0.145172,0.034924,0.323027,0.697256,-0.363740,0.000606,-0.390073,0.916264,0.015936,0.037089,0.311813,0.883841,0.616133,-0.014509,-0.312056,0.883986,0.120875,0.068818,-0.098642,0.165858,0.120151,0.026838,0.216753,0.064113,-0.095128,0.165451,0.084364,-0.175039,-0.424595,0.008339,0.352036,0.558183,-0.010679,0.429952,0.144072,0.035281,0.323299,-0.363895,0.000403,-0.389852,0.015634,0.037412,0.311914,0.616236,-0.014381,-0.311622
365,3.650000,0.004864,0.340704,0.000435,-0.940158,0.164958,0.084432,-0.086059,0.000374,0.118196,0.068831,-0.099264,0.859277,0.163239,0.120096,0.025919,0.913636,0.214792,0.064283,-0.095607,0.937298,0.163604,0.084517,-0.175286,0.896677,0.001411,0.035928,0.000471,-0.999353,0.090954,0.009378,0.119278,0.000706,-0.425387,0.008377,0.352535,0.763823,0.557622,-0.010195,0.430473,0.772952,0.145173,0.034898,0.323016,0.706837,-0.363747,0.000627,-0.390081,0.915464,0.015937,0.037065,0.311804,0.892385,0.616127,-0.014503,-0.312075,0.880234,0.118740,0.068960,-0.099334,0.163160,0.120110,0.026255,0.214548,0.064273,-0.095550,0.163384,0.084383,-0.175609,-0.424580,0.008328,0.352045,0.558107,-0.010726,0.429919,0.144087,0.035269,0.323255,-0.363886,0.000406,-0.389867,0.015676,0.037383,0.311929,0.616224,-0.014360,-0.311628
366,3.660000,0.004675,0.342086,-0.000462,-0.939657,0.162654,0.084469,-0.086659,0.000445,0.115960,0.068779,-0.099996,0.859277,0.160542,0.120160,0.025305,0.913636,0.212552,0.064409,-0.096055,0.937298,0.161562,0.084529,-0.175889,0.896677,0.001405,0.035928,0.000478,-0.999353,0.090959,0.009366,0.119265,0.000703,-0.425382,0.008369,0.352522,0.763823,0.557627,-0.010218,0.430459,0.772952,0.145179,0.034882,0.323003,0.706837,-0.363742,0.000628,-0.390095,0.915464,0.015942,0.037051,0.311791,0.892385,0.616132,-0.014517,-0.312089,0.880234,0.116449,0.068800,-0.100184,0.160508,0.120262,0.025747,0.212271,0.064366,-0.096062,0.161388,0.084448,-0.176136,-0.424582,0.008316,0.352031,0.558061,-0.010728,0.429876,0.144088,0.035251,0.323223,-0.363869,0.000412,-0.389875,0.015722,0.037359,0.311946,0.616230,-0.014382,-0.311626
367,3.670000,0.005224,0.342492,0.000462,-0.939506,0.160616,0.084589,-0.087174,0.000495,0.113901,0.068992,-0.100547,0.870947,0.158482,0.120329,0.024773,0.872538,0.210480,0.064420,-0.096519,0.926122,0.159602,0.084615,-0.176405,0.910550,0.001395,0.035942,0.000490,-0.999353,0.090953,0.009366,0.119272,0.000707,-0.425395,0.008375,0.352514,0.757532,0.557611,-0.010234,0.430479,0.786801,0.145167,0.034877,0.323012,0.713022,-0.363734,0.000649,-0.390101,0.907030,0.015931,0.037048,0.311796,0.900329,0.616137,-0.014519,-0.312067,0.874871,0.114353,0.068934,-0.100790,0.158491,0.120477,0.025261,0.210200,0.064351,-0.096455,0.159421,0.084593,-0.176713,-0.424565,0.008325,0.352014,0.557977,-0.010771,0.429926,0.144103,0.035271,0.323185,-0.363871,0.000409,-0.389852,0.015738,0.037366,0.311940,0.616249,-0.014363,-0.311605
368,3.680000,0.004335,0.342758,-0.001700,-0.939412,0.158407,0.084636,-0.087647,0.000441,0.111773,0.068824,-0.101048,0.870947,0.156045,0.120344,0.024306,0.872538,0.208370,0.064702,-0.096969,0.926122,0.157441,0.084674,-0.176879,0.910550,0.001382,0.035948,0.000498,-0.999353,0.090942,0.009346,0.119272,0.000690,-0.425408,0.008358,0.352507,0.757532,0.557596,-0.010270,0.430484,0.786801,0.145154,0.034851,0.323013,0.713022,-0.363738,0.000649,-0.390107,0.907030,0.015918,0.037025,0.311795,0.900329,0.616132,-0.014536,-0.312062,0.874871,0.112201,0.068853,-0.101332,0.156085,0.120404,0.024718,0.208108,0.064727,-0.096826,0.157235,0.084560,-0.177150,-0.424573,0.008326,0.351983,0.557893,-0.010788,0.429986,0.144135,0.035258,0.323159,-0.363862,0.000399,-0.389839,0.015762,0.037303,0.311961,0.616235,-0.014372,-0.311642
369,3.690000,0.005182,0.343114,0.000061,-0.939279,0.156209,0.084689,-0.088115,0.000394,0.109524,0.069053,-0.101546,0.862941,0.153898,0.120450,0.023823,0.905915,0.206101,0.064558,-0.097390,0.919712,0.155312,0.084697,-0.177347,0.920165,0.001377,0.035967,0.000508,-0.999352,0.090923,0.009342,0.119272,0.000674,-0.425436,0.008360,0.352487,0.751637,0.557565,-0.010287,0.430502,0.816542,0.145128,0.034843,0.323015,0.737852,-0.363738,0.000659,-0.390125,0.901809,0.015892,0.037020,0.311793,0.912715,0.616129,-0.014545,-0.312042,0.887994,0.110032,0.069143,-0.101731,0.153879,0.120479,0.024197,0.205783,0.064596,-0.097361,0.155140,0.084540,-0.177566,-0.424578,0.008327,0.351987,0.557785,-0.010805,0.430031,0.144156,0.035220,0.323127,-0.363869,0.000409,-0.389852,0.015781,0.037311,0.311949,0.616233,-0.014376,-0.311641
370,3.700000,0.004987,0.343313,-0.000822,-0.939208,0.154126,0.084745,-0.088575,0.000362,0.107474,0.069021,-0.102021,0.862941,0.151704,0.120527,0.023353,0.905915,0.204058,0.064700,-0.097824,0.919712,0.153266,0.084729,-0.177808,0.920165,0.001373,0.035981,0.000514,-0.999351,0.090918,0.009340,0.119274,0.000653,-0.425448,0.008363,0.352475,0.751637,0.557550,-0.010296,0.430517,0.816542,0.145117,0.034839,0.323019,0.737852,-0.363729,0.000668,-0.390135,0.901809,0.015882,0.037017,0.311793,0.912715,0.616135,-0.014549,-0.312025,0.887994,0.107886,0.069081,-0.102106,0.151718,0.120542,0.023717,0.203765,0.064752,-0.097685,0.153135,0.084603,-0.178227,-0.424587,0.008353,0.352010,0.557711,-0.010832,0.430063,0.144182,0.035222,0.323109,-0.363856,0.000400,-0.389871,0.015787,0.037295,0.311961,0.616250,-0.014361,-0.311653
371,3.710000,0.005089,0.343230,-0.000535,-0.939237,0.152059,0.084645,-0.088992,0.000352,0.105396,0.068951,-0.102431,0.895852,0.149679,0.120429,0.022937,0.911765,0.201977,0.064571,-0.098250,0.943954,0.151184,0.084631,-0.178225,0.915545,0.001382,0.036000,0.000526,-0.999351,0.090907,0.009338,0.119274,0.000623,-0.425468,0.008377,0.352456,0.757154,0.557527,-0.010305,0.430535,0.831445,0.145099,0.034839,0.323021,0.762427,-0.363722,0.000666,-0.390152,0.901916,0.015864,0.037020,0.311790,0.918018,0.616139,-0.014573,-0.312005,0.897176,0.105798,0.068995,-0.102530,0.149646,0.120485,0.023283,0.201759,0.064551,-0.098206,0.151034,0.084551,-0.178516,-0.424600,0.008364,0.352020,0.557630,-0.010836,0.430133,0.144223,0.035205,0.323057,-0.363861,0.000402,-0.389898,0.015807,0.037295,0.311958,0.616248,-0.014383,-0.311657
372,3.720000,0.005257,0.343965,-0.001224,-0.938967,0.149862,0.084804,-0.089451,0.000342,0.103239,0.069043,-0.102950,0.895852,0.147265,0.120673,0.022445,0.911765,0.199819,0.064781,-0.098616,0.943954,0.149127,0.084718,-0.178685,0.915545,0.001377,0.036022,0.000529,-0.999350,0.090888,0.009333,0.119283,0.000597,-0.425496,0.008373,0.352442,0.757154,0.557495,-0.010316,0.430564,0.831445,0.145072,0.034832,0.323032,0.762427,-0.363718,0.000671,-0.390163,0.901916,0.015838,0.037014,0.311796,0.918018,0.616140,-0.014576,-0.311974,0.897176,0.103673,0.069080,-0.103062,0.147263,0.120703,0.022717,0.199596,0.064767,-0.098418,0.148917,0.084666,-0.179043,-0.424623,0.008346,0.352014,0.557538,-0.010837,0.430208,0.144265,0.035195,0.323020,-0.363859,0.000419,-0.389908,0.015816,0.037279,0.311979,0.616228,-0.014393,-0.311647
373,3.730000,0.005383,0.344341,-0.000933,-0.938829,0.147671,0.084926,-0.090067,0.000365,0.101048,0.069194,-0.103602,0.886624,0.145007,0.120801,0.021826,0.901654,0.197622,0.064872,-0.099190,0.934968,0.147007,0.084838,-0.179301,0.905641,0.001405,0.036035,0.000529,-0.999349,0.090870,0.009351,0.119275,0.000611,-0.425520,0.008405,0.352421,0.747411,0.557469,-0.010281,0.430569,0.844898,0.145049,0.034861,0.323024,0.791914,-0.363723,0.000661,-0.390182,0.900184,0.015815,0.037043,0.311784,0.920238,0.616133,-0.014583,-0.311967,0.905004,0.101488,0.069286,-0.103666,0.144956,0.120835,0.022215,0.197363,0.064887,-0.099189,0.146878,0.084697,-0.179627,-0.424595,0.008365,0.352017,0.557403,-0.010803,0.430241,0.144291,0.035204,0.322983,-0.363865,0.000410,-0.389906,0.015843,0.037328,0.311925,0.616217,-0.014397,-0.311646
374,3.740000,0.005505,0.344691,-0.001513,-0.938699,0.145669,0.085043,-0.090565,0.000375,0.099072,0.069256,-0.104125,0.886624,0.142885,0.120986,0.021304,0.901654,0.195647,0.065033,-0.099639,0.934968,0.145071,0.084898,-0.179799,0.905641,0.001400,0.036051,0.000516,-0.999349,0.090867,0.009345,0.119291,0.000599,-0.425531,0.008384,0.352420,0.747411,0.557456,-0.010278,0.430601,0.844898,0.145038,0.034855,0.323043,0.791914,-0.363709,0.000647,-0.390181,0.900184,0.015804,0.037033,0.311798,0.920238,0.616145,-0.014572,-0.311933,0.905004,0.099440,0.069346,-0.104289,0.142910,0.120987,0.021681,0.195423,0.065108,-0.099476,0.144903,0.084732,-0.180175,-0.424594,0.008337,0.352004,0.557354,-0.010795,0.430344,0.144334,0.035190,0.322968,-0.363873,0.000403,-0.389882,0.015838,0.037315,0.311922,0.616232,-0.014387,-0.311648
375,3.750000,0.005421,0.345255,-0.000777,-0.938493,0.143785,0.084992,-0.091161,0.000443,0.097184,0.069275,-0.104788,0.858543,0.140914,0.120864,0.020728,0.894660,0.193748,0.064923,-0.100188,0.932842,0.143295,0.084907,-0.180396,0.905188,0.001405,0.036063,0.000523,-0.999348,0.090873,0.009355,0.119306,0.000581,-0.425531,0.008404,0.352422,0.742885,0.557455,-0.010271,0.430626,0.863164,0.145040,0.034866,0.323058,0.815677,-0.363691,0.000659,-0.390177,0.894801,0.015806,0.037046,0.311811,0.923887,0.616161,-0.014573,-0.311906,0.917687,0.097739,0.069291,-0.104900,0.140827,0.120983,0.021123,0.193508,0.064804,-0.100167,0.143068,0.084892,-0.180699,-0.424588,0.008346,0.352015,0.557336,-0.010773,0.430445,0.144385,0.035186,0.322944,-0.363864,0.000427,-0.389873,0.015838,0.037335,0.311902,0.616222,-0.014393,-0.311637
376,3.760000,0.005098,0.345731,-0.001079,-0.938319,0.141919,0.085149,-0.091760,0.000358,0.095344,0.069400,-0.105441,0.885266,0.138906,0.120974,0.020140,0.915115,0.191907,0.065122,-0.100745,0.937191,0.141519,0.085098,-0.180996,0.910293,0.001425,0.036084,0.000527,-0.999348,0.090886,0.009356,0.119310,0.000567,-0.425528,0.008418,0.352405,0.746346,0.557454,-0.010261,0.430651,0.862224,0.145044,0.034875,0.323064,0.821281,-0.363657,0.000644,-0.390192,0.888001,0.015811,0.037056,0.311811,0.921820,0.616191,-0.014593,-0.311879,0.917308,0.095767,0.069492,-0.105593,0.138893,0.120988,0.020479,0.191675,0.065158,-0.100654,0.141341,0.084956,-0.181273,-0.424594,0.008356,0.352012,0.557314,-0.010786,0.430558,0.144429,0.035202,0.322904,-0.363865,0.000401,-0.389878,0.015878,0.037359,0.311844,0.616238,-0.014400,-0.311615
377,3.770000,0.005523,0.346221,-0.001297,-0.938136,0.139882,0.085045,-0.092569,0.000402,0.093323,0.069277,-0.106283,0.885266,0.136748,0.120976,0.019294,0.915115,0.189881,0.065016,-0.101482,0.937191,0.139575,0.084910,-0.181805,0.910293,0.001406,0.036091,0.000519,-0.999347,0.090884,0.009355,0.119318,0.000553,-0.425533,0.008399,0.352406,0.746346,0.557448,-0.010266,0.430665,0.862224,0.145039,0.034867,0.323074,0.821281,-0.363652,0.000653,-0.390190,0.888001,0.015806,0.037046,0.311819,0.921820,0.616195,-0.014570,-0.311864,0.917308,0.093785,0.069276,-0.106411,0.136757,0.121045,0.019672,0.189560,0.065009,-0.101363,0.139427,0.084849,-0.182175,-0.424590,0.008352,0.352019,0.557293,-0.010786,0.430633,0.144458,0.035194,0.322880,-0.363875,0.000409,-0.389880,0.015874,0.037325,0.311840,0.616230,-0.014371,-0.311618
378,3.780000,0.005572,0.346657,-0.001268,-0.937975,0.137928,0.085153,-0.093289,0.000455,0.091381,0.069389,-0.107045,0.854290,0.134693,0.121093,0.018568,0.898264,0.187934,0.065120,-0.102154,0.939618,0.137704,0.085012,-0.182526,0.906460,0.001417,0.036106,0.000518,-0.999347,0.090888,0.009352,0.119331,0.000543,-0.425536,0.008401,0.352403,0.747815,0.557443,-0.010263,0.430693,0.861921,0.145037,0.034868,0.323088,0.834723,-0.363632,0.000639,-0.390191,0.882367,0.015804,0.037046,0.311829,0.917328,0.616213,-0.014582,-0.311834,0.922558,0.091924,0.069438,-0.107252,0.134636,0.121182,0.018961,0.187714,0.065048,-0.102086,0.137439,0.084944,-0.182780,-0.424603,0.008345,0.352023,0.557261,-0.010784,0.430717,0.144483,0.035168,0.322887,-0.363876,0.000393,-0.389873,0.015904,0.037361,0.311804,0.616243,-0.014378,-0.311603
379,3.790000,0.005959,0.346507,-0.000994,-0.938028,0.136147,0.085222,-0.093902,0.000432,0.089583,0.069487,-0.107635,0.854290,0.132975,0.121224,0.017937,0.898264,0.186134,0.065144,-0.102772,0.939618,0.135895,0.085033,-0.183138,0.906460,0.001433,0.036103,0.000516,-0.999347,0.090904,0.009368,0.119327,0.000531,-0.425519,0.008424,0.352402,0.747815,0.557461,-0.010235,0.430686,0.861921,0.145054,0.034891,0.323082,0.834723,-0.363619,0.000639,-0.390192,0.882367,0.015821,0.037069,0.311824,0.917328,0.616226,-0.014578,-0.311842,0.922558,0.090078,0.069544,-0.107778,0.132927,0.121300,0.018377,0.185850,0.065127,-0.102778,0.135731,0.084916,-0.183428,-0.424601,0.008353,0.352019,0.557296,-0.010753,0.430799,0.144526,0.035174,0.322858,-0.363884,0.000399,-0.389868,0.015941,0.037406,0.311742,0.616221,-0.014375,-0.311623
380,3.800000,0.004860,0.346178,-0.000549,-0.938156,0.134343,0.085195,-0.094579,0.000410,0.087768,0.069496,-0.108316,0.868774,0.131252,0.120932,0.017348,0.904454,0.184322,0.065135,-0.103531,0.921741,0.134028,0.085218,-0.183815,0.922282,0.001428,0.036116,0.000517,-0.999347,0.090913,0.009391,0.119325,0.000509,-0.425515,0.008444,0.352386,0.752526,0.557462,-0.010215,0.430696,0.858808,0.145058,0.034912,0.323082,0.852677,-0.363597,0.000666,-0.390206,0.880751,0.015826,0.037090,0.311821,0.898270,0.616246,-0.014552,-0.311830,0.934454,0.088255,0.069515,-0.108512,0.131247,0.121006,0.017723,0.184016,0.065123,-0.103467,0.133852,0.085138,-0.184058,-0.424601,0.008356,0.352017,0.557285,-0.010714,0.430894,0.144570,0.035158,0.322861,-0.363875,0.000439,-0.389893,0.015949,0.037457,0.311695,0.616225,-0.014358,-0.311655
381,3.810000,0.005406,0.346643,0.000323,-0.937981,0.132436,0.085216,-0.095255,0.000412,0.085844,0.069605,-0.109032,0.868774,0.129305,0.121007,0.016654,0.904454,0.182385,0.065052,-0.104149,0.921741,0.132211,0.085202,-0.184491,0.922282,0.001459,0.036120,0.000497,-0.999346,0.090923,0.009389,0.119334,0.000517,-0.425507,0.008438,0.352392,0.752526,0.557470,-0.010181,0.430710,0.858808,0.145065,0.034925,0.323090,0.852677,-0.363582,0.000616,-0.390200,0.880751,0.015833,0.037097,0.311828,0.898270,0.616261,-0.014561,-0.311815,0.934454,0.086376,0.069685,-0.109193,0.129258,0.121054,0.017017,0.182129,0.065032,-0.104078,0.131983,0.085093,-0.184764,-0.424604,0.008349,0.352023,0.557274,-0.010674,0.430968,0.144613,0.035179,0.322824,-0.363891,0.000393,-0.389896,0.015995,0.037446,0.311696,0.616220,-0.014368,-0.311639
382,3.820000,0.005074,0.346695,-0.000724,-0.937964,0.130416,0.085298,-0.095894,0.000402,0.083860,0.069583,-0.109675,0.852137,0.127196,0.121093,0.016010,0.909814,0.180410,0.065243,-0.104781,0.924875,0.130200,0.085274,-0.185130,0.901045,0.001449,0.036127,0.000492,-0.999346,0.090935,0.009387,0.119339,0.000515,-0.425499,0.008427,0.352389,0.758178,0.557477,-0.010184,0.430721,0.847728,0.145073,0.034920,0.323096,0.863315,-0.363564,0.000619,-0.390202,0.876772,0.015842,0.037091,0.311832,0.893995,0.616278,-0.014549,-0.311804,0.934850,0.084428,0.069694,-0.109795,0.127138,0.121117,0.016366,0.180116,0.065245,-0.104716,0.129982,0.085137,-0.185431,-0.424612,0.008351,0.352011,0.557280,-0.010671,0.431028,0.144650,0.035149,0.322837,-0.363886,0.000391,-0.389906,0.016021,0.037447,0.311686,0.616217,-0.014347,-0.311650
383,3.830000,0.004761,0.346480,-0.001046,-0.938045,0.128543,0.085355,-0.096499,0.000371,0.081993,0.069607,-0.110264,0.852137,0.125345,0.121106,0.015420,0.909814,0.178549,0.065343,-0.105417,0.924875,0.128286,0.085363,-0.185735,0.901045,0.001461,0.036133,0.000489,-0.999346,0.090959,0.009402,0.119344,0.000519,-0.425477,0.008445,0.352388,0.758178,0.557498,-0.010158,0.430733,0.847728,0.145095,0.034940,0.323101,0.863315,-0.363532,0.000619,-0.390202,0.876772,0.015864,0.037111,0.311836,0.893995,0.616309,-0.014542,-0.311791,0.934850,0.082389,0.069704,-0.110505,0.125405,0.121079,0.015735,0.178267,0.065462,-0.105237,0.128112,0.085173,-0.185989,-0.424606,0.008346,0.352019,0.557319,-0.010625,0.431073,0.144681,0.035167,0.322814,-0.363864,0.000413,-0.389906,0.016049,0.037466,0.311668,0.616232,-0.014359,-0.311626
384,3.840000,0.005289,0.346556,0.000820,-0.938014,0.126689,0.085344,-0.097282,0.000382,0.080081,0.069780,-0.111061,0.867613,0.123609,0.121074,0.014646,0.913736,0.176619,0.065142,-0.106197,0.950544,0.126448,0.085380,-0.186519,0.923008,0.001489,0.036124,0.000498,-0.999346,0.090991,0.009407,0.119340,0.000521,-0.425442,0.008472,0.352394,0.766215,0.557535,-0.010145,0.430721,0.842770,0.145131,0.034955,0.323095,0.863606,-0.363510,0.000605,-0.390197,0.873968,0.015899,0.037128,0.311832,0.886511,0.616332,-0.014570,-0.311803,0.936582,0.080569,0.069870,-0.111245,0.123546,0.121125,0.014982,0.176425,0.065110,-0.106176,0.126217,0.085272,-0.186691,-0.424599,0.008353,0.352005,0.557389,-0.010609,0.431120,0.144744,0.035185,0.322787,-0.363862,0.000410,-0.389893,0.016087,0.037497,0.311646,0.616236,-0.014397,-0.311645
385,3.850000,0.005290,0.346136,-0.000596,-0.938169,0.124823,0.085497,-0.097909,0.000366,0.078244,0.069796,-0.111629,0.867613,0.121750,0.121328,0.013988,0.913736,0.174798,0.065418,-0.106849,0.950544,0.124501,0.085444,-0.187145,0.923008,0.001473,0.036107,0.000484,-0.999347,0.091024,0.009418,0.119342,0.000518,-0.425400,0.008461,0.352414,0.766215,0.557580,-0.010131,0.430706,0.842770,0.145171,0.034961,0.323095,0.863606,-0.363495,0.000618,-0.390180,0.873968,0.015938,0.037130,0.311837,0.886511,0.616350,-0.014532,-0.311821,0.936582,0.078730,0.069950,-0.111820,0.121761,0.121277,0.014274,0.174516,0.065526,-0.106684,0.124286,0.085234,-0.187405,-0.424584,0.008358,0.352015,0.557500,-0.010608,0.431127,0.144787,0.035168,0.322782,-0.363864,0.000410,-0.389873,0.016096,0.037518,0.311631,0.616248,-0.014344,-0.311650
386,3.860000,0.005399,0.346294,-0.000195,-0.938111,0.122909,0.085481,-0.098670,0.000406,0.076322,0.069820,-0.112408,0.844612,0.119828,0.121307,0.013228,0.914138,0.172871,0.065362,-0.107595,0.913202,0.122617,0.085436,-0.187907,0.911872,0.001474,0.036086,0.000518,-0.999348,0.091069,0.009397,0.119346,0.000541,-0.425346,0.008475,0.352439,0.778467,0.557636,-0.010184,0.430691,0.821475,0.145226,0.034936,0.323098,0.857311,-0.363471,0.000629,-0.390157,0.862523,0.015993,0.037114,0.311844,0.878968,0.616376,-0.014587,-0.311838,0.919620,0.076923,0.069887,-0.112549,0.119782,0.121353,0.013565,0.172530,0.065343,-0.107529,0.122402,0.085340,-0.188168,-0.424579,0.008367,0.352009,0.557704,-0.010706,0.431173,0.144830,0.035182,0.322768,-0.363886,0.000404,-0.389873,0.016141,0.037516,0.311619,0.616231,-0.014385,-0.311634
387,3.870000,0.004888,0.346823,0.000034,-0.937918,0.121133,0.085404,-0.099349,0.000375,0.074560,0.069762,-0.113157,0.844612,0.117927,0.121106,0.012585,0.914138,0.171103,0.065292,-0.108240,0.913202,0.120942,0.085458,-0.188586,0.911872,0.001476,0.036076,0.000517,-0.999348,0.091089,0.009391,0.119357,0.000545,-0.425321,0.008470,0.352461,0.778467,0.557663,-0.010188,0.430693,0.821475,0.145250,0.034931,0.323108,0.857311,-0.363462,0.000620,-0.390136,0.862523,0.016017,0.037109,0.311857,0.878968,0.616387,-0.014595,-0.311837,0.919620,0.075041,0.069868,-0.113344,0.117888,0.121130,0.012924,0.170871,0.065307,-0.108197,0.120731,0.085313,-0.188779,-0.424591,0.008366,0.352023,0.557774,-0.010719,0.431207,0.144864,0.035204,0.322751,-0.363886,0.000394,-0.389855,0.016169,0.037490,0.311635,0.616222,-0.014391,-0.311628
388,3.880000,0.005712,0.347032,-0.000091,-0.937836,0.119278,0.085592,-0.100020,0.000406,0.072706,0.069943,-0.113823,0.885004,0.116034,0.121478,0.011854,0.902884,0.169245,0.065449,-0.108856,0.925963,0.119127,0.085501,-0.189257,0.890544,0.001470,0.036079,0.000518,-0.999348,0.091105,0.009405,0.119357,0.000535,-0.425307,0.008481,0.352457,0.795708,0.557676,-0.010178,0.430695,0.804077,0.145265,0.034943,0.323108,0.853904,-0.363442,0.000640,-0.390140,0.863211,0.016032,0.037120,0.311856,0.884140,0.616406,-0.014577,-0.311835,0.916555,0.073118,0.070012,-0.114016,0.116056,0.121500,0.012242,0.169009,0.065497,-0.108684,0.118930,0.085362,-0.189622,-0.424620,0.008370,0.352028,0.557838,-0.010709,0.431248,0.144895,0.035222,0.322751,-0.363879,0.000419,-0.389896,0.016181,0.037506,0.311646,0.616220,-0.014379,-0.311640
389,3.890000,0.006044,0.347266,0.000901,-0.937747,0.117454,0.085527,-0.100771,0.000386,0.070857,0.069976,-0.114599,0.885004,0.114228,0.121412,0.011104,0.902884,0.167384,0.065280,-0.109582,0.925963,0.117348,0.085442,-0.190008,0.890544,0.001475,0.036059,0.000532,-0.999348,0.091141,0.009393,0.119354,0.000553,-0.425261,0.008486,0.352475,0.795708,0.557724,-0.010200,0.430674,0.804077,0.145309,0.034931,0.323103,0.853904,-0.363428,0.000636,-0.390124,0.863211,0.016076,0.037113,0.311856,0.884140,0.616424,-0.014608,-0.311858,0.916555,0.071369,0.070010,-0.114815,0.114203,0.121479,0.011418,0.167115,0.065248,-0.109523,0.117130,0.085373,-0.190163,-0.424618,0.008372,0.352028,0.558002,-0.010750,0.431270,0.144929,0.035173,0.322757,-0.363875,0.000421,-0.389884,0.016206,0.037540,0.311611,0.616208,-0.014410,-0.311643
390,3.900000,0.005329,0.347394,-0.000930,-0.937704,0.115514,0.085672,-0.101336,0.000338,0.068981,0.069939,-0.115176,0.880712,0.112119,0.121536,0.010541,0.926227,0.165525,0.065622,-0.110136,0.926331,0.115431,0.085592,-0.190573,0.913951,0.001479,0.036049,0.000514,-0.999349,0.091154,0.009402,0.119363,0.000560,-0.425243,0.008478,0.352494,0.801836,0.557745,-0.010173,0.430674,0.776254,0.145326,0.034943,0.323110,0.854935,-0.363423,0.000625,-0.390106,0.862834,0.016093,0.037120,0.311867,0.878925,0.616430,-0.014584,-0.311859,0.909003,0.069401,0.070045,-0.115377,0.112137,0.121520,0.010835,0.165277,0.065700,-0.109996,0.115241,0.085425,-0.190806,-0.424606,0.008355,0.352039,0.558051,-0.010725,0.431308,0.144960,0.035202,0.322742,-0.363880,0.000425,-0.389877,0.016211,0.037529,0.311636,0.616203,-0.014398,-0.311643
391,3.910000,0.005947,0.348261,0.000104,-0.937379,0.113515,0.085651,-0.102074,0.000340,0.066971,0.070021,-0.115994,0.880712,0.109996,0.121572,0.009781,0.926227,0.163495,0.065479,-0.110772,0.926331,0.113598,0.085531,-0.191310,0.913951,0.001469,0.036038,0.000510,-0.999349,0.091179,0.009403,0.119372,0.000554,-0.425213,0.008471,0.352515,0.801836,0.557777,-0.010173,0.430672,0.776254,0.145355,0.034942,0.323119,0.854935,-0.363410,0.000632,-0.390087,0.862834,0.016122,0.037117,0.311878,0.878925,0.616445,-0.014569,-0.311862,0.909003,0.067447,0.070065,-0.116088,0.109945,0.121630,0.010093,0.163215,0.065452,-0.110776,0.113452,0.085456,-0.191525,-0.424598,0.008369,0.352017,0.558122,-0.010684,0.431306,0.145000,0.035204,0.322743,-0.363883,0.000442,-0.389884,0.016261,0.037461,0.311711,0.616188,-0.014391,-0.311638
392,3.920000,0.005844,0.348959,0.000239,-0.937120,0.111669,0.085708,-0.102719,0.000433,0.065144,0.070090,-0.116713,0.863933,0.107990,0.121599,0.009140,0.898735,0.161658,0.065530,-0.111348,0.933224,0.111885,0.085614,-0.191955,0.923848,0.001481,0.036026,0.000495,-0.999350,0.091195,0.009406,0.119373,0.000538,-0.425191,0.008464,0.352528,0.807038,0.557801,-0.010149,0.430661,0.782423,0.145376,0.034951,0.323117,0.862807,-0.363406,0.000608,-0.390075,0.861992,0.016142,0.037123,0.311879,0.898931,0.616452,-0.014562,-0.311875,0.899622,0.065640,0.070112,-0.116935,0.107963,0.121691,0.009534,0.161397,0.065488,-0.111308,0.111677,0.085542,-0.192166,-0.424613,0.008363,0.352027,0.558150,-0.010639,0.431290,0.145061,0.035206,0.322746,-0.363890,0.000425,-0.389882,0.016294,0.037455,0.311708,0.616180,-0.014388,-0.311635
393,3.930000,0.005421,0.349297,0.000129,-0.936996,0.109752,0.085722,-0.103366,0.000386,0.063244,0.070090,-0.117405,0.863933,0.105974,0.121531,0.008516,0.898735,0.159758,0.065575,-0.111974,0.933224,0.110032,0.085692,-0.192603,0.923848,0.001473,0.036014,0.000485,-0.999350,0.091224,0.009403,0.119364,0.000538,-0.425157,0.008446,0.352532,0.807038,0.557838,-0.010147,0.430642,0.782423,0.145409,0.034946,0.323108,0.862807,-0.363389,0.000604,-0.390073,0.861992,0.016174,0.037115,0.311873,0.898931,0.616471,-0.014547,-0.311895,0.899622,0.063705,0.070146,-0.117547,0.105934,0.121592,0.008896,0.159493,0.065566,-0.111969,0.109876,0.085584,-0.192844,-0.424609,0.008357,0.352022,0.558228,-0.010635,0.431270,0.145102,0.035199,0.322736,-0.363895,0.000421,-0.389894,0.016332,0.037429,0.311710,0.616202,-0.014372,-0.311635
394,3.940000,0.005181,0.350061,0.000074,-0.936713,0.107752,0.085800,-0.104122,0.000372,0.061272,0.070161,-0.118243,0.874151,0.103782,0.121562,0.007768,0.911908,0.157777,0.065670,-0.112657,0.919011,0.108178,0.085806,-0.193358,0.926974,0.001481,0.036002,0.000486,-0.999351,0.091248,0.009404,0.119373,0.000531,-0.425127,0.008453,0.352553,0.812837,0.557869,-0.010142,0.430640,0.779862,0.145438,0.034950,0.323115,0.867655,-0.363378,0.000598,-0.390053,0.856508,0.016203,0.037120,0.311883,0.898768,0.616484,-0.014555,-0.311899,0.892474,0.061736,0.070218,-0.118429,0.103784,0.121596,0.008119,0.157460,0.065711,-0.112608,0.108029,0.085675,-0.193572,-0.424607,0.008344,0.352026,0.558281,-0.010630,0.431246,0.145149,0.035204,0.322752,-0.363897,0.000421,-0.389884,0.016372,0.037458,0.311738,0.616205,-0.014389,-0.311617
395,3.950000,0.006140,0.350380,0.000233,-0.936588,0.105844,0.085723,-0.104910,0.000402,0.059359,0.070105,-0.119036,0.874151,0.101832,0.121677,0.006917,0.911908,0.155856,0.065531,-0.113376,0.919011,0.106331,0.085578,-0.194146,0.926974,0.001486,0.035973,0.000481,-0.999352,0.091284,0.009425,0.119363,0.000545,-0.425078,0.008471,0.352573,0.812837,0.557923,-0.010113,0.430603,0.779862,0.145485,0.034974,0.323102,0.867655,-0.363371,0.000609,-0.390036,0.856508,0.016250,0.037142,0.311878,0.898768,0.616495,-0.014533,-0.311939,0.892474,0.059874,0.070165,-0.119164,0.101773,0.121742,0.007285,0.155595,0.065495,-0.113347,0.106135,0.085489,-0.194416,-0.424591,0.008366,0.352030,0.558400,-0.010609,0.431207,0.145180,0.035224,0.322738,-0.363874,0.000435,-0.389866,0.016411,0.037477,0.311751,0.616202,-0.014368,-0.311652
396,3.960000,0.005838,0.350977,0.000161,-0.936366,0.104083,0.085800,-0.105668,0.000334,0.057621,0.070173,-0.119862,0.878652,0.099916,0.121696,0.006172,0.924665,0.154112,0.065630,-0.114081,0.937226,0.104683,0.085702,-0.194903,0.936861,0.001484,0.035962,0.000484,-0.999352,0.091314,0.009417,0.119363,0.000543,-0.425042,0.008466,0.352585,0.818477,0.557960,-0.010126,0.430592,0.770155,0.145520,0.034965,0.323101,0.869742,-0.363352,0.000607,-0.390026,0.858365,0.016285,0.037134,0.311879,0.904204,0.616516,-0.014542,-0.311951,0.889656,0.058095,0.070203,-0.119963,0.099853,0.121768,0.006458,0.153868,0.065570,-0.114082,0.104515,0.085660,-0.195087,-0.424595,0.008357,0.352024,0.558474,-0.010626,0.431167,0.145231,0.035221,0.322751,-0.363867,0.000433,-0.389868,0.016436,0.037474,0.311788,0.616233,-0.014380,-0.311654
397,3.970000,0.005551,0.351840,-0.000221,-0.936044,0.102197,0.085823,-0.106382,0.000384,0.055775,0.070157,-0.120665,0.878652,0.097790,0.121685,0.005460,0.924665,0.152260,0.065701,-0.114708,0.937226,0.102961,0.085748,-0.195616,0.936861,0.001481,0.035941,0.000480,-0.999353,0.091334,0.009423,0.119352,0.000548,-0.425013,0.008466,0.352595,0.818477,0.557993,-0.010118,0.430562,0.770155,0.145548,0.034970,0.323087,0.869742,-0.363353,0.000611,-0.390019,0.858365,0.016312,0.037138,0.311871,0.904204,0.616518,-0.014531,-0.311984,0.889656,0.056227,0.070178,-0.120896,0.097787,0.121752,0.005782,0.152023,0.065680,-0.114611,0.102750,0.085683,-0.195803,-0.424595,0.008358,0.352026,0.558559,-0.010635,0.431100,0.145263,0.035245,0.322753,-0.363864,0.000433,-0.389889,0.016459,0.037471,0.311813,0.616216,-0.014367,-0.311659
398,3.980000,0.005737,0.352892,-0.000106,-0.935646,0.100256,0.085761,-0.107289,0.000452,0.053862,0.070106,-0.121672,0.859233,0.095610,0.121654,0.004533,0.887137,0.150331,0.065620,-0.115497,0.909405,0.101221,0.085662,-0.196521,0.908557,0.001479,0.035923,0.000483,-0.999353,0.091354,0.009413,0.119344,0.000554,-0.424985,0.008457,0.352605,0.827201,0.558024,-0.010132,0.430537,0.762449,0.145575,0.034958,0.323077,0.867757,-0.363352,0.000606,-0.390011,0.860049,0.016339,0.037127,0.311866,0.913283,0.616522,-0.014541,-0.312011,0.876866,0.054394,0.070153,-0.121849,0.095595,0.121719,0.004980,0.149971,0.065640,-0.115464,0.101065,0.085530,-0.196824,-0.424611,0.008353,0.352033,0.558650,-0.010651,0.431029,0.145292,0.035247,0.322736,-0.363874,0.000430,-0.389910,0.016480,0.037444,0.311858,0.616226,-0.014380,-0.311652
399,3.990000,0.004995,0.354686,-0.000700,-0.934972,0.098347,0.085941,-0.108108,0.000326,0.052034,0.070224,-0.122684,0.859233,0.093214,0.121719,0.003730,0.887137,0.148487,0.065892,-0.116144,0.909405,0.099654,0.085930,-0.197335,0.908557,0.001469,0.035903,0.000475,-0.999354,0.091369,0.009409,0.119343,0.000544,-0.424960,0.008440,0.352625,0.827201,0.558052,-0.010134,0.430517,0.762449,0.145598,0.034951,0.323075,0.867757,-0.363357,0.000605,-0.389993,0.860049,0.016361,0.037118,0.311869,0.913283,0.616521,-0.014528,-0.312033,0.876866,0.052455,0.070339,-0.122838,0.093219,0.121696,0.004029,0.148224,0.065977,-0.116029,0.099491,0.085753,-0.197595,-0.424624,0.008341,0.352033,0.558705,-0.010642,0.430945,0.145335,0.035247,0.322778,-0.363865,0.000426,-0.389922,0.016498,0.037422,0.311908,0.616201,-0.014369,-0.311658
400,4.000000,0.005750,0.355985,0.000688,-0.934474,0.096526,0.085846,-0.108981,0.000378,0.050205,0.070267,-0.123679,0.862931,0.091192,0.121689,0.002827,0.910810,0.146625,0.065637,-0.116868,0.930235,0.098082,0.085792,-0.198204,0.940190,0.001470,0.035896,0.000492,-0.999354,0.091401,0.009398,0.119350,0.000607,-0.424925,0.008447,0.352639,0.829359,0.558088,-0.010160,0.430517,0.706526,0.145635,0.034939,0.323081,0.874626,-0.363333,0.000608,-0.389980,0.856834,0.016397,0.037110,0.311876,0.904133,0.616545,-0.014557,-0.312035,0.862284,0.050736,0.070306,-0.123810,0.091106,0.121780,0.003161,0.146362,0.065564,-0.116928,0.097899,0.085735,-0.198347,-0.424625,0.008346,0.352035,0.558915,-0.010798,0.431053,0.145359,0.035233,0.322782,-0.363876,0.000437,-0.389918,0.016563,0.037456,0.311870,0.616201,-0.014386,-0.311641
401,4.010000,0.005599,0.357057,0.001485,-0.934065,0.094771,0.085799,-0.109948,0.000371,0.048463,0.070296,-0.124766,0.862063,0.089229,0.121555,0.001878,0.914959,0.144861,0.065528,-0.117736,0.945341,0.096533,0.085818,-0.199167,0.927338,0.001384,0.035916,0.000398,-0.999354,0.091443,0.009478,0.119339,0.000607,-0.424892,0.008389,0.352607,0.837759,0.558121,-0.010042,0.430521,0.768112,0.145663,0.034995,0.323076,0.887647,-0.363269,0.000685,-0.390011,0.830352,0.016425,0.037143,0.311867,0.867945,0.616609,-0.014304,-0.312028,0.809509,0.048987,0.070399,-0.124905,0.089136,0.121603,0.002202,0.144647,0.065490,-0.117765,0.096315,0.085704,-0.199322,-0.424603,0.008352,0.352027,0.558774,-0.010649,0.430778,0.145374,0.035210,0.322806,-0.363881,0.000420,-0.389888,0.016721,0.037548,0.311700,0.616307,-0.014047,-0.311378
402,4.020000,0.005405,0.358037,0.000447,-0.933692,0.092973,0.085752,-0.110866,0.000321,0.046728,0.070146,-0.125774,0.862063,0.087122,0.121539,0.000934,0.914959,0.143121,0.065582,-0.118542,0.945341,0.094921,0.085740,-0.200081,0.927338,0.001386,0.035886,0.000390,-0.999355,0.091448,0.009487,0.119333,0.000608,-0.424873,0.008391,0.352633,0.837759,0.558145,-0.010024,0.430487,0.768112,0.145680,0.035007,0.323067,0.887647,-0.363294,0.000685,-0.389989,0.830352,0.016442,0.037152,0.311866,0.867945,0.616588,-0.014288,-0.312066,0.809509,0.047169,0.070191,-0.125897,0.087103,0.121571,0.001199,0.142868,0.065581,-0.118449,0.094752,0.085666,-0.200316,-0.424576,0.008342,0.352025,0.558772,-0.010635,0.430689,0.145394,0.035254,0.322806,-0.363891,0.000415,-0.389854,0.016746,0.037557,0.311731,0.616269,-0.014034,-0.311391
403,4.030000,0.005785,0.359385,0.000863,-0.933171,0.091015,0.085726,-0.111857,0.000456,0.044798,0.070162,-0.126893,0.847410,0.084878,0.121566,-0.000089,0.890503,0.141164,0.065502,-0.119379,0.918060,0.093221,0.085675,-0.201066,0.924046,0.001483,0.035822,0.000510,-0.999357,0.091443,0.009415,0.119295,0.000541,-0.424849,0.008490,0.352661,0.823840,0.558175,-0.010153,0.430394,0.803185,0.145707,0.034959,0.323018,0.893157,-0.363366,0.000631,-0.389967,0.858110,0.016468,0.037134,0.311832,0.876438,0.616523,-0.014570,-0.312165,0.838858,0.045384,0.070193,-0.127061,0.084808,0.121670,0.000331,0.140843,0.065444,-0.119410,0.093026,0.085599,-0.201287,-0.424580,0.008345,0.352026,0.558748,-0.010646,0.430614,0.145431,0.035232,0.322840,-0.363885,0.000436,-0.389844,0.016754,0.037534,0.311773,0.616190,-0.014411,-0.311637
404,4.040000,0.005403,0.360549,0.000257,-0.932725,0.089138,0.085842,-0.112819,0.000283,0.042980,0.070216,-0.127974,0.847410,0.082672,0.121643,-0.001058,0.890503,0.139334,0.065690,-0.120222,0.918060,0.091565,0.085818,-0.202023,0.924046,0.001480,0.035807,0.000497,-0.999358,0.091448,0.009430,0.119285,0.000537,-0.424837,0.008490,0.352666,0.823840,0.558190,-0.010128,0.430370,0.803185,0.145718,0.034974,0.323006,0.893157,-0.363376,0.000637,-0.389964,0.858110,0.016479,0.037147,0.311825,0.876438,0.616516,-0.014540,-0.312192,0.838858,0.043432,0.070247,-0.128123,0.082661,0.121670,-0.000871,0.139016,0.065705,-0.120224,0.091441,0.085745,-0.202059,-0.424584,0.008344,0.352031,0.558742,-0.010643,0.430520,0.145460,0.035254,0.322858,-0.363888,0.000427,-0.389847,0.016776,0.037568,0.311771,0.616183,-0.014370,-0.311622
405,4.050000,0.005829,0.361997,0.000856,-0.932161,0.087190,0.085742,-0.113875,0.000320,0.041057,0.070176,-0.129168,0.868132,0.080426,0.121593,-0.002147,0.935969,0.137380,0.065517,-0.121114,0.935271,0.089896,0.085681,-0.203071,0.942767,0.001472,0.035798,0.000502,-0.999358,0.091419,0.009424,0.119321,0.000514,-0.424861,0.008485,0.352711,0.816657,0.558167,-0.010143,0.430396,0.815556,0.145693,0.034965,0.323041,0.895411,-0.363415,0.000642,-0.389920,0.869486,0.016454,0.037138,0.311862,0.891006,0.616478,-0.014543,-0.312167,0.841946,0.041565,0.070228,-0.129302,0.080365,0.121644,-0.001904,0.137124,0.065478,-0.121114,0.089705,0.085617,-0.203181,-0.424597,0.008359,0.352039,0.558715,-0.010637,0.430405,0.145489,0.035289,0.322873,-0.363891,0.000438,-0.389852,0.016601,0.037487,0.312078,0.616198,-0.014391,-0.311621
406,4.060000,0.005375,0.363296,0.000405,-0.931658,0.085155,0.085846,-0.114853,0.000366,0.039084,0.070233,-0.130282,0.868132,0.078039,0.121632,-0.003126,0.935969,0.135390,0.065684,-0.121963,0.935271,0.088109,0.085835,-0.204040,0.942767,0.001466,0.035778,0.000497,-0.999359,0.091414,0.009419,0.119314,0.000499,-0.424857,0.008472,0.352725,0.816657,0.558173,-0.010146,0.430372,0.815556,0.145695,0.034958,0.323033,0.895411,-0.363440,0.000638,-0.389909,0.869486,0.016455,0.037130,0.311859,0.891006,0.616456,-0.014537,-0.312193,0.841946,0.039664,0.070253,-0.130345,0.077925,0.121733,-0.002853,0.135081,0.065580,-0.122083,0.087951,0.085818,-0.204129,-0.424612,0.008354,0.352056,0.558700,-0.010624,0.430309,0.145517,0.035276,0.322914,-0.363894,0.000435,-0.389874,0.016598,0.037463,0.312120,0.616174,-0.014390,-0.311640
407,4.070000,0.005415,0.364515,-0.000931,-0.931181,0.083074,0.085956,-0.115866,0.000311,0.037082,0.070213,-0.131399,0.868890,0.075578,0.121842,-0.004196,0.944817,0.133377,0.065911,-0.122824,0.919563,0.086260,0.085859,-0.205046,0.950672,0.001475,0.035782,0.000492,-0.999358,0.091409,0.009424,0.119298,0.000465,-0.424863,0.008476,0.352705,0.822480,0.558167,-0.010133,0.430358,0.835529,0.145689,0.034966,0.323016,0.919156,-0.363441,0.000630,-0.389928,0.876608,0.016449,0.037137,0.311841,0.876565,0.616455,-0.014536,-0.312207,0.845323,0.037567,0.070211,-0.131599,0.075583,0.121896,-0.003982,0.133063,0.065896,-0.122756,0.086085,0.085822,-0.205129,-0.424625,0.008347,0.352049,0.558609,-0.010606,0.430241,0.145534,0.035241,0.322943,-0.363888,0.000425,-0.389885,0.016620,0.037524,0.312096,0.616206,-0.014390,-0.311659
408,4.080000,0.006433,0.366105,-0.000901,-0.930551,0.081061,0.085745,-0.116994,0.000390,0.035110,0.070009,-0.132654,0.868890,0.073211,0.121846,-0.005418,0.944817,0.131371,0.065648,-0.123742,0.919563,0.084552,0.085478,-0.206162,0.950672,0.001475,0.035767,0.000483,-0.999359,0.091399,0.009436,0.119291,0.000440,-0.424867,0.008478,0.352714,0.822480,0.558166,-0.010111,0.430337,0.835529,0.145684,0.034980,0.323007,0.919156,-0.363467,0.000633,-0.389921,0.876608,0.016444,0.037148,0.311836,0.876565,0.616432,-0.014514,-0.312229,0.845323,0.035627,0.070068,-0.132751,0.073098,0.121939,-0.005049,0.131136,0.065574,-0.123837,0.084382,0.085400,-0.206338,-0.424609,0.008338,0.352054,0.558501,-0.010565,0.430115,0.145563,0.035243,0.322975,-0.363900,0.000436,-0.389883,0.016643,0.037542,0.312129,0.616194,-0.014381,-0.311645
409,4.090000,0.006583,0.367281,-0.001412,-0.930085,0.078950,0.085731,-0.117999,0.000433,0.033052,0.069945,-0.133764,0.866193,0.070787,0.121898,-0.006466,0.888620,0.129294,0.065672,-0.124607,0.929756,0.082666,0.085408,-0.207157,0.929406,0.001472,0.035754,0.000482,-0.999359,0.091397,0.009429,0.119287,0.000427,-0.424863,0.008470,0.352722,0.816811,0.558172,-0.010118,0.430321,0.844891,0.145687,0.034972,0.323002,0.924065,-0.363481,0.000629,-0.389914,0.883068,0.016447,0.037141,0.311834,0.855624,0.616419,-0.014517,-0.312246,0.834992,0.033577,0.069940,-0.133870,0.070675,0.122043,-0.006060,0.129058,0.065543,-0.124688,0.082489,0.085397,-0.207377,-0.424604,0.008335,0.352050,0.558444,-0.010590,0.430023,0.145591,0.035260,0.322982,-0.363897,0.000417,-0.389889,0.016667,0.037529,0.312201,0.616182,-0.014374,-0.311647
410,4.100000,0.006488,0.368085,-0.002480,-0.929766,0.076811,0.085878,-0.118932,0.000427,0.030973,0.069987,-0.134766,0.866193,0.068383,0.122096,-0.007435,0.888620,0.127208,0.065920,-0.125441,0.929756,0.080681,0.085508,-0.208084,0.929406,0.001484,0.035749,0.000491,-0.999360,0.091395,0.009443,0.119283,0.000415,-0.424863,0.008499,0.352724,0.816811,0.558173,-0.010107,0.430313,0.844891,0.145688,0.034989,0.322997,0.924065,-0.363489,0.000639,-0.389913,0.883068,0.016447,0.037160,0.311831,0.855624,0.616412,-0.014524,-0.312255,0.834992,0.031539,0.070074,-0.134885,0.068297,0.122156,-0.007055,0.126944,0.065883,-0.125415,0.080466,0.085399,-0.208371,-0.424593,0.008350,0.352034,0.558348,-0.010592,0.429954,0.145632,0.035275,0.323022,-0.363888,0.000419,-0.389865,0.016676,0.037585,0.312216,0.616192,-0.014380,-0.311665
411,4.110000,0.006349,0.368230,-0.002009,-0.929711,0.074647,0.085932,-0.119854,0.000413,0.028802,0.070086,-0.135712,0.853131,0.066211,0.122089,-0.008338,0.891186,0.125030,0.065939,-0.126359,0.912122,0.078545,0.085613,-0.209005,0.924128,0.001468,0.035743,0.000510,-0.999360,0.091394,0.009429,0.119283,0.000417,-0.424861,0.008496,0.352730,0.804955,0.558174,-0.010149,0.430308,0.834731,0.145690,0.034967,0.322998,0.933346,-0.363496,0.000659,-0.389908,0.883376,0.016449,0.037143,0.311833,0.835998,0.616405,-0.014543,-0.312261,0.834880,0.029379,0.070191,-0.135746,0.066083,0.122154,-0.007927,0.124710,0.065911,-0.126500,0.078417,0.085472,-0.209241,-0.424579,0.008339,0.352020,0.558303,-0.010644,0.429890,0.145675,0.035218,0.323086,-0.363898,0.000427,-0.389858,0.016670,0.037626,0.312217,0.616189,-0.014393,-0.311656
412,4.120000,0.006331,0.368545,-0.003209,-0.929583,0.072459,0.085948,-0.120671,0.000458,0.026660,0.069986,-0.136547,0.853131,0.063867,0.122181,-0.009192,0.891186,0.122891,0.066063,-0.127126,0.912122,0.076417,0.085563,-0.209819,0.924128,0.001467,0.035754,0.000526,-0.999359,0.091372,0.009436,0.119292,0.000435,-0.424888,0.008519,0.352729,0.804955,0.558146,-0.010157,0.430327,0.834731,0.145665,0.034971,0.323008,0.933346,-0.363507,0.000682,-0.389908,0.883376,0.016425,0.037151,0.311841,0.835998,0.616392,-0.014552,-0.312241,0.834880,0.027210,0.069975,-0.136729,0.063796,0.122314,-0.008806,0.122650,0.065948,-0.127090,0.076180,0.085556,-0.210060,-0.424565,0.008360,0.352003,0.558161,-0.010679,0.429873,0.145681,0.035250,0.323088,-0.363895,0.000433,-0.389840,0.016657,0.037640,0.312281,0.616195,-0.014391,-0.311652
413,4.130000,0.006241,0.368646,-0.002563,-0.929546,0.070281,0.085984,-0.121492,0.000439,0.024468,0.070084,-0.137388,0.873817,0.061706,0.122155,-0.009992,0.887457,0.120693,0.066046,-0.127949,0.937757,0.074259,0.085651,-0.210640,0.902445,0.001453,0.035755,0.000517,-0.999359,0.091367,0.009424,0.119300,0.000450,-0.424893,0.008491,0.352735,0.796601,0.558140,-0.010169,0.430334,0.817157,0.145659,0.034955,0.323016,0.919940,-0.363511,0.000675,-0.389902,0.881975,0.016418,0.037133,0.311848,0.818192,0.616388,-0.014542,-0.312234,0.844747,0.024939,0.070168,-0.137547,0.061655,0.122210,-0.009548,0.120446,0.066057,-0.127918,0.074086,0.085501,-0.210956,-0.424572,0.008329,0.352005,0.558094,-0.010707,0.429840,0.145740,0.035231,0.323156,-0.363900,0.000411,-0.389857,0.016633,0.037650,0.312312,0.616208,-0.014373,-0.311664
414,4.140000,0.006998,0.368921,-0.000673,-0.929434,0.068117,0.086062,-0.122257,0.000458,0.022249,0.070348,-0.138182,0.873817,0.059620,0.122269,-0.010763,0.887457,0.118451,0.065918,-0.128683,0.937757,0.072149,0.085711,-0.211402,0.902445,0.001447,0.035774,0.000544,-0.999359,0.091362,0.009427,0.119311,0.000454,-0.424907,0.008518,0.352726,0.796601,0.558123,-0.010195,0.430363,0.817157,0.145648,0.034952,0.323029,0.919940,-0.363497,0.000710,-0.389909,0.881975,0.016408,0.037137,0.311857,0.818192,0.616398,-0.014561,-0.312203,0.844747,0.022806,0.070402,-0.138295,0.059494,0.122387,-0.010314,0.118206,0.065829,-0.128787,0.071963,0.085629,-0.211634,-0.424584,0.008343,0.352008,0.558024,-0.010751,0.429875,0.145783,0.035234,0.323196,-0.363874,0.000438,-0.389881,0.016618,0.037687,0.312325,0.616208,-0.014389,-0.311662
415,4.150000,0.007075,0.369869,-0.001692,-0.929055,0.065819,0.086202,-0.122976,0.000424,0.020013,0.070389,-0.138979,0.858801,0.057029,0.122494,-0.011531,0.903588,0.116203,0.066147,-0.129281,0.930892,0.070032,0.085780,-0.212112,0.909383,0.001435,0.035792,0.000550,-0.999358,0.091326,0.009410,0.119330,0.000462,-0.424952,0.008501,0.352726,0.800970,0.558074,-0.010225,0.430399,0.807872,0.145604,0.034930,0.323051,0.904080,-0.363515,0.000710,-0.389907,0.881301,0.016364,0.037116,0.311874,0.801237,0.616378,-0.014573,-0.312165,0.859872,0.020543,0.070471,-0.139156,0.056980,0.122541,-0.011152,0.115934,0.066148,-0.129220,0.069820,0.085649,-0.212376,-0.424620,0.008333,0.352022,0.557904,-0.010805,0.429924,0.145787,0.035196,0.323257,-0.363885,0.000412,-0.389913,0.016584,0.037704,0.312362,0.616183,-0.014382,-0.311675
416,4.160000,0.007677,0.370036,-0.002255,-0.928983,0.063526,0.086171,-0.123720,0.000586,0.017734,0.070306,-0.139716,0.858801,0.054673,0.122628,-0.012335,0.903588,0.113924,0.066136,-0.129976,0.930892,0.067770,0.085614,-0.212854,0.909383,0.001445,0.035803,0.000556,-0.999358,0.091301,0.009422,0.119350,0.000486,-0.424982,0.008524,0.352735,0.800970,0.558042,-0.010213,0.430429,0.807872,0.145575,0.034945,0.323072,0.904080,-0.363529,0.000719,-0.389896,0.881301,0.016336,0.037133,0.311892,0.801237,0.616362,-0.014576,-0.312133,0.859872,0.018432,0.070319,-0.139830,0.054503,0.122822,-0.011757,0.113609,0.065971,-0.130136,0.067558,0.085571,-0.213158,-0.424624,0.008348,0.352039,0.557781,-0.010772,0.429959,0.145826,0.035230,0.323280,-0.363904,0.000436,-0.389916,0.016544,0.037688,0.312408,0.616181,-0.014401,-0.311673
417,4.170000,0.007799,0.371110,-0.001864,-0.928554,0.061229,0.086357,-0.124324,0.000593,0.015463,0.070530,-0.140426,0.848182,0.052148,0.122815,-0.012957,0.834321,0.111626,0.066283,-0.130464,0.928955,0.065681,0.085802,-0.213448,0.907346,0.001428,0.035823,0.000574,-0.999357,0.091302,0.009408,0.119379,0.000482,-0.424990,0.008520,0.352744,0.797755,0.558031,-0.010253,0.430477,0.804961,0.145569,0.034922,0.323105,0.885559,-0.363508,0.000737,-0.389885,0.876527,0.016330,0.037115,0.311919,0.803329,0.616379,-0.014593,-0.312084,0.880103,0.016036,0.070555,-0.140625,0.052006,0.123002,-0.012337,0.111410,0.066152,-0.130595,0.065465,0.085720,-0.213738,-0.424610,0.008353,0.352049,0.557736,-0.010844,0.430061,0.145839,0.035198,0.323350,-0.363893,0.000428,-0.389905,0.016531,0.037705,0.312399,0.616209,-0.014394,-0.311682
418,4.180000,0.006794,0.372000,-0.003035,-0.928203,0.058954,0.086394,-0.124784,0.000492,0.013265,0.070449,-0.140989,0.848182,0.049555,0.122714,-0.013399,0.834321,0.109421,0.066474,-0.130849,0.928955,0.063575,0.085941,-0.213900,0.907346,0.001430,0.035834,0.000574,-0.999357,0.091257,0.009407,0.119401,0.000520,-0.425040,0.008520,0.352754,0.797755,0.557979,-0.010254,0.430509,0.804961,0.145520,0.034921,0.323127,0.885559,-0.363541,0.000734,-0.389873,0.876527,0.016281,0.037114,0.311939,0.803329,0.616344,-0.014597,-0.312050,0.880103,0.013772,0.070541,-0.141195,0.049516,0.122768,-0.012902,0.109147,0.066505,-0.130784,0.063381,0.085763,-0.214256,-0.424612,0.008360,0.352030,0.557599,-0.010829,0.430098,0.145860,0.035196,0.323400,-0.363903,0.000427,-0.389902,0.016452,0.037678,0.312452,0.616156,-0.014397,-0.311689
419,4.190000,0.006787,0.372592,-0.002114,-0.927968,0.056664,0.086337,-0.125282,0.000479,0.010969,0.070480,-0.141556,0.825635,0.047183,0.122595,-0.013883,0.880691,0.107105,0.066335,-0.131296,0.895370,0.061399,0.085938,-0.214392,0.926016,0.001323,0.035919,0.000458,-0.999354,0.091273,0.009471,0.119491,0.000599,-0.425064,0.008412,0.352756,0.780570,0.557947,-0.010142,0.430675,0.762758,0.145495,0.034957,0.323232,0.876155,-0.363436,0.000795,-0.389862,0.850963,0.016258,0.037121,0.312022,0.807866,0.616440,-0.014317,-0.311875,0.849174,0.011662,0.070529,-0.141616,0.047039,0.122716,-0.013444,0.106725,0.066239,-0.131443,0.061230,0.085864,-0.214623,-0.424590,0.008367,0.352019,0.557522,-0.010830,0.430179,0.145880,0.035136,0.323488,-0.363898,0.000420,-0.389892,0.016443,0.037715,0.312475,0.616272,-0.014023,-0.311376
420,4.200000,0.006667,0.373282,-0.002620,-0.927690,0.054371,0.086475,-0.125754,0.000539,0.008716,0.070568,-0.142094,0.825635,0.044688,0.122740,-0.014375,0.880691,0.104842,0.066525,-0.131691,0.895370,0.059238,0.086068,-0.214857,0.926016,0.001442,0.035873,0.000573,-0.999355,0.091226,0.009411,0.119470,0.000573,-0.425090,0.008529,0.352783,0.780570,0.557924,-0.010241,0.430614,0.762758,0.145472,0.034931,0.323200,0.876155,-0.363533,0.000726,-0.389840,0.850963,0.016235,0.037124,0.312001,0.807866,0.616346,-0.014601,-0.311940,0.849174,0.009321,0.070625,-0.142276,0.044621,0.122839,-0.013829,0.104477,0.066516,-0.131711,0.059065,0.085920,-0.215202,-0.424577,0.008338,0.352018,0.557394,-0.010789,0.430255,0.145912,0.035120,0.323586,-0.363901,0.000437,-0.389869,0.016386,0.037756,0.312443,0.616160,-0.014415,-0.311666
421,4.210000,0.007472,0.374216,-0.000579,-0.927311,0.052133,0.086353,-0.126142,0.000572,0.006443,0.070646,-0.142576,0.826871,0.042380,0.122657,-0.014782,0.842830,0.102528,0.066182,-0.131975,0.908046,0.057181,0.085926,-0.215235,0.893202,0.001438,0.035883,0.000578,-0.999355,0.091221,0.009419,0.119516,0.000556,-0.425099,0.008540,0.352819,0.754532,0.557913,-0.010241,0.430670,0.802066,0.145464,0.034936,0.323248,0.834212,-0.363528,0.000743,-0.389802,0.878397,0.016227,0.037130,0.312047,0.803486,0.616350,-0.014595,-0.311883,0.914369,0.007133,0.070681,-0.142620,0.042184,0.122837,-0.014212,0.102239,0.066014,-0.132129,0.056975,0.085880,-0.215606,-0.424585,0.008350,0.352005,0.557403,-0.010774,0.430382,0.145931,0.035097,0.323691,-0.363909,0.000442,-0.389829,0.016364,0.037784,0.312461,0.616162,-0.014401,-0.311673
422,4.220000,0.006740,0.374614,-0.002338,-0.927153,0.049943,0.086525,-0.126510,0.000516,0.004326,0.070644,-0.142982,0.826871,0.039959,0.122787,-0.015156,0.842830,0.100419,0.066547,-0.132302,0.908046,0.055066,0.086121,-0.215598,0.893202,0.001440,0.035909,0.000578,-0.999354,0.091203,0.009415,0.119560,0.000549,-0.425129,0.008537,0.352836,0.754532,0.557878,-0.010244,0.430738,0.802066,0.145435,0.034933,0.323294,0.834212,-0.363519,0.000737,-0.389783,0.878397,0.016199,0.037127,0.312086,0.803486,0.616355,-0.014601,-0.311812,0.914369,0.004912,0.070709,-0.143091,0.039855,0.122888,-0.014644,0.100130,0.066494,-0.132306,0.054873,0.086008,-0.215998,-0.424578,0.008369,0.352007,0.557361,-0.010771,0.430552,0.145937,0.035076,0.323725,-0.363925,0.000430,-0.389821,0.016312,0.037765,0.312483,0.616161,-0.014395,-0.311660
423,4.230000,0.007781,0.375935,-0.002391,-0.926610,0.047617,0.086617,-0.126885,0.000681,0.002038,0.070734,-0.143456,0.797414,0.037339,0.123105,-0.015632,0.816364,0.098097,0.066594,-0.132494,0.878997,0.052995,0.086034,-0.215958,0.895481,0.001446,0.035925,0.000574,-0.999353,0.091194,0.009408,0.119594,0.000539,-0.425146,0.008529,0.352853,0.744418,0.557859,-0.010243,0.430787,0.815497,0.145419,0.034929,0.323329,0.821216,-0.363512,0.000720,-0.389763,0.872388,0.016183,0.037122,0.312118,0.816189,0.616359,-0.014609,-0.311761,0.926929,0.002834,0.070651,-0.143578,0.037138,0.123395,-0.014988,0.097743,0.066321,-0.132679,0.052757,0.086099,-0.216295,-0.424578,0.008367,0.352019,0.557340,-0.010754,0.430667,0.145937,0.035061,0.323803,-0.363920,0.000419,-0.389817,0.016272,0.037747,0.312494,0.616163,-0.014408,-0.311681
424,4.240000,0.007022,0.377024,-0.002821,-0.926173,0.045321,0.086654,-0.127218,0.000509,-0.000198,0.070727,-0.143913,0.797414,0.034733,0.123008,-0.015950,0.816364,0.095841,0.066708,-0.132730,0.878997,0.050908,0.086176,-0.216278,0.895481,0.001311,0.036017,0.000461,-0.999350,0.091203,0.009456,0.119683,0.000576,-0.425179,0.008394,0.352847,0.744418,0.557816,-0.010167,0.430956,0.815497,0.145385,0.034936,0.323435,0.821216,-0.363407,0.000794,-0.389760,0.872388,0.016150,0.037101,0.312200,0.816189,0.616453,-0.014324,-0.311582,0.926929,0.000435,0.070811,-0.144041,0.034613,0.123102,-0.015475,0.095556,0.066646,-0.132750,0.050680,0.086059,-0.216605,-0.424608,0.008355,0.352030,0.557318,-0.010727,0.430775,0.145963,0.035069,0.323869,-0.363879,0.000422,-0.389861,0.016214,0.037659,0.312603,0.616258,-0.014048,-0.311387
425,4.250000,0.007350,0.377490,-0.001610,-0.925983,0.043056,0.086601,-0.127471,0.000572,-0.002485,0.070791,-0.144218,0.815890,0.032443,0.122947,-0.016204,0.856198,0.093532,0.066531,-0.132938,0.913820,0.048733,0.086135,-0.216526,0.891340,0.001441,0.035978,0.000558,-0.999351,0.091179,0.009408,0.119658,0.000526,-0.425185,0.008510,0.352863,0.745037,0.557812,-0.010231,0.430901,0.832193,0.145382,0.034929,0.323400,0.804380,-0.363473,0.000709,-0.389746,0.873951,0.016147,0.037117,0.312175,0.824735,0.616391,-0.014589,-0.311641,0.925601,-0.001760,0.070856,-0.144324,0.032278,0.123089,-0.015671,0.093219,0.066408,-0.133017,0.048484,0.086052,-0.216873,-0.424630,0.008350,0.352023,0.557322,-0.010690,0.430904,0.145949,0.035076,0.323919,-0.363876,0.000437,-0.389877,0.016207,0.037674,0.312596,0.616153,-0.014416,-0.311691
426,4.260000,0.007433,0.377855,-0.002233,-0.925832,0.040884,0.086725,-0.127726,0.000563,-0.004627,0.070855,-0.144498,0.841925,0.030145,0.123129,-0.016489,0.851916,0.091386,0.066706,-0.133141,0.899628,0.046631,0.086210,-0.216776,0.852595,0.001441,0.035988,0.000529,-0.999351,0.091186,0.009409,0.119689,0.000542,-0.425183,0.008482,0.352883,0.741572,0.557814,-0.010202,0.430940,0.847525,0.145384,0.034934,0.323431,0.802355,-0.363455,0.000684,-0.389725,0.869523,0.016149,0.037115,0.312203,0.834804,0.616408,-0.014558,-0.311601,0.924782,-0.003998,0.070894,-0.144557,0.030061,0.123233,-0.015912,0.090988,0.066679,-0.133099,0.046485,0.086094,-0.217335,-0.424615,0.008359,0.352028,0.557377,-0.010623,0.430997,0.145942,0.035040,0.323980,-0.363879,0.000419,-0.389875,0.016170,0.037635,0.312611,0.616178,-0.014387,-0.311693
427,4.270000,0.007683,0.378263,-0.002109,-0.925664,0.038519,0.086680,-0.127941,0.000533,-0.006983,0.070822,-0.144747,0.841925,0.027696,0.123129,-0.016727,0.851916,0.089018,0.066638,-0.133303,0.899628,0.044345,0.086129,-0.216985,0.852595,0.001437,0.035988,0.000515,-0.999351,0.091200,0.009412,0.119730,0.000569,-0.425169,0.008468,0.352924,0.741572,0.557828,-0.010188,0.430982,0.847525,0.145396,0.034937,0.323473,0.802355,-0.363440,0.000677,-0.389684,0.869523,0.016161,0.037114,0.312245,0.834804,0.616423,-0.014537,-0.311558,0.924782,-0.006318,0.070874,-0.144792,0.027542,0.123267,-0.016166,0.088633,0.066562,-0.133484,0.044218,0.086016,-0.217321,-0.424582,0.008339,0.352007,0.557465,-0.010574,0.431110,0.145934,0.035066,0.324048,-0.363866,0.000438,-0.389851,0.016127,0.037577,0.312677,0.616194,-0.014390,-0.311723
428,4.280000,0.008497,0.379352,-0.001354,-0.925212,0.036214,0.086725,-0.128100,0.000590,-0.009280,0.070942,-0.144999,0.827607,0.025201,0.123301,-0.016946,0.835643,0.086685,0.066578,-0.133324,0.908146,0.042250,0.086079,-0.217130,0.892375,0.001407,0.035962,0.000543,-0.999352,0.091239,0.009392,0.119773,0.000551,-0.425118,0.008461,0.352993,0.715454,0.557883,-0.010252,0.431000,0.874633,0.145448,0.034901,0.323514,0.804628,-0.363428,0.000713,-0.389619,0.856842,0.016212,0.037086,0.312293,0.835212,0.616439,-0.014559,-0.311545,0.916297,-0.008593,0.070975,-0.145047,0.024992,0.123494,-0.016353,0.086412,0.066400,-0.133493,0.042045,0.086032,-0.217505,-0.424578,0.008343,0.351998,0.557739,-0.010697,0.431182,0.145937,0.035085,0.324095,-0.363892,0.000447,-0.389823,0.016107,0.037546,0.312753,0.616199,-0.014391,-0.311708
429,4.290000,0.007627,0.380101,-0.003037,-0.924908,0.034034,0.086823,-0.128145,0.000534,-0.011373,0.070874,-0.145122,0.827607,0.022706,0.123320,-0.016997,0.835643,0.084589,0.066869,-0.133295,0.908146,0.040213,0.086230,-0.217165,0.892375,0.001405,0.035946,0.000539,-0.999353,0.091241,0.009386,0.119805,0.000564,-0.425109,0.008451,0.353043,0.715454,0.557895,-0.010256,0.431016,0.874633,0.145456,0.034895,0.323545,0.804628,-0.363443,0.000706,-0.389571,0.856842,0.016220,0.037079,0.312328,0.835212,0.616426,-0.014558,-0.311530,0.916297,-0.010786,0.070927,-0.145295,0.022626,0.123421,-0.016489,0.084305,0.066825,-0.133241,0.039990,0.086120,-0.217552,-0.424579,0.008335,0.351998,0.557845,-0.010694,0.431221,0.145928,0.035121,0.324144,-0.363896,0.000451,-0.389788,0.016062,0.037487,0.312800,0.616168,-0.014401,-0.311708
430,4.300000,0.007877,0.381145,-0.001776,-0.924480,0.031815,0.086740,-0.128195,0.000571,-0.013593,0.070913,-0.145283,0.822119,0.020325,0.123210,-0.017055,0.854855,0.082332,0.066662,-0.133240,0.902676,0.038195,0.086175,-0.217202,0.906957,0.001413,0.035918,0.000552,-0.999354,0.091259,0.009381,0.119836,0.000575,-0.425077,0.008464,0.353102,0.699992,0.557930,-0.010268,0.431021,0.871807,0.145486,0.034892,0.323572,0.799294,-0.363453,0.000705,-0.389515,0.861399,0.016250,0.037079,0.312362,0.844109,0.616420,-0.014584,-0.311528,0.905491,-0.012893,0.070900,-0.145409,0.020181,0.123395,-0.016524,0.081987,0.066511,-0.133340,0.037984,0.086154,-0.217507,-0.424581,0.008353,0.352015,0.558019,-0.010701,0.431281,0.145893,0.035112,0.324228,-0.363899,0.000455,-0.389731,0.016049,0.037483,0.312793,0.616156,-0.014432,-0.311752
431,4.310000,0.006875,0.382092,-0.002127,-0.924096,0.029672,0.086866,-0.128223,0.000498,-0.015679,0.071002,-0.145429,0.822119,0.017904,0.123144,-0.017049,0.854855,0.080227,0.066869,-0.133197,0.902676,0.036234,0.086452,-0.217217,0.906957,0.001391,0.035929,0.000519,-0.999353,0.091279,0.009379,0.119883,0.000572,-0.425062,0.008417,0.353138,0.699992,0.557945,-0.010251,0.431078,0.871807,0.145500,0.034885,0.323622,0.799294,-0.363421,0.000693,-0.389478,0.861399,0.016264,0.037064,0.312409,0.844109,0.616451,-0.014533,-0.311470,0.905491,-0.015045,0.071104,-0.145556,0.017800,0.123209,-0.016589,0.079918,0.066846,-0.133183,0.036013,0.086306,-0.217564,-0.424588,0.008346,0.352021,0.558125,-0.010649,0.431314,0.145850,0.035099,0.324279,-0.363839,0.000455,-0.389713,0.016033,0.037402,0.312901,0.616177,-0.014390,-0.311696
432,4.320000,0.007102,0.382461,-0.003014,-0.923939,0.027421,0.086950,-0.128318,0.000464,-0.017892,0.070999,-0.145542,0.846325,0.015512,0.123332,-0.017194,0.887713,0.078010,0.067021,-0.133231,0.939846,0.034054,0.086447,-0.217307,0.900154,0.001269,0.035977,0.000608,-0.999352,0.091373,0.009454,0.119884,0.000527,-0.424992,0.008520,0.353089,0.713588,0.558004,-0.010334,0.431119,0.885094,0.145578,0.034899,0.323634,0.808506,-0.363280,0.000973,-0.389524,0.930084,0.016343,0.037103,0.312410,0.833133,0.616582,-0.014438,-0.311424,0.879673,-0.017313,0.071135,-0.145698,0.015405,0.123378,-0.016760,0.077770,0.067015,-0.133234,0.033823,0.086271,-0.217581,-0.424586,0.008360,0.352029,0.558314,-0.010632,0.431281,0.145805,0.035125,0.324330,-0.363452,0.000829,-0.389691,0.016019,0.037409,0.312907,0.616193,-0.014390,-0.311704
433,4.330000,0.007111,0.383797,-0.003185,-0.923384,0.025076,0.086881,-0.128366,0.000458,-0.020182,0.070913,-0.145718,0.846325,0.012833,0.123275,-0.017281,0.887713,0.075685,0.066968,-0.133129,0.939846,0.031967,0.086367,-0.217334,0.900154,0.001257,0.035958,0.000610,-0.999352,0.091386,0.009456,0.119899,0.000564,-0.424969,0.008518,0.353124,0.713588,0.558030,-0.010341,0.431116,0.885094,0.145600,0.034896,0.323648,0.808506,-0.363286,0.000987,-0.389491,0.930084,0.016364,0.037101,0.312428,0.833133,0.616579,-0.014429,-0.311430,0.879673,-0.019657,0.070988,-0.145809,0.012746,0.123346,-0.016810,0.075382,0.066964,-0.133152,0.031832,0.086225,-0.217691,-0.424602,0.008347,0.352026,0.558455,-0.010607,0.431196,0.145755,0.035147,0.324401,-0.363383,0.000872,-0.389644,0.015969,0.037360,0.312951,0.616181,-0.014411,-0.311702
434,4.340000,0.006970,0.384343,-0.003143,-0.923158,0.022786,0.086991,-0.128422,0.000435,-0.022451,0.071027,-0.145833,0.863371,0.010410,0.123353,-0.017341,0.897855,0.073402,0.067082,-0.133131,0.920759,0.029782,0.086504,-0.217383,0.884358,0.001217,0.035953,0.000622,-0.999353,0.091423,0.009447,0.119904,0.000584,-0.424930,0.008501,0.353134,0.711637,0.558070,-0.010384,0.431114,0.854934,0.145639,0.034870,0.323654,0.784050,-0.363255,0.001030,-0.389482,0.956776,0.016404,0.037078,0.312436,0.811090,0.616611,-0.014412,-0.311433,0.873642,-0.021920,0.071111,-0.145933,0.010356,0.123388,-0.016938,0.073102,0.067098,-0.133029,0.029605,0.086368,-0.217788,-0.424611,0.008348,0.352036,0.558593,-0.010633,0.431087,0.145707,0.035151,0.324469,-0.363237,0.000924,-0.389618,0.015957,0.037290,0.313008,0.616179,-0.014411,-0.311696
435,4.350000,0.006988,0.385390,-0.003157,-0.922722,0.020309,0.086972,-0.128503,0.000412,-0.024888,0.071005,-0.146016,0.863371,0.007681,0.123338,-0.017453,0.897855,0.070936,0.067064,-0.133097,0.920759,0.027507,0.086481,-0.217448,0.884358,0.001202,0.035922,0.000621,-0.999354,0.091437,0.009440,0.119906,0.000602,-0.424901,0.008486,0.353168,0.711637,0.558103,-0.010399,0.431086,0.854934,0.145665,0.034857,0.323653,0.784050,-0.363273,0.001037,-0.389452,0.956776,0.016429,0.037065,0.312443,0.811090,0.616598,-0.014406,-0.311464,0.873642,-0.024383,0.071119,-0.146148,0.007612,0.123365,-0.017062,0.070682,0.067089,-0.133060,0.027325,0.086314,-0.217743,-0.424600,0.008347,0.352027,0.558715,-0.010645,0.430960,0.145635,0.035138,0.324522,-0.363204,0.000931,-0.389556,0.015941,0.037265,0.313023,0.616181,-0.014406,-0.311684
436,4.360000,0.007632,0.386363,-0.000730,-0.922315,0.018011,0.086966,-0.128687,0.000495,-0.027227,0.071236,-0.146307,0.819514,0.005325,0.123319,-0.017639,0.876601,0.068548,0.066811,-0.133185,0.914092,0.025397,0.086500,-0.217616,0.910430,0.001159,0.035939,0.000652,-0.999353,0.091475,0.009409,0.119911,0.000680,-0.424871,0.008464,0.353155,0.709384,0.558129,-0.010485,0.431106,0.780858,0.145698,0.034805,0.323663,0.760919,-0.363217,0.001077,-0.389464,0.944955,0.016463,0.037021,0.312449,0.786539,0.616650,-0.014429,-0.311443,0.866817,-0.026514,0.071338,-0.146364,0.005139,0.123424,-0.017193,0.068247,0.066711,-0.133318,0.025171,0.086392,-0.217872,-0.424599,0.008367,0.352029,0.558934,-0.010819,0.431011,0.145590,0.035166,0.324542,-0.363091,0.000932,-0.389571,0.015884,0.037207,0.313048,0.616181,-0.014396,-0.311694
437,4.370000,0.007467,0.387358,-0.001408,-0.921898,0.015680,0.087010,-0.128712,0.000465,-0.029498,0.071213,-0.146426,0.819514,0.002705,0.123370,-0.017700,0.876601,0.066255,0.066924,-0.133098,0.914092,0.023258,0.086534,-0.217625,0.910430,0.001211,0.035905,0.000599,-0.999354,0.091446,0.009430,0.119839,0.000640,-0.424885,0.008458,0.353118,0.709384,0.558123,-0.010383,0.431004,0.780858,0.145680,0.034853,0.323584,0.760919,-0.363280,0.000996,-0.389504,0.944955,0.016444,0.037055,0.312378,0.786539,0.616594,-0.014402,-0.311548,0.866817,-0.028899,0.071292,-0.146554,0.002607,0.123443,-0.017272,0.065952,0.066898,-0.133110,0.023061,0.086408,-0.217914,-0.424601,0.008352,0.352031,0.558802,-0.010628,0.430670,0.145537,0.035180,0.324586,-0.363086,0.000884,-0.389582,0.015869,0.037223,0.313000,0.616163,-0.014407,-0.311695
438,4.380000,0.008005,0.388280,-0.001573,-0.921505,0.013183,0.087112,-0.128848,0.000447,-0.031960,0.071299,-0.146635,0.823827,-0.000011,0.123598,-0.017903,0.892548,0.063765,0.067016,-0.133110,0.926036,0.020939,0.086536,-0.217746,0.896684,0.001210,0.035909,0.000585,-0.999354,0.091432,0.009416,0.119817,0.000631,-0.424901,0.008429,0.353092,0.724029,0.558107,-0.010384,0.430986,0.797219,0.145663,0.034841,0.323563,0.717078,-0.363290,0.000971,-0.389530,0.927202,0.016427,0.037039,0.312356,0.776002,0.616583,-0.014400,-0.311566,0.890507,-0.031275,0.071462,-0.146659,-0.000182,0.123638,-0.017511,0.063479,0.066976,-0.133174,0.020711,0.086374,-0.218050,-0.424605,0.008332,0.352033,0.558734,-0.010649,0.430545,0.145474,0.035211,0.324615,-0.363031,0.000845,-0.389575,0.015843,0.037200,0.313016,0.616166,-0.014401,-0.311698
439,4.390000,0.008251,0.388792,-0.001366,-0.921288,0.010732,0.087078,-0.129077,0.000465,-0.034401,0.071285,-0.146909,0.823827,-0.002566,0.123604,-0.018157,0.892548,0.061307,0.066952,-0.133276,0.926036,0.018587,0.086471,-0.217965,0.896684,0.001252,0.035899,0.000559,-0.999354,0.091410,0.009407,0.119783,0.000639,-0.424918,0.008416,0.353069,0.724029,0.558092,-0.010344,0.430945,0.797219,0.145645,0.034852,0.323526,0.717078,-0.363322,0.000897,-0.389553,0.927202,0.016408,0.037044,0.312322,0.776002,0.616554,-0.014420,-0.311608,0.890507,-0.033717,0.071384,-0.146870,-0.002801,0.123729,-0.017728,0.061057,0.066803,-0.133475,0.018389,0.086397,-0.218234,-0.424601,0.008347,0.352038,0.558683,-0.010626,0.430404,0.145426,0.035225,0.324640,-0.363062,0.000755,-0.389583,0.015824,0.037204,0.312991,0.616178,-0.014406,-0.311711
440,4.400000,0.008147,0.388638,-0.002146,-0.921352,0.008407,0.087196,-0.129119,0.000428,-0.036708,0.071327,-0.146930,0.839907,-0.004907,0.123747,-0.018210,0.899234,0.059011,0.067145,-0.133328,0.937756,0.016232,0.086564,-0.218010,0.879111,0.001882,0.035558,0.000018,-0.999366,0.091181,0.009111,0.119998,0.000659,-0.424986,0.007887,0.353639,0.572027,0.558096,-0.009754,0.430866,0.714382,0.145529,0.034876,0.323671,0.731405,-0.363889,-0.000531,-0.389015,0.871774,0.016282,0.036919,0.312552,0.827455,0.616055,-0.014733,-0.311721,0.911814,-0.036095,0.071511,-0.146965,-0.005044,0.123750,-0.017831,0.058765,0.067149,-0.133291,0.016002,0.086373,-0.218391,-0.424599,0.008357,0.352039,0.558588,-0.010610,0.430291,0.145367,0.035208,0.324679,-0.364083,-0.000978,-0.388852,0.015808,0.037195,0.312971,0.616199,-0.014412,-0.311699
441,4.410000,0.007393,0.388689,-0.003618,-0.921332,0.006022,0.087124,-0.129301,0.000496,-0.039039,0.071111,-0.147119,0.839907,-0.007422,0.123604,-0.018384,0.899234,0.056692,0.067241,-0.133510,0.937756,0.013856,0.086540,-0.218191,0.879111,0.001962,0.035591,0.000055,-0.999365,0.091216,0.009176,0.119828,0.000559,-0.424967,0.008031,0.353434,0.572027,0.558109,-0.009676,0.430728,0.714382,0.145552,0.034969,0.323499,0.731405,-0.363822,-0.000510,-0.389214,0.871774,0.016306,0.037021,0.312372,0.827455,0.616116,-0.014778,-0.311854,0.911814,-0.038410,0.071104,-0.147291,-0.007478,0.123721,-0.017943,0.056300,0.067193,-0.133497,0.013675,0.086478,-0.218472,-0.424595,0.008350,0.352029,0.558437,-0.010574,0.430150,0.145326,0.035225,0.324685,-0.364040,-0.000984,-0.388899,0.016088,0.037465,0.312457,0.616184,-0.014403,-0.311715
442,4.420000,0.007859,0.389198,-0.001263,-0.921120,0.003523,0.087240,-0.129310,0.000434,-0.041592,0.071456,-0.147195,0.834604,-0.009876,0.123675,-0.018373,0.893222,0.054105,0.067123,-0.133481,0.919785,0.011456,0.086705,-0.218192,0.889980,0.001362,0.035991,0.000517,-0.999351,0.091443,0.009417,0.119552,0.000567,-0.424928,0.008438,0.352743,0.801290,0.558069,-0.010229,0.430804,0.773573,0.145638,0.034912,0.323299,0.630911,-0.363195,0.000758,-0.389866,0.871929,0.016403,0.037091,0.312070,0.850983,0.616668,-0.014466,-0.311738,0.876791,-0.040967,0.071655,-0.147279,-0.009991,0.123663,-0.017962,0.053791,0.067186,-0.133502,0.011260,0.086456,-0.218497,-0.424591,0.008346,0.352029,0.558367,-0.010633,0.430050,0.145266,0.035235,0.324690,-0.362731,0.000556,-0.389784,0.016074,0.037463,0.312399,0.616181,-0.014392,-0.311717
443,4.430000,0.007966,0.389173,-0.002092,-0.921128,0.000991,0.087170,-0.129487,0.000539,-0.044102,0.071306,-0.147356,0.834604,-0.012453,0.123680,-0.018580,0.893222,0.051602,0.067123,-0.133645,0.919785,0.008920,0.086572,-0.218369,0.889980,0.002080,0.035612,-0.000104,-0.999364,0.091156,0.009099,0.119879,0.000610,-0.425035,0.007851,0.353464,0.801290,0.558042,-0.009533,0.430804,0.773573,0.145476,0.034959,0.323546,0.630911,-0.363857,-0.000854,-0.389180,0.871929,0.016230,0.036968,0.312413,0.850983,0.616082,-0.014799,-0.311774,0.876791,-0.043466,0.071343,-0.147574,-0.012511,0.123778,-0.018079,0.051230,0.067111,-0.133615,0.008713,0.086448,-0.218681,-0.424604,0.008349,0.352024,0.558231,-0.010651,0.429963,0.145214,0.035247,0.324699,-0.363933,-0.001320,-0.388767,0.015982,0.037315,0.312601,0.616186,-0.014405,-0.311709
444,4.440000,0.008325,0.389188,-0.001478,-0.921120,-0.001523,0.087301,-0.129539,0.000517,-0.046638,0.071497,-0.147407,0.834648,-0.014921,0.123850,-0.018639,0.868604,0.049059,0.067182,-0.133690,0.900438,0.006409,0.086675,-0.218420,0.865962,0.001335,0.036056,0.000506,-0.999349,0.091337,0.009388,0.119578,0.000663,-0.425064,0.008384,0.352702,0.794310,0.557923,-0.010264,0.430889,0.723546,0.145505,0.034872,0.323333,0.637276,-0.363234,0.000745,-0.389900,0.858713,0.016272,0.037049,0.312088,0.780604,0.616619,-0.014460,-0.311645,0.886190,-0.045979,0.071562,-0.147412,-0.015039,0.123934,-0.018134,0.048662,0.067150,-0.133687,0.006265,0.086558,-0.218923,-0.424598,0.008343,0.352025,0.558155,-0.010687,0.429894,0.145158,0.035245,0.324692,-0.362704,0.000550,-0.389923,0.015761,0.037326,0.312746,0.616173,-0.014396,-0.311716
445,4.450000,0.007846,0.388726,-0.001255,-0.921319,-0.004155,0.087380,-0.129583,0.000469,-0.049288,0.071597,-0.147423,0.834648,-0.017440,0.123812,-0.018631,0.868604,0.046422,0.067263,-0.133807,0.900438,0.003687,0.086848,-0.218473,0.865962,0.001337,0.036084,0.000517,-0.999348,0.091311,0.009397,0.119559,0.000653,-0.425103,0.008406,0.352654,0.794310,0.557880,-0.010264,0.430897,0.723546,0.145468,0.034881,0.323317,0.637276,-0.363231,0.000763,-0.389944,0.858713,0.016236,0.037061,0.312065,0.780604,0.616617,-0.014464,-0.311634,0.886190,-0.048624,0.071704,-0.147432,-0.017585,0.123881,-0.018171,0.046045,0.067240,-0.133915,0.003546,0.086696,-0.218817,-0.424619,0.008355,0.352040,0.558045,-0.010735,0.429880,0.145110,0.035266,0.324705,-0.362688,0.000554,-0.389996,0.015774,0.037377,0.312681,0.616160,-0.014387,-0.311697
446,4.460000,0.007918,0.388499,-0.001582,-0.921414,-0.006698,0.087332,-0.129722,0.000501,-0.051832,0.071517,-0.147533,0.808492,-0.019948,0.123799,-0.018778,0.873847,0.043887,0.067241,-0.133963,0.898635,0.001100,0.086769,-0.218616,0.874634,0.001324,0.036096,0.000545,-0.999347,0.091277,0.009386,0.119559,0.000652,-0.425142,0.008415,0.352642,0.799021,0.557837,-0.010309,0.430907,0.730818,0.145431,0.034861,0.323319,0.627352,-0.363254,0.000790,-0.389955,0.860727,0.016198,0.037048,0.312064,0.800900,0.616591,-0.014491,-0.311622,0.893547,-0.051081,0.071665,-0.147494,-0.020122,0.123850,-0.018307,0.043490,0.067212,-0.134036,0.000921,0.086599,-0.219052,-0.424611,0.008364,0.352040,0.557919,-0.010793,0.429949,0.145060,0.035290,0.324697,-0.362748,0.000565,-0.390014,0.015767,0.037360,0.312656,0.616181,-0.014404,-0.311693
447,4.470000,0.007807,0.388449,-0.002043,-0.921435,-0.009307,0.087317,-0.129864,0.000513,-0.054428,0.071457,-0.147667,0.808492,-0.022578,0.123789,-0.018923,0.873847,0.041297,0.067272,-0.134107,0.898635,-0.001519,0.086748,-0.218758,0.874634,0.001320,0.036112,0.000566,-0.999347,0.091247,0.009392,0.119537,0.000653,-0.425180,0.008440,0.352602,0.799021,0.557796,-0.010325,0.430900,0.730818,0.145395,0.034863,0.323299,0.627352,-0.363268,0.000820,-0.389993,0.860727,0.016163,0.037055,0.312039,0.800900,0.616574,-0.014503,-0.311628,0.893547,-0.053792,0.071482,-0.147782,-0.022674,0.123906,-0.018427,0.040909,0.067226,-0.134163,-0.001672,0.086653,-0.219083,-0.424601,0.008365,0.352038,0.557790,-0.010832,0.430020,0.144995,0.035277,0.324717,-0.362752,0.000575,-0.390067,0.015766,0.037445,0.312572,0.616163,-0.014402,-0.311716
448,4.480000,0.007992,0.388267,-0.002959,-0.921508,-0.011845,0.087510,-0.129870,0.000506,-0.056949,0.071563,-0.147638,0.810083,-0.025128,0.124079,-0.018962,0.880678,0.038788,0.067540,-0.134113,0.896043,-0.004092,0.086860,-0.218767,0.890295,0.001385,0.036082,0.000532,-0.999348,0.091160,0.009378,0.119566,0.000640,-0.425252,0.008426,0.352663,0.770382,0.557730,-0.010268,0.430904,0.753571,0.145320,0.034880,0.323322,0.630570,-0.363384,0.000710,-0.389934,0.888152,0.016087,0.037063,0.312070,0.825883,0.616464,-0.014541,-0.311626,0.917787,-0.056194,0.071648,-0.147658,-0.025275,0.124166,-0.018517,0.038380,0.067474,-0.134161,-0.004291,0.086754,-0.219143,-0.424588,0.008360,0.352032,0.557628,-0.010847,0.430113,0.144946,0.035313,0.324685,-0.363046,0.000418,-0.389965,0.015766,0.037491,0.312515,0.616177,-0.014394,-0.311693
449,4.490000,0.007168,0.388384,-0.002824,-0.921465,-0.014381,0.087454,-0.129942,0.000605,-0.059474,0.071517,-0.147747,0.810083,-0.027705,0.123837,-0.018978,0.880678,0.036261,0.067510,-0.134205,0.896043,-0.006605,0.086951,-0.218838,0.890295,0.001378,0.036093,0.000574,-0.999347,0.091115,0.009382,0.119551,0.000638,-0.425303,0.008468,0.352636,0.770382,0.557676,-0.010309,0.430898,0.753571,0.145272,0.034875,0.323308,0.630570,-0.363419,0.000761,-0.389960,0.888152,0.016040,0.037069,0.312053,0.825883,0.616426,-0.014574,-0.311631,0.917787,-0.058790,0.071522,-0.147968,-0.027804,0.123994,-0.018426,0.035929,0.067412,-0.134191,-0.006858,0.086887,-0.219184,-0.424592,0.008360,0.352043,0.557501,-0.010853,0.430240,0.144895,0.035325,0.324689,-0.363066,0.000468,-0.390022,0.015762,0.037536,0.312450,0.616116,-0.014437,-0.311749
450,4.500000,0.007640,0.388750,-0.002489,-0.921308,-0.016944,0.087527,-0.130000,0.000547,-0.062039,0.071624,-0.147832,0.832479,-0.030322,0.123991,-0.019070,0.868253,0.033682,0.067531,-0.134210,0.912048,-0.009098,0.086962,-0.218890,0.902687,0.001352,0.036120,0.000578,-0.999346,0.091097,0.009407,0.119533,0.000646,-0.425334,0.008484,0.352590,0.767596,0.557641,-0.010302,0.430905,0.794816,0.145243,0.034890,0.323294,0.626431,-0.363409,0.000815,-0.390003,0.901368,0.016011,0.037085,0.312033,0.875907,0.616431,-0.014529,-0.311621,0.915012,-0.061392,0.071621,-0.148006,-0.030415,0.124136,-0.018572,0.033341,0.067442,-0.134213,-0.009311,0.086910,-0.219211,-0.424596,0.008370,0.352036,0.557314,-0.010807,0.430347,0.144855,0.035340,0.324666,-0.363140,0.000530,-0.390041,0.015941,0.037521,0.312259,0.616133,-0.014391,-0.311711
451,4.510000,0.007350,0.388931,-0.003239,-0.921232,-0.019611,0.087497,-0.130115,0.000468,-0.064673,0.071520,-0.147963,0.829057,-0.033090,0.123944,-0.019191,0.900144,0.031048,0.067582,-0.134305,0.902720,-0.011731,0.086940,-0.219001,0.899319,0.001392,0.036163,0.000580,-0.999345,0.091106,0.009462,0.119503,0.000621,-0.425345,0.008561,0.352516,0.770009,0.557623,-0.010226,0.430917,0.813013,0.145235,0.034961,0.323267,0.625117,-0.363356,0.000833,-0.390072,0.906309,0.016004,0.037155,0.311994,0.852189,0.616477,-0.014512,-0.311603,0.908290,-0.064009,0.071599,-0.148103,-0.033155,0.123994,-0.018800,0.030664,0.067582,-0.134241,-0.011947,0.086813,-0.219316,-0.424585,0.008366,0.352035,0.557314,-0.010765,0.430501,0.144799,0.035353,0.324648,-0.363109,0.000552,-0.390091,0.015982,0.037746,0.311994,0.616148,-0.014375,-0.311690
452,4.520000,0.007314,0.388420,-0.004220,-0.921444,-0.022176,0.087581,-0.130139,0.000472,-0.067228,0.071509,-0.147926,0.829057,-0.035597,0.124081,-0.019226,0.900144,0.028515,0.067756,-0.134372,0.902720,-0.014393,0.086977,-0.219034,0.899319,0.001184,0.036255,0.000644,-0.999342,0.091110,0.009426,0.119633,0.000662,-0.425383,0.008486,0.352551,0.770009,0.557568,-0.010445,0.431124,0.813013,0.145204,0.034833,0.323418,0.625117,-0.363260,0.001061,-0.390028,0.906309,0.015976,0.037047,0.312122,0.852189,0.616558,-0.014427,-0.311388,0.908290,-0.066583,0.071500,-0.148111,-0.035622,0.124177,-0.018826,0.028068,0.067738,-0.134334,-0.014566,0.086908,-0.219288,-0.424600,0.008375,0.352024,0.557289,-0.010754,0.430667,0.144732,0.035348,0.324637,-0.362823,0.000890,-0.390177,0.015827,0.037220,0.312609,0.616168,-0.014402,-0.311688
453,4.530000,0.007882,0.388675,-0.002552,-0.921338,-0.024544,0.087585,-0.130088,0.000534,-0.069642,0.071677,-0.147904,0.823035,-0.037901,0.124105,-0.019173,0.880750,0.026080,0.067584,-0.134296,0.881505,-0.016712,0.086976,-0.218978,0.900126,0.001177,0.036285,0.000651,-0.999341,0.091097,0.009438,0.119653,0.000629,-0.425411,0.008501,0.352539,0.758024,0.557535,-0.010444,0.431172,0.876507,0.145179,0.034841,0.323441,0.654936,-0.363242,0.001088,-0.390036,0.883421,0.015951,0.037057,0.312138,0.875176,0.616570,-0.014415,-0.311336,0.865759,-0.068958,0.071616,-0.148076,-0.037936,0.124247,-0.018719,0.025616,0.067514,-0.134225,-0.016898,0.086965,-0.219331,-0.424600,0.008372,0.352028,0.557312,-0.010742,0.430847,0.144666,0.035365,0.324611,-0.362839,0.000935,-0.390214,0.015806,0.037219,0.312587,0.616171,-0.014404,-0.311695
454,4.540000,0.007936,0.388997,-0.002952,-0.921200,-0.027073,0.087596,-0.130066,0.000555,-0.072148,0.071648,-0.147907,0.823035,-0.040533,0.124152,-0.019175,0.880750,0.023568,0.067627,-0.134230,0.881505,-0.019178,0.086955,-0.218950,0.900126,0.001180,0.036312,0.000632,-0.999340,0.091072,0.009455,0.119662,0.000626,-0.425449,0.008501,0.352521,0.758024,0.557494,-0.010407,0.431207,0.876507,0.145142,0.034862,0.323453,0.654936,-0.363239,0.001084,-0.390052,0.883421,0.015914,0.037074,0.312143,0.875176,0.616569,-0.014381,-0.311298,0.865759,-0.071541,0.071611,-0.148023,-0.040578,0.124285,-0.018640,0.023149,0.067581,-0.134142,-0.019320,0.086906,-0.219457,-0.424602,0.008374,0.352032,0.557307,-0.010694,0.430982,0.144616,0.035373,0.324562,-0.362875,0.000941,-0.390258,0.015769,0.037215,0.312550,0.616166,-0.014374,-0.311688
455,4.550000,0.007471,0.389770,-0.003180,-0.920876,-0.029621,0.087735,-0.129962,0.000538,-0.074654,0.071763,-0.147889,0.819731,-0.043295,0.124205,-0.019069,0.878305,0.021042,0.067810,-0.134056,0.900040,-0.021578,0.087161,-0.218833,0.885288,0.001205,0.036322,0.000642,-0.999339,0.091080,0.009462,0.119637,0.000641,-0.425445,0.008530,0.352485,0.757093,0.557496,-0.010395,0.431192,0.926724,0.145146,0.034878,0.323428,0.662442,-0.363221,0.001076,-0.390085,0.876247,0.015920,0.037091,0.312115,0.876396,0.616586,-0.014407,-0.311311,0.842104,-0.073941,0.071786,-0.147997,-0.043396,0.124320,-0.018607,0.020653,0.067730,-0.134013,-0.021801,0.087103,-0.219230,-0.424598,0.008386,0.352032,0.557405,-0.010629,0.431041,0.144540,0.035356,0.324536,-0.362830,0.000971,-0.390370,0.015750,0.037222,0.312560,0.616137,-0.014433,-0.311754
456,4.560000,0.007311,0.390662,-0.002788,-0.920501,-0.031917,0.087700,-0.129822,0.000446,-0.076924,0.071766,-0.147846,0.819731,-0.045785,0.124112,-0.018934,0.878305,0.018742,0.067748,-0.133829,0.900040,-0.023702,0.087175,-0.218678,0.885288,0.001199,0.036339,0.000620,-0.999339,0.091080,0.009482,0.119635,0.000642,-0.425453,0.008524,0.352466,0.757093,0.557486,-0.010358,0.431205,0.926724,0.145139,0.034898,0.323428,0.662442,-0.363204,0.001080,-0.390103,0.876247,0.015912,0.037105,0.312110,0.876396,0.616601,-0.014360,-0.311297,0.842104,-0.076332,0.071713,-0.147963,-0.045818,0.124229,-0.018553,0.018323,0.067692,-0.133783,-0.023842,0.087167,-0.218988,-0.424606,0.008373,0.352029,0.557514,-0.010603,0.431128,0.144459,0.035362,0.324507,-0.362854,0.000976,-0.390407,0.015731,0.037261,0.312488,0.616139,-0.014382,-0.311715
457,4.570000,0.006574,0.391235,-0.002653,-0.920264,-0.034218,0.087744,-0.129693,0.000431,-0.079197,0.071821,-0.147796,0.823490,-0.048236,0.123989,-0.018770,0.919028,0.016453,0.067815,-0.133667,0.878259,-0.025893,0.087352,-0.218540,0.919680,0.001188,0.036316,0.000650,-0.999340,0.091129,0.009454,0.119629,0.000683,-0.425393,0.008521,0.352484,0.774078,0.557548,-0.010421,0.431177,0.899214,0.145198,0.034862,0.323420,0.646464,-0.363179,0.001091,-0.390088,0.885284,0.015971,0.037077,0.312108,0.883290,0.616629,-0.014408,-0.311328,0.846913,-0.078501,0.071788,-0.147909,-0.048269,0.124083,-0.018461,0.015974,0.067760,-0.133599,-0.026077,0.087347,-0.218803,-0.424621,0.008371,0.352039,0.557830,-0.010709,0.431200,0.144387,0.035350,0.324470,-0.362893,0.000972,-0.390426,0.015737,0.037275,0.312460,0.616161,-0.014419,-0.311722
458,4.580000,0.006495,0.392147,-0.002084,-0.919877,-0.036565,0.087756,-0.129595,0.000427,-0.081524,0.071888,-0.147797,0.823490,-0.050768,0.123949,-0.018678,0.919028,0.014094,0.067780,-0.133480,0.878259,-0.028064,0.087408,-0.218425,0.919680,0.001237,0.036281,0.000664,-0.999341,0.091147,0.009495,0.119546,0.000689,-0.425359,0.008602,0.352436,0.774078,0.557587,-0.010365,0.431064,0.899214,0.145231,0.034920,0.323331,0.646464,-0.363196,0.001098,-0.390139,0.885284,0.016004,0.037139,0.312028,0.883290,0.616616,-0.014426,-0.311444,0.846913,-0.080819,0.071813,-0.147878,-0.050787,0.124055,-0.018392,0.013579,0.067707,-0.133375,-0.028235,0.087450,-0.218736,-0.424614,0.008346,0.352022,0.558010,-0.010705,0.431250,0.144331,0.035344,0.324442,-0.363008,0.000993,-0.390404,0.015776,0.037545,0.312047,0.616158,-0.014445,-0.311778
459,4.590000,0.007033,0.392733,-0.002591,-0.919622,-0.038842,0.087844,-0.129456,0.000392,-0.083769,0.071926,-0.147693,0.827732,-0.053205,0.124183,-0.018608,0.929264,0.011833,0.067889,-0.133249,0.884775,-0.030227,0.087377,-0.218275,0.921895,0.001230,0.036276,0.000642,-0.999341,0.091154,0.009495,0.119556,0.000724,-0.425350,0.008576,0.352452,0.779521,0.557598,-0.010347,0.431069,0.828622,0.145239,0.034921,0.323341,0.624767,-0.363194,0.001083,-0.390124,0.909835,0.016011,0.037134,0.312039,0.883385,0.616620,-0.014396,-0.311439,0.855609,-0.083082,0.071923,-0.147754,-0.053258,0.124256,-0.018340,0.011378,0.067837,-0.133200,-0.030405,0.087359,-0.218531,-0.424603,0.008347,0.352042,0.558141,-0.010692,0.431306,0.144272,0.035350,0.324406,-0.363023,0.000972,-0.390421,0.015743,0.037515,0.312060,0.616138,-0.014404,-0.311758
460,4.600000,0.005982,0.394243,-0.002882,-0.918982,-0.041222,0.087908,-0.129267,0.000360,-0.086067,0.071959,-0.147678,0.827732,-0.055998,0.124038,-0.018405,0.929264,0.009493,0.068029,-0.132928,0.884775,-0.032316,0.087604,-0.218058,0.921895,0.001219,0.036247,0.000631,-0.999342,0.091141,0.009487,0.119575,0.000745,-0.425349,0.008551,0.352500,0.779521,0.557603,-0.010351,0.431061,0.828622,0.145237,0.034910,0.323357,0.624767,-0.363236,0.001077,-0.390079,0.909835,0.016008,0.037120,0.312063,0.883385,0.616583,-0.014383,-0.311451,0.855609,-0.085414,0.072034,-0.147683,-0.056062,0.124052,-0.018140,0.009056,0.068037,-0.132878,-0.032470,0.087508,-0.218369,-0.424605,0.008364,0.352046,0.558259,-0.010658,0.431284,0.144222,0.035341,0.324356,-0.363169,0.000978,-0.390395,0.015719,0.037411,0.312131,0.616158,-0.014395,-0.311704
461,4.610000,0.005967,0.395321,-0.003075,-0.918519,-0.043572,0.087911,-0.129179,0.000435,-0.088368,0.071943,-0.147693,0.819725,-0.058622,0.124049,-0.018356,0.916968,0.007158,0.068052,-0.132718,0.897869,-0.034458,0.087600,-0.217948,0.901065,0.001193,0.036218,0.000616,-0.999343,0.091134,0.009435,0.119595,0.000800,-0.425343,0.008472,0.352551,0.774473,0.557615,-0.010405,0.431052,0.799388,0.145241,0.034849,0.323375,0.624336,-0.363273,0.001036,-0.390033,0.904140,0.016012,0.037056,0.312089,0.874012,0.616551,-0.014397,-0.311463,0.872230,-0.087653,0.072013,-0.147758,-0.058709,0.124098,-0.018039,0.006757,0.068013,-0.132654,-0.034684,0.087521,-0.218264,-0.424602,0.008344,0.352052,0.558360,-0.010651,0.431223,0.144158,0.035362,0.324281,-0.363153,0.000955,-0.390388,0.015630,0.037176,0.312395,0.616129,-0.014431,-0.311750
462,4.620000,0.005596,0.396408,-0.003348,-0.918051,-0.045858,0.087970,-0.129109,0.000430,-0.090596,0.071975,-0.147736,0.819725,-0.061198,0.124044,-0.018305,0.916968,0.004898,0.068153,-0.132538,0.897869,-0.036534,0.087708,-0.217857,0.901065,0.002013,0.035810,-0.000086,-0.999357,0.090825,0.009117,0.119816,0.000928,-0.425460,0.007853,0.353197,0.774473,0.557587,-0.009570,0.430924,0.799388,0.145064,0.034948,0.323509,0.624336,-0.363987,-0.000754,-0.389424,0.904140,0.015823,0.036962,0.312325,0.874012,0.615920,-0.014739,-0.311632,0.872230,-0.089851,0.071981,-0.147753,-0.061286,0.124127,-0.018024,0.004461,0.068057,-0.132453,-0.036755,0.087715,-0.218206,-0.424596,0.008332,0.352041,0.558522,-0.010655,0.431122,0.144099,0.035341,0.324235,-0.364549,-0.001154,-0.389310,0.015628,0.037159,0.312372,0.616152,-0.014385,-0.311710
463,4.630000,0.005449,0.397494,-0.003352,-0.917582,-0.048143,0.088079,-0.128947,0.000409,-0.092836,0.072082,-0.147684,0.820522,-0.063751,0.124121,-0.018170,0.919148,0.002623,0.068270,-0.132261,0.879944,-0.038609,0.087842,-0.217672,0.908848,0.002002,0.035787,-0.000075,-0.999357,0.090834,0.009117,0.119804,0.000947,-0.425439,0.007859,0.353208,0.619977,0.557610,-0.009588,0.430889,0.622086,0.145084,0.034942,0.323494,0.673767,-0.364002,-0.000732,-0.389416,0.830327,0.015842,0.036959,0.312316,0.930021,0.615909,-0.014740,-0.311670,0.896327,-0.092121,0.072149,-0.147708,-0.063824,0.124155,-0.017856,0.002143,0.068268,-0.132239,-0.038771,0.087743,-0.217984,-0.424602,0.008355,0.352041,0.558661,-0.010667,0.431014,0.144058,0.035312,0.324210,-0.364549,-0.001106,-0.389268,0.015623,0.037123,0.312375,0.616146,-0.014401,-0.311709
464,4.640000,0.005532,0.398621,-0.003795,-0.917091,-0.050450,0.088156,-0.128889,0.000359,-0.095084,0.072116,-0.147728,0.820522,-0.066357,0.124242,-0.018169,0.919148,0.000339,0.068384,-0.132069,0.879944,-0.040699,0.087882,-0.217591,0.908848,0.002189,0.035811,-0.000133,-0.999356,0.090784,0.009261,0.119684,0.000973,-0.425500,0.008038,0.353064,0.619977,0.557548,-0.009278,0.430799,0.622086,0.145022,0.035169,0.323367,0.673767,-0.364026,-0.000827,-0.389554,0.830327,0.015780,0.037168,0.312182,0.930021,0.615883,-0.014705,-0.311756,0.896327,-0.094479,0.072212,-0.147789,-0.066398,0.124237,-0.017874,-0.000093,0.068445,-0.132036,-0.040831,0.087729,-0.217858,-0.424602,0.008351,0.352047,0.558765,-0.010692,0.430870,0.144042,0.035298,0.324150,-0.364606,-0.001105,-0.389234,0.015504,0.037586,0.311924,0.616143,-0.014371,-0.311715
465,4.650000,0.005028,0.399335,-0.004247,-0.916781,-0.052766,0.088128,-0.128761,0.000377,-0.097351,0.072043,-0.147678,0.836632,-0.068888,0.124131,-0.018045,0.935275,-0.001948,0.068421,-0.131873,0.897193,-0.042876,0.087916,-0.217448,0.922831,0.001349,0.036095,0.000526,-0.999347,0.091079,0.009499,0.119437,0.000840,-0.425340,0.008522,0.352521,0.778656,0.557640,-0.010164,0.430786,0.687169,0.145232,0.034987,0.323196,0.617393,-0.363453,0.000860,-0.390076,0.956666,0.016000,0.037168,0.311941,0.837514,0.616393,-0.014383,-0.311743,0.937107,-0.096702,0.072050,-0.147760,-0.068938,0.124196,-0.017800,-0.002349,0.068367,-0.131801,-0.043074,0.087898,-0.217685,-0.424607,0.008350,0.352056,0.558789,-0.010654,0.430714,0.144024,0.035307,0.324080,-0.363500,0.000769,-0.390215,0.015497,0.037581,0.311926,0.616146,-0.014363,-0.311699
466,4.660000,0.004970,0.400184,-0.004161,-0.916412,-0.055024,0.088216,-0.128723,0.000387,-0.099575,0.072139,-0.147726,0.836632,-0.071348,0.124201,-0.018031,0.935275,-0.004202,0.068505,-0.131745,0.897193,-0.044970,0.088019,-0.217392,0.922831,0.001354,0.036059,0.000523,-0.999349,0.091069,0.009477,0.119414,0.000843,-0.425334,0.008500,0.352534,0.778656,0.557652,-0.010179,0.430729,0.687169,0.145236,0.034968,0.323168,0.617393,-0.363499,0.000831,-0.390067,0.956666,0.016003,0.037148,0.311922,0.837514,0.616352,-0.014405,-0.311804,0.937107,-0.098863,0.072221,-0.147739,-0.071391,0.124193,-0.017816,-0.004699,0.068531,-0.131665,-0.045141,0.087919,-0.217673,-0.424612,0.008339,0.352062,0.558826,-0.010648,0.430557,0.144013,0.035284,0.324036,-0.363569,0.000749,-0.390195,0.015507,0.037529,0.311940,0.616133,-0.014391,-0.311704
467,4.670000,0.005278,0.400983,-0.003447,-0.916064,-0.057263,0.088301,-0.128614,0.000398,-0.101806,0.072293,-0.147695,0.818085,-0.073726,0.124310,-0.017950,0.941021,-0.006466,0.068511,-0.131547,0.880851,-0.047055,0.088089,-0.217265,0.914074,0.001367,0.036031,0.000525,-0.999350,0.091054,0.009487,0.119384,0.000803,-0.425336,0.008519,0.352533,0.785676,0.557655,-0.010164,0.430674,0.701953,0.145233,0.034982,0.323135,0.623317,-0.363543,0.000831,-0.390071,0.964924,0.015999,0.037164,0.311896,0.847453,0.616314,-0.014409,-0.311863,0.943051,-0.101089,0.072397,-0.147761,-0.073771,0.124297,-0.017719,-0.006935,0.068549,-0.131467,-0.047258,0.087961,-0.217510,-0.424635,0.008366,0.352064,0.558718,-0.010635,0.430413,0.144006,0.035308,0.323946,-0.363610,0.000730,-0.390142,0.015528,0.037551,0.311914,0.616148,-0.014384,-0.311708
468,4.680000,0.005531,0.401392,-0.003085,-0.915885,-0.059496,0.088385,-0.128450,0.000420,-0.104035,0.072412,-0.147568,0.818085,-0.076027,0.124428,-0.017807,0.941021,-0.008714,0.068551,-0.131334,0.880851,-0.049208,0.088149,-0.217091,0.914074,0.001473,0.035926,0.000473,-0.999353,0.090966,0.009430,0.119375,0.000823,-0.425374,0.008462,0.352633,0.785676,0.557635,-0.010108,0.430570,0.701953,0.145186,0.034975,0.323109,0.623317,-0.363737,0.000620,-0.389982,0.964924,0.015949,0.037141,0.311897,0.847453,0.616137,-0.014509,-0.311977,0.943051,-0.103265,0.072559,-0.147611,-0.076128,0.124420,-0.017535,-0.009117,0.068551,-0.131239,-0.049474,0.088010,-0.217416,-0.424618,0.008350,0.352063,0.558654,-0.010646,0.430278,0.144006,0.035301,0.323866,-0.363997,0.000478,-0.389992,0.015513,0.037524,0.311920,0.616139,-0.014435,-0.311769
469,4.690000,0.005189,0.401941,-0.003515,-0.915644,-0.061726,0.088348,-0.128293,0.000408,-0.106226,0.072332,-0.147469,0.795851,-0.078428,0.124341,-0.017660,0.933650,-0.010920,0.068569,-0.131122,0.871717,-0.051332,0.088148,-0.216922,0.907927,0.001467,0.035914,0.000455,-0.999354,0.090945,0.009441,0.119358,0.000786,-0.425389,0.008452,0.352628,0.758063,0.557622,-0.010083,0.430542,0.726703,0.145169,0.034986,0.323091,0.645082,-0.363769,0.000620,-0.389989,0.922023,0.015932,0.037147,0.311882,0.864967,0.616107,-0.014474,-0.312007,0.921000,-0.105412,0.072395,-0.147462,-0.078517,0.124377,-0.017413,-0.011429,0.068529,-0.131078,-0.051542,0.088090,-0.217220,-0.424627,0.008346,0.352041,0.558501,-0.010590,0.430134,0.143994,0.035314,0.323817,-0.364036,0.000466,-0.389937,0.015540,0.037519,0.311893,0.616159,-0.014393,-0.311706
470,4.700000,0.005387,0.402536,-0.002777,-0.915384,-0.063929,0.088410,-0.128111,0.000391,-0.108427,0.072467,-0.147348,0.795851,-0.080721,0.124403,-0.017491,0.933650,-0.013148,0.068556,-0.130877,0.871717,-0.053419,0.088216,-0.216726,0.907927,0.001482,0.035892,0.000474,-0.999354,0.090943,0.009408,0.119327,0.000755,-0.425381,0.008446,0.352621,0.758063,0.557633,-0.010126,0.430490,0.726703,0.145177,0.034956,0.323057,0.645082,-0.363795,0.000591,-0.389998,0.922023,0.015940,0.037123,0.311854,0.864967,0.616084,-0.014539,-0.312061,0.921000,-0.107695,0.072534,-0.147409,-0.080785,0.124430,-0.017234,-0.013615,0.068550,-0.130837,-0.053621,0.088128,-0.216962,-0.424599,0.008354,0.352038,0.558382,-0.010619,0.430034,0.143995,0.035309,0.323732,-0.363979,0.000416,-0.389910,0.015544,0.037478,0.311922,0.616142,-0.014448,-0.311766
471,4.710000,0.005194,0.403227,-0.002815,-0.915081,-0.066135,0.088502,-0.127895,0.000378,-0.110600,0.072554,-0.147204,0.812336,-0.083102,0.124455,-0.017289,0.937320,-0.015345,0.068660,-0.130591,0.896577,-0.055492,0.088338,-0.216494,0.902041,0.001463,0.035893,0.000470,-0.999354,0.090924,0.009406,0.119310,0.000740,-0.425400,0.008430,0.352602,0.750235,0.557614,-0.010136,0.430473,0.754644,0.145157,0.034947,0.323041,0.659536,-0.363813,0.000603,-0.390017,0.927311,0.015920,0.037112,0.311837,0.871392,0.616066,-0.014520,-0.312078,0.903101,-0.109862,0.072687,-0.147203,-0.083202,0.124445,-0.017059,-0.015754,0.068657,-0.130528,-0.055722,0.088217,-0.216788,-0.424592,0.008330,0.352024,0.558240,-0.010653,0.429922,0.144007,0.035304,0.323675,-0.363980,0.000413,-0.389875,0.015576,0.037492,0.311881,0.616141,-0.014415,-0.311713
472,4.720000,0.005462,0.403608,-0.003287,-0.914910,-0.068308,0.088547,-0.127673,0.000430,-0.112747,0.072553,-0.147005,0.812336,-0.085391,0.124585,-0.017112,0.937320,-0.017504,0.068736,-0.130310,0.896577,-0.057591,0.088313,-0.216263,0.902041,0.001446,0.035881,0.000504,-0.999355,0.090915,0.009393,0.119289,0.000735,-0.425403,0.008444,0.352594,0.750235,0.557611,-0.010191,0.430441,0.754644,0.145155,0.034923,0.323020,0.659536,-0.363834,0.000640,-0.390027,0.927311,0.015918,0.037098,0.311819,0.871392,0.616046,-0.014553,-0.312112,0.903101,-0.112035,0.072569,-0.147098,-0.085441,0.124649,-0.016805,-0.017973,0.068707,-0.130245,-0.057785,0.088262,-0.216543,-0.424586,0.008342,0.352014,0.558122,-0.010698,0.429904,0.144002,0.035332,0.323610,-0.363940,0.000435,-0.389835,0.015588,0.037459,0.311887,0.616132,-0.014446,-0.311781
473,4.730000,0.005234,0.403643,-0.002051,-0.914899,-0.070412,0.088575,-0.127483,0.000450,-0.114882,0.072701,-0.146842,0.825089,-0.087429,0.124492,-0.016873,0.909565,-0.019648,0.068662,-0.130144,0.902947,-0.059688,0.088444,-0.216073,0.908144,0.001426,0.035884,0.000515,-0.999355,0.090897,0.009382,0.119304,0.000735,-0.425423,0.008433,0.352605,0.744270,0.557590,-0.010224,0.430458,0.787841,0.145136,0.034903,0.323036,0.676173,-0.363849,0.000659,-0.390017,0.913627,0.015899,0.037080,0.311835,0.882517,0.616031,-0.014557,-0.312095,0.907165,-0.114195,0.072765,-0.146952,-0.087512,0.124549,-0.016526,-0.020034,0.068636,-0.130103,-0.059908,0.088349,-0.216351,-0.424590,0.008333,0.352020,0.558016,-0.010746,0.429942,0.144022,0.035335,0.323536,-0.363965,0.000435,-0.389780,0.015604,0.037439,0.311908,0.616155,-0.014434,-0.311767
474,4.740000,0.005272,0.404198,-0.001338,-0.914655,-0.072638,0.088663,-0.127264,0.000407,-0.117106,0.072857,-0.146685,0.825089,-0.089743,0.124547,-0.016657,0.909565,-0.021898,0.068684,-0.129873,0.902947,-0.061806,0.088562,-0.215841,0.908144,0.001410,0.035887,0.000541,-0.999355,0.090876,0.009379,0.119304,0.000722,-0.425446,0.008449,0.352603,0.744270,0.557567,-0.010262,0.430460,0.787841,0.145115,0.034890,0.323037,0.676173,-0.363868,0.000696,-0.390019,0.913627,0.015878,0.037075,0.311835,0.882517,0.616010,-0.014572,-0.312093,0.907165,-0.116366,0.072916,-0.146711,-0.089839,0.124595,-0.016386,-0.022327,0.068635,-0.129844,-0.062020,0.088503,-0.216114,-0.424607,0.008344,0.352038,0.557896,-0.010814,0.429983,0.144051,0.035330,0.323459,-0.363952,0.000446,-0.389732,0.015631,0.037464,0.311881,0.616127,-0.014426,-0.311783
475,4.750000,0.004832,0.404435,-0.002469,-0.914551,-0.074833,0.088715,-0.127075,0.000435,-0.119253,0.072800,-0.146517,0.806338,-0.092081,0.124570,-0.016481,0.925948,-0.024043,0.068859,-0.129657,0.879564,-0.063956,0.088632,-0.215647,0.912971,0.001388,0.035914,0.000552,-0.999354,0.090865,0.009375,0.119317,0.000722,-0.425470,0.008444,0.352587,0.745680,0.557538,-0.010290,0.430497,0.807980,0.145094,0.034875,0.323054,0.699584,-0.363851,0.000724,-0.390031,0.898526,0.015857,0.037063,0.311845,0.893378,0.616022,-0.014568,-0.312052,0.914222,-0.118482,0.072813,-0.146592,-0.092150,0.124643,-0.016202,-0.024517,0.068795,-0.129597,-0.064184,0.088609,-0.215909,-0.424617,0.008349,0.352040,0.557799,-0.010842,0.430031,0.144048,0.035337,0.323423,-0.363910,0.000471,-0.389719,0.015631,0.037419,0.311906,0.616142,-0.014419,-0.311767
476,4.760000,0.004451,0.404299,-0.002306,-0.914613,-0.076955,0.088675,-0.126790,0.000424,-0.121380,0.072775,-0.146232,0.810618,-0.094170,0.124438,-0.016161,0.942480,-0.026166,0.068821,-0.129403,0.876303,-0.066105,0.088665,-0.215365,0.896192,0.001373,0.035937,0.000539,-0.999353,0.090850,0.009386,0.119346,0.000726,-0.425495,0.008434,0.352593,0.740657,0.557509,-0.010274,0.430548,0.813588,0.145068,0.034882,0.323086,0.713071,-0.363843,0.000736,-0.390023,0.888486,0.015832,0.037066,0.311872,0.899735,0.616028,-0.014530,-0.312000,0.914237,-0.120624,0.072825,-0.146236,-0.094230,0.124462,-0.015940,-0.026641,0.068788,-0.129270,-0.066325,0.088625,-0.215715,-0.424615,0.008334,0.352053,0.557691,-0.010834,0.430090,0.144066,0.035359,0.323378,-0.363884,0.000484,-0.389657,0.015629,0.037408,0.311921,0.616154,-0.014377,-0.311719
477,4.770000,0.005222,0.404462,-0.002279,-0.914537,-0.079046,0.088775,-0.126510,0.000456,-0.123475,0.072878,-0.145946,0.810618,-0.096277,0.124703,-0.015936,0.942480,-0.028269,0.068884,-0.129077,0.876303,-0.068164,0.088635,-0.215080,0.896192,0.001260,0.036010,0.000632,-0.999350,0.090906,0.009423,0.119348,0.000765,-0.425473,0.008510,0.352519,0.740657,0.557516,-0.010393,0.430613,0.813588,0.145099,0.034862,0.323102,0.713071,-0.363714,0.000973,-0.390090,0.888486,0.015865,0.037073,0.311869,0.899735,0.616142,-0.014486,-0.311927,0.914237,-0.122708,0.072988,-0.145997,-0.096347,0.124704,-0.015640,-0.028728,0.068898,-0.128947,-0.068402,0.088511,-0.215455,-0.424627,0.008329,0.352049,0.557625,-0.010843,0.430189,0.144053,0.035329,0.323360,-0.363507,0.000812,-0.389659,0.015645,0.037394,0.311923,0.616148,-0.014423,-0.311772
478,4.780000,0.004906,0.404685,-0.001543,-0.914442,-0.081092,0.088712,-0.126332,0.000408,-0.125529,0.072887,-0.145808,0.804150,-0.098338,0.124530,-0.015725,0.931182,-0.030335,0.068769,-0.128897,0.860746,-0.070166,0.088664,-0.214897,0.915406,0.001244,0.036035,0.000638,-0.999350,0.090899,0.009443,0.119364,0.000770,-0.425493,0.008528,0.352508,0.748776,0.557493,-0.010387,0.430652,0.859842,0.145082,0.034875,0.323121,0.717453,-0.363695,0.001015,-0.390097,0.860496,0.015848,0.037087,0.311882,0.908125,0.616157,-0.014458,-0.311885,0.968418,-0.124745,0.072905,-0.145808,-0.098401,0.124580,-0.015462,-0.030891,0.068740,-0.128868,-0.070330,0.088624,-0.215190,-0.424623,0.008336,0.352043,0.557539,-0.010825,0.430304,0.144059,0.035316,0.323313,-0.363454,0.000865,-0.389617,0.015672,0.037409,0.311901,0.616132,-0.014397,-0.311777
479,4.790000,0.005353,0.404929,-0.000792,-0.914332,-0.083032,0.088777,-0.126085,0.000428,-0.127485,0.073024,-0.145582,0.804150,-0.100276,0.124647,-0.015495,0.931182,-0.032308,0.068745,-0.128619,0.860746,-0.072058,0.088691,-0.214644,0.915406,0.001268,0.036073,0.000642,-0.999348,0.090887,0.009459,0.119385,0.000791,-0.425521,0.008559,0.352490,0.748776,0.557458,-0.010361,0.430709,0.859842,0.145055,0.034900,0.323145,0.717453,-0.363668,0.001011,-0.390110,0.860496,0.015823,0.037113,0.311896,0.908125,0.616178,-0.014466,-0.311823,0.968418,-0.126754,0.073020,-0.145643,-0.100357,0.124737,-0.015207,-0.032746,0.068662,-0.128587,-0.072268,0.088687,-0.214904,-0.424603,0.008352,0.352042,0.557377,-0.010766,0.430398,0.144063,0.035315,0.323264,-0.363352,0.000883,-0.389571,0.015692,0.037418,0.311916,0.616124,-0.014418,-0.311771
480,4.800000,0.005149,0.405502,-0.001509,-0.914078,-0.084982,0.088885,-0.125848,0.000405,-0.129387,0.073063,-0.145397,0.808043,-0.102417,0.124753,-0.015287,0.940985,-0.034226,0.068929,-0.128314,0.887314,-0.073897,0.088797,-0.214394,0.897038,0.001260,0.036095,0.000648,-0.999347,0.090888,0.009462,0.119404,0.000791,-0.425532,0.008564,0.352487,0.735455,0.557445,-0.010369,0.430749,0.885162,0.145047,0.034899,0.323168,0.740820,-0.363645,0.001027,-0.390111,0.830493,0.015815,0.037113,0.311913,0.926747,0.616197,-0.014463,-0.311781,0.973975,-0.128633,0.073206,-0.145394,-0.102502,0.124723,-0.015069,-0.034666,0.068952,-0.128222,-0.074126,0.088660,-0.214707,-0.424597,0.008356,0.352037,0.557341,-0.010750,0.430515,0.144097,0.035310,0.323216,-0.363304,0.000917,-0.389535,0.015694,0.037380,0.311910,0.616103,-0.014423,-0.311760
481,4.810000,0.005041,0.405512,-0.001589,-0.914074,-0.086898,0.088924,-0.125656,0.000394,-0.131299,0.073093,-0.145208,0.808043,-0.104344,0.124773,-0.015090,0.940985,-0.036137,0.068979,-0.128124,0.887314,-0.075812,0.088850,-0.214201,0.897038,0.001250,0.036112,0.000658,-0.999347,0.090896,0.009465,0.119431,0.000794,-0.425532,0.008572,0.352497,0.735455,0.557441,-0.010381,0.430791,0.885162,0.145048,0.034897,0.323197,0.740820,-0.363621,0.001048,-0.390100,0.830493,0.015817,0.037114,0.311938,0.926747,0.616219,-0.014461,-0.311737,0.973975,-0.130562,0.073250,-0.145224,-0.104411,0.124725,-0.014870,-0.036603,0.069043,-0.128052,-0.076016,0.088678,-0.214478,-0.424594,0.008347,0.352043,0.557324,-0.010759,0.430641,0.144108,0.035302,0.323179,-0.363269,0.000947,-0.389481,0.015706,0.037389,0.311911,0.616114,-0.014424,-0.311759
482,4.820000,0.005157,0.405647,-0.002065,-0.914013,-0.088855,0.088949,-0.125402,0.000400,-0.133238,0.073072,-0.144958,0.805441,-0.106360,0.124850,-0.014863,0.932310,-0.038077,0.069042,-0.127843,0.877721,-0.077742,0.088831,-0.213944,0.899347,0.001230,0.036143,0.000639,-0.999346,0.090893,0.009454,0.119478,0.000793,-0.425549,0.008532,0.352511,0.730766,0.557420,-0.010385,0.430866,0.903416,0.145032,0.034880,0.323248,0.752041,-0.363591,0.001039,-0.390081,0.816634,0.015801,0.037092,0.311981,0.938082,0.616244,-0.014435,-0.311658,0.964758,-0.132471,0.073201,-0.144942,-0.106447,0.124834,-0.014607,-0.038563,0.069069,-0.127791,-0.077937,0.088692,-0.214268,-0.424595,0.008346,0.352048,0.557289,-0.010737,0.430773,0.144124,0.035266,0.323151,-0.363228,0.000942,-0.389451,0.015683,0.037309,0.312002,0.616122,-0.014393,-0.311716
483,4.830000,0.005357,0.405396,-0.002817,-0.914121,-0.090832,0.088957,-0.125317,0.000447,-0.135207,0.073008,-0.144833,0.805441,-0.108320,0.124945,-0.014804,0.932310,-0.040032,0.069110,-0.127767,0.877721,-0.079768,0.088766,-0.213865,0.899347,0.001239,0.036172,0.000635,-0.999345,0.090914,0.009462,0.119497,0.000788,-0.425541,0.008540,0.352500,0.730766,0.557423,-0.010369,0.430913,0.903416,0.145041,0.034892,0.323270,0.752041,-0.363540,0.001036,-0.390088,0.816634,0.015811,0.037103,0.311996,0.938082,0.616291,-0.014431,-0.311607,0.964758,-0.134445,0.073010,-0.144905,-0.108346,0.124996,-0.014541,-0.040575,0.069092,-0.127664,-0.079961,0.088732,-0.214158,-0.424588,0.008340,0.352049,0.557279,-0.010721,0.430924,0.144154,0.035236,0.323124,-0.363198,0.000942,-0.389435,0.015732,0.037359,0.311954,0.616156,-0.014385,-0.311694
484,4.840000,0.005147,0.405029,-0.002947,-0.914285,-0.092780,0.089031,-0.125194,0.000427,-0.137164,0.073069,-0.144678,0.811846,-0.110194,0.124982,-0.014656,0.921934,-0.041974,0.069205,-0.127690,0.863827,-0.081788,0.088869,-0.213751,0.894351,0.001264,0.036170,0.000645,-0.999345,0.090917,0.009457,0.119494,0.000794,-0.425537,0.008559,0.352500,0.737358,0.557427,-0.010369,0.430909,0.912046,0.145046,0.034896,0.323266,0.768641,-0.363540,0.001015,-0.390088,0.814366,0.015815,0.037110,0.311992,0.932462,0.616291,-0.014469,-0.311612,0.940326,-0.136424,0.073205,-0.144700,-0.110245,0.124948,-0.014350,-0.042509,0.069293,-0.127630,-0.081942,0.088679,-0.214095,-0.424601,0.008370,0.352063,0.557323,-0.010689,0.431009,0.144188,0.035199,0.323097,-0.363169,0.000936,-0.389450,0.015707,0.037354,0.311954,0.616108,-0.014432,-0.311760
485,4.850000,0.005452,0.404658,-0.002283,-0.914449,-0.094784,0.089211,-0.125066,0.000405,-0.139208,0.073314,-0.144515,0.811846,-0.112056,0.125189,-0.014516,0.921934,-0.044010,0.069310,-0.127603,0.863827,-0.083864,0.089031,-0.213632,0.894351,0.001270,0.036190,0.000635,-0.999344,0.090927,0.009471,0.119493,0.000769,-0.425536,0.008565,0.352478,0.737358,0.557425,-0.010341,0.430927,0.912046,0.145047,0.034914,0.323267,0.768641,-0.363508,0.001013,-0.390108,0.814366,0.015817,0.037124,0.311987,0.932462,0.616320,-0.014450,-0.311591,0.940326,-0.138488,0.073454,-0.144590,-0.112131,0.125172,-0.014251,-0.044414,0.069341,-0.127520,-0.084104,0.088876,-0.213905,-0.424622,0.008376,0.352062,0.557327,-0.010644,0.431110,0.144244,0.035208,0.323042,-0.363167,0.000948,-0.389495,0.015711,0.037352,0.311963,0.616129,-0.014421,-0.311769
486,4.860000,0.005768,0.403832,-0.002444,-0.914812,-0.096705,0.089150,-0.124930,0.000479,-0.141163,0.073238,-0.144287,0.787490,-0.113779,0.125206,-0.014374,0.925339,-0.045935,0.069249,-0.127544,0.863570,-0.085944,0.088908,-0.213515,0.895607,0.001277,0.036189,0.000610,-0.999344,0.090952,0.009456,0.119491,0.000741,-0.425511,0.008528,0.352477,0.758463,0.557451,-0.010328,0.430924,0.908269,0.145071,0.034905,0.323264,0.779865,-0.363486,0.000968,-0.390109,0.835978,0.015841,0.037109,0.311985,0.941234,0.616343,-0.014446,-0.311595,0.932397,-0.140321,0.073327,-0.144364,-0.113835,0.125215,-0.014081,-0.046469,0.069269,-0.127436,-0.086178,0.088791,-0.213841,-0.424650,0.008361,0.352073,0.557428,-0.010619,0.431147,0.144276,0.035192,0.323015,-0.363172,0.000907,-0.389536,0.015722,0.037312,0.311979,0.616138,-0.014419,-0.311768
487,4.870000,0.006038,0.402937,-0.002328,-0.915205,-0.098632,0.089108,-0.124785,0.000435,-0.143134,0.073208,-0.144048,0.787490,-0.115473,0.125215,-0.014210,0.925339,-0.047875,0.069183,-0.127490,0.863570,-0.088044,0.088826,-0.213391,0.895607,0.001248,0.036187,0.000614,-0.999344,0.091008,0.009442,0.119494,0.000710,-0.425454,0.008504,0.352482,0.758463,0.557509,-0.010364,0.430924,0.908269,0.145128,0.034878,0.323268,0.779865,-0.363431,0.000986,-0.390105,0.835978,0.015898,0.037084,0.311990,0.941234,0.616398,-0.014438,-0.311595,0.932397,-0.142381,0.073286,-0.144076,-0.115523,0.125223,-0.013905,-0.048414,0.069220,-0.127419,-0.088208,0.088703,-0.213740,-0.424669,0.008342,0.352075,0.557662,-0.010703,0.431197,0.144305,0.035146,0.323000,-0.363175,0.000899,-0.389574,0.015760,0.037361,0.311949,0.616160,-0.014388,-0.311711
488,4.880000,0.005570,0.401310,-0.003448,-0.915919,-0.100416,0.089170,-0.124582,0.000452,-0.144949,0.073162,-0.143686,0.818980,-0.116950,0.125243,-0.013949,0.925515,-0.049622,0.069367,-0.127468,0.873232,-0.090144,0.088909,-0.213225,0.898375,0.001259,0.036176,0.000606,-0.999345,0.091038,0.009433,0.119490,0.000710,-0.425418,0.008492,0.352490,0.778749,0.557547,-0.010358,0.430910,0.865637,0.145163,0.034875,0.323263,0.773193,-0.363412,0.000959,-0.390098,0.852416,0.015932,0.037078,0.311987,0.917852,0.616419,-0.014449,-0.311610,0.929134,-0.144233,0.073220,-0.143777,-0.116977,0.125261,-0.013653,-0.050111,0.069390,-0.127334,-0.090345,0.088810,-0.213565,-0.424658,0.008347,0.352060,0.557781,-0.010717,0.431234,0.144354,0.035151,0.322958,-0.363177,0.000857,-0.389566,0.015750,0.037350,0.311958,0.616171,-0.014385,-0.311731
489,4.890000,0.006135,0.400745,-0.003002,-0.916164,-0.102213,0.089206,-0.124435,0.000460,-0.146790,0.073242,-0.143473,0.818980,-0.118566,0.125374,-0.013806,0.925515,-0.051448,0.069336,-0.127369,0.873232,-0.092050,0.088871,-0.213090,0.898375,0.001264,0.036174,0.000610,-0.999345,0.091074,0.009436,0.119482,0.000712,-0.425382,0.008502,0.352484,0.778749,0.557583,-0.010356,0.430901,0.865637,0.145199,0.034880,0.323254,0.773193,-0.363378,0.000961,-0.390104,0.852416,0.015969,0.037084,0.311979,0.917852,0.616453,-0.014454,-0.311619,0.929134,-0.146036,0.073313,-0.143594,-0.118603,0.125396,-0.013481,-0.051953,0.069365,-0.127274,-0.092262,0.088748,-0.213390,-0.424645,0.008368,0.352035,0.557890,-0.010740,0.431282,0.144412,0.035175,0.322913,-0.363148,0.000846,-0.389568,0.015744,0.037353,0.311952,0.616179,-0.014376,-0.311748
490,4.900000,0.006071,0.400051,-0.002411,-0.916470,-0.103947,0.089160,-0.124316,0.000439,-0.148569,0.073254,-0.143297,0.815486,-0.120095,0.125280,-0.013642,0.912395,-0.053207,0.069239,-0.127339,0.867084,-0.093918,0.088868,-0.212987,0.916812,0.001274,0.036162,0.000596,-0.999345,0.091105,0.009427,0.119491,0.000726,-0.425345,0.008483,0.352505,0.780889,0.557622,-0.010346,0.430899,0.826755,0.145235,0.034876,0.323261,0.768958,-0.363359,0.000929,-0.390085,0.850857,0.016004,0.037077,0.311989,0.909179,0.616475,-0.014457,-0.311623,0.911742,-0.147833,0.073251,-0.143352,-0.120151,0.125359,-0.013305,-0.053738,0.069209,-0.127327,-0.094067,0.088823,-0.213281,-0.424615,0.008357,0.352036,0.558009,-0.010729,0.431328,0.144449,0.035172,0.322875,-0.363127,0.000814,-0.389547,0.015750,0.037334,0.311951,0.616149,-0.014375,-0.311732
491,4.910000,0.006414,0.399763,-0.002745,-0.916592,-0.105564,0.089171,-0.124057,0.000509,-0.150192,0.073233,-0.142995,0.815486,-0.121654,0.125385,-0.013405,0.912395,-0.054819,0.069264,-0.127094,0.867084,-0.095591,0.088802,-0.212734,0.916812,0.001268,0.036142,0.000613,-0.999346,0.091125,0.009414,0.119477,0.000734,-0.425317,0.008485,0.352512,0.780889,0.557653,-0.010378,0.430867,0.826755,0.145263,0.034859,0.323246,0.768958,-0.363360,0.000938,-0.390080,0.850857,0.016032,0.037064,0.311978,0.909179,0.616476,-0.014482,-0.311657,0.911742,-0.149345,0.073357,-0.143070,-0.121772,0.125423,-0.012993,-0.055313,0.069271,-0.127119,-0.095805,0.088636,-0.213048,-0.424620,0.008354,0.352009,0.558106,-0.010737,0.431310,0.144488,0.035139,0.322856,-0.363108,0.000840,-0.389533,0.015758,0.037313,0.311956,0.616107,-0.014414,-0.311766
492,4.920000,0.005815,0.399103,-0.003894,-0.916879,-0.107107,0.089277,-0.123780,0.000522,-0.151722,0.073228,-0.142656,0.807750,-0.123129,0.125430,-0.013098,0.906485,-0.056316,0.069502,-0.126894,0.858800,-0.097262,0.088950,-0.212471,0.901611,0.001290,0.036131,0.000582,-0.999346,0.091149,0.009423,0.119492,0.000723,-0.425287,0.008474,0.352538,0.784990,0.557686,-0.010327,0.430871,0.814456,0.145291,0.034881,0.323257,0.773727,-0.363347,0.000897,-0.390055,0.851726,0.016059,0.037077,0.311993,0.907057,0.616492,-0.014461,-0.311655,0.905215,-0.150989,0.073268,-0.142887,-0.123107,0.125458,-0.012726,-0.056854,0.069568,-0.126736,-0.097478,0.088815,-0.212771,-0.424611,0.008341,0.352022,0.558179,-0.010684,0.431296,0.144539,0.035174,0.322847,-0.363123,0.000804,-0.389514,0.015771,0.037312,0.311986,0.616124,-0.014398,-0.311718
493,4.930000,0.005934,0.398928,-0.003547,-0.916956,-0.108617,0.089334,-0.123459,0.000465,-0.153250,0.073318,-0.142320,0.807750,-0.124570,0.125491,-0.012769,0.906485,-0.057841,0.069521,-0.126594,0.858800,-0.098805,0.089004,-0.212154,0.901611,0.001327,0.036099,0.000565,-0.999347,0.091163,0.009414,0.119481,0.000727,-0.425259,0.008465,0.352559,0.784990,0.557720,-0.010298,0.430832,0.814456,0.145316,0.034888,0.323241,0.773727,-0.363365,0.000835,-0.390037,0.851726,0.016084,0.037080,0.311985,0.907057,0.616479,-0.014486,-0.311697,0.905215,-0.152504,0.073399,-0.142374,-0.124614,0.125507,-0.012375,-0.058404,0.069582,-0.126534,-0.098946,0.088846,-0.212553,-0.424606,0.008336,0.352035,0.558258,-0.010636,0.431283,0.144595,0.035165,0.322836,-0.363132,0.000753,-0.389502,0.015754,0.037304,0.311996,0.616096,-0.014431,-0.311786
494,4.940000,0.006020,0.398524,-0.003893,-0.917130,-0.110054,0.089316,-0.123200,0.000494,-0.154695,0.073267,-0.142014,0.803663,-0.125930,0.125513,-0.012511,0.901098,-0.059270,0.069530,-0.126371,0.868864,-0.100320,0.088953,-0.211903,0.886882,0.001316,0.036097,0.000543,-0.999347,0.091186,0.009421,0.119483,0.000723,-0.425234,0.008445,0.352564,0.794841,0.557745,-0.010277,0.430832,0.798446,0.145339,0.034894,0.323244,0.784985,-0.363343,0.000832,-0.390032,0.854762,0.016107,0.037080,0.311988,0.895380,0.616502,-0.014447,-0.311696,0.901141,-0.153926,0.073360,-0.142145,-0.125973,0.125532,-0.012118,-0.059782,0.069577,-0.126266,-0.100534,0.088794,-0.212269,-0.424607,0.008346,0.352044,0.558333,-0.010643,0.431245,0.144633,0.035154,0.322828,-0.363130,0.000724,-0.389503,0.015760,0.037314,0.311992,0.616116,-0.014365,-0.311720
495,4.950000,0.006186,0.398391,-0.003579,-0.917188,-0.111355,0.089323,-0.122873,0.000457,-0.156013,0.073305,-0.141674,0.803663,-0.127174,0.125538,-0.012183,0.901098,-0.060586,0.069502,-0.126058,0.868864,-0.101647,0.088949,-0.211580,0.886882,0.001327,0.036076,0.000556,-0.999348,0.091210,0.009409,0.119463,0.000731,-0.425200,0.008451,0.352566,0.794841,0.557782,-0.010295,0.430793,0.798446,0.145373,0.034884,0.323221,0.784985,-0.363341,0.000822,-0.390033,0.854762,0.016140,0.037074,0.311971,0.895380,0.616507,-0.014482,-0.311738,0.901141,-0.155286,0.073322,-0.141808,-0.127172,0.125577,-0.011857,-0.061155,0.069542,-0.125975,-0.101806,0.088853,-0.211854,-0.424615,0.008343,0.352039,0.558421,-0.010642,0.431186,0.144680,0.035138,0.322813,-0.363101,0.000733,-0.389506,0.015756,0.037302,0.312020,0.616115,-0.014419,-0.311774
496,4.960000,0.006348,0.397671,-0.004387,-0.917496,-0.112727,0.089400,-0.122566,0.000466,-0.157393,0.073304,-0.141281,0.812707,-0.128421,0.125697,-0.011884,0.917679,-0.061937,0.069643,-0.125811,0.865990,-0.103159,0.088955,-0.211287,0.898269,0.001935,0.035802,0.000079,-0.999357,0.091023,0.009173,0.119570,0.000784,-0.425258,0.008038,0.352958,0.707143,0.557784,-0.009717,0.430667,0.685104,0.145274,0.034952,0.323266,0.811194,-0.363800,-0.000465,-0.389665,0.728140,0.016033,0.037010,0.312084,0.898585,0.616105,-0.014781,-0.311890,0.888680,-0.156662,0.073405,-0.141410,-0.128438,0.125688,-0.011555,-0.062455,0.069720,-0.125696,-0.103355,0.088786,-0.211601,-0.424601,0.008345,0.352037,0.558500,-0.010643,0.431134,0.144731,0.035151,0.322781,-0.364214,-0.000942,-0.388780,0.015767,0.037311,0.312026,0.616142,-0.014369,-0.311723
497,4.970000,0.006930,0.398021,-0.002544,-0.917347,-0.113928,0.089286,-0.122270,0.000432,-0.158641,0.073369,-0.141026,0.812707,-0.129569,0.125600,-0.011586,0.917679,-0.063211,0.069336,-0.125483,0.865990,-0.104291,0.088840,-0.210984,0.898269,0.001353,0.036061,0.000529,-0.999349,0.091264,0.009417,0.119428,0.000736,-0.425139,0.008445,0.352547,0.707143,0.557847,-0.010245,0.430744,0.685104,0.145432,0.034906,0.323183,0.811194,-0.363302,0.000778,-0.390054,0.728140,0.016199,0.037089,0.311937,0.898585,0.616549,-0.014469,-0.311789,0.888680,-0.157852,0.073369,-0.141023,-0.129634,0.125671,-0.011270,-0.063797,0.069303,-0.125474,-0.104430,0.088802,-0.211313,-0.424604,0.008332,0.352030,0.558582,-0.010642,0.431059,0.144785,0.035183,0.322748,-0.363057,0.000681,-0.389536,0.015772,0.037333,0.311985,0.616129,-0.014395,-0.311709
498,4.980000,0.006856,0.397712,-0.002531,-0.917481,-0.115135,0.089201,-0.121884,0.000493,-0.159860,0.073285,-0.140613,0.792769,-0.130703,0.125497,-0.011184,0.897467,-0.064420,0.069252,-0.125134,0.875189,-0.105558,0.088768,-0.210604,0.892532,0.001970,0.035784,0.000074,-0.999358,0.091066,0.009168,0.119531,0.000777,-0.425207,0.008045,0.352938,0.720075,0.557838,-0.009698,0.430613,0.668428,0.145324,0.034962,0.323224,0.821354,-0.363776,-0.000509,-0.389686,0.736002,0.016083,0.037018,0.312046,0.892304,0.616131,-0.014812,-0.311947,0.881310,-0.159042,0.073401,-0.140682,-0.130803,0.125527,-0.010788,-0.064918,0.069268,-0.125123,-0.105767,0.088607,-0.210944,-0.424615,0.008337,0.352034,0.558655,-0.010667,0.431001,0.144831,0.035169,0.322749,-0.364188,-0.000956,-0.388823,0.015771,0.037310,0.311988,0.616147,-0.014405,-0.311703
499,4.990000,0.007272,0.397792,-0.003012,-0.917442,-0.116340,0.089293,-0.121376,0.000472,-0.161053,0.073331,-0.140094,0.792769,-0.131947,0.125708,-0.010721,0.897467,-0.065613,0.069369,-0.124595,0.875189,-0.106747,0.088764,-0.210094,0.892532,0.002025,0.035758,0.000013,-0.999358,0.091077,0.009184,0.119519,0.000841,-0.425183,0.008028,0.352953,0.720075,0.557868,-0.009591,0.430578,0.668428,0.145343,0.035008,0.323205,0.821354,-0.363790,-0.000603,-0.389674,0.736002,0.016101,0.037048,0.312034,0.892304,0.616123,-0.014783,-0.311984,0.881310,-0.160300,0.073332,-0.140186,-0.131957,0.125761,-0.010380,-0.066203,0.069389,-0.124500,-0.106901,0.088691,-0.210439,-0.424641,0.008336,0.352033,0.558899,-0.010801,0.431119,0.144876,0.035197,0.322742,-0.364177,-0.000945,-0.388846,0.015775,0.037298,0.311994,0.616137,-0.014398,-0.311788
500,5.000000,0.006560,0.397670,-0.004143,-0.917496,-0.117419,0.089266,-0.120875,0.000492,-0.162095,0.073194,-0.139587,0.806509,-0.133090,0.125595,-0.010201,0.915462,-0.066640,0.069478,-0.124117,0.843962,-0.107850,0.088798,-0.209596,0.894565,0.001995,0.035751,0.000072,-0.999359,0.091095,0.009171,0.119484,0.000763,-0.425162,0.008059,0.352925,0.730863,0.557888,-0.009677,0.430535,0.662872,0.145367,0.034975,0.323171,0.832425,-0.363780,-0.000532,-0.389703,0.745360,0.016125,0.037031,0.312002,0.887539,0.616132,-0.014828,-0.312028,0.881947,-0.161326,0.073226,-0.139674,-0.133092,0.125619,-0.009864,-0.067250,0.069527,-0.123991,-0.108007,0.088692,-0.209973,-0.424641,0.008345,0.352028,0.558766,-0.010656,0.430835,0.144908,0.035203,0.322739,-0.364166,-0.000956,-0.388861,0.015761,0.037294,0.311984,0.616163,-0.014429,-0.311778
501,5.010000,0.007164,0.397408,-0.003256,-0.917608,-0.118476,0.089230,-0.120356,0.000467,-0.163196,0.073244,-0.139037,0.815817,-0.134009,0.125636,-0.009688,0.931716,-0.067741,0.069333,-0.123618,0.854971,-0.108957,0.088706,-0.209082,0.904995,0.001366,0.036007,0.000537,-0.999351,0.091327,0.009414,0.119345,0.000711,-0.425051,0.008457,0.352519,0.835202,0.557943,-0.010249,0.430612,0.759106,0.145517,0.034907,0.323094,0.818113,-0.363294,0.000770,-0.390088,0.862584,0.016283,0.037091,0.311861,0.856795,0.616566,-0.014494,-0.311927,0.890433,-0.162475,0.073325,-0.139166,-0.133993,0.125613,-0.009416,-0.068293,0.069427,-0.123465,-0.109142,0.088554,-0.209377,-0.424638,0.008359,0.352014,0.558797,-0.010666,0.430772,0.144974,0.035222,0.322726,-0.363022,0.000676,-0.389619,0.015758,0.037288,0.311981,0.616154,-0.014424,-0.311793
502,5.020000,0.007544,0.397463,-0.003877,-0.917579,-0.119601,0.089248,-0.119795,0.000430,-0.164306,0.073203,-0.138462,0.815817,-0.135178,0.125773,-0.009172,0.931716,-0.068849,0.069389,-0.123027,0.854971,-0.110072,0.088626,-0.208519,0.904995,0.001980,0.035736,0.000068,-0.999359,0.091127,0.009191,0.119461,0.000747,-0.425123,0.008067,0.352918,0.835202,0.557929,-0.009662,0.430498,0.759106,0.145405,0.034990,0.323148,0.818113,-0.363764,-0.000501,-0.389712,0.862584,0.016162,0.037045,0.311983,0.856795,0.616151,-0.014791,-0.312067,0.890433,-0.163527,0.073303,-0.138509,-0.135204,0.125748,-0.008921,-0.069436,0.069465,-0.122956,-0.110238,0.088474,-0.208795,-0.424630,0.008360,0.352024,0.558781,-0.010650,0.430705,0.145010,0.035214,0.322723,-0.364153,-0.000957,-0.388865,0.015795,0.037329,0.311959,0.616154,-0.014373,-0.311746
503,5.030000,0.007244,0.397670,-0.003456,-0.917493,-0.120656,0.089226,-0.119274,0.000494,-0.165361,0.073222,-0.137975,0.802568,-0.136264,0.125662,-0.008626,0.924890,-0.069914,0.069344,-0.122501,0.857530,-0.111087,0.088678,-0.207994,0.896183,0.001982,0.035713,0.000087,-0.999360,0.091129,0.009178,0.119449,0.000731,-0.425110,0.008074,0.352930,0.733971,0.557945,-0.009693,0.430465,0.686652,0.145417,0.034975,0.323133,0.848669,-0.363785,-0.000499,-0.389703,0.745724,0.016174,0.037035,0.311974,0.881395,0.616133,-0.014826,-0.312103,0.870626,-0.164582,0.073266,-0.138097,-0.136275,0.125684,-0.008326,-0.070460,0.069370,-0.122340,-0.111309,0.088585,-0.208333,-0.424634,0.008348,0.352018,0.558763,-0.010628,0.430627,0.145042,0.035221,0.322727,-0.364151,-0.000945,-0.388866,0.015785,0.037306,0.311977,0.616139,-0.014421,-0.311781
504,5.040000,0.007050,0.397552,-0.003714,-0.917545,-0.121710,0.089177,-0.118733,0.000466,-0.166410,0.073147,-0.137425,0.802568,-0.137311,0.125586,-0.008075,0.924890,-0.070956,0.069327,-0.121976,0.857530,-0.112164,0.088648,-0.207456,0.896183,0.001956,0.035714,0.000085,-0.999360,0.091141,0.009187,0.119446,0.000729,-0.425099,0.008069,0.352926,0.733971,0.557956,-0.009698,0.430461,0.686652,0.145428,0.034974,0.323131,0.848669,-0.363773,-0.000466,-0.389708,0.745724,0.016185,0.037033,0.311972,0.881395,0.616145,-0.014792,-0.312106,0.870626,-0.165643,0.073211,-0.137505,-0.137321,0.125582,-0.007823,-0.071513,0.069373,-0.121823,-0.112365,0.088542,-0.207782,-0.424628,0.008361,0.352033,0.558746,-0.010645,0.430535,0.145084,0.035203,0.322730,-0.364151,-0.000954,-0.388850,0.015798,0.037328,0.311963,0.616144,-0.014364,-0.311722
505,5.050000,0.007428,0.397480,-0.003597,-0.917574,-0.122769,0.089231,-0.118273,0.000436,-0.167480,0.073213,-0.136948,0.808652,-0.138335,0.125714,-0.007634,0.936720,-0.072026,0.069353,-0.121511,0.856758,-0.113237,0.088644,-0.206997,0.893278,0.001350,0.035956,0.000528,-0.999352,0.091347,0.009425,0.119317,0.000668,-0.425008,0.008450,0.352544,0.840645,0.557995,-0.010239,0.430536,0.796174,0.145557,0.034913,0.323061,0.842509,-0.363326,0.000788,-0.390070,0.862207,0.016321,0.037095,0.311841,0.855313,0.616542,-0.014459,-0.312009,0.874575,-0.166732,0.073370,-0.136984,-0.138359,0.125644,-0.007392,-0.072573,0.069472,-0.121388,-0.113414,0.088438,-0.207326,-0.424626,0.008360,0.352041,0.558711,-0.010623,0.430470,0.145104,0.035200,0.322730,-0.363054,0.000669,-0.389605,0.015802,0.037313,0.311974,0.616149,-0.014375,-0.311709
506,5.060000,0.007254,0.397268,-0.003572,-0.917667,-0.123752,0.089206,-0.117837,0.000451,-0.168470,0.073191,-0.136497,0.808652,-0.139270,0.125651,-0.007179,0.936720,-0.073008,0.069334,-0.121106,0.856758,-0.114261,0.088650,-0.206566,0.893278,0.001951,0.035667,0.000107,-0.999362,0.091139,0.009171,0.119421,0.000705,-0.425078,0.008072,0.352949,0.840645,0.557983,-0.009738,0.430393,0.796174,0.145447,0.034953,0.323102,0.842509,-0.363822,-0.000456,-0.389690,0.862207,0.016204,0.037018,0.311955,0.855313,0.616103,-0.014826,-0.312181,0.874575,-0.167737,0.073238,-0.136547,-0.139261,0.125637,-0.006976,-0.073568,0.069382,-0.120921,-0.114443,0.088568,-0.206903,-0.424631,0.008341,0.352051,0.558698,-0.010630,0.430389,0.145155,0.035209,0.322714,-0.364174,-0.000953,-0.388829,0.015789,0.037309,0.311979,0.616108,-0.014404,-0.311776
507,5.070000,0.007561,0.397174,-0.003075,-0.917707,-0.124674,0.089193,-0.117379,0.000385,-0.169414,0.073226,-0.136028,0.812501,-0.140128,0.125674,-0.006724,0.932560,-0.073954,0.069261,-0.120655,0.862023,-0.115200,0.088610,-0.206110,0.924590,0.001956,0.035667,0.000116,-0.999362,0.091136,0.009174,0.119417,0.000696,-0.425081,0.008087,0.352945,0.743034,0.557980,-0.009740,0.430389,0.720680,0.145445,0.034957,0.323098,0.868887,-0.363825,-0.000449,-0.389694,0.733569,0.016201,0.037025,0.311951,0.870734,0.616099,-0.014836,-0.312185,0.850747,-0.168664,0.073234,-0.136040,-0.140181,0.125729,-0.006466,-0.074505,0.069236,-0.120640,-0.115345,0.088571,-0.206371,-0.424639,0.008355,0.352057,0.558668,-0.010619,0.430346,0.145166,0.035203,0.322728,-0.364186,-0.000959,-0.388831,0.015785,0.037331,0.311973,0.616118,-0.014411,-0.311766
508,5.080000,0.006887,0.396808,-0.004921,-0.917863,-0.125595,0.089281,-0.116910,0.000467,-0.170288,0.073135,-0.135518,0.812501,-0.141100,0.125727,-0.006250,0.932560,-0.074800,0.069547,-0.120223,0.862023,-0.116193,0.088716,-0.205648,0.924590,0.001954,0.035658,0.000131,-0.999362,0.091132,0.009172,0.119410,0.000677,-0.425081,0.008099,0.352947,0.743034,0.557981,-0.009757,0.430373,0.720680,0.145445,0.034952,0.323089,0.868887,-0.363839,-0.000434,-0.389693,0.733569,0.016201,0.037024,0.311945,0.870734,0.616086,-0.014851,-0.312202,0.850747,-0.169525,0.073203,-0.135645,-0.141042,0.125676,-0.006078,-0.075450,0.069671,-0.120053,-0.116364,0.088575,-0.205864,-0.424647,0.008351,0.352062,0.558611,-0.010610,0.430294,0.145189,0.035233,0.322741,-0.364199,-0.000953,-0.388818,0.015783,0.037314,0.311972,0.616123,-0.014432,-0.311782
509,5.090000,0.007134,0.397346,-0.003571,-0.917634,-0.126581,0.089309,-0.116484,0.000437,-0.171294,0.073294,-0.135156,0.822536,-0.142121,0.125728,-0.005821,0.954475,-0.075835,0.069442,-0.119749,0.856790,-0.117075,0.088774,-0.205212,0.898447,0.001948,0.035661,0.000121,-0.999362,0.091132,0.009178,0.119403,0.000677,-0.425083,0.008092,0.352937,0.745122,0.557979,-0.009746,0.430368,0.729598,0.145443,0.034957,0.323083,0.874179,-0.363836,-0.000432,-0.389703,0.728798,0.016199,0.037026,0.311938,0.869489,0.616089,-0.014830,-0.312206,0.845352,-0.170597,0.073424,-0.135174,-0.142116,0.125647,-0.005658,-0.076365,0.069556,-0.119564,-0.117247,0.088610,-0.205541,-0.424643,0.008346,0.352053,0.558593,-0.010627,0.430238,0.145216,0.035256,0.322748,-0.364190,-0.000960,-0.388824,0.015765,0.037315,0.311964,0.616120,-0.014404,-0.311758
510,5.100000,0.007039,0.397150,-0.003952,-0.917718,-0.127481,0.089353,-0.116096,0.000485,-0.172190,0.073300,-0.134746,0.822536,-0.143001,0.125774,-0.005431,0.954475,-0.076721,0.069524,-0.119381,0.856790,-0.118013,0.088813,-0.204828,0.898447,0.001939,0.035658,0.000129,-0.999362,0.091136,0.009172,0.119400,0.000660,-0.425078,0.008090,0.352937,0.745122,0.557984,-0.009764,0.430363,0.729598,0.145448,0.034947,0.323081,0.874179,-0.363835,-0.000421,-0.389704,0.728798,0.016204,0.037018,0.311936,0.869489,0.616090,-0.014835,-0.312211,0.845352,-0.171454,0.073492,-0.134821,-0.143022,0.125688,-0.005151,-0.077208,0.069655,-0.119169,-0.118241,0.088577,-0.205246,-0.424644,0.008352,0.352055,0.558547,-0.010609,0.430206,0.145239,0.035247,0.322754,-0.364182,-0.000961,-0.388827,0.015772,0.037295,0.311980,0.616134,-0.014408,-0.311759
511,5.110000,0.006947,0.396992,-0.003028,-0.917791,-0.128448,0.089297,-0.115754,0.000389,-0.173189,0.073334,-0.134404,0.807326,-0.143872,0.125643,-0.005051,0.934255,-0.077722,0.069389,-0.119073,0.870506,-0.119010,0.088822,-0.204489,0.921479,0.001928,0.035655,0.000136,-0.999362,0.091137,0.009177,0.119386,0.000645,-0.425076,0.008096,0.352925,0.748690,0.557986,-0.009772,0.430346,0.757438,0.145451,0.034946,0.323066,0.882909,-0.363837,-0.000400,-0.389716,0.726318,0.016207,0.037019,0.311922,0.873486,0.616089,-0.014828,-0.312229,0.843121,-0.172419,0.073366,-0.134420,-0.143944,0.125692,-0.004803,-0.078238,0.069352,-0.119053,-0.119192,0.088777,-0.204741,-0.424654,0.008348,0.352048,0.558487,-0.010583,0.430160,0.145268,0.035246,0.322756,-0.364176,-0.000952,-0.388833,0.015790,0.037302,0.311970,0.616137,-0.014402,-0.311771
512,5.120000,0.006494,0.397005,-0.004070,-0.917785,-0.129376,0.089305,-0.115444,0.000442,-0.174080,0.073240,-0.134094,0.807326,-0.144883,0.125615,-0.004740,0.934255,-0.078604,0.069512,-0.118762,0.870506,-0.119936,0.088851,-0.204179,0.921479,0.001901,0.035671,0.000134,-0.999362,0.091135,0.009172,0.119396,0.000642,-0.425085,0.008076,0.352919,0.748690,0.557975,-0.009791,0.430369,0.757438,0.145442,0.034931,0.323079,0.882909,-0.363822,-0.000380,-0.389721,0.726318,0.016199,0.037004,0.311932,0.873486,0.616101,-0.014807,-0.312204,0.843121,-0.173239,0.073245,-0.134154,-0.144925,0.125668,-0.004518,-0.079171,0.069472,-0.118674,-0.120152,0.088834,-0.204430,-0.424657,0.008326,0.352073,0.558428,-0.010622,0.430123,0.145294,0.035256,0.322771,-0.364179,-0.000948,-0.388834,0.015778,0.037281,0.311982,0.616166,-0.014373,-0.311710
513,5.130000,0.006362,0.397552,-0.005328,-0.917542,-0.130264,0.089502,-0.115085,0.000416,-0.174907,0.073316,-0.133776,0.837912,-0.145990,0.125859,-0.004428,0.952346,-0.079440,0.069830,-0.118329,0.857948,-0.120718,0.089005,-0.203808,0.903524,0.001925,0.035637,0.000147,-0.999363,0.091127,0.009174,0.119369,0.000634,-0.425077,0.008104,0.352927,0.753771,0.557988,-0.009788,0.430312,0.759903,0.145450,0.034941,0.323048,0.892647,-0.363865,-0.000389,-0.389716,0.727078,0.016205,0.037017,0.311908,0.869650,0.616063,-0.014840,-0.312265,0.835612,-0.174274,0.073441,-0.133840,-0.145954,0.125771,-0.004262,-0.079952,0.069970,-0.118125,-0.120875,0.088828,-0.204113,-0.424654,0.008352,0.352073,0.558401,-0.010606,0.430025,0.145312,0.035240,0.322772,-0.364183,-0.000955,-0.388839,0.015785,0.037318,0.311977,0.616126,-0.014406,-0.311776
514,5.140000,0.006333,0.397545,-0.005266,-0.917546,-0.131066,0.089474,-0.114798,0.000471,-0.175711,0.073293,-0.133490,0.837912,-0.146787,0.125820,-0.004137,0.952346,-0.080244,0.069797,-0.118045,0.857948,-0.121521,0.088985,-0.203522,0.903524,0.001914,0.035627,0.000148,-0.999363,0.091119,0.009165,0.119368,0.000640,-0.425080,0.008089,0.352936,0.753771,0.557986,-0.009804,0.430301,0.759903,0.145445,0.034927,0.323046,0.892647,-0.363883,-0.000387,-0.389709,0.727078,0.016201,0.037003,0.311909,0.869650,0.616047,-0.014840,-0.312277,0.835612,-0.174973,0.073474,-0.133602,-0.146770,0.125713,-0.003956,-0.080759,0.069944,-0.117814,-0.121761,0.088763,-0.203821,-0.424639,0.008340,0.352063,0.558371,-0.010609,0.429967,0.145322,0.035214,0.322792,-0.364195,-0.000949,-0.388832,0.015771,0.037308,0.311982,0.616110,-0.014410,-0.311761
515,5.150000,0.006670,0.397519,-0.003950,-0.917561,-0.131781,0.089440,-0.114580,0.000431,-0.176470,0.073387,-0.133276,0.794857,-0.147400,0.125781,-0.003902,0.942990,-0.081012,0.069629,-0.117837,0.849881,-0.122241,0.088963,-0.203304,0.910612,0.001911,0.035624,0.000157,-0.999363,0.091117,0.009171,0.119357,0.000644,-0.425081,0.008102,0.352929,0.747206,0.557985,-0.009809,0.430287,0.764241,0.145445,0.034930,0.323035,0.895356,-0.363889,-0.000369,-0.389716,0.726012,0.016200,0.037009,0.311899,0.866786,0.616040,-0.014840,-0.312292,0.831657,-0.175651,0.073436,-0.133280,-0.147441,0.125793,-0.003678,-0.081607,0.069638,-0.117754,-0.122418,0.088893,-0.203607,-0.424629,0.008354,0.352060,0.558324,-0.010616,0.429935,0.145350,0.035247,0.322779,-0.364200,-0.000939,-0.388833,0.015758,0.037293,0.311990,0.616119,-0.014410,-0.311780
516,5.160000,0.006045,0.397250,-0.004709,-0.917678,-0.132417,0.089471,-0.114359,0.000404,-0.177087,0.073344,-0.133037,0.794857,-0.148038,0.125722,-0.003652,0.942990,-0.081613,0.069757,-0.117657,0.849881,-0.122930,0.089060,-0.203089,0.910612,0.001906,0.035614,0.000152,-0.999364,0.091116,0.009176,0.119357,0.000639,-0.425077,0.008101,0.352939,0.747206,0.557991,-0.009801,0.430278,0.764241,0.145448,0.034935,0.323034,0.895356,-0.363899,-0.000364,-0.389708,0.726012,0.016203,0.037012,0.311901,0.866786,0.616032,-0.014826,-0.312302,0.831657,-0.176322,0.073385,-0.132980,-0.148057,0.125713,-0.003477,-0.082275,0.069807,-0.117640,-0.123014,0.088979,-0.203338,-0.424630,0.008354,0.352062,0.558311,-0.010613,0.429901,0.145349,0.035250,0.322803,-0.364201,-0.000941,-0.388815,0.015783,0.037302,0.311991,0.616108,-0.014394,-0.311791
517,5.170000,0.005747,0.397251,-0.005131,-0.917678,-0.133065,0.089506,-0.114210,0.000388,-0.177718,0.073337,-0.132892,0.811681,-0.148721,0.125718,-0.003496,0.961475,-0.082241,0.069844,-0.117513,0.855632,-0.123578,0.089124,-0.202941,0.937647,0.001336,0.035881,0.000540,-0.999355,0.091292,0.009425,0.119230,0.000639,-0.425028,0.008455,0.352534,0.839749,0.557986,-0.010258,0.430378,0.836448,0.145533,0.034906,0.322966,0.895021,-0.363458,0.000813,-0.390089,0.835913,0.016295,0.037091,0.311766,0.849391,0.616421,-0.014458,-0.312176,0.870961,-0.176971,0.073422,-0.132848,-0.148767,0.125694,-0.003351,-0.082817,0.069884,-0.117512,-0.123703,0.089023,-0.203131,-0.424635,0.008321,0.352046,0.558227,-0.010627,0.429895,0.145356,0.035249,0.322802,-0.363074,0.000701,-0.389568,0.015776,0.037307,0.311983,0.616099,-0.014401,-0.311777
518,5.180000,0.005677,0.397457,-0.005345,-0.917588,-0.133647,0.089607,-0.113988,0.000452,-0.178285,0.073417,-0.132689,0.811681,-0.149370,0.125816,-0.003282,0.961475,-0.082813,0.069968,-0.117267,0.855632,-0.124121,0.089225,-0.202714,0.937647,0.001356,0.035881,0.000557,-0.999355,0.091294,0.009417,0.119235,0.000637,-0.425025,0.008475,0.352539,0.839749,0.557988,-0.010271,0.430383,0.836448,0.145537,0.034904,0.322970,0.895021,-0.363456,0.000802,-0.390084,0.835913,0.016299,0.037093,0.311770,0.849391,0.616423,-0.014502,-0.312171,0.870961,-0.177541,0.073622,-0.132714,-0.149385,0.125698,-0.003120,-0.083345,0.070114,-0.117114,-0.124318,0.088991,-0.203002,-0.424639,0.008358,0.352068,0.558217,-0.010666,0.429882,0.145373,0.035269,0.322811,-0.363063,0.000669,-0.389573,0.015772,0.037297,0.311986,0.616105,-0.014426,-0.311769
519,5.190000,0.005904,0.397433,-0.003916,-0.917604,-0.134223,0.089541,-0.113940,0.000399,-0.178907,0.073491,-0.132651,0.799681,-0.149840,0.125715,-0.003207,0.943235,-0.083445,0.069763,-0.117235,0.860855,-0.124701,0.089197,-0.202667,0.914873,0.001896,0.035651,0.000145,-0.999363,0.091101,0.009176,0.119368,0.000643,-0.425110,0.008088,0.352912,0.750017,0.557953,-0.009801,0.430323,0.752117,0.145417,0.034931,0.323050,0.894258,-0.363877,-0.000361,-0.389730,0.716136,0.016173,0.037007,0.311907,0.873881,0.616049,-0.014810,-0.312253,0.823311,-0.178119,0.073631,-0.132635,-0.149907,0.125676,-0.002994,-0.083997,0.069824,-0.117217,-0.124869,0.089035,-0.202914,-0.424647,0.008334,0.352061,0.558175,-0.010664,0.429888,0.145393,0.035284,0.322818,-0.364197,-0.000964,-0.388822,0.015771,0.037299,0.311991,0.616123,-0.014366,-0.311708
520,5.200000,0.005435,0.397078,-0.004523,-0.917758,-0.134854,0.089513,-0.113884,0.000397,-0.179529,0.073403,-0.132566,0.799681,-0.150438,0.125622,-0.003126,0.943235,-0.084049,0.069810,-0.117227,0.860855,-0.125401,0.089216,-0.202618,0.914873,0.001320,0.035900,0.000541,-0.999354,0.091288,0.009417,0.119258,0.000646,-0.425040,0.008441,0.352542,0.750017,0.557970,-0.010276,0.430423,0.752117,0.145521,0.034892,0.322997,0.894258,-0.363442,0.000823,-0.390079,0.716136,0.016285,0.037077,0.311792,0.873881,0.616434,-0.014452,-0.312129,0.823311,-0.178774,0.073479,-0.132607,-0.150491,0.125634,-0.002867,-0.084613,0.069846,-0.117264,-0.125540,0.089092,-0.202800,-0.424648,0.008354,0.352069,0.558163,-0.010700,0.429887,0.145394,0.035272,0.322834,-0.363052,0.000661,-0.389557,0.015738,0.037266,0.312024,0.616132,-0.014348,-0.311709
521,5.210000,0.004871,0.396581,-0.006264,-0.917966,-0.135397,0.089595,-0.113782,0.000447,-0.180034,0.073316,-0.132409,0.820380,-0.150990,0.125686,-0.003019,0.937067,-0.084524,0.070076,-0.117174,0.841174,-0.126041,0.089301,-0.202526,0.918391,0.001338,0.035894,0.000568,-0.999355,0.091289,0.009411,0.119241,0.000626,-0.425036,0.008471,0.352532,0.842929,0.557975,-0.010298,0.430400,0.832852,0.145527,0.034889,0.322978,0.895802,-0.363448,0.000823,-0.390090,0.833512,0.016290,0.037082,0.311775,0.851575,0.616428,-0.014503,-0.312152,0.873844,-0.179329,0.073388,-0.132527,-0.150949,0.125652,-0.002773,-0.085136,0.070197,-0.117050,-0.126175,0.089143,-0.202779,-0.424642,0.008347,0.352059,0.558120,-0.010722,0.429904,0.145424,0.035266,0.322834,-0.363067,0.000674,-0.389564,0.015780,0.037312,0.311974,0.616120,-0.014414,-0.311762
522,5.220000,0.004930,0.396742,-0.005513,-0.917900,-0.135998,0.089648,-0.113780,0.000460,-0.180651,0.073442,-0.132431,0.820380,-0.151579,0.125707,-0.003005,0.937067,-0.085152,0.070058,-0.117163,0.841174,-0.126610,0.089384,-0.202521,0.918391,0.001868,0.035649,0.000177,-0.999363,0.091108,0.009173,0.119369,0.000643,-0.425102,0.008104,0.352916,0.842929,0.557960,-0.009851,0.430321,0.832852,0.145426,0.034913,0.323052,0.895802,-0.363873,-0.000304,-0.389727,0.833512,0.016182,0.036998,0.311911,0.851575,0.616052,-0.014820,-0.312256,0.873844,-0.179880,0.073575,-0.132507,-0.151538,0.125611,-0.002855,-0.085797,0.070215,-0.116998,-0.126778,0.089191,-0.202759,-0.424619,0.008367,0.352073,0.558122,-0.010703,0.429863,0.145419,0.035225,0.322848,-0.364193,-0.000935,-0.388808,0.015786,0.037317,0.311987,0.616139,-0.014365,-0.311719
523,5.230000,0.005126,0.396397,-0.005271,-0.918050,-0.136571,0.089720,-0.113784,0.000443,-0.181248,0.073537,-0.132398,0.827810,-0.152047,0.125807,-0.003003,0.939773,-0.085739,0.070099,-0.117202,0.840065,-0.127250,0.089435,-0.202532,0.891215,0.001883,0.035625,0.000181,-0.999363,0.091097,0.009160,0.119365,0.000644,-0.425102,0.008103,0.352935,0.742119,0.557964,-0.009858,0.430295,0.756068,0.145426,0.034906,0.323045,0.899871,-0.363908,-0.000330,-0.389710,0.713783,0.016181,0.036991,0.311909,0.871929,0.616021,-0.014850,-0.312284,0.826896,-0.180585,0.073710,-0.132469,-0.152000,0.125682,-0.002802,-0.086312,0.070303,-0.117004,-0.127387,0.089183,-0.202859,-0.424622,0.008364,0.352060,0.558108,-0.010708,0.429838,0.145441,0.035250,0.322840,-0.364204,-0.000948,-0.388793,0.015774,0.037283,0.312017,0.616100,-0.014403,-0.311761
524,5.240000,0.005457,0.396578,-0.003839,-0.917977,-0.137203,0.089631,-0.113882,0.000414,-0.181919,0.073587,-0.132523,0.827810,-0.152621,0.125704,-0.003088,0.939773,-0.086427,0.069865,-0.117289,0.840065,-0.127847,0.089366,-0.202626,0.891215,0.001903,0.035644,0.000165,-0.999363,0.091102,0.009183,0.119371,0.000654,-0.425105,0.008119,0.352922,0.742119,0.557958,-0.009809,0.430319,0.756068,0.145422,0.034939,0.323051,0.899871,-0.363883,-0.000341,-0.389721,0.713783,0.016178,0.037019,0.311910,0.871929,0.616043,-0.014829,-0.312258,0.826896,-0.181091,0.073679,-0.132549,-0.152689,0.125713,-0.002807,-0.087018,0.069899,-0.117312,-0.128004,0.089232,-0.202860,-0.424612,0.008361,0.352083,0.558075,-0.010702,0.429831,0.145444,0.035292,0.322846,-0.364208,-0.000971,-0.388783,0.015805,0.037336,0.311970,0.616112,-0.014377,-0.311697
525,5.250000,0.005341,0.396419,-0.003919,-0.918046,-0.137700,0.089606,-0.113961,0.000399,-0.182418,0.073555,-0.132589,0.813296,-0.153087,0.125660,-0.003157,0.926663,-0.086920,0.069853,-0.117390,0.857189,-0.128374,0.089357,-0.202709,0.921467,0.001870,0.035643,0.000173,-0.999363,0.091096,0.009168,0.119376,0.000652,-0.425111,0.008095,0.352928,0.742030,0.557952,-0.009852,0.430322,0.746572,0.145417,0.034909,0.323058,0.901433,-0.363891,-0.000316,-0.389716,0.713476,0.016173,0.036992,0.311918,0.874032,0.616036,-0.014823,-0.312255,0.821195,-0.181674,0.073606,-0.132625,-0.153129,0.125684,-0.002868,-0.087490,0.069882,-0.117378,-0.128507,0.089253,-0.202974,-0.424605,0.008348,0.352065,0.558052,-0.010728,0.429823,0.145450,0.035255,0.322871,-0.364198,-0.000930,-0.388798,0.015779,0.037297,0.311998,0.616112,-0.014375,-0.311702
526,5.260000,0.005158,0.396401,-0.004024,-0.918054,-0.138205,0.089620,-0.114121,0.000389,-0.182919,0.073558,-0.132751,0.818191,-0.153600,0.125640,-0.003307,0.960470,-0.087419,0.069885,-0.117557,0.852167,-0.128883,0.089396,-0.202869,0.934935,0.001314,0.035899,0.000561,-0.999354,0.091281,0.009422,0.119256,0.000642,-0.425046,0.008464,0.352542,0.839152,0.557964,-0.010294,0.430419,0.822571,0.145517,0.034892,0.322995,0.892853,-0.363451,0.000852,-0.390079,0.829542,0.016280,0.037083,0.311791,0.851495,0.616425,-0.014463,-0.312133,0.867043,-0.182192,0.073556,-0.132785,-0.153597,0.125660,-0.003150,-0.088003,0.069893,-0.117465,-0.129028,0.089372,-0.203084,-0.424618,0.008350,0.352075,0.558007,-0.010731,0.429862,0.145470,0.035293,0.322852,-0.363054,0.000689,-0.389549,0.015769,0.037294,0.312008,0.616116,-0.014361,-0.311712
527,5.270000,0.005239,0.396411,-0.004215,-0.918049,-0.138716,0.089606,-0.114276,0.000419,-0.183424,0.073526,-0.132903,0.818191,-0.154123,0.125655,-0.003473,0.960470,-0.087924,0.069884,-0.117705,0.852167,-0.129392,0.089359,-0.203024,0.934935,0.001307,0.035916,0.000594,-0.999354,0.091275,0.009414,0.119257,0.000629,-0.425060,0.008485,0.352526,0.839152,0.557946,-0.010339,0.430436,0.822571,0.145505,0.034876,0.322999,0.892853,-0.363440,0.000882,-0.390094,0.829542,0.016269,0.037076,0.311790,0.851495,0.616432,-0.014499,-0.312114,0.867043,-0.182625,0.073605,-0.132924,-0.154151,0.125635,-0.003309,-0.088508,0.069921,-0.117618,-0.129578,0.089264,-0.203254,-0.424635,0.008367,0.352079,0.557978,-0.010770,0.429898,0.145450,0.035253,0.322872,-0.363042,0.000721,-0.389571,0.015773,0.037309,0.311979,0.616128,-0.014400,-0.311713
528,5.280000,0.005167,0.396372,-0.005579,-0.918058,-0.139219,0.089664,-0.114432,0.000451,-0.183888,0.073452,-0.133039,0.822044,-0.154709,0.125778,-0.003662,0.947206,-0.088377,0.070069,-0.117846,0.833653,-0.129903,0.089356,-0.203180,0.907637,0.001317,0.035910,0.000584,-0.999354,0.091259,0.009393,0.119254,0.000608,-0.425074,0.008459,0.352528,0.840256,0.557934,-0.010343,0.430428,0.831613,0.145491,0.034861,0.322994,0.897466,-0.363462,0.000842,-0.390092,0.834661,0.016254,0.037058,0.311787,0.855927,0.616411,-0.014518,-0.312123,0.879516,-0.183188,0.073551,-0.133117,-0.154653,0.125701,-0.003473,-0.088998,0.070221,-0.117660,-0.130038,0.089182,-0.203476,-0.424653,0.008330,0.352065,0.557940,-0.010782,0.429917,0.145466,0.035258,0.322893,-0.363075,0.000680,-0.389581,0.015771,0.037296,0.311991,0.616105,-0.014423,-0.311763
529,5.290000,0.005094,0.397142,-0.005194,-0.917728,-0.139754,0.089666,-0.114595,0.000477,-0.184402,0.073490,-0.133284,0.822044,-0.155406,0.125741,-0.003835,0.947206,-0.088919,0.070040,-0.117933,0.833653,-0.130289,0.089391,-0.203328,0.907637,0.001303,0.035927,0.000570,-0.999353,0.091255,0.009397,0.119267,0.000611,-0.425086,0.008442,0.352524,0.840256,0.557920,-0.010334,0.430457,0.831613,0.145479,0.034861,0.323010,0.897466,-0.363448,0.000847,-0.390094,0.834661,0.016243,0.037055,0.311799,0.855927,0.616423,-0.014487,-0.312092,0.879516,-0.183677,0.073651,-0.133308,-0.155365,0.125613,-0.003710,-0.089529,0.070216,-0.117719,-0.130445,0.089183,-0.203644,-0.424671,0.008337,0.352066,0.557918,-0.010796,0.429928,0.145470,0.035249,0.322903,-0.363073,0.000661,-0.389574,0.015759,0.037298,0.311984,0.616129,-0.014365,-0.311704
530,5.300000,0.005156,0.397748,-0.005614,-0.917463,-0.140220,0.089757,-0.114769,0.000453,-0.184831,0.073541,-0.133510,0.818583,-0.156044,0.125870,-0.004046,0.957205,-0.089366,0.070167,-0.118031,0.835442,-0.130637,0.089451,-0.203489,0.909876,0.001309,0.035922,0.000589,-0.999354,0.091253,0.009391,0.119259,0.000610,-0.425086,0.008459,0.352521,0.844195,0.557920,-0.010355,0.430445,0.832022,0.145480,0.034855,0.323002,0.897923,-0.363455,0.000853,-0.390097,0.835002,0.016244,0.037054,0.311791,0.855939,0.616416,-0.014518,-0.312105,0.884237,-0.184117,0.073655,-0.133574,-0.155991,0.125777,-0.003913,-0.089973,0.070314,-0.117824,-0.130797,0.089284,-0.203766,-0.424660,0.008353,0.352078,0.557873,-0.010793,0.429938,0.145493,0.035251,0.322901,-0.363058,0.000680,-0.389600,0.015754,0.037266,0.312008,0.616116,-0.014410,-0.311769
531,5.310000,0.005670,0.398335,-0.003742,-0.917215,-0.140784,0.089711,-0.115060,0.000390,-0.185433,0.073676,-0.133868,0.818583,-0.156614,0.125823,-0.004338,0.957205,-0.090001,0.069928,-0.118267,0.835442,-0.131087,0.089416,-0.203768,0.909876,0.001305,0.035924,0.000595,-0.999354,0.091253,0.009394,0.119253,0.000599,-0.425087,0.008465,0.352512,0.844195,0.557918,-0.010360,0.430440,0.832022,0.145479,0.034855,0.322995,0.897923,-0.363454,0.000865,-0.390106,0.835002,0.016243,0.037055,0.311784,0.855939,0.616417,-0.014517,-0.312110,0.884237,-0.184672,0.073768,-0.133860,-0.156657,0.125800,-0.004172,-0.090557,0.069968,-0.118223,-0.131250,0.089308,-0.203987,-0.424662,0.008331,0.352075,0.557850,-0.010820,0.429953,0.145492,0.035258,0.322918,-0.363061,0.000690,-0.389606,0.015781,0.037315,0.311966,0.616115,-0.014411,-0.311790
532,5.320000,0.005673,0.398757,-0.004540,-0.917028,-0.141243,0.089728,-0.115275,0.000468,-0.185851,0.073615,-0.134113,0.806909,-0.157227,0.125888,-0.004590,0.952915,-0.090428,0.070017,-0.118423,0.841415,-0.131465,0.089390,-0.203973,0.907429,0.001327,0.035930,0.000596,-0.999353,0.091251,0.009385,0.119256,0.000605,-0.425091,0.008469,0.352510,0.842251,0.557912,-0.010356,0.430450,0.831706,0.145475,0.034856,0.322998,0.897346,-0.363449,0.000835,-0.390107,0.834021,0.016239,0.037056,0.311786,0.864247,0.616420,-0.014547,-0.312099,0.886404,-0.185091,0.073714,-0.134208,-0.157195,0.125827,-0.004414,-0.091022,0.070126,-0.118227,-0.131663,0.089243,-0.204249,-0.424659,0.008340,0.352069,0.557809,-0.010814,0.429967,0.145509,0.035255,0.322909,-0.363068,0.000658,-0.389594,0.015791,0.037309,0.311959,0.616124,-0.014437,-0.311772
533,5.330000,0.005636,0.398649,-0.005135,-0.917072,-0.141723,0.089724,-0.115570,0.000513,-0.186318,0.073554,-0.134391,0.806909,-0.157721,0.125911,-0.004896,0.952915,-0.090887,0.070069,-0.118723,0.841415,-0.131966,0.089361,-0.204271,0.907429,0.001314,0.035937,0.000588,-0.999353,0.091258,0.009398,0.119263,0.000622,-0.425087,0.008467,0.352509,0.842251,0.557916,-0.010344,0.430462,0.831706,0.145479,0.034865,0.323006,0.897346,-0.363434,0.000854,-0.390108,0.834021,0.016243,0.037063,0.311792,0.864247,0.616434,-0.014514,-0.312085,0.886404,-0.185565,0.073637,-0.134505,-0.157670,0.125854,-0.004711,-0.091469,0.070172,-0.118438,-0.132188,0.089233,-0.204627,-0.424641,0.008350,0.352063,0.557794,-0.010815,0.429973,0.145521,0.035251,0.322916,-0.363064,0.000663,-0.389576,0.015804,0.037329,0.311932,0.616136,-0.014387,-0.311733
534,5.340000,0.005862,0.398895,-0.004332,-0.916968,-0.142154,0.089645,-0.115863,0.000462,-0.186765,0.073553,-0.134712,0.822809,-0.158153,0.125833,-0.005189,0.936942,-0.091349,0.069907,-0.118992,0.850294,-0.132349,0.089286,-0.204558,0.899279,0.001310,0.035936,0.000581,-0.999353,0.091261,0.009384,0.119271,0.000632,-0.425084,0.008444,0.352519,0.836012,0.557920,-0.010353,0.430470,0.822982,0.145482,0.034850,0.323015,0.897369,-0.363433,0.000837,-0.390098,0.831741,0.016246,0.037046,0.311801,0.864955,0.616436,-0.014518,-0.312078,0.877784,-0.186067,0.073638,-0.134803,-0.158127,0.125792,-0.004942,-0.091910,0.070014,-0.118812,-0.132512,0.089134,-0.204894,-0.424622,0.008344,0.352064,0.557794,-0.010830,0.429962,0.145534,0.035249,0.322932,-0.363067,0.000637,-0.389569,0.015789,0.037289,0.311955,0.616139,-0.014382,-0.311714
535,5.350000,0.005993,0.398588,-0.004348,-0.917100,-0.142492,0.089574,-0.116231,0.000461,-0.187117,0.073480,-0.135046,0.822809,-0.158415,0.125791,-0.005556,0.936942,-0.091691,0.069831,-0.119389,0.850294,-0.132747,0.089192,-0.204933,0.899279,0.001866,0.035702,0.000202,-0.999361,0.091087,0.009157,0.119389,0.000639,-0.425147,0.008112,0.352880,0.836012,0.557906,-0.009892,0.430390,0.822982,0.145386,0.034893,0.323078,0.897369,-0.363840,-0.000296,-0.389756,0.831741,0.016143,0.036984,0.311922,0.864955,0.616077,-0.014858,-0.312180,0.877784,-0.186347,0.073542,-0.135089,-0.158412,0.125781,-0.005241,-0.092362,0.069930,-0.119320,-0.132850,0.089040,-0.205274,-0.424605,0.008341,0.352062,0.557784,-0.010810,0.429976,0.145533,0.035265,0.322937,-0.364172,-0.000956,-0.388829,0.015824,0.037329,0.311931,0.616146,-0.014392,-0.311705
536,5.360000,0.006415,0.398323,-0.003803,-0.917215,-0.142755,0.089613,-0.116568,0.000467,-0.187412,0.073574,-0.135352,0.789056,-0.158566,0.125890,-0.005896,0.931564,-0.091982,0.069801,-0.119747,0.846644,-0.133060,0.089188,-0.205275,0.908526,0.001347,0.035922,0.000583,-0.999354,0.091262,0.009398,0.119263,0.000638,-0.425076,0.008478,0.352525,0.831717,0.557929,-0.010320,0.430450,0.827950,0.145489,0.034878,0.323004,0.896693,-0.363446,0.000816,-0.390093,0.828119,0.016253,0.037074,0.311793,0.868227,0.616425,-0.014539,-0.312099,0.881350,-0.186574,0.073642,-0.135421,-0.158595,0.125895,-0.005624,-0.092588,0.069844,-0.119660,-0.133249,0.089074,-0.205567,-0.424609,0.008337,0.352062,0.557771,-0.010777,0.429961,0.145546,0.035281,0.322930,-0.363067,0.000644,-0.389546,0.015816,0.037337,0.311929,0.616116,-0.014432,-0.311755
537,5.370000,0.006425,0.398056,-0.003355,-0.917332,-0.142907,0.089636,-0.116931,0.000422,-0.187589,0.073640,-0.135694,0.789056,-0.158624,0.125889,-0.006238,0.931564,-0.092153,0.069783,-0.120146,0.846644,-0.133264,0.089233,-0.205644,0.908526,0.001314,0.035946,0.000588,-0.999353,0.091273,0.009398,0.119269,0.000643,-0.425076,0.008467,0.352507,0.831717,0.557925,-0.010344,0.430477,0.827950,0.145490,0.034865,0.323014,0.896693,-0.363411,0.000854,-0.390109,0.828119,0.016255,0.037063,0.311797,0.868227,0.616456,-0.014515,-0.312070,0.881350,-0.186805,0.073647,-0.135737,-0.158632,0.125911,-0.006061,-0.092751,0.069785,-0.120042,-0.133441,0.089202,-0.205882,-0.424608,0.008338,0.352040,0.557763,-0.010822,0.429983,0.145542,0.035259,0.322937,-0.363046,0.000663,-0.389553,0.015844,0.037341,0.311910,0.616143,-0.014389,-0.311700
538,5.380000,0.006068,0.397562,-0.003971,-0.917547,-0.143055,0.089635,-0.117292,0.000410,-0.187734,0.073579,-0.136010,0.806627,-0.158702,0.125848,-0.006576,0.953979,-0.092276,0.069854,-0.120566,0.835219,-0.133508,0.089260,-0.206016,0.933090,0.001868,0.035719,0.000215,-0.999360,0.091084,0.009153,0.119395,0.000640,-0.425159,0.008122,0.352869,0.751307,0.557891,-0.009907,0.430412,0.743361,0.145376,0.034889,0.323086,0.893633,-0.363827,-0.000290,-0.389766,0.696433,0.016134,0.036983,0.311926,0.883256,0.616087,-0.014878,-0.312156,0.833058,-0.186963,0.073636,-0.136011,-0.158708,0.125828,-0.006393,-0.092930,0.069925,-0.120530,-0.133619,0.089153,-0.206234,-0.424624,0.008346,0.352061,0.557748,-0.010827,0.429980,0.145532,0.035260,0.322947,-0.364180,-0.000960,-0.388817,0.015824,0.037332,0.311936,0.616174,-0.014414,-0.311684
539,5.390000,0.006522,0.397464,-0.003608,-0.917587,-0.143129,0.089631,-0.117766,0.000410,-0.187828,0.073611,-0.136466,0.806627,-0.158716,0.125920,-0.007067,0.953979,-0.092371,0.069796,-0.121040,0.835219,-0.133600,0.089198,-0.206492,0.933090,0.001319,0.035963,0.000591,-0.999352,0.091266,0.009412,0.119272,0.000622,-0.425091,0.008486,0.352491,0.751307,0.557908,-0.010329,0.430495,0.743361,0.145477,0.034880,0.323018,0.893633,-0.363401,0.000865,-0.390122,0.696433,0.016242,0.037079,0.311797,0.883256,0.616464,-0.014508,-0.312050,0.833058,-0.187007,0.073685,-0.136430,-0.158773,0.125915,-0.006877,-0.092988,0.069824,-0.121049,-0.133738,0.089101,-0.206708,-0.424645,0.008346,0.352059,0.557753,-0.010804,0.429978,0.145521,0.035274,0.322947,-0.363048,0.000680,-0.389589,0.015834,0.037367,0.311903,0.616184,-0.014390,-0.311669
540,5.400000,0.007107,0.397292,-0.003206,-0.917659,-0.143238,0.089582,-0.118264,0.000395,-0.187964,0.073602,-0.136936,0.807884,-0.158742,0.125973,-0.007586,0.935737,-0.092505,0.069683,-0.121541,0.855955,-0.133742,0.089071,-0.206993,0.908568,0.001864,0.035729,0.000199,-0.999360,0.091070,0.009145,0.119395,0.000624,-0.425177,0.008096,0.352859,0.759569,0.557872,-0.009902,0.430421,0.744111,0.145357,0.034881,0.323087,0.888120,-0.363830,-0.000308,-0.389774,0.701918,0.016115,0.036971,0.311925,0.889639,0.616082,-0.014866,-0.312146,0.831882,-0.187203,0.073707,-0.136914,-0.158794,0.125951,-0.007336,-0.093077,0.069745,-0.121507,-0.133879,0.088926,-0.207299,-0.424673,0.008325,0.352073,0.557734,-0.010819,0.429988,0.145527,0.035271,0.322947,-0.364193,-0.000967,-0.388849,0.015806,0.037287,0.311936,0.616181,-0.014400,-0.311672
541,5.410000,0.006907,0.396922,-0.003403,-0.917820,-0.143344,0.089532,-0.118711,0.000441,-0.188077,0.073533,-0.137350,0.807884,-0.158777,0.125892,-0.008013,0.935737,-0.092604,0.069660,-0.122034,0.855955,-0.133920,0.089044,-0.207447,0.908568,0.001873,0.035739,0.000209,-0.999359,0.091084,0.009170,0.119380,0.000625,-0.425168,0.008135,0.352833,0.759569,0.557879,-0.009881,0.430415,0.744111,0.145367,0.034908,0.323072,0.888120,-0.363806,-0.000284,-0.389799,0.701918,0.016125,0.037001,0.311907,0.889639,0.616104,-0.014860,-0.312150,0.831882,-0.187310,0.073616,-0.137437,-0.158816,0.125899,-0.007719,-0.093134,0.069699,-0.121956,-0.134117,0.088914,-0.207733,-0.424668,0.008341,0.352072,0.557746,-0.010812,0.429992,0.145526,0.035272,0.322946,-0.364192,-0.000958,-0.388857,0.015849,0.037373,0.311863,0.616191,-0.014391,-0.311661
542,5.420000,0.007136,0.396983,-0.003236,-0.917793,-0.143465,0.089542,-0.119133,0.000449,-0.188203,0.073559,-0.137773,0.800969,-0.158895,0.125942,-0.008448,0.918148,-0.092734,0.069644,-0.122443,0.852664,-0.134029,0.089024,-0.207868,0.914781,0.001868,0.035744,0.000205,-0.999359,0.091097,0.009171,0.119373,0.000619,-0.425158,0.008130,0.352820,0.773252,0.557888,-0.009880,0.430414,0.743902,0.145378,0.034908,0.323066,0.902794,-0.363787,-0.000282,-0.389811,0.695524,0.016136,0.036999,0.311900,0.878499,0.616122,-0.014851,-0.312151,0.829923,-0.187414,0.073609,-0.137866,-0.158928,0.125973,-0.008123,-0.093321,0.069679,-0.122402,-0.134198,0.088909,-0.208140,-0.424663,0.008327,0.352086,0.557750,-0.010804,0.429995,0.145523,0.035246,0.322943,-0.364165,-0.000955,-0.388870,0.015868,0.037400,0.311837,0.616212,-0.014381,-0.311668
543,5.430000,0.007574,0.397083,-0.002644,-0.917747,-0.143644,0.089604,-0.119564,0.000434,-0.188400,0.073679,-0.138210,0.800969,-0.159047,0.126062,-0.008895,0.918148,-0.092940,0.069633,-0.122856,0.852664,-0.134188,0.089043,-0.208297,0.914781,0.001871,0.035749,0.000210,-0.999359,0.091100,0.009172,0.119368,0.000618,-0.425156,0.008137,0.352811,0.773252,0.557889,-0.009882,0.430413,0.743902,0.145380,0.034909,0.323062,0.902794,-0.363779,-0.000279,-0.389820,0.695524,0.016138,0.037002,0.311894,0.878499,0.616130,-0.014857,-0.312152,0.829923,-0.187553,0.073823,-0.138226,-0.159119,0.126029,-0.008664,-0.093479,0.069682,-0.122789,-0.134402,0.088886,-0.208578,-0.424660,0.008337,0.352068,0.557759,-0.010822,0.429994,0.145528,0.035277,0.322930,-0.364167,-0.000957,-0.388874,0.015859,0.037381,0.311851,0.616228,-0.014388,-0.311676
544,5.440000,0.007499,0.396965,-0.003027,-0.917798,-0.143794,0.089641,-0.120003,0.000452,-0.188543,0.073679,-0.138633,0.802203,-0.159196,0.126106,-0.009335,0.933834,-0.093076,0.069708,-0.123304,0.869077,-0.134361,0.089072,-0.208737,0.883040,0.001302,0.035973,0.000596,-0.999352,0.091294,0.009415,0.119251,0.000618,-0.425068,0.008486,0.352459,0.847046,0.557929,-0.010342,0.430483,0.820322,0.145501,0.034875,0.322999,0.900991,-0.363362,0.000890,-0.390153,0.834131,0.016266,0.037076,0.311775,0.878207,0.616501,-0.014495,-0.312060,0.873286,-0.187784,0.073886,-0.138716,-0.159232,0.126015,-0.009089,-0.093560,0.069836,-0.123149,-0.134600,0.088827,-0.209056,-0.424641,0.008345,0.352044,0.557777,-0.010830,0.429979,0.145545,0.035263,0.322933,-0.363022,0.000697,-0.389617,0.015890,0.037381,0.311824,0.616217,-0.014367,-0.311660
545,5.450000,0.007743,0.396864,-0.002720,-0.917841,-0.143999,0.089516,-0.120553,0.000429,-0.188765,0.073584,-0.139171,0.802203,-0.159350,0.126015,-0.009889,0.933834,-0.093298,0.069543,-0.123861,0.869077,-0.134586,0.088922,-0.209290,0.883040,0.001315,0.035962,0.000599,-0.999352,0.091305,0.009415,0.119246,0.000630,-0.425052,0.008496,0.352466,0.847046,0.557947,-0.010336,0.430468,0.820322,0.145517,0.034881,0.322992,0.900991,-0.363363,0.000880,-0.390147,0.834131,0.016281,0.037082,0.311771,0.878207,0.616502,-0.014510,-0.312076,0.873286,-0.187998,0.073705,-0.139201,-0.159403,0.125997,-0.009571,-0.093856,0.069621,-0.123816,-0.134742,0.088742,-0.209623,-0.424592,0.008362,0.352039,0.557793,-0.010805,0.429973,0.145542,0.035267,0.322934,-0.363016,0.000698,-0.389603,0.015896,0.037360,0.311818,0.616208,-0.014389,-0.311687
546,5.460000,0.007522,0.396670,-0.002842,-0.917926,-0.144200,0.089490,-0.121048,0.000435,-0.188966,0.073546,-0.139652,0.803351,-0.159517,0.125949,-0.010367,0.914759,-0.093491,0.069538,-0.124385,0.846863,-0.134824,0.088926,-0.209789,0.919661,0.001847,0.035729,0.000209,-0.999360,0.091132,0.009173,0.119351,0.000640,-0.425116,0.008125,0.352814,0.759975,0.557933,-0.009894,0.430377,0.739778,0.145419,0.034901,0.323044,0.896897,-0.363768,-0.000256,-0.389820,0.682343,0.016177,0.036993,0.311881,0.882903,0.616145,-0.014834,-0.312191,0.830712,-0.188185,0.073609,-0.139712,-0.159561,0.125973,-0.010030,-0.094101,0.069591,-0.124403,-0.134952,0.088786,-0.210048,-0.424593,0.008328,0.352034,0.557795,-0.010840,0.429965,0.145558,0.035273,0.322934,-0.364144,-0.000960,-0.388832,0.015927,0.037382,0.311801,0.616197,-0.014363,-0.311707
547,5.470000,0.007540,0.396801,-0.002821,-0.917869,-0.144375,0.089481,-0.121580,0.000416,-0.189137,0.073539,-0.140196,0.803351,-0.159723,0.125943,-0.010903,0.914759,-0.093667,0.069527,-0.124901,0.846863,-0.134974,0.088916,-0.210318,0.919661,0.001854,0.035729,0.000208,-0.999360,0.091140,0.009173,0.119350,0.000636,-0.425107,0.008128,0.352814,0.759975,0.557942,-0.009889,0.430376,0.739778,0.145428,0.034904,0.323043,0.896897,-0.363759,-0.000261,-0.389820,0.682343,0.016186,0.036996,0.311880,0.882903,0.616153,-0.014838,-0.312191,0.830712,-0.188360,0.073567,-0.140277,-0.159770,0.125995,-0.010613,-0.094223,0.069523,-0.124892,-0.135148,0.088842,-0.210537,-0.424586,0.008330,0.352035,0.557820,-0.010821,0.429964,0.145561,0.035270,0.322924,-0.364146,-0.000962,-0.388839,0.015929,0.037385,0.311810,0.616216,-0.014369,-0.311701
548,5.480000,0.007553,0.396941,-0.003094,-0.917808,-0.144504,0.089571,-0.122096,0.000426,-0.189253,0.073602,-0.140722,0.824147,-0.159903,0.126052,-0.011433,0.931949,-0.093785,0.069641,-0.125397,0.870940,-0.135076,0.088989,-0.210831,0.910399,0.001322,0.035966,0.000604,-0.999352,0.091313,0.009417,0.119231,0.000635,-0.425046,0.008506,0.352448,0.842970,0.557952,-0.010336,0.430457,0.823662,0.145523,0.034884,0.322977,0.900964,-0.363352,0.000880,-0.390165,0.827550,0.016288,0.037087,0.311755,0.880780,0.616512,-0.014519,-0.312087,0.874272,-0.188565,0.073697,-0.140836,-0.159912,0.126032,-0.011162,-0.094283,0.069722,-0.125288,-0.135257,0.088833,-0.211098,-0.424600,0.008347,0.352035,0.557768,-0.010813,0.429972,0.145561,0.035274,0.322917,-0.362987,0.000702,-0.389608,0.015926,0.037397,0.311772,0.616208,-0.014404,-0.311703
549,5.490000,0.007712,0.396936,-0.003246,-0.917808,-0.144692,0.089530,-0.122734,0.000453,-0.189439,0.073547,-0.141353,0.824147,-0.160095,0.126054,-0.012086,0.931949,-0.093970,0.069606,-0.126027,0.870940,-0.135265,0.088913,-0.211469,0.910399,0.001882,0.035783,0.000189,-0.999358,0.091149,0.009159,0.119337,0.000674,-0.425124,0.008109,0.352744,0.842970,0.557917,-0.009868,0.430415,0.823662,0.145413,0.034903,0.323034,0.900964,-0.363695,-0.000322,-0.389882,0.827550,0.016172,0.036991,0.311857,0.880780,0.616209,-0.014859,-0.312146,0.874272,-0.188803,0.073617,-0.141459,-0.160080,0.126038,-0.011786,-0.094463,0.069696,-0.125850,-0.135424,0.088769,-0.211839,-0.424615,0.008341,0.352045,0.557779,-0.010807,0.429963,0.145553,0.035257,0.322916,-0.364142,-0.001327,-0.388645,0.015937,0.037421,0.311765,0.616243,-0.014361,-0.311706
550,5.500000,0.007545,0.397039,-0.002713,-0.917767,-0.144866,0.089552,-0.123388,0.000437,-0.189622,0.073620,-0.142029,0.812009,-0.160264,0.126008,-0.012717,0.915641,-0.094160,0.069588,-0.126684,0.845215,-0.135419,0.088992,-0.212121,0.907794,0.001871,0.035751,0.000204,-0.999359,0.091131,0.009175,0.119335,0.000627,-0.425126,0.008134,0.352776,0.772847,0.557919,-0.009873,0.430381,0.741192,0.145410,0.034913,0.323029,0.904832,-0.363747,-0.000281,-0.389855,0.684602,0.016168,0.037004,0.311861,0.879590,0.616162,-0.014848,-0.312183,0.827814,-0.188871,0.073631,-0.142061,-0.160288,0.126052,-0.012383,-0.094777,0.069617,-0.126645,-0.135529,0.088907,-0.212463,-0.424622,0.008335,0.352047,0.557767,-0.010805,0.429957,0.145551,0.035251,0.322926,-0.364150,-0.000981,-0.388886,0.015929,0.037410,0.311759,0.616246,-0.014374,-0.311691
551,5.510000,0.007719,0.397045,-0.002652,-0.917763,-0.144980,0.089563,-0.123964,0.000456,-0.189740,0.073637,-0.142601,0.808347,-0.160371,0.126053,-0.013303,0.908489,-0.094279,0.069585,-0.127254,0.853535,-0.135532,0.088976,-0.212697,0.916093,0.001319,0.035965,0.000584,-0.999352,0.091303,0.009410,0.119226,0.000607,-0.425055,0.008477,0.352444,0.846018,0.557943,-0.010325,0.430452,0.823222,0.145512,0.034879,0.322972,0.906482,-0.363361,0.000857,-0.390170,0.835693,0.016277,0.037076,0.311751,0.882896,0.616503,-0.014502,-0.312093,0.876007,-0.188977,0.073628,-0.142681,-0.160406,0.126129,-0.012947,-0.094865,0.069579,-0.127232,-0.135673,0.088915,-0.212995,-0.424615,0.008355,0.352030,0.557782,-0.010825,0.429979,0.145540,0.035249,0.322923,-0.363050,0.000649,-0.389629,0.015930,0.037390,0.311756,0.616234,-0.014356,-0.311702
552,5.520000,0.007525,0.396736,-0.002623,-0.917898,-0.145166,0.089572,-0.124557,0.000433,-0.189936,0.073650,-0.143170,0.808347,-0.160485,0.126019,-0.013872,0.908489,-0.094465,0.069601,-0.127889,0.853535,-0.135777,0.089020,-0.213297,0.916093,0.001938,0.035778,0.000140,-0.999358,0.091084,0.009221,0.119316,0.000711,-0.425186,0.008150,0.352729,0.846018,0.557858,-0.009727,0.430391,0.823222,0.145348,0.034994,0.323009,0.906482,-0.363764,-0.000361,-0.389897,0.835693,0.016107,0.037068,0.311834,0.882896,0.616142,-0.014797,-0.312170,0.876007,-0.189182,0.073728,-0.143245,-0.160510,0.126022,-0.013531,-0.095069,0.069687,-0.127872,-0.135902,0.088853,-0.213580,-0.424606,0.008331,0.352004,0.557442,-0.010527,0.429920,0.145537,0.035251,0.322908,-0.364156,-0.000984,-0.388877,0.015948,0.037448,0.311717,0.616264,-0.014371,-0.311680
553,5.530000,0.007800,0.397084,-0.002110,-0.917747,-0.145304,0.089633,-0.125191,0.000432,-0.190078,0.073760,-0.143837,0.810889,-0.160666,0.126109,-0.014521,0.915619,-0.094623,0.069603,-0.128482,0.868080,-0.135847,0.089062,-0.213923,0.900383,0.001834,0.035777,0.000224,-0.999358,0.091147,0.009188,0.119313,0.000640,-0.425123,0.008149,0.352727,0.768812,0.557918,-0.009900,0.430383,0.744695,0.145416,0.034909,0.323012,0.906865,-0.363704,-0.000213,-0.389901,0.661267,0.016175,0.037006,0.311837,0.871501,0.616200,-0.014821,-0.312179,0.830528,-0.189331,0.073862,-0.143901,-0.160718,0.126110,-0.014188,-0.095145,0.069660,-0.128430,-0.136020,0.088901,-0.214244,-0.424597,0.008328,0.351987,0.557775,-0.010830,0.429986,0.145535,0.035250,0.322919,-0.364140,-0.000967,-0.388863,0.015966,0.037453,0.311693,0.616262,-0.014350,-0.311696
554,5.540000,0.007424,0.397234,-0.002296,-0.917685,-0.145388,0.089683,-0.125792,0.000461,-0.190147,0.073792,-0.144461,0.810889,-0.160809,0.126089,-0.015107,0.915619,-0.094694,0.069687,-0.129078,0.868080,-0.135903,0.089166,-0.214521,0.900383,0.001846,0.035783,0.000220,-0.999358,0.091154,0.009193,0.119304,0.000643,-0.425119,0.008155,0.352711,0.768812,0.557921,-0.009884,0.430380,0.744695,0.145420,0.034919,0.323003,0.906865,-0.363691,-0.000224,-0.389916,0.661267,0.016179,0.037015,0.311826,0.871501,0.616212,-0.014823,-0.312180,0.830528,-0.189386,0.073817,-0.144546,-0.160837,0.126134,-0.014763,-0.095262,0.069707,-0.129001,-0.136068,0.089075,-0.214857,-0.424602,0.008327,0.352001,0.557769,-0.010820,0.429985,0.145554,0.035267,0.322897,-0.364140,-0.000978,-0.388873,0.015975,0.037459,0.311658,0.616273,-0.014352,-0.311680
555,5.550000,0.007461,0.397378,-0.001970,-0.917623,-0.145531,0.089725,-0.126457,0.000489,-0.190293,0.073865,-0.145143,0.807164,-0.160965,0.126119,-0.015770,0.896099,-0.094848,0.069698,-0.129730,0.856214,-0.136018,0.089219,-0.215183,0.894994,0.001852,0.035784,0.000218,-0.999358,0.091150,0.009192,0.119311,0.000636,-0.425123,0.008157,0.352717,0.774592,0.557916,-0.009880,0.430389,0.738077,0.145415,0.034921,0.323010,0.910105,-0.363694,-0.000232,-0.389909,0.664973,0.016175,0.037016,0.311833,0.869155,0.616210,-0.014828,-0.312172,0.822906,-0.189524,0.073875,-0.145193,-0.161019,0.126193,-0.015365,-0.095423,0.069692,-0.129697,-0.136159,0.089139,-0.215571,-0.424613,0.008356,0.352001,0.557783,-0.010834,0.429976,0.145553,0.035237,0.322907,-0.364147,-0.000991,-0.388902,0.015958,0.037470,0.311689,0.616277,-0.014341,-0.311662
556,5.560000,0.007733,0.397739,-0.002181,-0.917464,-0.145607,0.089776,-0.127058,0.000424,-0.190352,0.073895,-0.145769,0.807164,-0.161134,0.126241,-0.016408,0.896099,-0.094919,0.069755,-0.130278,0.856214,-0.136025,0.089212,-0.215777,0.894994,0.001858,0.035786,0.000208,-0.999358,0.091160,0.009193,0.119310,0.000607,-0.425114,0.008150,0.352714,0.774592,0.557926,-0.009866,0.430389,0.738077,0.145424,0.034925,0.323008,0.910105,-0.363681,-0.000246,-0.389912,0.664973,0.016184,0.037018,0.311831,0.869155,0.616222,-0.014822,-0.312171,0.822906,-0.189554,0.073929,-0.145821,-0.161198,0.126294,-0.016109,-0.095482,0.069744,-0.130286,-0.136195,0.089136,-0.216017,-0.424646,0.008347,0.352007,0.557793,-0.010840,0.429972,0.145561,0.035257,0.322908,-0.364116,-0.000981,-0.388934,0.015978,0.037459,0.311715,0.616303,-0.014334,-0.311684
557,5.570000,0.007879,0.398421,-0.002294,-0.917166,-0.145664,0.089826,-0.127674,0.000439,-0.190379,0.073934,-0.146445,0.808971,-0.161359,0.126329,-0.017060,0.908344,-0.094968,0.069810,-0.130811,0.853900,-0.135949,0.089231,-0.216378,0.900083,0.001867,0.035774,0.000218,-0.999358,0.091171,0.009190,0.119303,0.000597,-0.425097,0.008161,0.352720,0.788598,0.557944,-0.009874,0.430371,0.740759,0.145441,0.034924,0.322999,0.908947,-0.363683,-0.000249,-0.389908,0.683390,0.016200,0.037019,0.311825,0.877482,0.616222,-0.014844,-0.312191,0.825530,-0.189621,0.074017,-0.146489,-0.161406,0.126340,-0.016697,-0.095549,0.069876,-0.130789,-0.136080,0.089071,-0.216720,-0.424640,0.008366,0.352038,0.557813,-0.010822,0.429971,0.145576,0.035246,0.322896,-0.364102,-0.000971,-0.388956,0.015995,0.037444,0.311693,0.616304,-0.014352,-0.311703
558,5.580000,0.007335,0.399160,-0.002622,-0.916848,-0.145627,0.089809,-0.128386,0.000497,-0.190296,0.073884,-0.147241,0.808971,-0.161538,0.126214,-0.017771,0.908344,-0.094906,0.069848,-0.131457,0.853900,-0.135770,0.089289,-0.217075,0.900083,0.001869,0.035775,0.000218,-0.999358,0.091187,0.009195,0.119298,0.000597,-0.425082,0.008168,0.352713,0.788598,0.557959,-0.009868,0.430367,0.740759,0.145456,0.034930,0.322995,0.908947,-0.363666,-0.000246,-0.389914,0.683390,0.016215,0.037025,0.311820,0.877482,0.616239,-0.014841,-0.312194,0.825530,-0.189456,0.073928,-0.147324,-0.161577,0.126252,-0.017402,-0.095514,0.069878,-0.131382,-0.135947,0.089176,-0.217437,-0.424632,0.008352,0.352043,0.557848,-0.010829,0.429961,0.145576,0.035259,0.322888,-0.364090,-0.000954,-0.388960,0.016018,0.037467,0.311668,0.616316,-0.014356,-0.311687
559,5.590000,0.007218,0.400104,-0.001608,-0.916440,-0.145694,0.089889,-0.129078,0.000441,-0.190352,0.074061,-0.148042,0.795827,-0.161771,0.126209,-0.018459,0.914177,-0.095002,0.069842,-0.132065,0.849005,-0.135654,0.089443,-0.217747,0.928322,0.001862,0.035779,0.000230,-0.999358,0.091186,0.009212,0.119288,0.000607,-0.425084,0.008192,0.352700,0.790628,0.557956,-0.009866,0.430360,0.739507,0.145455,0.034943,0.322985,0.909302,-0.363663,-0.000211,-0.389927,0.675554,0.016214,0.037041,0.311810,0.870162,0.616241,-0.014829,-0.312201,0.824227,-0.189535,0.074061,-0.148018,-0.161864,0.126295,-0.018140,-0.095598,0.069795,-0.132150,-0.135775,0.089404,-0.218004,-0.424623,0.008372,0.352024,0.557822,-0.010820,0.429963,0.145587,0.035264,0.322881,-0.364097,-0.000941,-0.388946,0.016031,0.037497,0.311643,0.616307,-0.014344,-0.311696
560,5.600000,0.007295,0.400979,-0.001350,-0.916057,-0.145720,0.089914,-0.129816,0.000469,-0.190349,0.074111,-0.148866,0.795827,-0.161989,0.126235,-0.019226,0.914177,-0.095032,0.069841,-0.132707,0.849005,-0.135511,0.089468,-0.218466,0.928322,0.001858,0.035790,0.000234,-0.999358,0.091195,0.009204,0.119282,0.000613,-0.425080,0.008188,0.352682,0.790628,0.557958,-0.009880,0.430365,0.739507,0.145459,0.034933,0.322981,0.909302,-0.363642,-0.000211,-0.389943,0.675554,0.016219,0.037033,0.311803,0.870162,0.616259,-0.014837,-0.312194,0.824227,-0.189480,0.074080,-0.148947,-0.162009,0.126301,-0.018945,-0.095692,0.069837,-0.132663,-0.135673,0.089436,-0.218712,-0.424608,0.008353,0.351996,0.557848,-0.010826,0.429969,0.145578,0.035259,0.322881,-0.364105,-0.000953,-0.388937,0.016028,0.037506,0.311631,0.616332,-0.014361,-0.311688
561,5.610000,0.006596,0.401538,-0.002833,-0.915814,-0.145854,0.089889,-0.130577,0.000477,-0.190408,0.073941,-0.149682,0.789639,-0.162374,0.126146,-0.020003,0.931745,-0.095097,0.069983,-0.133409,0.829114,-0.135536,0.089485,-0.219215,0.909461,0.001856,0.035784,0.000226,-0.999358,0.091198,0.009206,0.119281,0.000620,-0.425075,0.008180,0.352687,0.786851,0.557964,-0.009872,0.430359,0.745961,0.145464,0.034935,0.322980,0.916673,-0.363645,-0.000216,-0.389939,0.662907,0.016223,0.037032,0.311803,0.859275,0.616258,-0.014826,-0.312202,0.824240,-0.189568,0.073971,-0.149725,-0.162380,0.126157,-0.019730,-0.095772,0.070039,-0.133322,-0.135680,0.089389,-0.219533,-0.424585,0.008347,0.352010,0.557841,-0.010809,0.429987,0.145563,0.035242,0.322894,-0.364092,-0.000977,-0.388920,0.016066,0.037524,0.311578,0.616300,-0.014343,-0.311693
562,5.620000,0.006311,0.402178,-0.002749,-0.915536,-0.145981,0.089927,-0.131471,0.000423,-0.190507,0.073987,-0.150648,0.789639,-0.162659,0.126118,-0.020899,0.931745,-0.095219,0.070027,-0.134244,0.829114,-0.135540,0.089576,-0.220095,0.909461,0.001862,0.035796,0.000228,-0.999357,0.091213,0.009206,0.119285,0.000621,-0.425065,0.008185,0.352679,0.786851,0.557972,-0.009871,0.430374,0.745961,0.145475,0.034937,0.322985,0.916673,-0.363618,-0.000219,-0.389946,0.662907,0.016234,0.037035,0.311805,0.859275,0.616283,-0.014834,-0.312185,0.824240,-0.189736,0.074087,-0.150648,-0.162686,0.126086,-0.020643,-0.095867,0.070134,-0.134258,-0.135636,0.089401,-0.220337,-0.424578,0.008349,0.351991,0.557854,-0.010810,0.429977,0.145572,0.035267,0.322890,-0.364091,-0.000987,-0.388903,0.016068,0.037510,0.311616,0.616349,-0.014359,-0.311679
563,5.630000,0.006879,0.403021,-0.002319,-0.915162,-0.146100,0.089934,-0.132380,0.000389,-0.190610,0.074036,-0.151627,0.810034,-0.162938,0.126223,-0.021863,0.930670,-0.095357,0.069970,-0.135045,0.852377,-0.135496,0.089509,-0.220983,0.906328,0.001864,0.035787,0.000247,-0.999358,0.091216,0.009197,0.119297,0.000616,-0.425058,0.008196,0.352700,0.783286,0.557980,-0.009896,0.430378,0.745611,0.145482,0.034927,0.322995,0.905794,-0.363625,-0.000211,-0.389926,0.660444,0.016241,0.037029,0.311818,0.869516,0.616277,-0.014863,-0.312183,0.827857,-0.189861,0.074155,-0.151591,-0.162993,0.126190,-0.021594,-0.095941,0.070057,-0.135038,-0.135606,0.089335,-0.221296,-0.424572,0.008347,0.351998,0.557864,-0.010830,0.429991,0.145577,0.035275,0.322886,-0.364092,-0.000958,-0.388892,0.016079,0.037496,0.311649,0.616342,-0.014397,-0.311680
564,5.640000,0.006664,0.402834,-0.003521,-0.915242,-0.146198,0.089915,-0.133407,0.000435,-0.190678,0.073900,-0.152627,0.810034,-0.163075,0.126227,-0.022905,0.930670,-0.095409,0.070070,-0.136082,0.852377,-0.135630,0.089464,-0.222015,0.906328,0.001859,0.035779,0.000237,-0.999358,0.091210,0.009208,0.119291,0.000612,-0.425061,0.008194,0.352703,0.783286,0.557979,-0.009879,0.430364,0.745611,0.145479,0.034937,0.322989,0.905794,-0.363639,-0.000205,-0.389924,0.660444,0.016238,0.037037,0.311813,0.869516,0.616264,-0.014837,-0.312198,0.827857,-0.189951,0.073873,-0.152697,-0.163088,0.126298,-0.022563,-0.096018,0.070081,-0.136058,-0.135735,0.089409,-0.222312,-0.424576,0.008354,0.352016,0.557872,-0.010825,0.429984,0.145563,0.035291,0.322890,-0.364110,-0.000966,-0.388890,0.016079,0.037496,0.311624,0.616329,-0.014364,-0.311700
565,5.650000,0.006098,0.402542,-0.002936,-0.915376,-0.146327,0.089880,-0.134397,0.000421,-0.190829,0.073921,-0.153612,0.805139,-0.163111,0.126036,-0.023829,0.923887,-0.095552,0.070008,-0.137134,0.842287,-0.135816,0.089556,-0.223012,0.934664,0.001333,0.035962,0.000602,-0.999352,0.091389,0.009436,0.119200,0.000589,-0.424968,0.008529,0.352420,0.855809,0.558031,-0.010308,0.430423,0.824188,0.145601,0.034908,0.322945,0.905052,-0.363279,0.000887,-0.390193,0.830746,0.016366,0.037110,0.311724,0.877793,0.616586,-0.014508,-0.312121,0.869658,-0.190050,0.073921,-0.153618,-0.163161,0.126097,-0.023535,-0.096180,0.070005,-0.137188,-0.135917,0.089498,-0.223246,-0.424579,0.008347,0.352035,0.557908,-0.010838,0.429977,0.145562,0.035283,0.322898,-0.362969,0.000687,-0.389625,0.016108,0.037511,0.311617,0.616305,-0.014373,-0.311703
566,5.660000,0.005563,0.402283,-0.002745,-0.915495,-0.146409,0.089882,-0.135525,0.000448,-0.190921,0.073942,-0.154733,0.805139,-0.163133,0.125911,-0.024907,0.923887,-0.095634,0.070016,-0.138314,0.842287,-0.135948,0.089659,-0.224146,0.934664,0.001858,0.035751,0.000242,-0.999359,0.091208,0.009199,0.119288,0.000598,-0.425050,0.008191,0.352728,0.855809,0.557994,-0.009893,0.430335,0.824188,0.145488,0.034927,0.322983,0.905052,-0.363670,-0.000208,-0.389902,0.830746,0.016246,0.037029,0.311814,0.877793,0.616237,-0.014852,-0.312230,0.869658,-0.190192,0.073991,-0.154811,-0.163126,0.125907,-0.024637,-0.096224,0.070090,-0.138207,-0.136094,0.089540,-0.224443,-0.424584,0.008358,0.352031,0.557919,-0.010825,0.429971,0.145560,0.035260,0.322881,-0.364133,-0.000974,-0.388881,0.016096,0.037500,0.311635,0.616291,-0.014373,-0.311735
567,5.670000,0.005358,0.401677,-0.002141,-0.915763,-0.146516,0.089825,-0.136715,0.000402,-0.191069,0.073943,-0.155878,0.802359,-0.163060,0.125775,-0.026043,0.929796,-0.095764,0.069913,-0.139588,0.832840,-0.136173,0.089668,-0.225350,0.918252,0.001352,0.035956,0.000600,-0.999352,0.091383,0.009428,0.119187,0.000573,-0.424971,0.008528,0.352414,0.857453,0.558028,-0.010304,0.430405,0.830327,0.145597,0.034908,0.322931,0.909288,-0.363291,0.000858,-0.390200,0.834327,0.016362,0.037109,0.311711,0.878265,0.616574,-0.014531,-0.312140,0.870578,-0.190280,0.073920,-0.155826,-0.163099,0.125833,-0.025771,-0.096432,0.069904,-0.139595,-0.136253,0.089642,-0.225666,-0.424597,0.008348,0.352023,0.557945,-0.010819,0.429971,0.145540,0.035262,0.322874,-0.362987,0.000665,-0.389643,0.016106,0.037513,0.311622,0.616292,-0.014402,-0.311725
568,5.680000,0.005002,0.401345,-0.002309,-0.915910,-0.146730,0.089754,-0.138009,0.000436,-0.191287,0.073856,-0.157148,0.802359,-0.163214,0.125637,-0.027307,0.929796,-0.095968,0.069873,-0.140930,0.832840,-0.136451,0.089649,-0.226652,0.918252,0.001349,0.035947,0.000593,-0.999353,0.091391,0.009429,0.119183,0.000573,-0.424959,0.008521,0.352419,0.857453,0.558042,-0.010297,0.430393,0.830327,0.145608,0.034909,0.322926,0.909288,-0.363292,0.000855,-0.390196,0.834327,0.016372,0.037108,0.311709,0.878265,0.616575,-0.014521,-0.312153,0.870578,-0.190527,0.073910,-0.157223,-0.163229,0.125646,-0.027003,-0.096591,0.069947,-0.140917,-0.136574,0.089512,-0.226893,-0.424597,0.008344,0.352030,0.557980,-0.010814,0.429964,0.145535,0.035263,0.322862,-0.362976,0.000661,-0.389636,0.016119,0.037510,0.311618,0.616284,-0.014390,-0.311740
569,5.690000,0.005534,0.401022,-0.001910,-0.916050,-0.146918,0.089823,-0.139386,0.000446,-0.191507,0.073964,-0.158483,0.803575,-0.163283,0.125797,-0.028696,0.921913,-0.096181,0.069882,-0.142329,0.846386,-0.136701,0.089648,-0.228036,0.905188,0.001356,0.035945,0.000582,-0.999353,0.091395,0.009426,0.119179,0.000563,-0.424955,0.008509,0.352417,0.860058,0.558047,-0.010285,0.430388,0.829970,0.145612,0.034910,0.322921,0.914315,-0.363290,0.000834,-0.390198,0.834067,0.016376,0.037106,0.311704,0.878562,0.616578,-0.014518,-0.312159,0.869720,-0.190722,0.073995,-0.158506,-0.163317,0.125828,-0.028387,-0.096792,0.069907,-0.142273,-0.136840,0.089562,-0.228378,-0.424594,0.008345,0.352022,0.557985,-0.010803,0.429951,0.145522,0.035238,0.322876,-0.362993,0.000631,-0.389641,0.016148,0.037523,0.311605,0.616300,-0.014377,-0.311741
570,5.700000,0.005313,0.400756,-0.002244,-0.916167,-0.147291,0.089838,-0.140863,0.000444,-0.191878,0.073947,-0.159937,0.803575,-0.163619,0.125785,-0.030159,0.921913,-0.096540,0.069938,-0.143839,0.846386,-0.137126,0.089684,-0.229519,0.905188,0.001364,0.035950,0.000585,-0.999353,0.091398,0.009426,0.119172,0.000556,-0.424953,0.008516,0.352405,0.860058,0.558048,-0.010284,0.430385,0.829970,0.145614,0.034912,0.322914,0.914315,-0.363282,0.000830,-0.390209,0.834067,0.016378,0.037109,0.311696,0.878562,0.616585,-0.014528,-0.312160,0.869720,-0.191077,0.074017,-0.160007,-0.163624,0.125769,-0.029905,-0.097186,0.070024,-0.143784,-0.137273,0.089543,-0.229758,-0.424616,0.008348,0.352017,0.558014,-0.010792,0.429958,0.145517,0.035250,0.322848,-0.362983,0.000636,-0.389662,0.016156,0.037508,0.311611,0.616302,-0.014396,-0.311740
571,5.710000,0.005658,0.400392,-0.003079,-0.916321,-0.147605,0.089798,-0.142460,0.000466,-0.192188,0.073826,-0.161477,0.790048,-0.163890,0.125868,-0.031789,0.918791,-0.096832,0.069957,-0.145450,0.832651,-0.137511,0.089541,-0.231123,0.909335,0.001237,0.036013,0.000494,-0.999350,0.091424,0.009510,0.119208,0.000587,-0.424956,0.008445,0.352376,0.880380,0.558038,-0.010187,0.430476,0.800935,0.145609,0.034957,0.322964,0.914667,-0.363190,0.000953,-0.390233,0.839314,0.016375,0.037132,0.311730,0.877889,0.616670,-0.014237,-0.312064,0.822705,-0.191354,0.073906,-0.161538,-0.163914,0.125864,-0.031465,-0.097495,0.070044,-0.145418,-0.137645,0.089380,-0.231419,-0.424631,0.008361,0.352035,0.558028,-0.010778,0.429942,0.145523,0.035264,0.322842,-0.362962,0.000676,-0.389699,0.016180,0.037551,0.311573,0.616408,-0.014012,-0.311444
572,5.720000,0.005325,0.400219,-0.003342,-0.916398,-0.148051,0.089771,-0.144127,0.000474,-0.192629,0.073774,-0.163134,0.790048,-0.164320,0.125785,-0.033436,0.918791,-0.097264,0.069969,-0.147145,0.832651,-0.137990,0.089557,-0.232795,0.909335,0.001893,0.035743,0.000213,-0.999359,0.091239,0.009215,0.119254,0.000566,-0.425014,0.008194,0.352703,0.880380,0.558032,-0.009829,0.430294,0.800935,0.145522,0.034960,0.322946,0.914667,-0.363646,-0.000254,-0.389928,0.839314,0.016280,0.037054,0.311780,0.877889,0.616263,-0.014837,-0.312271,0.822705,-0.191781,0.073822,-0.163136,-0.164344,0.125790,-0.033149,-0.097936,0.070021,-0.147061,-0.138125,0.089453,-0.233163,-0.424632,0.008334,0.352040,0.558060,-0.010773,0.429931,0.145508,0.035275,0.322826,-0.364092,-0.000979,-0.388937,0.016204,0.037562,0.311568,0.616299,-0.014363,-0.311737
573,5.730000,0.005995,0.399985,-0.004266,-0.916492,-0.148537,0.089796,-0.145889,0.000441,-0.193107,0.073710,-0.164841,0.800201,-0.164792,0.126009,-0.035261,0.931344,-0.097729,0.070047,-0.148893,0.845771,-0.138522,0.089419,-0.234561,0.919364,0.001370,0.035944,0.000572,-0.999353,0.091432,0.009452,0.119150,0.000545,-0.424917,0.008532,0.352390,0.872331,0.558085,-0.010242,0.430358,0.832935,0.145649,0.034943,0.322892,0.911601,-0.363255,0.000837,-0.390225,0.842442,0.016413,0.037136,0.311675,0.883109,0.616614,-0.014495,-0.312188,0.862875,-0.192313,0.073773,-0.164914,-0.164812,0.126015,-0.034987,-0.098342,0.070102,-0.148843,-0.138682,0.089296,-0.234812,-0.424606,0.008351,0.352028,0.558076,-0.010742,0.429915,0.145516,0.035265,0.322833,-0.362955,0.000652,-0.389703,0.016236,0.037555,0.311570,0.616321,-0.014370,-0.311741
574,5.740000,0.006115,0.399448,-0.004666,-0.916723,-0.148791,0.089727,-0.147676,0.000436,-0.193372,0.073602,-0.166567,0.800201,-0.164938,0.125989,-0.037049,0.931344,-0.097973,0.070008,-0.150729,0.845771,-0.138878,0.089308,-0.236360,0.919364,0.001351,0.035927,0.000573,-0.999353,0.091445,0.009448,0.119157,0.000542,-0.424896,0.008520,0.352413,0.872331,0.558109,-0.010257,0.430348,0.832935,0.145669,0.034932,0.322897,0.911601,-0.363258,0.000852,-0.390204,0.842442,0.016433,0.037125,0.311685,0.883109,0.616612,-0.014482,-0.312201,0.862875,-0.192587,0.073686,-0.166603,-0.164950,0.125964,-0.036818,-0.098593,0.070084,-0.150644,-0.139032,0.089173,-0.236640,-0.424589,0.008350,0.352021,0.558114,-0.010727,0.429905,0.145505,0.035271,0.322823,-0.362955,0.000682,-0.389681,0.016286,0.037484,0.311635,0.616309,-0.014370,-0.311764
575,5.750000,0.007497,0.398166,-0.003411,-0.917276,-0.148849,0.089660,-0.149596,0.000412,-0.193537,0.073660,-0.168340,0.804047,-0.164566,0.126147,-0.038981,0.927841,-0.098108,0.069762,-0.152760,0.850368,-0.139184,0.089071,-0.238306,0.907538,0.001357,0.035911,0.000565,-0.999354,0.091461,0.009442,0.119167,0.000552,-0.424872,0.008509,0.352441,0.862642,0.558136,-0.010252,0.430343,0.840767,0.145692,0.034929,0.322905,0.900039,-0.363259,0.000833,-0.390178,0.841789,0.016455,0.037120,0.311698,0.905420,0.616615,-0.014485,-0.312207,0.862906,-0.192762,0.073771,-0.168346,-0.164614,0.126126,-0.038697,-0.098701,0.069841,-0.152736,-0.139319,0.088903,-0.238607,-0.424562,0.008338,0.352021,0.558164,-0.010718,0.429910,0.145510,0.035274,0.322819,-0.362967,0.000667,-0.389642,0.016315,0.037469,0.311660,0.616308,-0.014377,-0.311766
576,5.760000,0.007767,0.397366,-0.002401,-0.917624,-0.149133,0.089545,-0.151513,0.000473,-0.193887,0.073644,-0.170184,0.790949,-0.164584,0.126030,-0.040859,0.903997,-0.098440,0.069543,-0.154770,0.823466,-0.139623,0.088964,-0.240239,0.900141,0.001865,0.035701,0.000224,-0.999361,0.091292,0.009190,0.119263,0.000580,-0.424942,0.008167,0.352755,0.782707,0.558110,-0.009880,0.430263,0.766141,0.145591,0.034923,0.322952,0.906336,-0.363637,-0.000241,-0.389881,0.668494,0.016349,0.037020,0.311796,0.887679,0.616279,-0.014848,-0.312307,0.822395,-0.193056,0.073716,-0.170228,-0.164608,0.126035,-0.040476,-0.099138,0.069645,-0.154765,-0.139719,0.088785,-0.240583,-0.424559,0.008334,0.351994,0.558202,-0.010741,0.429908,0.145488,0.035256,0.322813,-0.364097,-0.000969,-0.388873,0.016335,0.037450,0.311667,0.616302,-0.014386,-0.311768
577,5.770000,0.007914,0.396436,-0.002160,-0.918026,-0.149546,0.089554,-0.153555,0.000434,-0.194346,0.073677,-0.172134,0.790949,-0.164751,0.126057,-0.042873,0.903997,-0.098870,0.069522,-0.156912,0.823466,-0.140214,0.088960,-0.242300,0.900141,0.001248,0.035974,0.000473,-0.999352,0.091500,0.009495,0.119214,0.000608,-0.424862,0.008413,0.352422,0.782707,0.558140,-0.010176,0.430445,0.766141,0.145700,0.034949,0.322964,0.906336,-0.363153,0.000907,-0.390191,0.668494,0.016465,0.037118,0.311741,0.887679,0.616713,-0.014240,-0.312099,0.822395,-0.193523,0.073697,-0.172167,-0.164792,0.126101,-0.042560,-0.099515,0.069543,-0.156911,-0.140344,0.088875,-0.242581,-0.424556,0.008345,0.352000,0.558219,-0.010715,0.429891,0.145486,0.035253,0.322805,-0.362951,0.000657,-0.389638,0.016374,0.037465,0.311661,0.616431,-0.014036,-0.311436
578,5.780000,0.007285,0.395348,-0.002476,-0.918499,-0.150054,0.089638,-0.155529,0.000388,-0.194882,0.073730,-0.174016,0.808816,-0.165035,0.126024,-0.044778,0.936751,-0.099366,0.069663,-0.159026,0.835899,-0.140934,0.089135,-0.244297,0.933637,0.001231,0.035976,0.000464,-0.999352,0.091502,0.009497,0.119212,0.000604,-0.424861,0.008399,0.352419,0.872953,0.558141,-0.010175,0.430444,0.804244,0.145701,0.034945,0.322964,0.901276,-0.363150,0.000917,-0.390195,0.842939,0.016465,0.037112,0.311740,0.910047,0.616717,-0.014215,-0.312100,0.810002,-0.194119,0.073723,-0.173970,-0.165074,0.126070,-0.044533,-0.100021,0.069669,-0.159065,-0.141003,0.089091,-0.244550,-0.424578,0.008337,0.352001,0.558229,-0.010698,0.429868,0.145478,0.035225,0.322796,-0.362935,0.000671,-0.389658,0.016394,0.037462,0.311692,0.616426,-0.014013,-0.311427
579,5.790000,0.007051,0.394213,-0.001642,-0.918990,-0.150295,0.089740,-0.157387,0.000440,-0.195190,0.073914,-0.175780,0.808816,-0.164953,0.126025,-0.046559,0.936751,-0.099642,0.069700,-0.161030,0.835899,-0.141393,0.089321,-0.246177,0.933637,0.001353,0.035934,0.000574,-0.999353,0.091499,0.009445,0.119160,0.000573,-0.424845,0.008519,0.352410,0.872953,0.558159,-0.010260,0.430358,0.804244,0.145721,0.034929,0.322901,0.901276,-0.363197,0.000848,-0.390207,0.842939,0.016485,0.037123,0.311687,0.910047,0.616673,-0.014489,-0.312190,0.810002,-0.194423,0.073905,-0.175879,-0.164956,0.126077,-0.046247,-0.100280,0.069732,-0.161002,-0.141519,0.089245,-0.246419,-0.424574,0.008343,0.351979,0.558234,-0.010700,0.429863,0.145470,0.035249,0.322781,-0.362914,0.000698,-0.389675,0.016425,0.037474,0.311682,0.616355,-0.014393,-0.311671
580,5.800000,0.006699,0.393354,-0.000888,-0.919362,-0.150577,0.089980,-0.159328,0.000461,-0.195524,0.074227,-0.177657,0.806525,-0.164987,0.126144,-0.048429,0.911429,-0.099954,0.069887,-0.163090,0.828106,-0.141841,0.089662,-0.248136,0.914050,0.001371,0.035922,0.000544,-0.999354,0.091498,0.009438,0.119150,0.000570,-0.424840,0.008491,0.352412,0.862440,0.558167,-0.010228,0.430337,0.832337,0.145723,0.034933,0.322889,0.892292,-0.363210,0.000795,-0.390205,0.847313,0.016487,0.037119,0.311678,0.909750,0.616662,-0.014481,-0.312212,0.848593,-0.194753,0.074216,-0.177732,-0.164980,0.126189,-0.048077,-0.100638,0.069944,-0.163050,-0.141935,0.089570,-0.248453,-0.424579,0.008328,0.351957,0.558288,-0.010664,0.429843,0.145433,0.035230,0.322773,-0.362947,0.000640,-0.389676,0.016433,0.037475,0.311701,0.616359,-0.014380,-0.311697
581,5.810000,0.006301,0.392652,-0.002692,-0.919662,-0.151010,0.090053,-0.161317,0.000533,-0.195928,0.074124,-0.179566,0.806525,-0.165379,0.126240,-0.050420,0.911429,-0.100320,0.070141,-0.165144,0.828106,-0.142411,0.089705,-0.250138,0.914050,0.001279,0.035975,0.000457,-0.999352,0.091518,0.009498,0.119197,0.000604,-0.424845,0.008416,0.352404,0.862440,0.558157,-0.010138,0.430430,0.832337,0.145717,0.034967,0.322946,0.892292,-0.363134,0.000864,-0.390208,0.847313,0.016481,0.037131,0.311722,0.909750,0.616733,-0.014249,-0.312113,0.848593,-0.195157,0.074084,-0.179660,-0.165416,0.126358,-0.049927,-0.100976,0.070141,-0.165200,-0.142489,0.089628,-0.250481,-0.424575,0.008350,0.351965,0.558305,-0.010631,0.429865,0.145417,0.035221,0.322767,-0.362951,0.000636,-0.389684,0.016462,0.037478,0.311704,0.616451,-0.014063,-0.311435
582,5.820000,0.006110,0.392060,-0.002748,-0.919915,-0.151327,0.090044,-0.163448,0.000513,-0.196264,0.074110,-0.181644,0.805037,-0.165562,0.126194,-0.052522,0.880546,-0.100637,0.070146,-0.167347,0.858881,-0.142842,0.089725,-0.252280,0.900127,0.001901,0.035696,0.000194,-0.999361,0.091328,0.009202,0.119274,0.000583,-0.424904,0.008166,0.352772,0.781517,0.558151,-0.009818,0.430271,0.770612,0.145629,0.034954,0.322961,0.895024,-0.363605,-0.000293,-0.389865,0.681716,0.016386,0.037042,0.311807,0.887688,0.616312,-0.014837,-0.312300,0.814379,-0.195487,0.074144,-0.181699,-0.165646,0.126280,-0.052059,-0.101200,0.070136,-0.167393,-0.142974,0.089616,-0.252641,-0.424584,0.008336,0.351976,0.558325,-0.010640,0.429902,0.145407,0.035238,0.322745,-0.364091,-0.000976,-0.388906,0.016491,0.037477,0.311773,0.616349,-0.014385,-0.311712
583,5.830000,0.005739,0.391119,-0.002242,-0.920320,-0.151521,0.089950,-0.165587,0.000552,-0.196506,0.074066,-0.183708,0.805037,-0.165506,0.125990,-0.054593,0.880546,-0.100853,0.070023,-0.169611,0.858881,-0.143219,0.089722,-0.254437,0.900127,0.001370,0.035900,0.000548,-0.999354,0.091507,0.009451,0.119179,0.000545,-0.424821,0.008507,0.352464,0.781517,0.558189,-0.010220,0.430346,0.770612,0.145741,0.034945,0.322916,0.895024,-0.363224,0.000814,-0.390156,0.681716,0.016505,0.037132,0.311711,0.887688,0.616652,-0.014471,-0.312206,0.814379,-0.195704,0.074074,-0.183769,-0.165590,0.126099,-0.054082,-0.101448,0.070002,-0.169668,-0.143340,0.089626,-0.254829,-0.424576,0.008340,0.352000,0.558364,-0.010634,0.429944,0.145407,0.035249,0.322751,-0.362974,0.000675,-0.389673,0.016497,0.037462,0.311804,0.616325,-0.014385,-0.311751
584,5.840000,0.005792,0.390540,-0.000961,-0.920568,-0.151738,0.089945,-0.167718,0.000638,-0.196784,0.074185,-0.185797,0.792972,-0.165499,0.125918,-0.056673,0.835100,-0.101123,0.069900,-0.171823,0.834339,-0.143547,0.089778,-0.256577,0.888217,0.001912,0.035661,0.000180,-0.999362,0.091334,0.009204,0.119308,0.000563,-0.424881,0.008159,0.352841,0.775747,0.558179,-0.009798,0.430272,0.773930,0.145648,0.034961,0.322990,0.888154,-0.363635,-0.000315,-0.389799,0.699959,0.016404,0.037045,0.311844,0.893926,0.616289,-0.014831,-0.312302,0.816991,-0.195966,0.074198,-0.185926,-0.165570,0.126038,-0.056029,-0.101776,0.069930,-0.171933,-0.143632,0.089615,-0.256985,-0.424602,0.008348,0.352010,0.558422,-0.010615,0.429972,0.145404,0.035248,0.322748,-0.364105,-0.000967,-0.388908,0.016530,0.037451,0.311847,0.616303,-0.014374,-0.311731
585,5.850000,0.005643,0.389662,-0.000462,-0.920941,-0.151971,0.089786,-0.169903,0.000580,-0.197064,0.074075,-0.187907,0.792972,-0.165491,0.125696,-0.058809,0.835100,-0.101380,0.069703,-0.174117,0.834339,-0.143949,0.089672,-0.258778,0.888217,0.001916,0.035656,0.000178,-0.999362,0.091350,0.009208,0.119322,0.000569,-0.424863,0.008164,0.352861,0.775747,0.558198,-0.009789,0.430282,0.773930,0.145666,0.034967,0.323003,0.888154,-0.363623,-0.000317,-0.389781,0.699959,0.016422,0.037051,0.311859,0.893926,0.616301,-0.014830,-0.312293,0.816991,-0.196291,0.074070,-0.187967,-0.165582,0.125825,-0.058241,-0.101988,0.069687,-0.174255,-0.144023,0.089563,-0.259148,-0.424608,0.008361,0.352026,0.558501,-0.010637,0.430004,0.145393,0.035250,0.322754,-0.364095,-0.000967,-0.388902,0.016557,0.037462,0.311866,0.616309,-0.014366,-0.311733
586,5.860000,0.005563,0.388358,-0.000909,-0.921491,-0.152252,0.089811,-0.172310,0.000627,-0.197383,0.074056,-0.190183,0.802082,-0.165489,0.125730,-0.061185,0.839510,-0.101656,0.069770,-0.176664,0.848101,-0.144482,0.089685,-0.261207,0.901136,0.001917,0.035670,0.000198,-0.999362,0.091389,0.009224,0.119274,0.000593,-0.424831,0.008201,0.352799,0.790202,0.558227,-0.009791,0.430247,0.779444,0.145700,0.034981,0.322957,0.887721,-0.363571,-0.000283,-0.389841,0.678277,0.016457,0.037071,0.311809,0.850795,0.616350,-0.014834,-0.312326,0.810911,-0.196620,0.074034,-0.190395,-0.165526,0.125869,-0.060559,-0.102261,0.069782,-0.176723,-0.144603,0.089558,-0.261562,-0.424584,0.008347,0.352010,0.558491,-0.010595,0.429997,0.145378,0.035225,0.322761,-0.364102,-0.000974,-0.388893,0.016757,0.037561,0.311649,0.616307,-0.014378,-0.311725
587,5.870000,0.005938,0.387894,-0.003097,-0.921680,-0.152861,0.089826,-0.174875,0.000652,-0.197950,0.073860,-0.192664,0.802082,-0.166118,0.125961,-0.063822,0.839510,-0.102195,0.069964,-0.179233,0.848101,-0.145181,0.089517,-0.263780,0.901136,0.001398,0.035901,0.000545,-0.999354,0.091569,0.009481,0.119189,0.000584,-0.424759,0.008548,0.352473,0.790202,0.558251,-0.010171,0.430358,0.779444,0.145803,0.034986,0.322924,0.887721,-0.363161,0.000813,-0.390147,0.678277,0.016566,0.037172,0.311719,0.850795,0.616715,-0.014463,-0.312194,0.810911,-0.197115,0.073864,-0.192882,-0.166146,0.126071,-0.063219,-0.102878,0.070020,-0.179318,-0.145282,0.089347,-0.264085,-0.424572,0.008367,0.351995,0.558478,-0.010576,0.430032,0.145361,0.035247,0.322740,-0.362944,0.000681,-0.389650,0.016778,0.037541,0.311699,0.616313,-0.014375,-0.311683
588,5.880000,0.006123,0.387345,-0.004396,-0.921904,-0.153328,0.089623,-0.177338,0.000610,-0.198403,0.073533,-0.195051,0.796870,-0.166533,0.125879,-0.066318,0.855410,-0.102623,0.069869,-0.181730,0.824907,-0.145754,0.089211,-0.266251,0.897028,0.001412,0.035891,0.000541,-0.999355,0.091574,0.009466,0.119197,0.000598,-0.424750,0.008537,0.352491,0.861048,0.558262,-0.010173,0.430357,0.849583,0.145811,0.034978,0.322930,0.855617,-0.363165,0.000780,-0.390130,0.856950,0.016574,0.037162,0.311727,0.886242,0.616712,-0.014487,-0.312195,0.839547,-0.197615,0.073616,-0.195228,-0.166556,0.125923,-0.065742,-0.103307,0.069995,-0.181815,-0.145833,0.088957,-0.266566,-0.424573,0.008361,0.351994,0.558539,-0.010613,0.430054,0.145331,0.035239,0.322745,-0.362962,0.000627,-0.389618,0.016788,0.037564,0.311702,0.616322,-0.014380,-0.311697
589,5.890000,0.005709,0.386894,-0.002817,-0.922102,-0.153358,0.089558,-0.180138,0.000464,-0.198491,0.073620,-0.197839,0.796870,-0.166361,0.125628,-0.069034,0.855410,-0.102709,0.069681,-0.184619,0.824907,-0.145871,0.089303,-0.269060,0.897028,0.001403,0.035889,0.000541,-0.999355,0.091583,0.009465,0.119199,0.000603,-0.424740,0.008531,0.352496,0.861048,0.558272,-0.010180,0.430357,0.849583,0.145821,0.034973,0.322933,0.855617,-0.363159,0.000789,-0.390125,0.856950,0.016584,0.037158,0.311731,0.886242,0.616719,-0.014480,-0.312195,0.839547,-0.197782,0.073570,-0.197783,-0.166393,0.125716,-0.068639,-0.103321,0.069656,-0.184539,-0.145936,0.089291,-0.269592,-0.424562,0.008362,0.351980,0.558596,-0.010597,0.430100,0.145314,0.035208,0.322731,-0.362969,0.000645,-0.389625,0.016806,0.037551,0.311726,0.616313,-0.014379,-0.311716
590,5.900000,0.006513,0.385150,-0.001226,-0.922830,-0.153349,0.089702,-0.182867,0.000590,-0.198605,0.073922,-0.200394,0.801808,-0.165805,0.125845,-0.071724,0.869941,-0.102788,0.069643,-0.187533,0.825061,-0.146197,0.089399,-0.271816,0.831897,0.001921,0.035646,0.000157,-0.999363,0.091378,0.009207,0.119381,0.000596,-0.424830,0.008144,0.352930,0.745931,0.558233,-0.009767,0.430332,0.764433,0.145697,0.034971,0.323061,0.855846,-0.363605,-0.000342,-0.389713,0.713946,0.016453,0.037050,0.311919,0.881728,0.616322,-0.014813,-0.312244,0.826789,-0.197821,0.073807,-0.200380,-0.165819,0.125985,-0.071223,-0.103469,0.069587,-0.187383,-0.146287,0.089429,-0.272482,-0.424552,0.008350,0.351974,0.558634,-0.010605,0.430178,0.145311,0.035231,0.322720,-0.364093,-0.000956,-0.388880,0.016640,0.037470,0.312029,0.616312,-0.014361,-0.311719
591,5.910000,0.006775,0.384526,-0.002631,-0.923086,-0.153888,0.089815,-0.185395,0.000615,-0.199130,0.073900,-0.202836,0.801808,-0.166278,0.126103,-0.074292,0.869941,-0.103285,0.069870,-0.190099,0.825061,-0.146856,0.089390,-0.274354,0.831897,0.001943,0.035640,0.000148,-0.999363,0.091397,0.009209,0.119384,0.000617,-0.424809,0.008148,0.352939,0.745931,0.558255,-0.009743,0.430330,0.764433,0.145717,0.034983,0.323062,0.855846,-0.363592,-0.000371,-0.389704,0.713946,0.016473,0.037059,0.311922,0.881728,0.616335,-0.014822,-0.312246,0.826789,-0.198395,0.073818,-0.202775,-0.166278,0.126206,-0.073777,-0.103982,0.069869,-0.189934,-0.146895,0.089369,-0.275096,-0.424562,0.008360,0.351985,0.558738,-0.010599,0.430204,0.145292,0.035229,0.322710,-0.364075,-0.000953,-0.388899,0.016669,0.037470,0.312034,0.616318,-0.014373,-0.311727
592,5.920000,0.006653,0.384562,-0.003993,-0.923066,-0.154178,0.089732,-0.187861,0.000496,-0.199378,0.073684,-0.205291,0.800377,-0.166670,0.126079,-0.076788,0.888092,-0.103524,0.069915,-0.192545,0.843029,-0.147140,0.089252,-0.276818,0.878824,0.001379,0.035906,0.000537,-0.999354,0.091582,0.009461,0.119279,0.000567,-0.424749,0.008510,0.352557,0.852165,0.558260,-0.010194,0.430452,0.835541,0.145813,0.034959,0.323015,0.835117,-0.363142,0.000804,-0.390062,0.882998,0.016576,0.037143,0.311809,0.891300,0.616733,-0.014458,-0.312099,0.862233,-0.198581,0.073657,-0.205250,-0.166743,0.126186,-0.076360,-0.104149,0.069861,-0.192540,-0.147238,0.089225,-0.277292,-0.424585,0.008362,0.352008,0.558743,-0.010599,0.430262,0.145292,0.035233,0.322717,-0.362942,0.000665,-0.389663,0.016652,0.037474,0.312080,0.616331,-0.014370,-0.311732
593,5.930000,0.005204,0.384099,-0.002959,-0.923272,-0.154287,0.089946,-0.190266,0.000641,-0.199517,0.073995,-0.207706,0.800377,-0.166638,0.125917,-0.079056,0.888092,-0.103654,0.070104,-0.195070,0.843029,-0.147339,0.089769,-0.279232,0.878824,0.001963,0.035658,0.000133,-0.999362,0.091396,0.009217,0.119398,0.000613,-0.424818,0.008151,0.352935,0.852165,0.558245,-0.009709,0.430362,0.835541,0.145709,0.035001,0.323077,0.835117,-0.363574,-0.000396,-0.389705,0.882998,0.016465,0.037073,0.311933,0.891300,0.616351,-0.014816,-0.312212,0.862233,-0.198808,0.073896,-0.207650,-0.166655,0.126047,-0.078527,-0.104278,0.070054,-0.194888,-0.147408,0.089788,-0.279999,-0.424602,0.008368,0.351993,0.558768,-0.010617,0.430298,0.145265,0.035225,0.322720,-0.364065,-0.000980,-0.388929,0.016698,0.037519,0.312053,0.616327,-0.014355,-0.311737
594,5.940000,0.005133,0.384030,-0.001676,-0.923305,-0.154292,0.089939,-0.192720,0.000650,-0.199562,0.074112,-0.210171,0.796989,-0.166545,0.125814,-0.081467,0.864606,-0.103705,0.069986,-0.197553,0.824555,-0.147357,0.089845,-0.281686,0.804745,0.001851,0.035761,0.000055,-0.999359,0.091432,0.009310,0.119424,0.000671,-0.424830,0.008109,0.352854,0.769930,0.558219,-0.009608,0.430480,0.711131,0.145699,0.035058,0.323120,0.843972,-0.363432,-0.000267,-0.389775,0.685837,0.016457,0.037111,0.311949,0.859138,0.616479,-0.014544,-0.312084,0.789994,-0.198760,0.073996,-0.210117,-0.166570,0.125958,-0.080946,-0.104375,0.069909,-0.197356,-0.147461,0.089894,-0.282459,-0.424599,0.008368,0.352002,0.558767,-0.010612,0.430315,0.145282,0.035237,0.322691,-0.364052,-0.000966,-0.388935,0.016739,0.037596,0.312004,0.616436,-0.014006,-0.311440
595,5.950000,0.005158,0.384313,-0.000555,-0.923189,-0.154369,0.089844,-0.195329,0.000677,-0.199661,0.074126,-0.212822,0.796989,-0.166616,0.125654,-0.084056,0.864606,-0.103821,0.069789,-0.200148,0.824555,-0.147379,0.089808,-0.284292,0.804745,0.001977,0.035660,0.000131,-0.999362,0.091409,0.009218,0.119412,0.000604,-0.424806,0.008156,0.352946,0.769930,0.558256,-0.009698,0.430378,0.711131,0.145721,0.035007,0.323090,0.843972,-0.363559,-0.000412,-0.389694,0.685837,0.016477,0.037078,0.311945,0.859138,0.616366,-0.014826,-0.312196,0.789994,-0.198826,0.073920,-0.212747,-0.166635,0.125847,-0.083525,-0.104553,0.069675,-0.199987,-0.147441,0.089929,-0.285057,-0.424589,0.008355,0.351984,0.558779,-0.010609,0.430338,0.145255,0.035220,0.322694,-0.364043,-0.000975,-0.388946,0.016713,0.037554,0.312142,0.616362,-0.014374,-0.311752
596,5.960000,0.005389,0.385202,-0.000514,-0.922816,-0.154719,0.089759,-0.198017,0.000630,-0.199980,0.074045,-0.215591,0.812599,-0.167172,0.125617,-0.086782,0.856525,-0.104166,0.069690,-0.202730,0.829550,-0.147557,0.089686,-0.286966,0.818465,0.001984,0.035656,0.000124,-0.999362,0.091402,0.009235,0.119424,0.000623,-0.424811,0.008171,0.352964,0.740483,0.558252,-0.009670,0.430386,0.726134,0.145715,0.035029,0.323102,0.835484,-0.363571,-0.000408,-0.389677,0.735237,0.016471,0.037098,0.311958,0.847564,0.616355,-0.014808,-0.312188,0.840428,-0.199237,0.073984,-0.215516,-0.167208,0.125729,-0.086220,-0.104843,0.069680,-0.202644,-0.147587,0.089645,-0.287691,-0.424573,0.008351,0.351970,0.558791,-0.010623,0.430364,0.145237,0.035231,0.322698,-0.364057,-0.000968,-0.388920,0.016721,0.037620,0.312149,0.616329,-0.014358,-0.311737
597,5.970000,0.004311,0.385429,-0.001725,-0.922726,-0.155065,0.089699,-0.200713,0.000664,-0.200270,0.073864,-0.218325,0.812599,-0.167681,0.125400,-0.089445,0.856525,-0.104449,0.069790,-0.205423,0.829550,-0.147861,0.089742,-0.289658,0.818465,0.002004,0.035643,0.000123,-0.999363,0.091403,0.009236,0.119440,0.000630,-0.424804,0.008180,0.352992,0.740483,0.558261,-0.009657,0.430391,0.726134,0.145721,0.035037,0.323115,0.835484,-0.363583,-0.000427,-0.389649,0.735237,0.016477,0.037106,0.311974,0.847564,0.616345,-0.014825,-0.312184,0.840428,-0.199478,0.073766,-0.218272,-0.167734,0.125557,-0.088862,-0.105112,0.069713,-0.205323,-0.147937,0.089760,-0.290394,-0.424556,0.008351,0.351976,0.558803,-0.010628,0.430369,0.145230,0.035240,0.322694,-0.364063,-0.000979,-0.388897,0.016731,0.037645,0.312193,0.616316,-0.014377,-0.311731
598,5.980000,0.004910,0.385390,-0.001674,-0.922739,-0.155368,0.089668,-0.203547,0.000704,-0.200583,0.073840,-0.221139,0.804509,-0.167955,0.125495,-0.092317,0.840668,-0.104764,0.069726,-0.208240,0.827818,-0.148171,0.089612,-0.292493,0.801891,0.001387,0.035922,0.000544,-0.999354,0.091597,0.009479,0.119320,0.000591,-0.424741,0.008539,0.352582,0.832202,0.558265,-0.010178,0.430508,0.816208,0.145822,0.034980,0.323058,0.810955,-0.363111,0.000821,-0.390035,0.883595,0.016585,0.037166,0.311847,0.845445,0.616761,-0.014454,-0.312041,0.866392,-0.199813,0.073719,-0.221085,-0.167995,0.125663,-0.091703,-0.105438,0.069652,-0.208119,-0.148229,0.089639,-0.293283,-0.424554,0.008335,0.351971,0.558832,-0.010633,0.430400,0.145202,0.035213,0.322693,-0.362934,0.000668,-0.389632,0.016692,0.037657,0.312207,0.616344,-0.014366,-0.311719
599,5.990000,0.005086,0.385330,-0.001923,-0.922763,-0.155593,0.089683,-0.206465,0.000637,-0.200805,0.073831,-0.224043,0.804509,-0.168176,0.125563,-0.095252,0.840668,-0.104982,0.069755,-0.211154,0.827818,-0.148407,0.089583,-0.295412,0.801891,0.001276,0.035983,0.000462,-0.999352,0.091609,0.009547,0.119385,0.000630,-0.424757,0.008469,0.352584,0.832202,0.558243,-0.010098,0.430625,0.816208,0.145805,0.035013,0.323135,0.810955,-0.363036,0.000920,-0.390027,0.883595,0.016570,0.037179,0.311909,0.845445,0.616830,-0.014204,-0.311917,0.866392,-0.200032,0.073691,-0.223999,-0.168210,0.125736,-0.094704,-0.105660,0.069665,-0.211052,-0.148468,0.089640,-0.296106,-0.424552,0.008357,0.351966,0.558838,-0.010636,0.430449,0.145194,0.035219,0.322698,-0.362919,0.000687,-0.389621,0.016684,0.037674,0.312269,0.616416,-0.014026,-0.311454
600,6.000000,0.004594,0.384764,-0.004434,-0.922993,-0.155830,0.089397,-0.209298,0.000747,-0.200984,0.073301,-0.226802,0.821550,-0.168455,0.125328,-0.098105,0.841994,-0.105127,0.069717,-0.214030,0.827203,-0.148755,0.089242,-0.298253,0.786906,0.001280,0.035993,0.000457,-0.999351,0.091604,0.009552,0.119410,0.000641,-0.424767,0.008471,0.352599,0.834198,0.558232,-0.010085,0.430660,0.787534,0.145796,0.035021,0.323161,0.800369,-0.363030,0.000918,-0.390011,0.888329,0.016561,0.037185,0.311933,0.831917,0.616834,-0.014196,-0.311881,0.837529,-0.200353,0.072980,-0.226714,-0.168456,0.125606,-0.097538,-0.105773,0.069517,-0.213888,-0.148739,0.089490,-0.299069,-0.424544,0.008335,0.351990,0.558860,-0.010633,0.430492,0.145170,0.035223,0.322708,-0.362907,0.000696,-0.389643,0.016659,0.037712,0.312339,0.616399,-0.014032,-0.311427
601,6.010000,0.005916,0.384224,-0.003473,-0.923214,-0.155929,0.089395,-0.212179,0.000723,-0.201148,0.073395,-0.229605,0.821587,-0.168325,0.125550,-0.101034,0.843929,-0.105286,0.069565,-0.216936,0.807711,-0.148957,0.089068,-0.301143,0.792978,0.001396,0.035944,0.000559,-0.999353,0.091579,0.009482,0.119371,0.000593,-0.424770,0.008562,0.352610,0.829839,0.558233,-0.010184,0.430580,0.807660,0.145796,0.034985,0.323111,0.803892,-0.363107,0.000829,-0.390004,0.892965,0.016560,0.037174,0.311894,0.820740,0.616761,-0.014475,-0.311967,0.871180,-0.200480,0.073147,-0.229565,-0.168278,0.125756,-0.100446,-0.106030,0.069491,-0.216753,-0.148928,0.089186,-0.301962,-0.424560,0.008347,0.352000,0.558850,-0.010644,0.430549,0.145152,0.035192,0.322713,-0.362897,0.000674,-0.389665,0.016621,0.037712,0.312365,0.616308,-0.014391,-0.311737
602,6.020000,0.006316,0.384856,-0.002352,-0.922952,-0.156295,0.089594,-0.215093,0.000682,-0.201528,0.073704,-0.232583,0.821587,-0.168760,0.125765,-0.103961,0.843929,-0.105693,0.069645,-0.219782,0.807711,-0.149201,0.089262,-0.304047,0.792978,0.002038,0.035668,0.000090,-0.999362,0.091361,0.009240,0.119533,0.000649,-0.424858,0.008168,0.353060,0.829839,0.558205,-0.009601,0.430508,0.807660,0.145668,0.035059,0.323209,0.803892,-0.363599,-0.000488,-0.389578,0.892965,0.016424,0.037119,0.312061,0.820740,0.616326,-0.014817,-0.312064,0.871180,-0.200750,0.073588,-0.232550,-0.168813,0.125943,-0.103364,-0.106324,0.069546,-0.219662,-0.149295,0.089299,-0.304798,-0.424581,0.008349,0.352004,0.558862,-0.010641,0.430583,0.145124,0.035186,0.322715,-0.364019,-0.000977,-0.388893,0.016580,0.037711,0.312421,0.616321,-0.014379,-0.311712
603,6.030000,0.005696,0.384609,-0.003535,-0.923055,-0.156686,0.089651,-0.217930,0.000653,-0.201886,0.073644,-0.235398,0.798754,-0.169185,0.125763,-0.106782,0.844535,-0.106033,0.069837,-0.222651,0.826583,-0.149640,0.089358,-0.306887,0.828312,0.001398,0.035971,0.000557,-0.999352,0.091568,0.009495,0.119387,0.000610,-0.424793,0.008575,0.352599,0.827937,0.558206,-0.010167,0.430622,0.796347,0.145774,0.034999,0.323130,0.796046,-0.363090,0.000838,-0.390012,0.892769,0.016539,0.037188,0.311907,0.812555,0.616774,-0.014461,-0.311922,0.873645,-0.201091,0.073518,-0.235385,-0.169225,0.125942,-0.106188,-0.106718,0.069755,-0.222576,-0.149708,0.089387,-0.307570,-0.424571,0.008348,0.351989,0.558874,-0.010634,0.430610,0.145119,0.035220,0.322697,-0.362864,0.000691,-0.389679,0.016531,0.037734,0.312422,0.616319,-0.014387,-0.311715
604,6.040000,0.005251,0.384651,-0.003211,-0.923042,-0.156899,0.089832,-0.220651,0.000750,-0.202102,0.073856,-0.238141,0.798754,-0.169399,0.125828,-0.109465,0.844535,-0.106251,0.070011,-0.225389,0.826583,-0.149845,0.089633,-0.309608,0.828312,0.001412,0.035983,0.000553,-0.999351,0.091564,0.009509,0.119379,0.000619,-0.424803,0.008591,0.352578,0.827937,0.558194,-0.010141,0.430626,0.796347,0.145764,0.035019,0.323123,0.796046,-0.363082,0.000834,-0.390031,0.892769,0.016529,0.037207,0.311896,0.812555,0.616781,-0.014456,-0.311916,0.873645,-0.201349,0.073647,-0.238038,-0.169445,0.126058,-0.108859,-0.106928,0.069857,-0.225282,-0.149876,0.089769,-0.310440,-0.424562,0.008362,0.351966,0.558879,-0.010618,0.430627,0.145097,0.035223,0.322694,-0.362860,0.000685,-0.389692,0.016510,0.037776,0.312389,0.616323,-0.014379,-0.311711
605,6.050000,0.004856,0.384522,-0.003059,-0.923098,-0.157083,0.089861,-0.223350,0.000757,-0.202290,0.073899,-0.240841,0.792021,-0.169552,0.125763,-0.112131,0.831613,-0.106436,0.070045,-0.228120,0.816005,-0.150054,0.089737,-0.312309,0.789521,0.001413,0.036004,0.000551,-0.999351,0.091560,0.009503,0.119391,0.000624,-0.424816,0.008584,0.352569,0.822753,0.558177,-0.010145,0.430657,0.787018,0.145752,0.035014,0.323137,0.791022,-0.363065,0.000827,-0.390038,0.892902,0.016518,0.037201,0.311905,0.804259,0.616795,-0.014460,-0.311882,0.878013,-0.201484,0.073748,-0.240701,-0.169618,0.125959,-0.111490,-0.107163,0.069945,-0.228073,-0.150055,0.089793,-0.313150,-0.424557,0.008359,0.351949,0.558877,-0.010630,0.430677,0.145076,0.035214,0.322688,-0.362846,0.000675,-0.389703,0.016467,0.037777,0.312433,0.616348,-0.014381,-0.311704
606,6.060000,0.004211,0.384323,-0.002730,-0.923185,-0.157355,0.089851,-0.226036,0.000711,-0.202571,0.073919,-0.243530,0.792021,-0.169771,0.125594,-0.114759,0.831613,-0.106712,0.070036,-0.230856,0.816005,-0.150365,0.089855,-0.314998,0.789521,0.002066,0.035712,0.000060,-0.999360,0.091320,0.009273,0.119526,0.000677,-0.424919,0.008185,0.353007,0.822753,0.558137,-0.009523,0.430544,0.787018,0.145607,0.035107,0.323205,0.791022,-0.363595,-0.000512,-0.389625,0.892902,0.016364,0.037159,0.312046,0.804259,0.616324,-0.014780,-0.312023,0.878013,-0.201728,0.073754,-0.243427,-0.169855,0.125806,-0.114167,-0.107374,0.069884,-0.230780,-0.150440,0.089955,-0.315766,-0.424563,0.008352,0.351945,0.558858,-0.010608,0.430711,0.145053,0.035202,0.322680,-0.363994,-0.000967,-0.388921,0.016397,0.037787,0.312410,0.616342,-0.014357,-0.311739
607,6.070000,0.004262,0.383915,-0.002439,-0.923355,-0.157543,0.089846,-0.228715,0.000732,-0.202784,0.073943,-0.246171,0.795345,-0.169841,0.125582,-0.117422,0.828371,-0.106916,0.070003,-0.233582,0.840733,-0.150631,0.089858,-0.317683,0.800730,0.001403,0.036008,0.000545,-0.999350,0.091524,0.009487,0.119411,0.000644,-0.424854,0.008557,0.352584,0.820545,0.558139,-0.010162,0.430680,0.780170,0.145714,0.034995,0.323157,0.788970,-0.363097,0.000815,-0.390022,0.892292,0.016480,0.037180,0.311924,0.798079,0.616762,-0.014462,-0.311859,0.888434,-0.201976,0.073815,-0.246148,-0.169914,0.125786,-0.116771,-0.107529,0.069871,-0.233469,-0.150747,0.089913,-0.318470,-0.424566,0.008363,0.351957,0.558876,-0.010640,0.430728,0.145038,0.035184,0.322688,-0.362874,0.000662,-0.389686,0.016340,0.037723,0.312506,0.616342,-0.014379,-0.311734
608,6.080000,0.003149,0.383079,-0.003219,-0.923705,-0.157967,0.089690,-0.231324,0.000812,-0.203203,0.073709,-0.248720,0.795345,-0.170143,0.125236,-0.119957,0.828371,-0.107304,0.069969,-0.236312,0.840733,-0.151218,0.089846,-0.320305,0.800730,0.002119,0.035713,-0.000022,-0.999360,0.091291,0.009270,0.119587,0.000756,-0.424948,0.008125,0.353068,0.820545,0.558111,-0.009417,0.430607,0.780170,0.145574,0.035135,0.323263,0.788970,-0.363621,-0.000644,-0.389563,0.892292,0.016331,0.037165,0.312104,0.798079,0.616300,-0.014747,-0.311959,0.888434,-0.202528,0.073398,-0.248692,-0.170127,0.125515,-0.119276,-0.108027,0.069815,-0.236193,-0.151186,0.090038,-0.321162,-0.424561,0.008359,0.351967,0.559062,-0.010790,0.430979,0.145039,0.035208,0.322693,-0.364013,-0.000986,-0.388917,0.016302,0.037704,0.312513,0.616315,-0.014345,-0.311738
609,6.090000,0.003958,0.383382,-0.003327,-0.923576,-0.158269,0.089817,-0.234262,0.000832,-0.203501,0.073827,-0.251664,0.822429,-0.170504,0.125543,-0.122960,0.812571,-0.107611,0.070067,-0.239186,0.830256,-0.151461,0.089830,-0.323239,0.774492,0.002067,0.035706,0.000037,-0.999360,0.091276,0.009240,0.119596,0.000711,-0.424960,0.008129,0.353084,0.701303,0.558098,-0.009532,0.430608,0.656062,0.145565,0.035078,0.323275,0.799192,-0.363645,-0.000568,-0.389548,0.782400,0.016322,0.037123,0.312117,0.819813,0.616276,-0.014789,-0.311960,0.877257,-0.202881,0.073492,-0.251573,-0.170532,0.125859,-0.122281,-0.108251,0.069848,-0.239128,-0.151411,0.090080,-0.324104,-0.424566,0.008347,0.351977,0.558871,-0.010653,0.430808,0.145014,0.035201,0.322703,-0.364030,-0.000996,-0.388896,0.016277,0.037673,0.312581,0.616317,-0.014370,-0.311708
610,6.100000,0.004754,0.383517,-0.003354,-0.923515,-0.158539,0.089787,-0.237288,0.000840,-0.203774,0.073796,-0.254680,0.822429,-0.170787,0.125686,-0.126043,0.812571,-0.107890,0.070001,-0.242167,0.830256,-0.151704,0.089663,-0.326263,0.774492,0.002029,0.035694,0.000026,-0.999361,0.091260,0.009231,0.119623,0.000725,-0.424970,0.008089,0.353123,0.701303,0.558090,-0.009555,0.430623,0.656062,0.145553,0.035054,0.323303,0.799192,-0.363672,-0.000549,-0.389512,0.782400,0.016309,0.037098,0.312148,0.819813,0.616251,-0.014753,-0.311946,0.877257,-0.203031,0.073546,-0.254717,-0.170799,0.125970,-0.125258,-0.108599,0.069865,-0.242084,-0.151725,0.089771,-0.327097,-0.424547,0.008340,0.351968,0.558847,-0.010667,0.430818,0.144994,0.035211,0.322706,-0.364029,-0.000975,-0.388890,0.016233,0.037600,0.312678,0.616295,-0.014334,-0.311708
611,6.110000,0.004878,0.383320,-0.002364,-0.923600,-0.158662,0.089549,-0.240150,0.000804,-0.203936,0.073655,-0.257531,0.779342,-0.170795,0.125412,-0.128881,0.807232,-0.108054,0.069669,-0.245061,0.813425,-0.151865,0.089460,-0.329128,0.796662,0.002025,0.035692,0.000026,-0.999361,0.091246,0.009212,0.119643,0.000735,-0.424983,0.008069,0.353145,0.682278,0.558077,-0.009574,0.430641,0.662648,0.145540,0.035035,0.323323,0.788315,-0.363688,-0.000564,-0.389490,0.797150,0.016296,0.037078,0.312169,0.815689,0.616235,-0.014768,-0.311929,0.884189,-0.203100,0.073372,-0.257542,-0.170829,0.125703,-0.128168,-0.108775,0.069496,-0.244972,-0.151918,0.089616,-0.329924,-0.424560,0.008341,0.351979,0.558853,-0.010658,0.430854,0.144982,0.035209,0.322710,-0.364027,-0.000979,-0.388880,0.016170,0.037529,0.312738,0.616295,-0.014357,-0.311724
612,6.120000,0.005582,0.382950,-0.001639,-0.923751,-0.158599,0.089592,-0.242987,0.000849,-0.203916,0.073770,-0.260321,0.779342,-0.170577,0.125561,-0.131736,0.807232,-0.108032,0.069612,-0.247923,0.813425,-0.151872,0.089423,-0.331970,0.796662,0.002024,0.035691,0.000020,-0.999361,0.091240,0.009218,0.119656,0.000747,-0.424989,0.008068,0.353160,0.682278,0.558072,-0.009565,0.430652,0.662648,0.145534,0.035040,0.323335,0.788315,-0.363696,-0.000563,-0.389476,0.797150,0.016290,0.037082,0.312182,0.815689,0.616227,-0.014756,-0.311917,0.884189,-0.203125,0.073601,-0.260380,-0.170584,0.125785,-0.130937,-0.108749,0.069546,-0.247790,-0.151939,0.089437,-0.332872,-0.424557,0.008355,0.351978,0.558850,-0.010637,0.430897,0.144971,0.035229,0.322694,-0.364039,-0.000975,-0.388869,0.016133,0.037506,0.312786,0.616314,-0.014349,-0.311745
613,6.130000,0.005209,0.382965,-0.004072,-0.923739,-0.159051,0.089639,-0.245779,0.000856,-0.204291,0.073581,-0.263094,0.806279,-0.171201,0.125681,-0.134570,0.802844,-0.108389,0.069896,-0.250691,0.801289,-0.152322,0.089399,-0.334762,0.772924,0.001989,0.035691,0.000008,-0.999361,0.091229,0.009185,0.119685,0.000763,-0.425000,0.008005,0.353188,0.664870,0.558062,-0.009607,0.430681,0.667783,0.145522,0.034994,0.323366,0.779337,-0.363706,-0.000573,-0.389448,0.808149,0.016278,0.037033,0.312213,0.803850,0.616218,-0.014745,-0.311889,0.891023,-0.203589,0.073261,-0.263021,-0.171205,0.125981,-0.133841,-0.109167,0.069738,-0.250649,-0.152239,0.089586,-0.335647,-0.424559,0.008338,0.351967,0.558840,-0.010651,0.430945,0.144959,0.035197,0.322717,-0.364027,-0.000981,-0.388883,0.016096,0.037405,0.312879,0.616309,-0.014342,-0.311752
614,6.140000,0.005021,0.383461,-0.004858,-0.923531,-0.159528,0.089744,-0.248489,0.000895,-0.204724,0.073608,-0.265848,0.806279,-0.171854,0.125794,-0.137302,0.802844,-0.108829,0.070081,-0.253342,0.801289,-0.152703,0.089491,-0.337464,0.772924,0.001304,0.036073,0.000544,-0.999348,0.091476,0.009409,0.119546,0.000792,-0.424933,0.008427,0.352652,0.664870,0.558051,-0.010297,0.430872,0.667783,0.145639,0.034877,0.323305,0.779337,-0.363078,0.000832,-0.389948,0.808149,0.016406,0.037063,0.312056,0.803850,0.616771,-0.014449,-0.311659,0.891023,-0.204236,0.073255,-0.265808,-0.171848,0.126130,-0.136517,-0.109435,0.069902,-0.253294,-0.152585,0.089707,-0.338376,-0.424560,0.008350,0.351960,0.558981,-0.010810,0.431157,0.144947,0.035184,0.322703,-0.362860,0.000680,-0.389663,0.016062,0.037381,0.312905,0.616329,-0.014352,-0.311730
615,6.150000,0.005006,0.384121,-0.004707,-0.923257,-0.159724,0.090016,-0.251162,0.000866,-0.204899,0.073895,-0.268588,0.833223,-0.172200,0.126053,-0.139987,0.784453,-0.109023,0.070341,-0.255945,0.823432,-0.152772,0.089775,-0.340127,0.781260,0.001326,0.036055,0.000520,-0.999349,0.091459,0.009433,0.119503,0.000721,-0.424941,0.008438,0.352628,0.803721,0.558046,-0.010237,0.430813,0.781118,0.145628,0.034912,0.323259,0.765738,-0.363114,0.000812,-0.389974,0.899342,0.016395,0.037092,0.312014,0.753886,0.616739,-0.014421,-0.311721,0.894457,-0.204356,0.073513,-0.268656,-0.172136,0.126395,-0.139198,-0.109702,0.070188,-0.255826,-0.152696,0.089984,-0.340973,-0.424559,0.008345,0.351949,0.558812,-0.010636,0.430953,0.144948,0.035205,0.322684,-0.362871,0.000671,-0.389685,0.016057,0.037389,0.312890,0.616323,-0.014350,-0.311734
616,6.160000,0.004147,0.384519,-0.005161,-0.923093,-0.159852,0.090015,-0.253660,0.000893,-0.204989,0.073847,-0.271145,0.833223,-0.172477,0.125895,-0.142452,0.784453,-0.109118,0.070422,-0.258425,0.823432,-0.152825,0.089895,-0.342620,0.781260,0.001972,0.035724,0.000011,-0.999360,0.091217,0.009168,0.119694,0.000773,-0.425027,0.007982,0.353163,0.803721,0.558029,-0.009636,0.430719,0.781118,0.145497,0.034971,0.323379,0.765738,-0.363684,-0.000570,-0.389469,0.899342,0.016254,0.037011,0.312217,0.753886,0.616234,-0.014749,-0.311847,0.894457,-0.204427,0.073393,-0.271231,-0.172413,0.126295,-0.141666,-0.109786,0.070191,-0.258284,-0.152780,0.090208,-0.343472,-0.424569,0.008354,0.351946,0.558793,-0.010627,0.430965,0.144930,0.035204,0.322691,-0.364003,-0.000986,-0.388924,0.016025,0.037323,0.312948,0.616346,-0.014348,-0.311718
617,6.170000,0.004281,0.384859,-0.003363,-0.922959,-0.159857,0.089942,-0.256115,0.000827,-0.205035,0.073948,-0.273651,0.825478,-0.172443,0.125739,-0.144875,0.787332,-0.109187,0.070181,-0.260864,0.824738,-0.152764,0.089898,-0.345069,0.800113,0.001336,0.036066,0.000524,-0.999348,0.091452,0.009408,0.119521,0.000740,-0.424954,0.008422,0.352633,0.801603,0.558031,-0.010260,0.430842,0.778811,0.145617,0.034891,0.323277,0.762901,-0.363108,0.000781,-0.389967,0.901873,0.016384,0.037072,0.312029,0.742522,0.616742,-0.014459,-0.311691,0.893249,-0.204479,0.073543,-0.273764,-0.172375,0.126099,-0.144107,-0.109853,0.070002,-0.260739,-0.152721,0.090130,-0.345833,-0.424564,0.008348,0.351946,0.558817,-0.010636,0.430995,0.144929,0.035202,0.322703,-0.362859,0.000650,-0.389694,0.016015,0.037304,0.312962,0.616322,-0.014393,-0.311731
618,6.180000,0.004011,0.385070,-0.002821,-0.922875,-0.159935,0.089847,-0.258543,0.000862,-0.205118,0.073906,-0.276115,0.825478,-0.172543,0.125553,-0.147276,0.787332,-0.109278,0.070051,-0.263287,0.824738,-0.152801,0.089880,-0.347494,0.800113,0.001995,0.035716,-0.000033,-0.999360,0.091218,0.009168,0.119735,0.000877,-0.425022,0.007949,0.353213,0.801603,0.558037,-0.009580,0.430754,0.778811,0.145499,0.034986,0.323418,0.762901,-0.363691,-0.000635,-0.389420,0.901873,0.016256,0.037014,0.312259,0.742522,0.616230,-0.014725,-0.311814,0.893249,-0.204591,0.073484,-0.276198,-0.172458,0.125906,-0.146499,-0.109974,0.069889,-0.263154,-0.152712,0.090126,-0.348327,-0.424551,0.008362,0.351963,0.559022,-0.010763,0.431232,0.144953,0.035231,0.322691,-0.364007,-0.000971,-0.388897,0.015971,0.037240,0.313008,0.616323,-0.014359,-0.311773
619,6.190000,0.003350,0.384866,-0.001734,-0.922965,-0.160040,0.089663,-0.260930,0.000869,-0.205255,0.073826,-0.278515,0.821977,-0.172546,0.125159,-0.149584,0.795473,-0.109415,0.069801,-0.265737,0.811497,-0.152946,0.089868,-0.349884,0.767010,0.001890,0.035786,-0.000171,-0.999358,0.091205,0.009225,0.119789,0.000872,-0.425067,0.007813,0.353195,0.642224,0.557986,-0.009453,0.430869,0.577107,0.145450,0.035017,0.323485,0.761685,-0.363630,-0.000605,-0.389431,0.811176,0.016208,0.037011,0.312308,0.811473,0.616284,-0.014433,-0.311691,0.882435,-0.204730,0.073345,-0.278537,-0.172473,0.125533,-0.148860,-0.110129,0.069586,-0.265622,-0.152823,0.090212,-0.350742,-0.424548,0.008354,0.351976,0.558991,-0.010757,0.431259,0.144929,0.035199,0.322709,-0.364020,-0.000975,-0.388900,0.015936,0.037229,0.312977,0.616398,-0.014013,-0.311510
620,6.200000,0.003522,0.384902,-0.001329,-0.922950,-0.160178,0.089706,-0.263462,0.000876,-0.205405,0.073908,-0.281051,0.821977,-0.172662,0.125213,-0.152118,0.795473,-0.109570,0.069799,-0.268265,0.811497,-0.153076,0.089905,-0.352416,0.767010,0.001326,0.036067,0.000529,-0.999348,0.091435,0.009410,0.119531,0.000747,-0.424971,0.008425,0.352643,0.642224,0.558013,-0.010269,0.430853,0.577107,0.145599,0.034888,0.323288,0.761685,-0.363125,0.000798,-0.389957,0.811176,0.016366,0.037071,0.312040,0.811473,0.616725,-0.014453,-0.311680,0.882435,-0.204880,0.073474,-0.281115,-0.172569,0.125559,-0.151353,-0.110289,0.069641,-0.268121,-0.152967,0.090171,-0.353290,-0.424538,0.008377,0.351973,0.558783,-0.010634,0.431042,0.144927,0.035205,0.322716,-0.362848,0.000664,-0.389669,0.015915,0.037252,0.312946,0.616310,-0.014379,-0.311763
621,6.210000,0.004143,0.385118,-0.003385,-0.922852,-0.160690,0.089679,-0.266172,0.000900,-0.205856,0.073683,-0.283738,0.824903,-0.173343,0.125448,-0.154930,0.787396,-0.110014,0.069927,-0.270898,0.787334,-0.153547,0.089658,-0.355122,0.756833,0.001204,0.036131,0.000417,-0.999346,0.091427,0.009458,0.119592,0.000729,-0.425008,0.008297,0.352638,0.800517,0.557971,-0.010185,0.430968,0.774854,0.145560,0.034901,0.323361,0.761140,-0.363065,0.000859,-0.389956,0.894684,0.016328,0.037056,0.312098,0.761889,0.616778,-0.014182,-0.311558,0.896574,-0.205285,0.073283,-0.283800,-0.173227,0.125760,-0.154148,-0.110841,0.069822,-0.270726,-0.153414,0.089870,-0.356062,-0.424554,0.008348,0.351984,0.558738,-0.010651,0.431044,0.144905,0.035194,0.322731,-0.362874,0.000637,-0.389654,0.015898,0.037239,0.312927,0.616413,-0.014009,-0.311467
622,6.220000,0.004907,0.384974,-0.004685,-0.922903,-0.161001,0.089350,-0.268707,0.000886,-0.206143,0.073231,-0.286220,0.824903,-0.173684,0.125364,-0.157548,0.787396,-0.110291,0.069678,-0.273401,0.787334,-0.153885,0.089128,-0.357659,0.756833,0.001252,0.036134,0.000432,-0.999346,0.091456,0.009517,0.119521,0.000676,-0.424980,0.008396,0.352564,0.800517,0.557998,-0.010112,0.430901,0.774854,0.145589,0.034978,0.323288,0.761140,-0.363034,0.000886,-0.390029,0.894684,0.016357,0.037136,0.312023,0.761889,0.616809,-0.014181,-0.311624,0.896574,-0.205490,0.072826,-0.286313,-0.173609,0.125722,-0.156750,-0.111055,0.069510,-0.273251,-0.153845,0.089365,-0.358520,-0.424557,0.008359,0.351979,0.558711,-0.010639,0.431054,0.144893,0.035203,0.322729,-0.362875,0.000663,-0.389642,0.016155,0.037505,0.312424,0.616406,-0.014000,-0.311443
623,6.230000,0.007171,0.386658,0.004043,-0.922186,-0.160937,0.089646,-0.271440,0.000836,-0.206293,0.074378,-0.289163,0.757951,-0.173398,0.125601,-0.160236,0.779926,-0.110568,0.069085,-0.275994,0.868889,-0.153490,0.089521,-0.360365,0.815701,0.001959,0.035751,0.000027,-0.999359,0.091195,0.009148,0.119655,0.000742,-0.425062,0.007972,0.353097,0.676436,0.557990,-0.009678,0.430705,0.693067,0.145465,0.034944,0.323344,0.777917,-0.363680,-0.000562,-0.389532,0.787411,0.016222,0.036988,0.312176,0.863962,0.616234,-0.014773,-0.311858,0.892305,-0.205404,0.074554,-0.289503,-0.173476,0.125655,-0.159361,-0.111073,0.069206,-0.275917,-0.153737,0.089183,-0.360972,-0.424554,0.008328,0.351961,0.558685,-0.010622,0.431072,0.144878,0.035194,0.322727,-0.364016,-0.000994,-0.388881,0.016060,0.037257,0.312620,0.616308,-0.014366,-0.311737
624,6.240000,0.005674,0.383914,-0.003068,-0.923347,-0.161082,0.089365,-0.273766,0.000927,-0.206322,0.073404,-0.291173,0.757951,-0.173383,0.125443,-0.162585,0.779926,-0.110454,0.069510,-0.278571,0.868889,-0.154170,0.089101,-0.362734,0.815701,0.001336,0.036088,0.000519,-0.999348,0.091409,0.009428,0.119496,0.000697,-0.425007,0.008438,0.352586,0.676436,0.557975,-0.010234,0.430837,0.693067,0.145565,0.034912,0.323255,0.777917,-0.363129,0.000796,-0.390011,0.787411,0.016332,0.037092,0.312001,0.863962,0.616718,-0.014434,-0.311692,0.892305,-0.205607,0.072912,-0.291330,-0.173271,0.125886,-0.161691,-0.111354,0.069312,-0.278455,-0.154108,0.089363,-0.363523,-0.424548,0.008361,0.351971,0.558674,-0.010636,0.431075,0.144856,0.035201,0.322732,-0.362882,0.000650,-0.389652,0.016024,0.037344,0.312545,0.616305,-0.014341,-0.311719
625,6.250000,0.005001,0.384952,-0.003748,-0.922915,-0.161500,0.089384,-0.276171,0.001026,-0.206672,0.073355,-0.293691,0.778700,-0.174114,0.125360,-0.164992,0.757635,-0.110825,0.069623,-0.280878,0.780583,-0.154388,0.089197,-0.365124,0.723101,0.001966,0.035773,0.000006,-0.999358,0.091133,0.009174,0.119671,0.000773,-0.425134,0.007980,0.353090,0.673496,0.557915,-0.009629,0.430742,0.674213,0.145393,0.034975,0.323362,0.783446,-0.363719,-0.000564,-0.389536,0.797966,0.016151,0.037013,0.312188,0.829771,0.616192,-0.014733,-0.311819,0.893561,-0.206022,0.072754,-0.293698,-0.174057,0.125850,-0.164158,-0.111636,0.069300,-0.280787,-0.154265,0.089696,-0.366105,-0.424553,0.008342,0.351978,0.558650,-0.010643,0.431102,0.144846,0.035200,0.322729,-0.364000,-0.000978,-0.388902,0.015814,0.037318,0.312695,0.616292,-0.014326,-0.311744
626,6.260000,0.004637,0.384710,-0.002509,-0.923022,-0.161573,0.089645,-0.278391,0.000939,-0.206786,0.073735,-0.295914,0.767850,-0.174057,0.125465,-0.167147,0.778906,-0.110941,0.069790,-0.283156,0.796325,-0.154508,0.089588,-0.367348,0.751079,0.001989,0.035782,0.000011,-0.999358,0.091130,0.009174,0.119657,0.000779,-0.425142,0.007997,0.353067,0.674484,0.557906,-0.009620,0.430737,0.668865,0.145386,0.034983,0.323348,0.787318,-0.363713,-0.000581,-0.389558,0.796096,0.016144,0.037023,0.312171,0.834882,0.616196,-0.014759,-0.311822,0.893093,-0.206057,0.073161,-0.295921,-0.174044,0.125925,-0.166392,-0.111683,0.069465,-0.283066,-0.154473,0.090048,-0.368230,-0.424542,0.008359,0.351969,0.558649,-0.010650,0.431114,0.144838,0.035201,0.322735,-0.364003,-0.000994,-0.388917,0.015800,0.037333,0.312642,0.616300,-0.014350,-0.311750
627,6.270000,0.004204,0.383117,-0.003924,-0.923682,-0.161574,0.089793,-0.280442,0.000780,-0.206801,0.073746,-0.297804,0.767850,-0.173778,0.125609,-0.169166,0.778906,-0.110901,0.070085,-0.285377,0.796325,-0.154817,0.089731,-0.369423,0.751079,0.001231,0.036183,0.000419,-0.999344,0.091369,0.009492,0.119538,0.000707,-0.425091,0.008347,0.352530,0.674484,0.557880,-0.010137,0.430964,0.668865,0.145481,0.034946,0.323312,0.787318,-0.363071,0.000870,-0.390057,0.796096,0.016250,0.037101,0.312034,0.834882,0.616765,-0.014173,-0.311556,0.893093,-0.206058,0.073420,-0.297900,-0.173727,0.125908,-0.168428,-0.111732,0.069962,-0.285296,-0.154789,0.089876,-0.370145,-0.424549,0.008337,0.351948,0.558594,-0.010637,0.431142,0.144821,0.035204,0.322724,-0.362864,0.000654,-0.389697,0.015802,0.037395,0.312583,0.616403,-0.014005,-0.311496
628,6.280000,0.005473,0.384524,0.002343,-0.923096,-0.161684,0.090111,-0.282577,0.000835,-0.207054,0.074675,-0.300117,0.747354,-0.173786,0.125806,-0.171250,0.784702,-0.111247,0.069781,-0.287403,0.843909,-0.154650,0.090182,-0.371536,0.823929,0.001330,0.036131,0.000507,-0.999346,0.091348,0.009419,0.119491,0.000742,-0.425088,0.008413,0.352536,0.799044,0.557887,-0.010236,0.430872,0.775701,0.145485,0.034901,0.323254,0.775585,-0.363146,0.000781,-0.390056,0.880833,0.016253,0.037078,0.311990,0.800909,0.616695,-0.014426,-0.311653,0.897926,-0.206134,0.074822,-0.300509,-0.173813,0.125854,-0.170391,-0.111843,0.069937,-0.287304,-0.154867,0.089845,-0.372115,-0.424550,0.008323,0.351947,0.558625,-0.010661,0.431156,0.144800,0.035157,0.322733,-0.362868,0.000641,-0.389695,0.015772,0.037384,0.312546,0.616309,-0.014339,-0.311753
629,6.290000,0.005138,0.382472,-0.005244,-0.923938,-0.161646,0.089386,-0.284237,0.000852,-0.206870,0.073214,-0.301491,0.747354,-0.173757,0.125487,-0.173042,0.784702,-0.110946,0.069751,-0.289188,0.843909,-0.155013,0.089092,-0.373226,0.823929,0.001353,0.036142,0.000510,-0.999346,0.091354,0.009429,0.119484,0.000740,-0.425086,0.008438,0.352519,0.799044,0.557887,-0.010216,0.430877,0.775701,0.145488,0.034920,0.323248,0.775585,-0.363129,0.000772,-0.390072,0.880833,0.016256,0.037098,0.311981,0.800909,0.616710,-0.014439,-0.311647,0.897926,-0.205936,0.073045,-0.301822,-0.173730,0.125710,-0.172248,-0.111861,0.069782,-0.289323,-0.155025,0.088997,-0.373581,-0.424546,0.008324,0.351941,0.558601,-0.010630,0.431179,0.144793,0.035178,0.322732,-0.362847,0.000644,-0.389691,0.015791,0.037419,0.312489,0.616328,-0.014365,-0.311756
630,6.300000,0.002522,0.382006,-0.004998,-0.924143,-0.161697,0.089651,-0.286317,0.000929,-0.206913,0.073496,-0.303605,0.753188,-0.173747,0.125175,-0.174930,0.812543,-0.110972,0.070120,-0.291419,0.719560,-0.155156,0.089814,-0.375313,0.728275,0.001352,0.036144,0.000517,-0.999346,0.091358,0.009448,0.119480,0.000735,-0.425084,0.008463,0.352513,0.805495,0.557890,-0.010204,0.430875,0.778401,0.145491,0.034938,0.323244,0.779681,-0.363123,0.000798,-0.390078,0.873887,0.016260,0.037117,0.311976,0.822323,0.616716,-0.014426,-0.311649,0.896165,-0.206112,0.072967,-0.303378,-0.173736,0.125549,-0.174280,-0.112047,0.069799,-0.291424,-0.154938,0.090257,-0.376282,-0.424550,0.008340,0.351960,0.558600,-0.010630,0.431190,0.144792,0.035166,0.322758,-0.362833,0.000666,-0.389686,0.015823,0.037481,0.312402,0.616321,-0.014345,-0.311748
631,6.310000,0.002388,0.382751,-0.003122,-0.923843,-0.161930,0.089704,-0.288439,0.000945,-0.207172,0.073730,-0.305827,0.753188,-0.174040,0.125080,-0.177012,0.812543,-0.111262,0.070011,-0.293493,0.719560,-0.155244,0.089995,-0.377425,0.728275,0.002016,0.035832,0.000044,-0.999356,0.091149,0.009220,0.119580,0.000756,-0.425146,0.008089,0.352938,0.805495,0.557892,-0.009590,0.430708,0.778401,0.145386,0.035036,0.323275,0.779681,-0.363644,-0.000531,-0.389680,0.873887,0.016146,0.037084,0.312085,0.822323,0.616257,-0.014771,-0.311846,0.896165,-0.206468,0.073258,-0.305854,-0.173965,0.125493,-0.176167,-0.112214,0.069784,-0.293435,-0.155112,0.090295,-0.378294,-0.424543,0.008359,0.351970,0.558568,-0.010593,0.431196,0.144775,0.035171,0.322758,-0.363990,-0.000971,-0.388934,0.015991,0.037515,0.312229,0.616296,-0.014353,-0.311745
632,6.320000,0.002370,0.381886,-0.002124,-0.924204,-0.161956,0.089514,-0.290259,0.000903,-0.207260,0.073637,-0.307575,0.777517,-0.173793,0.124824,-0.178781,0.767702,-0.111334,0.069732,-0.295423,0.781423,-0.155436,0.089863,-0.379257,0.787980,0.002050,0.035862,0.000048,-0.999355,0.091152,0.009268,0.119527,0.000749,-0.425157,0.008158,0.352854,0.734347,0.557876,-0.009526,0.430684,0.656761,0.145377,0.035097,0.323223,0.807318,-0.363610,-0.000512,-0.389760,0.742116,0.016138,0.037145,0.312026,0.854924,0.616286,-0.014757,-0.311866,0.890883,-0.206479,0.073222,-0.307673,-0.173742,0.125204,-0.177935,-0.112183,0.069545,-0.295326,-0.155412,0.090090,-0.380074,-0.424569,0.008338,0.351987,0.558535,-0.010612,0.431204,0.144765,0.035193,0.322765,-0.363988,-0.000969,-0.388916,0.016043,0.037716,0.311974,0.616302,-0.014339,-0.311741
633,6.330000,0.004275,0.383092,0.004602,-0.923689,-0.162123,0.089938,-0.292364,0.000970,-0.207596,0.074719,-0.309826,0.777517,-0.173767,0.125230,-0.180860,0.767702,-0.111767,0.069464,-0.297426,0.781423,-0.155361,0.090339,-0.381343,0.787980,0.001369,0.036136,0.000511,-0.999346,0.091347,0.009452,0.119475,0.000704,-0.425091,0.008470,0.352515,0.734347,0.557884,-0.010184,0.430862,0.656761,0.145483,0.034950,0.323237,0.807318,-0.363142,0.000781,-0.390076,0.742116,0.016252,0.037127,0.311971,0.854924,0.616698,-0.014432,-0.311662,0.890883,-0.206707,0.074803,-0.310247,-0.173799,0.125342,-0.179801,-0.112299,0.069550,-0.297273,-0.155620,0.090076,-0.382051,-0.424559,0.008367,0.351985,0.558512,-0.010575,0.431205,0.144745,0.035178,0.322777,-0.362878,0.000646,-0.389673,0.015940,0.037447,0.312284,0.616298,-0.014343,-0.311747
634,6.340000,0.003121,0.381641,-0.004058,-0.924296,-0.162307,0.089599,-0.294202,0.000895,-0.207572,0.073537,-0.311448,0.797860,-0.174191,0.125192,-0.182819,0.753608,-0.111629,0.069954,-0.299336,0.781790,-0.155835,0.089712,-0.383204,0.797989,0.001931,0.035811,0.000028,-0.999357,0.091098,0.009150,0.119673,0.000763,-0.425187,0.007961,0.353052,0.668555,0.557855,-0.009695,0.430778,0.701738,0.145343,0.034934,0.323370,0.778723,-0.363715,-0.000531,-0.389570,0.782703,0.016102,0.036979,0.312186,0.871002,0.616189,-0.014747,-0.311779,0.891986,-0.206837,0.073236,-0.311601,-0.174108,0.125513,-0.181891,-0.112492,0.069871,-0.299238,-0.155806,0.089795,-0.384007,-0.424543,0.008363,0.351965,0.558476,-0.010622,0.431200,0.144716,0.035157,0.322786,-0.364007,-0.000988,-0.388891,0.015863,0.037250,0.312554,0.616286,-0.014328,-0.311741
635,6.350000,0.004773,0.381482,-0.005182,-0.924349,-0.162375,0.089250,-0.295787,0.000863,-0.207632,0.073084,-0.312956,0.797860,-0.174252,0.125270,-0.184541,0.753608,-0.111682,0.069627,-0.300862,0.781790,-0.155932,0.089021,-0.384791,0.797989,0.001915,0.035818,0.000033,-0.999357,0.091095,0.009141,0.119674,0.000764,-0.425194,0.007949,0.353046,0.668555,0.557847,-0.009717,0.430785,0.701738,0.145337,0.034918,0.323373,0.778723,-0.363711,-0.000519,-0.389576,0.782703,0.016096,0.036965,0.312187,0.871002,0.616192,-0.014747,-0.311771,0.891986,-0.206853,0.073040,-0.313349,-0.174176,0.125415,-0.183658,-0.112555,0.069795,-0.300999,-0.155923,0.088763,-0.385125,-0.424547,0.008328,0.351972,0.558458,-0.010628,0.431200,0.144707,0.035162,0.322788,-0.364007,-0.000975,-0.388879,0.015843,0.037230,0.312547,0.616304,-0.014335,-0.311742
636,6.360000,0.002419,0.381403,-0.003184,-0.924400,-0.162254,0.089470,-0.297793,0.000938,-0.207546,0.073491,-0.315047,0.779573,-0.174043,0.124858,-0.186335,0.766579,-0.111600,0.069781,-0.302992,0.780047,-0.155828,0.089752,-0.386798,0.769341,0.001312,0.036145,0.000514,-0.999346,0.091318,0.009394,0.119533,0.000722,-0.425124,0.008385,0.352565,0.794241,0.557849,-0.010278,0.430926,0.808271,0.145451,0.034868,0.323299,0.759726,-0.363162,0.000781,-0.390026,0.877954,0.016219,0.037047,0.312031,0.831360,0.616676,-0.014440,-0.311598,0.896531,-0.206812,0.073006,-0.315104,-0.173989,0.125281,-0.185504,-0.112440,0.069536,-0.302900,-0.155772,0.090074,-0.387660,-0.424550,0.008335,0.351977,0.558463,-0.010618,0.431235,0.144707,0.035187,0.322781,-0.362874,0.000657,-0.389652,0.015823,0.037189,0.312558,0.616296,-0.014366,-0.311743
637,6.370000,0.003202,0.380973,-0.004107,-0.924572,-0.162240,0.089555,-0.299640,0.000932,-0.207530,0.073488,-0.316818,0.779573,-0.173965,0.125169,-0.188248,0.766579,-0.111569,0.069910,-0.304844,0.780047,-0.155897,0.089651,-0.388651,0.769341,0.001938,0.035822,0.000029,-0.999356,0.091078,0.009149,0.119676,0.000785,-0.425212,0.007965,0.353044,0.794241,0.557829,-0.009692,0.430791,0.808271,0.145319,0.034936,0.323374,0.759726,-0.363724,-0.000539,-0.389577,0.877954,0.016078,0.036981,0.312187,0.831360,0.616179,-0.014756,-0.311764,0.896531,-0.206833,0.072978,-0.316935,-0.173863,0.125624,-0.187371,-0.112467,0.069678,-0.304756,-0.155813,0.089953,-0.389446,-0.424543,0.008354,0.351972,0.558453,-0.010625,0.431280,0.144688,0.035183,0.322784,-0.364009,-0.000979,-0.388875,0.015808,0.037227,0.312518,0.616284,-0.014349,-0.311769
638,6.380000,0.004436,0.380633,-0.004981,-0.924702,-0.162251,0.089402,-0.301379,0.000878,-0.207542,0.073255,-0.318476,0.781019,-0.173919,0.125337,-0.190083,0.761446,-0.111571,0.069777,-0.306561,0.773520,-0.155972,0.089241,-0.390394,0.802755,0.001936,0.035838,0.000038,-0.999356,0.091074,0.009136,0.119668,0.000788,-0.425224,0.007960,0.353019,0.671928,0.557813,-0.009715,0.430799,0.693250,0.145308,0.034921,0.323368,0.779205,-0.363712,-0.000541,-0.389600,0.780465,0.016068,0.036968,0.312177,0.877451,0.616188,-0.014777,-0.311755,0.894966,-0.206767,0.072896,-0.318670,-0.173820,0.125683,-0.189199,-0.112458,0.069665,-0.306418,-0.155966,0.089371,-0.391172,-0.424543,0.008345,0.351965,0.558447,-0.010642,0.431292,0.144689,0.035170,0.322789,-0.364010,-0.000977,-0.388897,0.015773,0.037206,0.312488,0.616305,-0.014373,-0.311758
639,6.390000,0.005717,0.382683,0.004358,-0.923852,-0.162299,0.090076,-0.302994,0.000833,-0.207798,0.074838,-0.320372,0.781019,-0.173820,0.125693,-0.191581,0.761446,-0.111961,0.069554,-0.308043,0.773520,-0.155617,0.090219,-0.391980,0.802755,0.001957,0.035854,0.000037,-0.999355,0.091076,0.009157,0.119657,0.000773,-0.425230,0.007990,0.352991,0.671928,0.557805,-0.009680,0.430804,0.693250,0.145303,0.034950,0.323357,0.779205,-0.363694,-0.000542,-0.389625,0.780465,0.016063,0.036997,0.312162,0.877451,0.616204,-0.014773,-0.311748,0.894966,-0.206951,0.074998,-0.320543,-0.173905,0.125748,-0.190644,-0.112530,0.069682,-0.307992,-0.155793,0.089874,-0.392773,-0.424569,0.008339,0.351975,0.558428,-0.010620,0.431296,0.144699,0.035193,0.322782,-0.364003,-0.000978,-0.388919,0.015792,0.037266,0.312449,0.616310,-0.014366,-0.311736
640,6.400000,0.004203,0.380247,-0.004373,-0.924865,-0.162313,0.089400,-0.304141,0.000848,-0.207634,0.073311,-0.321215,0.790022,-0.173854,0.125247,-0.192803,0.770919,-0.111655,0.069731,-0.309383,0.751829,-0.156108,0.089312,-0.393161,0.809496,0.001956,0.035869,0.000037,-0.999355,0.091073,0.009152,0.119651,0.000766,-0.425240,0.007985,0.352970,0.688673,0.557793,-0.009686,0.430811,0.699314,0.145294,0.034945,0.323353,0.783627,-0.363681,-0.000545,-0.389645,0.780641,0.016055,0.036992,0.312154,0.880757,0.616214,-0.014777,-0.311738,0.893412,-0.206874,0.072978,-0.321347,-0.173757,0.125568,-0.191950,-0.112641,0.069637,-0.309308,-0.156037,0.089420,-0.393912,-0.424591,0.008356,0.351973,0.558407,-0.010596,0.431303,0.144694,0.035182,0.322776,-0.363985,-0.000985,-0.388949,0.015773,0.037234,0.312453,0.616329,-0.014366,-0.311743
641,6.410000,0.002676,0.380025,-0.005301,-0.924957,-0.162281,0.089503,-0.305514,0.000966,-0.207564,0.073320,-0.322599,0.790022,-0.173868,0.125081,-0.194095,0.770919,-0.111570,0.069990,-0.310823,0.751829,-0.156121,0.089621,-0.394538,0.809496,0.001957,0.035886,0.000038,-0.999354,0.091085,0.009157,0.119634,0.000763,-0.425235,0.007990,0.352936,0.688673,0.557795,-0.009682,0.430810,0.699314,0.145300,0.034950,0.323338,0.783627,-0.363652,-0.000542,-0.389676,0.780641,0.016061,0.036997,0.312135,0.880757,0.616241,-0.014774,-0.311737,0.893412,-0.206886,0.072774,-0.322686,-0.173743,0.125531,-0.193249,-0.112536,0.069736,-0.310693,-0.155996,0.089985,-0.395421,-0.424578,0.008330,0.351974,0.558400,-0.010622,0.431296,0.144699,0.035195,0.322764,-0.363955,-0.000984,-0.388965,0.015775,0.037269,0.312404,0.616353,-0.014361,-0.311733
642,6.420000,0.005385,0.381360,0.004849,-0.924398,-0.162467,0.090046,-0.306783,0.000832,-0.208026,0.074855,-0.324047,0.804895,-0.173646,0.125558,-0.195302,0.765204,-0.112157,0.069496,-0.311997,0.876835,-0.156039,0.090275,-0.395788,0.773650,0.001383,0.036209,0.000521,-0.999343,0.091302,0.009460,0.119431,0.000703,-0.425170,0.008496,0.352396,0.810138,0.557793,-0.010177,0.430886,0.795998,0.145409,0.034963,0.323200,0.783072,-0.363113,0.000785,-0.390185,0.863812,0.016179,0.037142,0.311915,0.865980,0.616715,-0.014446,-0.311629,0.896190,-0.207281,0.074978,-0.324246,-0.173715,0.125640,-0.194369,-0.112629,0.069583,-0.311886,-0.156256,0.089975,-0.396614,-0.424573,0.008344,0.351952,0.558355,-0.010605,0.431296,0.144686,0.035193,0.322779,-0.362829,0.000653,-0.389740,0.015836,0.037540,0.312021,0.616323,-0.014359,-0.311734
643,6.430000,0.005152,0.380898,0.003737,-0.924595,-0.162539,0.090052,-0.307841,0.000799,-0.208081,0.074753,-0.325052,0.804895,-0.173684,0.125585,-0.196362,0.765204,-0.112189,0.069612,-0.313097,0.876835,-0.156201,0.090258,-0.396852,0.773650,0.001993,0.035916,0.000064,-0.999353,0.091077,0.009209,0.119553,0.000756,-0.425257,0.008088,0.352823,0.810138,0.557767,-0.009632,0.430759,0.795998,0.145281,0.035014,0.323258,0.783072,-0.363629,-0.000500,-0.389785,0.863812,0.016043,0.037067,0.312046,0.865980,0.616258,-0.014781,-0.311785,0.896190,-0.207330,0.074871,-0.325240,-0.173742,0.125658,-0.195462,-0.112710,0.069715,-0.313009,-0.156379,0.089961,-0.397628,-0.424555,0.008347,0.351939,0.558342,-0.010618,0.431278,0.144665,0.035177,0.322787,-0.363960,-0.000979,-0.388952,0.015828,0.037500,0.312048,0.616321,-0.014358,-0.311740
644,6.440000,0.004675,0.380703,0.003498,-0.924679,-0.162510,0.090046,-0.308663,0.000795,-0.208047,0.074722,-0.325865,0.784249,-0.173636,0.125492,-0.197155,0.776737,-0.112146,0.069651,-0.313955,0.847794,-0.156210,0.090320,-0.397676,0.796146,0.001988,0.035926,0.000069,-0.999353,0.091070,0.009210,0.119546,0.000766,-0.425269,0.008092,0.352807,0.710426,0.557754,-0.009639,0.430761,0.691548,0.145270,0.035012,0.323253,0.801171,-0.363628,-0.000489,-0.389800,0.734587,0.016032,0.037067,0.312039,0.872333,0.616258,-0.014780,-0.311782,0.892431,-0.207225,0.074880,-0.326074,-0.173689,0.125530,-0.196264,-0.112732,0.069801,-0.313890,-0.156374,0.089978,-0.398398,-0.424540,0.008337,0.351941,0.558317,-0.010618,0.431258,0.144645,0.035178,0.322790,-0.363965,-0.000986,-0.388924,0.015794,0.037518,0.312008,0.616334,-0.014359,-0.311736
645,6.450000,0.005076,0.380490,0.004447,-0.924760,-0.162377,0.090084,-0.309352,0.000862,-0.207953,0.074854,-0.326534,0.784249,-0.173380,0.125555,-0.197840,0.776737,-0.112057,0.069584,-0.314666,0.847794,-0.156116,0.090343,-0.398369,0.796146,0.001394,0.036217,0.000524,-0.999343,0.091253,0.009483,0.119423,0.000752,-0.425223,0.008527,0.352380,0.710426,0.557738,-0.010149,0.430886,0.691548,0.145356,0.034990,0.323192,0.801171,-0.363154,0.000798,-0.390201,0.734587,0.016127,0.037170,0.311905,0.872333,0.616673,-0.014435,-0.311628,0.892431,-0.207125,0.074971,-0.326691,-0.173471,0.125649,-0.196883,-0.112585,0.069656,-0.314584,-0.156326,0.090052,-0.399238,-0.424536,0.008348,0.351923,0.558332,-0.010632,0.431238,0.144643,0.035203,0.322784,-0.362831,0.000654,-0.389677,0.015592,0.037660,0.311971,0.616326,-0.014340,-0.311714
646,6.460000,0.005069,0.380645,0.004175,-0.924698,-0.162122,0.090036,-0.310008,0.000914,-0.207685,0.074779,-0.327202,0.787239,-0.173180,0.125523,-0.198507,0.740462,-0.111790,0.069561,-0.315301,0.849430,-0.155832,0.090281,-0.399023,0.779973,0.001349,0.036183,0.000534,-0.999344,0.091281,0.009436,0.119442,0.000726,-0.425180,0.008467,0.352434,0.796251,0.557787,-0.010233,0.430872,0.804750,0.145398,0.034923,0.323210,0.772347,-0.363161,0.000805,-0.390152,0.853476,0.016168,0.037107,0.311932,0.869027,0.616671,-0.014453,-0.311646,0.899507,-0.206876,0.074812,-0.327464,-0.173203,0.125659,-0.197478,-0.112374,0.069630,-0.315172,-0.156026,0.090050,-0.399849,-0.424540,0.008336,0.351945,0.558353,-0.010637,0.431228,0.144629,0.035190,0.322803,-0.362856,0.000679,-0.389668,0.015778,0.037432,0.312061,0.616289,-0.014373,-0.311743
647,6.470000,0.005543,0.380394,0.004327,-0.924798,-0.161907,0.089969,-0.310434,0.000858,-0.207489,0.074729,-0.327592,0.787239,-0.172882,0.125548,-0.198954,0.740462,-0.111591,0.069458,-0.315739,0.849430,-0.155666,0.090143,-0.399452,0.779973,0.001346,0.036193,0.000528,-0.999344,0.091282,0.009419,0.119465,0.000724,-0.425183,0.008442,0.352446,0.796251,0.557782,-0.010247,0.430905,0.804750,0.145395,0.034905,0.323234,0.772347,-0.363149,0.000786,-0.390138,0.853476,0.016165,0.037087,0.311954,0.869027,0.616682,-0.014460,-0.311613,0.899507,-0.206538,0.074969,-0.327943,-0.172942,0.125553,-0.198059,-0.112134,0.069631,-0.315615,-0.155924,0.089745,-0.400125,-0.424537,0.008332,0.351948,0.558342,-0.010663,0.431252,0.144626,0.035181,0.322817,-0.362861,0.000644,-0.389656,0.015777,0.037397,0.312103,0.616314,-0.014365,-0.311701
648,6.480000,0.005310,0.380290,0.004816,-0.924840,-0.161676,0.090006,-0.310802,0.000822,-0.207272,0.074812,-0.327961,0.740995,-0.172601,0.125502,-0.199290,0.787862,-0.111376,0.069462,-0.316134,0.850994,-0.155453,0.090246,-0.399821,0.809969,0.001897,0.035875,0.000055,-0.999355,0.091044,0.009128,0.119666,0.000772,-0.425271,0.007949,0.352979,0.674663,0.557760,-0.009763,0.430831,0.710437,0.145264,0.034895,0.323372,0.778097,-0.363704,-0.000494,-0.389636,0.771486,0.016025,0.036947,0.312172,0.885643,0.616190,-0.014767,-0.311719,0.891038,-0.206300,0.075017,-0.328255,-0.172677,0.125529,-0.198445,-0.111950,0.069606,-0.316064,-0.155681,0.089891,-0.400453,-0.424551,0.008351,0.351972,0.558338,-0.010671,0.431258,0.144616,0.035168,0.322831,-0.363981,-0.000967,-0.388904,0.015723,0.037171,0.312432,0.616313,-0.014349,-0.311718
649,6.490000,0.004354,0.380722,0.005613,-0.924662,-0.161413,0.090101,-0.311138,0.000822,-0.207005,0.074982,-0.328377,0.740995,-0.172418,0.125341,-0.199553,0.787862,-0.111123,0.069532,-0.316471,0.850994,-0.155106,0.090547,-0.400151,0.809969,0.001908,0.035883,0.000054,-0.999354,0.091039,0.009133,0.119664,0.000771,-0.425279,0.007958,0.352969,0.674663,0.557751,-0.009750,0.430836,0.710437,0.145256,0.034904,0.323370,0.778097,-0.363701,-0.000502,-0.389645,0.771486,0.016017,0.036956,0.312168,0.885643,0.616192,-0.014771,-0.311713,0.891038,-0.206073,0.074987,-0.328510,-0.172474,0.125469,-0.198687,-0.111817,0.069582,-0.316404,-0.155236,0.090369,-0.400937,-0.424581,0.008353,0.351985,0.558334,-0.010676,0.431294,0.144612,0.035185,0.322831,-0.363970,-0.000964,-0.388922,0.015721,0.037170,0.312424,0.616309,-0.014352,-0.311731
650,6.500000,0.004463,0.380771,0.005959,-0.924639,-0.161265,0.090056,-0.311325,0.000860,-0.206866,0.074971,-0.328570,0.766118,-0.172257,0.125297,-0.199739,0.764041,-0.110990,0.069451,-0.316654,0.843332,-0.154947,0.090503,-0.400336,0.784897,0.001294,0.036204,0.000519,-0.999343,0.091281,0.009385,0.119524,0.000717,-0.425188,0.008374,0.352495,0.800326,0.557775,-0.010302,0.430972,0.811140,0.145390,0.034852,0.323297,0.763904,-0.363139,0.000794,-0.390089,0.874293,0.016160,0.037032,0.312014,0.847138,0.616690,-0.014439,-0.311545,0.900540,-0.205937,0.075002,-0.328684,-0.172357,0.125439,-0.198811,-0.111615,0.069470,-0.316614,-0.155107,0.090316,-0.401161,-0.424573,0.008349,0.351987,0.558349,-0.010670,0.431297,0.144622,0.035159,0.322841,-0.362840,0.000646,-0.389713,0.015734,0.037184,0.312426,0.616348,-0.014339,-0.311722
651,6.510000,0.004425,0.380567,0.006102,-0.924723,-0.161093,0.090066,-0.311406,0.000849,-0.206705,0.074995,-0.328634,0.773777,-0.172028,0.125290,-0.199809,0.765469,-0.110825,0.069450,-0.316761,0.839626,-0.154815,0.090528,-0.400420,0.787302,0.001173,0.036276,0.000428,-0.999341,0.091310,0.009452,0.119565,0.000696,-0.425192,0.008286,0.352462,0.797918,0.557764,-0.010220,0.431076,0.808881,0.145385,0.034881,0.323353,0.759239,-0.363035,0.000894,-0.390115,0.872557,0.016156,0.037039,0.312051,0.855627,0.616786,-0.014170,-0.311434,0.905003,-0.205810,0.075019,-0.328760,-0.172108,0.125427,-0.198884,-0.111464,0.069485,-0.316712,-0.154961,0.090337,-0.401236,-0.424560,0.008364,0.351965,0.558343,-0.010664,0.431303,0.144631,0.035181,0.322833,-0.362794,0.000662,-0.389731,0.015734,0.037165,0.312425,0.616459,-0.013976,-0.311440
652,6.520000,0.004817,0.380881,0.006223,-0.924591,-0.160890,0.090051,-0.311411,0.000883,-0.206499,0.074993,-0.328660,0.773777,-0.171882,0.125352,-0.199844,0.765469,-0.110630,0.069406,-0.316719,0.839626,-0.154552,0.090454,-0.400422,0.787302,0.001266,0.036226,0.000519,-0.999343,0.091304,0.009385,0.119513,0.000728,-0.425176,0.008360,0.352461,0.797918,0.557784,-0.010319,0.430980,0.808881,0.145403,0.034841,0.323290,0.759239,-0.363094,0.000822,-0.390121,0.872557,0.016174,0.037022,0.312001,0.855627,0.616732,-0.014414,-0.311534,0.905003,-0.205575,0.075086,-0.328776,-0.171984,0.125458,-0.198862,-0.111253,0.069479,-0.316683,-0.154715,0.090182,-0.401300,-0.424554,0.008335,0.351945,0.558349,-0.010675,0.431307,0.144628,0.035152,0.322821,-0.362762,0.000682,-0.389723,0.015743,0.037159,0.312414,0.616371,-0.014320,-0.311720
653,6.530000,0.005084,0.380813,0.005425,-0.924622,-0.160769,0.090007,-0.311328,0.000900,-0.206361,0.074872,-0.328553,0.743791,-0.171788,0.125417,-0.199798,0.754761,-0.110483,0.069420,-0.316621,0.866398,-0.154445,0.090319,-0.400340,0.766451,0.001169,0.036292,0.000433,-0.999340,0.091328,0.009437,0.119558,0.000704,-0.425183,0.008274,0.352437,0.796014,0.557770,-0.010242,0.431083,0.813906,0.145396,0.034864,0.323347,0.759259,-0.363001,0.000888,-0.390137,0.865741,0.016167,0.037023,0.312041,0.852681,0.616817,-0.014186,-0.311425,0.903684,-0.205393,0.075115,-0.328784,-0.171911,0.125449,-0.198825,-0.110998,0.069548,-0.316555,-0.154710,0.089919,-0.401141,-0.424547,0.008342,0.351930,0.558333,-0.010668,0.431319,0.144631,0.035154,0.322837,-0.362722,0.000669,-0.389735,0.015743,0.037152,0.312430,0.616480,-0.014006,-0.311474
654,6.540000,0.005117,0.381485,0.005336,-0.924346,-0.160573,0.090008,-0.311251,0.000898,-0.206137,0.074864,-0.328540,0.743791,-0.171758,0.125431,-0.199742,0.754761,-0.110276,0.069427,-0.316468,0.866398,-0.154119,0.090309,-0.400253,0.766451,0.001289,0.036241,0.000527,-0.999342,0.091326,0.009379,0.119503,0.000735,-0.425161,0.008372,0.352435,0.796014,0.557796,-0.010319,0.430985,0.813906,0.145419,0.034843,0.323280,0.759259,-0.363057,0.000800,-0.390144,0.865741,0.016190,0.037025,0.311988,0.852681,0.616766,-0.014449,-0.311527,0.903684,-0.205170,0.075072,-0.328813,-0.171861,0.125476,-0.198782,-0.110807,0.069547,-0.316385,-0.154376,0.089948,-0.401005,-0.424553,0.008317,0.351919,0.558344,-0.010668,0.431325,0.144638,0.035191,0.322825,-0.362700,0.000677,-0.389733,0.015763,0.037158,0.312405,0.616406,-0.014377,-0.311755
655,6.550000,0.005185,0.382349,0.005490,-0.923987,-0.160365,0.090028,-0.311136,0.000866,-0.205902,0.074898,-0.328510,0.746649,-0.171747,0.125457,-0.199649,0.769079,-0.110065,0.069431,-0.316259,0.860734,-0.153745,0.090325,-0.400127,0.790912,0.001301,0.036240,0.000539,-0.999342,0.091321,0.009382,0.119506,0.000731,-0.425166,0.008394,0.352439,0.797605,0.557791,-0.010321,0.430988,0.816379,0.145416,0.034849,0.323283,0.763228,-0.363063,0.000803,-0.390140,0.859049,0.016186,0.037034,0.311990,0.849846,0.616760,-0.014469,-0.311525,0.891802,-0.204954,0.075115,-0.328796,-0.171839,0.125486,-0.198730,-0.110598,0.069568,-0.316172,-0.153993,0.089956,-0.400835,-0.424557,0.008362,0.351906,0.558341,-0.010663,0.431334,0.144654,0.035167,0.322818,-0.362716,0.000673,-0.389714,0.015765,0.037155,0.312401,0.616394,-0.014385,-0.311740
656,6.560000,0.005216,0.383283,0.005739,-0.923598,-0.160081,0.090014,-0.311020,0.000847,-0.205590,0.074908,-0.328488,0.746649,-0.171672,0.125436,-0.199552,0.769079,-0.109781,0.069393,-0.316043,0.860734,-0.153280,0.090318,-0.399997,0.790912,0.001276,0.036235,0.000531,-0.999342,0.091317,0.009388,0.119511,0.000744,-0.425167,0.008379,0.352450,0.797605,0.557792,-0.010321,0.430987,0.816379,0.145414,0.034846,0.323288,0.763228,-0.363072,0.000826,-0.390131,0.859049,0.016184,0.037029,0.311997,0.849846,0.616753,-0.014432,-0.311526,0.891802,-0.204713,0.075068,-0.328758,-0.171737,0.125483,-0.198610,-0.110361,0.069539,-0.315990,-0.153467,0.089977,-0.400679,-0.424559,0.008349,0.351910,0.558356,-0.010680,0.431337,0.144640,0.035158,0.322848,-0.362716,0.000685,-0.389699,0.015755,0.037171,0.312397,0.616385,-0.014339,-0.311757
657,6.570000,0.005360,0.384291,0.005776,-0.923178,-0.159774,0.089985,-0.310859,0.000820,-0.205248,0.074883,-0.328423,0.764562,-0.171603,0.125437,-0.199426,0.774601,-0.109467,0.069354,-0.315767,0.850042,-0.152780,0.090265,-0.399821,0.793677,0.001189,0.036287,0.000443,-0.999341,0.091332,0.009448,0.119575,0.000714,-0.425176,0.008307,0.352460,0.794751,0.557777,-0.010229,0.431097,0.808584,0.145403,0.034882,0.323363,0.757445,-0.363001,0.000889,-0.390115,0.855744,0.016174,0.037044,0.312059,0.863959,0.616817,-0.014204,-0.311411,0.899691,-0.204391,0.075115,-0.328737,-0.171647,0.125427,-0.198525,-0.110019,0.069564,-0.315665,-0.152993,0.089842,-0.400496,-0.424553,0.008359,0.351927,0.558335,-0.010680,0.431365,0.144641,0.035176,0.322839,-0.362724,0.000661,-0.389664,0.015782,0.037210,0.312397,0.616465,-0.014016,-0.311456
658,6.580000,0.005137,0.385261,0.005540,-0.922777,-0.159468,0.089991,-0.310758,0.000826,-0.204896,0.074865,-0.328420,0.764562,-0.171553,0.125412,-0.199342,0.774601,-0.109138,0.069392,-0.315565,0.850042,-0.152287,0.090295,-0.399704,0.793677,0.001188,0.036280,0.000441,-0.999341,0.091339,0.009444,0.119586,0.000718,-0.425166,0.008300,0.352478,0.794751,0.557789,-0.010231,0.431101,0.808584,0.145412,0.034878,0.323373,0.757445,-0.363002,0.000884,-0.390098,0.855744,0.016184,0.037039,0.312070,0.863959,0.616818,-0.014205,-0.311407,0.899691,-0.203981,0.075081,-0.328690,-0.171617,0.125420,-0.198472,-0.109702,0.069565,-0.315450,-0.152514,0.089906,-0.400428,-0.424547,0.008356,0.351925,0.558357,-0.010676,0.431362,0.144650,0.035172,0.322843,-0.362751,0.000660,-0.389622,0.015772,0.037195,0.312411,0.616507,-0.014020,-0.311449
659,6.590000,0.004356,0.386799,0.006144,-0.922133,-0.159075,0.090089,-0.310654,0.000781,-0.204450,0.075019,-0.328496,0.789628,-0.171514,0.125306,-0.199212,0.793946,-0.108739,0.069474,-0.315331,0.849201,-0.151595,0.090557,-0.399575,0.788762,0.001284,0.036230,0.000536,-0.999343,0.091322,0.009395,0.119536,0.000752,-0.425160,0.008396,0.352480,0.792773,0.557799,-0.010315,0.431007,0.811255,0.145421,0.034856,0.323313,0.758126,-0.363072,0.000831,-0.390101,0.851387,0.016191,0.037041,0.312023,0.852632,0.616753,-0.014438,-0.311506,0.891735,-0.203627,0.075092,-0.328658,-0.171567,0.125388,-0.198394,-0.109323,0.069555,-0.315205,-0.151770,0.090319,-0.400367,-0.424547,0.008357,0.351923,0.558350,-0.010672,0.431381,0.144641,0.035173,0.322836,-0.362728,0.000695,-0.389636,0.015771,0.037188,0.312409,0.616398,-0.014348,-0.311738
660,6.600000,0.004498,0.387763,0.005928,-0.921729,-0.158704,0.090088,-0.310562,0.000817,-0.204038,0.074997,-0.328493,0.789628,-0.171387,0.125351,-0.199163,0.793946,-0.108353,0.069486,-0.315125,0.849201,-0.151040,0.090519,-0.399468,0.788762,0.001280,0.036227,0.000532,-0.999343,0.091307,0.009385,0.119538,0.000751,-0.425173,0.008380,0.352485,0.792773,0.557787,-0.010324,0.431007,0.811255,0.145407,0.034844,0.323315,0.758126,-0.363090,0.000821,-0.390096,0.851387,0.016178,0.037028,0.312026,0.852632,0.616736,-0.014440,-0.311507,0.891735,-0.203146,0.075065,-0.328684,-0.171440,0.125438,-0.198327,-0.108963,0.069566,-0.314985,-0.151231,0.090284,-0.400264,-0.424549,0.008341,0.351923,0.558341,-0.010681,0.431392,0.144644,0.035153,0.322835,-0.362766,0.000685,-0.389630,0.015748,0.037178,0.312403,0.616388,-0.014350,-0.311733
661,6.610000,0.004596,0.389171,0.006291,-0.921133,-0.158286,0.090086,-0.310484,0.000818,-0.203576,0.075030,-0.328555,0.782608,-0.171284,0.125349,-0.199121,0.782963,-0.107936,0.069446,-0.314895,0.846365,-0.150349,0.090518,-0.399366,0.798261,0.001289,0.036225,0.000536,-0.999343,0.091315,0.009391,0.119533,0.000756,-0.425165,0.008394,0.352481,0.791116,0.557795,-0.010316,0.431000,0.808344,0.145416,0.034854,0.323309,0.755714,-0.363083,0.000822,-0.390100,0.852465,0.016186,0.037038,0.312020,0.855173,0.616742,-0.014446,-0.311514,0.894409,-0.202729,0.075059,-0.328751,-0.171336,0.125464,-0.198262,-0.108537,0.069501,-0.314777,-0.150520,0.090322,-0.400130,-0.424551,0.008349,0.351916,0.558349,-0.010679,0.431385,0.144626,0.035174,0.322830,-0.362758,0.000685,-0.389627,0.015774,0.037198,0.312395,0.616401,-0.014356,-0.311746
662,6.620000,0.005107,0.390008,0.005748,-0.920779,-0.157882,0.089984,-0.310449,0.000851,-0.203130,0.074875,-0.328580,0.782608,-0.171102,0.125393,-0.199158,0.782963,-0.107512,0.069369,-0.314740,0.846365,-0.149785,0.090298,-0.399317,0.798261,0.001181,0.036279,0.000440,-0.999341,0.091332,0.009440,0.119582,0.000732,-0.425173,0.008291,0.352475,0.791116,0.557782,-0.010238,0.431095,0.808344,0.145405,0.034871,0.323369,0.755714,-0.363010,0.000887,-0.390101,0.852465,0.016177,0.037032,0.312067,0.855173,0.616810,-0.014201,-0.311413,0.894409,-0.202166,0.075081,-0.328878,-0.171171,0.125410,-0.198296,-0.108073,0.069526,-0.314594,-0.150035,0.089928,-0.400051,-0.424548,0.008349,0.351896,0.558369,-0.010690,0.431386,0.144635,0.035174,0.322836,-0.362784,0.000660,-0.389608,0.015763,0.037188,0.312391,0.616511,-0.014013,-0.311463
663,6.630000,0.004761,0.391756,0.006399,-0.920034,-0.157347,0.090040,-0.310466,0.000855,-0.202539,0.074994,-0.328787,0.757584,-0.170958,0.125338,-0.199187,0.780110,-0.106980,0.069384,-0.314588,0.833831,-0.148911,0.090446,-0.399302,0.773431,0.001328,0.036231,0.000543,-0.999343,0.091323,0.009428,0.119468,0.000764,-0.425160,0.008457,0.352410,0.796489,0.557799,-0.010262,0.430943,0.789612,0.145421,0.034905,0.323243,0.763758,-0.363069,0.000826,-0.390169,0.840634,0.016192,0.037091,0.311952,0.870701,0.616755,-0.014451,-0.311570,0.898458,-0.201584,0.075045,-0.328943,-0.171029,0.125439,-0.198316,-0.107629,0.069456,-0.314463,-0.149089,0.090219,-0.400161,-0.424541,0.008341,0.351894,0.558365,-0.010705,0.431381,0.144618,0.035179,0.322828,-0.362764,0.000680,-0.389630,0.015819,0.037431,0.312067,0.616406,-0.014351,-0.311752
664,6.640000,0.004763,0.393263,0.006504,-0.919391,-0.156680,0.090054,-0.310452,0.000856,-0.201815,0.075017,-0.328921,0.757584,-0.170650,0.125348,-0.199216,0.780110,-0.106304,0.069388,-0.314410,0.833831,-0.147953,0.090463,-0.399260,0.773431,0.001208,0.036301,0.000450,-0.999340,0.091334,0.009485,0.119519,0.000726,-0.425181,0.008360,0.352389,0.796489,0.557770,-0.010187,0.431054,0.789612,0.145399,0.034926,0.323307,0.763758,-0.362986,0.000914,-0.390184,0.840634,0.016170,0.037089,0.311999,0.870701,0.616830,-0.014191,-0.311451,0.898458,-0.200901,0.075004,-0.329079,-0.170736,0.125504,-0.198340,-0.106911,0.069388,-0.314304,-0.148131,0.090324,-0.400073,-0.424537,0.008339,0.351882,0.558305,-0.010692,0.431407,0.144618,0.035163,0.322837,-0.362758,0.000687,-0.389626,0.015827,0.037424,0.312058,0.616509,-0.014001,-0.311475
665,6.650000,0.004850,0.394657,0.007306,-0.918787,-0.156077,0.090033,-0.310453,0.000826,-0.201178,0.075074,-0.329066,0.773019,-0.170331,0.125299,-0.199244,0.778415,-0.105720,0.069292,-0.314267,0.866746,-0.147078,0.090468,-0.399234,0.778992,0.001320,0.036238,0.000551,-0.999342,0.091319,0.009441,0.119470,0.000768,-0.425167,0.008474,0.352405,0.791519,0.557790,-0.010262,0.430950,0.789933,0.145415,0.034914,0.323245,0.766511,-0.363067,0.000854,-0.390174,0.833839,0.016186,0.037102,0.311953,0.870571,0.616756,-0.014439,-0.311562,0.891621,-0.200284,0.075192,-0.329169,-0.170472,0.125391,-0.198374,-0.106249,0.069337,-0.314213,-0.147275,0.090212,-0.400057,-0.424531,0.008346,0.351881,0.558319,-0.010719,0.431417,0.144611,0.035164,0.322842,-0.362747,0.000700,-0.389612,0.015849,0.037488,0.312028,0.616386,-0.014331,-0.311760
666,6.660000,0.005733,0.394753,0.006999,-0.918743,-0.155484,0.089959,-0.310444,0.000885,-0.200584,0.074971,-0.329038,0.773019,-0.169755,0.125434,-0.199304,0.778415,-0.105130,0.069204,-0.314209,0.866746,-0.146469,0.090227,-0.399223,0.778992,0.001222,0.036297,0.000462,-0.999340,0.091347,0.009503,0.119518,0.000728,-0.425166,0.008397,0.352392,0.791519,0.557785,-0.010173,0.431051,0.789933,0.145415,0.034947,0.323305,0.766511,-0.362977,0.000929,-0.390181,0.833839,0.016186,0.037114,0.311998,0.870571,0.616840,-0.014198,-0.311456,0.891621,-0.199544,0.075253,-0.329328,-0.169877,0.125429,-0.198385,-0.105683,0.069381,-0.314138,-0.146710,0.089799,-0.399931,-0.424530,0.008357,0.351882,0.558311,-0.010698,0.431393,0.144620,0.035184,0.322838,-0.362736,0.000698,-0.389592,0.015854,0.037493,0.312031,0.616521,-0.014006,-0.311472
667,6.670000,0.004865,0.396334,0.007321,-0.918064,-0.154959,0.090094,-0.310570,0.000853,-0.199992,0.075136,-0.329347,0.770540,-0.169617,0.125366,-0.199416,0.769119,-0.104589,0.069351,-0.314199,0.848407,-0.145636,0.090525,-0.399317,0.781680,0.001193,0.036301,0.000463,-0.999340,0.091335,0.009483,0.119543,0.000727,-0.425179,0.008364,0.352413,0.790061,0.557771,-0.010211,0.431077,0.806847,0.145401,0.034916,0.323331,0.757617,-0.362985,0.000939,-0.390160,0.835055,0.016173,0.037083,0.312024,0.883183,0.616831,-0.014193,-0.311429,0.910443,-0.199100,0.075247,-0.329532,-0.169707,0.125441,-0.198499,-0.105180,0.069456,-0.314112,-0.145814,0.090234,-0.400121,-0.424529,0.008350,0.351882,0.558273,-0.010704,0.431396,0.144604,0.035189,0.322852,-0.362739,0.000713,-0.389591,0.015831,0.037376,0.312146,0.616527,-0.014009,-0.311471
668,6.680000,0.005533,0.396717,0.005950,-0.917905,-0.154478,0.089926,-0.310579,0.000860,-0.199467,0.074834,-0.329358,0.770540,-0.169297,0.125426,-0.199519,0.769119,-0.104065,0.069274,-0.314119,0.848407,-0.145084,0.090169,-0.399319,0.781680,0.001201,0.036314,0.000479,-0.999340,0.091340,0.009493,0.119524,0.000735,-0.425182,0.008394,0.352380,0.790061,0.557766,-0.010211,0.431072,0.806847,0.145401,0.034927,0.323314,0.757617,-0.362967,0.000955,-0.390191,0.835055,0.016173,0.037098,0.312003,0.883183,0.616846,-0.014207,-0.311433,0.910443,-0.198484,0.075104,-0.329618,-0.169390,0.125406,-0.198593,-0.104671,0.069494,-0.314055,-0.145277,0.089709,-0.400052,-0.424527,0.008346,0.351875,0.558260,-0.010723,0.431372,0.144585,0.035164,0.322860,-0.362699,0.000729,-0.389583,0.015836,0.037478,0.312027,0.616535,-0.014022,-0.311442
669,6.690000,0.007050,0.397149,0.006044,-0.917707,-0.153787,0.089719,-0.310585,0.000836,-0.198778,0.074638,-0.329365,0.723737,-0.168660,0.125541,-0.199636,0.748315,-0.103398,0.068989,-0.314022,0.836275,-0.144310,0.089708,-0.399317,0.774854,0.001219,0.036317,0.000475,-0.999340,0.091304,0.009502,0.119533,0.000729,-0.425218,0.008408,0.352386,0.782978,0.557729,-0.010188,0.431083,0.811713,0.145364,0.034944,0.323322,0.765093,-0.363000,0.000944,-0.390185,0.823980,0.016136,0.037114,0.312010,0.878624,0.616813,-0.014210,-0.311421,0.912591,-0.197857,0.075120,-0.329739,-0.168763,0.125403,-0.198644,-0.103941,0.069352,-0.314071,-0.144485,0.089020,-0.399872,-0.424522,0.008358,0.351870,0.558144,-0.010724,0.431412,0.144577,0.035195,0.322875,-0.362772,0.000704,-0.389563,0.015846,0.037503,0.312002,0.616526,-0.014011,-0.311441
670,6.700000,0.005105,0.398116,0.007831,-0.917288,-0.153124,0.089968,-0.310776,0.000786,-0.198101,0.075058,-0.329727,0.723737,-0.168175,0.125264,-0.199682,0.748315,-0.102764,0.069167,-0.314208,0.836275,-0.143456,0.090381,-0.399486,0.774854,0.001230,0.036335,0.000494,-0.999339,0.091268,0.009524,0.119533,0.000762,-0.425263,0.008455,0.352368,0.782978,0.557681,-0.010177,0.431100,0.811713,0.145321,0.034968,0.323323,0.765093,-0.363018,0.000973,-0.390201,0.823980,0.016094,0.037143,0.312007,0.878624,0.616791,-0.014217,-0.311401,0.912591,-0.197437,0.074996,-0.329885,-0.168215,0.125431,-0.198809,-0.103309,0.069183,-0.314110,-0.143536,0.090267,-0.400266,-0.424524,0.008352,0.351875,0.558125,-0.010744,0.431387,0.144563,0.035185,0.322887,-0.362736,0.000735,-0.389563,0.015647,0.037652,0.312008,0.616529,-0.014029,-0.311436
671,6.710000,0.004946,0.398731,0.007816,-0.917021,-0.152490,0.090058,-0.310982,0.000857,-0.197439,0.075147,-0.329997,0.777216,-0.167695,0.125322,-0.199899,0.768073,-0.102122,0.069267,-0.314351,0.862935,-0.142702,0.090497,-0.399679,0.804350,0.001338,0.036273,0.000592,-0.999341,0.091242,0.009463,0.119484,0.000812,-0.425260,0.008548,0.352383,0.767262,0.557690,-0.010268,0.430998,0.812858,0.145326,0.034939,0.323263,0.772146,-0.363109,0.000898,-0.390191,0.810811,0.016098,0.037137,0.311961,0.827370,0.616707,-0.014476,-0.311510,0.905430,-0.196583,0.075213,-0.330235,-0.167790,0.125436,-0.198983,-0.102661,0.069323,-0.314267,-0.142898,0.090269,-0.400402,-0.424514,0.008340,0.351867,0.558101,-0.010783,0.431352,0.144540,0.035201,0.322883,-0.362729,0.000726,-0.389560,0.015652,0.037661,0.312025,0.616405,-0.014366,-0.311710
672,6.720000,0.004997,0.399285,0.006624,-0.916789,-0.151795,0.089941,-0.311194,0.000885,-0.196689,0.074913,-0.330247,0.777216,-0.167208,0.125290,-0.200166,0.768073,-0.101379,0.069255,-0.314482,0.862935,-0.141903,0.090308,-0.399880,0.804350,0.001201,0.036337,0.000495,-0.999339,0.091240,0.009528,0.119528,0.000784,-0.425291,0.008445,0.352361,0.767262,0.557653,-0.010191,0.431096,0.812858,0.145293,0.034960,0.323321,0.772146,-0.363044,0.001006,-0.390207,0.810811,0.016066,0.037136,0.312003,0.827370,0.616765,-0.014188,-0.311405,0.905430,-0.195795,0.074968,-0.330461,-0.167297,0.125405,-0.199197,-0.101993,0.069332,-0.314417,-0.142057,0.090071,-0.400642,-0.424516,0.008352,0.351853,0.558036,-0.010750,0.431378,0.144505,0.035179,0.322883,-0.362745,0.000766,-0.389551,0.015646,0.037626,0.312024,0.616518,-0.013997,-0.311469
673,6.730000,0.005698,0.399541,0.006839,-0.916672,-0.151077,0.089863,-0.311387,0.000923,-0.195975,0.074857,-0.330449,0.735635,-0.166519,0.125350,-0.200408,0.751786,-0.100679,0.069125,-0.314624,0.855433,-0.141136,0.090121,-0.400068,0.791666,0.001181,0.036325,0.000505,-0.999339,0.091286,0.009507,0.119521,0.000754,-0.425240,0.008424,0.352366,0.774830,0.557705,-0.010234,0.431077,0.833407,0.145344,0.034930,0.323313,0.758835,-0.363010,0.001015,-0.390205,0.812034,0.016117,0.037108,0.311999,0.878574,0.616801,-0.014201,-0.311426,0.915828,-0.194983,0.075051,-0.330759,-0.166635,0.125394,-0.199423,-0.101235,0.069265,-0.314546,-0.141363,0.089763,-0.400786,-0.424506,0.008359,0.351848,0.558016,-0.010773,0.431316,0.144503,0.035177,0.322912,-0.362720,0.000773,-0.389555,0.015871,0.037527,0.312007,0.616527,-0.014007,-0.311454
674,6.740000,0.005327,0.399259,0.006402,-0.916801,-0.150354,0.089793,-0.311640,0.000795,-0.195248,0.074744,-0.330678,0.735635,-0.165766,0.125226,-0.200639,0.751786,-0.099935,0.069111,-0.314915,0.855433,-0.140468,0.090091,-0.400326,0.791666,0.001196,0.036327,0.000494,-0.999339,0.091273,0.009505,0.119526,0.000754,-0.425254,0.008419,0.352369,0.774830,0.557692,-0.010216,0.431085,0.833407,0.145330,0.034936,0.323317,0.758835,-0.363021,0.000988,-0.390201,0.812034,0.016103,0.037111,0.312003,0.878574,0.616790,-0.014206,-0.311418,0.915828,-0.194590,0.074856,-0.330915,-0.165812,0.125282,-0.199692,-0.100435,0.069267,-0.314830,-0.140585,0.089769,-0.401066,-0.424511,0.008355,0.351850,0.557965,-0.010750,0.431305,0.144503,0.035196,0.322905,-0.362731,0.000749,-0.389539,0.015857,0.037511,0.312028,0.616534,-0.014015,-0.311445
675,6.750000,0.004515,0.400185,0.007806,-0.916390,-0.149550,0.089842,-0.311947,0.000865,-0.194433,0.074928,-0.331117,0.781898,-0.165122,0.125017,-0.200886,0.762295,-0.099164,0.069071,-0.315172,0.857878,-0.139481,0.090351,-0.400612,0.781900,0.001168,0.036333,0.000504,-0.999339,0.091264,0.009516,0.119530,0.000761,-0.425266,0.008425,0.352367,0.768856,0.557678,-0.010231,0.431094,0.858282,0.145319,0.034934,0.323324,0.759992,-0.363023,0.001035,-0.390203,0.809085,0.016092,0.037112,0.312008,0.888405,0.616786,-0.014179,-0.311408,0.922072,-0.193579,0.074993,-0.331279,-0.165230,0.125132,-0.199949,-0.099725,0.069125,-0.315094,-0.139654,0.090120,-0.401435,-0.424500,0.008342,0.351855,0.557891,-0.010727,0.431268,0.144476,0.035185,0.322940,-0.362696,0.000821,-0.389547,0.015876,0.037500,0.312053,0.616524,-0.014014,-0.311441
676,6.760000,0.004180,0.400326,0.007886,-0.916330,-0.148712,0.089901,-0.312216,0.000815,-0.193587,0.074995,-0.331410,0.786115,-0.164323,0.124999,-0.201137,0.781187,-0.098323,0.069139,-0.315440,0.851384,-0.138616,0.090472,-0.400878,0.781991,0.001178,0.036345,0.000508,-0.999339,0.091242,0.009519,0.119541,0.000756,-0.425294,0.008437,0.352365,0.765221,0.557649,-0.010226,0.431116,0.861153,0.145292,0.034940,0.323335,0.761546,-0.363034,0.001032,-0.390203,0.807865,0.016065,0.037119,0.312016,0.889458,0.616774,-0.014189,-0.311385,0.927233,-0.192760,0.075101,-0.331599,-0.164394,0.125062,-0.200267,-0.098893,0.069255,-0.315318,-0.138790,0.090183,-0.401682,-0.424512,0.008358,0.351851,0.557803,-0.010737,0.431269,0.144450,0.035189,0.322962,-0.362728,0.000806,-0.389535,0.015886,0.037521,0.312056,0.616544,-0.014013,-0.311413
677,6.770000,0.004928,0.400100,0.007113,-0.916431,-0.147918,0.089817,-0.312446,0.000869,-0.192791,0.074836,-0.331587,0.786115,-0.163500,0.125122,-0.201429,0.781187,-0.097513,0.069089,-0.315655,0.851384,-0.137867,0.090219,-0.401114,0.781991,0.001178,0.036338,0.000505,-0.999339,0.091225,0.009513,0.119538,0.000763,-0.425307,0.008428,0.352370,0.765221,0.557637,-0.010229,0.431106,0.861153,0.145278,0.034935,0.323331,0.761546,-0.363058,0.001022,-0.390199,0.807865,0.016051,0.037113,0.312014,0.889458,0.616751,-0.014192,-0.311396,0.927233,-0.191905,0.075002,-0.331950,-0.163567,0.125161,-0.200513,-0.098034,0.069238,-0.315517,-0.138105,0.089880,-0.401785,-0.424508,0.008349,0.351847,0.557762,-0.010742,0.431241,0.144425,0.035200,0.322969,-0.362746,0.000794,-0.389530,0.015886,0.037504,0.312069,0.616528,-0.014016,-0.311429
678,6.780000,0.005042,0.399926,0.007380,-0.916504,-0.147180,0.089733,-0.312680,0.000928,-0.192068,0.074779,-0.331804,0.736771,-0.162700,0.125047,-0.201656,0.758440,-0.096788,0.068977,-0.315907,0.860880,-0.137162,0.090131,-0.401352,0.799789,0.001173,0.036347,0.000511,-0.999339,0.091211,0.009521,0.119541,0.000765,-0.425325,0.008440,0.352363,0.756510,0.557617,-0.010229,0.431117,0.869261,0.145261,0.034940,0.323336,0.757824,-0.363063,0.001042,-0.390205,0.804799,0.016034,0.037120,0.312016,0.890018,0.616745,-0.014185,-0.311383,0.935391,-0.191097,0.074931,-0.332182,-0.162791,0.125110,-0.200696,-0.097315,0.069091,-0.315771,-0.137419,0.089821,-0.402044,-0.424506,0.008329,0.351849,0.557682,-0.010740,0.431208,0.144402,0.035218,0.322984,-0.362743,0.000825,-0.389526,0.015887,0.037530,0.312075,0.616545,-0.014023,-0.311409
679,6.790000,0.004031,0.400279,0.008532,-0.916345,-0.146314,0.089898,-0.313016,0.000891,-0.191207,0.075055,-0.332217,0.736771,-0.161877,0.124924,-0.201907,0.758440,-0.095947,0.069085,-0.316260,0.860880,-0.136225,0.090528,-0.401678,0.799789,0.001212,0.036359,0.000504,-0.999338,0.091175,0.009554,0.119524,0.000764,-0.425367,0.008485,0.352334,0.756510,0.557573,-0.010167,0.431113,0.869261,0.145219,0.034990,0.323318,0.757824,-0.363087,0.001029,-0.390232,0.804799,0.015992,0.037167,0.311995,0.890018,0.616718,-0.014181,-0.311386,0.935391,-0.190354,0.075135,-0.332475,-0.161924,0.125007,-0.200973,-0.096509,0.069191,-0.316067,-0.136451,0.090250,-0.402558,-0.424518,0.008356,0.351846,0.557508,-0.010639,0.431159,0.144379,0.035245,0.322988,-0.362752,0.000835,-0.389517,0.015906,0.037570,0.312023,0.616545,-0.014039,-0.311409
680,6.800000,0.004433,0.399903,0.009092,-0.916502,-0.145540,0.089834,-0.313264,0.000871,-0.190469,0.075046,-0.332425,0.781414,-0.160965,0.124913,-0.202153,0.753508,-0.095204,0.068952,-0.316544,0.874458,-0.135523,0.090425,-0.401935,0.771257,0.001188,0.036354,0.000492,-0.999338,0.091150,0.009552,0.119534,0.000779,-0.425390,0.008459,0.352349,0.745401,0.557551,-0.010172,0.431118,0.885116,0.145195,0.034980,0.323329,0.763849,-0.363116,0.001041,-0.390218,0.796686,0.015969,0.037154,0.312008,0.904884,0.616690,-0.014148,-0.311381,0.947735,-0.189638,0.075233,-0.332622,-0.161096,0.124959,-0.201176,-0.095686,0.069077,-0.316481,-0.135736,0.090059,-0.402746,-0.424511,0.008347,0.351848,0.557452,-0.010620,0.431133,0.144337,0.035233,0.323028,-0.362768,0.000852,-0.389507,0.015879,0.037518,0.312075,0.616540,-0.014012,-0.311431
681,6.810000,0.005220,0.398966,0.008460,-0.916912,-0.144750,0.089639,-0.313546,0.000852,-0.189710,0.074791,-0.332585,0.781414,-0.159964,0.124924,-0.202471,0.753508,-0.094409,0.068778,-0.316890,0.874458,-0.134916,0.090065,-0.402238,0.771257,0.001125,0.036341,0.000501,-0.999339,0.091136,0.009509,0.119586,0.000776,-0.425398,0.008393,0.352414,0.745401,0.557546,-0.010261,0.431155,0.885116,0.145188,0.034910,0.323383,0.763849,-0.363143,0.001067,-0.390155,0.796686,0.015960,0.037087,0.312065,0.904884,0.616665,-0.014145,-0.311346,0.947735,-0.188786,0.075042,-0.332818,-0.160104,0.124937,-0.201560,-0.094895,0.068924,-0.316830,-0.135156,0.089663,-0.402969,-0.424519,0.008369,0.351856,0.557438,-0.010678,0.431072,0.144330,0.035263,0.323041,-0.362775,0.000872,-0.389522,0.015823,0.037261,0.312414,0.616543,-0.014010,-0.311427
682,6.820000,0.005090,0.397788,0.008715,-0.917422,-0.143887,0.089676,-0.313741,0.000874,-0.188901,0.074853,-0.332671,0.733371,-0.158804,0.124914,-0.202610,0.774588,-0.093563,0.068797,-0.317223,0.858951,-0.134280,0.090139,-0.402457,0.778284,0.001103,0.036320,0.000511,-0.999340,0.091132,0.009497,0.119588,0.000801,-0.425392,0.008381,0.352439,0.735546,0.557554,-0.010295,0.431137,0.891426,0.145192,0.034888,0.323384,0.747127,-0.363170,0.001087,-0.390133,0.805749,0.015965,0.037069,0.312072,0.892329,0.616642,-0.014147,-0.311367,0.951751,-0.187895,0.075095,-0.332929,-0.158926,0.124927,-0.201717,-0.094098,0.068948,-0.317123,-0.134533,0.089747,-0.403211,-0.424509,0.008360,0.351857,0.557431,-0.010693,0.431015,0.144303,0.035240,0.323054,-0.362778,0.000899,-0.389489,0.015839,0.037226,0.312452,0.616522,-0.014020,-0.311450
683,6.830000,0.003964,0.397127,0.008918,-0.917712,-0.142956,0.089700,-0.314033,0.000878,-0.187989,0.074896,-0.332933,0.733371,-0.157732,0.124681,-0.202802,0.774588,-0.092626,0.068856,-0.317634,0.858951,-0.133475,0.090368,-0.402762,0.778284,0.001086,0.036318,0.000523,-0.999340,0.091125,0.009497,0.119593,0.000812,-0.425398,0.008385,0.352445,0.735546,0.557548,-0.010316,0.431140,0.891426,0.145187,0.034880,0.323389,0.747127,-0.363178,0.001115,-0.390128,0.805749,0.015959,0.037064,0.312078,0.892329,0.616633,-0.014144,-0.311365,0.951751,-0.187074,0.075022,-0.333149,-0.157830,0.124752,-0.201872,-0.093188,0.068958,-0.317527,-0.133687,0.090070,-0.403573,-0.424506,0.008350,0.351851,0.557420,-0.010718,0.431007,0.144270,0.035231,0.323091,-0.362788,0.000927,-0.389485,0.015836,0.037244,0.312466,0.616534,-0.014022,-0.311467
684,6.840000,0.004508,0.396249,0.009029,-0.918088,-0.141993,0.089667,-0.314322,0.000891,-0.187072,0.074874,-0.333123,0.796289,-0.156534,0.124757,-0.203095,0.744106,-0.091684,0.068787,-0.318001,0.876299,-0.132683,0.090249,-0.403070,0.791127,0.001098,0.036294,0.000530,-0.999340,0.091133,0.009499,0.119579,0.000816,-0.425379,0.008400,0.352456,0.736490,0.557571,-0.010313,0.431104,0.880607,0.145205,0.034886,0.323372,0.738794,-0.363195,0.001112,-0.390120,0.804205,0.015977,0.037072,0.312067,0.892390,0.616620,-0.014159,-0.311404,0.958069,-0.186300,0.074956,-0.333369,-0.156629,0.124871,-0.202082,-0.092167,0.068852,-0.317916,-0.132884,0.089996,-0.403840,-0.424514,0.008361,0.351854,0.557447,-0.010733,0.430912,0.144276,0.035279,0.323100,-0.362805,0.000917,-0.389469,0.015870,0.037244,0.312446,0.616523,-0.014035,-0.311460
685,6.850000,0.004562,0.395118,0.006268,-0.918598,-0.141182,0.089440,-0.314516,0.000826,-0.186233,0.074379,-0.333169,0.796289,-0.155621,0.124709,-0.203332,0.744106,-0.090777,0.068805,-0.318274,0.876299,-0.132096,0.089868,-0.403287,0.791127,0.001086,0.036294,0.000534,-0.999340,0.091135,0.009493,0.119578,0.000819,-0.425377,0.008392,0.352455,0.736490,0.557572,-0.010332,0.431102,0.880607,0.145207,0.034874,0.323372,0.738794,-0.363194,0.001122,-0.390121,0.804205,0.015979,0.037061,0.312066,0.892390,0.616621,-0.014159,-0.311406,0.958069,-0.185540,0.074532,-0.333456,-0.155676,0.124750,-0.202351,-0.091252,0.068969,-0.318196,-0.132263,0.089514,-0.403985,-0.424521,0.008351,0.351861,0.557446,-0.010759,0.430839,0.144262,0.035277,0.323134,-0.362809,0.000922,-0.389489,0.015866,0.037240,0.312474,0.616551,-0.014035,-0.311437
686,6.860000,0.004133,0.394768,0.008742,-0.918730,-0.140078,0.089628,-0.314756,0.000806,-0.185205,0.074807,-0.333419,0.777368,-0.154289,0.124651,-0.203466,0.788846,-0.089763,0.068791,-0.318608,0.835533,-0.131054,0.090261,-0.403533,0.789904,0.001073,0.036275,0.000529,-0.999341,0.091147,0.009502,0.119565,0.000825,-0.425357,0.008389,0.352461,0.741437,0.557596,-0.010325,0.431071,0.857738,0.145226,0.034878,0.323357,0.730259,-0.363200,0.001138,-0.390117,0.813260,0.015998,0.037064,0.312056,0.878054,0.616618,-0.014134,-0.311439,0.961838,-0.184356,0.074908,-0.333668,-0.154313,0.124694,-0.202622,-0.090381,0.068945,-0.318443,-0.131232,0.089963,-0.404298,-0.424511,0.008371,0.351866,0.557475,-0.010760,0.430725,0.144260,0.035306,0.323139,-0.362814,0.000924,-0.389515,0.015894,0.037218,0.312508,0.616546,-0.014000,-0.311418
687,6.870000,0.004677,0.393571,0.008098,-0.919247,-0.139174,0.089567,-0.314929,0.000833,-0.184339,0.074685,-0.333451,0.777368,-0.153120,0.124744,-0.203653,0.788846,-0.088854,0.068762,-0.318881,0.835533,-0.130384,0.090076,-0.403730,0.789904,0.001170,0.036207,0.000642,-0.999344,0.091139,0.009437,0.119512,0.000836,-0.425333,0.008488,0.352479,0.741437,0.557626,-0.010441,0.430958,0.857738,0.145252,0.034839,0.323293,0.730259,-0.363280,0.001085,-0.390106,0.813260,0.016022,0.037052,0.312009,0.878054,0.616545,-0.014401,-0.311559,0.961838,-0.183499,0.074961,-0.333794,-0.153205,0.124723,-0.202742,-0.089310,0.068964,-0.318781,-0.130639,0.089629,-0.404384,-0.424515,0.008352,0.351866,0.557515,-0.010781,0.430642,0.144227,0.035280,0.323177,-0.362834,0.000962,-0.389533,0.015899,0.037224,0.312530,0.616481,-0.014370,-0.311683
688,6.880000,0.002266,0.391015,-0.000234,-0.920381,-0.137889,0.089081,-0.315034,0.000892,-0.182894,0.073385,-0.333270,0.800110,-0.151814,0.124250,-0.203753,0.773580,-0.087241,0.069137,-0.319228,0.777358,-0.129607,0.089553,-0.403884,0.783355,0.001031,0.036236,0.000550,-0.999343,0.091181,0.009475,0.119546,0.000821,-0.425304,0.008362,0.352483,0.742738,0.557654,-0.010397,0.431013,0.842680,0.145278,0.034832,0.323336,0.709938,-0.363207,0.001173,-0.390101,0.823896,0.016048,0.037023,0.312046,0.866238,0.616617,-0.014145,-0.311502,0.960378,-0.182249,0.072917,-0.333324,-0.151740,0.124650,-0.202944,-0.088104,0.068928,-0.319162,-0.129486,0.089848,-0.404690,-0.424502,0.008340,0.351838,0.557646,-0.010857,0.430584,0.144237,0.035325,0.323193,-0.362854,0.000946,-0.389535,0.015910,0.037180,0.312539,0.616570,-0.014014,-0.311426
689,6.890000,0.004702,0.391672,0.007947,-0.920059,-0.136908,0.089398,-0.315335,0.000820,-0.182145,0.074502,-0.333669,0.800110,-0.150403,0.124586,-0.204007,0.773580,-0.086600,0.068605,-0.319493,0.777358,-0.128485,0.089897,-0.404172,0.783355,0.001042,0.036211,0.000552,-0.999344,0.091170,0.009481,0.119536,0.000829,-0.425303,0.008376,0.352499,0.742738,0.557659,-0.010387,0.430980,0.842680,0.145277,0.034842,0.323323,0.709938,-0.363243,0.001170,-0.390088,0.823896,0.016047,0.037034,0.312039,0.866238,0.616584,-0.014150,-0.311538,0.960378,-0.181284,0.074747,-0.333918,-0.150502,0.124577,-0.203072,-0.087144,0.068805,-0.319479,-0.128663,0.089472,-0.404833,-0.424492,0.008351,0.351822,0.557665,-0.010859,0.430503,0.144215,0.035325,0.323237,-0.362914,0.000934,-0.389525,0.015915,0.037217,0.312519,0.616554,-0.014013,-0.311428
690,6.900000,0.004131,0.390889,0.008479,-0.920390,-0.135668,0.089614,-0.315555,0.000847,-0.180944,0.074770,-0.333834,0.814242,-0.148957,0.124644,-0.204152,0.751909,-0.085378,0.068802,-0.319828,0.875472,-0.127394,0.090241,-0.404405,0.794801,0.001050,0.036179,0.000543,-0.999345,0.091177,0.009479,0.119513,0.000828,-0.425281,0.008369,0.352509,0.735800,0.557686,-0.010375,0.430928,0.815219,0.145296,0.034845,0.323296,0.703513,-0.363269,0.001153,-0.390082,0.833044,0.016066,0.037034,0.312020,0.862433,0.616564,-0.014149,-0.311594,0.943756,-0.180248,0.074840,-0.334083,-0.149010,0.124748,-0.203167,-0.085859,0.068889,-0.319730,-0.127563,0.089987,-0.405167,-0.424486,0.008343,0.351814,0.557715,-0.010854,0.430366,0.144220,0.035340,0.323252,-0.362960,0.000912,-0.389541,0.015941,0.037224,0.312522,0.616543,-0.014012,-0.311417
691,6.910000,0.006066,0.390623,0.007353,-0.920501,-0.134626,0.089139,-0.315667,0.000916,-0.179905,0.074188,-0.333852,0.814242,-0.147865,0.124655,-0.204413,0.751909,-0.084327,0.068335,-0.319879,0.875472,-0.126407,0.089376,-0.404524,0.794801,0.001180,0.036108,0.000637,-0.999347,0.091148,0.009417,0.119465,0.000828,-0.425277,0.008468,0.352535,0.735800,0.557697,-0.010451,0.430819,0.815219,0.145301,0.034823,0.323234,0.703513,-0.363372,0.001051,-0.390063,0.833044,0.016070,0.037036,0.311976,0.862433,0.616469,-0.014424,-0.311710,0.943756,-0.179017,0.074598,-0.334359,-0.147927,0.124539,-0.203308,-0.084888,0.068688,-0.319964,-0.126568,0.088767,-0.404956,-0.424502,0.008344,0.351831,0.557693,-0.010858,0.430283,0.144208,0.035346,0.323281,-0.363022,0.000880,-0.389559,0.015945,0.037233,0.312555,0.616460,-0.014366,-0.311666
692,6.920000,0.004510,0.390322,0.007384,-0.920638,-0.133433,0.089361,-0.315896,0.000862,-0.178706,0.074411,-0.334096,0.765258,-0.146642,0.124540,-0.204531,0.751541,-0.083112,0.068628,-0.320201,0.862908,-0.125271,0.089865,-0.404757,0.802258,0.001180,0.036073,0.000641,-0.999348,0.091158,0.009403,0.119457,0.000803,-0.425251,0.008458,0.352562,0.742493,0.557729,-0.010467,0.430778,0.820073,0.145326,0.034809,0.323222,0.687335,-0.363397,0.001040,-0.390040,0.858199,0.016093,0.037023,0.311973,0.840635,0.616449,-0.014443,-0.311754,0.971006,-0.177891,0.074664,-0.334486,-0.146698,0.124522,-0.203539,-0.083608,0.068851,-0.320130,-0.125492,0.089419,-0.405372,-0.424514,0.008334,0.351853,0.557814,-0.010874,0.430191,0.144199,0.035339,0.323337,-0.363090,0.000868,-0.389594,0.015957,0.037229,0.312561,0.616444,-0.014389,-0.311652
693,6.930000,0.004104,0.390294,0.007356,-0.920652,-0.132244,0.089314,-0.316070,0.000766,-0.177513,0.074361,-0.334277,0.765258,-0.145460,0.124408,-0.204679,0.751541,-0.081916,0.068603,-0.320392,0.862908,-0.124088,0.089886,-0.404931,0.802258,0.001086,0.036129,0.000518,-0.999346,0.091172,0.009472,0.119509,0.000784,-0.425263,0.008354,0.352557,0.742493,0.557713,-0.010337,0.430878,0.820073,0.145310,0.034855,0.323285,0.687335,-0.363325,0.001085,-0.390039,0.858199,0.016079,0.037037,0.312022,0.840635,0.616516,-0.014164,-0.311649,0.971006,-0.176957,0.074319,-0.334544,-0.145457,0.124563,-0.203777,-0.082384,0.068657,-0.320302,-0.124179,0.089726,-0.405613,-0.424508,0.008351,0.351863,0.557819,-0.010858,0.430183,0.144204,0.035354,0.323355,-0.363128,0.000829,-0.389603,0.015970,0.037237,0.312578,0.616556,-0.014013,-0.311398
694,6.940000,0.004352,0.390608,0.007920,-0.920513,-0.130848,0.089345,-0.316189,0.000826,-0.176123,0.074447,-0.334427,0.801906,-0.144097,0.124457,-0.204807,0.761571,-0.080543,0.068572,-0.320476,0.864363,-0.122630,0.089905,-0.405044,0.804435,0.001266,0.036042,0.000625,-0.999349,0.091180,0.009457,0.119383,0.000774,-0.425214,0.008539,0.352520,0.755515,0.557771,-0.010348,0.430679,0.818658,0.145360,0.034899,0.323141,0.679924,-0.363406,0.000994,-0.390084,0.866187,0.016127,0.037107,0.311899,0.862896,0.616445,-0.014450,-0.311857,0.958622,-0.175368,0.074537,-0.334651,-0.144166,0.124548,-0.203860,-0.081074,0.068670,-0.320423,-0.122789,0.089633,-0.405760,-0.424505,0.008365,0.351870,0.557906,-0.010837,0.430160,0.144183,0.035333,0.323396,-0.363170,0.000786,-0.389651,0.016056,0.037528,0.312245,0.616430,-0.014360,-0.311718
695,6.950000,0.007618,0.390295,0.007270,-0.920630,-0.129636,0.088903,-0.316055,0.000768,-0.174944,0.073947,-0.334163,0.801906,-0.142756,0.124757,-0.204895,0.761571,-0.079362,0.068034,-0.320243,0.864363,-0.121482,0.088872,-0.404918,0.804435,0.001425,0.035981,0.000555,-0.999351,0.091137,0.009447,0.119342,0.000718,-0.425229,0.008538,0.352543,0.755515,0.557768,-0.010198,0.430586,0.818658,0.145339,0.034962,0.323084,0.679924,-0.363511,0.000762,-0.390066,0.866187,0.016104,0.037150,0.311858,0.862896,0.616351,-0.014532,-0.311955,0.958622,-0.174411,0.074465,-0.334655,-0.142828,0.124580,-0.203979,-0.079660,0.068480,-0.320449,-0.121630,0.088087,-0.405104,-0.424506,0.008358,0.351862,0.557967,-0.010812,0.430138,0.144188,0.035363,0.323423,-0.363541,0.000483,-0.389648,0.016118,0.037721,0.311981,0.616437,-0.014369,-0.311698
696,6.960000,0.004631,0.390883,0.007691,-0.920397,-0.128084,0.089279,-0.316220,0.000797,-0.173345,0.074359,-0.334475,0.811430,-0.141407,0.124466,-0.204871,0.769653,-0.077772,0.068513,-0.320463,0.867137,-0.119814,0.089778,-0.405072,0.799367,0.001310,0.036040,0.000417,-0.999349,0.091132,0.009466,0.119426,0.000723,-0.425261,0.008359,0.352565,0.743946,0.557732,-0.010114,0.430721,0.753184,0.145302,0.034952,0.323180,0.699061,-0.363453,0.000763,-0.390038,0.875867,0.016068,0.037106,0.311939,0.871743,0.616405,-0.014268,-0.311814,0.885889,-0.172627,0.074459,-0.334685,-0.141466,0.124539,-0.203955,-0.078286,0.068627,-0.320389,-0.119961,0.089494,-0.405807,-0.424521,0.008362,0.351858,0.557991,-0.010828,0.430091,0.144198,0.035370,0.323418,-0.363597,0.000435,-0.389694,0.016077,0.037508,0.312258,0.616547,-0.014032,-0.311450
697,6.970000,0.004527,0.390620,0.005050,-0.920527,-0.126750,0.088928,-0.316063,0.000780,-0.171948,0.073750,-0.334262,0.811430,-0.140179,0.124257,-0.204771,0.769653,-0.076339,0.068403,-0.320298,0.867137,-0.118536,0.089302,-0.404920,0.799367,0.001310,0.036048,0.000395,-0.999349,0.091150,0.009482,0.119402,0.000732,-0.425247,0.008352,0.352534,0.743946,0.557746,-0.010077,0.430705,0.753184,0.145316,0.034970,0.323157,0.699061,-0.363427,0.000758,-0.390069,0.875867,0.016081,0.037118,0.311914,0.871743,0.616430,-0.014230,-0.311830,0.885889,-0.171251,0.073773,-0.334536,-0.140181,0.124366,-0.203876,-0.076929,0.068518,-0.320246,-0.118639,0.089059,-0.405554,-0.424506,0.008360,0.351837,0.558053,-0.010804,0.429994,0.144185,0.035364,0.323444,-0.363585,0.000445,-0.389762,0.016087,0.037521,0.312240,0.616560,-0.014001,-0.311429
698,6.980000,0.003855,0.391719,0.006015,-0.920057,-0.125264,0.089128,-0.316047,0.000836,-0.170436,0.074043,-0.334385,0.773809,-0.138917,0.124254,-0.204719,0.777334,-0.074868,0.068549,-0.320201,0.836838,-0.116835,0.089667,-0.404883,0.807858,0.001418,0.035982,0.000502,-0.999351,0.091120,0.009421,0.119365,0.000750,-0.425246,0.008454,0.352566,0.738291,0.557753,-0.010178,0.430610,0.759960,0.145319,0.034940,0.323108,0.686232,-0.363526,0.000692,-0.390044,0.912522,0.016083,0.037114,0.311882,0.830509,0.616338,-0.014497,-0.311931,0.924757,-0.169551,0.074017,-0.334571,-0.138976,0.124407,-0.203843,-0.075516,0.068572,-0.320124,-0.116977,0.089521,-0.405624,-0.424505,0.008366,0.351831,0.558111,-0.010791,0.429964,0.144208,0.035420,0.323441,-0.363590,0.000434,-0.389816,0.015915,0.037493,0.312418,0.616471,-0.014356,-0.311701
699,6.990000,0.003692,0.391253,-0.000588,-0.920276,-0.123763,0.088615,-0.315840,0.000910,-0.168766,0.072887,-0.334054,0.773809,-0.137729,0.124113,-0.204668,0.777334,-0.073123,0.068636,-0.319950,0.836838,-0.115435,0.088825,-0.404687,0.807858,0.001435,0.035986,0.000479,-0.999351,0.091132,0.009412,0.119366,0.000754,-0.425237,0.008431,0.352562,0.738291,0.557763,-0.010154,0.430616,0.759960,0.145327,0.034941,0.323108,0.686232,-0.363510,0.000645,-0.390047,0.912522,0.016092,0.037109,0.311881,0.830509,0.616354,-0.014497,-0.311925,0.924757,-0.167969,0.072544,-0.334340,-0.137648,0.124467,-0.203688,-0.073919,0.068553,-0.319832,-0.115473,0.088917,-0.405411,-0.424510,0.008351,0.351824,0.558207,-0.010729,0.429911,0.144193,0.035364,0.323522,-0.363581,0.000414,-0.389883,0.015905,0.037477,0.312450,0.616460,-0.014376,-0.311680
700,7.000000,0.004513,0.392630,0.004197,-0.919676,-0.122333,0.088939,-0.315791,0.000897,-0.167426,0.073677,-0.334176,0.752324,-0.136302,0.124320,-0.204583,0.759805,-0.071871,0.068491,-0.319792,0.841601,-0.113732,0.089267,-0.404611,0.826783,0.001446,0.035987,0.000460,-0.999351,0.091153,0.009414,0.119365,0.000752,-0.425216,0.008418,0.352560,0.744984,0.557784,-0.010129,0.430616,0.741813,0.145347,0.034949,0.323107,0.673101,-0.363488,0.000618,-0.390049,0.929268,0.016112,0.037112,0.311879,0.821079,0.616377,-0.014487,-0.311925,0.927813,-0.166535,0.073739,-0.334604,-0.136314,0.124418,-0.203627,-0.072482,0.068619,-0.319687,-0.113930,0.088990,-0.405215,-0.424511,0.008353,0.351825,0.558294,-0.010705,0.429928,0.144188,0.035357,0.323553,-0.363596,0.000384,-0.389932,0.015922,0.037478,0.312464,0.616486,-0.014362,-0.311688
701,7.010000,0.003710,0.393354,0.004867,-0.919367,-0.120761,0.088931,-0.315638,0.000981,-0.165834,0.073733,-0.334125,0.722853,-0.134886,0.124099,-0.204382,0.752429,-0.070305,0.068461,-0.319600,0.840593,-0.112019,0.089431,-0.404444,0.811195,0.001430,0.035988,0.000474,-0.999351,0.091167,0.009414,0.119383,0.000759,-0.425202,0.008425,0.352577,0.741816,0.557797,-0.010150,0.430635,0.749427,0.145361,0.034941,0.323126,0.667891,-0.363473,0.000647,-0.390031,0.934282,0.016126,0.037108,0.311898,0.814956,0.616391,-0.014486,-0.311906,0.938538,-0.164796,0.073650,-0.334505,-0.134944,0.124305,-0.203415,-0.070924,0.068448,-0.319449,-0.112252,0.089328,-0.405155,-0.424506,0.008359,0.351817,0.558377,-0.010690,0.430021,0.144185,0.035353,0.323586,-0.363591,0.000423,-0.389962,0.015915,0.037453,0.312518,0.616476,-0.014374,-0.311704
702,7.020000,0.004063,0.394300,0.005736,-0.918955,-0.119240,0.088969,-0.315472,0.000886,-0.164304,0.073855,-0.334053,0.722853,-0.133529,0.124161,-0.204245,0.752429,-0.068815,0.068404,-0.319331,0.840593,-0.110314,0.089454,-0.404260,0.811195,0.001326,0.036071,0.000336,-0.999348,0.091183,0.009483,0.119467,0.000788,-0.425225,0.008301,0.352576,0.741816,0.557767,-0.010011,0.430792,0.749427,0.145336,0.034985,0.323224,0.667891,-0.363370,0.000688,-0.390024,0.934282,0.016102,0.037117,0.311975,0.814956,0.616486,-0.014183,-0.311739,0.938538,-0.163419,0.073824,-0.334363,-0.133573,0.124328,-0.203322,-0.069421,0.068431,-0.319227,-0.110500,0.089300,-0.404941,-0.424486,0.008351,0.351815,0.558477,-0.010693,0.430081,0.144191,0.035336,0.323644,-0.363618,0.000423,-0.389966,0.015917,0.037435,0.312549,0.616589,-0.013997,-0.311439
703,7.030000,0.003794,0.394219,0.005509,-0.918992,-0.117649,0.088930,-0.315223,0.000926,-0.162706,0.073794,-0.333801,0.746729,-0.131941,0.124078,-0.203982,0.760329,-0.067211,0.068399,-0.319097,0.839213,-0.108739,0.089449,-0.404012,0.827640,0.001234,0.036154,0.000425,-0.999345,0.091282,0.009518,0.119443,0.000767,-0.425164,0.008381,0.352465,0.765496,0.557811,-0.010116,0.430842,0.706549,0.145407,0.034972,0.323214,0.658949,-0.363187,0.000898,-0.390126,0.949117,0.016175,0.037128,0.311944,0.815802,0.616653,-0.014157,-0.311681,0.932098,-0.161763,0.073649,-0.334141,-0.131981,0.124319,-0.203055,-0.067844,0.068355,-0.318991,-0.108928,0.089400,-0.404673,-0.424489,0.008369,0.351814,0.558548,-0.010656,0.430105,0.144175,0.035326,0.323682,-0.363176,0.000695,-0.390109,0.015919,0.037416,0.312572,0.616578,-0.014045,-0.311445
704,7.040000,0.006131,0.395413,0.004754,-0.918471,-0.116220,0.088572,-0.314836,0.000915,-0.161236,0.073365,-0.333456,0.746729,-0.130781,0.124272,-0.203806,0.760329,-0.065781,0.067999,-0.318480,0.839213,-0.107080,0.088651,-0.403604,0.827640,0.001221,0.036174,0.000418,-0.999345,0.091291,0.009520,0.119454,0.000778,-0.425164,0.008369,0.352456,0.765496,0.557808,-0.010115,0.430871,0.706549,0.145407,0.034970,0.323228,0.658949,-0.363158,0.000907,-0.390132,0.949117,0.016176,0.037125,0.311953,0.815802,0.616679,-0.014136,-0.311650,0.932098,-0.160383,0.073847,-0.334005,-0.130834,0.124122,-0.202840,-0.066363,0.068423,-0.318676,-0.107187,0.087948,-0.403827,-0.424496,0.008357,0.351822,0.558588,-0.010643,0.430128,0.144184,0.035345,0.323698,-0.363153,0.000715,-0.390173,0.015912,0.037383,0.312634,0.616586,-0.014036,-0.311426
705,7.050000,0.005764,0.395997,0.004403,-0.918223,-0.114582,0.088611,-0.314665,0.000860,-0.159560,0.073370,-0.333347,0.724521,-0.129317,0.124255,-0.203640,0.761908,-0.064119,0.068088,-0.318252,0.832044,-0.105330,0.088734,-0.403421,0.829308,0.001196,0.036192,0.000421,-0.999344,0.091326,0.009502,0.119486,0.000802,-0.425137,0.008341,0.352469,0.777288,0.557832,-0.010150,0.430919,0.687622,0.145435,0.034941,0.323263,0.647074,-0.363104,0.000916,-0.390117,0.946821,0.016204,0.037097,0.311984,0.801110,0.616730,-0.014134,-0.311600,0.934476,-0.158626,0.073686,-0.333840,-0.129371,0.124208,-0.202690,-0.064721,0.068382,-0.318309,-0.105494,0.088208,-0.403823,-0.424506,0.008357,0.351841,0.558686,-0.010669,0.430169,0.144179,0.035346,0.323766,-0.363107,0.000727,-0.390215,0.015963,0.037294,0.312716,0.616604,-0.014036,-0.311392
706,7.060000,0.003591,0.396263,0.004529,-0.918119,-0.113047,0.088923,-0.314557,0.000963,-0.157991,0.073691,-0.333328,0.724521,-0.127901,0.124090,-0.203395,0.761908,-0.062552,0.068490,-0.318198,0.832044,-0.103743,0.089422,-0.403306,0.829308,0.001186,0.036173,0.000434,-0.999345,0.091404,0.009505,0.119452,0.000800,-0.425051,0.008352,0.352454,0.777288,0.557921,-0.010165,0.430866,0.687622,0.145521,0.034938,0.323227,0.647074,-0.363047,0.000940,-0.390135,0.946821,0.016289,0.037098,0.311952,0.801110,0.616790,-0.014135,-0.311655,0.934476,-0.157009,0.073678,-0.333700,-0.127942,0.124243,-0.202395,-0.063196,0.068548,-0.318063,-0.103943,0.089236,-0.404019,-0.424494,0.008347,0.351840,0.558804,-0.010661,0.430211,0.144169,0.035309,0.323816,-0.363071,0.000753,-0.390243,0.016179,0.037341,0.312526,0.616587,-0.014033,-0.311382
707,7.070000,0.003718,0.396497,0.005259,-0.918013,-0.111405,0.088848,-0.314365,0.000932,-0.156362,0.073687,-0.333165,0.767279,-0.126267,0.123998,-0.203200,0.744935,-0.060938,0.068343,-0.317987,0.847318,-0.102055,0.089364,-0.403109,0.803929,0.002063,0.035761,-0.000060,-0.999358,0.091149,0.009172,0.119654,0.000922,-0.425112,0.007960,0.353085,0.638620,0.557941,-0.009510,0.430718,0.623763,0.145410,0.035020,0.323339,0.657705,-0.363713,-0.000723,-0.389541,0.830767,0.016168,0.037040,0.312167,0.879339,0.616202,-0.014755,-0.311844,0.877638,-0.155485,0.073673,-0.333477,-0.126315,0.124162,-0.202194,-0.061535,0.068380,-0.317865,-0.102243,0.089191,-0.403851,-0.424506,0.008362,0.351836,0.558860,-0.010631,0.430311,0.144174,0.035332,0.323837,-0.364184,-0.001115,-0.389254,0.016183,0.037350,0.312536,0.616491,-0.014399,-0.311672
708,7.080000,0.003810,0.396111,0.005824,-0.918176,-0.109702,0.088820,-0.314194,0.000965,-0.154691,0.073714,-0.332961,0.767279,-0.124431,0.123955,-0.203006,0.744935,-0.059260,0.068260,-0.317864,0.847318,-0.100425,0.089351,-0.402946,0.803929,0.002088,0.035883,-0.000259,-0.999354,0.091148,0.009320,0.119687,0.000915,-0.425170,0.007918,0.352992,0.638620,0.557871,-0.009158,0.430865,0.623763,0.145349,0.035202,0.323383,0.657705,-0.363587,-0.000788,-0.389618,0.830767,0.016108,0.037170,0.312180,0.879339,0.616314,-0.014426,-0.311681,0.877638,-0.153725,0.073636,-0.333270,-0.124504,0.124169,-0.202017,-0.059860,0.068232,-0.317736,-0.100636,0.089254,-0.403694,-0.424492,0.008355,0.351830,0.558918,-0.010626,0.430411,0.144179,0.035336,0.323904,-0.364159,-0.001132,-0.389288,0.016239,0.037555,0.312313,0.616551,-0.014033,-0.311417
709,7.090000,0.006617,0.395405,0.004189,-0.918473,-0.108171,0.088473,-0.313864,0.000951,-0.153177,0.073212,-0.332461,0.714140,-0.122752,0.124313,-0.202881,0.748039,-0.057719,0.067929,-0.317481,0.817652,-0.099034,0.088440,-0.402631,0.830089,0.002092,0.035909,-0.000303,-0.999353,0.091152,0.009322,0.119713,0.000930,-0.425178,0.007878,0.352991,0.643984,0.557860,-0.009112,0.430915,0.516755,0.145340,0.035211,0.323411,0.683198,-0.363555,-0.000831,-0.389616,0.820234,0.016100,0.037168,0.312201,0.901856,0.616343,-0.014384,-0.311628,0.877249,-0.152284,0.073607,-0.333056,-0.122794,0.124221,-0.201878,-0.058324,0.068300,-0.317649,-0.099156,0.087815,-0.402870,-0.424506,0.008363,0.351833,0.559006,-0.010621,0.430533,0.144192,0.035325,0.323934,-0.364124,-0.001162,-0.389326,0.016227,0.037505,0.312358,0.616556,-0.013996,-0.311416
710,7.100000,0.005788,0.395382,0.004687,-0.918487,-0.106540,0.088487,-0.313717,0.000871,-0.151551,0.073273,-0.332342,0.714140,-0.121108,0.124117,-0.202666,0.748039,-0.056093,0.067936,-0.317376,0.817652,-0.097407,0.088621,-0.402485,0.830089,0.001920,0.035969,-0.000137,-0.999351,0.091192,0.009346,0.119682,0.000945,-0.425166,0.007983,0.352899,0.643984,0.557858,-0.009347,0.430934,0.516755,0.145365,0.035145,0.323397,0.683198,-0.363457,-0.000482,-0.389704,0.820234,0.016127,0.037147,0.312172,0.901856,0.616428,-0.014373,-0.311604,0.877249,-0.150655,0.073625,-0.332805,-0.121143,0.124024,-0.201663,-0.056735,0.068294,-0.317451,-0.097528,0.088035,-0.402915,-0.424505,0.008356,0.351835,0.559037,-0.010615,0.430676,0.144185,0.035319,0.324002,-0.364054,-0.000819,-0.389586,0.016232,0.037482,0.312394,0.616573,-0.014012,-0.311408
711,7.110000,0.003647,0.394503,0.005175,-0.918873,-0.105049,0.088777,-0.313682,0.000883,-0.150084,0.073608,-0.332287,0.764328,-0.119435,0.123914,-0.202449,0.768463,-0.054594,0.068282,-0.317525,0.845143,-0.096084,0.089303,-0.402465,0.834746,0.001087,0.036349,0.000481,-0.999338,0.091453,0.009512,0.119647,0.000969,-0.425084,0.008357,0.352466,0.784198,0.557858,-0.010261,0.431222,0.616420,0.145500,0.034900,0.323446,0.626965,-0.362818,0.001090,-0.390102,0.919003,0.016273,0.037073,0.312126,0.791228,0.616990,-0.014087,-0.311279,0.893064,-0.149217,0.073525,-0.332648,-0.119455,0.124109,-0.201544,-0.055204,0.068289,-0.317419,-0.096270,0.089189,-0.403090,-0.424515,0.008349,0.351818,0.559267,-0.010814,0.430970,0.144205,0.035334,0.324046,-0.362756,0.000954,-0.390390,0.016005,0.037239,0.312900,0.616576,-0.014030,-0.311372
712,7.120000,0.004128,0.394042,0.006205,-0.919062,-0.103449,0.088722,-0.313467,0.000995,-0.148536,0.073654,-0.332026,0.764328,-0.117644,0.123899,-0.202222,0.768463,-0.053044,0.068113,-0.317358,0.845143,-0.094571,0.089222,-0.402259,0.834746,0.001051,0.036367,0.000492,-0.999338,0.091484,0.009501,0.119672,0.000961,-0.425061,0.008340,0.352473,0.784198,0.557878,-0.010304,0.431262,0.616420,0.145525,0.034873,0.323475,0.626965,-0.362769,0.001125,-0.390094,0.919003,0.016298,0.037050,0.312151,0.791228,0.617036,-0.014077,-0.311237,0.893064,-0.147632,0.073642,-0.332367,-0.117734,0.124101,-0.201123,-0.053593,0.068114,-0.317290,-0.094785,0.089058,-0.402963,-0.424491,0.008337,0.351810,0.559201,-0.010814,0.431083,0.144212,0.035330,0.324115,-0.362644,0.000976,-0.390393,0.015996,0.037207,0.312945,0.616589,-0.014019,-0.311380
713,7.130000,0.003494,0.393400,0.004779,-0.919348,-0.101816,0.088679,-0.313229,0.000979,-0.146882,0.073472,-0.331726,0.732066,-0.115964,0.123806,-0.201963,0.746023,-0.051353,0.068228,-0.317193,0.837778,-0.093065,0.089211,-0.402034,0.803400,0.001045,0.036394,0.000497,-0.999337,0.091510,0.009502,0.119693,0.000929,-0.425049,0.008342,0.352467,0.779641,0.557886,-0.010310,0.431308,0.672606,0.145539,0.034871,0.323499,0.620495,-0.362716,0.001136,-0.390097,0.903314,0.016313,0.037049,0.312168,0.790210,0.617084,-0.014075,-0.311188,0.867925,-0.145860,0.073361,-0.332026,-0.116038,0.124038,-0.200976,-0.051988,0.068185,-0.317068,-0.093270,0.089141,-0.402790,-0.424477,0.008334,0.351796,0.559101,-0.010786,0.431193,0.144249,0.035323,0.324160,-0.362530,0.000976,-0.390396,0.016011,0.037216,0.312933,0.616590,-0.014014,-0.311366
714,7.140000,0.003890,0.392904,0.004907,-0.919558,-0.100137,0.088659,-0.313039,0.000908,-0.145232,0.073465,-0.331478,0.732066,-0.114145,0.123863,-0.201780,0.746023,-0.049689,0.068177,-0.317045,0.837778,-0.091482,0.089131,-0.401854,0.803400,0.001048,0.036365,0.000496,-0.999338,0.091507,0.009519,0.119679,0.000845,-0.425038,0.008360,0.352482,0.779641,0.557902,-0.010292,0.431268,0.672606,0.145548,0.034889,0.323483,0.620495,-0.362747,0.001149,-0.390085,0.903314,0.016322,0.037067,0.312159,0.790210,0.617057,-0.014061,-0.311231,0.867925,-0.144410,0.073345,-0.331777,-0.114167,0.124098,-0.200806,-0.050304,0.068149,-0.316940,-0.091640,0.089060,-0.402561,-0.424498,0.008344,0.351807,0.558822,-0.010651,0.431051,0.144280,0.035366,0.324184,-0.362495,0.000982,-0.390368,0.016050,0.037202,0.312979,0.616592,-0.014016,-0.311379
715,7.150000,0.006836,0.392803,0.003701,-0.919590,-0.098381,0.088316,-0.312681,0.000977,-0.143482,0.073009,-0.331012,0.710105,-0.112358,0.124228,-0.201645,0.739756,-0.047936,0.067804,-0.316569,0.809491,-0.089748,0.088222,-0.401500,0.837226,0.001046,0.036382,0.000507,-0.999337,0.091519,0.009519,0.119708,0.000814,-0.425034,0.008369,0.352493,0.785034,0.557903,-0.010303,0.431312,0.771458,0.145554,0.034887,0.323513,0.621344,-0.362718,0.001161,-0.390072,0.888960,0.016328,0.037067,0.312184,0.789682,0.617084,-0.014069,-0.311185,0.866860,-0.142549,0.073341,-0.331617,-0.112377,0.124166,-0.200606,-0.048597,0.068155,-0.316711,-0.089862,0.087645,-0.401779,-0.424496,0.008344,0.351822,0.558740,-0.010627,0.431140,0.144307,0.035331,0.324249,-0.362419,0.000997,-0.390357,0.016078,0.037216,0.312974,0.616589,-0.014030,-0.311377
716,7.160000,0.004081,0.392623,0.004676,-0.919679,-0.096599,0.088581,-0.312727,0.000976,-0.141700,0.073365,-0.331130,0.710105,-0.110548,0.123840,-0.201478,0.739756,-0.046148,0.068111,-0.316753,0.809491,-0.087998,0.089008,-0.401547,0.837226,0.001056,0.036395,0.000516,-0.999337,0.091501,0.009509,0.119734,0.000785,-0.425058,0.008374,0.352506,0.785034,0.557876,-0.010316,0.431351,0.771458,0.145531,0.034880,0.323540,0.621344,-0.362723,0.001150,-0.390057,0.888960,0.016305,0.037063,0.312209,0.789682,0.617076,-0.014097,-0.311144,0.866860,-0.140799,0.073245,-0.331404,-0.110604,0.124094,-0.200438,-0.046758,0.068057,-0.316628,-0.088185,0.088949,-0.402345,-0.424511,0.008369,0.351841,0.558634,-0.010656,0.431227,0.144340,0.035319,0.324299,-0.362397,0.000955,-0.390352,0.016062,0.037219,0.312999,0.616569,-0.014033,-0.311401
717,7.170000,0.004038,0.391805,0.004125,-0.920030,-0.094914,0.088564,-0.312562,0.001034,-0.140032,0.073295,-0.330879,0.765907,-0.108702,0.123846,-0.201300,0.697340,-0.044449,0.068145,-0.316671,0.836132,-0.086472,0.088970,-0.401397,0.780025,0.001051,0.036400,0.000505,-0.999337,0.091499,0.009523,0.119767,0.000757,-0.425062,0.008374,0.352535,0.778934,0.557872,-0.010293,0.431388,0.811925,0.145526,0.034894,0.323574,0.643177,-0.362721,0.001158,-0.390029,0.879653,0.016300,0.037073,0.312241,0.799888,0.617078,-0.014068,-0.311107,0.848644,-0.139165,0.073302,-0.331231,-0.108707,0.124002,-0.200099,-0.045083,0.068234,-0.316534,-0.086658,0.088737,-0.402226,-0.424493,0.008347,0.351858,0.558537,-0.010634,0.431302,0.144396,0.035332,0.324326,-0.362371,0.000963,-0.390295,0.016091,0.037250,0.312993,0.616558,-0.014007,-0.311411
718,7.180000,0.003080,0.390562,0.000326,-0.920571,-0.093140,0.088206,-0.312267,0.001050,-0.138189,0.072566,-0.330443,0.765907,-0.106897,0.123516,-0.201010,0.697340,-0.042530,0.068173,-0.316490,0.836132,-0.084945,0.088570,-0.401126,0.780025,0.001066,0.036410,0.000514,-0.999336,0.091489,0.009526,0.119779,0.000734,-0.425077,0.008394,0.352536,0.778934,0.557855,-0.010292,0.431410,0.811925,0.145513,0.034901,0.323586,0.643177,-0.362721,0.001155,-0.390025,0.879653,0.016287,0.037083,0.312251,0.799888,0.617076,-0.014089,-0.311084,0.848644,-0.137354,0.072004,-0.330602,-0.106884,0.124055,-0.200000,-0.043263,0.067894,-0.316388,-0.084987,0.088922,-0.401999,-0.424497,0.008350,0.351845,0.558445,-0.010673,0.431367,0.144444,0.035365,0.324358,-0.362379,0.000941,-0.390260,0.016118,0.037297,0.312957,0.616562,-0.014014,-0.311431
719,7.190000,0.004372,0.390844,0.004578,-0.920435,-0.091303,0.088466,-0.312159,0.001009,-0.136477,0.073242,-0.330379,0.745237,-0.104820,0.123791,-0.200878,0.727530,-0.040869,0.067991,-0.316368,0.844135,-0.083047,0.088841,-0.401012,0.808109,0.001080,0.036421,0.000522,-0.999336,0.091481,0.009512,0.119789,0.000709,-0.425090,0.008395,0.352534,0.766325,0.557840,-0.010304,0.431431,0.838653,0.145501,0.034892,0.323597,0.657779,-0.362717,0.001134,-0.390026,0.881733,0.016276,0.037075,0.312258,0.815409,0.617078,-0.014122,-0.311061,0.837693,-0.135536,0.073045,-0.330719,-0.104871,0.124105,-0.199835,-0.041470,0.067888,-0.316238,-0.083256,0.088847,-0.401751,-0.424493,0.008350,0.351816,0.558333,-0.010719,0.431392,0.144486,0.035343,0.324396,-0.362352,0.000898,-0.390213,0.016143,0.037328,0.312939,0.616566,-0.014027,-0.311448
720,7.200000,0.004718,0.390435,0.004783,-0.920606,-0.089434,0.088508,-0.311987,0.001020,-0.134634,0.073305,-0.330160,0.745237,-0.102829,0.123894,-0.200710,0.727530,-0.039017,0.067998,-0.316232,0.844135,-0.081256,0.088835,-0.400848,0.808109,0.001186,0.036369,0.000446,-0.999338,0.091403,0.009471,0.119806,0.000685,-0.425144,0.008331,0.352605,0.766325,0.557797,-0.010210,0.431404,0.838653,0.145440,0.034903,0.323602,0.657779,-0.362847,0.000917,-0.389960,0.881733,0.016213,0.037066,0.312277,0.815409,0.616958,-0.014181,-0.311094,0.837693,-0.133757,0.073244,-0.330508,-0.102873,0.124125,-0.199546,-0.039625,0.068007,-0.316162,-0.081434,0.088690,-0.401566,-0.424504,0.008352,0.351808,0.558203,-0.010747,0.431336,0.144529,0.035385,0.324422,-0.362666,0.000585,-0.390125,0.016141,0.037354,0.312912,0.616578,-0.013997,-0.311416
721,7.210000,0.003037,0.389201,-0.000901,-0.921148,-0.087615,0.088045,-0.311611,0.001060,-0.132682,0.072286,-0.329640,0.767239,-0.101123,0.123420,-0.200345,0.713929,-0.036972,0.068124,-0.315967,0.779238,-0.079684,0.088349,-0.400494,0.763046,0.001204,0.036380,0.000438,-0.999337,0.091403,0.009463,0.119804,0.000639,-0.425148,0.008324,0.352592,0.747216,0.557791,-0.010200,0.431413,0.838482,0.145436,0.034904,0.323601,0.677881,-0.362836,0.000885,-0.389971,0.892526,0.016209,0.037064,0.312272,0.823303,0.616968,-0.014198,-0.311084,0.869487,-0.131898,0.071785,-0.329658,-0.101133,0.123939,-0.199324,-0.037811,0.067849,-0.315988,-0.079601,0.088663,-0.401385,-0.424501,0.008329,0.351815,0.558060,-0.010771,0.431273,0.144597,0.035388,0.324451,-0.362631,0.000534,-0.390112,0.016184,0.037397,0.312895,0.616598,-0.014000,-0.311394
722,7.220000,0.004693,0.389798,0.004489,-0.920877,-0.085703,0.088407,-0.311576,0.001078,-0.130919,0.073175,-0.329683,0.767239,-0.098963,0.123805,-0.200287,0.713929,-0.035280,0.067924,-0.315887,0.779238,-0.077648,0.088723,-0.400448,0.763046,0.001240,0.036383,0.000430,-0.999337,0.091387,0.009472,0.119799,0.000610,-0.425166,0.008342,0.352584,0.747216,0.557773,-0.010161,0.431412,0.838482,0.145418,0.034928,0.323594,0.677881,-0.362849,0.000850,-0.389978,0.892526,0.016191,0.037086,0.312265,0.823303,0.616955,-0.014212,-0.311084,0.869487,-0.129966,0.073004,-0.329964,-0.099100,0.124176,-0.199103,-0.035829,0.067775,-0.315851,-0.077858,0.088726,-0.401190,-0.424504,0.008336,0.351806,0.557914,-0.010730,0.431200,0.144662,0.035392,0.324490,-0.362630,0.000499,-0.390080,0.016202,0.037438,0.312847,0.616594,-0.014014,-0.311371
723,7.230000,0.004798,0.389033,0.005220,-0.921197,-0.083742,0.088368,-0.311398,0.000962,-0.129010,0.073208,-0.329436,0.771418,-0.096768,0.123742,-0.200073,0.724489,-0.033356,0.067815,-0.315800,0.872705,-0.075834,0.088707,-0.400283,0.816583,0.001259,0.036379,0.000427,-0.999337,0.091368,0.009462,0.119807,0.000613,-0.425184,0.008339,0.352596,0.741374,0.557756,-0.010159,0.431417,0.844861,0.145400,0.034926,0.323601,0.691116,-0.362872,0.000819,-0.389966,0.892045,0.016173,0.037083,0.312273,0.836206,0.616933,-0.014237,-0.311079,0.876504,-0.128133,0.073178,-0.329691,-0.096907,0.123986,-0.199008,-0.033861,0.067747,-0.315796,-0.076044,0.088590,-0.400976,-0.424510,0.008343,0.351811,0.557762,-0.010722,0.431158,0.144711,0.035365,0.324527,-0.362630,0.000464,-0.390013,0.016221,0.037432,0.312825,0.616595,-0.014031,-0.311374
724,7.240000,0.007476,0.388404,0.004230,-0.921449,-0.081745,0.088086,-0.310970,0.001050,-0.127042,0.072835,-0.328858,0.771418,-0.094607,0.124097,-0.199830,0.724489,-0.031370,0.067494,-0.315324,0.872705,-0.073960,0.087917,-0.399866,0.816583,0.001402,0.036321,0.000493,-0.999339,0.091328,0.009432,0.119744,0.000671,-0.425196,0.008448,0.352594,0.741374,0.557750,-0.010168,0.431306,0.844861,0.145388,0.034945,0.323525,0.691116,-0.362972,0.000711,-0.389974,0.892045,0.016160,0.037117,0.312211,0.836206,0.616840,-0.014463,-0.311196,0.876504,-0.126073,0.073189,-0.329467,-0.094712,0.124075,-0.198670,-0.031921,0.067758,-0.315525,-0.074128,0.087376,-0.400142,-0.424500,0.008342,0.351815,0.557550,-0.010616,0.431068,0.144758,0.035362,0.324534,-0.362593,0.000450,-0.389968,0.016232,0.037473,0.312784,0.616477,-0.014352,-0.311655
725,7.250000,0.004333,0.387976,0.004998,-0.921646,-0.079734,0.088367,-0.310957,0.000983,-0.125031,0.073185,-0.328901,0.770823,-0.092531,0.123654,-0.199578,0.722319,-0.029342,0.067856,-0.315488,0.875354,-0.072030,0.088775,-0.399859,0.816397,0.001336,0.036356,0.000541,-0.999338,0.091401,0.009455,0.119691,0.000674,-0.425140,0.008486,0.352504,0.762231,0.557799,-0.010228,0.431283,0.852152,0.145448,0.034936,0.323479,0.668477,-0.362864,0.000844,-0.390060,0.845381,0.016221,0.037121,0.312156,0.827812,0.616940,-0.014428,-0.311216,0.828359,-0.124175,0.073122,-0.329224,-0.092633,0.123917,-0.198503,-0.029831,0.067777,-0.315427,-0.072267,0.088684,-0.400548,-0.424497,0.008338,0.351819,0.557539,-0.010675,0.430995,0.144805,0.035349,0.324562,-0.362299,0.000594,-0.390027,0.016285,0.037541,0.312698,0.616471,-0.014336,-0.311709
726,7.260000,0.003214,0.386220,-0.001063,-0.922401,-0.077626,0.087976,-0.310519,0.001070,-0.122807,0.072203,-0.328249,0.763840,-0.090419,0.123400,-0.199183,0.708421,-0.027010,0.068060,-0.315193,0.785367,-0.070270,0.088241,-0.399452,0.762656,0.001217,0.036407,0.000469,-0.999336,0.091417,0.009518,0.119734,0.000648,-0.425147,0.008417,0.352494,0.764660,0.557786,-0.010167,0.431368,0.803121,0.145440,0.034960,0.323533,0.687818,-0.362795,0.000956,-0.390066,0.838973,0.016214,0.037128,0.312197,0.841395,0.617004,-0.014185,-0.311125,0.857945,-0.122021,0.071680,-0.328300,-0.090418,0.123940,-0.198150,-0.027820,0.067776,-0.315188,-0.070215,0.088572,-0.400340,-0.424499,0.008364,0.351813,0.557467,-0.010721,0.430909,0.144866,0.035352,0.324570,-0.362261,0.000612,-0.389957,0.016295,0.037566,0.312650,0.616565,-0.013994,-0.311430
727,7.270000,0.003302,0.386173,-0.000759,-0.922420,-0.075453,0.087884,-0.310247,0.001010,-0.120645,0.072141,-0.327973,0.763840,-0.088212,0.123308,-0.198907,0.708421,-0.024849,0.067937,-0.314927,0.785367,-0.068105,0.088151,-0.399180,0.762656,0.001344,0.036302,0.000581,-0.999340,0.091422,0.009468,0.119644,0.000662,-0.425094,0.008544,0.352513,0.764660,0.557852,-0.010249,0.431184,0.803121,0.145494,0.034947,0.323425,0.687818,-0.362900,0.000887,-0.390058,0.838973,0.016266,0.037143,0.312116,0.841395,0.616912,-0.014464,-0.311320,0.857945,-0.119796,0.071584,-0.328043,-0.088231,0.123846,-0.197945,-0.025636,0.067635,-0.314920,-0.068091,0.088497,-0.399991,-0.424496,0.008361,0.351813,0.557475,-0.010756,0.430752,0.144912,0.035345,0.324601,-0.362304,0.000610,-0.389876,0.016359,0.037681,0.312522,0.616482,-0.014348,-0.311713
728,7.280000,0.002836,0.385659,-0.001776,-0.922635,-0.073233,0.087717,-0.310022,0.001117,-0.118410,0.071874,-0.327698,0.615891,-0.085947,0.123103,-0.198665,0.689605,-0.022591,0.067882,-0.314760,0.767984,-0.065986,0.088007,-0.398963,0.770757,0.001229,0.036340,0.000468,-0.999339,0.091453,0.009531,0.119694,0.000665,-0.425080,0.008435,0.352524,0.771906,0.557864,-0.010146,0.431267,0.750651,0.145503,0.034978,0.323486,0.675069,-0.362827,0.000957,-0.390044,0.838539,0.016276,0.037146,0.312167,0.841971,0.616982,-0.014182,-0.311234,0.877358,-0.117188,0.070958,-0.327870,-0.085991,0.123786,-0.197629,-0.023452,0.067541,-0.314711,-0.066036,0.088448,-0.399765,-0.424519,0.008366,0.351808,0.557499,-0.010799,0.430607,0.144965,0.035346,0.324610,-0.362316,0.000626,-0.389829,0.016404,0.037652,0.312524,0.616570,-0.013983,-0.311411
729,7.290000,0.005073,0.386966,0.005618,-0.922063,-0.071267,0.088186,-0.309841,0.001053,-0.116630,0.073066,-0.327673,0.615891,-0.083760,0.123591,-0.198465,0.689605,-0.020921,0.067583,-0.314465,0.767984,-0.063757,0.088503,-0.398760,0.770757,0.001286,0.036242,0.000610,-0.999342,0.091458,0.009463,0.119634,0.000659,-0.425029,0.008540,0.352565,0.771906,0.557925,-0.010316,0.431117,0.750651,0.145556,0.034915,0.323412,0.675069,-0.362924,0.000966,-0.390015,0.838539,0.016327,0.037119,0.312119,0.841971,0.616896,-0.014447,-0.311396,0.877358,-0.115621,0.073032,-0.327992,-0.083903,0.123843,-0.197315,-0.021466,0.067528,-0.314437,-0.063994,0.088377,-0.399469,-0.424513,0.008338,0.351818,0.557605,-0.010854,0.430521,0.145006,0.035329,0.324621,-0.362359,0.000700,-0.389773,0.016387,0.037679,0.312513,0.616510,-0.014340,-0.311660
730,7.300000,0.004531,0.386737,0.004832,-0.922166,-0.069136,0.088112,-0.309497,0.000992,-0.114480,0.072914,-0.327313,0.774592,-0.081639,0.123449,-0.198101,0.707591,-0.018754,0.067605,-0.314155,0.861344,-0.061672,0.088478,-0.398420,0.805107,0.001291,0.036181,0.000629,-0.999344,0.091470,0.009468,0.119632,0.000667,-0.424989,0.008567,0.352627,0.753948,0.557974,-0.010326,0.431058,0.766428,0.145594,0.034920,0.323404,0.649753,-0.362975,0.000985,-0.389960,0.846324,0.016364,0.037129,0.312126,0.828410,0.616854,-0.014465,-0.311461,0.900444,-0.113615,0.072877,-0.327564,-0.081748,0.123691,-0.196962,-0.019307,0.067565,-0.314131,-0.061855,0.088349,-0.399167,-0.424503,0.008353,0.351799,0.557666,-0.010859,0.430356,0.145065,0.035338,0.324632,-0.362477,0.000744,-0.389692,0.016446,0.037665,0.312547,0.616513,-0.014374,-0.311645
731,7.310000,0.003255,0.385009,-0.001065,-0.922907,-0.066864,0.087749,-0.309050,0.000988,-0.112092,0.071976,-0.326660,0.774592,-0.079364,0.123181,-0.197684,0.707591,-0.016261,0.067830,-0.313856,0.861344,-0.059741,0.088007,-0.398002,0.805107,0.001279,0.036148,0.000647,-0.999346,0.091491,0.009482,0.119610,0.000667,-0.424953,0.008593,0.352639,0.753948,0.558015,-0.010337,0.431004,0.766428,0.145629,0.034927,0.323378,0.649753,-0.362989,0.001028,-0.389952,0.846324,0.016398,0.037141,0.312110,0.828410,0.616845,-0.014459,-0.311519,0.900444,-0.111390,0.071517,-0.326706,-0.079375,0.123675,-0.196725,-0.016983,0.067556,-0.313861,-0.059698,0.088305,-0.398825,-0.424491,0.008357,0.351805,0.557742,-0.010869,0.430247,0.145113,0.035301,0.324675,-0.362510,0.000801,-0.389666,0.016448,0.037725,0.312484,0.616521,-0.014377,-0.311656
732,7.320000,0.004819,0.385304,0.004485,-0.922766,-0.064498,0.087990,-0.308846,0.001044,-0.109890,0.072760,-0.326508,0.743981,-0.076669,0.123410,-0.197439,0.707522,-0.014122,0.067501,-0.313644,0.847526,-0.057310,0.088290,-0.397792,0.810165,0.001166,0.036150,0.000524,-0.999346,0.091534,0.009572,0.119663,0.000648,-0.424910,0.008500,0.352690,0.751203,0.558062,-0.010196,0.431055,0.715356,0.145665,0.034986,0.323437,0.654752,-0.362941,0.001112,-0.389903,0.870546,0.016433,0.037169,0.312169,0.831337,0.616896,-0.014142,-0.311469,0.915072,-0.108938,0.072641,-0.326865,-0.076728,0.123691,-0.196305,-0.014723,0.067446,-0.313554,-0.057523,0.088215,-0.398517,-0.424489,0.008339,0.351803,0.557887,-0.010852,0.430141,0.145163,0.035287,0.324688,-0.362614,0.000855,-0.389595,0.016553,0.037764,0.312464,0.616593,-0.013997,-0.311422
733,7.330000,0.002962,0.383946,0.000018,-0.923351,-0.062216,0.087622,-0.308439,0.001059,-0.107511,0.071954,-0.325966,0.743981,-0.074396,0.122923,-0.196996,0.707522,-0.011659,0.067620,-0.313388,0.847526,-0.055297,0.087990,-0.397406,0.810165,0.001145,0.036124,0.000544,-0.999346,0.091569,0.009585,0.119646,0.000626,-0.424863,0.008523,0.352698,0.751203,0.558112,-0.010214,0.431014,0.715356,0.145711,0.034989,0.323418,0.654752,-0.362932,0.001164,-0.389898,0.870546,0.016479,0.037177,0.312156,0.831337,0.616909,-0.014131,-0.311513,0.915072,-0.106596,0.071369,-0.326147,-0.074387,0.123484,-0.195954,-0.012424,0.067339,-0.313300,-0.055356,0.088324,-0.398245,-0.424489,0.008343,0.351813,0.558014,-0.010822,0.430065,0.145227,0.035272,0.324676,-0.362639,0.000934,-0.389588,0.016590,0.037763,0.312422,0.616612,-0.014011,-0.311407
734,7.340000,0.004840,0.384788,0.005263,-0.922977,-0.060011,0.087942,-0.308152,0.001014,-0.105445,0.072789,-0.325773,0.765011,-0.072007,0.123316,-0.196711,0.710026,-0.009671,0.067382,-0.313017,0.877641,-0.052921,0.088282,-0.397106,0.824156,0.001160,0.036075,0.000532,-0.999348,0.091582,0.009602,0.119616,0.000612,-0.424828,0.008536,0.352720,0.751819,0.558156,-0.010177,0.430938,0.715720,0.145743,0.035013,0.323382,0.649329,-0.362970,0.001156,-0.389882,0.891268,0.016510,0.037198,0.312133,0.840600,0.616879,-0.014115,-0.311595,0.909302,-0.104577,0.072705,-0.326123,-0.072116,0.123614,-0.195595,-0.010148,0.067281,-0.312981,-0.053168,0.088209,-0.397760,-0.424493,0.008355,0.351803,0.558137,-0.010746,0.429953,0.145281,0.035245,0.324686,-0.362737,0.000944,-0.389582,0.016627,0.037781,0.312365,0.616584,-0.014004,-0.311415
735,7.350000,0.004858,0.384991,0.005761,-0.922889,-0.057637,0.087889,-0.307848,0.001031,-0.103077,0.072784,-0.325495,0.765011,-0.069650,0.123235,-0.196401,0.710026,-0.007313,0.067284,-0.312699,0.877641,-0.050507,0.088253,-0.396799,0.824156,0.001148,0.036047,0.000519,-0.999349,0.091601,0.009587,0.119609,0.000566,-0.424795,0.008501,0.352741,0.751819,0.558193,-0.010186,0.430904,0.715720,0.145774,0.034995,0.323372,0.649329,-0.362979,0.001140,-0.389864,0.891268,0.016540,0.037177,0.312130,0.840600,0.616875,-0.014105,-0.311632,0.909302,-0.102237,0.072679,-0.325843,-0.069725,0.123541,-0.195226,-0.007841,0.067207,-0.312661,-0.050716,0.088176,-0.397477,-0.424491,0.008343,0.351816,0.558307,-0.010710,0.429918,0.145330,0.035209,0.324670,-0.362832,0.000937,-0.389635,0.016631,0.037713,0.312391,0.616593,-0.014001,-0.311396
736,7.360000,0.004800,0.384633,0.005842,-0.923038,-0.055155,0.087835,-0.307476,0.000975,-0.100611,0.072738,-0.325090,0.777157,-0.067078,0.123164,-0.196014,0.720288,-0.004838,0.067226,-0.312369,0.855370,-0.048094,0.088214,-0.396433,0.814083,0.001184,0.036008,0.000514,-0.999351,0.091632,0.009589,0.119584,0.000536,-0.424746,0.008518,0.352757,0.750631,0.558249,-0.010159,0.430844,0.733615,0.145820,0.035012,0.323342,0.642977,-0.362988,0.001103,-0.389853,0.932309,0.016586,0.037193,0.312110,0.849232,0.616872,-0.014131,-0.311696,0.894105,-0.099787,0.072620,-0.325411,-0.067115,0.123439,-0.194930,-0.005407,0.067168,-0.312285,-0.048284,0.088147,-0.397148,-0.424502,0.008373,0.351801,0.558486,-0.010683,0.429947,0.145390,0.035230,0.324686,-0.362958,0.000881,-0.389701,0.016719,0.037731,0.312346,0.616592,-0.014010,-0.311403
737,7.370000,0.005034,0.384031,0.005629,-0.923289,-0.052712,0.087828,-0.307145,0.000999,-0.098187,0.072711,-0.324691,0.777157,-0.064496,0.123219,-0.195688,0.720288,-0.002397,0.067226,-0.312092,0.855370,-0.045767,0.088156,-0.396111,0.814083,0.001213,0.035998,0.000495,-0.999351,0.091653,0.009569,0.119571,0.000520,-0.424720,0.008493,0.352755,0.750631,0.558277,-0.010144,0.430823,0.733615,0.145845,0.035006,0.323326,0.642977,-0.362977,0.001037,-0.389855,0.932309,0.016610,0.037181,0.312097,0.849232,0.616886,-0.014157,-0.311718,0.894105,-0.097321,0.072626,-0.325014,-0.064580,0.123494,-0.194591,-0.002914,0.067148,-0.312018,-0.045998,0.088078,-0.396824,-0.424501,0.008357,0.351797,0.558606,-0.010669,0.430053,0.145453,0.035234,0.324652,-0.363050,0.000793,-0.389791,0.016754,0.037726,0.312315,0.616603,-0.014021,-0.311404
738,7.380000,0.003612,0.382563,0.000535,-0.923922,-0.050222,0.087383,-0.306697,0.001036,-0.095593,0.071767,-0.324076,0.779669,-0.062018,0.122791,-0.195246,0.716102,0.000290,0.067303,-0.311780,0.818245,-0.043569,0.087670,-0.395684,0.769233,0.001328,0.035917,0.000418,-0.999354,0.091592,0.009502,0.119611,0.000558,-0.424744,0.008406,0.352879,0.724310,0.558269,-0.010069,0.430792,0.769720,0.145812,0.034995,0.323351,0.662704,-0.363120,0.000783,-0.389740,0.871583,0.016575,0.037149,0.312142,0.853265,0.616758,-0.014250,-0.311758,0.881646,-0.094849,0.071300,-0.324147,-0.062059,0.123322,-0.194243,-0.000364,0.066987,-0.311756,-0.043600,0.087998,-0.396547,-0.424495,0.008361,0.351805,0.558670,-0.010673,0.430223,0.145511,0.035238,0.324644,-0.363509,0.000451,-0.389787,0.016776,0.037679,0.312294,0.616580,-0.014024,-0.311382
739,7.390000,0.003399,0.382245,0.000292,-0.924055,-0.047632,0.087303,-0.306375,0.001111,-0.093005,0.071663,-0.323726,0.779669,-0.059372,0.122681,-0.194908,0.716102,0.002889,0.067255,-0.311498,0.818245,-0.041040,0.087613,-0.395367,0.769233,0.001333,0.035947,0.000412,-0.999353,0.091637,0.009497,0.119596,0.000578,-0.424713,0.008397,0.352832,0.724310,0.558295,-0.010066,0.430806,0.769720,0.145845,0.034993,0.323340,0.662704,-0.363043,0.000767,-0.389783,0.871583,0.016609,0.037145,0.312123,0.853265,0.616830,-0.014254,-0.311740,0.881646,-0.092243,0.071197,-0.323768,-0.059379,0.123210,-0.193810,0.002122,0.066997,-0.311495,-0.040998,0.087904,-0.396309,-0.424495,0.008354,0.351813,0.558794,-0.010648,0.430327,0.145586,0.035220,0.324632,-0.363473,0.000442,-0.389912,0.016783,0.037668,0.312269,0.616614,-0.014034,-0.311386
740,7.400000,0.003564,0.382362,0.000134,-0.924006,-0.045221,0.087275,-0.306145,0.001067,-0.090587,0.071621,-0.323500,0.762879,-0.056995,0.122699,-0.194696,0.710474,0.005305,0.067234,-0.311246,0.793323,-0.038606,0.087548,-0.395135,0.760969,0.001337,0.035954,0.000392,-0.999353,0.091658,0.009499,0.119597,0.000603,-0.424695,0.008380,0.352826,0.743162,0.558312,-0.010042,0.430814,0.770328,0.145862,0.034999,0.323341,0.677246,-0.363015,0.000746,-0.389788,0.842371,0.016625,0.037146,0.312122,0.858516,0.616857,-0.014235,-0.311732,0.877981,-0.089798,0.071101,-0.323583,-0.056980,0.123230,-0.193667,0.004527,0.066959,-0.311204,-0.038589,0.087877,-0.396033,-0.424499,0.008347,0.351819,0.558895,-0.010645,0.430439,0.145647,0.035232,0.324593,-0.363515,0.000413,-0.389979,0.016816,0.037666,0.312238,0.616605,-0.014004,-0.311383
741,7.410000,0.003297,0.382028,-0.000491,-0.924145,-0.042782,0.087225,-0.305850,0.001054,-0.088139,0.071509,-0.323173,0.762879,-0.054522,0.122631,-0.194393,0.710474,0.007768,0.067253,-0.310989,0.793323,-0.036232,0.087509,-0.394846,0.760969,0.001328,0.035994,0.000408,-0.999351,0.091683,0.009484,0.119610,0.000599,-0.424689,0.008377,0.352798,0.743162,0.558312,-0.010079,0.430863,0.770328,0.145872,0.034978,0.323358,0.677246,-0.362950,0.000756,-0.389811,0.842371,0.016636,0.037129,0.312130,0.858516,0.616916,-0.014258,-0.311679,0.877981,-0.087441,0.071011,-0.323253,-0.054481,0.123160,-0.193352,0.006987,0.066993,-0.310967,-0.036170,0.087819,-0.395717,-0.424503,0.008365,0.351818,0.558929,-0.010658,0.430619,0.145728,0.035187,0.324570,-0.363476,0.000416,-0.390070,0.016834,0.037628,0.312216,0.616593,-0.014017,-0.311363
742,7.420000,0.003580,0.381780,0.000009,-0.924246,-0.040158,0.087244,-0.305561,0.001125,-0.085542,0.071578,-0.322858,0.778119,-0.051799,0.122679,-0.194102,0.691306,0.010366,0.067213,-0.310724,0.806467,-0.033655,0.087508,-0.394560,0.748431,0.001216,0.036105,0.000493,-0.999347,0.091776,0.009519,0.119584,0.000547,-0.424648,0.008441,0.352657,0.787380,0.558333,-0.010190,0.430937,0.799610,0.145923,0.034957,0.323351,0.696187,-0.362744,0.000980,-0.389941,0.869165,0.016691,0.037132,0.312093,0.869791,0.617101,-0.014209,-0.311592,0.858714,-0.084788,0.071114,-0.322920,-0.051810,0.123219,-0.192992,0.009643,0.066939,-0.310696,-0.033649,0.087811,-0.395519,-0.424496,0.008370,0.351823,0.558955,-0.010672,0.430784,0.145780,0.035167,0.324539,-0.363065,0.000697,-0.390242,0.016859,0.037616,0.312184,0.616602,-0.014032,-0.311396
743,7.430000,0.004839,0.382443,0.005616,-0.923949,-0.037671,0.087524,-0.305364,0.000991,-0.083204,0.072406,-0.322759,0.778119,-0.049078,0.122871,-0.193853,0.691306,0.012630,0.066932,-0.310491,0.806467,-0.031033,0.087886,-0.394353,0.748431,0.001179,0.036176,0.000515,-0.999345,0.091825,0.009496,0.119630,0.000579,-0.424631,0.008422,0.352630,0.787380,0.558337,-0.010256,0.431047,0.799610,0.145945,0.034916,0.323406,0.696187,-0.362624,0.001015,-0.389959,0.869165,0.016714,0.037097,0.312131,0.869791,0.617210,-0.014222,-0.311474,0.858714,-0.082388,0.072330,-0.323084,-0.049111,0.123116,-0.192754,0.012098,0.066891,-0.310346,-0.031264,0.087788,-0.395143,-0.424475,0.008353,0.351808,0.559117,-0.010829,0.431151,0.145846,0.035130,0.324497,-0.362968,0.000732,-0.390293,0.016861,0.037601,0.312149,0.616615,-0.014028,-0.311393
744,7.440000,0.004333,0.382041,0.005033,-0.924122,-0.035291,0.087408,-0.305199,0.001078,-0.080817,0.072232,-0.322562,0.760401,-0.046652,0.122684,-0.193661,0.695186,0.015036,0.066893,-0.310381,0.869557,-0.028731,0.087825,-0.394193,0.786040,0.001787,0.035841,0.000023,-0.999356,0.091618,0.009220,0.119841,0.000596,-0.424681,0.007953,0.353188,0.636160,0.558357,-0.009703,0.430969,0.721784,0.145850,0.034947,0.323549,0.773283,-0.363164,-0.000325,-0.389432,0.693753,0.016610,0.036992,0.312357,0.840025,0.616736,-0.014542,-0.311586,0.859455,-0.079934,0.072115,-0.322916,-0.046725,0.122999,-0.192485,0.014548,0.066781,-0.310233,-0.029015,0.087786,-0.395000,-0.424471,0.008349,0.351804,0.558861,-0.010688,0.431083,0.145889,0.035126,0.324437,-0.364070,-0.001143,-0.389329,0.016839,0.037549,0.312141,0.616605,-0.014035,-0.311382
745,7.450000,0.004623,0.382201,0.005369,-0.924052,-0.032681,0.087385,-0.305064,0.001109,-0.078214,0.072242,-0.322438,0.760401,-0.044052,0.122701,-0.193540,0.695186,0.017630,0.066825,-0.310222,0.869557,-0.026090,0.087770,-0.394056,0.786040,0.001241,0.036202,0.000627,-0.999344,0.091796,0.009465,0.119552,0.000456,-0.424673,0.008537,0.352524,0.636160,0.558287,-0.010357,0.430996,0.721784,0.145911,0.034898,0.323328,0.773283,-0.362627,0.001029,-0.390061,0.693753,0.016681,0.037107,0.312045,0.840025,0.617199,-0.014422,-0.311522,0.859455,-0.077299,0.072137,-0.322811,-0.044161,0.123031,-0.192331,0.017182,0.066694,-0.310090,-0.026400,0.087731,-0.394837,-0.424486,0.008356,0.351814,0.558725,-0.010646,0.431169,0.145950,0.035103,0.324351,-0.362772,0.000901,-0.390410,0.016848,0.037489,0.312126,0.616517,-0.014389,-0.311634
746,7.460000,0.003609,0.380727,0.000607,-0.924680,-0.029975,0.087010,-0.304752,0.001091,-0.075417,0.071401,-0.321952,0.750203,-0.041323,0.122412,-0.193253,0.700405,0.020514,0.066923,-0.310038,0.809633,-0.023675,0.087302,-0.393766,0.756187,0.001088,0.036311,0.000543,-0.999340,0.091815,0.009540,0.119607,0.000379,-0.424705,0.008448,0.352466,0.827647,0.558241,-0.010292,0.431147,0.881604,0.145880,0.034920,0.323402,0.769578,-0.362496,0.001175,-0.390108,0.896483,0.016653,0.037110,0.312092,0.896737,0.617316,-0.014123,-0.311359,0.824002,-0.074594,0.070847,-0.322070,-0.041340,0.122993,-0.192205,0.019828,0.066599,-0.309972,-0.023736,0.087679,-0.394663,-0.424492,0.008352,0.351818,0.558543,-0.010642,0.431247,0.146000,0.035104,0.324298,-0.362634,0.000975,-0.390443,0.016857,0.037467,0.312126,0.616622,-0.014007,-0.311359
747,7.470000,0.004441,0.381773,0.005165,-0.924231,-0.027439,0.087243,-0.304685,0.001054,-0.072980,0.072081,-0.322020,0.750203,-0.038724,0.122533,-0.193144,0.700405,0.022879,0.066711,-0.309894,0.809633,-0.020930,0.087649,-0.393683,0.756187,0.001191,0.036289,0.000643,-0.999341,0.091793,0.009466,0.119557,0.000386,-0.424717,0.008529,0.352440,0.827647,0.558229,-0.010400,0.431080,0.881604,0.145873,0.034876,0.323345,0.769578,-0.362543,0.001094,-0.390135,0.896483,0.016645,0.037090,0.312040,0.896737,0.617269,-0.014392,-0.311428,0.824002,-0.072063,0.071923,-0.322363,-0.038797,0.122866,-0.192004,0.022336,0.066591,-0.309791,-0.021170,0.087635,-0.394425,-0.424495,0.008345,0.351825,0.558423,-0.010672,0.431316,0.146037,0.035103,0.324239,-0.362530,0.000975,-0.390458,0.016825,0.037423,0.312115,0.616507,-0.014364,-0.311643
748,7.480000,0.002859,0.380277,-0.000536,-0.924868,-0.024831,0.086912,-0.304415,0.001054,-0.070247,0.071191,-0.321578,0.768584,-0.036164,0.122226,-0.192886,0.698387,0.025707,0.066964,-0.309761,0.787244,-0.018619,0.087267,-0.393435,0.778307,0.001192,0.036329,0.000660,-0.999339,0.091769,0.009464,0.119554,0.000389,-0.424759,0.008543,0.352395,0.833522,0.558180,-0.010418,0.431114,0.896467,0.145834,0.034872,0.323346,0.780720,-0.362525,0.001106,-0.390175,0.930412,0.016607,0.037090,0.312031,0.896438,0.617280,-0.014412,-0.311389,0.797572,-0.069513,0.070647,-0.321728,-0.036088,0.122788,-0.191821,0.024899,0.066701,-0.309705,-0.018585,0.087584,-0.394262,-0.424491,0.008352,0.351816,0.558196,-0.010722,0.431395,0.146074,0.035089,0.324161,-0.362460,0.000970,-0.390409,0.016787,0.037463,0.312034,0.616515,-0.014363,-0.311651
749,7.490000,0.003659,0.380595,0.000676,-0.924734,-0.022173,0.086913,-0.304246,0.001081,-0.067622,0.071312,-0.321432,0.768584,-0.033483,0.122321,-0.192745,0.698387,0.028311,0.066818,-0.309545,0.787244,-0.015898,0.087200,-0.393261,0.778307,0.001067,0.036398,0.000583,-0.999337,0.091774,0.009497,0.119580,0.000368,-0.424786,0.008435,0.352349,0.833522,0.558145,-0.010384,0.431200,0.896467,0.145806,0.034865,0.323386,0.780720,-0.362448,0.001190,-0.390214,0.930412,0.016581,0.037064,0.312054,0.896438,0.617349,-0.014187,-0.311295,0.797572,-0.066931,0.070857,-0.321516,-0.033442,0.122838,-0.191652,0.027547,0.066584,-0.309520,-0.015847,0.087471,-0.394165,-0.424499,0.008337,0.351801,0.558048,-0.010781,0.431335,0.146102,0.035065,0.324098,-0.362355,0.000962,-0.390368,0.016754,0.037438,0.312007,0.616595,-0.014038,-0.311392
750,7.500000,0.004838,0.382035,0.005212,-0.924120,-0.019532,0.087230,-0.304219,0.001062,-0.065069,0.072073,-0.321569,0.754570,-0.030866,0.122603,-0.192709,0.690565,0.030780,0.066674,-0.309385,0.851500,-0.012973,0.087571,-0.393214,0.798513,0.001098,0.036388,0.000592,-0.999337,0.091765,0.009526,0.119513,0.000421,-0.424791,0.008489,0.352292,0.854245,0.558141,-0.010347,0.431125,0.870348,0.145801,0.034904,0.323316,0.804931,-0.362468,0.001197,-0.390271,0.937807,0.016576,0.037106,0.311986,0.844478,0.617330,-0.014196,-0.311371,0.814268,-0.064145,0.072011,-0.321894,-0.030934,0.122857,-0.191499,0.030192,0.066647,-0.309307,-0.013183,0.087448,-0.393982,-0.424491,0.008361,0.351810,0.557831,-0.010752,0.431220,0.146098,0.035066,0.324020,-0.362372,0.000970,-0.390305,0.016919,0.037547,0.311712,0.616604,-0.014039,-0.311379
751,7.510000,0.004702,0.382256,0.005728,-0.924027,-0.016871,0.087203,-0.304030,0.000977,-0.062413,0.072095,-0.321412,0.784639,-0.028230,0.122513,-0.192503,0.712933,0.033426,0.066607,-0.309185,0.864446,-0.010269,0.087595,-0.393021,0.803595,0.001248,0.036338,0.000484,-0.999339,0.091670,0.009483,0.119489,0.000484,-0.424863,0.008413,0.352321,0.840464,0.558081,-0.010198,0.431061,0.825979,0.145722,0.034936,0.323279,0.804353,-0.362613,0.000906,-0.390247,0.926815,0.016494,0.037108,0.311962,0.835620,0.617196,-0.014264,-0.311440,0.842410,-0.061593,0.072029,-0.321669,-0.028311,0.122772,-0.191387,0.032890,0.066548,-0.309132,-0.010461,0.087498,-0.393777,-0.424489,0.008364,0.351806,0.557537,-0.010630,0.431096,0.146116,0.035052,0.323945,-0.362673,0.000620,-0.390224,0.016916,0.037532,0.311689,0.616611,-0.014038,-0.311377
752,7.520000,0.004535,0.382363,0.005159,-0.923987,-0.014181,0.087179,-0.303901,0.000997,-0.059701,0.072015,-0.321291,0.784639,-0.025606,0.122490,-0.192381,0.712933,0.036142,0.066642,-0.309041,0.864446,-0.007558,0.087567,-0.392891,0.803595,0.001253,0.036320,0.000475,-0.999339,0.091666,0.009477,0.119452,0.000522,-0.424857,0.008401,0.352303,0.840464,0.558090,-0.010193,0.431007,0.825979,0.145725,0.034933,0.323240,0.804353,-0.362635,0.000886,-0.390267,0.926815,0.016498,0.037102,0.311927,0.835620,0.617178,-0.014266,-0.311496,0.842410,-0.058965,0.071889,-0.321640,-0.025611,0.122790,-0.191214,0.035595,0.066588,-0.308967,-0.007735,0.087497,-0.393590,-0.424488,0.008361,0.351807,0.557489,-0.010674,0.430968,0.146137,0.035093,0.323845,-0.362643,0.000573,-0.390179,0.016894,0.037524,0.311662,0.616610,-0.014015,-0.311388
753,7.530000,0.004343,0.382053,0.005138,-0.924116,-0.011546,0.087119,-0.303719,0.001052,-0.057075,0.071953,-0.321084,0.768267,-0.022903,0.122390,-0.192179,0.690364,0.038776,0.066594,-0.308900,0.857550,-0.004984,0.087540,-0.392713,0.811626,0.001301,0.036298,0.000476,-0.999340,0.091656,0.009517,0.119367,0.000580,-0.424857,0.008464,0.352241,0.854619,0.558093,-0.010125,0.430903,0.788466,0.145724,0.034991,0.323150,0.810677,-0.362667,0.000879,-0.390331,0.895683,0.016496,0.037160,0.311843,0.738129,0.617148,-0.014269,-0.311602,0.843090,-0.056232,0.071818,-0.321445,-0.022941,0.122708,-0.190982,0.038218,0.066517,-0.308815,-0.005194,0.087485,-0.393435,-0.424487,0.008359,0.351805,0.557498,-0.010722,0.430829,0.146118,0.035077,0.323791,-0.362635,0.000530,-0.390103,0.016858,0.037930,0.311231,0.616610,-0.014007,-0.311413
754,7.540000,0.003076,0.380598,-0.000115,-0.924735,-0.008843,0.086775,-0.303452,0.001051,-0.054262,0.071095,-0.320646,0.768267,-0.020221,0.122109,-0.191934,0.690364,0.041679,0.066778,-0.308761,0.857550,-0.002569,0.087116,-0.392467,0.811626,0.001287,0.036269,0.000488,-0.999341,0.091680,0.009486,0.119332,0.000575,-0.424820,0.008439,0.352235,0.854619,0.558134,-0.010175,0.430840,0.788466,0.145760,0.034954,0.323112,0.810677,-0.362673,0.000873,-0.390341,0.895683,0.016531,0.037126,0.311812,0.738129,0.617147,-0.014299,-0.311668,0.843090,-0.053471,0.070560,-0.320767,-0.020194,0.122642,-0.190920,0.040927,0.066501,-0.308689,-0.002582,0.087456,-0.393344,-0.424493,0.008340,0.351794,0.557639,-0.010851,0.430687,0.146116,0.035083,0.323698,-0.362608,0.000488,-0.390068,0.016840,0.037937,0.311204,0.616607,-0.014007,-0.311393
755,7.550000,0.004625,0.382024,0.004520,-0.924130,-0.006267,0.087009,-0.303433,0.001102,-0.051783,0.071784,-0.320780,0.773636,-0.017649,0.122380,-0.191928,0.668898,0.044075,0.066525,-0.308598,0.868750,0.000289,0.087347,-0.392428,0.797142,0.001239,0.036234,0.000482,-0.999343,0.091665,0.009398,0.119398,0.000553,-0.424819,0.008321,0.352337,0.840348,0.558142,-0.010287,0.430871,0.793558,0.145759,0.034847,0.323177,0.852201,-0.362724,0.000827,-0.390244,0.879661,0.016530,0.037018,0.311886,0.901106,0.617102,-0.014340,-0.311642,0.842571,-0.050958,0.071652,-0.321130,-0.017710,0.122730,-0.190652,0.043572,0.066416,-0.308490,0.000049,0.087308,-0.393203,-0.424482,0.008355,0.351796,0.557672,-0.010877,0.430534,0.146105,0.035089,0.323591,-0.362573,0.000451,-0.389983,0.016652,0.037391,0.311839,0.616612,-0.014031,-0.311395
756,7.560000,0.003030,0.380988,-0.001030,-0.924574,-0.003693,0.086655,-0.303183,0.001063,-0.049071,0.070886,-0.320405,0.773636,-0.015225,0.122037,-0.191696,0.668898,0.046868,0.066743,-0.308438,0.868750,0.002655,0.086953,-0.392193,0.797142,0.001195,0.036282,0.000526,-0.999341,0.091740,0.009437,0.119319,0.000585,-0.424766,0.008382,0.352208,0.840348,0.558185,-0.010316,0.430836,0.793558,0.145817,0.034863,0.323106,0.852201,-0.362601,0.000950,-0.390367,0.879661,0.016588,0.037046,0.311803,0.901106,0.617216,-0.014306,-0.311672,0.842571,-0.048329,0.070388,-0.320542,-0.015208,0.122589,-0.190639,0.046173,0.066453,-0.308369,0.002623,0.087275,-0.393060,-0.424484,0.008361,0.351796,0.557760,-0.010887,0.430324,0.146072,0.035084,0.323507,-0.362205,0.000624,-0.390116,0.016657,0.037466,0.311755,0.616626,-0.014046,-0.311370
757,7.570000,0.004666,0.381987,0.004217,-0.924147,-0.001021,0.086941,-0.303254,0.000999,-0.046531,0.071686,-0.320591,0.789015,-0.012412,0.122340,-0.191758,0.707685,0.049331,0.066482,-0.308416,0.885105,0.005527,0.087255,-0.392249,0.807505,0.001221,0.036245,0.000501,-0.999342,0.091731,0.009447,0.119290,0.000605,-0.424758,0.008381,0.352218,0.877866,0.558200,-0.010267,0.430774,0.768773,0.145821,0.034887,0.323072,0.885893,-0.362646,0.000912,-0.390362,0.846589,0.016592,0.037063,0.311778,0.896332,0.617177,-0.014293,-0.311738,0.825719,-0.045753,0.071617,-0.320912,-0.012499,0.122626,-0.190628,0.048889,0.066385,-0.308333,0.005279,0.087177,-0.392974,-0.424493,0.008346,0.351809,0.557807,-0.010873,0.430197,0.146037,0.035148,0.323377,-0.362247,0.000599,-0.390017,0.016619,0.037472,0.311714,0.616642,-0.014041,-0.311369
758,7.580000,0.003238,0.380169,-0.000587,-0.924911,0.001714,0.086650,-0.302931,0.001033,-0.043709,0.070925,-0.320072,0.789015,-0.009586,0.122049,-0.191426,0.707685,0.052247,0.066688,-0.308274,0.885105,0.007906,0.086938,-0.391952,0.807505,0.001341,0.036156,0.000615,-0.999345,0.091712,0.009397,0.119224,0.000584,-0.424736,0.008506,0.352245,0.877866,0.558232,-0.010355,0.430629,0.768773,0.145845,0.034871,0.322990,0.885893,-0.362759,0.000851,-0.390344,0.846589,0.016614,0.037075,0.311719,0.896332,0.617074,-0.014567,-0.311893,0.825719,-0.043088,0.070497,-0.320167,-0.009564,0.122542,-0.190400,0.051593,0.066430,-0.308223,0.007920,0.087215,-0.392836,-0.424487,0.008358,0.351814,0.557893,-0.010834,0.430137,0.145994,0.035186,0.323282,-0.362256,0.000628,-0.389934,0.016590,0.037466,0.311693,0.616537,-0.014423,-0.311647
759,7.590000,0.002888,0.379845,-0.001092,-0.925045,0.004276,0.086634,-0.302859,0.001022,-0.041140,0.070860,-0.319972,0.789573,-0.006988,0.121990,-0.191336,0.717041,0.054829,0.066734,-0.308242,0.812991,0.010404,0.086953,-0.391884,0.775183,0.001219,0.036161,0.000515,-0.999345,0.091728,0.009490,0.119252,0.000617,-0.424722,0.008437,0.352267,0.869733,0.558249,-0.010238,0.430656,0.784187,0.145853,0.034927,0.323024,0.915445,-0.362736,0.000970,-0.390324,0.826296,0.016622,0.037108,0.311753,0.893738,0.617100,-0.014263,-0.311866,0.821621,-0.040433,0.070415,-0.320077,-0.006976,0.122492,-0.190322,0.054132,0.066467,-0.308196,0.010396,0.087237,-0.392737,-0.424490,0.008376,0.351804,0.558040,-0.010812,0.430046,0.145958,0.035198,0.323198,-0.362357,0.000683,-0.389817,0.016576,0.037515,0.311641,0.616633,-0.014033,-0.311378
760,7.600000,0.003020,0.379044,-0.001424,-0.925373,0.006817,0.086502,-0.302767,0.001062,-0.038621,0.070695,-0.319794,0.789573,-0.004271,0.121907,-0.191243,0.717041,0.057371,0.066625,-0.308229,0.812991,0.012791,0.086779,-0.391804,0.775183,0.001310,0.036060,0.000608,-0.999349,0.091699,0.009445,0.119184,0.000565,-0.424704,0.008532,0.352304,0.869733,0.558279,-0.010318,0.430499,0.784187,0.145871,0.034907,0.322942,0.915445,-0.362869,0.000924,-0.390298,0.826296,0.016638,0.037111,0.311696,0.893738,0.616980,-0.014484,-0.312035,0.821621,-0.037895,0.070230,-0.319865,-0.004293,0.122434,-0.190231,0.056714,0.066310,-0.308180,0.012758,0.087121,-0.392720,-0.424492,0.008351,0.351779,0.558180,-0.010756,0.429980,0.145903,0.035214,0.323127,-0.362446,0.000754,-0.389739,0.016521,0.037491,0.311629,0.616529,-0.014383,-0.311669
761,7.610000,0.004352,0.379609,0.003530,-0.925130,0.009585,0.086784,-0.302863,0.001072,-0.035990,0.071463,-0.319967,0.781502,-0.001285,0.122158,-0.191306,0.676285,0.059940,0.066401,-0.308286,0.877953,0.015674,0.087116,-0.391891,0.803973,0.001193,0.036083,0.000517,-0.999348,0.091721,0.009529,0.119221,0.000601,-0.424693,0.008465,0.352317,0.856107,0.558290,-0.010216,0.430552,0.805353,0.145878,0.034955,0.322986,0.928265,-0.362823,0.001037,-0.390283,0.821054,0.016645,0.037137,0.311735,0.902262,0.617025,-0.014202,-0.311980,0.816757,-0.035191,0.071373,-0.320308,-0.001363,0.122481,-0.190055,0.059469,0.066301,-0.308207,0.015432,0.087047,-0.392633,-0.424493,0.008367,0.351786,0.558344,-0.010692,0.429938,0.145854,0.035237,0.323035,-0.362504,0.000823,-0.389679,0.016491,0.037481,0.311631,0.616630,-0.014040,-0.311384
762,7.620000,0.002803,0.377763,-0.001385,-0.925897,0.012299,0.086409,-0.302662,0.001077,-0.033185,0.070607,-0.319569,0.781502,0.001516,0.121766,-0.191092,0.676285,0.062838,0.066539,-0.308272,0.877953,0.018026,0.086726,-0.391714,0.803973,0.001162,0.036076,0.000526,-0.999348,0.091712,0.009535,0.119233,0.000607,-0.424698,0.008465,0.352336,0.856107,0.558285,-0.010237,0.430556,0.805353,0.145872,0.034948,0.322999,0.928265,-0.362839,0.001081,-0.390266,0.821054,0.016639,0.037132,0.311750,0.902262,0.617010,-0.014178,-0.311977,0.816757,-0.032498,0.070137,-0.319644,0.001529,0.122301,-0.190040,0.062140,0.066250,-0.308235,0.018038,0.087050,-0.392627,-0.424498,0.008352,0.351794,0.558497,-0.010678,0.430022,0.145769,0.035213,0.322988,-0.362578,0.000901,-0.389667,0.016448,0.037465,0.311632,0.616631,-0.014043,-0.311371
763,7.630000,0.003937,0.378496,0.003694,-0.925587,0.014842,0.086672,-0.302798,0.001005,-0.030773,0.071366,-0.319807,0.798097,0.004241,0.121944,-0.191184,0.695934,0.065184,0.066294,-0.308361,0.874727,0.020718,0.087084,-0.391840,0.807548,0.001158,0.036068,0.000537,-0.999349,0.091715,0.009550,0.119247,0.000630,-0.424692,0.008488,0.352357,0.851955,0.558293,-0.010234,0.430562,0.824416,0.145879,0.034960,0.323012,0.923066,-0.362844,0.001111,-0.390246,0.837937,0.016646,0.037147,0.311765,0.891261,0.617006,-0.014169,-0.311971,0.822509,-0.030051,0.071303,-0.320163,0.004224,0.122205,-0.189997,0.064695,0.066258,-0.308259,0.020501,0.086967,-0.392570,-0.424506,0.008371,0.351807,0.558678,-0.010658,0.430156,0.145717,0.035205,0.322922,-0.362649,0.000952,-0.389648,0.016407,0.037478,0.311617,0.616642,-0.014046,-0.311374
764,7.640000,0.004255,0.377442,0.003756,-0.926016,0.017482,0.086626,-0.302743,0.000923,-0.028178,0.071327,-0.319640,0.798097,0.007147,0.121961,-0.191124,0.695934,0.067804,0.066227,-0.308410,0.874727,0.023154,0.086988,-0.391799,0.807548,0.001275,0.036003,0.000609,-0.999351,0.091689,0.009492,0.119204,0.000601,-0.424688,0.008562,0.352383,0.851955,0.558304,-0.010293,0.430463,0.824416,0.145884,0.034940,0.322957,0.923066,-0.362938,0.001006,-0.390226,0.837937,0.016649,0.037144,0.311726,0.891261,0.616920,-0.014407,-0.312077,0.822509,-0.027452,0.071298,-0.319947,0.007106,0.122179,-0.190073,0.067332,0.066196,-0.308315,0.022936,0.086855,-0.392518,-0.424499,0.008332,0.351798,0.558837,-0.010629,0.430279,0.145660,0.035224,0.322857,-0.362769,0.000953,-0.389674,0.016368,0.037468,0.311619,0.616534,-0.014395,-0.311653
765,7.650000,0.004680,0.376736,0.004229,-0.926299,0.020157,0.086641,-0.302737,0.000969,-0.025547,0.071390,-0.319558,0.808924,0.010035,0.122036,-0.191118,0.704039,0.070446,0.066179,-0.308472,0.894410,0.025695,0.086959,-0.391802,0.812706,0.001185,0.036071,0.000493,-0.999348,0.091695,0.009538,0.119261,0.000636,-0.424712,0.008445,0.352369,0.843306,0.558274,-0.010189,0.430580,0.794899,0.145857,0.034964,0.323025,0.897485,-0.362860,0.001030,-0.390233,0.873271,0.016623,0.037139,0.311777,0.888109,0.616991,-0.014161,-0.311953,0.827742,-0.024843,0.071357,-0.319854,0.009950,0.122297,-0.189966,0.070031,0.066112,-0.308436,0.025478,0.086839,-0.392508,-0.424483,0.008346,0.351794,0.558955,-0.010626,0.430451,0.145618,0.035210,0.322800,-0.362881,0.000874,-0.389751,0.016331,0.037451,0.311646,0.616638,-0.014030,-0.311376
766,7.660000,0.004387,0.375772,0.003809,-0.926694,0.022733,0.086637,-0.302828,0.000989,-0.022991,0.071344,-0.319557,0.808924,0.012808,0.121995,-0.191179,0.704039,0.073030,0.066226,-0.308673,0.894410,0.028084,0.086982,-0.391904,0.812706,0.001333,0.036031,0.000571,-0.999350,0.091653,0.009463,0.119235,0.000612,-0.424736,0.008524,0.352385,0.843306,0.558253,-0.010251,0.430523,0.794899,0.145835,0.034939,0.322988,0.897485,-0.362944,0.000883,-0.390220,0.873271,0.016601,0.037133,0.311749,0.888109,0.616910,-0.014449,-0.312014,0.827742,-0.022305,0.071346,-0.319898,0.012739,0.122228,-0.189998,0.072654,0.066185,-0.308589,0.027832,0.086827,-0.392628,-0.424484,0.008332,0.351796,0.559036,-0.010643,0.430656,0.145569,0.035241,0.322772,-0.363020,0.000811,-0.389819,0.016304,0.037430,0.311652,0.616541,-0.014404,-0.311641
767,7.670000,0.002827,0.373602,-0.002057,-0.927582,0.025239,0.086221,-0.302777,0.001050,-0.020376,0.070354,-0.319267,0.810692,0.015416,0.121627,-0.191134,0.716212,0.075750,0.066408,-0.308830,0.822862,0.030165,0.086494,-0.391877,0.757848,0.001461,0.036041,0.000474,-0.999349,0.091550,0.009399,0.119275,0.000655,-0.424844,0.008427,0.352415,0.823887,0.558147,-0.010147,0.430578,0.666935,0.145723,0.034939,0.323022,0.888224,-0.363036,0.000602,-0.390187,0.873830,0.016489,0.037106,0.311781,0.886407,0.616820,-0.014530,-0.311957,0.887040,-0.019773,0.069904,-0.319349,0.015451,0.122132,-0.190118,0.075100,0.066130,-0.308769,0.030182,0.086809,-0.392793,-0.424500,0.008328,0.351808,0.559169,-0.010837,0.431083,0.145496,0.035214,0.322752,-0.363419,0.000471,-0.389885,0.016231,0.037449,0.311634,0.616549,-0.014382,-0.311627
768,7.680000,0.004041,0.373486,0.002768,-0.927623,0.027855,0.086484,-0.303032,0.001050,-0.017917,0.071090,-0.319533,0.810692,0.018405,0.121834,-0.191339,0.716212,0.078167,0.066182,-0.309122,0.822862,0.032766,0.086829,-0.392132,0.757848,0.001369,0.036124,0.000347,-0.999346,0.091536,0.009457,0.119333,0.000671,-0.424896,0.008309,0.352387,0.823887,0.558087,-0.010022,0.430709,0.666935,0.145669,0.034975,0.323093,0.888224,-0.362963,0.000630,-0.390205,0.873830,0.016436,0.037110,0.311831,0.886407,0.616884,-0.014260,-0.311816,0.887040,-0.017088,0.071034,-0.319869,0.018334,0.122115,-0.190132,0.077686,0.066104,-0.309030,0.032509,0.086731,-0.392890,-0.424498,0.008323,0.351809,0.559089,-0.010803,0.431247,0.145447,0.035214,0.322729,-0.363466,0.000435,-0.389960,0.016248,0.037408,0.311681,0.616638,-0.014025,-0.311379
769,7.690000,0.003258,0.371263,-0.002917,-0.928517,0.030526,0.086106,-0.303110,0.001104,-0.015152,0.070159,-0.319346,0.801544,0.021221,0.121662,-0.191470,0.690727,0.081030,0.066348,-0.309389,0.806121,0.035003,0.086257,-0.392234,0.754396,0.001374,0.036157,0.000362,-0.999345,0.091495,0.009461,0.119313,0.000597,-0.424953,0.008331,0.352333,0.822743,0.558024,-0.010029,0.430720,0.734715,0.145615,0.034980,0.323077,0.870195,-0.362971,0.000644,-0.390255,0.856934,0.016383,0.037118,0.311806,0.913100,0.616870,-0.014275,-0.311802,0.866762,-0.014553,0.069647,-0.319444,0.021305,0.122241,-0.190380,0.080312,0.066060,-0.309337,0.035058,0.086610,-0.393149,-0.424488,0.008344,0.351797,0.558765,-0.010635,0.431179,0.145379,0.035216,0.322679,-0.363451,0.000419,-0.390040,0.016207,0.037398,0.311696,0.616637,-0.014039,-0.311384
770,7.700000,0.004553,0.371611,0.003368,-0.928371,0.033117,0.086397,-0.303473,0.000933,-0.012745,0.071065,-0.319782,0.801544,0.024172,0.121816,-0.191761,0.690727,0.083374,0.066017,-0.309757,0.806121,0.037669,0.086693,-0.392593,0.754396,0.001451,0.036158,0.000479,-0.999345,0.091441,0.009390,0.119281,0.000546,-0.425007,0.008417,0.352300,0.822743,0.557966,-0.010166,0.430692,0.734715,0.145567,0.034926,0.323042,0.870195,-0.363025,0.000607,-0.390287,0.856934,0.016336,0.037093,0.311770,0.913100,0.616812,-0.014534,-0.311828,0.866762,-0.012169,0.070996,-0.320079,0.024185,0.122059,-0.190602,0.082938,0.066002,-0.309659,0.037518,0.086571,-0.393368,-0.424490,0.008355,0.351796,0.558580,-0.010676,0.431289,0.145303,0.035186,0.322699,-0.363394,0.000436,-0.390125,0.016162,0.037370,0.311728,0.616538,-0.014372,-0.311649
771,7.710000,0.004578,0.370560,0.002937,-0.928792,0.035772,0.086280,-0.303723,0.000985,-0.010115,0.070906,-0.319922,0.826256,0.027052,0.121731,-0.192003,0.696229,0.086030,0.065936,-0.310113,0.900020,0.040121,0.086547,-0.392853,0.790320,0.001321,0.036282,0.000574,-0.999341,0.091481,0.009440,0.119268,0.000537,-0.425025,0.008497,0.352158,0.835917,0.557924,-0.010284,0.430790,0.793288,0.145560,0.034911,0.323049,0.853028,-0.362860,0.000875,-0.390416,0.952979,0.016332,0.037105,0.311745,0.922779,0.616955,-0.014464,-0.311717,0.893087,-0.009495,0.070817,-0.320224,0.027020,0.122031,-0.190826,0.085661,0.065839,-0.309993,0.039894,0.086483,-0.393658,-0.424497,0.008361,0.351793,0.558421,-0.010668,0.431328,0.145218,0.035212,0.322678,-0.362929,0.000767,-0.390278,0.016139,0.037346,0.311753,0.616540,-0.014381,-0.311658
772,7.720000,0.004981,0.369953,0.002187,-0.929035,0.038458,0.086166,-0.304046,0.000996,-0.007433,0.070721,-0.320165,0.826256,0.029847,0.121752,-0.192360,0.696229,0.088729,0.065868,-0.310476,0.900020,0.042690,0.086322,-0.393182,0.790320,0.001152,0.036378,0.000516,-0.999337,0.091461,0.009492,0.119309,0.000522,-0.425090,0.008406,0.352100,0.835917,0.557847,-0.010276,0.430914,0.793288,0.145498,0.034902,0.323109,0.853028,-0.362781,0.001038,-0.390465,0.952979,0.016272,0.037083,0.311781,0.922779,0.617021,-0.014201,-0.311583,0.893087,-0.006741,0.070679,-0.320450,0.029823,0.122000,-0.191199,0.088301,0.065818,-0.310325,0.042431,0.086199,-0.394070,-0.424489,0.008348,0.351807,0.558243,-0.010735,0.431318,0.145123,0.035179,0.322700,-0.362868,0.000845,-0.390354,0.016124,0.037347,0.311775,0.616634,-0.014032,-0.311391
773,7.730000,0.005079,0.369283,0.002947,-0.929298,0.041245,0.085999,-0.304372,0.000901,-0.004692,0.070628,-0.320431,0.821743,0.032847,0.121555,-0.192661,0.731413,0.091477,0.065629,-0.310882,0.879518,0.045350,0.086183,-0.393514,0.781130,0.002005,0.036018,0.000071,-0.999349,0.091199,0.009120,0.119417,0.000622,-0.425182,0.008012,0.352583,0.725165,0.557826,-0.009721,0.430718,0.695148,0.145362,0.034929,0.323133,0.848741,-0.363404,-0.000594,-0.390013,0.740583,0.016126,0.036984,0.311895,0.919690,0.616467,-0.014887,-0.311813,0.868594,-0.004017,0.070606,-0.320662,0.032823,0.121756,-0.191606,0.091009,0.065616,-0.310771,0.045159,0.086034,-0.394356,-0.424495,0.008355,0.351797,0.558085,-0.010773,0.431280,0.145030,0.035203,0.322708,-0.363989,-0.001174,-0.389382,0.016103,0.037299,0.311837,0.616528,-0.014384,-0.311673
774,7.740000,0.005436,0.368647,0.002681,-0.929550,0.043979,0.085913,-0.304761,0.001014,-0.001977,0.070518,-0.320744,0.821743,0.035725,0.121562,-0.193069,0.731413,0.094206,0.065549,-0.311323,0.879518,0.047960,0.086022,-0.393909,0.781130,0.001096,0.036457,0.000531,-0.999335,0.091387,0.009505,0.119288,0.000497,-0.425201,0.008405,0.351997,0.725165,0.557723,-0.010310,0.430964,0.695148,0.145392,0.034890,0.323099,0.848741,-0.362776,0.001120,-0.390558,0.740583,0.016168,0.037076,0.311751,0.919690,0.617014,-0.014153,-0.311524,0.868594,-0.001302,0.070425,-0.321079,0.035744,0.121849,-0.191864,0.093737,0.065492,-0.311177,0.047734,0.085935,-0.394721,-0.424491,0.008341,0.351802,0.557837,-0.010730,0.431180,0.144923,0.035195,0.322739,-0.362629,0.000945,-0.390438,0.016054,0.037290,0.311863,0.616626,-0.014013,-0.311416
775,7.750000,0.005434,0.367892,0.002281,-0.929850,0.046676,0.085819,-0.305150,0.000975,0.000705,0.070386,-0.321054,0.810101,0.038578,0.121495,-0.193455,0.690447,0.096907,0.065491,-0.311788,0.876398,0.050512,0.085906,-0.394305,0.788191,0.001213,0.036443,0.000611,-0.999335,0.091315,0.009463,0.119248,0.000518,-0.425266,0.008503,0.351972,0.815247,0.557656,-0.010360,0.430916,0.878655,0.145331,0.034885,0.323052,0.833589,-0.362863,0.001039,-0.390583,0.935580,0.016106,0.037091,0.311707,0.933430,0.616926,-0.014382,-0.311573,0.893592,0.001377,0.070327,-0.321354,0.038576,0.121747,-0.192299,0.096449,0.065451,-0.311659,0.050294,0.085790,-0.395124,-0.424492,0.008359,0.351802,0.557568,-0.010619,0.431058,0.144801,0.035177,0.322783,-0.362521,0.000982,-0.390449,0.016027,0.037243,0.311924,0.616510,-0.014365,-0.311628
776,7.760000,0.005378,0.367429,0.002350,-0.930033,0.049169,0.085809,-0.305487,0.001011,0.003182,0.070383,-0.321347,0.813478,0.041186,0.121467,-0.193778,0.689031,0.099392,0.065477,-0.312178,0.893832,0.052917,0.085910,-0.394645,0.788240,0.001081,0.036514,0.000534,-0.999332,0.091307,0.009516,0.119273,0.000578,-0.425308,0.008413,0.351922,0.795610,0.557607,-0.010311,0.431003,0.894472,0.145289,0.034895,0.323091,0.822201,-0.362796,0.001150,-0.390626,0.888805,0.016066,0.037082,0.311729,0.930387,0.616984,-0.014131,-0.311479,0.902961,0.003864,0.070331,-0.321645,0.041140,0.121750,-0.192567,0.098987,0.065399,-0.312078,0.052673,0.085807,-0.395449,-0.424501,0.008349,0.351804,0.557428,-0.010688,0.430940,0.144712,0.035196,0.322805,-0.362422,0.000991,-0.390447,0.016008,0.037266,0.311930,0.616623,-0.014016,-0.311392
777,7.770000,0.005463,0.366972,0.002442,-0.930213,0.051777,0.085708,-0.305839,0.000960,0.005770,0.070292,-0.321653,0.813478,0.043911,0.121378,-0.194125,0.689031,0.101988,0.065364,-0.312577,0.893832,0.055437,0.085800,-0.395000,0.788240,0.001058,0.036502,0.000545,-0.999333,0.091304,0.009500,0.119269,0.000622,-0.425305,0.008396,0.351931,0.795610,0.557611,-0.010351,0.430986,0.894472,0.145292,0.034869,0.323087,0.822201,-0.362812,0.001166,-0.390619,0.888805,0.016068,0.037059,0.311727,0.930387,0.616970,-0.014137,-0.311497,0.902961,0.006396,0.070202,-0.321941,0.043893,0.121667,-0.192980,0.101585,0.065280,-0.312466,0.055228,0.085730,-0.395794,-0.424504,0.008358,0.351806,0.557442,-0.010752,0.430757,0.144617,0.035193,0.322868,-0.362339,0.000985,-0.390406,0.015979,0.037226,0.311988,0.616634,-0.014009,-0.311398
778,7.780000,0.005081,0.365958,0.002026,-0.930615,0.054438,0.085598,-0.306094,0.001003,0.008413,0.070140,-0.321814,0.817042,0.046780,0.121214,-0.194348,0.689971,0.104656,0.065309,-0.312951,0.868220,0.057903,0.085731,-0.395263,0.784563,0.001055,0.036472,0.000552,-0.999334,0.091317,0.009491,0.119250,0.000684,-0.425278,0.008392,0.351943,0.798361,0.557643,-0.010368,0.430939,0.860101,0.145318,0.034858,0.323065,0.782054,-0.362829,0.001167,-0.390611,0.842566,0.016094,0.037050,0.311713,0.919508,0.616957,-0.014150,-0.311548,0.904842,0.009069,0.069999,-0.322105,0.046813,0.121532,-0.193150,0.104152,0.065232,-0.312818,0.057719,0.085688,-0.396104,-0.424488,0.008356,0.351784,0.557499,-0.010785,0.430595,0.144534,0.035202,0.322899,-0.362296,0.000974,-0.390337,0.016007,0.037231,0.311965,0.616627,-0.014019,-0.311411
779,7.790000,0.005384,0.365350,0.001869,-0.930853,0.056963,0.085613,-0.306382,0.001025,0.010918,0.070141,-0.322031,0.817042,0.049449,0.121303,-0.194651,0.689971,0.107174,0.065322,-0.313291,0.868220,0.060312,0.085685,-0.395556,0.784563,0.001071,0.036441,0.000560,-0.999335,0.091321,0.009481,0.119236,0.000727,-0.425260,0.008399,0.351960,0.798361,0.557665,-0.010377,0.430896,0.860101,0.145334,0.034853,0.323046,0.782054,-0.362858,0.001149,-0.390597,0.842566,0.016109,0.037047,0.311702,0.919508,0.616933,-0.014184,-0.311594,0.904842,0.011554,0.069990,-0.322348,0.049466,0.121666,-0.193387,0.106698,0.065222,-0.313216,0.060137,0.085651,-0.396306,-0.424486,0.008360,0.351785,0.557617,-0.010830,0.430445,0.144464,0.035188,0.322969,-0.362266,0.000934,-0.390290,0.015938,0.037296,0.311918,0.616607,-0.014041,-0.311419
780,7.800000,0.005291,0.364304,0.001512,-0.931264,0.059477,0.085545,-0.306560,0.001009,0.013409,0.070039,-0.322105,0.811055,0.052189,0.121239,-0.194815,0.687262,0.109687,0.065290,-0.313581,0.883072,0.062625,0.085613,-0.395742,0.806552,0.001302,0.036284,0.000563,-0.999341,0.091267,0.009366,0.119186,0.000733,-0.425241,0.008402,0.352073,0.796730,0.557709,-0.010358,0.430709,0.830436,0.145345,0.034830,0.322968,0.738234,-0.363072,0.000808,-0.390500,0.840866,0.016116,0.037022,0.311664,0.895743,0.616743,-0.014510,-0.311798,0.926698,0.014075,0.069937,-0.322447,0.052192,0.121552,-0.193604,0.109237,0.065208,-0.313483,0.062406,0.085541,-0.396480,-0.424483,0.008340,0.351785,0.557728,-0.010862,0.430256,0.144384,0.035246,0.323005,-0.362583,0.000572,-0.390168,0.015938,0.037309,0.311908,0.616522,-0.014368,-0.311669
781,7.810000,0.004085,0.361811,-0.004016,-0.932234,0.061960,0.085166,-0.306597,0.001089,0.015984,0.069119,-0.321864,0.811055,0.054876,0.120977,-0.194876,0.687262,0.112354,0.065459,-0.313853,0.883072,0.064626,0.085109,-0.395794,0.806552,0.001336,0.036250,0.000546,-0.999342,0.091287,0.009366,0.119178,0.000771,-0.425205,0.008404,0.352101,0.796730,0.557751,-0.010322,0.430671,0.830436,0.145378,0.034847,0.322954,0.738234,-0.363086,0.000760,-0.390477,0.840866,0.016149,0.037034,0.311659,0.895743,0.616735,-0.014524,-0.311840,0.926698,0.016615,0.068660,-0.321983,0.054954,0.121522,-0.193792,0.111667,0.065184,-0.313778,0.064617,0.085413,-0.396710,-0.424482,0.008350,0.351790,0.557862,-0.010817,0.430100,0.144336,0.035246,0.323068,-0.362580,0.000523,-0.390136,0.015918,0.037334,0.311902,0.616527,-0.014385,-0.311640
782,7.820000,0.005274,0.361671,0.001486,-0.932290,0.064402,0.085419,-0.306864,0.001006,0.018247,0.069911,-0.322148,0.803625,0.057744,0.121109,-0.195078,0.688428,0.114572,0.065165,-0.314168,0.866366,0.067046,0.085489,-0.396061,0.802679,0.001258,0.036308,0.000414,-0.999340,0.091320,0.009437,0.119238,0.000808,-0.425197,0.008300,0.352101,0.807724,0.557754,-0.010172,0.430781,0.735144,0.145381,0.034902,0.323024,0.709626,-0.362992,0.000782,-0.390470,0.838715,0.016153,0.037055,0.311714,0.889623,0.616824,-0.014248,-0.311724,0.887688,0.018971,0.069779,-0.322423,0.057728,0.121450,-0.193880,0.114053,0.065054,-0.314104,0.066854,0.085455,-0.396826,-0.424495,0.008345,0.351792,0.558012,-0.010826,0.429989,0.144286,0.035272,0.323141,-0.362545,0.000499,-0.390101,0.015889,0.037346,0.311916,0.616637,-0.014031,-0.311378
783,7.830000,0.005280,0.359770,0.001856,-0.933024,0.066715,0.085445,-0.306997,0.001042,0.020487,0.069974,-0.322097,0.803625,0.060538,0.121109,-0.195176,0.688428,0.116840,0.065158,-0.314511,0.866366,0.068996,0.085538,-0.396205,0.802679,0.001306,0.036282,0.000382,-0.999341,0.091340,0.009453,0.119246,0.000858,-0.425166,0.008308,0.352136,0.807724,0.557791,-0.010097,0.430767,0.735144,0.145410,0.034941,0.323027,0.709626,-0.362998,0.000721,-0.390437,0.838715,0.016181,0.037086,0.311724,0.889623,0.616823,-0.014243,-0.311740,0.887688,0.021201,0.069861,-0.322387,0.060491,0.121470,-0.193918,0.116393,0.065023,-0.314454,0.068767,0.085501,-0.396963,-0.424476,0.008352,0.351807,0.558155,-0.010776,0.429914,0.144256,0.035288,0.323199,-0.362527,0.000456,-0.390015,0.015858,0.037391,0.311867,0.616624,-0.014034,-0.311388
784,7.840000,0.004806,0.357685,0.001849,-0.933828,0.069129,0.085397,-0.307019,0.000988,0.022839,0.069925,-0.321926,0.820726,0.063439,0.120959,-0.195139,0.688277,0.119226,0.065134,-0.314775,0.879135,0.071011,0.085571,-0.396235,0.799737,0.001356,0.036239,0.000527,-0.999342,0.091434,0.009427,0.119182,0.000915,-0.425052,0.008454,0.352116,0.833543,0.557906,-0.010232,0.430666,0.736250,0.145529,0.034917,0.322956,0.656594,-0.362950,0.000783,-0.390462,0.782989,0.016299,0.037099,0.311664,0.852817,0.616874,-0.014461,-0.311846,0.896973,0.023493,0.069790,-0.322186,0.063429,0.121303,-0.193940,0.118762,0.065017,-0.314711,0.070829,0.085543,-0.397015,-0.424484,0.008355,0.351784,0.558435,-0.010727,0.429899,0.144250,0.035339,0.323230,-0.362197,0.000619,-0.390062,0.015849,0.037413,0.311876,0.616525,-0.014395,-0.311637
785,7.850000,0.005003,0.356100,0.002400,-0.934431,0.071435,0.085411,-0.307094,0.000964,0.025077,0.069993,-0.321845,0.820726,0.066166,0.120975,-0.195194,0.688277,0.121482,0.065088,-0.315020,0.879135,0.073015,0.085586,-0.396316,0.799737,0.001291,0.036319,0.000383,-0.999339,0.091436,0.009502,0.119275,0.000931,-0.425087,0.008350,0.352127,0.833543,0.557863,-0.010058,0.430831,0.736250,0.145490,0.034984,0.323061,0.656594,-0.362864,0.000786,-0.390443,0.782989,0.016262,0.037129,0.311748,0.852817,0.616951,-0.014181,-0.311672,0.896973,0.025766,0.069961,-0.322119,0.066185,0.121199,-0.194019,0.120966,0.065085,-0.314928,0.072822,0.085430,-0.397133,-0.424488,0.008348,0.351790,0.558493,-0.010665,0.429954,0.144232,0.035329,0.323280,-0.362213,0.000590,-0.389978,0.015812,0.037414,0.311877,0.616623,-0.014042,-0.311376
786,7.860000,0.005139,0.354569,0.002263,-0.935013,0.073659,0.085369,-0.307062,0.001018,0.027255,0.069940,-0.321655,0.812192,0.068752,0.120971,-0.195157,0.681035,0.123683,0.065052,-0.315145,0.883662,0.074947,0.085515,-0.396289,0.791997,0.001287,0.036305,0.000373,-0.999340,0.091430,0.009523,0.119319,0.000940,-0.425086,0.008360,0.352185,0.826395,0.557867,-0.010030,0.430861,0.688353,0.145490,0.035005,0.323103,0.669926,-0.362884,0.000801,-0.390386,0.799586,0.016261,0.037147,0.311794,0.857794,0.616933,-0.014147,-0.311643,0.893669,0.027944,0.069872,-0.321948,0.068740,0.121268,-0.193916,0.123232,0.064974,-0.315064,0.074716,0.085422,-0.397083,-0.424509,0.008356,0.351799,0.558587,-0.010658,0.430061,0.144238,0.035347,0.323347,-0.362297,0.000608,-0.389875,0.015782,0.037446,0.311861,0.616639,-0.014003,-0.311372
787,7.870000,0.005308,0.353610,0.002871,-0.935374,0.075915,0.085302,-0.306977,0.000990,0.029462,0.069934,-0.321478,0.812192,0.071282,0.120896,-0.195058,0.681035,0.125897,0.064923,-0.315165,0.883662,0.077021,0.085457,-0.396206,0.791997,0.001275,0.036285,0.000383,-0.999341,0.091430,0.009550,0.119355,0.000968,-0.425077,0.008391,0.352243,0.826395,0.557879,-0.010019,0.430878,0.688353,0.145498,0.035026,0.323138,0.669926,-0.362906,0.000850,-0.390331,0.799586,0.016269,0.037171,0.311834,0.857794,0.616915,-0.014118,-0.311629,0.893669,0.030118,0.069839,-0.321678,0.071239,0.121209,-0.193874,0.125451,0.064814,-0.315134,0.076843,0.085401,-0.397025,-0.424500,0.008358,0.351811,0.558789,-0.010633,0.430161,0.144237,0.035385,0.323368,-0.362404,0.000699,-0.389801,0.015723,0.037453,0.311868,0.616643,-0.014010,-0.311374
788,7.880000,0.005590,0.352294,0.003763,-0.935865,0.078228,0.085286,-0.306875,0.000994,0.031705,0.070006,-0.321248,0.819714,0.073975,0.120875,-0.194940,0.678131,0.128148,0.064813,-0.315206,0.877803,0.079084,0.085449,-0.396108,0.806752,0.001259,0.036268,0.000400,-0.999341,0.091427,0.009570,0.119390,0.000978,-0.425072,0.008420,0.352295,0.812238,0.557886,-0.010025,0.430897,0.676900,0.145504,0.035037,0.323172,0.664622,-0.362926,0.000902,-0.390281,0.815221,0.016274,0.037187,0.311873,0.840682,0.616897,-0.014101,-0.311613,0.909577,0.032373,0.069922,-0.321508,0.073960,0.121185,-0.193690,0.127665,0.064739,-0.315193,0.078911,0.085360,-0.396856,-0.424507,0.008368,0.351803,0.558875,-0.010629,0.430325,0.144231,0.035379,0.323423,-0.362462,0.000757,-0.389724,0.015720,0.037501,0.311861,0.616619,-0.014001,-0.311405
789,7.890000,0.004197,0.350143,-0.000231,-0.936687,0.080450,0.085140,-0.306615,0.001039,0.033991,0.069465,-0.320769,0.819714,0.076416,0.120714,-0.194667,0.678131,0.130501,0.065087,-0.315174,0.877803,0.080890,0.085292,-0.395851,0.806752,0.001239,0.036268,0.000419,-0.999341,0.091427,0.009583,0.119415,0.000989,-0.425073,0.008442,0.352320,0.812238,0.557885,-0.010040,0.430921,0.676900,0.145504,0.035040,0.323198,0.664622,-0.362927,0.000952,-0.390257,0.815221,0.016275,0.037195,0.311899,0.840682,0.616896,-0.014089,-0.311589,0.909577,0.034746,0.069158,-0.321017,0.076503,0.121142,-0.193533,0.129832,0.064920,-0.315040,0.080744,0.085410,-0.396707,-0.424495,0.008362,0.351796,0.558959,-0.010639,0.430465,0.144215,0.035355,0.323483,-0.362515,0.000826,-0.389688,0.015695,0.037548,0.311824,0.616626,-0.014005,-0.311418
790,7.900000,0.004907,0.349975,0.002773,-0.936742,0.082521,0.085259,-0.306460,0.000957,0.035963,0.069881,-0.320610,0.818265,0.078741,0.120771,-0.194483,0.709512,0.132446,0.064907,-0.315051,0.883345,0.082933,0.085478,-0.395695,0.801210,0.001221,0.036267,0.000440,-0.999341,0.091407,0.009598,0.119453,0.000984,-0.425092,0.008469,0.352359,0.793199,0.557864,-0.010057,0.430957,0.670765,0.145485,0.035045,0.323237,0.661284,-0.362948,0.001004,-0.390218,0.831014,0.016256,0.037206,0.311938,0.828241,0.616874,-0.014081,-0.311552,0.919616,0.036593,0.069792,-0.320962,0.078795,0.121042,-0.193354,0.132007,0.064851,-0.314904,0.082696,0.085394,-0.396450,-0.424499,0.008358,0.351793,0.558998,-0.010639,0.430623,0.144198,0.035361,0.323517,-0.362583,0.000897,-0.389660,0.015682,0.037572,0.311847,0.616592,-0.014016,-0.311412
791,7.910000,0.004763,0.349378,0.002645,-0.936966,0.084677,0.085206,-0.306148,0.000931,0.038106,0.069814,-0.320242,0.818265,0.081028,0.120695,-0.194160,0.709512,0.134598,0.064872,-0.314807,0.883345,0.084975,0.085441,-0.395384,0.801210,0.001128,0.036247,0.000474,-0.999342,0.091439,0.009536,0.119530,0.000946,-0.425051,0.008394,0.352456,0.793199,0.557908,-0.010207,0.431012,0.670765,0.145527,0.034941,0.323317,0.661284,-0.362936,0.001067,-0.390125,0.831014,0.016298,0.037112,0.312023,0.828241,0.616888,-0.014093,-0.311501,0.919616,0.038697,0.069698,-0.320492,0.081074,0.120970,-0.193060,0.134121,0.064814,-0.314711,0.084820,0.085377,-0.396182,-0.424505,0.008363,0.351802,0.558988,-0.010680,0.430786,0.144191,0.035321,0.323605,-0.362667,0.000938,-0.389656,0.015856,0.037305,0.312054,0.616617,-0.014015,-0.311386
792,7.920000,0.004862,0.348599,0.002406,-0.937256,0.086859,0.085132,-0.305842,0.000939,0.040271,0.069719,-0.319854,0.803390,0.083384,0.120659,-0.193861,0.722911,0.136773,0.064814,-0.314577,0.869777,0.087009,0.085337,-0.395079,0.800973,0.001079,0.036273,0.000486,-0.999341,0.091401,0.009487,0.119640,0.000976,-0.425101,0.008333,0.352539,0.766013,0.557853,-0.010296,0.431144,0.654335,0.145479,0.034870,0.323432,0.650320,-0.362948,0.001077,-0.390040,0.895928,0.016250,0.037045,0.312132,0.878338,0.616871,-0.014110,-0.311366,0.925094,0.040997,0.069626,-0.320141,0.083394,0.120935,-0.192787,0.136272,0.064727,-0.314467,0.086775,0.085276,-0.395837,-0.424521,0.008347,0.351805,0.559126,-0.010835,0.431101,0.144181,0.035327,0.323685,-0.362770,0.000946,-0.389687,0.015817,0.037144,0.312332,0.616585,-0.014025,-0.311383
793,7.930000,0.004294,0.347723,0.000111,-0.937588,0.089041,0.084926,-0.305483,0.001076,0.042499,0.069286,-0.319397,0.803390,0.085611,0.120496,-0.193513,0.722911,0.139034,0.064837,-0.314301,0.869777,0.089021,0.085084,-0.394719,0.800973,0.001120,0.036291,0.000479,-0.999341,0.091380,0.009484,0.119665,0.000933,-0.425130,0.008344,0.352545,0.766013,0.557821,-0.010267,0.431187,0.654335,0.145450,0.034886,0.323456,0.650320,-0.362951,0.001026,-0.390031,0.895928,0.016222,0.037058,0.312151,0.878338,0.616866,-0.014143,-0.311321,0.925094,0.043336,0.068947,-0.319706,0.085669,0.120978,-0.192334,0.138424,0.064620,-0.314144,0.088793,0.085238,-0.395563,-0.424498,0.008345,0.351797,0.559035,-0.010819,0.431234,0.144192,0.035305,0.323758,-0.362864,0.000883,-0.389757,0.015835,0.037213,0.312330,0.616600,-0.014047,-0.311349
794,7.940000,0.004807,0.348480,0.002814,-0.937300,0.090836,0.085055,-0.305149,0.000989,0.044233,0.069681,-0.319155,0.835122,0.087414,0.120541,-0.193152,0.688037,0.140733,0.064704,-0.313904,0.881070,0.090964,0.085294,-0.394385,0.796565,0.001261,0.036304,0.000472,-0.999340,0.091300,0.009586,0.119589,0.000872,-0.425216,0.008510,0.352456,0.755651,0.557734,-0.010075,0.431129,0.699492,0.145365,0.035046,0.323375,0.678939,-0.363017,0.000983,-0.390115,0.914351,0.016137,0.037214,0.312066,0.839623,0.616798,-0.014159,-0.311376,0.942934,0.044784,0.069515,-0.319477,0.087509,0.120877,-0.191954,0.140285,0.064621,-0.313767,0.090783,0.085270,-0.395178,-0.424506,0.008367,0.351800,0.558774,-0.010678,0.431132,0.144187,0.035322,0.323804,-0.362962,0.000837,-0.389811,0.015703,0.037680,0.311990,0.616593,-0.014066,-0.311342
795,7.950000,0.004357,0.347130,-0.001534,-0.937806,0.092880,0.084719,-0.304481,0.001104,0.046367,0.068920,-0.318316,0.835122,0.089484,0.120419,-0.192552,0.688037,0.142921,0.064771,-0.313338,0.881070,0.092745,0.084764,-0.393717,0.796565,0.001351,0.036237,0.000371,-0.999342,0.091268,0.009510,0.119606,0.000789,-0.425217,0.008376,0.352543,0.755651,0.557747,-0.010002,0.431087,0.699492,0.145355,0.035018,0.323380,0.678939,-0.363116,0.000722,-0.390036,0.914351,0.016125,0.037159,0.312088,0.839623,0.616712,-0.014215,-0.311425,0.942934,0.047199,0.068412,-0.318293,0.089458,0.120938,-0.191588,0.142222,0.064427,-0.313312,0.092687,0.085176,-0.394739,-0.424504,0.008366,0.351808,0.558671,-0.010623,0.431194,0.144196,0.035305,0.323862,-0.363366,0.000493,-0.389856,0.015943,0.037527,0.312011,0.616619,-0.014036,-0.311339
796,7.960000,0.003835,0.347356,-0.001851,-0.937724,0.094763,0.084658,-0.304028,0.001048,0.048273,0.068826,-0.317898,0.785305,0.091280,0.120270,-0.192074,0.734194,0.144828,0.064765,-0.312877,0.812301,0.094671,0.084771,-0.393265,0.746485,0.001290,0.036235,0.000365,-0.999343,0.091218,0.009434,0.119696,0.000778,-0.425266,0.008264,0.352635,0.720993,0.557699,-0.010109,0.431173,0.751539,0.145306,0.034918,0.323473,0.689189,-0.363168,0.000701,-0.389945,0.905729,0.016076,0.037058,0.312182,0.907473,0.616661,-0.014230,-0.311340,0.951450,0.049034,0.068430,-0.317858,0.091248,0.120732,-0.191117,0.144139,0.064467,-0.312886,0.094644,0.085071,-0.394233,-0.424505,0.008348,0.351823,0.558523,-0.010655,0.431274,0.144207,0.035296,0.323914,-0.363439,0.000440,-0.389918,0.015884,0.037256,0.312429,0.616602,-0.014047,-0.311363
797,7.970000,0.004313,0.347717,-0.000445,-0.937590,0.096505,0.084722,-0.303540,0.001142,0.049979,0.069029,-0.317448,0.785305,0.093041,0.120336,-0.191585,0.734194,0.146518,0.064681,-0.312351,0.812301,0.096484,0.084842,-0.392777,0.746485,0.001303,0.036226,0.000366,-0.999343,0.091202,0.009423,0.119710,0.000787,-0.425278,0.008260,0.352659,0.720993,0.557688,-0.010113,0.431179,0.751539,0.145294,0.034912,0.323485,0.689189,-0.363194,0.000678,-0.389922,0.905729,0.016064,0.037053,0.312196,0.907473,0.616637,-0.014253,-0.311335,0.951450,0.050789,0.068615,-0.317472,0.093036,0.120844,-0.190482,0.145796,0.064408,-0.312331,0.096431,0.085119,-0.393793,-0.424507,0.008350,0.351811,0.558480,-0.010673,0.431318,0.144229,0.035315,0.323965,-0.363528,0.000403,-0.389958,0.015923,0.037248,0.312488,0.616593,-0.014062,-0.311387
798,7.980000,0.003733,0.347694,-0.000720,-0.937600,0.098152,0.084719,-0.303054,0.001044,0.051639,0.068995,-0.316973,0.747614,0.094660,0.120229,-0.191067,0.713338,0.148183,0.064732,-0.311885,0.819943,0.098125,0.084919,-0.392290,0.767145,0.001270,0.036237,0.000364,-0.999342,0.091205,0.009423,0.119710,0.000788,-0.425279,0.008242,0.352647,0.713786,0.557685,-0.010131,0.431187,0.766551,0.145293,0.034899,0.323487,0.685603,-0.363179,0.000709,-0.389933,0.887750,0.016063,0.037039,0.312196,0.901151,0.616650,-0.014222,-0.311326,0.943193,0.052555,0.068626,-0.317183,0.094680,0.120677,-0.190012,0.147513,0.064503,-0.311754,0.097931,0.085114,-0.393180,-0.424492,0.008345,0.351822,0.558417,-0.010686,0.431354,0.144222,0.035342,0.323977,-0.363506,0.000417,-0.390028,0.015954,0.037211,0.312535,0.616587,-0.014024,-0.311418
799,7.990000,0.004630,0.347686,0.000643,-0.937600,0.099730,0.084755,-0.302417,0.001074,0.053168,0.069170,-0.316325,0.747614,0.096352,0.120359,-0.190457,0.713338,0.149697,0.064603,-0.311234,0.819943,0.099704,0.084890,-0.391654,0.767145,0.001258,0.036262,0.000390,-0.999341,0.091194,0.009418,0.119717,0.000769,-0.425302,0.008257,0.352628,0.713786,0.557657,-0.010167,0.431217,0.766551,0.145273,0.034886,0.323498,0.685603,-0.363165,0.000742,-0.389949,0.887750,0.016043,0.037034,0.312200,0.901151,0.616659,-0.014241,-0.311293,0.943193,0.053937,0.068789,-0.316465,0.096404,0.120852,-0.189333,0.148983,0.064376,-0.311180,0.099625,0.085090,-0.392532,-0.424499,0.008353,0.351807,0.558279,-0.010707,0.431375,0.144222,0.035310,0.324039,-0.363474,0.000428,-0.390047,0.015975,0.037243,0.312522,0.616592,-0.014032,-0.311411
800,8.000000,0.003851,0.347266,-0.000153,-0.937759,0.101041,0.084771,-0.301732,0.001021,0.054498,0.069103,-0.315611,0.751811,0.097692,0.120266,-0.189736,0.722869,0.151041,0.064728,-0.310612,0.829987,0.100934,0.084987,-0.390968,0.766310,0.001245,0.036286,0.000413,-0.999341,0.091196,0.009409,0.119709,0.000734,-0.425312,0.008266,0.352596,0.718316,0.557643,-0.010206,0.431232,0.810632,0.145265,0.034870,0.323494,0.681830,-0.363139,0.000767,-0.389979,0.888589,0.016037,0.037023,0.312190,0.894354,0.616680,-0.014263,-0.311276,0.935466,0.055425,0.068795,-0.315789,0.097672,0.120678,-0.188707,0.150411,0.064500,-0.310500,0.100717,0.085150,-0.391863,-0.424500,0.008353,0.351820,0.558154,-0.010761,0.431300,0.144237,0.035326,0.324090,-0.363401,0.000430,-0.390107,0.016000,0.037253,0.312543,0.616591,-0.014043,-0.311377
801,8.010000,0.003872,0.346939,0.000411,-0.937880,0.102291,0.084803,-0.300882,0.001047,0.055721,0.069191,-0.314735,0.794801,0.099058,0.120262,-0.188871,0.711124,0.152263,0.064710,-0.309804,0.818405,0.102122,0.085051,-0.390119,0.768593,0.001138,0.036384,0.000490,-0.999337,0.091268,0.009449,0.119674,0.000686,-0.425286,0.008329,0.352458,0.746189,0.557651,-0.010302,0.431284,0.839940,0.145301,0.034856,0.323475,0.666922,-0.362968,0.000984,-0.390105,0.917756,0.016075,0.037031,0.312146,0.884571,0.616834,-0.014205,-0.311213,0.924277,0.056448,0.068825,-0.314843,0.099097,0.120729,-0.187815,0.151580,0.064469,-0.309748,0.102046,0.085269,-0.391015,-0.424502,0.008357,0.351813,0.558075,-0.010781,0.431258,0.144240,0.035318,0.324135,-0.363010,0.000702,-0.390268,0.016016,0.037245,0.312551,0.616623,-0.014042,-0.311356
802,8.020000,0.003933,0.347084,0.000552,-0.937826,0.103467,0.084746,-0.300086,0.001096,0.056897,0.069148,-0.313953,0.794801,0.100210,0.120208,-0.188076,0.711124,0.153436,0.064638,-0.308992,0.818405,0.103326,0.084992,-0.389322,0.768593,0.001184,0.036418,0.000519,-0.999336,0.091242,0.009515,0.119632,0.000654,-0.425327,0.008448,0.352382,0.746189,0.557603,-0.010237,0.431275,0.839940,0.145263,0.034938,0.323434,0.666922,-0.362960,0.001033,-0.390177,0.917756,0.016038,0.037119,0.312096,0.884571,0.616835,-0.014210,-0.311217,0.924277,0.057732,0.068794,-0.314008,0.100175,0.120684,-0.186987,0.152771,0.064370,-0.308970,0.103213,0.085216,-0.390278,-0.424503,0.008356,0.351819,0.557996,-0.010781,0.431202,0.144256,0.035319,0.324172,-0.362942,0.000750,-0.390299,0.015901,0.037571,0.312323,0.616602,-0.014051,-0.311315
803,8.030000,0.004474,0.347003,0.000755,-0.937853,0.104557,0.084808,-0.299260,0.001104,0.057973,0.069233,-0.313105,0.788933,0.101345,0.120370,-0.187281,0.692534,0.154509,0.064654,-0.308157,0.817004,0.104400,0.084976,-0.388496,0.757019,0.001170,0.036413,0.000529,-0.999336,0.091280,0.009512,0.119600,0.000622,-0.425287,0.008447,0.352354,0.761885,0.557644,-0.010258,0.431238,0.852718,0.145304,0.034927,0.323402,0.656974,-0.362927,0.001053,-0.390205,0.928077,0.016078,0.037111,0.312066,0.892837,0.616869,-0.014211,-0.311255,0.923432,0.058743,0.068901,-0.313198,0.101367,0.120834,-0.186142,0.153811,0.064436,-0.308117,0.104318,0.085152,-0.389449,-0.424511,0.008361,0.351809,0.557937,-0.010763,0.431160,0.144259,0.035341,0.324190,-0.362907,0.000787,-0.390315,0.016093,0.037503,0.312241,0.616611,-0.014066,-0.311332
804,8.040000,0.004868,0.347153,0.001143,-0.937795,0.105506,0.084871,-0.298337,0.001013,0.058911,0.069335,-0.312191,0.788933,0.102294,0.120489,-0.186376,0.692534,0.155440,0.064663,-0.307209,0.817004,0.105378,0.084997,-0.387574,0.757019,0.001166,0.036419,0.000530,-0.999336,0.091276,0.009529,0.119590,0.000614,-0.425294,0.008464,0.352338,0.761885,0.557636,-0.010244,0.431233,0.852718,0.145297,0.034943,0.323393,0.656974,-0.362925,0.001076,-0.390221,0.928077,0.016072,0.037128,0.312055,0.892837,0.616870,-0.014191,-0.311259,0.923432,0.059787,0.069023,-0.312259,0.102277,0.120877,-0.185404,0.154750,0.064448,-0.307140,0.105247,0.085170,-0.388515,-0.424499,0.008364,0.351817,0.557871,-0.010715,0.431147,0.144262,0.035336,0.324185,-0.362877,0.000833,-0.390335,0.016112,0.037507,0.312221,0.616597,-0.014064,-0.311347
805,8.050000,0.004532,0.347656,0.001649,-0.937610,0.106366,0.084833,-0.297415,0.001153,0.059775,0.069345,-0.311334,0.741807,0.103059,0.120344,-0.185423,0.674248,0.156296,0.064598,-0.306252,0.820794,0.106335,0.085047,-0.386652,0.748736,0.002021,0.035998,0.000025,-0.999350,0.090962,0.009146,0.119819,0.000766,-0.425411,0.007998,0.353005,0.620123,0.557603,-0.009643,0.431103,0.719595,0.145131,0.034966,0.323532,0.712491,-0.363660,-0.000627,-0.389593,0.819164,0.015894,0.037009,0.312299,0.872956,0.616215,-0.014829,-0.311431,0.859195,0.060677,0.068900,-0.311570,0.103096,0.120892,-0.184242,0.155649,0.064327,-0.306107,0.106119,0.085310,-0.387597,-0.424518,0.008344,0.351825,0.557846,-0.010735,0.431177,0.144276,0.035349,0.324199,-0.364063,-0.001168,-0.389331,0.015896,0.037498,0.312438,0.616505,-0.014393,-0.311638
806,8.060000,0.004795,0.348206,0.001471,-0.937405,0.107024,0.084867,-0.296292,0.001028,0.060451,0.069363,-0.310256,0.741807,0.103580,0.120447,-0.184326,0.674248,0.156967,0.064635,-0.305059,0.820794,0.107097,0.085026,-0.385529,0.748736,0.001919,0.036060,-0.000109,-0.999348,0.090969,0.009203,0.119868,0.000745,-0.425431,0.007868,0.352990,0.620123,0.557577,-0.009518,0.431206,0.719595,0.145106,0.034998,0.323593,0.712491,-0.363587,-0.000596,-0.389601,0.819164,0.015870,0.037008,0.312344,0.872956,0.616282,-0.014544,-0.311322,0.859195,0.061154,0.068966,-0.310338,0.103604,0.120942,-0.183296,0.156294,0.064361,-0.305037,0.107048,0.085279,-0.386384,-0.424518,0.008355,0.351843,0.557849,-0.010726,0.431175,0.144282,0.035355,0.324185,-0.364096,-0.001189,-0.389354,0.015921,0.037456,0.312465,0.616594,-0.014060,-0.311383
807,8.070000,0.004658,0.349011,0.001134,-0.937106,0.107533,0.084872,-0.295081,0.001089,0.060996,0.069333,-0.309124,0.778444,0.103871,0.120447,-0.183120,0.718090,0.157506,0.064676,-0.303762,0.829826,0.107760,0.085032,-0.384317,0.733713,0.001117,0.036458,0.000534,-0.999335,0.091241,0.009539,0.119631,0.000651,-0.425347,0.008454,0.352339,0.759559,0.557577,-0.010267,0.431309,0.866062,0.145247,0.034933,0.323441,0.675246,-0.362920,0.001137,-0.390216,0.913876,0.016023,0.037119,0.312093,0.865693,0.616869,-0.014142,-0.311179,0.909267,0.061840,0.069069,-0.309174,0.103832,0.120837,-0.182063,0.156863,0.064462,-0.303698,0.107605,0.085181,-0.385360,-0.424531,0.008352,0.351840,0.557839,-0.010723,0.431208,0.144285,0.035372,0.324195,-0.362799,0.000904,-0.390440,0.015917,0.037455,0.312499,0.616594,-0.014041,-0.311393
808,8.080000,0.004003,0.349355,0.002048,-0.936980,0.108011,0.084963,-0.293861,0.001023,0.061464,0.069509,-0.307968,0.778444,0.104310,0.120334,-0.181837,0.718090,0.157965,0.064721,-0.302542,0.829826,0.108304,0.085289,-0.383097,0.733713,0.002030,0.036010,0.000029,-0.999349,0.090970,0.009124,0.119804,0.000778,-0.425408,0.007986,0.352977,0.759559,0.557603,-0.009663,0.431099,0.866062,0.145134,0.034948,0.323517,0.675246,-0.363640,-0.000655,-0.389619,0.913876,0.015897,0.036991,0.312281,0.865693,0.616233,-0.014864,-0.311434,0.909267,0.062457,0.069151,-0.308151,0.104271,0.120773,-0.180809,0.157323,0.064474,-0.302445,0.108087,0.085483,-0.383965,-0.424521,0.008351,0.351835,0.557846,-0.010740,0.431199,0.144264,0.035354,0.324185,-0.364024,-0.001203,-0.389433,0.015921,0.037444,0.312505,0.616481,-0.014426,-0.311681
809,8.090000,0.004298,0.350435,0.002290,-0.936574,0.108458,0.084916,-0.292337,0.000976,0.061935,0.069487,-0.306545,0.775351,0.104522,0.120333,-0.180335,0.745477,0.158419,0.064638,-0.300895,0.830214,0.108958,0.085207,-0.381572,0.769757,0.001097,0.036463,0.000545,-0.999334,0.091254,0.009536,0.119624,0.000661,-0.425337,0.008452,0.352326,0.753707,0.557585,-0.010292,0.431306,0.870252,0.145258,0.034920,0.323435,0.672688,-0.362902,0.001164,-0.390229,0.906350,0.016033,0.037110,0.312086,0.860142,0.616886,-0.014137,-0.311181,0.891914,0.062762,0.069144,-0.306625,0.104486,0.120752,-0.179408,0.157802,0.064362,-0.300828,0.108806,0.085442,-0.382449,-0.424508,0.008350,0.351803,0.557847,-0.010725,0.431192,0.144274,0.035334,0.324193,-0.362689,0.000941,-0.390441,0.015925,0.037440,0.312524,0.616530,-0.014044,-0.311409
810,8.100000,0.004904,0.351747,0.005409,-0.936066,0.108844,0.085100,-0.290937,0.001051,0.062265,0.069976,-0.305293,0.775351,0.104811,0.120425,-0.178910,0.745477,0.158701,0.064517,-0.299375,0.830214,0.109598,0.085479,-0.380170,0.769757,0.001082,0.036457,0.000553,-0.999335,0.091256,0.009533,0.119623,0.000659,-0.425332,0.008448,0.352332,0.753707,0.557591,-0.010311,0.431299,0.870252,0.145262,0.034910,0.323435,0.672688,-0.362907,0.001183,-0.390224,0.906350,0.016038,0.037102,0.312087,0.860142,0.616882,-0.014134,-0.311189,0.891914,0.062979,0.069754,-0.305485,0.104813,0.120819,-0.177767,0.158173,0.064332,-0.299273,0.109400,0.085565,-0.381079,-0.424500,0.008352,0.351802,0.557840,-0.010747,0.431169,0.144269,0.035332,0.324197,-0.362663,0.000955,-0.390418,0.015927,0.037427,0.312531,0.616513,-0.014038,-0.311417
811,8.110000,0.003820,0.351595,0.003646,-0.936137,0.109168,0.085016,-0.289228,0.000984,0.062646,0.069715,-0.303580,0.767494,0.105029,0.120236,-0.177171,0.745608,0.159105,0.064643,-0.297699,0.826814,0.109890,0.085469,-0.378460,0.766204,0.001198,0.036369,0.000662,-0.999338,0.091225,0.009473,0.119577,0.000726,-0.425322,0.008558,0.352377,0.739064,0.557611,-0.010407,0.431175,0.899741,0.145273,0.034884,0.323374,0.657162,-0.363029,0.001112,-0.390188,0.883295,0.016048,0.037102,0.312048,0.846502,0.616770,-0.014411,-0.311323,0.835406,0.063504,0.069364,-0.303651,0.104989,0.120651,-0.176243,0.158470,0.064373,-0.297634,0.109740,0.085708,-0.379352,-0.424479,0.008364,0.351793,0.557850,-0.010729,0.431185,0.144275,0.035331,0.324201,-0.362632,0.000978,-0.390395,0.015912,0.037390,0.312573,0.616274,-0.014410,-0.311756
812,8.120000,0.003306,0.352708,0.003723,-0.935720,0.109345,0.084983,-0.287672,0.001014,0.062861,0.069686,-0.302151,0.767494,0.104932,0.120090,-0.175591,0.745608,0.159307,0.064630,-0.296045,0.826814,0.110279,0.085526,-0.376903,0.766204,0.001216,0.036389,0.000662,-0.999337,0.091243,0.009489,0.119591,0.000736,-0.425314,0.008583,0.352369,0.739064,0.557616,-0.010381,0.431209,0.899741,0.145283,0.034907,0.323388,0.657162,-0.362990,0.001110,-0.390193,0.883295,0.016057,0.037125,0.312057,0.846502,0.616806,-0.014410,-0.311287,0.835406,0.063759,0.069308,-0.302400,0.104949,0.120553,-0.174512,0.158642,0.064406,-0.295942,0.110105,0.085708,-0.377700,-0.424471,0.008357,0.351768,0.557857,-0.010686,0.431282,0.144278,0.035345,0.324205,-0.362586,0.000996,-0.390378,0.015942,0.037427,0.312555,0.616293,-0.014426,-0.311760
813,8.130000,0.003668,0.353729,0.003710,-0.935333,0.109325,0.085106,-0.286090,0.001033,0.062869,0.069809,-0.300660,0.773816,0.104675,0.120292,-0.174043,0.732265,0.159300,0.064736,-0.294340,0.807102,0.110454,0.085586,-0.375318,0.754134,0.001078,0.036432,0.000556,-0.999335,0.091258,0.009533,0.119636,0.000680,-0.425318,0.008451,0.352370,0.749149,0.557609,-0.010317,0.431288,0.875742,0.145275,0.034909,0.323445,0.666105,-0.362929,0.001191,-0.390189,0.884629,0.016050,0.037101,0.312103,0.849048,0.616863,-0.014134,-0.311203,0.861596,0.063708,0.069476,-0.300717,0.104684,0.120679,-0.173045,0.158554,0.064549,-0.294278,0.110385,0.085761,-0.376284,-0.424489,0.008369,0.351810,0.557870,-0.010722,0.431167,0.144267,0.035311,0.324223,-0.362586,0.000971,-0.390406,0.015946,0.037398,0.312619,0.616388,-0.014045,-0.311473
814,8.140000,0.003425,0.354580,0.003648,-0.935012,0.109324,0.085110,-0.284392,0.001014,0.062899,0.069806,-0.299052,0.773816,0.104460,0.120249,-0.172339,0.732265,0.159320,0.064758,-0.292558,0.807102,0.110616,0.085627,-0.373617,0.754134,0.001069,0.036432,0.000554,-0.999335,0.091248,0.009535,0.119639,0.000681,-0.425329,0.008445,0.352373,0.749149,0.557598,-0.010318,0.431291,0.875742,0.145264,0.034907,0.323448,0.666105,-0.362940,0.001198,-0.390186,0.884629,0.016039,0.037099,0.312107,0.849048,0.616852,-0.014122,-0.311200,0.861596,0.063644,0.069490,-0.299105,0.104406,0.120693,-0.171329,0.158731,0.064479,-0.292547,0.110505,0.085843,-0.374500,-0.424501,0.008354,0.351834,0.557860,-0.010718,0.431154,0.144265,0.035318,0.324217,-0.362534,0.000986,-0.390407,0.015912,0.037392,0.312633,0.616332,-0.014041,-0.311474
815,8.150000,0.003446,0.354371,0.003821,-0.935091,0.109420,0.085190,-0.282705,0.000999,0.062983,0.069903,-0.297346,0.795647,0.104618,0.120321,-0.170647,0.746072,0.159405,0.064821,-0.290896,0.831949,0.110672,0.085714,-0.371932,0.756085,0.001078,0.036423,0.000562,-0.999336,0.091244,0.009529,0.119650,0.000687,-0.425328,0.008452,0.352393,0.748919,0.557599,-0.010327,0.431294,0.874326,0.145264,0.034903,0.323458,0.669022,-0.362953,0.001191,-0.390166,0.874209,0.016039,0.037097,0.312119,0.845998,0.616840,-0.014145,-0.311198,0.853354,0.063738,0.069589,-0.297364,0.104578,0.120719,-0.169714,0.158787,0.064560,-0.290853,0.110570,0.085942,-0.372875,-0.424502,0.008363,0.351829,0.557860,-0.010729,0.431143,0.144262,0.035345,0.324202,-0.362538,0.000979,-0.390355,0.015909,0.037368,0.312657,0.616322,-0.014065,-0.311462
816,8.160000,0.004173,0.354080,0.003668,-0.935199,0.109408,0.085151,-0.281186,0.001082,0.062959,0.069854,-0.295775,0.795647,0.104685,0.120448,-0.169177,0.746072,0.159384,0.064759,-0.289378,0.831949,0.110605,0.085545,-0.370414,0.756085,0.001050,0.036417,0.000559,-0.999336,0.091255,0.009533,0.119664,0.000708,-0.425314,0.008440,0.352414,0.748919,0.557615,-0.010336,0.431301,0.874326,0.145278,0.034897,0.323473,0.669022,-0.362949,0.001221,-0.390147,0.874209,0.016053,0.037091,0.312136,0.845998,0.616846,-0.014112,-0.311193,0.853354,0.063724,0.069505,-0.295853,0.104682,0.120905,-0.168098,0.158721,0.064516,-0.289328,0.110512,0.085761,-0.371374,-0.424499,0.008352,0.351820,0.557897,-0.010735,0.431145,0.144245,0.035340,0.324209,-0.362498,0.001009,-0.390313,0.015911,0.037360,0.312703,0.616310,-0.014034,-0.311468
817,8.170000,0.003751,0.353765,0.002048,-0.935325,0.109077,0.085044,-0.279519,0.001016,0.062669,0.069587,-0.294071,0.809300,0.104313,0.120365,-0.167519,0.723119,0.159115,0.064816,-0.287739,0.840398,0.110210,0.085409,-0.368748,0.769098,0.001049,0.036403,0.000555,-0.999337,0.091293,0.009518,0.119648,0.000679,-0.425270,0.008420,0.352412,0.757774,0.557662,-0.010348,0.431271,0.887021,0.145322,0.034882,0.323455,0.653009,-0.362925,0.001204,-0.390150,0.880167,0.016096,0.037075,0.312122,0.871520,0.616872,-0.014122,-0.311224,0.842099,0.063373,0.069300,-0.294126,0.104280,0.120779,-0.166493,0.158521,0.064580,-0.287721,0.110123,0.085579,-0.369652,-0.424509,0.008336,0.351818,0.557877,-0.010738,0.431195,0.144245,0.035337,0.324203,-0.362513,0.000994,-0.390277,0.016147,0.037324,0.312568,0.616301,-0.014037,-0.311480
818,8.180000,0.003684,0.354102,0.001140,-0.935199,0.108654,0.085014,-0.277802,0.000904,0.062283,0.069468,-0.292379,0.809300,0.103749,0.120384,-0.165824,0.723119,0.158733,0.064869,-0.285976,0.840398,0.109851,0.085335,-0.367031,0.769098,0.001164,0.036355,0.000654,-0.999338,0.091287,0.009470,0.119600,0.000720,-0.425254,0.008529,0.352414,0.757774,0.557681,-0.010423,0.431184,0.887021,0.145340,0.034867,0.323397,0.653009,-0.362981,0.001135,-0.390153,0.880167,0.016114,0.037084,0.312075,0.871520,0.616820,-0.014375,-0.311316,0.842099,0.062972,0.069273,-0.292554,0.103723,0.120729,-0.164835,0.158222,0.064690,-0.285927,0.109695,0.085399,-0.367792,-0.424534,0.008351,0.351831,0.557889,-0.010722,0.431219,0.144226,0.035337,0.324202,-0.362481,0.001009,-0.390283,0.016146,0.037338,0.312555,0.616215,-0.014379,-0.311739
819,8.190000,0.003529,0.352687,-0.000035,-0.935735,0.108804,0.084984,-0.275787,0.000961,0.062425,0.069324,-0.290215,0.776803,0.104157,0.120403,-0.163814,0.754906,0.158904,0.064949,-0.284102,0.837300,0.109729,0.085260,-0.365019,0.766440,0.001080,0.036430,0.000566,-0.999336,0.091328,0.009548,0.119616,0.000666,-0.425248,0.008476,0.352352,0.779067,0.557679,-0.010309,0.431267,0.877239,0.145346,0.034923,0.323425,0.645753,-0.362862,0.001212,-0.390206,0.881543,0.016121,0.037118,0.312084,0.880337,0.616930,-0.014131,-0.311224,0.839855,0.063266,0.069024,-0.290240,0.104077,0.120799,-0.162920,0.158323,0.064660,-0.284061,0.109567,0.085484,-0.365911,-0.424541,0.008339,0.351840,0.557934,-0.010729,0.431254,0.144215,0.035314,0.324184,-0.362448,0.001005,-0.390308,0.016201,0.037501,0.312361,0.616339,-0.014046,-0.311456
820,8.200000,0.003821,0.351228,-0.000003,-0.936282,0.109003,0.084918,-0.273921,0.000967,0.062575,0.069263,-0.288196,0.776803,0.104715,0.120397,-0.161952,0.754906,0.159071,0.064865,-0.282381,0.837300,0.109650,0.085147,-0.363155,0.766440,0.001207,0.036374,0.000648,-0.999337,0.091326,0.009482,0.119573,0.000705,-0.425224,0.008557,0.352368,0.779067,0.557709,-0.010380,0.431176,0.877239,0.145371,0.034898,0.323369,0.645753,-0.362923,0.001099,-0.390196,0.881543,0.016146,0.037112,0.312043,0.880337,0.616875,-0.014395,-0.311321,0.839855,0.063486,0.068953,-0.288279,0.104632,0.120813,-0.161010,0.158479,0.064583,-0.282339,0.109462,0.085350,-0.363999,-0.424550,0.008342,0.351846,0.557954,-0.010729,0.431282,0.144201,0.035302,0.324184,-0.362427,0.000959,-0.390296,0.016207,0.037508,0.312370,0.616259,-0.014383,-0.311735
821,8.210000,0.003745,0.350599,0.000678,-0.936518,0.109139,0.085018,-0.271836,0.000996,0.062673,0.069429,-0.286058,0.775657,0.105044,0.120432,-0.159839,0.732749,0.159171,0.064909,-0.280375,0.840331,0.109667,0.085302,-0.361070,0.770337,0.001088,0.036428,0.000569,-0.999336,0.091355,0.009535,0.119635,0.000687,-0.425219,0.008469,0.352373,0.781603,0.557708,-0.010321,0.431283,0.864342,0.145374,0.034912,0.323443,0.638763,-0.362837,0.001193,-0.390186,0.875590,0.016150,0.037108,0.312102,0.875352,0.616956,-0.014155,-0.311208,0.834226,0.063526,0.069156,-0.286113,0.104956,0.120842,-0.158856,0.158594,0.064637,-0.280355,0.109495,0.085482,-0.361955,-0.424531,0.008359,0.351846,0.558014,-0.010769,0.431310,0.144187,0.035322,0.324158,-0.362407,0.000962,-0.390281,0.016215,0.037487,0.312420,0.616356,-0.014048,-0.311470
822,8.220000,0.004378,0.349782,0.001909,-0.936819,0.109749,0.085086,-0.269689,0.000957,0.063216,0.069620,-0.283826,0.775657,0.105946,0.120546,-0.157697,0.732749,0.159711,0.064836,-0.278309,0.840331,0.110123,0.085340,-0.358925,0.770337,0.001148,0.036362,0.000635,-0.999338,0.091299,0.009427,0.119688,0.000812,-0.425245,0.008459,0.352495,0.781603,0.557690,-0.010457,0.431277,0.864342,0.145349,0.034820,0.323486,0.638763,-0.362962,0.001089,-0.390071,0.875590,0.016123,0.037033,0.312163,0.875352,0.616839,-0.014384,-0.311222,0.834226,0.063955,0.069372,-0.283862,0.105907,0.120912,-0.156741,0.159094,0.064626,-0.278300,0.110033,0.085472,-0.359796,-0.424519,0.008341,0.351851,0.558036,-0.010748,0.431291,0.144180,0.035311,0.324140,-0.362378,0.000950,-0.390215,0.015961,0.037210,0.312930,0.616264,-0.014384,-0.311745
823,8.230000,0.004737,0.349089,0.004159,-0.937068,0.110351,0.085260,-0.267609,0.001013,0.063729,0.070016,-0.281692,0.782728,0.106870,0.120635,-0.155579,0.729175,0.160210,0.064795,-0.276320,0.843122,0.110597,0.085594,-0.356845,0.763805,0.001280,0.036294,0.000555,-0.999340,0.091233,0.009375,0.119714,0.000780,-0.425279,0.008392,0.352592,0.734257,0.557669,-0.010354,0.431245,0.866368,0.145306,0.034832,0.323498,0.659485,-0.363096,0.000832,-0.389981,0.886632,0.016079,0.037022,0.312191,0.807889,0.616718,-0.014472,-0.311261,0.836983,0.064547,0.069731,-0.281759,0.106798,0.121055,-0.154583,0.159648,0.064519,-0.276282,0.110417,0.085788,-0.357752,-0.424530,0.008338,0.351839,0.558038,-0.010740,0.431273,0.144211,0.035320,0.324144,-0.362722,0.000617,-0.390121,0.015975,0.037220,0.312927,0.616251,-0.014396,-0.311709
824,8.240000,0.005356,0.349164,0.006122,-0.937027,0.110564,0.085343,-0.265418,0.000986,0.063882,0.070294,-0.279513,0.782728,0.107208,0.120709,-0.153381,0.729175,0.160340,0.064675,-0.274124,0.843122,0.110828,0.085694,-0.354653,0.763805,0.001176,0.036349,0.000452,-0.999338,0.091262,0.009440,0.119774,0.000750,-0.425275,0.008301,0.352595,0.734257,0.557668,-0.010253,0.431353,0.866368,0.145308,0.034868,0.323569,0.659485,-0.363009,0.000903,-0.389973,0.886632,0.016080,0.037032,0.312249,0.807889,0.616799,-0.014209,-0.311147,0.836983,0.064590,0.070074,-0.279661,0.107175,0.121088,-0.152344,0.159849,0.064460,-0.274049,0.110631,0.085803,-0.355520,-0.424502,0.008372,0.351830,0.558040,-0.010747,0.431253,0.144204,0.035325,0.324153,-0.362651,0.000587,-0.390060,0.015982,0.037243,0.312944,0.616347,-0.014029,-0.311437
825,8.250000,0.004578,0.348558,0.003015,-0.937271,0.110784,0.085277,-0.263084,0.001004,0.064180,0.069920,-0.277106,0.813016,0.107352,0.120700,-0.151068,0.721459,0.160679,0.064920,-0.271842,0.821739,0.110927,0.085567,-0.352320,0.779053,0.001309,0.036278,0.000552,-0.999341,0.091257,0.009367,0.119749,0.000803,-0.425247,0.008396,0.352643,0.720581,0.557703,-0.010343,0.431267,0.864951,0.145337,0.034836,0.323530,0.654416,-0.363088,0.000793,-0.389931,0.877126,0.016109,0.037024,0.312228,0.793058,0.616728,-0.014504,-0.311241,0.835268,0.064848,0.069591,-0.277180,0.107392,0.121118,-0.150036,0.159992,0.064730,-0.271827,0.110911,0.085728,-0.353189,-0.424491,0.008369,0.351822,0.558072,-0.010738,0.431257,0.144211,0.035341,0.324152,-0.362664,0.000563,-0.390026,0.015991,0.037204,0.313027,0.616249,-0.014416,-0.311684
826,8.260000,0.003998,0.348648,0.004338,-0.937235,0.111060,0.085317,-0.260744,0.000958,0.064427,0.070086,-0.274806,0.782448,0.107677,0.120522,-0.148657,0.752949,0.160914,0.064875,-0.269532,0.829987,0.111222,0.085786,-0.349979,0.772287,0.001325,0.036276,0.000532,-0.999341,0.091268,0.009370,0.119762,0.000799,-0.425236,0.008386,0.352658,0.722471,0.557716,-0.010312,0.431279,0.857612,0.145347,0.034847,0.323542,0.653810,-0.363079,0.000761,-0.389917,0.876181,0.016119,0.037030,0.312240,0.792160,0.616738,-0.014495,-0.311229,0.835446,0.065230,0.069753,-0.274856,0.107641,0.120926,-0.147756,0.160292,0.064604,-0.269483,0.111092,0.086019,-0.350850,-0.424505,0.008341,0.351824,0.558103,-0.010730,0.431267,0.144215,0.035365,0.324149,-0.362652,0.000523,-0.389998,0.016016,0.037243,0.313037,0.616246,-0.014402,-0.311656
827,8.270000,0.003478,0.347527,0.005280,-0.937649,0.111466,0.085184,-0.258240,0.000964,0.064778,0.070042,-0.272216,0.782448,0.108399,0.120210,-0.146088,0.752949,0.161269,0.064686,-0.267180,0.829987,0.111416,0.085800,-0.347474,0.772287,0.001319,0.036281,0.000509,-0.999341,0.091280,0.009359,0.119764,0.000807,-0.425225,0.008349,0.352655,0.722471,0.557727,-0.010305,0.431285,0.857612,0.145357,0.034837,0.323545,0.653810,-0.363061,0.000734,-0.389919,0.876181,0.016129,0.037014,0.312242,0.792160,0.616756,-0.014477,-0.311222,0.835446,0.065544,0.069754,-0.272347,0.108349,0.120631,-0.145119,0.160754,0.064398,-0.267115,0.111212,0.086003,-0.348301,-0.424519,0.008340,0.351840,0.558115,-0.010723,0.431296,0.144193,0.035346,0.324145,-0.362643,0.000484,-0.389996,0.016031,0.037206,0.313053,0.616294,-0.014371,-0.311682
828,8.280000,0.002718,0.346859,0.004849,-0.937901,0.111847,0.085092,-0.255626,0.000946,0.065159,0.069902,-0.269553,0.808708,0.108892,0.119985,-0.143430,0.739712,0.161665,0.064670,-0.264660,0.836197,0.111669,0.085808,-0.344859,0.792603,0.001340,0.036278,0.000497,-0.999341,0.091291,0.009372,0.119762,0.000808,-0.425213,0.008361,0.352656,0.733376,0.557739,-0.010267,0.431281,0.851384,0.145368,0.034860,0.323541,0.650350,-0.363053,0.000715,-0.389918,0.877516,0.016140,0.037034,0.312238,0.796809,0.616765,-0.014471,-0.311227,0.834671,0.065851,0.069581,-0.269611,0.108872,0.120406,-0.142478,0.161062,0.064413,-0.264667,0.111598,0.086010,-0.345661,-0.424518,0.008356,0.351847,0.558147,-0.010698,0.431310,0.144187,0.035321,0.324132,-0.362644,0.000454,-0.389987,0.016053,0.037265,0.313012,0.616302,-0.014350,-0.311684
829,8.290000,0.004599,0.345649,0.004263,-0.938343,0.112010,0.084934,-0.253059,0.000824,0.065284,0.069700,-0.266806,0.808708,0.109355,0.120268,-0.140994,0.739712,0.161801,0.064466,-0.262143,0.836197,0.111602,0.085301,-0.342294,0.792603,0.001370,0.036274,0.000495,-0.999341,0.091298,0.009366,0.119767,0.000812,-0.425204,0.008369,0.352665,0.733376,0.557750,-0.010254,0.431282,0.851384,0.145377,0.034867,0.323543,0.650350,-0.363050,0.000679,-0.389909,0.877516,0.016149,0.037040,0.312242,0.796809,0.616769,-0.014502,-0.311225,0.834671,0.066107,0.069643,-0.267144,0.109319,0.120506,-0.140105,0.161239,0.064401,-0.262230,0.111406,0.085196,-0.342727,-0.424531,0.008364,0.351849,0.558170,-0.010684,0.431355,0.144189,0.035322,0.324108,-0.362646,0.000420,-0.389964,0.016088,0.037268,0.313003,0.616300,-0.014380,-0.311702
830,8.300000,0.005228,0.345457,0.003641,-0.938413,0.112094,0.084985,-0.250563,0.000779,0.065373,0.069695,-0.264265,0.798162,0.109460,0.120498,-0.138553,0.781715,0.161896,0.064539,-0.259635,0.870219,0.111648,0.085208,-0.339798,0.864403,0.001314,0.036331,0.000544,-0.999339,0.091374,0.009403,0.119729,0.000828,-0.425155,0.008426,0.352568,0.763342,0.557788,-0.010297,0.431296,0.856335,0.145432,0.034874,0.323515,0.639236,-0.362916,0.000816,-0.390000,0.841608,0.016205,0.037061,0.312199,0.793114,0.616892,-0.014464,-0.311205,0.806288,0.066135,0.069657,-0.264531,0.109413,0.120720,-0.137710,0.161387,0.064458,-0.259694,0.111444,0.085112,-0.340291,-0.424537,0.008362,0.351853,0.558226,-0.010667,0.431329,0.144173,0.035306,0.324072,-0.362319,0.000610,-0.390044,0.016100,0.037314,0.312980,0.616302,-0.014395,-0.311703
831,8.310000,0.004221,0.345486,-0.000900,-0.938414,0.111792,0.084838,-0.248056,0.000658,0.065214,0.069101,-0.261739,0.798162,0.108828,0.120464,-0.136091,0.781715,0.161781,0.064841,-0.257102,0.870219,0.111345,0.084945,-0.337291,0.864403,0.001204,0.036366,0.000445,-0.999338,0.091388,0.009460,0.119787,0.000796,-0.425157,0.008327,0.352590,0.763342,0.557784,-0.010210,0.431383,0.856335,0.145426,0.034899,0.323582,0.639236,-0.362866,0.000887,-0.389975,0.841608,0.016199,0.037061,0.312258,0.793114,0.616940,-0.014208,-0.311115,0.806288,0.065851,0.068888,-0.261830,0.108818,0.120742,-0.135400,0.161191,0.064688,-0.257176,0.111309,0.085034,-0.337818,-0.424537,0.008351,0.351854,0.558254,-0.010665,0.431297,0.144169,0.035311,0.324040,-0.362308,0.000605,-0.389953,0.016111,0.037315,0.312975,0.616365,-0.014055,-0.311426
832,8.320000,0.003761,0.346406,0.000079,-0.938077,0.111920,0.084939,-0.245463,0.000750,0.065345,0.069294,-0.259263,0.803375,0.108790,0.120398,-0.133450,0.820242,0.161896,0.064880,-0.254442,0.863956,0.111649,0.085185,-0.334699,0.801277,0.001898,0.035916,-0.000195,-0.999353,0.091116,0.009160,0.120077,0.000793,-0.425217,0.007728,0.353348,0.558109,0.557817,-0.009491,0.431280,0.689656,0.145307,0.034958,0.323787,0.695371,-0.363585,-0.000700,-0.389262,0.817258,0.016068,0.036945,0.312576,0.865709,0.616309,-0.014481,-0.311265,0.883222,0.066095,0.069063,-0.259201,0.108657,0.120728,-0.132825,0.161488,0.064521,-0.254407,0.111440,0.085444,-0.335421,-0.424526,0.008338,0.351840,0.558268,-0.010647,0.431288,0.144169,0.035310,0.324042,-0.363536,-0.001241,-0.388772,0.016116,0.037349,0.312927,0.616355,-0.014040,-0.311413
833,8.330000,0.005847,0.344902,0.002791,-0.938616,0.112904,0.084845,-0.242548,0.000599,0.066185,0.069477,-0.256168,0.803375,0.110362,0.120549,-0.130597,0.820242,0.162719,0.064441,-0.251644,0.863956,0.112351,0.084912,-0.331783,0.801277,0.001923,0.035893,-0.000197,-0.999354,0.091122,0.009172,0.120090,0.000797,-0.425200,0.007750,0.353384,0.558109,0.557837,-0.009462,0.431271,0.689656,0.145322,0.034980,0.323796,0.695371,-0.363603,-0.000715,-0.389228,0.817258,0.016082,0.036967,0.312590,0.865709,0.616295,-0.014489,-0.311276,0.883222,0.066877,0.069342,-0.256293,0.110317,0.120779,-0.130011,0.162221,0.064285,-0.251669,0.112202,0.084974,-0.332219,-0.424524,0.008349,0.351829,0.558314,-0.010660,0.431274,0.144163,0.035315,0.324011,-0.363570,-0.001248,-0.388704,0.016151,0.037404,0.312914,0.616353,-0.014047,-0.311381
834,8.340000,0.005418,0.344373,0.004493,-0.938807,0.113413,0.085031,-0.239642,0.000789,0.066634,0.069826,-0.253240,0.822906,0.111098,0.120520,-0.127618,0.782895,0.163158,0.064501,-0.248833,0.865836,0.112761,0.085277,-0.328876,0.824580,0.001205,0.036292,0.000442,-0.999340,0.091382,0.009496,0.119823,0.000803,-0.425129,0.008361,0.352702,0.737052,0.557824,-0.010169,0.431350,0.825131,0.145450,0.034937,0.323610,0.645824,-0.362947,0.000920,-0.389872,0.850345,0.016222,0.037098,0.312304,0.833852,0.616871,-0.014169,-0.311157,0.853914,0.067276,0.069571,-0.253397,0.111091,0.120859,-0.126818,0.162673,0.064277,-0.248785,0.112611,0.085426,-0.329545,-0.424529,0.008345,0.351838,0.558334,-0.010644,0.431289,0.144148,0.035317,0.324017,-0.362452,0.000646,-0.389675,0.016159,0.037426,0.312879,0.616361,-0.014016,-0.311397
835,8.350000,0.005721,0.344371,0.004927,-0.938803,0.113888,0.085093,-0.236842,0.000705,0.067094,0.069932,-0.250436,0.822906,0.111610,0.120615,-0.124827,0.782895,0.163613,0.064510,-0.246027,0.865836,0.113238,0.085315,-0.326076,0.824580,0.001214,0.036274,0.000465,-0.999341,0.091389,0.009518,0.119827,0.000790,-0.425113,0.008411,0.352726,0.737052,0.557842,-0.010165,0.431337,0.825131,0.145466,0.034959,0.323612,0.645824,-0.362959,0.000955,-0.389851,0.850345,0.016238,0.037126,0.312311,0.833852,0.616861,-0.014179,-0.311172,0.853914,0.067655,0.069652,-0.250531,0.111604,0.120932,-0.124172,0.163180,0.064267,-0.245961,0.113115,0.085521,-0.326703,-0.424527,0.008361,0.351861,0.558379,-0.010618,0.431281,0.144153,0.035335,0.323990,-0.362504,0.000708,-0.389634,0.016195,0.037460,0.312835,0.616362,-0.014048,-0.311361
836,8.360000,0.005267,0.344424,0.004686,-0.938788,0.114264,0.085196,-0.233988,0.000686,0.067483,0.070009,-0.247598,0.843837,0.111945,0.120640,-0.121950,0.818201,0.164005,0.064657,-0.243182,0.880617,0.113623,0.085479,-0.323222,0.839025,0.001183,0.036254,0.000480,-0.999342,0.091391,0.009536,0.119819,0.000790,-0.425102,0.008430,0.352737,0.741997,0.557855,-0.010179,0.431310,0.818473,0.145477,0.034963,0.323603,0.642379,-0.362977,0.001019,-0.389842,0.862964,0.016248,0.037135,0.312308,0.844475,0.616846,-0.014149,-0.311202,0.867619,0.068052,0.069793,-0.247737,0.111951,0.120913,-0.121276,0.163570,0.064477,-0.243101,0.113483,0.085603,-0.323838,-0.424542,0.008359,0.351874,0.558413,-0.010642,0.431266,0.144140,0.035329,0.323957,-0.362547,0.000773,-0.389606,0.016223,0.037506,0.312806,0.616362,-0.014018,-0.311373
837,8.370000,0.004016,0.344081,0.002499,-0.938928,0.114326,0.085192,-0.230858,0.000561,0.067610,0.069783,-0.244445,0.843837,0.111915,0.120528,-0.118787,0.818201,0.164161,0.064908,-0.240106,0.880617,0.113616,0.085547,-0.320091,0.839025,0.001182,0.036229,0.000506,-0.999343,0.091401,0.009548,0.119814,0.000796,-0.425081,0.008467,0.352759,0.741997,0.557880,-0.010192,0.431281,0.818473,0.145498,0.034972,0.323596,0.642379,-0.362994,0.001056,-0.389824,0.862964,0.016269,0.037150,0.312306,0.844475,0.616832,-0.014162,-0.311234,0.867619,0.068190,0.069531,-0.244689,0.111907,0.120828,-0.118275,0.163743,0.064673,-0.240139,0.113463,0.085734,-0.320328,-0.424546,0.008359,0.351866,0.558477,-0.010643,0.431250,0.144145,0.035311,0.323945,-0.362601,0.000831,-0.389538,0.016241,0.037558,0.312742,0.616385,-0.014047,-0.311380
838,8.380000,0.003077,0.344468,0.003097,-0.938788,0.114744,0.085204,-0.227918,0.000692,0.068032,0.069848,-0.241579,0.846959,0.112257,0.120299,-0.115774,0.837957,0.164577,0.064917,-0.237170,0.871904,0.114109,0.085754,-0.317151,0.816235,0.001150,0.036194,0.000521,-0.999344,0.091416,0.009569,0.119801,0.000804,-0.425049,0.008487,0.352782,0.740577,0.557916,-0.010206,0.431233,0.804607,0.145528,0.034977,0.323580,0.631854,-0.363015,0.001122,-0.389806,0.868274,0.016298,0.037160,0.312300,0.850707,0.616816,-0.014128,-0.311286,0.883593,0.068554,0.069527,-0.241574,0.112246,0.120617,-0.115209,0.164161,0.064635,-0.237068,0.114014,0.086037,-0.317822,-0.424551,0.008344,0.351882,0.558552,-0.010659,0.431205,0.144130,0.035294,0.323916,-0.362648,0.000908,-0.389493,0.016295,0.037620,0.312681,0.616374,-0.014021,-0.311383
839,8.390000,0.003197,0.344843,0.004638,-0.938643,0.115427,0.085187,-0.224823,0.000641,0.068681,0.069981,-0.238534,0.846959,0.112954,0.120195,-0.112651,0.837957,0.165208,0.064759,-0.234051,0.871904,0.114866,0.085812,-0.314055,0.816235,0.001159,0.036168,0.000535,-0.999345,0.091418,0.009583,0.119772,0.000815,-0.425035,0.008519,0.352779,0.740577,0.557934,-0.010200,0.431181,0.804607,0.145542,0.034993,0.323548,0.631854,-0.363038,0.001140,-0.389811,0.868274,0.016311,0.037179,0.312275,0.850707,0.616796,-0.014136,-0.311341,0.883593,0.069240,0.069644,-0.238477,0.112965,0.120479,-0.112205,0.164723,0.064495,-0.233870,0.114781,0.086128,-0.314738,-0.424548,0.008355,0.351857,0.558645,-0.010658,0.431163,0.144133,0.035302,0.323888,-0.362741,0.000943,-0.389511,0.016317,0.037654,0.312622,0.616370,-0.014039,-0.311391
840,8.400000,0.003155,0.345357,0.004542,-0.938455,0.115634,0.085190,-0.221648,0.000462,0.068906,0.069974,-0.235410,0.852370,0.113030,0.120197,-0.109479,0.885008,0.165428,0.064773,-0.230821,0.882673,0.115170,0.085816,-0.310881,0.887678,0.001283,0.036081,0.000647,-0.999348,0.091412,0.009542,0.119699,0.000832,-0.425000,0.008655,0.352797,0.729207,0.557978,-0.010274,0.431031,0.804013,0.145578,0.034989,0.323460,0.618724,-0.363135,0.001083,-0.389802,0.890896,0.016345,0.037202,0.312209,0.844927,0.616709,-0.014403,-0.311500,0.884258,0.069432,0.069729,-0.235516,0.113040,0.120436,-0.109085,0.165014,0.064571,-0.230731,0.115047,0.086025,-0.311259,-0.424545,0.008353,0.351862,0.558672,-0.010630,0.431110,0.144139,0.035301,0.323858,-0.362813,0.000976,-0.389528,0.016365,0.037709,0.312565,0.616275,-0.014399,-0.311662
841,8.410000,0.002662,0.346553,0.000896,-0.938026,0.115443,0.084984,-0.218765,0.000492,0.068861,0.069411,-0.232620,0.852370,0.112304,0.120151,-0.106660,0.885008,0.165406,0.064911,-0.227780,0.882673,0.115200,0.085464,-0.308000,0.887678,0.001185,0.036132,0.000527,-0.999346,0.091434,0.009589,0.119727,0.000842,-0.425003,0.008530,0.352773,0.729207,0.557972,-0.010171,0.431104,0.804013,0.145572,0.035010,0.323499,0.618724,-0.363060,0.001114,-0.389822,0.890896,0.016340,0.037194,0.312235,0.844927,0.616780,-0.014145,-0.311422,0.884258,0.069378,0.069151,-0.232767,0.112337,0.120401,-0.106222,0.164968,0.064721,-0.227684,0.115089,0.085663,-0.308388,-0.424535,0.008374,0.351865,0.558788,-0.010638,0.431046,0.144133,0.035286,0.323825,-0.362888,0.000932,-0.389597,0.016416,0.037665,0.312579,0.616361,-0.014050,-0.311350
842,8.420000,0.002955,0.349149,-0.002965,-0.937058,0.115225,0.084730,-0.215926,0.000524,0.068831,0.068784,-0.229987,0.851475,0.111218,0.120234,-0.103955,0.877466,0.165377,0.064981,-0.224601,0.885485,0.115473,0.084922,-0.305162,0.858485,0.001309,0.036039,0.000625,-0.999349,0.091419,0.009526,0.119655,0.000839,-0.424974,0.008630,0.352796,0.728779,0.558012,-0.010255,0.430949,0.776010,0.145600,0.034985,0.323410,0.613617,-0.363171,0.001021,-0.389808,0.925898,0.016367,0.037193,0.312169,0.835154,0.616681,-0.014421,-0.311587,0.899583,0.069370,0.068547,-0.229906,0.111133,0.120503,-0.103553,0.165025,0.064689,-0.224591,0.115372,0.085182,-0.305654,-0.424519,0.008355,0.351850,0.558811,-0.010658,0.430990,0.144134,0.035282,0.323796,-0.362982,0.000895,-0.389618,0.016418,0.037715,0.312569,0.616285,-0.014393,-0.311649
843,8.430000,0.004468,0.348625,-0.000410,-0.937252,0.116270,0.084599,-0.212769,0.000520,0.069769,0.068909,-0.226762,0.851475,0.112595,0.120243,-0.100831,0.877466,0.166297,0.064548,-0.221478,0.885485,0.116422,0.084695,-0.302006,0.858485,0.001336,0.036023,0.000604,-0.999350,0.091429,0.009527,0.119624,0.000846,-0.424957,0.008623,0.352782,0.728779,0.558032,-0.010216,0.430905,0.776010,0.145616,0.035001,0.323376,0.613617,-0.363177,0.000976,-0.389824,0.925898,0.016382,0.037202,0.312139,0.835154,0.616678,-0.014421,-0.311633,0.899583,0.070328,0.068575,-0.226718,0.112531,0.120570,-0.100453,0.165902,0.064196,-0.221457,0.116321,0.085054,-0.302448,-0.424530,0.008361,0.351853,0.558906,-0.010649,0.430929,0.144144,0.035310,0.323776,-0.363060,0.000849,-0.389675,0.016466,0.037720,0.312537,0.616296,-0.014389,-0.311646
844,8.440000,0.004853,0.348473,0.001893,-0.937304,0.117247,0.084956,-0.209543,0.000612,0.070669,0.069493,-0.223536,0.845844,0.113768,0.120518,-0.097572,0.820798,0.167178,0.064684,-0.218284,0.867059,0.117372,0.085131,-0.298779,0.900098,0.001255,0.036083,0.000477,-0.999348,0.091425,0.009585,0.119648,0.000856,-0.424988,0.008511,0.352743,0.751657,0.557996,-0.010085,0.430981,0.728390,0.145580,0.035041,0.323410,0.623370,-0.363118,0.000993,-0.389856,0.941685,0.016347,0.037211,0.312158,0.833521,0.616732,-0.014160,-0.311550,0.900672,0.071108,0.069220,-0.223872,0.113897,0.120781,-0.096918,0.166656,0.064615,-0.218212,0.117326,0.085209,-0.299168,-0.424529,0.008357,0.351876,0.558914,-0.010654,0.430863,0.144138,0.035290,0.323767,-0.363144,0.000796,-0.389734,0.016497,0.037756,0.312511,0.616396,-0.014040,-0.311375
845,8.450000,0.004685,0.350554,0.001750,-0.936529,0.117631,0.085099,-0.206730,0.000517,0.071123,0.069620,-0.220933,0.845844,0.113641,0.120637,-0.094769,0.820798,0.167609,0.064849,-0.215253,0.867059,0.118152,0.085292,-0.295965,0.900098,0.001431,0.036050,0.000344,-0.999349,0.091341,0.009544,0.119672,0.000933,-0.425056,0.008423,0.352802,0.751657,0.557938,-0.009896,0.430981,0.728390,0.145504,0.035087,0.323421,0.623370,-0.363233,0.000652,-0.389799,0.941685,0.016270,0.037220,0.312177,0.833521,0.616625,-0.014226,-0.311553,0.900672,0.071606,0.069413,-0.221167,0.113696,0.120852,-0.094301,0.167221,0.064718,-0.215105,0.118001,0.085414,-0.296346,-0.424534,0.008355,0.351880,0.559177,-0.010834,0.431001,0.144162,0.035332,0.323714,-0.363589,0.000444,-0.389749,0.016536,0.037763,0.312505,0.616399,-0.014033,-0.311343
846,8.460000,0.004443,0.352691,0.000001,-0.935729,0.117767,0.085338,-0.203610,0.000642,0.071378,0.069687,-0.218011,0.856031,0.113144,0.120950,-0.091696,0.825310,0.167853,0.065254,-0.211890,0.882394,0.118694,0.085463,-0.292841,0.856683,0.001438,0.036039,0.000347,-0.999349,0.091331,0.009531,0.119637,0.000925,-0.425062,0.008417,0.352778,0.741467,0.557934,-0.009908,0.430936,0.626197,0.145498,0.035077,0.323384,0.650987,-0.363254,0.000636,-0.389824,0.888028,0.016264,0.037211,0.312143,0.824326,0.616606,-0.014247,-0.311598,0.904938,0.071853,0.069400,-0.218163,0.113170,0.121255,-0.091068,0.167433,0.065051,-0.211829,0.118613,0.085648,-0.293378,-0.424541,0.008355,0.351886,0.559120,-0.010818,0.430931,0.144152,0.035341,0.323645,-0.363643,0.000414,-0.389809,0.016555,0.037744,0.312496,0.616394,-0.014049,-0.311352
847,8.470000,0.002788,0.354454,-0.002245,-0.935067,0.117858,0.085202,-0.200622,0.000502,0.071608,0.069323,-0.215221,0.856031,0.112625,0.120618,-0.088673,0.825310,0.168082,0.065400,-0.208744,0.882394,0.119118,0.085467,-0.289849,0.856683,0.001420,0.036016,0.000361,-0.999350,0.091344,0.009533,0.119563,0.000869,-0.425037,0.008424,0.352728,0.741467,0.557962,-0.009930,0.430840,0.626197,0.145522,0.035070,0.323309,0.650987,-0.363265,0.000669,-0.389877,0.888028,0.016287,0.037207,0.312074,0.824326,0.616598,-0.014244,-0.311697,0.904938,0.072059,0.069107,-0.215224,0.112628,0.120828,-0.088251,0.167671,0.065241,-0.208671,0.119075,0.085630,-0.290341,-0.424552,0.008358,0.351875,0.558924,-0.010638,0.430646,0.144136,0.035314,0.323651,-0.363618,0.000418,-0.389888,0.016599,0.037737,0.312445,0.616403,-0.014053,-0.311357
848,8.480000,0.002593,0.356450,-0.001841,-0.934309,0.118251,0.085123,-0.197543,0.000487,0.072054,0.069282,-0.212350,0.845689,0.112561,0.120469,-0.085594,0.885318,0.168498,0.065297,-0.205463,0.880460,0.119892,0.085446,-0.286764,0.869123,0.001408,0.036020,0.000376,-0.999350,0.091350,0.009529,0.119524,0.000861,-0.425034,0.008430,0.352685,0.759484,0.557964,-0.009955,0.430805,0.705571,0.145527,0.035060,0.323271,0.630756,-0.363255,0.000692,-0.389920,0.897450,0.016292,0.037202,0.312035,0.817392,0.616607,-0.014252,-0.311732,0.882776,0.072622,0.069042,-0.212384,0.112530,0.120717,-0.085209,0.168098,0.065052,-0.205367,0.119755,0.085683,-0.287210,-0.424551,0.008374,0.351854,0.558884,-0.010644,0.430550,0.144112,0.035292,0.323625,-0.363572,0.000432,-0.389940,0.016613,0.037732,0.312421,0.616393,-0.014055,-0.311365
849,8.490000,0.002964,0.357199,0.000061,-0.934024,0.118709,0.085204,-0.194470,0.000580,0.072475,0.069549,-0.209362,0.845689,0.112972,0.120497,-0.082507,0.885318,0.168892,0.065191,-0.202323,0.880460,0.120495,0.085580,-0.283688,0.869123,0.001300,0.036088,0.000445,-0.999348,0.091430,0.009574,0.119449,0.000837,-0.424986,0.008490,0.352539,0.759484,0.557999,-0.010039,0.430789,0.705571,0.145582,0.035052,0.323209,0.630756,-0.363107,0.000907,-0.390059,0.897450,0.016349,0.037213,0.311956,0.817392,0.616743,-0.014180,-0.311741,0.882776,0.072998,0.069266,-0.209389,0.112995,0.120742,-0.082096,0.168483,0.064964,-0.202075,0.120359,0.085845,-0.284320,-0.424559,0.008380,0.351851,0.558868,-0.010627,0.430433,0.144133,0.035334,0.323530,-0.363185,0.000692,-0.390105,0.016629,0.037720,0.312405,0.616381,-0.014047,-0.311378
850,8.500000,0.003537,0.358156,0.000266,-0.933655,0.118998,0.085098,-0.191240,0.000431,0.072783,0.069465,-0.206213,0.856067,0.113059,0.120500,-0.079322,0.902495,0.169181,0.065039,-0.198971,0.891622,0.120967,0.085390,-0.280455,0.915906,0.001266,0.036091,0.000467,-0.999348,0.091442,0.009579,0.119412,0.000820,-0.424975,0.008500,0.352499,0.803294,0.558009,-0.010076,0.430753,0.735179,0.145594,0.035040,0.323174,0.617755,-0.363092,0.000966,-0.390100,0.944675,0.016361,0.037208,0.311920,0.812567,0.616757,-0.014168,-0.311777,0.861535,0.073318,0.069325,-0.206372,0.113074,0.120660,-0.078967,0.168772,0.064932,-0.198876,0.120826,0.085477,-0.280747,-0.424551,0.008362,0.351850,0.558802,-0.010646,0.430343,0.144134,0.035349,0.323504,-0.363125,0.000755,-0.390155,0.016655,0.037732,0.312368,0.616384,-0.014049,-0.311385
851,8.510000,0.003906,0.359745,-0.001775,-0.933041,0.118927,0.084922,-0.188218,0.000495,0.072819,0.069092,-0.203314,0.850934,0.112483,0.120542,-0.076398,0.876796,0.169207,0.065024,-0.195736,0.892125,0.121198,0.085028,-0.277426,0.899059,0.001352,0.036010,0.000581,-0.999350,0.091454,0.009516,0.119332,0.000798,-0.424926,0.008597,0.352503,0.800402,0.558066,-0.010197,0.430601,0.777043,0.145645,0.034998,0.323082,0.601477,-0.363165,0.000928,-0.390104,0.955376,0.016411,0.037194,0.311848,0.802610,0.616693,-0.014423,-0.311938,0.877672,0.073373,0.068919,-0.203450,0.112464,0.120758,-0.075955,0.168813,0.064856,-0.195685,0.121057,0.085153,-0.277783,-0.424546,0.008358,0.351843,0.558770,-0.010619,0.430251,0.144140,0.035351,0.323472,-0.363082,0.000786,-0.390172,0.016680,0.037722,0.312369,0.616293,-0.014401,-0.311656
852,8.520000,0.004009,0.361091,-0.003670,-0.932515,0.119033,0.084727,-0.185159,0.000343,0.073024,0.068713,-0.200362,0.850934,0.112143,0.120498,-0.073413,0.876796,0.169404,0.064993,-0.192501,0.892125,0.121561,0.084703,-0.274360,0.899059,0.002129,0.035674,0.000024,-0.999361,0.091192,0.009232,0.119546,0.000850,-0.425029,0.008139,0.353066,0.800402,0.558034,-0.009493,0.430531,0.777043,0.145493,0.035096,0.323218,0.601477,-0.363760,-0.000648,-0.389569,0.955376,0.016249,0.037137,0.312068,0.802610,0.616166,-0.014840,-0.312040,0.877672,0.073560,0.068474,-0.200452,0.112122,0.120723,-0.073206,0.169020,0.064757,-0.192470,0.121431,0.084953,-0.274509,-0.424546,0.008368,0.351861,0.558662,-0.010617,0.430182,0.144135,0.035328,0.323461,-0.364214,-0.001096,-0.389191,0.016728,0.037702,0.312321,0.616280,-0.014424,-0.311631
853,8.530000,0.006076,0.361985,-0.001203,-0.932163,0.119628,0.084833,-0.182158,0.000604,0.073552,0.069068,-0.197418,0.836352,0.112738,0.120877,-0.070500,0.835231,0.169892,0.064777,-0.189360,0.862912,0.122330,0.084608,-0.271353,0.863661,0.002081,0.035788,-0.000137,-0.999357,0.091192,0.009301,0.119579,0.000851,-0.425082,0.008020,0.352983,0.679311,0.557970,-0.009297,0.430669,0.611255,0.145438,0.035166,0.323266,0.672803,-0.363641,-0.000684,-0.389640,0.795424,0.016196,0.037166,0.312087,0.799786,0.616272,-0.014562,-0.311889,0.818826,0.074081,0.068706,-0.197553,0.112756,0.121224,-0.069940,0.169410,0.064518,-0.189319,0.122265,0.084883,-0.271820,-0.424528,0.008348,0.351873,0.558579,-0.010621,0.430127,0.144150,0.035335,0.323418,-0.364181,-0.001151,-0.389239,0.016744,0.037708,0.312308,0.616380,-0.014097,-0.311344
854,8.540000,0.005175,0.362701,-0.001815,-0.931890,0.119863,0.084827,-0.179166,0.000604,0.073839,0.068998,-0.194515,0.836352,0.112738,0.120720,-0.067474,0.835231,0.170173,0.064871,-0.186316,0.862912,0.122701,0.084717,-0.268357,0.863661,0.002155,0.035719,0.000008,-0.999360,0.091193,0.009220,0.119492,0.000790,-0.425049,0.008124,0.352966,0.679311,0.558008,-0.009474,0.430519,0.611255,0.145475,0.035097,0.323167,0.672803,-0.363714,-0.000700,-0.389663,0.795424,0.016232,0.037134,0.312006,0.799786,0.616205,-0.014859,-0.312046,0.818826,0.074284,0.068785,-0.194630,0.112774,0.120947,-0.066898,0.169754,0.064754,-0.186196,0.122639,0.084821,-0.268938,-0.424544,0.008352,0.351892,0.558486,-0.010611,0.430089,0.144160,0.035330,0.323411,-0.364129,-0.001177,-0.389287,0.016755,0.037723,0.312269,0.616305,-0.014420,-0.311631
855,8.550000,0.004638,0.364224,-0.001185,-0.931299,0.120055,0.084982,-0.176165,0.000461,0.074069,0.069211,-0.191689,0.857187,0.112592,0.120718,-0.064445,0.896743,0.170373,0.064998,-0.183181,0.885760,0.123184,0.085000,-0.265347,0.865477,0.001266,0.036061,0.000643,-0.999349,0.091471,0.009518,0.119247,0.000741,-0.424932,0.008618,0.352366,0.838130,0.558050,-0.010305,0.430560,0.811610,0.145645,0.034958,0.323006,0.610781,-0.363097,0.001072,-0.390236,0.916254,0.016412,0.037171,0.311760,0.806485,0.616751,-0.014407,-0.311974,0.863976,0.074574,0.068944,-0.191706,0.112570,0.120968,-0.064117,0.170020,0.064740,-0.183047,0.123055,0.085275,-0.265791,-0.424551,0.008350,0.351915,0.558444,-0.010630,0.430006,0.144177,0.035326,0.323375,-0.362793,0.000972,-0.390335,0.016761,0.037638,0.312270,0.616328,-0.014434,-0.311633
856,8.560000,0.005160,0.364981,-0.000568,-0.931001,0.120150,0.085075,-0.173194,0.000477,0.074166,0.069366,-0.188784,0.857187,0.112559,0.120882,-0.061505,0.896743,0.170450,0.065011,-0.180116,0.885760,0.123425,0.085042,-0.262371,0.865477,0.001253,0.036078,0.000645,-0.999348,0.091480,0.009517,0.119228,0.000759,-0.424931,0.008613,0.352329,0.838130,0.558048,-0.010315,0.430557,0.811610,0.145646,0.034952,0.322990,0.610781,-0.363071,0.001086,-0.390271,0.916254,0.016414,0.037166,0.311740,0.806485,0.616775,-0.014399,-0.311975,0.863976,0.074615,0.069147,-0.188855,0.112583,0.121089,-0.061084,0.170035,0.064875,-0.180017,0.123368,0.085191,-0.262820,-0.424559,0.008359,0.351919,0.558366,-0.010644,0.429988,0.144182,0.035330,0.323346,-0.362698,0.000977,-0.390365,0.016803,0.037615,0.312252,0.616328,-0.014415,-0.311658
857,8.570000,0.004080,0.365757,-0.000409,-0.930701,0.120276,0.085029,-0.170089,0.000410,0.074326,0.069330,-0.185789,0.851990,0.112482,0.120595,-0.058337,0.909275,0.170597,0.065005,-0.176971,0.901163,0.123700,0.085187,-0.259260,0.916765,0.001219,0.036091,0.000669,-0.999348,0.091471,0.009503,0.119209,0.000785,-0.424946,0.008605,0.352297,0.844137,0.558030,-0.010372,0.430549,0.819769,0.145633,0.034921,0.322975,0.614312,-0.363066,0.001129,-0.390303,0.888791,0.016401,0.037141,0.311721,0.805341,0.616776,-0.014406,-0.311982,0.864024,0.074868,0.069139,-0.185931,0.112448,0.120811,-0.058048,0.170272,0.064786,-0.176919,0.123517,0.085382,-0.259460,-0.424550,0.008355,0.351885,0.558282,-0.010714,0.429966,0.144176,0.035317,0.323289,-0.362639,0.001010,-0.390336,0.016786,0.037588,0.312230,0.616323,-0.014414,-0.311681
858,8.580000,0.004812,0.366123,0.001033,-0.930553,0.120519,0.085061,-0.167244,0.000458,0.074531,0.069505,-0.182976,0.851990,0.112749,0.120686,-0.055509,0.909275,0.170781,0.064873,-0.174079,0.901163,0.124015,0.085181,-0.256412,0.916765,0.001118,0.036165,0.000571,-0.999345,0.091469,0.009561,0.119259,0.000830,-0.424983,0.008514,0.352269,0.844137,0.557985,-0.010280,0.430664,0.819769,0.145596,0.034950,0.323037,0.614312,-0.362991,0.001194,-0.390322,0.888791,0.016365,0.037147,0.311765,0.805341,0.616843,-0.014158,-0.311859,0.864024,0.075152,0.069208,-0.183059,0.112698,0.120987,-0.055160,0.170328,0.064580,-0.174121,0.123896,0.085470,-0.256639,-0.424554,0.008353,0.351861,0.558196,-0.010723,0.429912,0.144180,0.035319,0.323254,-0.362613,0.001009,-0.390267,0.016798,0.037575,0.312200,0.616415,-0.014080,-0.311376
859,8.590000,0.004580,0.366718,0.001374,-0.930320,0.120461,0.085202,-0.164270,0.000464,0.074486,0.069678,-0.180072,0.867932,0.112565,0.120755,-0.052521,0.866934,0.170722,0.064995,-0.171054,0.888060,0.124071,0.085380,-0.253434,0.907253,0.001215,0.036102,0.000665,-0.999347,0.091464,0.009484,0.119183,0.000846,-0.424958,0.008582,0.352259,0.841585,0.558016,-0.010389,0.430532,0.807973,0.145621,0.034901,0.322950,0.622901,-0.363062,0.001110,-0.390339,0.856290,0.016390,0.037121,0.311693,0.809361,0.616778,-0.014418,-0.311997,0.854308,0.074958,0.069452,-0.180144,0.112535,0.121007,-0.052053,0.170318,0.064812,-0.171116,0.124033,0.085538,-0.253768,-0.424542,0.008340,0.351847,0.558130,-0.010736,0.429857,0.144195,0.035304,0.323229,-0.362508,0.000985,-0.390249,0.016797,0.037551,0.312173,0.616292,-0.014419,-0.311675
860,8.600000,0.005138,0.367666,0.001889,-0.929942,0.120205,0.085232,-0.161566,0.000336,0.074242,0.069759,-0.177451,0.867932,0.112129,0.120870,-0.049857,0.866934,0.170453,0.064952,-0.168234,0.888060,0.123998,0.085345,-0.250722,0.907253,0.001114,0.036193,0.000566,-0.999344,0.091457,0.009545,0.119259,0.000879,-0.425008,0.008491,0.352240,0.841585,0.557956,-0.010294,0.430689,0.807973,0.145572,0.034933,0.323040,0.622901,-0.362974,0.001177,-0.390348,0.856290,0.016342,0.037128,0.311760,0.809361,0.616855,-0.014165,-0.311830,0.854308,0.074857,0.069596,-0.177327,0.111983,0.121084,-0.049645,0.170122,0.064659,-0.168294,0.123859,0.085587,-0.250999,-0.424543,0.008358,0.351846,0.558043,-0.010748,0.429879,0.144200,0.035278,0.323196,-0.362476,0.000982,-0.390209,0.016793,0.037535,0.312197,0.616375,-0.014068,-0.311362
861,8.610000,0.004536,0.368342,-0.002052,-0.929677,0.119979,0.085122,-0.158901,0.000470,0.074160,0.069264,-0.174823,0.861164,0.111467,0.120894,-0.047268,0.881286,0.170393,0.065222,-0.165462,0.901332,0.123898,0.085106,-0.248052,0.900600,0.001206,0.036152,0.000682,-0.999345,0.091444,0.009470,0.119216,0.000868,-0.425002,0.008579,0.352240,0.843509,0.557964,-0.010425,0.430612,0.807025,0.145582,0.034881,0.322988,0.641461,-0.363032,0.001120,-0.390352,0.837298,0.016351,0.037104,0.311719,0.810747,0.616801,-0.014441,-0.311912,0.855048,0.074636,0.069026,-0.174982,0.111455,0.121149,-0.046867,0.170073,0.065001,-0.165395,0.123753,0.085310,-0.248361,-0.424551,0.008361,0.351864,0.557950,-0.010805,0.429940,0.144221,0.035297,0.323164,-0.362419,0.000969,-0.390192,0.016795,0.037517,0.312172,0.616309,-0.014412,-0.311607
862,8.620000,0.004483,0.368646,-0.003848,-0.929551,0.119534,0.084803,-0.156288,0.000463,0.073779,0.068771,-0.172220,0.861164,0.110830,0.120683,-0.044704,0.881286,0.170019,0.065066,-0.162792,0.901332,0.123510,0.084692,-0.245436,0.900600,0.001214,0.036163,0.000667,-0.999345,0.091429,0.009456,0.119239,0.000864,-0.425022,0.008554,0.352252,0.843509,0.557943,-0.010420,0.430645,0.807025,0.145561,0.034872,0.323012,0.641461,-0.363036,0.001084,-0.390339,0.837298,0.016331,0.037092,0.311740,0.810747,0.616796,-0.014447,-0.311877,0.855048,0.074250,0.068615,-0.172342,0.110827,0.120872,-0.044277,0.169672,0.064933,-0.162694,0.123389,0.084792,-0.245838,-0.424547,0.008343,0.351875,0.557875,-0.010828,0.430027,0.144250,0.035273,0.323149,-0.362411,0.000915,-0.390134,0.016786,0.037525,0.312170,0.616304,-0.014397,-0.311621
863,8.630000,0.004532,0.368709,-0.002120,-0.929531,0.119467,0.084805,-0.153702,0.000448,0.073663,0.068940,-0.169660,0.830760,0.110862,0.120581,-0.042077,0.890602,0.169888,0.064911,-0.160222,0.875784,0.123456,0.084786,-0.242850,0.876604,0.001331,0.036120,0.000603,-0.999346,0.091357,0.009386,0.119269,0.000823,-0.425074,0.008478,0.352326,0.827098,0.557900,-0.010359,0.430639,0.817682,0.145504,0.034858,0.323031,0.674026,-0.363150,0.000838,-0.390267,0.871722,0.016273,0.037059,0.311770,0.803590,0.616690,-0.014557,-0.311887,0.883008,0.074273,0.068649,-0.169689,0.110779,0.120886,-0.041774,0.169542,0.064557,-0.160188,0.123276,0.085127,-0.243158,-0.424543,0.008336,0.351906,0.557801,-0.010857,0.430115,0.144261,0.035239,0.323122,-0.362756,0.000593,-0.390049,0.016789,0.037510,0.312154,0.616331,-0.014424,-0.311617
864,8.640000,0.005185,0.368190,-0.001344,-0.929735,0.119573,0.085075,-0.151141,0.000322,0.073720,0.069289,-0.167038,0.830760,0.111161,0.120939,-0.039530,0.890602,0.169948,0.065080,-0.157704,0.875784,0.123463,0.084991,-0.240293,0.876604,0.001338,0.036142,0.000593,-0.999346,0.091336,0.009388,0.119266,0.000799,-0.425105,0.008474,0.352301,0.827098,0.557866,-0.010344,0.430659,0.817682,0.145474,0.034863,0.323031,0.674026,-0.363148,0.000824,-0.390290,0.871722,0.016243,0.037062,0.311764,0.803590,0.616689,-0.014551,-0.311865,0.883008,0.074269,0.069245,-0.167027,0.111083,0.121041,-0.039325,0.169660,0.064938,-0.157620,0.123280,0.085075,-0.240593,-0.424547,0.008323,0.351917,0.557722,-0.010867,0.430200,0.144303,0.035224,0.323107,-0.362739,0.000571,-0.390046,0.016743,0.037548,0.312079,0.616329,-0.014408,-0.311644
865,8.650000,0.005322,0.368869,-0.000374,-0.929466,0.119570,0.085212,-0.148595,0.000406,0.073711,0.069520,-0.164566,0.855187,0.111061,0.121041,-0.036979,0.909637,0.169917,0.065125,-0.155093,0.915310,0.123591,0.085162,-0.237741,0.914713,0.001357,0.036162,0.000590,-0.999345,0.091308,0.009388,0.119288,0.000793,-0.425143,0.008479,0.352302,0.823345,0.557825,-0.010330,0.430700,0.826462,0.145437,0.034871,0.323054,0.706866,-0.363156,0.000802,-0.390286,0.863074,0.016206,0.037069,0.311782,0.810182,0.616677,-0.014565,-0.311821,0.892196,0.074281,0.069442,-0.164629,0.110972,0.121202,-0.036668,0.169629,0.064946,-0.155077,0.123397,0.085258,-0.238005,-0.424562,0.008353,0.351920,0.557614,-0.010865,0.430311,0.144320,0.035227,0.323062,-0.362778,0.000536,-0.389992,0.016746,0.037529,0.312052,0.616333,-0.014398,-0.311621
866,8.660000,0.004433,0.368387,-0.000685,-0.929662,0.119646,0.085386,-0.146125,0.000369,0.073790,0.069661,-0.162071,0.855187,0.111210,0.121046,-0.034449,0.909637,0.170011,0.065370,-0.152704,0.915310,0.123574,0.085468,-0.235275,0.914713,0.001354,0.036175,0.000568,-0.999344,0.091299,0.009382,0.119290,0.000781,-0.425158,0.008450,0.352290,0.823345,0.557809,-0.010318,0.430714,0.826462,0.145422,0.034867,0.323058,0.706866,-0.363151,0.000779,-0.390296,0.863074,0.016191,0.037059,0.311781,0.810182,0.616681,-0.014547,-0.311806,0.892196,0.074317,0.069550,-0.162151,0.111180,0.121187,-0.034184,0.169675,0.065231,-0.152616,0.123412,0.085575,-0.235548,-0.424565,0.008352,0.351916,0.557569,-0.010846,0.430377,0.144338,0.035213,0.323031,-0.362750,0.000506,-0.389988,0.016710,0.037483,0.312073,0.616339,-0.014369,-0.311670
867,8.670000,0.005424,0.368671,0.000667,-0.929544,0.119407,0.085476,-0.143645,0.000537,0.073510,0.069886,-0.159606,0.848087,0.111017,0.121258,-0.032005,0.849580,0.169711,0.065291,-0.150175,0.897993,0.123391,0.085470,-0.232793,0.911988,0.001401,0.036198,0.000552,-0.999344,0.091261,0.009391,0.119284,0.000798,-0.425206,0.008466,0.352261,0.809578,0.557757,-0.010265,0.430730,0.825993,0.145374,0.034897,0.323051,0.738434,-0.363166,0.000726,-0.390322,0.851434,0.016144,0.037084,0.311769,0.814785,0.616663,-0.014563,-0.311786,0.892296,0.074100,0.069765,-0.159687,0.110878,0.121515,-0.031479,0.169414,0.065053,-0.150322,0.123237,0.085573,-0.233092,-0.424563,0.008366,0.351866,0.557421,-0.010770,0.430388,0.144374,0.035202,0.323010,-0.362768,0.000468,-0.389964,0.016699,0.037500,0.312030,0.616300,-0.014391,-0.311632
868,8.680000,0.004298,0.368352,0.001263,-0.929676,0.119375,0.085392,-0.141225,0.000346,0.073463,0.069855,-0.157195,0.848087,0.111071,0.120893,-0.029489,0.849580,0.169669,0.065209,-0.147841,0.897993,0.123298,0.085610,-0.230375,0.911988,0.001409,0.036202,0.000566,-0.999343,0.091314,0.009388,0.119243,0.000844,-0.425155,0.008481,0.352217,0.809578,0.557808,-0.010277,0.430693,0.825993,0.145426,0.034895,0.323011,0.738434,-0.363109,0.000728,-0.390366,0.851434,0.016196,0.037086,0.311728,0.814785,0.616719,-0.014588,-0.311822,0.892296,0.074028,0.069762,-0.157202,0.110970,0.121051,-0.029255,0.169380,0.065009,-0.147848,0.123123,0.085745,-0.230596,-0.424552,0.008352,0.351860,0.557477,-0.010824,0.430470,0.144407,0.035185,0.322986,-0.362707,0.000456,-0.389941,0.016886,0.037597,0.311721,0.616280,-0.014397,-0.311638
869,8.690000,0.005565,0.368669,0.002361,-0.929541,0.119344,0.085461,-0.138910,0.000504,0.073397,0.070036,-0.154887,0.831658,0.111068,0.121159,-0.027235,0.858956,0.169582,0.065119,-0.145460,0.873773,0.123330,0.085529,-0.228057,0.905448,0.001422,0.036207,0.000558,-0.999343,0.091311,0.009390,0.119260,0.000841,-0.425160,0.008482,0.352228,0.819154,0.557802,-0.010259,0.430716,0.830444,0.145421,0.034904,0.323028,0.741432,-0.363106,0.000710,-0.390353,0.832745,0.016191,0.037092,0.311743,0.788595,0.616721,-0.014589,-0.311799,0.873667,0.074027,0.069801,-0.154930,0.110912,0.121490,-0.026805,0.169272,0.064758,-0.145630,0.123167,0.085793,-0.228273,-0.424553,0.008367,0.351851,0.557454,-0.010815,0.430541,0.144432,0.035198,0.322960,-0.362717,0.000431,-0.389886,0.016881,0.037581,0.311725,0.616288,-0.014386,-0.311636
870,8.700000,0.004288,0.368483,0.002640,-0.929621,0.119120,0.085377,-0.136759,0.000319,0.073173,0.069974,-0.152758,0.831658,0.110874,0.120784,-0.024989,0.858956,0.169364,0.065073,-0.143381,0.873773,0.123070,0.085677,-0.225908,0.905448,0.001340,0.036293,0.000578,-0.999340,0.091329,0.009387,0.119312,0.000827,-0.425182,0.008458,0.352191,0.819154,0.557765,-0.010329,0.430845,0.830444,0.145404,0.034865,0.323093,0.741432,-0.363001,0.000806,-0.390381,0.832745,0.016176,0.037060,0.311787,0.788595,0.616812,-0.014539,-0.311661,0.873667,0.073724,0.069839,-0.152720,0.110751,0.120975,-0.024782,0.169086,0.064823,-0.143446,0.122921,0.085870,-0.226089,-0.424556,0.008355,0.351866,0.557382,-0.010788,0.430602,0.144467,0.035161,0.322948,-0.362380,0.000581,-0.389958,0.016680,0.037425,0.312018,0.616306,-0.014387,-0.311613
871,8.710000,0.004067,0.367846,0.001483,-0.929877,0.118937,0.085434,-0.134686,0.000253,0.073004,0.069917,-0.150614,0.884634,0.110763,0.120870,-0.022920,0.950440,0.169219,0.065243,-0.141368,0.916151,0.122763,0.085704,-0.223840,0.921314,0.001377,0.036290,0.000588,-0.999340,0.091360,0.009413,0.119285,0.000856,-0.425150,0.008513,0.352167,0.832634,0.557798,-0.010292,0.430816,0.835233,0.145437,0.034905,0.323063,0.752789,-0.362974,0.000806,-0.390405,0.803050,0.016209,0.037102,0.311757,0.800406,0.616840,-0.014556,-0.311690,0.858696,0.073430,0.069744,-0.150642,0.110732,0.121029,-0.022805,0.168967,0.065041,-0.141277,0.122619,0.085920,-0.224017,-0.424556,0.008359,0.351900,0.557378,-0.010788,0.430706,0.144497,0.035177,0.322924,-0.362392,0.000579,-0.389925,0.016856,0.037567,0.311707,0.616303,-0.014395,-0.311616
872,8.720000,0.004644,0.367960,0.002789,-0.929826,0.118828,0.085529,-0.132743,0.000310,0.072854,0.070142,-0.148682,0.884634,0.110726,0.121002,-0.020983,0.950440,0.169053,0.065195,-0.139411,0.916151,0.122678,0.085779,-0.221897,0.921314,0.001391,0.036289,0.000582,-0.999340,0.091354,0.009419,0.119328,0.000831,-0.425155,0.008520,0.352211,0.832634,0.557793,-0.010271,0.430859,0.835233,0.145432,0.034918,0.323106,0.752789,-0.362980,0.000793,-0.390361,0.803050,0.016204,0.037113,0.311800,0.800406,0.616834,-0.014555,-0.311647,0.858696,0.073402,0.069926,-0.148712,0.110654,0.121224,-0.020819,0.168719,0.064929,-0.139442,0.122536,0.086039,-0.222000,-0.424551,0.008364,0.351920,0.557366,-0.010761,0.430820,0.144555,0.035183,0.322925,-0.362442,0.000574,-0.389847,0.016840,0.037568,0.311735,0.616309,-0.014396,-0.311595
873,8.730000,0.005234,0.367396,0.000831,-0.930050,0.118596,0.085440,-0.130822,0.000366,0.072652,0.069866,-0.146665,0.862854,0.110518,0.121170,-0.019143,0.926158,0.168878,0.065250,-0.137501,0.907216,0.122335,0.085476,-0.219981,0.908398,0.001398,0.036282,0.000583,-0.999340,0.091342,0.009415,0.119355,0.000822,-0.425165,0.008521,0.352245,0.823320,0.557784,-0.010272,0.430880,0.837565,0.145422,0.034916,0.323131,0.772747,-0.363000,0.000782,-0.390328,0.805874,0.016194,0.037111,0.311827,0.796703,0.616815,-0.014568,-0.311627,0.871074,0.073181,0.069735,-0.146730,0.110478,0.121326,-0.018895,0.168565,0.065078,-0.137397,0.122158,0.085621,-0.220267,-0.424553,0.008361,0.351928,0.557360,-0.010762,0.430929,0.144569,0.035149,0.322919,-0.362523,0.000567,-0.389755,0.016834,0.037593,0.311692,0.616327,-0.014405,-0.311596
874,8.740000,0.005472,0.367510,0.000429,-0.930003,0.118244,0.085143,-0.129019,0.000442,0.072314,0.069531,-0.144861,0.862854,0.110119,0.120951,-0.017368,0.926158,0.168540,0.064977,-0.135670,0.907216,0.122005,0.085115,-0.218176,0.908398,0.001421,0.036299,0.000579,-0.999340,0.091329,0.009469,0.119295,0.000862,-0.425185,0.008581,0.352168,0.823320,0.557762,-0.010201,0.430837,0.837565,0.145402,0.034979,0.323073,0.772747,-0.362995,0.000809,-0.390402,0.805874,0.016175,0.037173,0.311764,0.796703,0.616817,-0.014530,-0.311668,0.871074,0.072810,0.069454,-0.144796,0.110016,0.121112,-0.016968,0.168232,0.064823,-0.135706,0.121920,0.085185,-0.218605,-0.424550,0.008337,0.351919,0.557361,-0.010721,0.430987,0.144606,0.035152,0.322874,-0.362497,0.000591,-0.389703,0.016814,0.037946,0.311299,0.616327,-0.014401,-0.311641
875,8.750000,0.005150,0.366876,-0.001819,-0.930254,0.117862,0.085159,-0.126962,0.000403,0.071978,0.069327,-0.142725,0.862132,0.109733,0.121047,-0.015337,0.911147,0.168236,0.065207,-0.133662,0.909179,0.121499,0.085053,-0.216125,0.918749,0.001274,0.036330,0.000471,-0.999339,0.091338,0.009464,0.119438,0.000808,-0.425191,0.008393,0.352278,0.810834,0.557755,-0.010190,0.431003,0.852532,0.145393,0.034928,0.323226,0.784499,-0.362952,0.000848,-0.390290,0.804764,0.016165,0.037096,0.311910,0.860851,0.616858,-0.014293,-0.311499,0.869789,0.072495,0.069184,-0.142853,0.109702,0.121228,-0.015033,0.167922,0.065036,-0.133597,0.121328,0.085186,-0.216366,-0.424548,0.008372,0.351879,0.557410,-0.010668,0.431014,0.144659,0.035159,0.322837,-0.362546,0.000594,-0.389673,0.016630,0.037402,0.311931,0.616405,-0.014071,-0.311370
876,8.760000,0.005185,0.366080,-0.000936,-0.930568,0.117769,0.085208,-0.124990,0.000378,0.071832,0.069463,-0.140684,0.862078,0.109891,0.121045,-0.013331,0.916912,0.168098,0.065176,-0.131788,0.905519,0.121255,0.085149,-0.214159,0.911011,0.001266,0.036333,0.000473,-0.999339,0.091342,0.009473,0.119437,0.000802,-0.425188,0.008401,0.352274,0.810205,0.557757,-0.010187,0.431004,0.847460,0.145395,0.034934,0.323225,0.792687,-0.362946,0.000867,-0.390294,0.801585,0.016168,0.037103,0.311909,0.862127,0.616864,-0.014279,-0.311498,0.867764,0.072354,0.069298,-0.140753,0.109843,0.121236,-0.013063,0.167787,0.064971,-0.131726,0.121091,0.085327,-0.214420,-0.424545,0.008361,0.351872,0.557397,-0.010676,0.431065,0.144724,0.035175,0.322802,-0.362549,0.000618,-0.389653,0.016617,0.037424,0.311905,0.616399,-0.014060,-0.311374
877,8.770000,0.005750,0.365785,-0.000584,-0.930681,0.117632,0.085234,-0.123193,0.000333,0.071669,0.069525,-0.138845,0.862078,0.109862,0.121168,-0.011557,0.916912,0.167936,0.065142,-0.130006,0.905519,0.121062,0.085100,-0.212364,0.911011,0.001266,0.036321,0.000473,-0.999339,0.091354,0.009491,0.119436,0.000792,-0.425171,0.008418,0.352286,0.810205,0.557777,-0.010169,0.430992,0.847460,0.145412,0.034952,0.323223,0.792687,-0.362947,0.000884,-0.390284,0.801585,0.016184,0.037120,0.311910,0.862127,0.616866,-0.014261,-0.311511,0.867764,0.072161,0.069348,-0.138917,0.109836,0.121348,-0.011346,0.167617,0.064950,-0.129930,0.120914,0.085290,-0.212579,-0.424540,0.008363,0.351858,0.557484,-0.010646,0.431086,0.144741,0.035189,0.322802,-0.362577,0.000651,-0.389626,0.016609,0.037445,0.311869,0.616398,-0.014055,-0.311378
878,8.780000,0.005525,0.365283,0.000245,-0.930880,0.117451,0.085140,-0.121387,0.000348,0.071449,0.069511,-0.137006,0.857002,0.109850,0.120970,-0.009706,0.919981,0.167719,0.064985,-0.128274,0.893415,0.120785,0.085093,-0.210561,0.915749,0.001374,0.036261,0.000563,-0.999341,0.091348,0.009438,0.119393,0.000768,-0.425148,0.008512,0.352305,0.809241,0.557805,-0.010245,0.430897,0.869982,0.145436,0.034932,0.323169,0.800834,-0.363015,0.000811,-0.390270,0.798058,0.016207,0.037123,0.311870,0.872627,0.616804,-0.014503,-0.311612,0.878002,0.071963,0.069270,-0.137080,0.109817,0.121200,-0.009487,0.167372,0.064739,-0.128246,0.120651,0.085348,-0.210735,-0.424551,0.008359,0.351856,0.557533,-0.010632,0.431114,0.144776,0.035174,0.322793,-0.362594,0.000671,-0.389595,0.016595,0.037453,0.311850,0.616330,-0.014395,-0.311656
879,8.790000,0.005666,0.364944,0.001233,-0.931011,0.117464,0.085345,-0.119629,0.000323,0.071421,0.069813,-0.135222,0.857002,0.110013,0.121138,-0.007926,0.919981,0.167689,0.065096,-0.126561,0.893415,0.120735,0.085333,-0.208805,0.915749,0.001332,0.036248,0.000606,-0.999342,0.091375,0.009423,0.119431,0.000740,-0.425116,0.008518,0.352356,0.809241,0.557838,-0.010325,0.430922,0.869982,0.145470,0.034894,0.323207,0.800834,-0.363001,0.000877,-0.390222,0.798058,0.016241,0.037097,0.311913,0.872627,0.616818,-0.014524,-0.311589,0.878002,0.071989,0.069536,-0.135244,0.109919,0.121416,-0.007777,0.167382,0.064742,-0.126601,0.120568,0.085684,-0.208893,-0.424564,0.008363,0.351895,0.557710,-0.010752,0.431204,0.144806,0.035175,0.322789,-0.362610,0.000723,-0.389550,0.016566,0.037436,0.311866,0.616335,-0.014404,-0.311622
880,8.800000,0.006047,0.364611,0.001607,-0.931139,0.117453,0.085473,-0.117944,0.000302,0.071384,0.069980,-0.133498,0.843526,0.110117,0.121322,-0.006251,0.935331,0.167652,0.065172,-0.124903,0.892201,0.120660,0.085419,-0.207123,0.921409,0.001300,0.036221,0.000601,-0.999343,0.091388,0.009437,0.119450,0.000712,-0.425090,0.008512,0.352402,0.819396,0.557868,-0.010325,0.430914,0.867546,0.145494,0.034896,0.323225,0.793975,-0.363015,0.000918,-0.390179,0.809707,0.016265,0.037098,0.311937,0.881081,0.616809,-0.014476,-0.311601,0.877372,0.071985,0.069806,-0.133489,0.110023,0.121518,-0.006110,0.167308,0.064914,-0.124924,0.120497,0.085655,-0.207251,-0.424570,0.008343,0.351930,0.557821,-0.010757,0.431218,0.144841,0.035177,0.322807,-0.362672,0.000771,-0.389516,0.016572,0.037452,0.311860,0.616332,-0.014362,-0.311606
881,8.810000,0.005283,0.364309,0.000887,-0.931263,0.117322,0.085519,-0.116401,0.000315,0.071271,0.069952,-0.131939,0.843526,0.109991,0.121253,-0.004671,0.935331,0.167555,0.065319,-0.123412,0.892201,0.120470,0.085551,-0.205582,0.921409,0.001309,0.036211,0.000612,-0.999343,0.091391,0.009444,0.119463,0.000719,-0.425082,0.008534,0.352427,0.819396,0.557877,-0.010323,0.430918,0.867546,0.145501,0.034906,0.323237,0.793975,-0.363024,0.000926,-0.390156,0.809707,0.016272,0.037110,0.311952,0.881081,0.616802,-0.014488,-0.311598,0.877372,0.071815,0.069736,-0.132040,0.109947,0.121466,-0.004526,0.167233,0.065067,-0.123383,0.120292,0.085806,-0.205655,-0.424565,0.008342,0.351939,0.557835,-0.010762,0.431251,0.144899,0.035201,0.322802,-0.362678,0.000789,-0.389452,0.016546,0.037478,0.311836,0.616309,-0.014382,-0.311595
882,8.820000,0.005166,0.363741,0.000752,-0.931486,0.117208,0.085579,-0.114679,0.000274,0.071144,0.069999,-0.130162,0.859737,0.110002,0.121297,-0.002936,0.955875,0.167439,0.065397,-0.121754,0.905285,0.120247,0.085623,-0.203864,0.910408,0.001292,0.036201,0.000626,-0.999344,0.091399,0.009458,0.119467,0.000703,-0.425070,0.008553,0.352440,0.815594,0.557890,-0.010332,0.430911,0.864031,0.145514,0.034911,0.323240,0.798901,-0.363026,0.000971,-0.390144,0.803304,0.016284,0.037119,0.311957,0.882658,0.616800,-0.014472,-0.311606,0.881748,0.071670,0.069825,-0.130252,0.109968,0.121460,-0.002876,0.167180,0.065163,-0.121607,0.120014,0.085869,-0.203981,-0.424571,0.008335,0.351942,0.557893,-0.010737,0.431275,0.144911,0.035199,0.322792,-0.362719,0.000866,-0.389427,0.016546,0.037483,0.311818,0.616334,-0.014396,-0.311601
883,8.830000,0.005339,0.363414,0.002097,-0.931610,0.117114,0.085556,-0.113160,0.000261,0.070999,0.070107,-0.128622,0.859737,0.110079,0.121219,-0.001389,0.955875,0.167287,0.065246,-0.120283,0.905285,0.120092,0.085651,-0.202347,0.910408,0.001161,0.036232,0.000541,-0.999343,0.091420,0.009509,0.119511,0.000705,-0.425063,0.008452,0.352452,0.815594,0.557896,-0.010279,0.430979,0.864031,0.145518,0.034919,0.323294,0.798901,-0.362972,0.001071,-0.390131,0.803304,0.016288,0.037107,0.312004,0.882658,0.616852,-0.014218,-0.311535,0.881748,0.071525,0.069959,-0.128620,0.109963,0.121406,-0.001311,0.167101,0.064951,-0.120262,0.119869,0.085908,-0.202446,-0.424554,0.008339,0.351920,0.557982,-0.010785,0.431273,0.144944,0.035211,0.322774,-0.362784,0.000870,-0.389392,0.016527,0.037455,0.311801,0.616398,-0.014035,-0.311319
884,8.840000,0.004268,0.362787,0.001355,-0.931861,0.117134,0.085519,-0.111492,0.000273,0.071031,0.069994,-0.126914,0.876268,0.110173,0.121004,0.000340,0.965213,0.167341,0.065328,-0.118712,0.908434,0.119991,0.085751,-0.200683,0.924412,0.001160,0.036223,0.000554,-0.999343,0.091414,0.009528,0.119492,0.000710,-0.425065,0.008484,0.352442,0.808723,0.557895,-0.010272,0.430952,0.855484,0.145516,0.034936,0.323274,0.795592,-0.362987,0.001102,-0.390141,0.804061,0.016287,0.037128,0.311986,0.883235,0.616838,-0.014212,-0.311564,0.864589,0.071497,0.069846,-0.126994,0.110174,0.121125,0.000410,0.167056,0.065170,-0.118546,0.119810,0.085936,-0.200839,-0.424555,0.008360,0.351886,0.558025,-0.010746,0.431256,0.144939,0.035207,0.322762,-0.362822,0.000925,-0.389396,0.016516,0.037472,0.311769,0.616377,-0.014048,-0.311331
885,8.850000,0.004585,0.362152,0.003554,-0.932101,0.117144,0.085472,-0.110059,0.000233,0.070954,0.070161,-0.125435,0.876268,0.110487,0.120873,0.001818,0.965213,0.167253,0.065071,-0.117367,0.908434,0.119883,0.085781,-0.199254,0.924412,0.001164,0.036210,0.000552,-0.999343,0.091422,0.009528,0.119478,0.000699,-0.425051,0.008485,0.352443,0.808723,0.557911,-0.010266,0.430927,0.855484,0.145529,0.034939,0.323259,0.795592,-0.362993,0.001096,-0.390142,0.804061,0.016299,0.037129,0.311975,0.883235,0.616835,-0.014212,-0.311590,0.864589,0.071430,0.070040,-0.125490,0.110463,0.120983,0.001871,0.166966,0.064918,-0.117268,0.119718,0.085945,-0.199351,-0.424547,0.008356,0.351865,0.558098,-0.010749,0.431263,0.144960,0.035191,0.322759,-0.362888,0.000916,-0.389404,0.016521,0.037500,0.311728,0.616385,-0.014044,-0.311340
886,8.860000,0.003606,0.361980,0.001572,-0.932178,0.116978,0.085546,-0.108632,0.000275,0.070849,0.070038,-0.123996,0.881672,0.110208,0.120874,0.003262,0.961720,0.167174,0.065368,-0.115967,0.911863,0.119681,0.085902,-0.197827,0.935526,0.001264,0.036153,0.000639,-0.999345,0.091412,0.009474,0.119427,0.000674,-0.425034,0.008568,0.352450,0.804369,0.557933,-0.010346,0.430826,0.847964,0.145547,0.034913,0.323197,0.812533,-0.363063,0.001026,-0.390140,0.818054,0.016316,0.037125,0.311927,0.890674,0.616771,-0.014445,-0.311697,0.881885,0.071280,0.069890,-0.124124,0.110231,0.120992,0.003357,0.166884,0.065238,-0.115814,0.119517,0.086062,-0.197946,-0.424558,0.008347,0.351870,0.558117,-0.010710,0.431277,0.144989,0.035171,0.322766,-0.362889,0.000950,-0.389438,0.016506,0.037472,0.311740,0.616304,-0.014388,-0.311654
887,8.870000,0.003950,0.361856,0.001696,-0.932224,0.116714,0.085614,-0.107397,0.000238,0.070574,0.070121,-0.122740,0.881672,0.109991,0.121007,0.004479,0.961720,0.166898,0.065409,-0.114734,0.911863,0.119393,0.085920,-0.196593,0.935526,0.001279,0.036157,0.000652,-0.999345,0.091418,0.009483,0.119438,0.000669,-0.425031,0.008599,0.352456,0.804369,0.557935,-0.010341,0.430842,0.847964,0.145552,0.034927,0.323207,0.812533,-0.363052,0.001032,-0.390134,0.818054,0.016321,0.037142,0.311936,0.890674,0.616781,-0.014464,-0.311681,0.881885,0.071019,0.069991,-0.122821,0.110006,0.121092,0.004453,0.166612,0.065278,-0.114563,0.119220,0.086095,-0.196657,-0.424563,0.008360,0.351884,0.558167,-0.010723,0.431344,0.145023,0.035206,0.322745,-0.362921,0.000957,-0.389447,0.016495,0.037503,0.311713,0.616305,-0.014407,-0.311614
888,8.880000,0.003934,0.362046,0.001161,-0.932151,0.116519,0.085591,-0.106230,0.000281,0.070401,0.070045,-0.121586,0.881151,0.109715,0.121017,0.005631,0.965952,0.166726,0.065433,-0.113540,0.915800,0.119234,0.085867,-0.195425,0.928209,0.001274,0.036145,0.000645,-0.999346,0.091429,0.009475,0.119443,0.000639,-0.425014,0.008582,0.352474,0.810233,0.557954,-0.010345,0.430835,0.828579,0.145567,0.034918,0.323211,0.820233,-0.363053,0.001023,-0.390118,0.838531,0.016336,0.037131,0.311943,0.893673,0.616781,-0.014460,-0.311688,0.882969,0.070859,0.069952,-0.121672,0.109711,0.121107,0.005733,0.166458,0.065316,-0.113374,0.119048,0.085988,-0.195608,-0.424560,0.008359,0.351908,0.558212,-0.010718,0.431350,0.145072,0.035188,0.322765,-0.362964,0.000946,-0.389483,0.016489,0.037474,0.311743,0.616321,-0.014401,-0.311625
889,8.890000,0.004311,0.361538,0.001851,-0.932346,0.116183,0.085490,-0.105098,0.000193,0.070024,0.070013,-0.120401,0.881151,0.109555,0.120949,0.006763,0.965952,0.166351,0.065253,-0.112458,0.915800,0.118801,0.085745,-0.194296,0.928209,0.001286,0.036140,0.000647,-0.999346,0.091438,0.009485,0.119450,0.000646,-0.425002,0.008599,0.352486,0.810233,0.557966,-0.010330,0.430838,0.828579,0.145579,0.034933,0.323217,0.820233,-0.363049,0.001023,-0.390106,0.838531,0.016348,0.037146,0.311951,0.893673,0.616786,-0.014463,-0.311686,0.882969,0.070487,0.069847,-0.120434,0.109513,0.121095,0.006763,0.166105,0.065031,-0.112375,0.118627,0.085988,-0.194344,-0.424546,0.008359,0.351925,0.558262,-0.010715,0.431359,0.145094,0.035221,0.322769,-0.362979,0.000949,-0.389483,0.016480,0.037502,0.311724,0.616319,-0.014407,-0.311593
890,8.900000,0.004360,0.361292,-0.000062,-0.932443,0.116076,0.085525,-0.104020,0.000279,0.069963,0.069863,-0.119274,0.891523,0.109384,0.121126,0.007793,0.969255,0.166311,0.065454,-0.111377,0.910660,0.118645,0.085657,-0.193219,0.941952,0.001310,0.036126,0.000628,-0.999346,0.091448,0.009490,0.119436,0.000634,-0.424986,0.008597,0.352487,0.811517,0.557986,-0.010293,0.430812,0.818072,0.145593,0.034950,0.323200,0.826116,-0.363054,0.000987,-0.390106,0.844130,0.016362,0.037158,0.311937,0.888695,0.616784,-0.014460,-0.311714,0.886140,0.070347,0.069728,-0.119425,0.109440,0.121214,0.007859,0.166026,0.065368,-0.111180,0.118491,0.085790,-0.193332,-0.424551,0.008362,0.351917,0.558307,-0.010666,0.431348,0.145133,0.035215,0.322751,-0.363028,0.000917,-0.389488,0.016482,0.037517,0.311702,0.616343,-0.014405,-0.311615
891,8.910000,0.004159,0.361261,-0.000020,-0.932456,0.115843,0.085542,-0.102936,0.000281,0.069731,0.069883,-0.118194,0.891523,0.109156,0.121097,0.008891,0.969255,0.166079,0.065478,-0.110306,0.910660,0.118406,0.085711,-0.192136,0.941952,0.001294,0.036122,0.000617,-0.999346,0.091439,0.009478,0.119431,0.000626,-0.424993,0.008566,0.352486,0.811517,0.557980,-0.010303,0.430803,0.818072,0.145586,0.034933,0.323196,0.826116,-0.363066,0.000981,-0.390108,0.844130,0.016354,0.037138,0.311934,0.888695,0.616773,-0.014446,-0.311723,0.886140,0.070089,0.069707,-0.118364,0.109229,0.121214,0.009005,0.165764,0.065389,-0.110137,0.118291,0.085859,-0.192250,-0.424550,0.008339,0.351924,0.558309,-0.010671,0.431334,0.145149,0.035200,0.322750,-0.363055,0.000910,-0.389533,0.016466,0.037481,0.311718,0.616316,-0.014391,-0.311607
892,8.920000,0.004889,0.361195,0.000683,-0.932477,0.115637,0.085429,-0.102046,0.000247,0.069494,0.069842,-0.117285,0.874913,0.109031,0.121092,0.009752,0.956055,0.165835,0.065266,-0.109405,0.911643,0.118189,0.085517,-0.191246,0.923339,0.001296,0.036119,0.000628,-0.999347,0.091441,0.009484,0.119412,0.000629,-0.424989,0.008584,0.352471,0.810614,0.557983,-0.010306,0.430781,0.818403,0.145590,0.034938,0.323177,0.835964,-0.363067,0.000994,-0.390124,0.858881,0.016358,0.037147,0.311915,0.897588,0.616772,-0.014453,-0.311746,0.876335,0.069956,0.069665,-0.117357,0.109009,0.121249,0.009827,0.165570,0.065059,-0.109297,0.118015,0.085743,-0.191358,-0.424552,0.008365,0.351892,0.558353,-0.010665,0.431293,0.145160,0.035192,0.322751,-0.363070,0.000924,-0.389564,0.016454,0.037484,0.311704,0.616302,-0.014397,-0.311602
893,8.930000,0.004528,0.361478,-0.001687,-0.932368,0.115417,0.085433,-0.101047,0.000274,0.069356,0.069614,-0.116296,0.874913,0.108578,0.121180,0.010710,0.956055,0.165713,0.065498,-0.108355,0.911643,0.118021,0.085440,-0.190245,0.923339,0.001316,0.036102,0.000603,-0.999347,0.091426,0.009494,0.119397,0.000634,-0.424996,0.008578,0.352473,0.810614,0.557980,-0.010261,0.430751,0.818403,0.145581,0.034959,0.323159,0.835964,-0.363099,0.000961,-0.390123,0.858881,0.016348,0.037161,0.311902,0.897588,0.616744,-0.014435,-0.311777,0.876335,0.069775,0.069443,-0.116480,0.108623,0.121303,0.010748,0.165433,0.065359,-0.108178,0.117837,0.085627,-0.190277,-0.424564,0.008381,0.351873,0.558389,-0.010620,0.431253,0.145164,0.035206,0.322732,-0.363129,0.000883,-0.389565,0.016417,0.037481,0.311700,0.616281,-0.014369,-0.311608
894,8.940000,0.004929,0.361358,-0.000717,-0.932414,0.115214,0.085320,-0.100095,0.000320,0.069116,0.069597,-0.115332,0.869542,0.108478,0.121087,0.011662,0.933511,0.165466,0.065279,-0.107415,0.914991,0.117795,0.085318,-0.189294,0.924037,0.001317,0.036102,0.000599,-0.999347,0.091433,0.009487,0.119383,0.000626,-0.424990,0.008568,0.352458,0.809449,0.557987,-0.010263,0.430736,0.811636,0.145587,0.034954,0.323144,0.843002,-0.363092,0.000950,-0.390138,0.862945,0.016355,0.037154,0.311887,0.903098,0.616751,-0.014438,-0.311792,0.878708,0.069605,0.069439,-0.115420,0.108426,0.121270,0.011848,0.165211,0.065059,-0.107367,0.117614,0.085513,-0.189439,-0.424554,0.008372,0.351864,0.558403,-0.010633,0.431244,0.145189,0.035204,0.322728,-0.363138,0.000865,-0.389599,0.016399,0.037483,0.311687,0.616300,-0.014366,-0.311629
895,8.950000,0.004827,0.361488,-0.000766,-0.932364,0.115239,0.085356,-0.099159,0.000309,0.069148,0.069628,-0.114411,0.869542,0.108466,0.121105,0.012602,0.933511,0.165496,0.065324,-0.106468,0.914991,0.117845,0.085368,-0.188357,0.924037,0.001318,0.036098,0.000590,-0.999347,0.091438,0.009479,0.119384,0.000625,-0.424983,0.008552,0.352464,0.809449,0.557995,-0.010262,0.430734,0.811636,0.145593,0.034947,0.323145,0.843002,-0.363091,0.000932,-0.390132,0.862945,0.016361,0.037146,0.311889,0.903098,0.616752,-0.014439,-0.311795,0.878708,0.069631,0.069453,-0.114606,0.108488,0.121253,0.012683,0.165219,0.065148,-0.106285,0.117617,0.085572,-0.188426,-0.424566,0.008349,0.351862,0.558448,-0.010631,0.431238,0.145206,0.035212,0.322728,-0.363169,0.000853,-0.389612,0.016401,0.037469,0.311699,0.616308,-0.014374,-0.311611
896,8.960000,0.005533,0.361852,0.000351,-0.932219,0.115318,0.085283,-0.098359,0.000249,0.069199,0.069667,-0.113640,0.866337,0.108549,0.121106,0.013378,0.948143,0.165530,0.065118,-0.105618,0.901629,0.117995,0.085243,-0.187555,0.928119,0.001328,0.036088,0.000588,-0.999348,0.091434,0.009476,0.119382,0.000622,-0.424982,0.008553,0.352472,0.814301,0.557998,-0.010257,0.430722,0.802075,0.145594,0.034948,0.323141,0.846595,-0.363106,0.000918,-0.390125,0.874492,0.016361,0.037146,0.311888,0.904063,0.616740,-0.014449,-0.311808,0.882034,0.069683,0.069454,-0.113714,0.108524,0.121294,0.013464,0.165207,0.064895,-0.105586,0.117859,0.085492,-0.187599,-0.424562,0.008355,0.351892,0.558477,-0.010629,0.431232,0.145202,0.035198,0.322739,-0.363190,0.000834,-0.389638,0.016371,0.037480,0.311699,0.616306,-0.014380,-0.311634
897,8.970000,0.005821,0.362393,0.001357,-0.932006,0.115355,0.085251,-0.097613,0.000295,0.069221,0.069733,-0.112951,0.866337,0.108529,0.121067,0.014123,0.948143,0.165532,0.064982,-0.104817,0.901629,0.118136,0.085222,-0.186806,0.928119,0.001461,0.036001,0.000506,-0.999351,0.091369,0.009426,0.119388,0.000599,-0.425006,0.008485,0.352569,0.814301,0.557990,-0.010150,0.430653,0.802075,0.145560,0.034962,0.323131,0.846595,-0.363257,0.000659,-0.390038,0.874492,0.016326,0.037137,0.311900,0.904063,0.616604,-0.014534,-0.311886,0.882034,0.069693,0.069533,-0.113051,0.108500,0.121264,0.014293,0.165216,0.064775,-0.104821,0.118010,0.085433,-0.186873,-0.424570,0.008359,0.351905,0.558525,-0.010633,0.431222,0.145224,0.035207,0.322743,-0.363619,0.000509,-0.389593,0.016382,0.037482,0.311707,0.616302,-0.014389,-0.311627
898,8.980000,0.005819,0.362581,0.000533,-0.931934,0.115380,0.085337,-0.096689,0.000236,0.069276,0.069739,-0.112036,0.882614,0.108455,0.121209,0.015022,0.967041,0.165592,0.065141,-0.103862,0.910360,0.118197,0.085259,-0.185882,0.924448,0.001352,0.036054,0.000389,-0.999349,0.091384,0.009481,0.119437,0.000619,-0.425016,0.008367,0.352563,0.803850,0.557977,-0.010049,0.430747,0.765959,0.145547,0.034987,0.323191,0.858439,-0.363187,0.000711,-0.390038,0.830478,0.016313,0.037133,0.311946,0.892286,0.616669,-0.014264,-0.311787,0.861190,0.069704,0.069560,-0.112107,0.108460,0.121340,0.015032,0.165328,0.064959,-0.103701,0.118028,0.085488,-0.185981,-0.424571,0.008327,0.351918,0.558553,-0.010616,0.431219,0.145241,0.035200,0.322765,-0.363664,0.000486,-0.389612,0.016359,0.037489,0.311707,0.616419,-0.014033,-0.311348
899,8.990000,0.005452,0.362484,-0.000595,-0.931974,0.115520,0.085214,-0.095942,0.000270,0.069449,0.069505,-0.111277,0.882614,0.108534,0.121085,0.015766,0.967041,0.165778,0.065136,-0.103123,0.910360,0.118317,0.085131,-0.185135,0.924448,0.001357,0.036033,0.000393,-0.999350,0.091393,0.009476,0.119436,0.000628,-0.424997,0.008368,0.352584,0.803850,0.557998,-0.010055,0.430726,0.765959,0.145565,0.034983,0.323187,0.858439,-0.363200,0.000705,-0.390020,0.830478,0.016330,0.037130,0.311948,0.892286,0.616660,-0.014276,-0.311810,0.861190,0.069955,0.069343,-0.111362,0.108526,0.121221,0.015821,0.165471,0.064953,-0.102981,0.118127,0.085340,-0.185246,-0.424576,0.008342,0.351924,0.558621,-0.010642,0.431201,0.145282,0.035220,0.322766,-0.363693,0.000479,-0.389605,0.016368,0.037452,0.311718,0.616401,-0.014041,-0.311352
900,9.000000,0.005966,0.362871,-0.000659,-0.931820,0.115553,0.085228,-0.095336,0.000309,0.069492,0.069515,-0.110693,0.880251,0.108483,0.121213,0.016330,0.945363,0.165812,0.065131,-0.102455,0.895410,0.118425,0.085055,-0.184526,0.919856,0.001365,0.036035,0.000396,-0.999350,0.091401,0.009468,0.119421,0.000632,-0.424990,0.008368,0.352567,0.799568,0.558005,-0.010060,0.430714,0.752686,0.145572,0.034979,0.323173,0.859614,-0.363190,0.000691,-0.390036,0.824915,0.016337,0.037127,0.311933,0.903979,0.616669,-0.014294,-0.311822,0.853766,0.069951,0.069389,-0.110743,0.108509,0.121315,0.016522,0.165427,0.065052,-0.102309,0.118324,0.085157,-0.184813,-0.424559,0.008352,0.351891,0.558630,-0.010670,0.431178,0.145310,0.035230,0.322744,-0.363694,0.000455,-0.389611,0.016346,0.037443,0.311716,0.616420,-0.014048,-0.311354
901,9.010000,0.006177,0.362987,0.000460,-0.931773,0.115456,0.085230,-0.094573,0.000306,0.069364,0.069626,-0.109949,0.846278,0.108437,0.121183,0.017107,0.946803,0.165671,0.065023,-0.101687,0.900363,0.118351,0.085087,-0.183762,0.925255,0.001475,0.035981,0.000497,-0.999351,0.091391,0.009416,0.119366,0.000607,-0.424975,0.008473,0.352567,0.795153,0.558024,-0.010145,0.430613,0.759493,0.145589,0.034958,0.323106,0.864297,-0.363256,0.000626,-0.390042,0.848370,0.016354,0.037130,0.311879,0.909726,0.616608,-0.014550,-0.311928,0.884863,0.069938,0.069454,-0.110086,0.108404,0.121359,0.017221,0.165341,0.064809,-0.101627,0.118141,0.085297,-0.183799,-0.424553,0.008358,0.351875,0.558642,-0.010657,0.431143,0.145302,0.035237,0.322739,-0.363674,0.000471,-0.389630,0.016353,0.037445,0.311703,0.616319,-0.014398,-0.311604
902,9.020000,0.006230,0.363000,0.000903,-0.931768,0.115443,0.085244,-0.093989,0.000243,0.069338,0.069684,-0.109370,0.846278,0.108452,0.121179,0.017699,0.946803,0.165642,0.064995,-0.101105,0.900363,0.118341,0.085118,-0.183178,0.925255,0.001488,0.035978,0.000490,-0.999351,0.091398,0.009423,0.119358,0.000616,-0.424966,0.008480,0.352562,0.795153,0.558034,-0.010123,0.430602,0.759493,0.145598,0.034971,0.323096,0.864297,-0.363252,0.000614,-0.390047,0.848370,0.016363,0.037142,0.311871,0.909726,0.616613,-0.014547,-0.311940,0.884863,0.069858,0.069520,-0.109490,0.108430,0.121327,0.017732,0.165344,0.064797,-0.101021,0.118140,0.085333,-0.183175,-0.424556,0.008363,0.351862,0.558689,-0.010643,0.431103,0.145302,0.035248,0.322745,-0.363668,0.000460,-0.389625,0.016347,0.037466,0.311684,0.616327,-0.014395,-0.311594
903,9.030000,0.005359,0.363236,-0.000448,-0.931682,0.115456,0.085304,-0.093483,0.000294,0.069408,0.069608,-0.108896,0.876332,0.108298,0.121144,0.018224,0.974255,0.165722,0.065218,-0.100588,0.913692,0.118398,0.085244,-0.182671,0.926356,0.001474,0.035978,0.000485,-0.999351,0.091407,0.009409,0.119363,0.000609,-0.424957,0.008453,0.352568,0.794605,0.558043,-0.010141,0.430607,0.758134,0.145607,0.034952,0.323103,0.867975,-0.363243,0.000608,-0.390041,0.848275,0.016371,0.037121,0.311877,0.909805,0.616623,-0.014543,-0.311934,0.880193,0.069874,0.069511,-0.109030,0.108306,0.121231,0.018279,0.165476,0.065092,-0.100381,0.118170,0.085381,-0.182798,-0.424539,0.008349,0.351868,0.558694,-0.010661,0.431098,0.145319,0.035224,0.322754,-0.363664,0.000446,-0.389635,0.016346,0.037439,0.311708,0.616336,-0.014384,-0.311585
904,9.040000,0.005150,0.363249,-0.000652,-0.931678,0.115490,0.085278,-0.093130,0.000272,0.069450,0.069562,-0.108548,0.876332,0.108310,0.121088,0.018585,0.974255,0.165766,0.065221,-0.100239,0.913692,0.118434,0.085242,-0.182318,0.926356,0.001484,0.035977,0.000492,-0.999351,0.091415,0.009406,0.119360,0.000604,-0.424949,0.008463,0.352566,0.794605,0.558051,-0.010144,0.430604,0.758134,0.145615,0.034953,0.323099,0.867975,-0.363236,0.000603,-0.390043,0.848275,0.016379,0.037124,0.311874,0.909805,0.616629,-0.014562,-0.311938,0.880193,0.069897,0.069470,-0.108641,0.108315,0.121169,0.018655,0.165500,0.065112,-0.100065,0.118249,0.085363,-0.182469,-0.424541,0.008359,0.351873,0.558703,-0.010663,0.431097,0.145321,0.035217,0.322763,-0.363665,0.000441,-0.389643,0.016358,0.037449,0.311707,0.616359,-0.014404,-0.311604
905,9.050000,0.005445,0.363873,-0.000409,-0.931433,0.115527,0.085262,-0.092868,0.000267,0.069498,0.069570,-0.108342,0.887221,0.108220,0.121119,0.018824,0.973559,0.165800,0.065169,-0.099901,0.914153,0.118590,0.085191,-0.182052,0.944265,0.001465,0.035972,0.000485,-0.999352,0.091412,0.009405,0.119368,0.000604,-0.424950,0.008445,0.352579,0.799658,0.558052,-0.010149,0.430606,0.756018,0.145614,0.034945,0.323108,0.871044,-0.363244,0.000614,-0.390031,0.848802,0.016378,0.037114,0.311884,0.908782,0.616622,-0.014539,-0.311936,0.881514,0.069925,0.069477,-0.108451,0.108244,0.121192,0.018897,0.165505,0.065088,-0.099744,0.118434,0.085292,-0.182174,-0.424535,0.008350,0.351900,0.558713,-0.010678,0.431091,0.145321,0.035215,0.322780,-0.363681,0.000446,-0.389648,0.016354,0.037433,0.311708,0.616348,-0.014374,-0.311586
906,9.060000,0.005161,0.364089,-0.000263,-0.931350,0.115533,0.085285,-0.092659,0.000269,0.069510,0.069606,-0.108165,0.887221,0.108177,0.121071,0.019052,0.973559,0.165808,0.065193,-0.099683,0.914153,0.118638,0.085270,-0.181842,0.944265,0.001488,0.035963,0.000491,-0.999352,0.091414,0.009405,0.119373,0.000612,-0.424944,0.008464,0.352592,0.799658,0.558059,-0.010142,0.430603,0.756018,0.145620,0.034954,0.323110,0.871044,-0.363251,0.000597,-0.390018,0.848802,0.016384,0.037124,0.311888,0.908782,0.616616,-0.014566,-0.311940,0.881514,0.069921,0.069486,-0.108297,0.108211,0.121157,0.019107,0.165529,0.065096,-0.099505,0.118471,0.085400,-0.181943,-0.424542,0.008358,0.351903,0.558748,-0.010664,0.431102,0.145329,0.035217,0.322777,-0.363696,0.000442,-0.389630,0.016351,0.037447,0.311719,0.616352,-0.014413,-0.311596
907,9.070000,0.005072,0.364453,-0.000572,-0.931208,0.115513,0.085319,-0.092475,0.000257,0.069512,0.069609,-0.108015,0.891524,0.108046,0.121107,0.019229,0.977647,0.165806,0.065259,-0.099457,0.905094,0.118687,0.085301,-0.181655,0.942537,0.001373,0.036014,0.000394,-0.999350,0.091432,0.009457,0.119423,0.000646,-0.424949,0.008358,0.352590,0.802260,0.558050,-0.010065,0.430697,0.746605,0.145612,0.034971,0.323171,0.867827,-0.363179,0.000670,-0.390016,0.826880,0.016377,0.037118,0.311937,0.909338,0.616683,-0.014311,-0.311842,0.844016,0.069913,0.069474,-0.108111,0.108097,0.121181,0.019233,0.165494,0.065172,-0.099259,0.118548,0.085449,-0.181761,-0.424537,0.008353,0.351915,0.558752,-0.010680,0.431091,0.145350,0.035221,0.322786,-0.363711,0.000435,-0.389640,0.016362,0.037424,0.311743,0.616440,-0.014065,-0.311322
908,9.080000,0.004997,0.364670,-0.000769,-0.931123,0.115456,0.085319,-0.092350,0.000258,0.069469,0.069590,-0.107912,0.891524,0.107923,0.121104,0.019349,0.977647,0.165761,0.065280,-0.099310,0.905094,0.118672,0.085301,-0.181529,0.942537,0.001372,0.036010,0.000391,-0.999350,0.091436,0.009471,0.119419,0.000659,-0.424943,0.008369,0.352591,0.802260,0.558056,-0.010048,0.430689,0.746605,0.145618,0.034985,0.323168,0.867827,-0.363179,0.000683,-0.390016,0.826880,0.016383,0.037131,0.311934,0.909338,0.616684,-0.014293,-0.311849,0.844016,0.069891,0.069445,-0.108040,0.107959,0.121204,0.019386,0.165455,0.065169,-0.099152,0.118519,0.085459,-0.181596,-0.424522,0.008343,0.351927,0.558784,-0.010676,0.431100,0.145339,0.035226,0.322785,-0.363701,0.000459,-0.389638,0.016360,0.037467,0.311714,0.616432,-0.014057,-0.311330
909,9.090000,0.005076,0.364975,-0.000810,-0.931003,0.115379,0.085327,-0.092245,0.000270,0.069403,0.069593,-0.107834,0.874881,0.107772,0.121131,0.019444,0.968036,0.165689,0.065288,-0.099168,0.910297,0.118653,0.085293,-0.181421,0.942446,0.001489,0.035952,0.000480,-0.999352,0.091422,0.009397,0.119380,0.000685,-0.424929,0.008444,0.352612,0.796785,0.558075,-0.010138,0.430600,0.677637,0.145632,0.034948,0.323116,0.868655,-0.363254,0.000577,-0.390000,0.850171,0.016396,0.037115,0.311897,0.905200,0.616615,-0.014563,-0.311945,0.886579,0.069858,0.069456,-0.107991,0.107800,0.121240,0.019505,0.165379,0.065170,-0.099032,0.118481,0.085441,-0.181462,-0.424525,0.008339,0.351915,0.558945,-0.010794,0.431288,0.145343,0.035222,0.322773,-0.363724,0.000446,-0.389651,0.016348,0.037448,0.311721,0.616326,-0.014410,-0.311630
910,9.100000,0.004952,0.365277,-0.001323,-0.930885,0.115294,0.085354,-0.092149,0.000289,0.069344,0.069571,-0.107765,0.874881,0.107577,0.121167,0.019529,0.968036,0.165629,0.065367,-0.099037,0.910297,0.118625,0.085311,-0.181324,0.942446,0.001494,0.035950,0.000476,-0.999352,0.091418,0.009403,0.119369,0.000686,-0.424934,0.008449,0.352603,0.796785,0.558071,-0.010126,0.430587,0.677637,0.145628,0.034956,0.323104,0.868655,-0.363261,0.000575,-0.390010,0.850171,0.016392,0.037122,0.311886,0.905200,0.616609,-0.014558,-0.311957,0.886579,0.069804,0.069396,-0.107939,0.107633,0.121279,0.019536,0.165294,0.065241,-0.098842,0.118443,0.085501,-0.181351,-0.424523,0.008353,0.351919,0.558955,-0.010790,0.431265,0.145333,0.035217,0.322774,-0.363736,0.000438,-0.389671,0.016334,0.037461,0.311702,0.616327,-0.014398,-0.311637
911,9.110000,0.005077,0.365493,-0.001198,-0.930799,0.115247,0.085359,-0.092106,0.000298,0.069299,0.069588,-0.107741,0.862506,0.107490,0.121190,0.019564,0.964515,0.165579,0.065355,-0.098967,0.897158,0.118620,0.085302,-0.181278,0.928762,0.001492,0.035938,0.000483,-0.999353,0.091411,0.009413,0.119337,0.000612,-0.424935,0.008465,0.352583,0.802861,0.558071,-0.010124,0.430544,0.740363,0.145626,0.034964,0.323071,0.876188,-0.363280,0.000594,-0.390031,0.849437,0.016390,0.037133,0.311856,0.906848,0.616591,-0.014553,-0.312002,0.882303,0.069788,0.069403,-0.107913,0.107532,0.121321,0.019598,0.165242,0.065203,-0.098786,0.118427,0.085507,-0.181321,-0.424542,0.008365,0.351907,0.558807,-0.010671,0.431032,0.145344,0.035225,0.322759,-0.363743,0.000435,-0.389680,0.016338,0.037465,0.311695,0.616332,-0.014394,-0.311642
912,9.120000,0.005129,0.365624,-0.001033,-0.930748,0.115236,0.085365,-0.092108,0.000300,0.069287,0.069611,-0.107757,0.862506,0.107459,0.121197,0.019560,0.964515,0.165563,0.065344,-0.098956,0.897158,0.118634,0.085310,-0.181280,0.928762,0.001497,0.035952,0.000468,-0.999352,0.091416,0.009408,0.119358,0.000682,-0.424937,0.008446,0.352590,0.802861,0.558068,-0.010112,0.430579,0.740363,0.145625,0.034962,0.323094,0.876188,-0.363260,0.000569,-0.390022,0.849437,0.016389,0.037127,0.311875,0.906848,0.616609,-0.014547,-0.311965,0.882303,0.069756,0.069440,-0.107933,0.107507,0.121315,0.019595,0.165240,0.065210,-0.098759,0.118441,0.085497,-0.181337,-0.424545,0.008354,0.351911,0.558971,-0.010797,0.431235,0.145337,0.035235,0.322756,-0.363752,0.000428,-0.389696,0.016340,0.037463,0.311705,0.616334,-0.014382,-0.311622
913,9.130000,0.005051,0.365522,-0.001206,-0.930788,0.115228,0.085362,-0.092117,0.000295,0.069282,0.069591,-0.107756,0.864947,0.107463,0.121189,0.019554,0.966386,0.165561,0.065360,-0.098976,0.898519,0.118607,0.085310,-0.181290,0.933390,0.001484,0.035943,0.000475,-0.999353,0.091410,0.009416,0.119342,0.000604,-0.424938,0.008455,0.352583,0.800987,0.558068,-0.010118,0.430553,0.748136,0.145623,0.034964,0.323077,0.879054,-0.363276,0.000596,-0.390031,0.847018,0.016387,0.037131,0.311861,0.901320,0.616595,-0.014535,-0.311992,0.881951,0.069764,0.069418,-0.107930,0.107508,0.121310,0.019590,0.165221,0.065225,-0.098801,0.118421,0.085497,-0.181328,-0.424526,0.008348,0.351910,0.558773,-0.010659,0.431028,0.145341,0.035218,0.322777,-0.363755,0.000433,-0.389687,0.016344,0.037484,0.311689,0.616345,-0.014376,-0.311625
914,9.140000,0.005084,0.365600,-0.001047,-0.930757,0.115225,0.085352,-0.092152,0.000301,0.069277,0.069596,-0.107800,0.864947,0.107452,0.121175,0.019519,0.966386,0.165553,0.065335,-0.099004,0.898519,0.118619,0.085304,-0.181324,0.933390,0.001487,0.035940,0.000486,-0.999353,0.091411,0.009409,0.119344,0.000609,-0.424935,0.008461,0.352588,0.800987,0.558071,-0.010134,0.430553,0.748136,0.145626,0.034957,0.323079,0.879054,-0.363278,0.000598,-0.390026,0.847018,0.016390,0.037127,0.311863,0.901320,0.616594,-0.014555,-0.311993,0.881951,0.069745,0.069417,-0.107983,0.107502,0.121301,0.019566,0.165222,0.065199,-0.098818,0.118432,0.085493,-0.181372,-0.424525,0.008353,0.351915,0.558785,-0.010680,0.431025,0.145331,0.035218,0.322767,-0.363742,0.000436,-0.389675,0.016347,0.037475,0.311699,0.616335,-0.014397,-0.311624
915,9.150000,0.005209,0.365600,-0.001153,-0.930757,0.115242,0.085345,-0.092200,0.000317,0.069295,0.069579,-0.107843,0.864706,0.107465,0.121201,0.019460,0.968063,0.165572,0.065330,-0.099045,0.897873,0.118635,0.085269,-0.181372,0.935064,0.001481,0.035939,0.000486,-0.999353,0.091407,0.009413,0.119349,0.000610,-0.424939,0.008462,0.352594,0.802441,0.558067,-0.010132,0.430556,0.743423,0.145622,0.034960,0.323084,0.875008,-0.363283,0.000607,-0.390020,0.849388,0.016386,0.037129,0.311868,0.903218,0.616588,-0.014545,-0.311990,0.882161,0.069788,0.069438,-0.108014,0.107509,0.121303,0.019524,0.165229,0.065221,-0.098851,0.118440,0.085417,-0.181458,-0.424532,0.008346,0.351926,0.558788,-0.010678,0.431041,0.145340,0.035232,0.322774,-0.363751,0.000454,-0.389673,0.016333,0.037471,0.311694,0.616331,-0.014394,-0.311625
916,9.160000,0.005076,0.365631,-0.001109,-0.930745,0.115229,0.085339,-0.092243,0.000303,0.069284,0.069577,-0.107893,0.864706,0.107445,0.121164,0.019427,0.968063,0.165560,0.065327,-0.099090,0.897873,0.118629,0.085288,-0.181415,0.935064,0.001494,0.035952,0.000482,-0.999352,0.091418,0.009409,0.119371,0.000683,-0.424934,0.008460,0.352603,0.802441,0.558070,-0.010126,0.430591,0.743423,0.145628,0.034960,0.323107,0.875008,-0.363259,0.000587,-0.390009,0.849388,0.016392,0.037128,0.311888,0.903218,0.616611,-0.014557,-0.311953,0.882161,0.069728,0.069429,-0.108074,0.107496,0.121272,0.019515,0.165236,0.065226,-0.098914,0.118458,0.085429,-0.181498,-0.424529,0.008377,0.351928,0.558960,-0.010809,0.431243,0.145344,0.035220,0.322768,-0.363755,0.000438,-0.389682,0.016336,0.037469,0.311703,0.616335,-0.014384,-0.311600
917,9.170000,0.005053,0.365675,-0.000970,-0.930728,0.115254,0.085351,-0.092269,0.000319,0.069306,0.069602,-0.107926,0.867764,0.107467,0.121162,0.019405,0.964444,0.165580,0.065328,-0.099115,0.896606,0.118662,0.085312,-0.181441,0.930275,0.001469,0.035946,0.000494,-0.999353,0.091420,0.009409,0.119357,0.000601,-0.424930,0.008460,0.352595,0.803426,0.558075,-0.010152,0.430571,0.751477,0.145632,0.034949,0.323094,0.873190,-0.363263,0.000623,-0.390018,0.848657,0.016396,0.037121,0.311877,0.909336,0.616607,-0.014547,-0.311974,0.885390,0.069782,0.069439,-0.108091,0.107516,0.121276,0.019474,0.165245,0.065205,-0.098906,0.118473,0.085483,-0.181554,-0.424520,0.008357,0.351931,0.558772,-0.010678,0.431047,0.145340,0.035216,0.322777,-0.363735,0.000464,-0.389674,0.016354,0.037444,0.311718,0.616365,-0.014392,-0.311617
918,9.180000,0.005016,0.365640,-0.000960,-0.930742,0.115239,0.085338,-0.092298,0.000305,0.069290,0.069590,-0.107953,0.867764,0.107461,0.121140,0.019379,0.964444,0.165565,0.065316,-0.099149,0.896606,0.118641,0.085306,-0.181470,0.930275,0.001391,0.036020,0.000387,-0.999350,0.091448,0.009464,0.119415,0.000701,-0.424936,0.008366,0.352576,0.803426,0.558062,-0.010041,0.430695,0.751477,0.145625,0.034986,0.323163,0.873190,-0.363157,0.000653,-0.390029,0.848657,0.016390,0.037130,0.311927,0.909336,0.616705,-0.014313,-0.311842,0.885390,0.069715,0.069413,-0.108139,0.107520,0.121265,0.019465,0.165253,0.065196,-0.098956,0.118470,0.085478,-0.181562,-0.424513,0.008355,0.351923,0.558955,-0.010808,0.431259,0.145343,0.035225,0.322766,-0.363733,0.000451,-0.389683,0.016349,0.037468,0.311693,0.616475,-0.014071,-0.311350
919,9.190000,0.004963,0.365692,-0.001219,-0.930722,0.115242,0.085302,-0.092324,0.000295,0.069303,0.069528,-0.107983,0.874730,0.107433,0.121110,0.019349,0.967655,0.165580,0.065305,-0.099168,0.900057,0.118653,0.085263,-0.181496,0.938308,0.001500,0.035949,0.000483,-0.999352,0.091417,0.009405,0.119341,0.000599,-0.424934,0.008461,0.352576,0.803509,0.558071,-0.010127,0.430559,0.748555,0.145628,0.034959,0.323076,0.875930,-0.363263,0.000579,-0.390036,0.846616,0.016392,0.037128,0.311858,0.906779,0.616607,-0.014567,-0.311986,0.886251,0.069729,0.069356,-0.108183,0.107507,0.121214,0.019370,0.165255,0.065202,-0.098959,0.118478,0.085434,-0.181524,-0.424522,0.008358,0.351915,0.558773,-0.010668,0.431035,0.145343,0.035227,0.322771,-0.363753,0.000415,-0.389705,0.016345,0.037462,0.311700,0.616376,-0.014409,-0.311627
920,9.200000,0.005189,0.365706,-0.000969,-0.930715,0.115260,0.085302,-0.092322,0.000297,0.069311,0.069553,-0.107978,0.874730,0.107469,0.121142,0.019342,0.967655,0.165585,0.065272,-0.099160,0.900057,0.118674,0.085240,-0.181494,0.938308,0.001492,0.035948,0.000500,-0.999352,0.091427,0.009407,0.119336,0.000604,-0.424923,0.008475,0.352571,0.803509,0.558081,-0.010146,0.430553,0.748555,0.145639,0.034956,0.323071,0.875930,-0.363253,0.000603,-0.390041,0.846616,0.016403,0.037128,0.311853,0.906779,0.616616,-0.014576,-0.311992,0.886251,0.069730,0.069394,-0.108168,0.107546,0.121236,0.019380,0.165250,0.065187,-0.098952,0.118513,0.085390,-0.181549,-0.424511,0.008374,0.351918,0.558794,-0.010686,0.431030,0.145351,0.035229,0.322754,-0.363731,0.000443,-0.389720,0.016361,0.037451,0.311695,0.616361,-0.014419,-0.311619
921,9.210000,0.005092,0.365711,-0.000839,-0.930714,0.115275,0.085293,-0.092389,0.000271,0.069324,0.069557,-0.108050,0.880560,0.107490,0.121104,0.019285,0.966838,0.165597,0.065256,-0.099231,0.905423,0.118690,0.085255,-0.181560,0.936595,0.001388,0.035998,0.000374,-0.999351,0.091446,0.009478,0.119378,0.000658,-0.424928,0.008366,0.352562,0.808301,0.558074,-0.010016,0.430637,0.733701,0.145631,0.035000,0.323124,0.872619,-0.363182,0.000658,-0.390046,0.824670,0.016396,0.037142,0.311894,0.896579,0.616684,-0.014283,-0.311903,0.839468,0.069750,0.069386,-0.108184,0.107532,0.121221,0.019331,0.165285,0.065128,-0.099061,0.118534,0.085437,-0.181643,-0.424507,0.008360,0.351921,0.558818,-0.010674,0.431022,0.145369,0.035231,0.322753,-0.363744,0.000417,-0.389702,0.016355,0.037488,0.311672,0.616465,-0.014028,-0.311355
922,9.220000,0.005016,0.365703,-0.000995,-0.930717,0.115271,0.085299,-0.092392,0.000262,0.069325,0.069548,-0.108053,0.880560,0.107475,0.121104,0.019283,0.966838,0.165599,0.065280,-0.099236,0.905423,0.118684,0.085265,-0.181564,0.936595,0.001376,0.036001,0.000380,-0.999351,0.091455,0.009471,0.119386,0.000647,-0.424920,0.008360,0.352567,0.808301,0.558081,-0.010037,0.430648,0.733701,0.145639,0.034987,0.323133,0.872619,-0.363170,0.000669,-0.390041,0.824670,0.016404,0.037131,0.311902,0.896579,0.616695,-0.014286,-0.311892,0.839468,0.069739,0.069374,-0.108202,0.107525,0.121218,0.019310,0.165289,0.065156,-0.099070,0.118532,0.085448,-0.181607,-0.424499,0.008341,0.351929,0.558804,-0.010651,0.431026,0.145369,0.035227,0.322759,-0.363724,0.000441,-0.389703,0.016367,0.037458,0.311698,0.616480,-0.014050,-0.311358
923,9.230000,0.004962,0.365710,-0.001005,-0.930715,0.115267,0.085296,-0.092418,0.000275,0.069322,0.069543,-0.108081,0.881716,0.107467,0.121090,0.019260,0.967038,0.165597,0.065281,-0.099263,0.905110,0.118681,0.085270,-0.181590,0.935962,0.001496,0.035956,0.000473,-0.999352,0.091449,0.009406,0.119364,0.000674,-0.424905,0.008449,0.352591,0.804258,0.558099,-0.010119,0.430587,0.677330,0.145657,0.034960,0.323100,0.871010,-0.363224,0.000573,-0.390020,0.844507,0.016421,0.037126,0.311880,0.902919,0.616645,-0.014552,-0.311957,0.887714,0.069740,0.069371,-0.108221,0.107515,0.121205,0.019304,0.165288,0.065155,-0.099081,0.118524,0.085452,-0.181676,-0.424503,0.008351,0.351927,0.558981,-0.010796,0.431242,0.145371,0.035237,0.322771,-0.363743,0.000433,-0.389708,0.016367,0.037465,0.311699,0.616400,-0.014391,-0.311617
924,9.240000,0.004965,0.365673,-0.001113,-0.930729,0.115273,0.085299,-0.092427,0.000273,0.069330,0.069536,-0.108084,0.881716,0.107475,0.121101,0.019250,0.967038,0.165606,0.065293,-0.099274,0.905110,0.118680,0.085267,-0.181598,0.935962,0.001388,0.036006,0.000381,-0.999351,0.091454,0.009480,0.119391,0.000643,-0.424923,0.008376,0.352567,0.804258,0.558077,-0.010020,0.430658,0.677330,0.145637,0.035002,0.323138,0.871010,-0.363166,0.000667,-0.390040,0.844507,0.016402,0.037145,0.311906,0.902919,0.616698,-0.014287,-0.311881,0.887714,0.069743,0.069364,-0.108228,0.107523,0.121218,0.019298,0.165299,0.065169,-0.099098,0.118525,0.085447,-0.181680,-0.424510,0.008348,0.351938,0.558800,-0.010663,0.431043,0.145367,0.035255,0.322772,-0.363738,0.000436,-0.389705,0.016374,0.037489,0.311690,0.616505,-0.014048,-0.311351
925,9.250000,0.005161,0.365980,-0.000875,-0.930608,0.115304,0.085284,-0.092417,0.000236,0.069363,0.069545,-0.108102,0.892586,0.107454,0.121112,0.019247,0.967833,0.165630,0.065247,-0.099227,0.908924,0.118771,0.085232,-0.181586,0.954056,0.001495,0.035950,0.000500,-0.999352,0.091442,0.009415,0.119350,0.000600,-0.424909,0.008484,0.352583,0.807954,0.558094,-0.010137,0.430568,0.747883,0.145653,0.034965,0.323085,0.874044,-0.363237,0.000608,-0.390029,0.848540,0.016417,0.037137,0.311867,0.901086,0.616632,-0.014570,-0.311977,0.887671,0.069729,0.069374,-0.108248,0.107518,0.121216,0.019287,0.165300,0.065161,-0.099101,0.118671,0.085385,-0.181605,-0.424505,0.008354,0.351943,0.558808,-0.010671,0.431040,0.145362,0.035240,0.322779,-0.363726,0.000462,-0.389702,0.016362,0.037486,0.311689,0.616410,-0.014430,-0.311612
926,9.260000,0.005225,0.365931,-0.000770,-0.930627,0.115303,0.085278,-0.092426,0.000241,0.069356,0.069549,-0.108106,0.892719,0.107472,0.121112,0.019237,0.971061,0.165623,0.065229,-0.099241,0.906934,0.118760,0.085222,-0.181596,0.954718,0.001499,0.035949,0.000483,-0.999352,0.091428,0.009419,0.119345,0.000599,-0.424923,0.008474,0.352580,0.807644,0.558082,-0.010114,0.430562,0.748182,0.145639,0.034973,0.323080,0.874692,-0.363253,0.000592,-0.390033,0.849392,0.016403,0.037141,0.311862,0.895868,0.616618,-0.014553,-0.311983,0.885036,0.069726,0.069389,-0.108252,0.107542,0.121202,0.019258,0.165289,0.065154,-0.099095,0.118654,0.085367,-0.181617,-0.424515,0.008333,0.351942,0.558783,-0.010656,0.431041,0.145357,0.035247,0.322769,-0.363735,0.000445,-0.389704,0.016354,0.037509,0.311673,0.616383,-0.014413,-0.311613
927,9.270000,0.005188,0.365971,-0.000868,-0.930611,0.115296,0.085282,-0.092442,0.000249,0.069354,0.069544,-0.108125,0.892719,0.107449,0.121116,0.019221,0.971061,0.165622,0.065244,-0.099252,0.906934,0.118761,0.085227,-0.181611,0.954718,0.001504,0.035957,0.000479,-0.999352,0.091426,0.009411,0.119368,0.000674,-0.424928,0.008464,0.352595,0.807644,0.558075,-0.010116,0.430593,0.748182,0.145634,0.034967,0.323104,0.874692,-0.363246,0.000576,-0.390016,0.849392,0.016398,0.037134,0.311884,0.895868,0.616623,-0.014562,-0.311950,0.885036,0.069732,0.069381,-0.108264,0.107512,0.121214,0.019269,0.165288,0.065161,-0.099110,0.118654,0.085373,-0.181663,-0.424525,0.008355,0.351935,0.558952,-0.010798,0.431249,0.145351,0.035248,0.322777,-0.363754,0.000438,-0.389705,0.016351,0.037485,0.311689,0.616360,-0.014403,-0.311602
928,9.280000,0.005203,0.366016,-0.000831,-0.930594,0.115303,0.085285,-0.092464,0.000253,0.069361,0.069549,-0.108152,0.892750,0.107447,0.121118,0.019198,0.968624,0.165627,0.065242,-0.099269,0.907953,0.118776,0.085229,-0.181633,0.953896,0.001403,0.036002,0.000380,-0.999351,0.091425,0.009478,0.119385,0.000645,-0.424950,0.008381,0.352564,0.809670,0.558050,-0.010013,0.430649,0.743295,0.145609,0.035006,0.323130,0.868455,-0.363198,0.000650,-0.390043,0.825960,0.016374,0.037149,0.311899,0.903701,0.616667,-0.014302,-0.311891,0.841152,0.069742,0.069402,-0.108283,0.107505,0.121210,0.019261,0.165296,0.065168,-0.099127,0.118668,0.085359,-0.181707,-0.424531,0.008358,0.351929,0.558763,-0.010643,0.431035,0.145359,0.035270,0.322750,-0.363765,0.000420,-0.389709,0.016347,0.037468,0.311685,0.616447,-0.014063,-0.311345
929,9.290000,0.005371,0.366061,-0.000837,-0.930575,0.115300,0.085302,-0.092489,0.000249,0.069357,0.069567,-0.108177,0.892750,0.107437,0.121172,0.019161,0.968624,0.165622,0.065252,-0.099283,0.907953,0.118782,0.085217,-0.181658,0.953896,0.001497,0.035939,0.000476,-0.999353,0.091408,0.009415,0.119337,0.000597,-0.424938,0.008462,0.352582,0.809670,0.558069,-0.010112,0.430546,0.743295,0.145623,0.034969,0.323072,0.868455,-0.363281,0.000584,-0.390031,0.825960,0.016387,0.037136,0.311856,0.903701,0.616591,-0.014548,-0.312000,0.841152,0.069757,0.069425,-0.108291,0.107487,0.121259,0.019200,0.165291,0.065169,-0.099138,0.118664,0.085354,-0.181728,-0.424526,0.008345,0.351934,0.558776,-0.010655,0.431021,0.145353,0.035244,0.322767,-0.363780,0.000426,-0.389720,0.016344,0.037479,0.311681,0.616346,-0.014395,-0.311616
930,9.300000,0.005265,0.365984,-0.000856,-0.930606,0.115305,0.085276,-0.092506,0.000258,0.069361,0.069539,-0.108188,0.894611,0.107457,0.121125,0.019152,0.969790,0.165628,0.065232,-0.099312,0.905470,0.118772,0.085208,-0.181675,0.951837,0.001504,0.035946,0.000474,-0.999353,0.091429,0.009402,0.119358,0.000666,-0.424920,0.008451,0.352597,0.805045,0.558085,-0.010118,0.430573,0.682065,0.145641,0.034959,0.323093,0.872168,-0.363254,0.000562,-0.390016,0.843145,0.016405,0.037125,0.311876,0.899260,0.616616,-0.014565,-0.311972,0.892520,0.069732,0.069386,-0.108318,0.107525,0.121211,0.019201,0.165296,0.065163,-0.099145,0.118665,0.085343,-0.181760,-0.424523,0.008334,0.351936,0.558950,-0.010783,0.431226,0.145359,0.035242,0.322773,-0.363781,0.000429,-0.389702,0.016349,0.037477,0.311686,0.616387,-0.014414,-0.311641
931,9.310000,0.005263,0.365978,-0.001062,-0.930608,0.115288,0.085293,-0.092525,0.000259,0.069351,0.069536,-0.108205,0.894611,0.107428,0.121155,0.019128,0.969790,0.165619,0.065268,-0.099329,0.905470,0.118754,0.085213,-0.181694,0.951837,0.001495,0.035940,0.000485,-0.999353,0.091430,0.009413,0.119340,0.000592,-0.424916,0.008468,0.352583,0.805045,0.558090,-0.010125,0.430549,0.682065,0.145645,0.034964,0.323074,0.872168,-0.363258,0.000592,-0.390030,0.843145,0.016409,0.037133,0.311858,0.899260,0.616613,-0.014558,-0.311996,0.892520,0.069718,0.069396,-0.108337,0.107496,0.121236,0.019194,0.165284,0.065212,-0.099172,0.118653,0.085329,-0.181785,-0.424508,0.008342,0.351944,0.558780,-0.010662,0.431035,0.145364,0.035233,0.322783,-0.363764,0.000438,-0.389716,0.016376,0.037490,0.311671,0.616394,-0.014411,-0.311638
932,9.320000,0.005226,0.366136,-0.000944,-0.930546,0.115301,0.085305,-0.092539,0.000270,0.069366,0.069559,-0.108237,0.894151,0.107410,0.121151,0.019117,0.963778,0.165631,0.065271,-0.099329,0.905636,0.118798,0.085238,-0.181707,0.949941,0.001372,0.036006,0.000394,-0.999351,0.091451,0.009468,0.119393,0.000643,-0.424926,0.008369,0.352569,0.812051,0.558073,-0.010055,0.430659,0.744583,0.145634,0.034982,0.323141,0.872036,-0.363169,0.000684,-0.390038,0.827591,0.016399,0.037129,0.311909,0.898630,0.616695,-0.014299,-0.311880,0.846141,0.069742,0.069411,-0.108365,0.107474,0.121243,0.019209,0.165295,0.065205,-0.099171,0.118695,0.085360,-0.181828,-0.424507,0.008344,0.351945,0.558795,-0.010668,0.431043,0.145356,0.035212,0.322778,-0.363736,0.000458,-0.389717,0.016376,0.037473,0.311695,0.616490,-0.014064,-0.311349
933,9.330000,0.005317,0.366003,-0.000842,-0.930598,0.115299,0.085287,-0.092533,0.000262,0.069355,0.069551,-0.108216,0.894151,0.107449,0.121146,0.019121,0.963778,0.165622,0.065240,-0.099335,0.905636,0.118770,0.085211,-0.181702,0.949941,0.001401,0.036006,0.000386,-0.999351,0.091451,0.009473,0.119396,0.000653,-0.424926,0.008380,0.352571,0.812051,0.558074,-0.010024,0.430663,0.744583,0.145634,0.034999,0.323142,0.872036,-0.363169,0.000652,-0.390035,0.827591,0.016399,0.037144,0.311909,0.898630,0.616695,-0.014311,-0.311876,0.846141,0.069731,0.069406,-0.108346,0.107508,0.121235,0.019184,0.165304,0.065164,-0.099170,0.118652,0.085343,-0.181801,-0.424505,0.008359,0.351944,0.558810,-0.010647,0.431039,0.145358,0.035239,0.322776,-0.363753,0.000425,-0.389713,0.016374,0.037476,0.311688,0.616494,-0.014074,-0.311323
934,9.340000,0.005216,0.366096,-0.000960,-0.930562,0.115322,0.085315,-0.092564,0.000271,0.069387,0.069568,-0.108258,0.893485,0.107439,0.121160,0.019093,0.969690,0.165652,0.065283,-0.099358,0.902184,0.118811,0.085249,-0.181732,0.947578,0.001488,0.035954,0.000468,-0.999352,0.091450,0.009412,0.119362,0.000678,-0.424903,0.008446,0.352591,0.807027,0.558102,-0.010114,0.430584,0.668189,0.145658,0.034963,0.323098,0.871903,-0.363224,0.000582,-0.390021,0.847410,0.016423,0.037127,0.311879,0.898861,0.616646,-0.014536,-0.311960,0.888083,0.069766,0.069418,-0.108380,0.107509,0.121243,0.019147,0.165314,0.065217,-0.099173,0.118699,0.085383,-0.181849,-0.424507,0.008345,0.351936,0.559000,-0.010823,0.431256,0.145372,0.035242,0.322778,-0.363730,0.000443,-0.389711,0.016369,0.037479,0.311686,0.616396,-0.014372,-0.311627
935,9.350000,0.005217,0.366164,-0.000789,-0.930535,0.115333,0.085296,-0.092549,0.000270,0.069395,0.069565,-0.108252,0.893485,0.107445,0.121130,0.019111,0.969690,0.165658,0.065249,-0.099338,0.902184,0.118835,0.085240,-0.181717,0.947578,0.001385,0.036023,0.000373,-0.999350,0.091467,0.009459,0.119417,0.000689,-0.424918,0.008345,0.352575,0.807027,0.558079,-0.010036,0.430699,0.668189,0.145642,0.034980,0.323165,0.871903,-0.363136,0.000641,-0.390030,0.847410,0.016407,0.037122,0.311929,0.898861,0.616726,-0.014299,-0.311839,0.888083,0.069775,0.069430,-0.108397,0.107518,0.121206,0.019179,0.165314,0.065200,-0.099174,0.118727,0.085347,-0.181805,-0.424496,0.008335,0.351935,0.558967,-0.010802,0.431250,0.145375,0.035222,0.322780,-0.363733,0.000435,-0.389723,0.016368,0.037461,0.311708,0.616500,-0.014055,-0.311337
936,9.360000,0.005156,0.366157,-0.000901,-0.930538,0.115323,0.085276,-0.092563,0.000272,0.069388,0.069534,-0.108265,0.892578,0.107428,0.121105,0.019098,0.976744,0.165653,0.065242,-0.099353,0.907846,0.118823,0.085224,-0.181731,0.945688,0.001396,0.036021,0.000384,-0.999350,0.091471,0.009466,0.119411,0.000697,-0.424913,0.008369,0.352572,0.809276,0.558084,-0.010033,0.430691,0.674145,0.145648,0.034990,0.323159,0.865385,-0.363134,0.000648,-0.390033,0.823114,0.016413,0.037134,0.311923,0.896552,0.616728,-0.014312,-0.311846,0.846233,0.069795,0.069438,-0.108366,0.107473,0.121162,0.019156,0.165338,0.065187,-0.099169,0.118687,0.085317,-0.181871,-0.424492,0.008354,0.351935,0.558977,-0.010809,0.431239,0.145376,0.035243,0.322768,-0.363734,0.000443,-0.389720,0.016385,0.037472,0.311685,0.616501,-0.014069,-0.311328
937,9.370000,0.005245,0.366104,-0.000609,-0.930559,0.115339,0.085289,-0.092596,0.000253,0.069393,0.069576,-0.108294,0.892578,0.107477,0.121117,0.019068,0.976744,0.165655,0.065225,-0.099393,0.907846,0.118829,0.085239,-0.181764,0.945688,0.001494,0.035943,0.000490,-0.999353,0.091447,0.009421,0.119332,0.000587,-0.424901,0.008480,0.352573,0.809276,0.558105,-0.010122,0.430544,0.674145,0.145661,0.034972,0.323067,0.865385,-0.363239,0.000606,-0.390040,0.823114,0.016425,0.037142,0.311851,0.896552,0.616632,-0.014554,-0.312001,0.846233,0.069762,0.069432,-0.108422,0.107547,0.121189,0.019066,0.165347,0.065153,-0.099194,0.118699,0.085383,-0.181833,-0.424501,0.008366,0.351932,0.558801,-0.010669,0.431024,0.145399,0.035254,0.322773,-0.363740,0.000445,-0.389731,0.016380,0.037480,0.311675,0.616404,-0.014399,-0.311639
938,9.380000,0.005089,0.365982,-0.001041,-0.930607,0.115325,0.085271,-0.092626,0.000282,0.069389,0.069515,-0.108312,0.891822,0.107461,0.121094,0.019039,0.973776,0.165658,0.065252,-0.099436,0.901268,0.118792,0.085221,-0.181796,0.945477,0.001387,0.036014,0.000377,-0.999350,0.091465,0.009464,0.119403,0.000687,-0.424915,0.008355,0.352571,0.811125,0.558083,-0.010034,0.430677,0.671747,0.145644,0.034985,0.323151,0.868401,-0.363147,0.000649,-0.390035,0.823519,0.016409,0.037128,0.311917,0.899819,0.616717,-0.014299,-0.311861,0.849960,0.069778,0.069381,-0.108446,0.107533,0.121162,0.019071,0.165333,0.065192,-0.099220,0.118655,0.085347,-0.181910,-0.424503,0.008350,0.351938,0.558980,-0.010814,0.431234,0.145382,0.035235,0.322769,-0.363752,0.000441,-0.389736,0.016377,0.037459,0.311693,0.616498,-0.014053,-0.311359
939,9.390000,0.005361,0.366158,-0.000665,-0.930537,0.115344,0.085279,-0.092652,0.000263,0.069400,0.069561,-0.108351,0.891822,0.107469,0.121136,0.019001,0.973776,0.165661,0.065214,-0.099438,0.901268,0.118844,0.085206,-0.181820,0.945477,0.001376,0.036001,0.000390,-0.999351,0.091450,0.009461,0.119380,0.000638,-0.424925,0.008360,0.352561,0.811125,0.558075,-0.010056,0.430642,0.671747,0.145635,0.034976,0.323127,0.868401,-0.363176,0.000668,-0.390047,0.823519,0.016399,0.037122,0.311896,0.899819,0.616689,-0.014306,-0.311898,0.849960,0.069793,0.069460,-0.108439,0.107527,0.121182,0.019027,0.165330,0.065173,-0.099243,0.118725,0.085303,-0.181952,-0.424499,0.008329,0.351949,0.558785,-0.010670,0.431017,0.145363,0.035228,0.322757,-0.363755,0.000444,-0.389734,0.016363,0.037454,0.311686,0.616503,-0.014075,-0.311363
940,9.400000,0.005176,0.366201,-0.001055,-0.930521,0.115321,0.085255,-0.092701,0.000263,0.069392,0.069498,-0.108405,0.899933,0.107406,0.121098,0.018954,0.976998,0.165657,0.065234,-0.099484,0.901921,0.118830,0.085190,-0.181869,0.953186,0.001377,0.036002,0.000397,-0.999351,0.091455,0.009472,0.119376,0.000639,-0.424920,0.008379,0.352556,0.814503,0.558079,-0.010050,0.430639,0.744457,0.145640,0.034988,0.323123,0.872609,-0.363169,0.000685,-0.390052,0.827418,0.016405,0.037135,0.311892,0.899180,0.616696,-0.014302,-0.311901,0.846445,0.069768,0.069396,-0.108500,0.107474,0.121141,0.018998,0.165312,0.065210,-0.099298,0.118731,0.085271,-0.182005,-0.424498,0.008362,0.351945,0.558800,-0.010669,0.431015,0.145358,0.035217,0.322765,-0.363741,0.000453,-0.389743,0.016375,0.037476,0.311678,0.616503,-0.014061,-0.311370
941,9.410000,0.005432,0.366092,-0.000781,-0.930562,0.115307,0.085255,-0.092701,0.000276,0.069364,0.069526,-0.108390,0.899933,0.107442,0.121134,0.018946,0.976998,0.165627,0.065197,-0.099490,0.901921,0.118795,0.085164,-0.181869,0.953186,0.001401,0.036012,0.000393,-0.999350,0.091454,0.009455,0.119412,0.000685,-0.424925,0.008369,0.352581,0.814503,0.558073,-0.010049,0.430684,0.744457,0.145635,0.034980,0.323158,0.872609,-0.363160,0.000639,-0.390025,0.827418,0.016400,0.037126,0.311925,0.899180,0.616703,-0.014337,-0.311854,0.846445,0.069755,0.069436,-0.108487,0.107501,0.121176,0.018989,0.165306,0.065163,-0.099281,0.118666,0.085246,-0.182025,-0.424506,0.008365,0.351963,0.558957,-0.010794,0.431249,0.145350,0.035205,0.322774,-0.363763,0.000433,-0.389737,0.016382,0.037463,0.311692,0.616485,-0.014093,-0.311358
942,9.420000,0.005374,0.366045,-0.001020,-0.930581,0.115301,0.085252,-0.092731,0.000282,0.069363,0.069499,-0.108415,0.894771,0.107430,0.121135,0.018914,0.976875,0.165630,0.065217,-0.099524,0.901185,0.118780,0.085156,-0.181900,0.947209,0.001396,0.036010,0.000409,-0.999350,0.091442,0.009463,0.119393,0.000644,-0.424937,0.008391,0.352565,0.815348,0.558061,-0.010060,0.430663,0.742066,0.145624,0.034984,0.323140,0.868942,-0.363175,0.000668,-0.390042,0.826980,0.016389,0.037135,0.311906,0.897783,0.616688,-0.014342,-0.311875,0.845185,0.069759,0.069404,-0.108524,0.107496,0.121178,0.018963,0.165296,0.065188,-0.099316,0.118654,0.085237,-0.182049,-0.424516,0.008361,0.351959,0.558785,-0.010686,0.431046,0.145348,0.035228,0.322766,-0.363750,0.000443,-0.389729,0.016357,0.037478,0.311687,0.616494,-0.014108,-0.311336
943,9.430000,0.005330,0.366164,-0.001132,-0.930534,0.115285,0.085253,-0.092757,0.000284,0.069355,0.069489,-0.108452,0.894771,0.107378,0.121134,0.018886,0.976875,0.165621,0.065231,-0.099537,0.901185,0.118787,0.085158,-0.181925,0.947209,0.001495,0.035951,0.000467,-0.999352,0.091441,0.009407,0.119360,0.000666,-0.424911,0.008444,0.352593,0.815348,0.558094,-0.010113,0.430580,0.742066,0.145650,0.034961,0.323096,0.868942,-0.363236,0.000571,-0.390020,0.826980,0.016414,0.037126,0.311877,0.897783,0.616634,-0.014545,-0.311964,0.845185,0.069767,0.069401,-0.108550,0.107429,0.121176,0.018912,0.165313,0.065181,-0.099307,0.118632,0.085253,-0.182084,-0.424508,0.008319,0.351967,0.558954,-0.010778,0.431260,0.145358,0.035244,0.322761,-0.363757,0.000444,-0.389722,0.016354,0.037481,0.311681,0.616418,-0.014401,-0.311649
944,9.440000,0.005328,0.366158,-0.001214,-0.930537,0.115293,0.085247,-0.092781,0.000280,0.069365,0.069476,-0.108474,0.894286,0.107381,0.121133,0.018861,0.981290,0.165632,0.065233,-0.099560,0.902373,0.118793,0.085148,-0.181949,0.943995,0.001404,0.036011,0.000376,-0.999350,0.091453,0.009476,0.119413,0.000693,-0.424926,0.008375,0.352583,0.809598,0.558073,-0.010011,0.430684,0.674852,0.145633,0.035004,0.323159,0.865955,-0.363162,0.000642,-0.390023,0.820122,0.016398,0.037146,0.311925,0.895342,0.616702,-0.014302,-0.311854,0.850325,0.069770,0.069396,-0.108567,0.107437,0.121167,0.018897,0.165308,0.065202,-0.099345,0.118657,0.085223,-0.182109,-0.424489,0.008369,0.351960,0.558954,-0.010775,0.431260,0.145358,0.035237,0.322762,-0.363781,0.000436,-0.389720,0.016364,0.037485,0.311682,0.616496,-0.014056,-0.311349
945,9.450000,0.005500,0.366083,-0.001093,-0.930565,0.115301,0.085254,-0.092817,0.000273,0.069365,0.069495,-0.108500,0.894286,0.107420,0.121169,0.018817,0.981290,0.165632,0.065220,-0.099600,0.902373,0.118787,0.085132,-0.181986,0.943995,0.001410,0.036010,0.000377,-0.999350,0.091459,0.009471,0.119401,0.000694,-0.424920,0.008374,0.352572,0.809598,0.558079,-0.010013,0.430672,0.674852,0.145640,0.035002,0.323147,0.865955,-0.363156,0.000632,-0.390034,0.820122,0.016405,0.037144,0.311913,0.895342,0.616708,-0.014313,-0.311866,0.850325,0.069775,0.069390,-0.108585,0.107466,0.121228,0.018865,0.165309,0.065160,-0.099406,0.118655,0.085238,-0.182144,-0.424493,0.008356,0.351967,0.558978,-0.010787,0.431248,0.145357,0.035232,0.322754,-0.363767,0.000432,-0.389740,0.016373,0.037499,0.311659,0.616501,-0.014073,-0.311360
946,9.460000,0.005376,0.366205,-0.001014,-0.930518,0.115319,0.085254,-0.092846,0.000266,0.069387,0.069502,-0.108546,0.897110,0.107410,0.121137,0.018796,0.976403,0.165650,0.065219,-0.099622,0.905839,0.118829,0.085158,-0.182014,0.943962,0.001380,0.035994,0.000385,-0.999351,0.091450,0.009471,0.119376,0.000636,-0.424922,0.008367,0.352564,0.815758,0.558080,-0.010039,0.430632,0.743992,0.145637,0.034989,0.323122,0.869230,-0.363182,0.000669,-0.390044,0.828765,0.016402,0.037133,0.311893,0.902738,0.616684,-0.014295,-0.311909,0.849009,0.069775,0.069392,-0.108629,0.107462,0.121197,0.018848,0.165330,0.065164,-0.099432,0.118710,0.085263,-0.182172,-0.424492,0.008343,0.351966,0.558801,-0.010653,0.431022,0.145355,0.035235,0.322757,-0.363759,0.000446,-0.389751,0.016367,0.037460,0.311684,0.616494,-0.014063,-0.311384
947,9.470000,0.005317,0.366240,-0.001061,-0.930505,0.115314,0.085238,-0.092915,0.000249,0.069385,0.069481,-0.108619,0.897110,0.107392,0.121112,0.018730,0.976403,0.165648,0.065210,-0.099688,0.905839,0.118830,0.085149,-0.182082,0.943962,0.001389,0.035996,0.000380,-0.999351,0.091458,0.009471,0.119366,0.000638,-0.424914,0.008367,0.352552,0.815758,0.558087,-0.010028,0.430624,0.743992,0.145645,0.034993,0.323112,0.869230,-0.363172,0.000656,-0.390056,0.828765,0.016409,0.037136,0.311882,0.902738,0.616694,-0.014297,-0.311916,0.849009,0.069769,0.069386,-0.108677,0.107436,0.121159,0.018761,0.165333,0.065161,-0.099507,0.118717,0.085246,-0.182237,-0.424489,0.008347,0.351964,0.558813,-0.010649,0.431003,0.145364,0.035222,0.322747,-0.363738,0.000427,-0.389764,0.016371,0.037480,0.311667,0.616497,-0.014059,-0.311382
948,9.480000,0.005435,0.366616,-0.000503,-0.930356,0.115331,0.085272,-0.093020,0.000246,0.069397,0.069569,-0.108764,0.906221,0.107358,0.121133,0.018625,0.982103,0.165648,0.065189,-0.099756,0.912165,0.118920,0.085196,-0.182185,0.945495,0.001386,0.035994,0.000378,-0.999351,0.091453,0.009469,0.119372,0.000640,-0.424919,0.008360,0.352560,0.815035,0.558083,-0.010030,0.430627,0.741852,0.145640,0.034990,0.323117,0.872649,-0.363180,0.000655,-0.390048,0.824330,0.016405,0.037133,0.311888,0.900602,0.616687,-0.014295,-0.311914,0.849106,0.069762,0.069499,-0.108815,0.107400,0.121165,0.018674,0.165348,0.065161,-0.099576,0.118813,0.085262,-0.182363,-0.424492,0.008346,0.351956,0.558813,-0.010645,0.431023,0.145362,0.035217,0.322756,-0.363774,0.000428,-0.389749,0.016367,0.037464,0.311671,0.616510,-0.014057,-0.311388
949,9.490000,0.005274,0.366826,-0.000458,-0.930274,0.115341,0.085242,-0.093123,0.000261,0.069415,0.069543,-0.108893,0.906221,0.107317,0.121066,0.018530,0.982103,0.165662,0.065163,-0.099843,0.912165,0.118970,0.085195,-0.182286,0.945495,0.001373,0.035997,0.000380,-0.999351,0.091460,0.009469,0.119373,0.000640,-0.424913,0.008356,0.352558,0.815035,0.558088,-0.010039,0.430630,0.741852,0.145646,0.034985,0.323120,0.872649,-0.363170,0.000669,-0.390050,0.824330,0.016410,0.037128,0.311890,0.900602,0.616696,-0.014285,-0.311910,0.849106,0.069788,0.069447,-0.108991,0.107359,0.121126,0.018590,0.165386,0.065101,-0.099654,0.118832,0.085293,-0.182436,-0.424479,0.008343,0.351954,0.558815,-0.010649,0.431014,0.145356,0.035209,0.322762,-0.363761,0.000440,-0.389755,0.016374,0.037461,0.311682,0.616520,-0.014047,-0.311383
950,9.500000,0.005208,0.366918,-0.000531,-0.930238,0.115338,0.085246,-0.093225,0.000250,0.069418,0.069540,-0.109005,0.898466,0.107285,0.121061,0.018429,0.972611,0.165664,0.065177,-0.099937,0.919678,0.118984,0.085207,-0.182387,0.939321,0.001492,0.035958,0.000486,-0.999352,0.091456,0.009392,0.119351,0.000667,-0.424899,0.008447,0.352576,0.812379,0.558105,-0.010147,0.430577,0.680172,0.145664,0.034943,0.323087,0.872732,-0.363214,0.000575,-0.390035,0.848338,0.016428,0.037112,0.311867,0.902313,0.616654,-0.014576,-0.311967,0.894676,0.069804,0.069438,-0.109081,0.107303,0.121139,0.018504,0.165401,0.065086,-0.099776,0.118843,0.085321,-0.182548,-0.424492,0.008356,0.351952,0.558984,-0.010794,0.431244,0.145360,0.035193,0.322764,-0.363735,0.000437,-0.389756,0.016367,0.037451,0.311683,0.616430,-0.014418,-0.311647
951,9.510000,0.005125,0.367259,-0.000904,-0.930104,0.115333,0.085247,-0.093378,0.000257,0.069437,0.069504,-0.109190,0.888693,0.107172,0.121069,0.018266,0.974462,0.165680,0.065216,-0.100051,0.917377,0.119045,0.085199,-0.182538,0.943303,0.001399,0.036021,0.000382,-0.999350,0.091460,0.009466,0.119399,0.000688,-0.424924,0.008369,0.352559,0.817164,0.558074,-0.010029,0.430681,0.673091,0.145637,0.034992,0.323147,0.864073,-0.363144,0.000643,-0.390046,0.825049,0.016402,0.037136,0.311911,0.898042,0.616718,-0.014313,-0.311857,0.853253,0.069862,0.069411,-0.109284,0.107186,0.121146,0.018332,0.165399,0.065124,-0.099902,0.118887,0.085308,-0.182659,-0.424498,0.008363,0.351965,0.558972,-0.010793,0.431246,0.145348,0.035232,0.322754,-0.363752,0.000441,-0.389764,0.016360,0.037465,0.311673,0.616521,-0.014072,-0.311359
952,9.520000,0.005389,0.367531,-0.000808,-0.929995,0.115320,0.085235,-0.093520,0.000294,0.069426,0.069503,-0.109352,0.888693,0.107106,0.121108,0.018104,0.974462,0.165662,0.065183,-0.100154,0.917377,0.119084,0.085149,-0.182677,0.943303,0.001378,0.035997,0.000392,-0.999351,0.091461,0.009466,0.119377,0.000640,-0.424912,0.008367,0.352562,0.817164,0.558089,-0.010051,0.430635,0.673091,0.145648,0.034982,0.323124,0.864073,-0.363168,0.000672,-0.390046,0.825049,0.016412,0.037128,0.311894,0.898042,0.616697,-0.014305,-0.311905,0.853253,0.069871,0.069451,-0.109481,0.107111,0.121176,0.018247,0.165399,0.065112,-0.100001,0.118897,0.085203,-0.182843,-0.424489,0.008346,0.351964,0.558827,-0.010682,0.431024,0.145354,0.035229,0.322755,-0.363756,0.000446,-0.389759,0.016388,0.037460,0.311696,0.616519,-0.014069,-0.311379
953,9.530000,0.005313,0.367946,-0.000650,-0.929832,0.115313,0.085216,-0.093696,0.000263,0.069430,0.069498,-0.109574,0.886520,0.107008,0.121062,0.017929,0.970767,0.165657,0.065153,-0.100291,0.918093,0.119156,0.085151,-0.182850,0.937025,0.001393,0.036007,0.000381,-0.999351,0.091462,0.009477,0.119394,0.000691,-0.424916,0.008375,0.352569,0.817571,0.558084,-0.010020,0.430662,0.667852,0.145644,0.035001,0.323141,0.865623,-0.363156,0.000658,-0.390038,0.826846,0.016409,0.037144,0.311908,0.894051,0.616708,-0.014295,-0.311876,0.852514,0.069873,0.069426,-0.109638,0.107005,0.121132,0.018023,0.165376,0.065064,-0.100148,0.118997,0.085242,-0.183022,-0.424503,0.008362,0.351967,0.558993,-0.010799,0.431239,0.145369,0.035235,0.322743,-0.363750,0.000460,-0.389743,0.016366,0.037490,0.311667,0.616498,-0.014055,-0.311380
954,9.540000,0.005817,0.368242,0.001112,-0.929711,0.115308,0.085151,-0.093933,0.000289,0.069379,0.069606,-0.109846,0.886520,0.107060,0.120987,0.017700,0.970767,0.165583,0.064907,-0.100501,0.918093,0.119210,0.085105,-0.183084,0.937025,0.001389,0.036004,0.000375,-0.999351,0.091466,0.009471,0.119390,0.000687,-0.424910,0.008361,0.352568,0.817571,0.558090,-0.010023,0.430655,0.667852,0.145649,0.034994,0.323137,0.865623,-0.363156,0.000651,-0.390039,0.826846,0.016413,0.037136,0.311905,0.894051,0.616709,-0.014292,-0.311884,0.852514,0.069899,0.069469,-0.109904,0.107001,0.121146,0.017835,0.165306,0.064702,-0.100458,0.119027,0.085289,-0.183203,-0.424497,0.008354,0.351964,0.558996,-0.010797,0.431229,0.145366,0.035246,0.322745,-0.363755,0.000452,-0.389744,0.016367,0.037457,0.311671,0.616514,-0.014052,-0.311400
955,9.550000,0.005609,0.368480,0.000796,-0.929619,0.115263,0.085149,-0.094103,0.000341,0.069354,0.069572,-0.110042,0.863696,0.106932,0.120961,0.017531,0.932561,0.165557,0.064943,-0.100649,0.915767,0.119211,0.085119,-0.183253,0.929399,0.001389,0.036006,0.000379,-0.999351,0.091469,0.009466,0.119394,0.000684,-0.424908,0.008360,0.352571,0.817939,0.558092,-0.010032,0.430661,0.671674,0.145651,0.034988,0.323141,0.867728,-0.363151,0.000649,-0.390036,0.823798,0.016416,0.037131,0.311909,0.896349,0.616713,-0.014301,-0.311878,0.855117,0.069835,0.069398,-0.110231,0.106918,0.121147,0.017726,0.165292,0.064748,-0.100578,0.119010,0.085302,-0.183329,-0.424497,0.008362,0.351969,0.558996,-0.010800,0.431225,0.145365,0.035206,0.322753,-0.363761,0.000441,-0.389752,0.016379,0.037476,0.311682,0.616524,-0.014053,-0.311390
956,9.560000,0.005517,0.368661,0.000536,-0.929547,0.115242,0.085150,-0.094278,0.000307,0.069347,0.069548,-0.110235,0.863696,0.106848,0.120961,0.017352,0.932561,0.165549,0.064973,-0.100805,0.915767,0.119224,0.085121,-0.183426,0.929399,0.001380,0.035998,0.000388,-0.999351,0.091457,0.009478,0.119363,0.000638,-0.424916,0.008377,0.352547,0.817939,0.558085,-0.010034,0.430622,0.671674,0.145644,0.034996,0.323109,0.867728,-0.363171,0.000680,-0.390061,0.823798,0.016408,0.037141,0.311879,0.896349,0.616695,-0.014290,-0.311918,0.855117,0.069820,0.069323,-0.110419,0.106856,0.121160,0.017488,0.165254,0.064759,-0.100712,0.119038,0.085360,-0.183470,-0.424502,0.008351,0.351962,0.558816,-0.010649,0.431021,0.145360,0.035215,0.322736,-0.363759,0.000458,-0.389757,0.016371,0.037493,0.311651,0.616531,-0.014057,-0.311395
957,9.570000,0.005601,0.368941,0.000486,-0.929436,0.115208,0.085178,-0.094428,0.000304,0.069323,0.069570,-0.110409,0.856026,0.106745,0.121009,0.017190,0.942423,0.165519,0.065000,-0.100920,0.905547,0.119243,0.085131,-0.183573,0.925652,0.001493,0.035945,0.000474,-0.999353,0.091450,0.009403,0.119340,0.000667,-0.424899,0.008446,0.352580,0.815948,0.558107,-0.010126,0.430554,0.674416,0.145662,0.034955,0.323075,0.869890,-0.363234,0.000575,-0.390033,0.845435,0.016426,0.037121,0.311859,0.898031,0.616637,-0.014555,-0.311992,0.898742,0.069842,0.069375,-0.110563,0.106724,0.121200,0.017318,0.165216,0.064781,-0.100867,0.119049,0.085354,-0.183600,-0.424505,0.008347,0.351966,0.558985,-0.010806,0.431233,0.145359,0.035215,0.322742,-0.363764,0.000436,-0.389745,0.016368,0.037476,0.311667,0.616437,-0.014394,-0.311678
958,9.580000,0.005590,0.369191,0.000259,-0.929337,0.115198,0.085181,-0.094631,0.000262,0.069329,0.069551,-0.110634,0.856026,0.106661,0.121025,0.016977,0.942423,0.165522,0.065024,-0.101093,0.905547,0.119282,0.085122,-0.183774,0.925652,0.001378,0.036010,0.000387,-0.999350,0.091475,0.009470,0.119387,0.000683,-0.424904,0.008367,0.352558,0.815948,0.558095,-0.010043,0.430658,0.674416,0.145656,0.034987,0.323135,0.869890,-0.363141,0.000672,-0.390048,0.845435,0.016421,0.037132,0.311902,0.898031,0.616723,-0.014296,-0.311881,0.898742,0.069900,0.069352,-0.110753,0.106629,0.121205,0.017004,0.165204,0.064780,-0.101016,0.119061,0.085386,-0.183760,-0.424508,0.008349,0.351963,0.559002,-0.010784,0.431227,0.145368,0.035212,0.322740,-0.363749,0.000481,-0.389744,0.016367,0.037473,0.311662,0.616558,-0.014066,-0.311406
959,9.590000,0.005573,0.369241,-0.000428,-0.929317,0.115159,0.085164,-0.094803,0.000268,0.069312,0.069468,-0.110803,0.849561,0.106564,0.121051,0.016787,0.957964,0.165510,0.065069,-0.101251,0.897940,0.119252,0.085069,-0.183946,0.924661,0.001385,0.036010,0.000392,-0.999350,0.091473,0.009473,0.119394,0.000689,-0.424906,0.008379,0.352565,0.819145,0.558093,-0.010039,0.430664,0.673423,0.145654,0.034992,0.323141,0.865450,-0.363143,0.000674,-0.390041,0.823428,0.016419,0.037139,0.311908,0.890384,0.616721,-0.014303,-0.311875,0.858870,0.069867,0.069283,-0.110942,0.106555,0.121212,0.016835,0.165164,0.064869,-0.101167,0.119051,0.085293,-0.183938,-0.424501,0.008358,0.351966,0.558988,-0.010792,0.431246,0.145361,0.035219,0.322751,-0.363746,0.000480,-0.389728,0.016385,0.037487,0.311644,0.616538,-0.014070,-0.311394
960,9.600000,0.005403,0.369315,-0.000780,-0.929288,0.115143,0.085141,-0.095045,0.000300,0.069310,0.069410,-0.111053,0.849561,0.106503,0.121015,0.016547,0.957964,0.165510,0.065086,-0.101486,0.897940,0.119249,0.085054,-0.184187,0.924661,0.001378,0.035998,0.000407,-0.999351,0.091457,0.009471,0.119370,0.000636,-0.424917,0.008388,0.352553,0.819145,0.558083,-0.010060,0.430629,0.673423,0.145643,0.034985,0.323116,0.865450,-0.363171,0.000692,-0.390055,0.823428,0.016408,0.037136,0.311886,0.890384,0.616693,-0.014315,-0.311911,0.858870,0.069879,0.069228,-0.111119,0.106486,0.121170,0.016619,0.165159,0.064879,-0.101337,0.119048,0.085288,-0.184341,-0.424506,0.008359,0.351967,0.558806,-0.010669,0.431026,0.145354,0.035221,0.322736,-0.363755,0.000474,-0.389747,0.016376,0.037472,0.311665,0.616533,-0.014087,-0.311393
961,9.610000,0.005409,0.369652,-0.000602,-0.929154,0.115134,0.085170,-0.095262,0.000325,0.069307,0.069456,-0.111305,0.861008,0.106424,0.121033,0.016327,0.950498,0.165499,0.065099,-0.101669,0.881825,0.119305,0.085091,-0.184401,0.881774,0.001386,0.036005,0.000386,-0.999351,0.091473,0.009476,0.119391,0.000686,-0.424904,0.008376,0.352568,0.821783,0.558096,-0.010031,0.430656,0.668538,0.145656,0.034996,0.323138,0.864250,-0.363149,0.000669,-0.390039,0.824587,0.016421,0.037141,0.311906,0.891055,0.616716,-0.014296,-0.311883,0.859644,0.069810,0.069222,-0.111262,0.106421,0.121203,0.016429,0.165136,0.064878,-0.101460,0.119167,0.085375,-0.184753,-0.424510,0.008351,0.351974,0.559005,-0.010807,0.431230,0.145367,0.035230,0.322742,-0.363749,0.000476,-0.389732,0.016379,0.037498,0.311660,0.616541,-0.014063,-0.311403
962,9.620000,0.005448,0.369789,-0.000080,-0.929100,0.115068,0.085238,-0.095406,0.000288,0.069230,0.069574,-0.111468,0.861008,0.106360,0.121075,0.016192,0.950498,0.165415,0.065119,-0.101804,0.881825,0.119265,0.085183,-0.184544,0.881774,0.001494,0.035930,0.000501,-0.999353,0.091453,0.009419,0.119321,0.000593,-0.424889,0.008490,0.352575,0.821783,0.558118,-0.010134,0.430521,0.668538,0.145673,0.034969,0.323054,0.864250,-0.363245,0.000614,-0.390040,0.824587,0.016437,0.037142,0.311841,0.891055,0.616627,-0.014567,-0.312026,0.859644,0.069711,0.069405,-0.111558,0.106366,0.121211,0.016266,0.165115,0.064946,-0.101632,0.119079,0.085390,-0.184699,-0.424510,0.008365,0.351984,0.558837,-0.010661,0.431008,0.145367,0.035235,0.322730,-0.363744,0.000471,-0.389740,0.016398,0.037484,0.311659,0.616438,-0.014427,-0.311671
963,9.630000,0.005491,0.369909,0.000052,-0.929052,0.115044,0.085250,-0.095565,0.000280,0.069206,0.069600,-0.111639,0.868679,0.106317,0.121088,0.016031,0.961351,0.165387,0.065117,-0.101950,0.901360,0.119265,0.085196,-0.184702,0.922018,0.001492,0.035941,0.000490,-0.999353,0.091454,0.009409,0.119343,0.000675,-0.424893,0.008468,0.352586,0.817681,0.558112,-0.010134,0.430553,0.675600,0.145668,0.034960,0.323078,0.867765,-0.363234,0.000597,-0.390027,0.848056,0.016432,0.037130,0.311862,0.895907,0.616637,-0.014564,-0.311992,0.897971,0.069689,0.069416,-0.111733,0.106327,0.121230,0.016090,0.165075,0.064938,-0.101789,0.119084,0.085417,-0.184828,-0.424511,0.008355,0.351975,0.559001,-0.010787,0.431238,0.145353,0.035212,0.322736,-0.363747,0.000473,-0.389726,0.016384,0.037487,0.311652,0.616425,-0.014418,-0.311676
964,9.640000,0.005240,0.369927,-0.000716,-0.929046,0.115062,0.085289,-0.095647,0.000303,0.069250,0.069563,-0.111721,0.868679,0.106274,0.121123,0.015945,0.961351,0.165438,0.065236,-0.102029,0.901360,0.119285,0.085232,-0.184784,0.922018,0.001391,0.036005,0.000379,-0.999351,0.091472,0.009481,0.119386,0.000685,-0.424904,0.008376,0.352562,0.817681,0.558095,-0.010016,0.430652,0.675600,0.145655,0.035004,0.323132,0.867765,-0.363148,0.000662,-0.390045,0.848056,0.016420,0.037146,0.311900,0.895907,0.616717,-0.014289,-0.311887,0.897971,0.069694,0.069430,-0.111839,0.106334,0.121192,0.015943,0.165116,0.065147,-0.101771,0.119103,0.085386,-0.184922,-0.424505,0.008362,0.351975,0.558981,-0.010780,0.431249,0.145368,0.035224,0.322725,-0.363727,0.000462,-0.389736,0.016384,0.037501,0.311649,0.616522,-0.014049,-0.311420
965,9.650000,0.005259,0.369884,-0.000480,-0.929063,0.115049,0.085315,-0.095779,0.000297,0.069229,0.069612,-0.111851,0.885536,0.106288,0.121138,0.015819,0.977801,0.165415,0.065241,-0.102168,0.901466,0.119265,0.085269,-0.184916,0.940496,0.001385,0.036005,0.000380,-0.999351,0.091469,0.009472,0.119393,0.000688,-0.424908,0.008365,0.352570,0.821316,0.558092,-0.010029,0.430659,0.668495,0.145652,0.034993,0.323140,0.863607,-0.363151,0.000660,-0.390038,0.828603,0.016417,0.037136,0.311908,0.894939,0.616713,-0.014292,-0.311880,0.858758,0.069653,0.069505,-0.111987,0.106348,0.121196,0.015850,0.165101,0.065180,-0.101938,0.119095,0.085380,-0.185041,-0.424507,0.008353,0.351978,0.558989,-0.010797,0.431263,0.145372,0.035229,0.322735,-0.363734,0.000465,-0.389734,0.016380,0.037471,0.311657,0.616511,-0.014055,-0.311409
966,9.660000,0.005025,0.369827,-0.000694,-0.929087,0.115066,0.085295,-0.095893,0.000264,0.069253,0.069570,-0.111963,0.885536,0.106298,0.121082,0.015716,0.977801,0.165442,0.065251,-0.102294,0.901466,0.119270,0.085276,-0.185031,0.940496,0.001381,0.036013,0.000380,-0.999350,0.091469,0.009477,0.119391,0.000695,-0.424911,0.008368,0.352559,0.821316,0.558088,-0.010027,0.430664,0.668495,0.145649,0.034996,0.323139,0.863607,-0.363143,0.000670,-0.390047,0.828603,0.016414,0.037139,0.311904,0.894939,0.616720,-0.014283,-0.311875,0.858758,0.069679,0.069467,-0.112053,0.106339,0.121137,0.015714,0.165133,0.065175,-0.102093,0.119112,0.085399,-0.185140,-0.424513,0.008351,0.351975,0.558996,-0.010816,0.431284,0.145353,0.035228,0.322727,-0.363724,0.000478,-0.389742,0.016388,0.037489,0.311653,0.616525,-0.014047,-0.311410
967,9.670000,0.005166,0.369811,-0.000442,-0.929093,0.115061,0.085308,-0.095984,0.000238,0.069238,0.069608,-0.112052,0.890715,0.106317,0.121109,0.015623,0.981676,0.165426,0.065235,-0.102385,0.920753,0.119262,0.085280,-0.185122,0.943564,0.001378,0.036008,0.000376,-0.999350,0.091470,0.009485,0.119394,0.000685,-0.424908,0.008371,0.352567,0.821733,0.558092,-0.010017,0.430662,0.672321,0.145652,0.035003,0.323141,0.862174,-0.363147,0.000677,-0.390040,0.826811,0.016416,0.037146,0.311908,0.892868,0.616717,-0.014269,-0.311877,0.861676,0.069657,0.069518,-0.112137,0.106326,0.121178,0.015644,0.165166,0.065134,-0.102233,0.119093,0.085401,-0.185209,-0.424506,0.008357,0.351978,0.558967,-0.010775,0.431277,0.145364,0.035230,0.322729,-0.363735,0.000480,-0.389732,0.016392,0.037490,0.311654,0.616526,-0.014032,-0.311415
968,9.680000,0.005300,0.369819,-0.000544,-0.929088,0.115043,0.085333,-0.096045,0.000223,0.069222,0.069624,-0.112109,0.890715,0.106294,0.121169,0.015549,0.981676,0.165410,0.065262,-0.102439,0.920753,0.119246,0.085276,-0.185183,0.943564,0.001389,0.036016,0.000386,-0.999350,0.091474,0.009477,0.119395,0.000688,-0.424907,0.008378,0.352560,0.821733,0.558091,-0.010027,0.430670,0.672321,0.145653,0.034999,0.323142,0.862174,-0.363135,0.000667,-0.390046,0.826811,0.016418,0.037143,0.311908,0.892868,0.616727,-0.014297,-0.311867,0.861676,0.069645,0.069529,-0.112176,0.106296,0.121242,0.015564,0.165143,0.065154,-0.102309,0.119089,0.085405,-0.185260,-0.424504,0.008349,0.351972,0.558979,-0.010800,0.431270,0.145367,0.035237,0.322729,-0.363720,0.000476,-0.389738,0.016388,0.037500,0.311653,0.616528,-0.014065,-0.311390
969,9.690000,0.005187,0.369774,-0.000678,-0.929107,0.115035,0.085322,-0.096105,0.000229,0.069217,0.069600,-0.112166,0.891190,0.106285,0.121143,0.015495,0.976617,0.165408,0.065269,-0.102506,0.921748,0.119229,0.085277,-0.185243,0.946628,0.001381,0.036012,0.000387,-0.999350,0.091468,0.009482,0.119390,0.000695,-0.424912,0.008381,0.352560,0.821731,0.558087,-0.010029,0.430662,0.662579,0.145649,0.035000,0.323138,0.860233,-0.363146,0.000682,-0.390046,0.829916,0.016414,0.037145,0.311904,0.891807,0.616718,-0.014286,-0.311876,0.860364,0.069623,0.069486,-0.112273,0.106300,0.121231,0.015522,0.165143,0.065158,-0.102380,0.119072,0.085414,-0.185290,-0.424513,0.008359,0.351969,0.558990,-0.010816,0.431285,0.145352,0.035234,0.322726,-0.363720,0.000491,-0.389736,0.016395,0.037496,0.311652,0.616513,-0.014052,-0.311413
970,9.700000,0.005223,0.369792,-0.000704,-0.929100,0.115043,0.085312,-0.096150,0.000250,0.069227,0.069587,-0.112211,0.891190,0.106288,0.121143,0.015446,0.976617,0.165417,0.065259,-0.102547,0.921748,0.119241,0.085259,-0.185288,0.946628,0.001482,0.035949,0.000488,-0.999353,0.091449,0.009413,0.119343,0.000673,-0.424902,0.008465,0.352578,0.821731,0.558103,-0.010135,0.430560,0.662579,0.145660,0.034959,0.323079,0.860233,-0.363231,0.000608,-0.390035,0.829916,0.016424,0.037129,0.311861,0.891807,0.616639,-0.014550,-0.311985,0.860364,0.069674,0.069473,-0.112337,0.106296,0.121240,0.015493,0.165142,0.065136,-0.102421,0.119061,0.085399,-0.185334,-0.424521,0.008349,0.351966,0.558979,-0.010797,0.431272,0.145353,0.035238,0.322718,-0.363735,0.000487,-0.389744,0.016394,0.037466,0.311674,0.616408,-0.014406,-0.311677
971,9.710000,0.005212,0.369790,-0.000697,-0.929100,0.115028,0.085324,-0.096158,0.000233,0.069211,0.069600,-0.112220,0.889738,0.106273,0.121151,0.015439,0.972514,0.165401,0.065271,-0.102556,0.917857,0.119225,0.085274,-0.185296,0.945495,0.001375,0.035997,0.000387,-0.999351,0.091459,0.009482,0.119368,0.000636,-0.424914,0.008378,0.352552,0.822411,0.558086,-0.010031,0.430626,0.734082,0.145645,0.034998,0.323114,0.864069,-0.363170,0.000687,-0.390056,0.828676,0.016410,0.037143,0.311884,0.901431,0.616695,-0.014280,-0.311914,0.856166,0.069619,0.069467,-0.112321,0.106292,0.121252,0.015481,0.165120,0.065153,-0.102434,0.119080,0.085424,-0.185358,-0.424515,0.008357,0.351965,0.558821,-0.010660,0.431069,0.145351,0.035241,0.322726,-0.363740,0.000468,-0.389745,0.016401,0.037468,0.311660,0.616515,-0.014047,-0.311420
972,9.720000,0.005167,0.369769,-0.000580,-0.929109,0.115039,0.085321,-0.096173,0.000249,0.069218,0.069608,-0.112235,0.889738,0.106296,0.121131,0.015431,0.972514,0.165408,0.065260,-0.102576,0.917857,0.119232,0.085285,-0.185311,0.945495,0.001373,0.035999,0.000391,-0.999351,0.091457,0.009480,0.119362,0.000640,-0.424917,0.008378,0.352545,0.822411,0.558084,-0.010040,0.430621,0.734082,0.145643,0.034994,0.323109,0.864069,-0.363170,0.000691,-0.390063,0.828676,0.016408,0.037140,0.311878,0.901431,0.616695,-0.014285,-0.311918,0.856166,0.069654,0.069501,-0.112329,0.106304,0.121218,0.015478,0.165132,0.065147,-0.102437,0.119065,0.085417,-0.185403,-0.424521,0.008359,0.351966,0.558838,-0.010681,0.431055,0.145354,0.035235,0.322716,-0.363727,0.000471,-0.389760,0.016381,0.037470,0.311662,0.616507,-0.014050,-0.311417
973,9.730000,0.005095,0.369784,-0.000689,-0.929104,0.115027,0.085322,-0.096159,0.000250,0.069212,0.069598,-0.112223,0.882217,0.106272,0.121124,0.015446,0.972197,0.165402,0.065274,-0.102562,0.913430,0.119223,0.085291,-0.185297,0.944139,0.001369,0.036004,0.000391,-0.999351,0.091461,0.009474,0.119371,0.000642,-0.424915,0.008371,0.352549,0.824954,0.558084,-0.010047,0.430635,0.730934,0.145645,0.034987,0.323119,0.859584,-0.363162,0.000689,-0.390058,0.830875,0.016409,0.037133,0.311887,0.903373,0.616703,-0.014287,-0.311905,0.855462,0.069650,0.069468,-0.112339,0.106292,0.121223,0.015492,0.165103,0.065158,-0.102433,0.119065,0.085438,-0.185356,-0.424522,0.008347,0.351971,0.558837,-0.010681,0.431071,0.145337,0.035238,0.322721,-0.363724,0.000474,-0.389751,0.016400,0.037454,0.311671,0.616523,-0.014057,-0.311406
974,9.740000,0.005103,0.369696,-0.000781,-0.929138,0.115018,0.085327,-0.096130,0.000225,0.069202,0.069594,-0.112185,0.882217,0.106278,0.121137,0.015474,0.972197,0.165395,0.065287,-0.102541,0.913430,0.119197,0.085290,-0.185269,0.944139,0.001373,0.036010,0.000376,-0.999350,0.091473,0.009459,0.119395,0.000692,-0.424906,0.008342,0.352567,0.824954,0.558093,-0.010045,0.430664,0.730934,0.145653,0.034975,0.323143,0.859584,-0.363143,0.000655,-0.390040,0.830875,0.016418,0.037118,0.311910,0.903373,0.616721,-0.014290,-0.311874,0.855462,0.069607,0.069476,-0.112264,0.106289,0.121226,0.015501,0.165126,0.065171,-0.102414,0.119051,0.085435,-0.185343,-0.424510,0.008323,0.351978,0.558997,-0.010811,0.431268,0.145357,0.035214,0.322720,-0.363715,0.000465,-0.389734,0.016390,0.037454,0.311674,0.616516,-0.014059,-0.311404
975,9.750000,0.005201,0.369731,-0.000569,-0.929124,0.115013,0.085316,-0.096115,0.000231,0.069190,0.069604,-0.112173,0.889359,0.106281,0.121133,0.015487,0.976749,0.165381,0.065252,-0.102522,0.919876,0.119199,0.085275,-0.185254,0.945357,0.001370,0.036002,0.000383,-0.999351,0.091469,0.009484,0.119370,0.000631,-0.424906,0.008373,0.352550,0.827940,0.558094,-0.010029,0.430632,0.733615,0.145653,0.034998,0.323118,0.863309,-0.363155,0.000691,-0.390057,0.832712,0.016418,0.037143,0.311886,0.901268,0.616710,-0.014270,-0.311907,0.853741,0.069604,0.069487,-0.112277,0.106296,0.121221,0.015510,0.165111,0.065139,-0.102392,0.119040,0.085417,-0.185302,-0.424519,0.008354,0.351982,0.558827,-0.010672,0.431064,0.145379,0.035249,0.322717,-0.363705,0.000466,-0.389751,0.016392,0.037469,0.311665,0.616522,-0.014032,-0.311407
976,9.760000,0.005210,0.369682,-0.000579,-0.929144,0.115017,0.085327,-0.096080,0.000223,0.069194,0.069615,-0.112132,0.886163,0.106297,0.121147,0.015523,0.980311,0.165385,0.065264,-0.102491,0.917366,0.119194,0.085284,-0.185219,0.944573,0.001381,0.036010,0.000370,-0.999350,0.091461,0.009473,0.119395,0.000693,-0.424917,0.008354,0.352567,0.823917,0.558082,-0.010021,0.430665,0.666830,0.145642,0.034993,0.323143,0.857579,-0.363154,0.000657,-0.390040,0.830769,0.016407,0.037134,0.311909,0.895056,0.616710,-0.014277,-0.311874,0.857306,0.069633,0.069512,-0.112189,0.106296,0.121225,0.015529,0.165102,0.065148,-0.102367,0.119039,0.085425,-0.185290,-0.424520,0.008344,0.351985,0.558980,-0.010799,0.431269,0.145339,0.035229,0.322721,-0.363724,0.000459,-0.389732,0.016389,0.037471,0.311659,0.616503,-0.014036,-0.311399
977,9.770000,0.005016,0.369622,-0.000454,-0.929169,0.115026,0.085316,-0.096062,0.000229,0.069199,0.069615,-0.112116,0.886163,0.106323,0.121086,0.015557,0.980311,0.165391,0.065251,-0.102489,0.917366,0.119191,0.085313,-0.185202,0.944573,0.001368,0.035998,0.000388,-0.999351,0.091459,0.009474,0.119378,0.000640,-0.424914,0.008366,0.352562,0.823917,0.558087,-0.010045,0.430637,0.666830,0.145645,0.034986,0.323125,0.857579,-0.363168,0.000686,-0.390046,0.830769,0.016410,0.037132,0.311895,0.895056,0.616697,-0.014284,-0.311903,0.857306,0.069617,0.069516,-0.112183,0.106333,0.121157,0.015578,0.165109,0.065153,-0.102355,0.119045,0.085438,-0.185290,-0.424518,0.008358,0.351991,0.558822,-0.010687,0.431062,0.145346,0.035217,0.322729,-0.363716,0.000455,-0.389728,0.016393,0.037465,0.311661,0.616510,-0.014038,-0.311397
978,9.780000,0.005180,0.369629,-0.000604,-0.929165,0.115012,0.085315,-0.096038,0.000235,0.069188,0.069600,-0.112085,0.887834,0.106302,0.121129,0.015567,0.982489,0.165381,0.065255,-0.102455,0.918289,0.119179,0.085275,-0.185177,0.945199,0.001366,0.036014,0.000385,-0.999350,0.091465,0.009472,0.119401,0.000693,-0.424916,0.008360,0.352568,0.823338,0.558083,-0.010045,0.430674,0.670134,0.145645,0.034984,0.323150,0.858901,-0.363146,0.000683,-0.390038,0.833320,0.016410,0.037129,0.311915,0.893529,0.616717,-0.014281,-0.311864,0.855890,0.069621,0.069509,-0.112162,0.106309,0.121198,0.015581,0.165104,0.065155,-0.102313,0.119015,0.085397,-0.185257,-0.424518,0.008351,0.351984,0.558978,-0.010813,0.431266,0.145349,0.035215,0.322728,-0.363695,0.000485,-0.389716,0.016374,0.037466,0.311658,0.616497,-0.014040,-0.311389
979,9.790000,0.005171,0.369592,-0.000585,-0.929180,0.115002,0.085321,-0.096028,0.000230,0.069176,0.069608,-0.112072,0.887834,0.106302,0.121132,0.015579,0.982489,0.165369,0.065260,-0.102450,0.918289,0.119161,0.085284,-0.185168,0.945199,0.001359,0.035999,0.000395,-0.999351,0.091458,0.009482,0.119381,0.000636,-0.424916,0.008377,0.352564,0.823338,0.558085,-0.010049,0.430640,0.670134,0.145644,0.034990,0.323129,0.858901,-0.363169,0.000710,-0.390045,0.833320,0.016409,0.037137,0.311898,0.893529,0.616696,-0.014274,-0.311900,0.855890,0.069598,0.069513,-0.112149,0.106312,0.121202,0.015593,0.165091,0.065162,-0.102314,0.119007,0.085406,-0.185241,-0.424524,0.008371,0.351986,0.558811,-0.010676,0.431057,0.145350,0.035219,0.322733,-0.363698,0.000479,-0.389713,0.016383,0.037463,0.311670,0.616503,-0.014028,-0.311403
980,9.800000,0.005069,0.369558,-0.000772,-0.929194,0.114992,0.085333,-0.096008,0.000235,0.069172,0.069601,-0.112049,0.890442,0.106285,0.121135,0.015602,0.983704,0.165368,0.065294,-0.102435,0.915772,0.119145,0.085302,-0.185148,0.946060,0.001365,0.036011,0.000379,-0.999350,0.091465,0.009483,0.119402,0.000685,-0.424915,0.008366,0.352572,0.823142,0.558084,-0.010029,0.430673,0.673229,0.145645,0.034996,0.323150,0.861925,-0.363149,0.000691,-0.390035,0.831828,0.016410,0.037139,0.311917,0.892150,0.616714,-0.014263,-0.311866,0.859136,0.069592,0.069505,-0.112126,0.106305,0.121197,0.015597,0.165085,0.065202,-0.102276,0.118988,0.085428,-0.185225,-0.424528,0.008354,0.351979,0.558964,-0.010792,0.431266,0.145352,0.035222,0.322740,-0.363702,0.000489,-0.389709,0.016388,0.037487,0.311662,0.616502,-0.014021,-0.311404
981,9.810000,0.005076,0.369555,-0.000740,-0.929195,0.114983,0.085334,-0.095995,0.000233,0.069161,0.069605,-0.112037,0.890442,0.106279,0.121135,0.015615,0.983704,0.165357,0.065291,-0.102423,0.915772,0.119136,0.085304,-0.185135,0.946060,0.001222,0.036081,0.000471,-0.999348,0.091532,0.009526,0.119389,0.000677,-0.424881,0.008430,0.352486,0.823142,0.558104,-0.010158,0.430719,0.673229,0.145687,0.034970,0.323152,0.861925,-0.363013,0.000962,-0.390114,0.831828,0.016454,0.037139,0.311901,0.892150,0.616837,-0.014184,-0.311812,0.859136,0.069580,0.069506,-0.112108,0.106298,0.121199,0.015609,0.165076,0.065196,-0.102264,0.118980,0.085434,-0.185216,-0.424525,0.008347,0.351973,0.558985,-0.010803,0.431268,0.145341,0.035223,0.322732,-0.363321,0.000811,-0.389788,0.016389,0.037477,0.311653,0.616475,-0.014009,-0.311408
982,9.820000,0.005030,0.369518,-0.000531,-0.929210,0.114984,0.085313,-0.095977,0.000238,0.069155,0.069604,-0.112019,0.889631,0.106301,0.121090,0.015642,0.981517,0.165350,0.065254,-0.102414,0.917943,0.119129,0.085302,-0.185118,0.943208,0.001361,0.035998,0.000382,-0.999351,0.091452,0.009486,0.119380,0.000642,-0.424921,0.008368,0.352563,0.820301,0.558080,-0.010032,0.430638,0.740306,0.145638,0.034996,0.323127,0.864493,-0.363176,0.000700,-0.390045,0.835535,0.016402,0.037140,0.311897,0.899812,0.616690,-0.014259,-0.311902,0.850334,0.069580,0.069509,-0.112091,0.106310,0.121161,0.015661,0.165077,0.065151,-0.102263,0.118968,0.085429,-0.185216,-0.424514,0.008361,0.351971,0.558802,-0.010652,0.431054,0.145340,0.035218,0.322731,-0.363693,0.000470,-0.389709,0.016377,0.037471,0.311673,0.616471,-0.014015,-0.311401
983,9.830000,0.004994,0.369489,-0.000738,-0.929222,0.114978,0.085320,-0.095969,0.000248,0.069155,0.069591,-0.112007,0.889631,0.106288,0.121104,0.015647,0.981517,0.165352,0.065282,-0.102407,0.917943,0.119117,0.085304,-0.185110,0.943208,0.001354,0.036000,0.000385,-0.999351,0.091459,0.009478,0.119376,0.000641,-0.424915,0.008360,0.352558,0.820301,0.558086,-0.010046,0.430636,0.740306,0.145644,0.034985,0.323124,0.864493,-0.363167,0.000702,-0.390050,0.835535,0.016409,0.037130,0.311894,0.899812,0.616698,-0.014263,-0.311904,0.850334,0.069577,0.069485,-0.112096,0.106316,0.121171,0.015654,0.165057,0.065191,-0.102238,0.118961,0.085433,-0.185196,-0.424512,0.008339,0.351959,0.558814,-0.010668,0.431058,0.145345,0.035198,0.322745,-0.363696,0.000477,-0.389712,0.016387,0.037483,0.311662,0.616493,-0.014026,-0.311411
984,9.840000,0.004980,0.369475,-0.000734,-0.929227,0.114975,0.085334,-0.095950,0.000250,0.069151,0.069606,-0.111987,0.890696,0.106288,0.121114,0.015668,0.984384,0.165349,0.065296,-0.102390,0.910835,0.119111,0.085321,-0.185091,0.947266,0.001479,0.035947,0.000481,-0.999353,0.091459,0.009422,0.119345,0.000675,-0.424891,0.008465,0.352582,0.819811,0.558115,-0.010121,0.430559,0.673212,0.145671,0.034967,0.323080,0.859100,-0.363223,0.000614,-0.390031,0.855967,0.016435,0.037136,0.311863,0.901902,0.616647,-0.014530,-0.311986,0.894120,0.069571,0.069514,-0.112067,0.106319,0.121168,0.015677,0.165045,0.065225,-0.102216,0.118963,0.085430,-0.185194,-0.424524,0.008349,0.351972,0.558995,-0.010796,0.431250,0.145358,0.035255,0.322710,-0.363687,0.000489,-0.389713,0.016397,0.037475,0.311669,0.616400,-0.014383,-0.311675
985,9.850000,0.004927,0.369449,-0.000648,-0.929238,0.114973,0.085320,-0.095934,0.000268,0.069147,0.069600,-0.111971,0.890696,0.106297,0.121084,0.015690,0.984384,0.165344,0.065277,-0.102380,0.910835,0.119105,0.085321,-0.185075,0.947266,0.001234,0.036071,0.000479,-0.999348,0.091525,0.009528,0.119370,0.000615,-0.424883,0.008446,0.352478,0.819811,0.558103,-0.010156,0.430691,0.673212,0.145685,0.034976,0.323132,0.859100,-0.363031,0.000959,-0.390123,0.855967,0.016452,0.037147,0.311883,0.901902,0.616821,-0.014201,-0.311842,0.894120,0.069563,0.069504,-0.112074,0.106342,0.121135,0.015700,0.165043,0.065211,-0.102175,0.118945,0.085431,-0.185186,-0.424529,0.008346,0.351969,0.558814,-0.010654,0.431056,0.145348,0.035218,0.322735,-0.363329,0.000803,-0.389779,0.016377,0.037475,0.311665,0.616508,-0.014047,-0.311404
986,9.860000,0.004945,0.369418,-0.000627,-0.929250,0.114963,0.085316,-0.095935,0.000257,0.069135,0.069598,-0.111968,0.889786,0.106296,0.121082,0.015689,0.983811,0.165333,0.065270,-0.102384,0.908344,0.119089,0.085315,-0.185076,0.947685,0.001478,0.035947,0.000481,-0.999353,0.091450,0.009415,0.119353,0.000679,-0.424899,0.008458,0.352590,0.817242,0.558106,-0.010129,0.430568,0.672765,0.145662,0.034961,0.323089,0.863113,-0.363231,0.000609,-0.390023,0.853604,0.016426,0.037129,0.311871,0.903359,0.616639,-0.014536,-0.311977,0.893626,0.069557,0.069506,-0.112053,0.106333,0.121133,0.015703,0.165019,0.065205,-0.102206,0.118944,0.085420,-0.185183,-0.424531,0.008350,0.351968,0.559000,-0.010786,0.431262,0.145348,0.035231,0.322731,-0.363710,0.000485,-0.389709,0.016392,0.037461,0.311676,0.616391,-0.014389,-0.311664
987,9.870000,0.004910,0.369424,-0.000693,-0.929248,0.114963,0.085324,-0.095919,0.000269,0.069137,0.069599,-0.111953,0.889786,0.106290,0.121086,0.015705,0.983811,0.165336,0.065285,-0.102368,0.908344,0.119090,0.085324,-0.185061,0.947685,0.001491,0.035951,0.000485,-0.999352,0.091454,0.009415,0.119352,0.000683,-0.424898,0.008468,0.352584,0.817242,0.558106,-0.010124,0.430571,0.672765,0.145664,0.034965,0.323087,0.863113,-0.363224,0.000598,-0.390028,0.853604,0.016428,0.037134,0.311869,0.903359,0.616646,-0.014552,-0.311973,0.893626,0.069556,0.069499,-0.112060,0.106337,0.121140,0.015719,0.165025,0.065221,-0.102170,0.118936,0.085435,-0.185166,-0.424526,0.008364,0.351973,0.559012,-0.010816,0.431268,0.145345,0.035228,0.322739,-0.363695,0.000469,-0.389706,0.016374,0.037488,0.311658,0.616413,-0.014397,-0.311668
988,9.880000,0.004901,0.369351,-0.000728,-0.929277,0.114960,0.085326,-0.095898,0.000270,0.069132,0.069598,-0.111925,0.888006,0.106301,0.121089,0.015728,0.982156,0.165333,0.065291,-0.102355,0.903943,0.119073,0.085326,-0.185040,0.947089,0.001476,0.035940,0.000484,-0.999353,0.091441,0.009420,0.119331,0.000598,-0.424906,0.008465,0.352575,0.820921,0.558100,-0.010127,0.430540,0.743563,0.145655,0.034965,0.323066,0.868794,-0.363248,0.000618,-0.390039,0.854483,0.016419,0.037134,0.311851,0.901351,0.616624,-0.014532,-0.312006,0.895932,0.069556,0.069498,-0.112033,0.106353,0.121138,0.015731,0.165012,0.065233,-0.102152,0.118919,0.085435,-0.185137,-0.424531,0.008355,0.351975,0.558795,-0.010671,0.431062,0.145345,0.035226,0.322734,-0.363698,0.000462,-0.389705,0.016395,0.037477,0.311658,0.616404,-0.014377,-0.311688
989,9.890000,0.004954,0.369401,-0.000574,-0.929257,0.114951,0.085317,-0.095901,0.000274,0.069120,0.069604,-0.111933,0.888006,0.106292,0.121081,0.015724,0.982156,0.165318,0.065266,-0.102352,0.903943,0.119074,0.085317,-0.185042,0.947089,0.001470,0.035955,0.000493,-0.999352,0.091452,0.009409,0.119355,0.000671,-0.424902,0.008460,0.352583,0.820921,0.558102,-0.010151,0.430578,0.743563,0.145661,0.034950,0.323093,0.868794,-0.363221,0.000621,-0.390029,0.854483,0.016425,0.037121,0.311873,0.901351,0.616648,-0.014548,-0.311966,0.895932,0.069549,0.069504,-0.112032,0.106344,0.121130,0.015735,0.164984,0.065211,-0.102150,0.118927,0.085424,-0.185155,-0.424522,0.008345,0.351970,0.558962,-0.010805,0.431270,0.145345,0.035216,0.322747,-0.363702,0.000493,-0.389712,0.016388,0.037472,0.311661,0.616413,-0.014400,-0.311664
990,9.900000,0.004978,0.369418,-0.000619,-0.929250,0.114946,0.085313,-0.095886,0.000286,0.069117,0.069596,-0.111918,0.885148,0.106280,0.121085,0.015736,0.976185,0.165315,0.065264,-0.102334,0.903626,0.119072,0.085306,-0.185027,0.943766,0.001465,0.035954,0.000484,-0.999352,0.091450,0.009413,0.119349,0.000665,-0.424903,0.008452,0.352579,0.822902,0.558102,-0.010141,0.430570,0.675695,0.145660,0.034953,0.323087,0.867635,-0.363225,0.000621,-0.390033,0.859043,0.016424,0.037122,0.311867,0.897457,0.616645,-0.014529,-0.311975,0.892269,0.069546,0.069485,-0.112041,0.106331,0.121151,0.015783,0.164990,0.065198,-0.102137,0.118918,0.085418,-0.185147,-0.424534,0.008353,0.351982,0.558971,-0.010815,0.431257,0.145353,0.035211,0.322740,-0.363682,0.000482,-0.389735,0.016388,0.037474,0.311661,0.616387,-0.014368,-0.311669
991,9.910000,0.004974,0.369384,-0.000608,-0.929263,0.114940,0.085317,-0.095860,0.000291,0.069110,0.069601,-0.111889,0.885148,0.106283,0.121088,0.015763,0.976185,0.165308,0.065268,-0.102312,0.903626,0.119060,0.085312,-0.185001,0.943766,0.001363,0.035998,0.000398,-0.999351,0.091460,0.009484,0.119364,0.000635,-0.424914,0.008384,0.352548,0.822902,0.558087,-0.010047,0.430622,0.675695,0.145646,0.034994,0.323111,0.867635,-0.363169,0.000712,-0.390060,0.859043,0.016411,0.037142,0.311881,0.897457,0.616696,-0.014278,-0.311918,0.892269,0.069542,0.069490,-0.112014,0.106342,0.121145,0.015785,0.164979,0.065206,-0.102092,0.118898,0.085427,-0.185118,-0.424530,0.008354,0.351970,0.558811,-0.010666,0.431029,0.145361,0.035227,0.322725,-0.363685,0.000491,-0.389729,0.016389,0.037487,0.311642,0.616483,-0.014046,-0.311413
992,9.920000,0.004981,0.369341,-0.000631,-0.929280,0.114926,0.085316,-0.095851,0.000294,0.069094,0.069598,-0.111876,0.882866,0.106278,0.121090,0.015772,0.978999,0.165294,0.065269,-0.102307,0.899419,0.119037,0.085309,-0.184993,0.943764,0.001370,0.036012,0.000369,-0.999350,0.091469,0.009476,0.119394,0.000686,-0.424911,0.008350,0.352563,0.821838,0.558089,-0.010024,0.430666,0.671187,0.145649,0.034991,0.323142,0.862074,-0.363144,0.000669,-0.390043,0.835213,0.016413,0.037132,0.311909,0.894207,0.616720,-0.014263,-0.311873,0.860426,0.069533,0.069494,-0.112004,0.106336,0.121145,0.015798,0.164959,0.065212,-0.102092,0.118875,0.085416,-0.185108,-0.424523,0.008332,0.351966,0.558978,-0.010788,0.431262,0.145359,0.035226,0.322736,-0.363683,0.000473,-0.389719,0.016381,0.037477,0.311666,0.616495,-0.014028,-0.311419
993,9.930000,0.005053,0.369259,-0.000632,-0.929313,0.114921,0.085334,-0.095821,0.000306,0.069086,0.069615,-0.111835,0.882866,0.106295,0.121123,0.015799,0.978999,0.165287,0.065283,-0.102283,0.899419,0.119016,0.085314,-0.184963,0.943764,0.001369,0.036011,0.000372,-0.999350,0.091468,0.009472,0.119389,0.000687,-0.424911,0.008349,0.352559,0.821838,0.558088,-0.010032,0.430660,0.671187,0.145648,0.034987,0.323137,0.862074,-0.363146,0.000669,-0.390047,0.835213,0.016413,0.037128,0.311904,0.894207,0.616718,-0.014270,-0.311879,0.860426,0.069523,0.069489,-0.111977,0.106357,0.121197,0.015855,0.164947,0.065214,-0.102067,0.118857,0.085435,-0.185092,-0.424539,0.008349,0.351959,0.558979,-0.010797,0.431257,0.145352,0.035219,0.322726,-0.363684,0.000467,-0.389711,0.016389,0.037457,0.311661,0.616502,-0.014026,-0.311431
994,9.940000,0.005051,0.369133,-0.000570,-0.929363,0.114901,0.085323,-0.095797,0.000323,0.069060,0.069610,-0.111800,0.876478,0.106309,0.121107,0.015827,0.974032,0.165263,0.065266,-0.102274,0.892052,0.118973,0.085307,-0.184940,0.937993,0.001373,0.036008,0.000375,-0.999350,0.091469,0.009475,0.119391,0.000693,-0.424908,0.008357,0.352565,0.823226,0.558091,-0.010028,0.430659,0.671429,0.145651,0.034992,0.323139,0.859714,-0.363148,0.000671,-0.390042,0.833678,0.016416,0.037133,0.311906,0.893465,0.616716,-0.014272,-0.311880,0.858026,0.069513,0.069487,-0.111955,0.106381,0.121171,0.015865,0.164914,0.065205,-0.102028,0.118798,0.085427,-0.185069,-0.424535,0.008336,0.351964,0.558992,-0.010783,0.431246,0.145354,0.035228,0.322725,-0.363685,0.000480,-0.389699,0.016392,0.037471,0.311647,0.616491,-0.014041,-0.311413
995,9.950000,0.005230,0.369093,-0.000368,-0.929378,0.114890,0.085322,-0.095765,0.000319,0.069039,0.069630,-0.111761,0.876478,0.106326,0.121131,0.015853,0.974032,0.165241,0.065238,-0.102242,0.892052,0.118954,0.085287,-0.184909,0.937993,0.001366,0.035998,0.000384,-0.999351,0.091463,0.009474,0.119375,0.000638,-0.424911,0.008362,0.352559,0.823226,0.558090,-0.010042,0.430634,0.671429,0.145648,0.034987,0.323122,0.859714,-0.363165,0.000686,-0.390049,0.833678,0.016413,0.037131,0.311892,0.893465,0.616700,-0.014277,-0.311906,0.858026,0.069511,0.069482,-0.111899,0.106385,0.121224,0.015924,0.164868,0.065152,-0.102035,0.118796,0.085429,-0.185048,-0.424539,0.008341,0.351968,0.558819,-0.010648,0.431036,0.145344,0.035218,0.322730,-0.363685,0.000467,-0.389700,0.016401,0.037458,0.311666,0.616505,-0.014047,-0.311409
996,9.960000,0.005218,0.368913,-0.000669,-0.929449,0.114866,0.085320,-0.095725,0.000316,0.069018,0.069599,-0.111701,0.874413,0.106324,0.121147,0.015889,0.968391,0.165226,0.065264,-0.102218,0.886220,0.118895,0.085270,-0.184871,0.935458,0.001364,0.035997,0.000380,-0.999351,0.091449,0.009483,0.119379,0.000632,-0.424924,0.008365,0.352564,0.822664,0.558077,-0.010030,0.430637,0.742166,0.145635,0.034995,0.323126,0.866075,-0.363179,0.000693,-0.390045,0.834822,0.016400,0.037139,0.311896,0.900373,0.616686,-0.014261,-0.311903,0.850165,0.069481,0.069441,-0.111816,0.106392,0.121236,0.015948,0.164833,0.065184,-0.102003,0.118757,0.085419,-0.185031,-0.424551,0.008349,0.351960,0.558792,-0.010655,0.431040,0.145359,0.035231,0.322733,-0.363692,0.000462,-0.389697,0.016390,0.037473,0.311680,0.616467,-0.014019,-0.311401
997,9.970000,0.005197,0.368949,-0.000436,-0.929435,0.114853,0.085314,-0.095703,0.000312,0.069000,0.069615,-0.111686,0.874413,0.106318,0.121121,0.015917,0.968391,0.165205,0.065238,-0.102197,0.886220,0.118889,0.085281,-0.184849,0.935458,0.001371,0.036014,0.000371,-0.999350,0.091461,0.009481,0.119401,0.000696,-0.424920,0.008358,0.352568,0.822664,0.558079,-0.010019,0.430674,0.742166,0.145640,0.034997,0.323149,0.866075,-0.363150,0.000675,-0.390038,0.834822,0.016405,0.037138,0.311915,0.900373,0.616713,-0.014261,-0.311864,0.850165,0.069464,0.069458,-0.111796,0.106379,0.121213,0.015979,0.164820,0.065151,-0.101987,0.118748,0.085434,-0.185010,-0.424533,0.008352,0.351952,0.558984,-0.010785,0.431249,0.145347,0.035224,0.322737,-0.363689,0.000473,-0.389696,0.016382,0.037477,0.311666,0.616470,-0.014018,-0.311379
998,9.980000,0.005217,0.368828,-0.000597,-0.929483,0.114844,0.085310,-0.095701,0.000316,0.068991,0.069596,-0.111669,0.874557,0.106328,0.121132,0.015917,0.968066,0.165200,0.065247,-0.102204,0.888476,0.118857,0.085265,-0.184847,0.934246,0.001375,0.036011,0.000379,-0.999350,0.091458,0.009474,0.119406,0.000692,-0.424921,0.008361,0.352577,0.816400,0.558078,-0.010033,0.430677,0.674514,0.145638,0.034990,0.323154,0.860043,-0.363157,0.000672,-0.390029,0.832583,0.016403,0.037133,0.311921,0.896108,0.616707,-0.014281,-0.311862,0.851672,0.069453,0.069440,-0.111788,0.106392,0.121223,0.015979,0.164819,0.065162,-0.101988,0.118712,0.085415,-0.185007,-0.424536,0.008342,0.351952,0.558971,-0.010794,0.431241,0.145347,0.035230,0.322741,-0.363698,0.000474,-0.389689,0.016388,0.037476,0.311687,0.616462,-0.014043,-0.311376
999,9.990000,0.005226,0.368712,-0.000645,-0.929529,0.114820,0.085307,-0.095692,0.000313,0.068964,0.069588,-0.111647,0.874557,0.106329,0.121133,0.015926,0.968066,0.165176,0.065248,-0.102207,0.888476,0.118810,0.085257,-0.184839,0.934246,0.001372,0.036012,0.000388,-0.999350,0.091456,0.009470,0.119406,0.000697,-0.424924,0.008364,0.352575,0.816400,0.558075,-0.010047,0.430677,0.674514,0.145637,0.034984,0.323154,0.860043,-0.363158,0.000679,-0.390031,0.832583,0.016402,0.037130,0.311920,0.896108,0.616706,-0.014290,-0.311861,0.851672,0.069410,0.069429,-0.111766,0.106403,0.121221,0.015997,0.164777,0.065179,-0.101999,0.118689,0.085397,-0.184999,-0.424542,0.008348,0.351945,0.558984,-0.010808,0.431250,0.145338,0.035208,0.322752,-0.363709,0.000483,-0.389679,0.016381,0.037481,0.311675,0.616481,-0.014053,-0.311386
1000,10.000000,0.005248,0.368604,-0.000805,-0.929572,0.114784,0.085312,-0.095684,0.000317,0.068929,0.069578,-0.111626,0.877583,0.106309,0.121154,0.015930,0.966960,0.165144,0.065266,-0.102208,0.887780,0.118754,0.085249,-0.184832,0.937510,0.001360,0.035996,0.000394,-0.999351,0.091459,0.009479,0.119384,0.000646,-0.424913,0.008374,0.352571,0.820421,0.558088,-0.010050,0.430641,0.739216,0.145646,0.034988,0.323132,0.865536,-0.363171,0.000706,-0.390038,0.830705,0.016411,0.037135,0.311902,0.896938,0.616694,-0.014277,-0.311900,0.849766,0.069383,0.069434,-0.111742,0.106377,0.121235,0.016009,0.164752,0.065202,-0.101998,0.118624,0.085376,-0.185004,-0.424539,0.008346,0.351958,0.558823,-0.010676,0.431035,0.145358,0.035226,0.322744,-0.363700,0.000484,-0.389677,0.016395,0.037476,0.311671,0.616490,-0.014044,-0.311385
1001,10.010000,0.005295,0.368385,-0.000843,-0.929658,0.114744,0.085287,-0.095669,0.000312,0.068882,0.069550,-0.111588,0.879824,0.106320,0.121142,0.015945,0.970750,0.165102,0.065243,-0.102214,0.890623,0.118671,0.085215,-0.184819,0.937251,0.001357,0.036001,0.000386,-0.999351,0.091446,0.009485,0.119388,0.000644,-0.424928,0.008370,0.352569,0.817875,0.558072,-0.010038,0.430649,0.739952,0.145631,0.034994,0.323136,0.867603,-0.363179,0.000707,-0.390039,0.831550,0.016396,0.037139,0.311905,0.899200,0.616686,-0.014260,-0.311891,0.850467,0.069329,0.069416,-0.111703,0.106386,0.121216,0.016008,0.164729,0.065179,-0.101994,0.118531,0.085339,-0.184986,-0.424544,0.008362,0.351951,0.558803,-0.010659,0.431051,0.145343,0.035211,0.322749,-0.363699,0.000476,-0.389678,0.016374,0.037476,0.311685,0.616474,-0.014016,-0.311388
1002,10.020000,0.005218,0.368146,-0.001265,-0.929752,0.114695,0.085257,-0.095643,0.000322,0.068838,0.069479,-0.111535,0.879824,0.106299,0.121123,0.015969,0.970750,0.165066,0.065253,-0.102211,0.890623,0.118577,0.085173,-0.184795,0.937251,0.001371,0.035999,0.000394,-0.999351,0.091451,0.009477,0.119386,0.000646,-0.424922,0.008378,0.352569,0.817875,0.558078,-0.010045,0.430645,0.739952,0.145637,0.034991,0.323132,0.867603,-0.363176,0.000693,-0.390039,0.831550,0.016402,0.037138,0.311902,0.899200,0.616689,-0.014289,-0.311895,0.850467,0.069270,0.069309,-0.111673,0.106374,0.121227,0.016075,0.164687,0.065173,-0.102002,0.118450,0.085319,-0.184972,-0.424549,0.008358,0.351948,0.558807,-0.010668,0.431045,0.145344,0.035227,0.322749,-0.363705,0.000468,-0.389662,0.016392,0.037470,0.311662,0.616493,-0.014052,-0.311389
1003,10.030000,0.005262,0.368001,-0.001300,-0.929809,0.114657,0.085254,-0.095616,0.000308,0.068796,0.069473,-0.111493,0.883633,0.106295,0.121132,0.015995,0.964999,0.165027,0.065251,-0.102198,0.895334,0.118511,0.085160,-0.184770,0.939682,0.001381,0.036011,0.000390,-0.999350,0.091458,0.009476,0.119406,0.000686,-0.424921,0.008377,0.352576,0.818637,0.558077,-0.010036,0.430677,0.672513,0.145639,0.034994,0.323153,0.862820,-0.363156,0.000678,-0.390031,0.830369,0.016404,0.037140,0.311920,0.894578,0.616707,-0.014294,-0.311862,0.856594,0.069217,0.069327,-0.111627,0.106364,0.121218,0.016080,0.164669,0.065184,-0.101992,0.118379,0.085287,-0.184927,-0.424549,0.008360,0.351953,0.558967,-0.010804,0.431255,0.145356,0.035232,0.322748,-0.363707,0.000479,-0.389688,0.016388,0.037485,0.311678,0.616481,-0.014056,-0.311391
1004,10.040000,0.005412,0.368095,-0.001034,-0.929772,0.114649,0.085261,-0.095648,0.000329,0.068781,0.069505,-0.111533,0.883633,0.106285,0.121153,0.015958,0.964999,0.165008,0.065227,-0.102217,0.895334,0.118521,0.085157,-0.184801,0.939682,0.001369,0.035998,0.000390,-0.999351,0.091446,0.009476,0.119389,0.000644,-0.424927,0.008372,0.352573,0.818637,0.558074,-0.010044,0.430647,0.672513,0.145633,0.034989,0.323136,0.862820,-0.363182,0.000691,-0.390035,0.830369,0.016397,0.037135,0.311906,0.894578,0.616683,-0.014284,-0.311893,0.856594,0.069176,0.069365,-0.111640,0.106369,0.121229,0.016096,0.164627,0.065192,-0.101987,0.118423,0.085257,-0.185061,-0.424549,0.008342,0.351950,0.558802,-0.010674,0.431047,0.145343,0.035235,0.322743,-0.363702,0.000468,-0.389666,0.016383,0.037474,0.311688,0.616474,-0.014050,-0.311389
1005,10.050000,0.005133,0.367799,-0.001266,-0.929890,0.114609,0.085247,-0.095609,0.000325,0.068741,0.069468,-0.111470,0.888183,0.106294,0.121095,0.016015,0.954510,0.164976,0.065247,-0.102218,0.888416,0.118424,0.085177,-0.184764,0.916828,0.001474,0.035941,0.000488,-0.999353,0.091429,0.009421,0.119339,0.000601,-0.424918,0.008469,0.352582,0.813273,0.558088,-0.010132,0.430548,0.746495,0.145644,0.034964,0.323075,0.870377,-0.363259,0.000625,-0.390031,0.852943,0.016408,0.037134,0.311859,0.901012,0.616612,-0.014534,-0.311998,0.889406,0.069156,0.069319,-0.111539,0.106359,0.121184,0.016160,0.164592,0.065186,-0.101998,0.118326,0.085298,-0.185058,-0.424550,0.008344,0.351944,0.558792,-0.010668,0.431044,0.145345,0.035231,0.322746,-0.363702,0.000476,-0.389674,0.016385,0.037485,0.311677,0.616368,-0.014389,-0.311659
1006,10.060000,0.005319,0.367570,-0.001124,-0.929980,0.114556,0.085271,-0.095584,0.000299,0.068674,0.069507,-0.111418,0.888183,0.106310,0.121149,0.016036,0.954510,0.164912,0.065249,-0.102212,0.888416,0.118327,0.085178,-0.184741,0.916828,0.001369,0.036000,0.000396,-0.999351,0.091452,0.009478,0.119386,0.000641,-0.424923,0.008378,0.352568,0.813273,0.558078,-0.010048,0.430646,0.746495,0.145637,0.034990,0.323133,0.870377,-0.363174,0.000697,-0.390040,0.852943,0.016402,0.037137,0.311902,0.901012,0.616691,-0.014288,-0.311893,0.889406,0.069045,0.069376,-0.111432,0.106373,0.121213,0.016138,0.164547,0.065206,-0.101995,0.118259,0.085289,-0.185045,-0.424559,0.008352,0.351953,0.558810,-0.010674,0.431045,0.145346,0.035221,0.322754,-0.363696,0.000474,-0.389666,0.016385,0.037484,0.311667,0.616497,-0.014053,-0.311397
1007,10.070000,0.005071,0.367161,-0.001092,-0.930143,0.114471,0.085319,-0.095521,0.000283,0.068577,0.069558,-0.111323,0.888660,0.106320,0.121142,0.016123,0.974650,0.164824,0.065307,-0.102203,0.900119,0.118164,0.085270,-0.184681,0.935495,0.001371,0.036011,0.000389,-0.999350,0.091461,0.009471,0.119402,0.000695,-0.424919,0.008367,0.352573,0.815231,0.558080,-0.010047,0.430672,0.669299,0.145642,0.034985,0.323150,0.863967,-0.363154,0.000682,-0.390034,0.828415,0.016407,0.037131,0.311917,0.892554,0.616709,-0.014290,-0.311866,0.860148,0.068989,0.069419,-0.111420,0.106375,0.121221,0.016157,0.164501,0.065221,-0.101984,0.118020,0.085417,-0.184837,-0.424546,0.008346,0.351935,0.558980,-0.010815,0.431265,0.145348,0.035217,0.322755,-0.363705,0.000488,-0.389674,0.016395,0.037481,0.311668,0.616488,-0.014056,-0.311409
1008,10.080000,0.005127,0.366977,-0.001255,-0.930215,0.114415,0.085303,-0.095504,0.000288,0.068519,0.069526,-0.111284,0.888660,0.106298,0.121149,0.016135,0.974650,0.164770,0.065302,-0.102202,0.900119,0.118072,0.085234,-0.184666,0.935495,0.001357,0.036003,0.000391,-0.999351,0.091450,0.009483,0.119383,0.000634,-0.424925,0.008373,0.352562,0.815231,0.558074,-0.010045,0.430645,0.669299,0.145634,0.034991,0.323131,0.863967,-0.363173,0.000710,-0.390046,0.828415,0.016399,0.037137,0.311900,0.892554,0.616691,-0.014267,-0.311894,0.860148,0.068945,0.069357,-0.111393,0.106350,0.121255,0.016195,0.164433,0.065191,-0.102006,0.117932,0.085407,-0.184813,-0.424548,0.008344,0.351940,0.558788,-0.010648,0.431053,0.145354,0.035228,0.322757,-0.363694,0.000491,-0.389682,0.016387,0.037467,0.311670,0.616479,-0.014038,-0.311402
1009,10.090000,0.004915,0.366676,-0.001474,-0.930335,0.114338,0.085260,-0.095493,0.000286,0.068440,0.069461,-0.111247,0.886109,0.106274,0.121075,0.016160,0.965810,0.164700,0.065289,-0.102228,0.904412,0.117937,0.085215,-0.184657,0.934265,0.001475,0.035952,0.000493,-0.999352,0.091441,0.009415,0.119362,0.000679,-0.424911,0.008468,0.352594,0.810353,0.558093,-0.010141,0.430581,0.675859,0.145651,0.034958,0.323099,0.867512,-0.363236,0.000621,-0.390019,0.851301,0.016416,0.037129,0.311880,0.902717,0.616634,-0.014546,-0.311963,0.892583,0.068842,0.069294,-0.111382,0.106328,0.121184,0.016222,0.164396,0.065176,-0.102026,0.117784,0.085385,-0.184786,-0.424546,0.008369,0.351936,0.558970,-0.010805,0.431268,0.145351,0.035230,0.322757,-0.363694,0.000487,-0.389663,0.016375,0.037459,0.311677,0.616371,-0.014389,-0.311661
1010,10.100000,0.005058,0.366421,-0.001630,-0.930434,0.114292,0.085247,-0.095504,0.000314,0.068389,0.069433,-0.111227,0.886109,0.106283,0.121103,0.016140,0.965810,0.164654,0.065283,-0.102259,0.904412,0.117843,0.085168,-0.184670,0.934265,0.001353,0.035994,0.000382,-0.999351,0.091444,0.009489,0.119384,0.000640,-0.424927,0.008368,0.352572,0.810353,0.558074,-0.010034,0.430638,0.675859,0.145631,0.034996,0.323132,0.867512,-0.363188,0.000712,-0.390037,0.851301,0.016396,0.037140,0.311902,0.902717,0.616678,-0.014249,-0.311902,0.892583,0.068815,0.069294,-0.111371,0.106335,0.121199,0.016230,0.164348,0.065186,-0.102036,0.117670,0.085308,-0.184839,-0.424549,0.008352,0.351947,0.558800,-0.010665,0.431051,0.145351,0.035230,0.322741,-0.363703,0.000482,-0.389673,0.016384,0.037477,0.311687,0.616456,-0.014007,-0.311405
1011,10.110000,0.005268,0.366141,-0.001646,-0.930543,0.114253,0.085267,-0.095487,0.000281,0.068338,0.069453,-0.111176,0.892597,0.106315,0.121169,0.016147,0.970384,0.164608,0.065294,-0.102265,0.905787,0.117750,0.085152,-0.184655,0.925413,0.001374,0.036009,0.000384,-0.999350,0.091449,0.009481,0.119408,0.000696,-0.424930,0.008373,0.352580,0.813737,0.558069,-0.010031,0.430677,0.672193,0.145630,0.034996,0.323156,0.861333,-0.363168,0.000684,-0.390026,0.828680,0.016395,0.037141,0.311923,0.895480,0.616696,-0.014278,-0.311861,0.855877,0.068739,0.069316,-0.111249,0.106352,0.121259,0.016215,0.164317,0.065188,-0.102050,0.117603,0.085304,-0.184866,-0.424556,0.008356,0.351936,0.558972,-0.010792,0.431248,0.145332,0.035229,0.322750,-0.363712,0.000487,-0.389660,0.016382,0.037484,0.311684,0.616466,-0.014042,-0.311389
1012,10.120000,0.005270,0.366158,-0.001328,-0.930537,0.114197,0.085273,-0.095499,0.000303,0.068274,0.069490,-0.111193,0.892597,0.106277,0.121154,0.016143,0.970384,0.164541,0.065271,-0.102280,0.905787,0.117698,0.085176,-0.184667,0.925413,0.001487,0.035946,0.000484,-0.999353,0.091437,0.009415,0.119356,0.000675,-0.424913,0.008465,0.352594,0.813737,0.558093,-0.010126,0.430571,0.672193,0.145649,0.034964,0.323092,0.861333,-0.363245,0.000602,-0.390019,0.828680,0.016413,0.037133,0.311874,0.895480,0.616625,-0.014547,-0.311974,0.855877,0.068685,0.069358,-0.111308,0.106312,0.121256,0.016266,0.164256,0.065167,-0.102076,0.117536,0.085310,-0.184880,-0.424549,0.008365,0.351940,0.558963,-0.010799,0.431255,0.145346,0.035228,0.322753,-0.363711,0.000464,-0.389666,0.016374,0.037481,0.311675,0.616379,-0.014387,-0.311678
1013,10.130000,0.005281,0.365893,-0.001428,-0.930641,0.114170,0.085268,-0.095490,0.000278,0.068241,0.069475,-0.111157,0.889022,0.106307,0.121158,0.016153,0.969926,0.164514,0.065274,-0.102297,0.907416,0.117620,0.085164,-0.184660,0.920236,0.001371,0.036010,0.000374,-0.999350,0.091446,0.009483,0.119408,0.000691,-0.424933,0.008363,0.352580,0.814932,0.558066,-0.010021,0.430678,0.673183,0.145626,0.034998,0.323156,0.863782,-0.363170,0.000680,-0.390026,0.831880,0.016391,0.037140,0.311923,0.893583,0.616694,-0.014263,-0.311861,0.851940,0.068659,0.069340,-0.111214,0.106327,0.121256,0.016221,0.164236,0.065148,-0.102087,0.117459,0.085329,-0.184881,-0.424552,0.008355,0.351945,0.558952,-0.010786,0.431261,0.145341,0.035222,0.322750,-0.363705,0.000475,-0.389675,0.016386,0.037488,0.311677,0.616440,-0.014017,-0.311386
1014,10.140000,0.005305,0.365828,-0.001397,-0.930666,0.114137,0.085279,-0.095486,0.000292,0.068204,0.069489,-0.111146,0.889022,0.106292,0.121172,0.016158,0.969926,0.164478,0.065281,-0.102300,0.907416,0.117574,0.085172,-0.184657,0.920236,0.001372,0.036011,0.000376,-0.999350,0.091449,0.009479,0.119407,0.000693,-0.424930,0.008362,0.352577,0.814932,0.558069,-0.010026,0.430678,0.673183,0.145630,0.034995,0.323155,0.863782,-0.363165,0.000677,-0.390029,0.831880,0.016395,0.037137,0.311921,0.893583,0.616698,-0.014269,-0.311861,0.851940,0.068626,0.069353,-0.111235,0.106320,0.121271,0.016232,0.164204,0.065158,-0.102080,0.117400,0.085333,-0.184860,-0.424553,0.008360,0.351941,0.558956,-0.010804,0.431269,0.145342,0.035231,0.322744,-0.363695,0.000470,-0.389667,0.016386,0.037471,0.311679,0.616451,-0.014020,-0.311397
1015,10.150000,0.005647,0.365731,-0.000156,-0.930703,0.114089,0.085171,-0.095497,0.000266,0.068112,0.069503,-0.111152,0.872950,0.106357,0.121054,0.016158,0.944375,0.164377,0.065046,-0.102326,0.910854,0.117508,0.085079,-0.184668,0.917222,0.001369,0.035998,0.000376,-0.999351,0.091440,0.009491,0.119379,0.000640,-0.424934,0.008372,0.352562,0.814213,0.558067,-0.010016,0.430638,0.737070,0.145625,0.035006,0.323126,0.872925,-0.363187,0.000691,-0.390046,0.829170,0.016390,0.037148,0.311895,0.896692,0.616678,-0.014255,-0.311902,0.848971,0.068588,0.069324,-0.111159,0.106296,0.121234,0.016273,0.164120,0.064805,-0.102271,0.117350,0.085320,-0.184833,-0.424548,0.008374,0.351927,0.558788,-0.010658,0.431057,0.145353,0.035225,0.322756,-0.363709,0.000449,-0.389678,0.016380,0.037487,0.311659,0.616451,-0.013998,-0.311405
1016,10.160000,0.005301,0.365443,-0.001700,-0.930817,0.114093,0.085261,-0.095445,0.000266,0.068155,0.069442,-0.111063,0.872950,0.106320,0.121174,0.016198,0.944375,0.164439,0.065290,-0.102296,0.910854,0.117456,0.085137,-0.184618,0.917222,0.001374,0.036009,0.000380,-0.999350,0.091451,0.009477,0.119403,0.000703,-0.424928,0.008364,0.352575,0.814213,0.558071,-0.010031,0.430671,0.737070,0.145632,0.034993,0.323150,0.872925,-0.363166,0.000676,-0.390032,0.829170,0.016397,0.037136,0.311917,0.896692,0.616698,-0.014278,-0.311867,0.848971,0.068569,0.069271,-0.111112,0.106343,0.121294,0.016267,0.164139,0.065145,-0.102112,0.117319,0.085333,-0.184823,-0.424554,0.008366,0.351932,0.558991,-0.010813,0.431256,0.145340,0.035218,0.322748,-0.363703,0.000474,-0.389663,0.016378,0.037471,0.311670,0.616457,-0.014030,-0.311395
1017,10.170000,0.005479,0.365549,-0.000251,-0.930776,0.114041,0.085147,-0.095493,0.000266,0.068064,0.069470,-0.111134,0.867116,0.106343,0.121001,0.016174,0.938532,0.164333,0.065039,-0.102346,0.899855,0.117426,0.085079,-0.184665,0.909174,0.001357,0.036003,0.000389,-0.999351,0.091444,0.009491,0.119379,0.000637,-0.424931,0.008378,0.352558,0.818476,0.558069,-0.010036,0.430642,0.742325,0.145628,0.034999,0.323127,0.869067,-0.363178,0.000715,-0.390050,0.830926,0.016393,0.037144,0.311896,0.896920,0.616686,-0.014258,-0.311898,0.851563,0.068545,0.069247,-0.111102,0.106284,0.121206,0.016296,0.164035,0.064775,-0.102307,0.117302,0.085361,-0.184858,-0.424559,0.008351,0.351935,0.558787,-0.010653,0.431048,0.145360,0.035231,0.322742,-0.363701,0.000492,-0.389683,0.016376,0.037487,0.311667,0.616473,-0.014024,-0.311395
1018,10.180000,0.005652,0.365326,-0.000378,-0.930862,0.114018,0.085170,-0.095470,0.000247,0.068035,0.069481,-0.111082,0.867116,0.106370,0.121069,0.016185,0.938532,0.164309,0.065064,-0.102339,0.899855,0.117360,0.085065,-0.184644,0.909174,0.001371,0.036010,0.000373,-0.999350,0.091449,0.009483,0.119394,0.000694,-0.424930,0.008362,0.352566,0.818476,0.558069,-0.010020,0.430664,0.742325,0.145629,0.034999,0.323142,0.869067,-0.363167,0.000679,-0.390041,0.830926,0.016394,0.037140,0.311909,0.896920,0.616697,-0.014262,-0.311875,0.851563,0.068524,0.069255,-0.111075,0.106332,0.121261,0.016267,0.163988,0.064817,-0.102273,0.117231,0.085347,-0.184799,-0.424562,0.008356,0.351931,0.558962,-0.010786,0.431258,0.145349,0.035220,0.322729,-0.363696,0.000476,-0.389679,0.016388,0.037484,0.311658,0.616445,-0.014017,-0.311405
1019,10.190000,0.005631,0.365201,-0.000502,-0.930912,0.114006,0.085175,-0.095473,0.000249,0.068021,0.069474,-0.111072,0.868022,0.106378,0.121078,0.016183,0.943717,0.164299,0.065081,-0.102355,0.899782,0.117323,0.085066,-0.184648,0.915020,0.001371,0.036013,0.000370,-0.999350,0.091450,0.009477,0.119404,0.000699,-0.424930,0.008353,0.352572,0.815252,0.558069,-0.010024,0.430677,0.668279,0.145629,0.034993,0.323152,0.862749,-0.363162,0.000670,-0.390035,0.831981,0.016394,0.037133,0.311918,0.893530,0.616702,-0.014266,-0.311862,0.854586,0.068498,0.069247,-0.111063,0.106332,0.121277,0.016277,0.163992,0.064827,-0.102313,0.117200,0.085348,-0.184792,-0.424548,0.008336,0.351940,0.558970,-0.010791,0.431276,0.145345,0.035225,0.322744,-0.363698,0.000475,-0.389679,0.016375,0.037475,0.311664,0.616453,-0.014029,-0.311392
1020,10.200000,0.005776,0.365173,-0.000048,-0.930922,0.113958,0.085164,-0.095453,0.000253,0.067958,0.069508,-0.111050,0.868022,0.106371,0.121067,0.016206,0.943717,0.164232,0.065023,-0.102339,0.899782,0.117271,0.085057,-0.184628,0.915020,0.001486,0.035942,0.000478,-0.999353,0.091436,0.009416,0.119354,0.000687,-0.424912,0.008459,0.352596,0.815252,0.558094,-0.010120,0.430565,0.668279,0.145649,0.034965,0.323090,0.862749,-0.363251,0.000597,-0.390017,0.831981,0.016413,0.037132,0.311873,0.893530,0.616620,-0.014539,-0.311981,0.854586,0.068441,0.069291,-0.111049,0.106330,0.121257,0.016306,0.163913,0.064784,-0.102289,0.117147,0.085323,-0.184779,-0.424546,0.008355,0.351933,0.558988,-0.010819,0.431260,0.145350,0.035241,0.322752,-0.363716,0.000463,-0.389658,0.016379,0.037479,0.311663,0.616356,-0.014380,-0.311669
1021,10.210000,0.005732,0.365117,-0.000109,-0.930944,0.113937,0.085160,-0.095442,0.000262,0.067938,0.069498,-0.111035,0.865427,0.106358,0.121058,0.016219,0.943637,0.164213,0.065027,-0.102335,0.898287,0.117239,0.085058,-0.184618,0.917070,0.001371,0.036006,0.000376,-0.999351,0.091448,0.009473,0.119408,0.000701,-0.424930,0.008355,0.352583,0.812583,0.558070,-0.010033,0.430675,0.666718,0.145630,0.034988,0.323156,0.865862,-0.363171,0.000671,-0.390024,0.829405,0.016394,0.037130,0.311924,0.896003,0.616693,-0.014275,-0.311864,0.854789,0.068429,0.069279,-0.111040,0.106318,0.121252,0.016327,0.163889,0.064787,-0.102285,0.117112,0.085324,-0.184770,-0.424557,0.008350,0.351933,0.558982,-0.010796,0.431278,0.145351,0.035211,0.322755,-0.363713,0.000474,-0.389659,0.016380,0.037463,0.311674,0.616445,-0.014034,-0.311398
1022,10.220000,0.005769,0.365045,-0.000028,-0.930972,0.113905,0.085144,-0.095434,0.000258,0.067900,0.069490,-0.111019,0.865427,0.106350,0.121044,0.016228,0.943637,0.164176,0.065002,-0.102334,0.898287,0.117193,0.085040,-0.184610,0.917070,0.001354,0.036009,0.000378,-0.999351,0.091458,0.009474,0.119409,0.000702,-0.424921,0.008349,0.352581,0.812583,0.558079,-0.010044,0.430677,0.666718,0.145639,0.034982,0.323157,0.865862,-0.363159,0.000692,-0.390026,0.829405,0.016404,0.037125,0.311924,0.896003,0.616705,-0.014261,-0.311862,0.854789,0.068401,0.069297,-0.111017,0.106303,0.121221,0.016329,0.163860,0.064773,-0.102276,0.117055,0.085285,-0.184771,-0.424545,0.008343,0.351931,0.559001,-0.010825,0.431266,0.145354,0.035219,0.322750,-0.363692,0.000494,-0.389667,0.016389,0.037455,0.311694,0.616449,-0.014019,-0.311390
1023,10.230000,0.005748,0.365008,0.000032,-0.930987,0.113899,0.085142,-0.095421,0.000251,0.067892,0.069494,-0.111004,0.863890,0.106356,0.121034,0.016244,0.949035,0.164168,0.064995,-0.102327,0.899879,0.117180,0.085045,-0.184597,0.920592,0.001361,0.035992,0.000385,-0.999351,0.091441,0.009482,0.119384,0.000649,-0.424929,0.008369,0.352574,0.811944,0.558072,-0.010038,0.430637,0.734621,0.145629,0.034993,0.323131,0.871172,-0.363192,0.000699,-0.390035,0.831488,0.016394,0.037138,0.311902,0.896724,0.616674,-0.014266,-0.311904,0.849110,0.068397,0.069290,-0.111018,0.106314,0.121215,0.016328,0.163847,0.064761,-0.102273,0.117038,0.085301,-0.184720,-0.424553,0.008348,0.351923,0.558816,-0.010670,0.431055,0.145357,0.035220,0.322757,-0.363699,0.000474,-0.389651,0.016377,0.037481,0.311673,0.616431,-0.014027,-0.311405
1024,10.240000,0.005739,0.364925,-0.000161,-0.931019,0.113893,0.085142,-0.095409,0.000265,0.067889,0.069475,-0.110982,0.863890,0.106358,0.121044,0.016253,0.949035,0.164169,0.065012,-0.102321,0.899879,0.117159,0.085035,-0.184586,0.920592,0.001357,0.035999,0.000394,-0.999351,0.091449,0.009480,0.119389,0.000645,-0.424925,0.008373,0.352571,0.811944,0.558076,-0.010051,0.430647,0.734621,0.145635,0.034987,0.323136,0.871172,-0.363178,0.000709,-0.390037,0.831488,0.016400,0.037134,0.311906,0.896724,0.616687,-0.014274,-0.311893,0.849110,0.068399,0.069296,-0.111006,0.106308,0.121217,0.016360,0.163860,0.064790,-0.102274,0.117006,0.085263,-0.184717,-0.424548,0.008340,0.351928,0.558792,-0.010675,0.431051,0.145361,0.035232,0.322748,-0.363686,0.000487,-0.389646,0.016388,0.037476,0.311675,0.616455,-0.014041,-0.311386
1025,10.250000,0.005695,0.364896,-0.000103,-0.931031,0.113903,0.085164,-0.095421,0.000250,0.067896,0.069502,-0.110993,0.865674,0.106377,0.121053,0.016246,0.949432,0.164176,0.065032,-0.102339,0.901115,0.117163,0.085068,-0.184598,0.919504,0.001357,0.036003,0.000394,-0.999351,0.091442,0.009475,0.119388,0.000646,-0.424934,0.008369,0.352567,0.814495,0.558066,-0.010056,0.430651,0.744753,0.145626,0.034983,0.323136,0.871388,-0.363181,0.000704,-0.390041,0.829136,0.016391,0.037130,0.311905,0.895027,0.616683,-0.014278,-0.311889,0.850546,0.068394,0.069301,-0.111005,0.106336,0.121232,0.016331,0.163862,0.064799,-0.102277,0.117020,0.085323,-0.184733,-0.424560,0.008338,0.351926,0.558792,-0.010650,0.431054,0.145350,0.035199,0.322760,-0.363703,0.000489,-0.389656,0.016377,0.037474,0.311664,0.616464,-0.014051,-0.311381
1026,10.260000,0.005683,0.364896,-0.000125,-0.931031,0.113900,0.085171,-0.095425,0.000257,0.067894,0.069507,-0.110997,0.864420,0.106372,0.121059,0.016242,0.947611,0.164174,0.065041,-0.102343,0.900382,0.117160,0.085076,-0.184602,0.916872,0.001375,0.035998,0.000381,-0.999351,0.091442,0.009485,0.119386,0.000649,-0.424932,0.008375,0.352569,0.816013,0.558069,-0.010023,0.430645,0.736805,0.145627,0.035002,0.323133,0.867191,-0.363186,0.000686,-0.390039,0.827029,0.016392,0.037145,0.311902,0.894766,0.616680,-0.014271,-0.311895,0.851910,0.068394,0.069298,-0.111014,0.106331,0.121245,0.016330,0.163864,0.064800,-0.102277,0.117011,0.085340,-0.184739,-0.424564,0.008348,0.351932,0.558809,-0.010649,0.431057,0.145343,0.035224,0.322743,-0.363715,0.000464,-0.389652,0.016382,0.037496,0.311669,0.616475,-0.014036,-0.311392
1027,10.270000,0.005810,0.364956,0.000065,-0.931007,0.113890,0.085148,-0.095425,0.000273,0.067879,0.069503,-0.111001,0.864420,0.106363,0.121051,0.016238,0.947611,0.164156,0.064996,-0.102334,0.900382,0.117161,0.085043,-0.184601,0.916872,0.001350,0.035998,0.000388,-0.999351,0.091435,0.009487,0.119386,0.000646,-0.424938,0.008371,0.352570,0.816013,0.558063,-0.010042,0.430644,0.736805,0.145621,0.034993,0.323134,0.867191,-0.363193,0.000717,-0.390039,0.827029,0.016386,0.037139,0.311904,0.894766,0.616673,-0.014254,-0.311897,0.851910,0.068388,0.069299,-0.111014,0.106313,0.121241,0.016349,0.163848,0.064750,-0.102277,0.117010,0.085302,-0.184757,-0.424561,0.008358,0.351929,0.558789,-0.010680,0.431047,0.145348,0.035217,0.322747,-0.363707,0.000483,-0.389650,0.016366,0.037487,0.311675,0.616453,-0.014006,-0.311391
1028,10.280000,0.005654,0.365008,0.000091,-0.930987,0.113886,0.085140,-0.095422,0.000257,0.067878,0.069497,-0.111008,0.862992,0.106345,0.121008,0.016251,0.947280,0.164154,0.064993,-0.102332,0.900049,0.117167,0.085063,-0.184598,0.916826,0.001384,0.036009,0.000375,-0.999350,0.091446,0.009481,0.119408,0.000696,-0.424933,0.008369,0.352581,0.812796,0.558067,-0.010016,0.430678,0.671019,0.145627,0.035002,0.323156,0.862408,-0.363171,0.000666,-0.390026,0.826395,0.016392,0.037144,0.311923,0.889895,0.616693,-0.014278,-0.311861,0.854851,0.068387,0.069295,-0.111011,0.106295,0.121192,0.016340,0.163842,0.064750,-0.102275,0.117020,0.085324,-0.184742,-0.424555,0.008353,0.351935,0.558949,-0.010795,0.431267,0.145343,0.035228,0.322742,-0.363719,0.000463,-0.389651,0.016384,0.037507,0.311673,0.616461,-0.014034,-0.311388
1029,10.290000,0.005766,0.364886,-0.000028,-0.931034,0.113874,0.085151,-0.095427,0.000276,0.067864,0.069497,-0.110996,0.862992,0.106357,0.121051,0.016238,0.947280,0.164143,0.065009,-0.102344,0.900049,0.117132,0.085048,-0.184604,0.916826,0.001367,0.035995,0.000386,-0.999351,0.091435,0.009488,0.119385,0.000649,-0.424937,0.008378,0.352572,0.812796,0.558064,-0.010030,0.430641,0.671019,0.145622,0.035000,0.323132,0.862408,-0.363196,0.000700,-0.390037,0.826395,0.016386,0.037145,0.311902,0.889895,0.616670,-0.014266,-0.311900,0.854851,0.068383,0.069295,-0.111014,0.106306,0.121241,0.016348,0.163833,0.064763,-0.102285,0.116974,0.085306,-0.184755,-0.424552,0.008350,0.351934,0.558786,-0.010660,0.431057,0.145338,0.035227,0.322751,-0.363705,0.000475,-0.389646,0.016377,0.037500,0.311656,0.616439,-0.014027,-0.311398
1030,10.300000,0.005673,0.364789,-0.000072,-0.931073,0.113872,0.085143,-0.095408,0.000266,0.067861,0.069484,-0.110970,0.864138,0.106373,0.121025,0.016263,0.943496,0.164143,0.065009,-0.102339,0.898826,0.117111,0.085052,-0.184586,0.915409,0.001372,0.036014,0.000388,-0.999350,0.091452,0.009475,0.119402,0.000697,-0.424929,0.008370,0.352570,0.814309,0.558070,-0.010042,0.430675,0.671868,0.145632,0.034990,0.323151,0.863377,-0.363160,0.000685,-0.390036,0.825421,0.016397,0.037135,0.311916,0.889526,0.616703,-0.014286,-0.311863,0.858161,0.068355,0.069259,-0.110998,0.106336,0.121224,0.016364,0.163829,0.064760,-0.102278,0.116968,0.085327,-0.184721,-0.424559,0.008353,0.351926,0.558958,-0.010810,0.431261,0.145349,0.035219,0.322743,-0.363704,0.000486,-0.389646,0.016373,0.037487,0.311651,0.616484,-0.014046,-0.311398
1031,10.310000,0.005727,0.364715,-0.000332,-0.931102,0.113843,0.085125,-0.095411,0.000276,0.067837,0.069441,-0.110961,0.864138,0.106346,0.121036,0.016251,0.943496,0.164122,0.065011,-0.102344,0.898826,0.117068,0.085010,-0.184589,0.915409,0.001366,0.036011,0.000380,-0.999350,0.091449,0.009469,0.119408,0.000696,-0.424931,0.008353,0.352578,0.814309,0.558068,-0.010043,0.430679,0.671868,0.145629,0.034982,0.323157,0.863377,-0.363165,0.000676,-0.390028,0.825421,0.016394,0.037126,0.311923,0.889526,0.616698,-0.014278,-0.311859,0.858161,0.068348,0.069246,-0.110993,0.106301,0.121219,0.016357,0.163825,0.064772,-0.102265,0.116899,0.085261,-0.184743,-0.424559,0.008340,0.351926,0.558967,-0.010794,0.431264,0.145346,0.035215,0.322751,-0.363698,0.000481,-0.389651,0.016367,0.037457,0.311684,0.616461,-0.014043,-0.311402
1032,10.320000,0.005756,0.364851,0.000151,-0.931048,0.113862,0.085133,-0.095384,0.000275,0.067846,0.069496,-0.110953,0.860647,0.106365,0.121018,0.016286,0.945240,0.164124,0.064975,-0.102308,0.900689,0.117114,0.085042,-0.184561,0.916468,0.001379,0.036011,0.000380,-0.999350,0.091444,0.009474,0.119399,0.000703,-0.424935,0.008363,0.352570,0.811442,0.558064,-0.010031,0.430670,0.671437,0.145625,0.034992,0.323147,0.862760,-0.363171,0.000668,-0.390036,0.828951,0.016390,0.037135,0.311914,0.892090,0.616693,-0.014285,-0.311869,0.856111,0.068365,0.069294,-0.110989,0.106320,0.121207,0.016389,0.163818,0.064732,-0.102241,0.116947,0.085299,-0.184694,-0.424554,0.008353,0.351920,0.558956,-0.010791,0.431265,0.145327,0.035211,0.322741,-0.363702,0.000468,-0.389653,0.016379,0.037482,0.311657,0.616449,-0.014043,-0.311407
1033,10.330000,0.005674,0.364712,-0.000167,-0.931103,0.113841,0.085139,-0.095363,0.000264,0.067830,0.069471,-0.110917,0.860647,0.106354,0.121029,0.016306,0.945240,0.164114,0.065014,-0.102301,0.900689,0.117065,0.085043,-0.184542,0.916468,0.001375,0.036009,0.000377,-0.999350,0.091446,0.009480,0.119402,0.000703,-0.424933,0.008366,0.352575,0.811442,0.558066,-0.010024,0.430672,0.671437,0.145627,0.034997,0.323150,0.862760,-0.363171,0.000676,-0.390032,0.828951,0.016391,0.037140,0.311917,0.892090,0.616693,-0.014272,-0.311867,0.856111,0.068337,0.069262,-0.110961,0.106311,0.121220,0.016396,0.163811,0.064767,-0.102246,0.116904,0.085307,-0.184642,-0.424545,0.008355,0.351922,0.558960,-0.010787,0.431265,0.145336,0.035232,0.322741,-0.363700,0.000478,-0.389653,0.016374,0.037474,0.311667,0.616441,-0.014032,-0.311400
1034,10.340000,0.005657,0.364723,-0.000157,-0.931099,0.113836,0.085140,-0.095345,0.000283,0.067826,0.069473,-0.110900,0.860636,0.106347,0.121025,0.016326,0.940757,0.164109,0.065014,-0.102282,0.900266,0.117063,0.085047,-0.184523,0.917110,0.001369,0.035996,0.000378,-0.999351,0.091431,0.009489,0.119385,0.000648,-0.424941,0.008372,0.352571,0.812367,0.558061,-0.010021,0.430641,0.740552,0.145618,0.035003,0.323132,0.869139,-0.363199,0.000692,-0.390037,0.830822,0.016383,0.037146,0.311902,0.896698,0.616667,-0.014260,-0.311899,0.850699,0.068336,0.069255,-0.110958,0.106305,0.121228,0.016441,0.163805,0.064761,-0.102230,0.116899,0.085315,-0.184631,-0.424557,0.008354,0.351927,0.558785,-0.010639,0.431052,0.145336,0.035226,0.322752,-0.363701,0.000465,-0.389644,0.016362,0.037485,0.311667,0.616435,-0.014021,-0.311404
1035,10.350000,0.005656,0.364705,-0.000128,-0.931106,0.113831,0.085137,-0.095343,0.000269,0.067819,0.069473,-0.110897,0.860636,0.106348,0.121020,0.016329,0.940757,0.164103,0.065009,-0.102283,0.900266,0.117054,0.085046,-0.184522,0.917110,0.001374,0.036009,0.000385,-0.999350,0.091446,0.009480,0.119403,0.000703,-0.424932,0.008373,0.352576,0.812367,0.558067,-0.010033,0.430672,0.740552,0.145628,0.034995,0.323151,0.869139,-0.363171,0.000685,-0.390031,0.830822,0.016393,0.037140,0.311918,0.896698,0.616693,-0.014280,-0.311867,0.850699,0.068328,0.069260,-0.110947,0.106304,0.121216,0.016421,0.163806,0.064755,-0.102225,0.116886,0.085316,-0.184622,-0.424557,0.008357,0.351919,0.558976,-0.010803,0.431267,0.145342,0.035215,0.322751,-0.363701,0.000488,-0.389647,0.016371,0.037494,0.311667,0.616448,-0.014042,-0.311406
1036,10.360000,0.005574,0.364753,-0.000148,-0.931088,0.113818,0.085129,-0.095317,0.000278,0.067809,0.069463,-0.110878,0.859340,0.106320,0.120996,0.016359,0.944535,0.164092,0.065007,-0.102254,0.898870,0.117050,0.085051,-0.184495,0.915809,0.001384,0.036010,0.000372,-0.999350,0.091444,0.009481,0.119410,0.000704,-0.424935,0.008365,0.352582,0.808434,0.558064,-0.010013,0.430680,0.670442,0.145624,0.035002,0.323157,0.861603,-0.363172,0.000663,-0.390025,0.827949,0.016389,0.037143,0.311924,0.895635,0.616692,-0.014274,-0.311859,0.851976,0.068327,0.069249,-0.110931,0.106283,0.121190,0.016459,0.163780,0.064760,-0.102183,0.116882,0.085317,-0.184615,-0.424552,0.008359,0.351918,0.558954,-0.010779,0.431279,0.145345,0.035230,0.322737,-0.363706,0.000461,-0.389639,0.016377,0.037481,0.311679,0.616434,-0.014029,-0.311385
1037,10.370000,0.005842,0.364600,-0.000118,-0.931146,0.113806,0.085110,-0.095316,0.000290,0.067788,0.069448,-0.110854,0.859340,0.106354,0.121032,0.016345,0.944535,0.164073,0.064972,-0.102260,0.898870,0.117009,0.084989,-0.184495,0.915809,0.001485,0.035948,0.000482,-0.999352,0.091430,0.009414,0.119362,0.000692,-0.424920,0.008461,0.352598,0.808434,0.558085,-0.010126,0.430578,0.670442,0.145642,0.034963,0.323098,0.861603,-0.363251,0.000601,-0.390014,0.827949,0.016406,0.037131,0.311880,0.895635,0.616619,-0.014544,-0.311967,0.851976,0.068307,0.069266,-0.110920,0.106305,0.121215,0.016464,0.163792,0.064734,-0.102190,0.116820,0.085225,-0.184618,-0.424555,0.008359,0.351921,0.558982,-0.010801,0.431265,0.145334,0.035224,0.322749,-0.363708,0.000470,-0.389635,0.016364,0.037478,0.311677,0.616355,-0.014388,-0.311657
1038,10.380000,0.005918,0.364650,-0.000085,-0.931126,0.113803,0.085119,-0.095284,0.000298,0.067785,0.069460,-0.110826,0.861953,0.106343,0.121055,0.016372,0.940316,0.164069,0.064974,-0.102221,0.908037,0.117016,0.084987,-0.184463,0.922601,0.001370,0.036010,0.000372,-0.999350,0.091447,0.009477,0.119409,0.000703,-0.424932,0.008354,0.352580,0.809482,0.558067,-0.010025,0.430678,0.671386,0.145627,0.034993,0.323157,0.856875,-0.363169,0.000673,-0.390026,0.829884,0.016392,0.037134,0.311924,0.900038,0.616695,-0.014265,-0.311860,0.853732,0.068302,0.069281,-0.110906,0.106290,0.121244,0.016508,0.163791,0.064737,-0.102177,0.116831,0.085213,-0.184563,-0.424552,0.008348,0.351920,0.558949,-0.010792,0.431281,0.145333,0.035239,0.322732,-0.363692,0.000473,-0.389640,0.016394,0.037454,0.311684,0.616435,-0.014022,-0.311396
1039,10.390000,0.005858,0.364583,-0.000023,-0.931153,0.113807,0.085135,-0.095285,0.000283,0.067786,0.069482,-0.110822,0.861953,0.106366,0.121054,0.016378,0.940316,0.164070,0.064988,-0.102232,0.908037,0.117007,0.085016,-0.184465,0.922601,0.001385,0.036008,0.000384,-0.999350,0.091446,0.009482,0.119405,0.000708,-0.424932,0.008380,0.352579,0.809482,0.558068,-0.010023,0.430673,0.671386,0.145628,0.035002,0.323152,0.856875,-0.363172,0.000674,-0.390028,0.829884,0.016393,0.037146,0.311920,0.900038,0.616692,-0.014287,-0.311865,0.853732,0.068300,0.069279,-0.110900,0.106334,0.121241,0.016479,0.163771,0.064750,-0.102142,0.116823,0.085270,-0.184578,-0.424560,0.008366,0.351923,0.558979,-0.010799,0.431263,0.145332,0.035228,0.322743,-0.363696,0.000477,-0.389639,0.016390,0.037494,0.311661,0.616434,-0.014046,-0.311390
1040,10.400000,0.005905,0.364600,-0.000139,-0.931146,0.113804,0.085117,-0.095268,0.000282,0.067786,0.069453,-0.110804,0.859265,0.106352,0.121053,0.016388,0.947752,0.164071,0.064977,-0.102210,0.904179,0.117007,0.084983,-0.184447,0.919682,0.001473,0.035947,0.000480,-0.999353,0.091437,0.009421,0.119357,0.000688,-0.424913,0.008460,0.352594,0.807739,0.558092,-0.010125,0.430572,0.673271,0.145648,0.034964,0.323093,0.864202,-0.363245,0.000618,-0.390019,0.852651,0.016412,0.037132,0.311876,0.898764,0.616626,-0.014525,-0.311973,0.884253,0.068311,0.069266,-0.110886,0.106314,0.121234,0.016487,0.163777,0.064745,-0.102132,0.116816,0.085223,-0.184543,-0.424552,0.008345,0.351925,0.558979,-0.010797,0.431257,0.145348,0.035237,0.322732,-0.363686,0.000491,-0.389650,0.016387,0.037481,0.311673,0.616331,-0.014374,-0.311649
1041,10.410000,0.005829,0.364552,-0.000171,-0.931165,0.113802,0.085118,-0.095254,0.000286,0.067785,0.069451,-0.110787,0.859265,0.106358,0.121041,0.016408,0.947752,0.164071,0.064985,-0.102203,0.904179,0.116996,0.084996,-0.184434,0.919682,0.001479,0.035946,0.000490,-0.999353,0.091432,0.009417,0.119356,0.000688,-0.424917,0.008469,0.352594,0.807739,0.558088,-0.010134,0.430570,0.673271,0.145645,0.034962,0.323092,0.864202,-0.363251,0.000617,-0.390019,0.852651,0.016409,0.037132,0.311875,0.898764,0.616619,-0.014543,-0.311975,0.884253,0.068306,0.069257,-0.110866,0.106319,0.121226,0.016517,0.163771,0.064750,-0.102133,0.116813,0.085238,-0.184533,-0.424551,0.008354,0.351921,0.558979,-0.010806,0.431264,0.145348,0.035233,0.322744,-0.363706,0.000492,-0.389653,0.016371,0.037480,0.311674,0.616342,-0.014394,-0.311665
1042,10.420000,0.005897,0.364548,-0.000001,-0.931166,0.113809,0.085114,-0.095252,0.000291,0.067785,0.069463,-0.110785,0.858248,0.106378,0.121039,0.016410,0.945813,0.164070,0.064962,-0.102201,0.901926,0.117002,0.084990,-0.184431,0.920627,0.001482,0.035944,0.000484,-0.999353,0.091431,0.009420,0.119355,0.000688,-0.424917,0.008468,0.352595,0.804462,0.558088,-0.010124,0.430567,0.674239,0.145644,0.034967,0.323090,0.867141,-0.363254,0.000612,-0.390018,0.849189,0.016408,0.037136,0.311874,0.901716,0.616617,-0.014538,-0.311979,0.891359,0.068311,0.069270,-0.110874,0.106348,0.121221,0.016523,0.163759,0.064737,-0.102120,0.116818,0.085226,-0.184536,-0.424557,0.008365,0.351908,0.558972,-0.010787,0.431257,0.145342,0.035232,0.322742,-0.363699,0.000481,-0.389633,0.016372,0.037475,0.311678,0.616341,-0.014383,-0.311680
1043,10.430000,0.005776,0.364477,0.000080,-0.931194,0.113816,0.085134,-0.095232,0.000267,0.067789,0.069491,-0.110762,0.858248,0.106405,0.121029,0.016441,0.945813,0.164075,0.064982,-0.102195,0.901926,0.116996,0.085036,-0.184412,0.920627,0.001484,0.035945,0.000477,-0.999353,0.091428,0.009425,0.119356,0.000688,-0.424921,0.008466,0.352595,0.804462,0.558085,-0.010111,0.430569,0.674239,0.145641,0.034973,0.323091,0.867141,-0.363256,0.000608,-0.390018,0.849189,0.016405,0.037140,0.311874,0.901716,0.616615,-0.014527,-0.311976,0.891359,0.068274,0.069285,-0.110821,0.106378,0.121213,0.016547,0.163768,0.064758,-0.102126,0.116846,0.085283,-0.184529,-0.424546,0.008356,0.351921,0.558959,-0.010775,0.431265,0.145343,0.035248,0.322733,-0.363704,0.000480,-0.389651,0.016376,0.037477,0.311670,0.616322,-0.014376,-0.311660
1044,10.440000,0.005903,0.364594,0.000007,-0.931148,0.113809,0.085138,-0.095236,0.000269,0.067786,0.069488,-0.110773,0.862067,0.106368,0.121064,0.016425,0.945425,0.164070,0.064986,-0.102180,0.901801,0.117011,0.085014,-0.184415,0.915988,0.001482,0.035938,0.000485,-0.999353,0.091433,0.009413,0.119361,0.000685,-0.424913,0.008461,0.352607,0.807777,0.558094,-0.010132,0.430567,0.675343,0.145648,0.034959,0.323096,0.864681,-0.363259,0.000606,-0.390007,0.850497,0.016412,0.037129,0.311880,0.903191,0.616613,-0.014546,-0.311979,0.888276,0.068293,0.069275,-0.110828,0.106327,0.121258,0.016515,0.163776,0.064734,-0.102112,0.116839,0.085283,-0.184519,-0.424561,0.008348,0.351933,0.558982,-0.010786,0.431253,0.145359,0.035235,0.322731,-0.363710,0.000483,-0.389634,0.016377,0.037461,0.311686,0.616333,-0.014400,-0.311663
1045,10.450000,0.005776,0.364397,-0.000150,-0.931226,0.113814,0.085110,-0.095243,0.000272,0.067791,0.069444,-0.110763,0.862067,0.106407,0.121020,0.016425,0.945425,0.164080,0.064978,-0.102212,0.901801,0.116978,0.084998,-0.184424,0.915988,0.001460,0.035941,0.000505,-0.999353,0.091427,0.009424,0.119344,0.000606,-0.424920,0.008481,0.352587,0.807777,0.558085,-0.010153,0.430553,0.675343,0.145642,0.034959,0.323080,0.864681,-0.363261,0.000656,-0.390027,0.850497,0.016406,0.037133,0.311864,0.903191,0.616610,-0.014535,-0.311993,0.888276,0.068306,0.069255,-0.110817,0.106360,0.121203,0.016526,0.163783,0.064741,-0.102158,0.116806,0.085240,-0.184524,-0.424562,0.008348,0.351937,0.558787,-0.010686,0.431055,0.145346,0.035243,0.322732,-0.363698,0.000515,-0.389645,0.016386,0.037471,0.311684,0.616364,-0.014397,-0.311653
1046,10.460000,0.005935,0.364452,-0.000019,-0.931203,0.113798,0.085126,-0.095241,0.000281,0.067771,0.069474,-0.110763,0.862492,0.106390,0.121061,0.016419,0.947478,0.164057,0.064974,-0.102199,0.904966,0.116973,0.084995,-0.184421,0.923349,0.001472,0.035935,0.000491,-0.999353,0.091425,0.009424,0.119343,0.000614,-0.424919,0.008474,0.352592,0.808516,0.558087,-0.010132,0.430547,0.743665,0.145642,0.034966,0.323078,0.870843,-0.363269,0.000632,-0.390023,0.849831,0.016406,0.037137,0.311864,0.903307,0.616603,-0.014531,-0.312000,0.885225,0.068283,0.069289,-0.110843,0.106357,0.121237,0.016529,0.163756,0.064755,-0.102125,0.116795,0.085222,-0.184526,-0.424552,0.008362,0.351929,0.558804,-0.010666,0.431049,0.145346,0.035225,0.322743,-0.363705,0.000481,-0.389639,0.016382,0.037474,0.311675,0.616344,-0.014380,-0.311653
1047,10.470000,0.005895,0.364460,-0.000063,-0.931200,0.113784,0.085118,-0.095250,0.000273,0.067760,0.069462,-0.110773,0.862492,0.106371,0.121048,0.016412,0.947478,0.164046,0.064973,-0.102208,0.904966,0.116961,0.084991,-0.184430,0.923349,0.001473,0.035926,0.000480,-0.999353,0.091425,0.009423,0.119339,0.000613,-0.424915,0.008462,0.352597,0.808516,0.558094,-0.010123,0.430534,0.743665,0.145645,0.034966,0.323073,0.870843,-0.363278,0.000620,-0.390018,0.849831,0.016409,0.037134,0.311861,0.903307,0.616596,-0.014523,-0.312014,0.885225,0.068267,0.069275,-0.110848,0.106337,0.121224,0.016511,0.163751,0.064750,-0.102133,0.116783,0.085225,-0.184530,-0.424553,0.008354,0.351925,0.558807,-0.010661,0.431047,0.145351,0.035226,0.322746,-0.363717,0.000467,-0.389622,0.016383,0.037469,0.311673,0.616349,-0.014371,-0.311687
1048,10.480000,0.005863,0.364402,-0.000131,-0.931223,0.113773,0.085119,-0.095243,0.000287,0.067748,0.069455,-0.110761,0.862719,0.106368,0.121046,0.016420,0.945256,0.164037,0.064980,-0.102208,0.904878,0.116938,0.084993,-0.184424,0.922170,0.001469,0.035943,0.000478,-0.999353,0.091437,0.009412,0.119359,0.000685,-0.424911,0.008446,0.352600,0.806397,0.558094,-0.010133,0.430571,0.676958,0.145650,0.034954,0.323096,0.867631,-0.363249,0.000610,-0.390014,0.847769,0.016414,0.037122,0.311879,0.904669,0.616623,-0.014527,-0.311975,0.888016,0.068256,0.069264,-0.110848,0.106337,0.121228,0.016537,0.163738,0.064757,-0.102133,0.116760,0.085226,-0.184530,-0.424552,0.008360,0.351919,0.558971,-0.010787,0.431259,0.145348,0.035212,0.322744,-0.363711,0.000472,-0.389643,0.016396,0.037446,0.311679,0.616347,-0.014364,-0.311662
1049,10.490000,0.005890,0.364358,-0.000061,-0.931240,0.113760,0.085121,-0.095234,0.000287,0.067732,0.069465,-0.110747,0.862719,0.106371,0.121050,0.016430,0.945256,0.164021,0.064976,-0.102203,0.904878,0.116917,0.084995,-0.184415,0.922170,0.001380,0.036001,0.000375,-0.999351,0.091444,0.009477,0.119407,0.000704,-0.424930,0.008363,0.352587,0.806397,0.558070,-0.010023,0.430669,0.676958,0.145628,0.034996,0.323153,0.867631,-0.363180,0.000666,-0.390020,0.847769,0.016393,0.037138,0.311922,0.904669,0.616685,-0.014278,-0.311871,0.888016,0.068229,0.069260,-0.110821,0.106337,0.121243,0.016554,0.163726,0.064740,-0.102138,0.116750,0.085243,-0.184530,-0.424556,0.008348,0.351920,0.558977,-0.010788,0.431254,0.145355,0.035229,0.322752,-0.363716,0.000470,-0.389634,0.016377,0.037478,0.311667,0.616426,-0.014040,-0.311392
1050,10.500000,0.005910,0.364222,-0.000135,-0.931293,0.113762,0.085096,-0.095251,0.000291,0.067732,0.069432,-0.110749,0.865684,0.106401,0.121033,0.016412,0.944305,0.164023,0.064956,-0.102233,0.905253,0.116893,0.084962,-0.184432,0.922190,0.001459,0.035945,0.000485,-0.999353,0.091434,0.009417,0.119353,0.000684,-0.424915,0.008455,0.352592,0.807744,0.558091,-0.010141,0.430565,0.674801,0.145647,0.034955,0.323090,0.866276,-0.363250,0.000633,-0.390021,0.851018,0.016411,0.037124,0.311873,0.904289,0.616620,-0.014521,-0.311981,0.889114,0.068222,0.069236,-0.110846,0.106382,0.121214,0.016540,0.163724,0.064742,-0.102142,0.116721,0.085191,-0.184554,-0.424558,0.008361,0.351917,0.558968,-0.010801,0.431263,0.145345,0.035216,0.322734,-0.363701,0.000499,-0.389655,0.016393,0.037455,0.311681,0.616339,-0.014361,-0.311677
1051,10.510000,0.005975,0.364208,-0.000305,-0.931298,0.113738,0.085106,-0.095262,0.000290,0.067711,0.069426,-0.110755,0.864421,0.106371,0.121068,0.016392,0.946358,0.164004,0.064977,-0.102241,0.908386,0.116866,0.084951,-0.184443,0.918666,0.001369,0.036006,0.000374,-0.999351,0.091443,0.009468,0.119402,0.000708,-0.424934,0.008347,0.352578,0.809182,0.558066,-0.010038,0.430668,0.666740,0.145625,0.034983,0.323150,0.865956,-0.363177,0.000667,-0.390029,0.828569,0.016390,0.037125,0.311918,0.893420,0.616687,-0.014277,-0.311871,0.854594,0.068216,0.069248,-0.110840,0.106334,0.121244,0.016509,0.163731,0.064752,-0.102147,0.116671,0.085179,-0.184569,-0.424557,0.008343,0.351915,0.558979,-0.010799,0.431270,0.145340,0.035191,0.322747,-0.363710,0.000469,-0.389646,0.016371,0.037470,0.311669,0.616435,-0.014034,-0.311407
1052,10.520000,0.005953,0.364322,-0.000135,-0.931254,0.113751,0.085111,-0.095263,0.000290,0.067723,0.069448,-0.110770,0.864421,0.106367,0.121058,0.016395,0.946358,0.164012,0.064969,-0.102233,0.908386,0.116900,0.084970,-0.184444,0.918666,0.001373,0.036008,0.000382,-0.999350,0.091444,0.009480,0.119405,0.000701,-0.424933,0.008369,0.352579,0.809182,0.558066,-0.010030,0.430673,0.666740,0.145626,0.034996,0.323153,0.865956,-0.363174,0.000683,-0.390028,0.828569,0.016391,0.037140,0.311920,0.893420,0.616690,-0.014275,-0.311866,0.854594,0.068229,0.069263,-0.110858,0.106330,0.121239,0.016514,0.163733,0.064740,-0.102151,0.116711,0.085202,-0.184555,-0.424561,0.008354,0.351921,0.558960,-0.010796,0.431266,0.145342,0.035233,0.322744,-0.363710,0.000486,-0.389642,0.016380,0.037477,0.311669,0.616448,-0.014037,-0.311399
1053,10.530000,0.006021,0.364225,-0.000217,-0.931292,0.113742,0.085107,-0.095257,0.000313,0.067712,0.069436,-0.110752,0.860922,0.106378,0.121074,0.016396,0.939442,0.164004,0.064969,-0.102234,0.907007,0.116873,0.084950,-0.184439,0.918050,0.001466,0.035941,0.000486,-0.999353,0.091422,0.009425,0.119338,0.000602,-0.424925,0.008467,0.352582,0.811207,0.558082,-0.010131,0.430547,0.749967,0.145637,0.034965,0.323074,0.870005,-0.363266,0.000634,-0.390032,0.848665,0.016401,0.037135,0.311859,0.901726,0.616606,-0.014521,-0.311999,0.893285,0.068228,0.069252,-0.110848,0.106337,0.121263,0.016542,0.163725,0.064735,-0.102155,0.116676,0.085179,-0.184567,-0.424561,0.008345,0.351931,0.558770,-0.010658,0.431045,0.145337,0.035233,0.322744,-0.363703,0.000484,-0.389641,0.016375,0.037476,0.311665,0.616373,-0.014376,-0.311672
1054,10.540000,0.005928,0.364299,-0.000106,-0.931263,0.113766,0.085120,-0.095257,0.000283,0.067737,0.069460,-0.110763,0.860922,0.106389,0.121059,0.016404,0.939442,0.164027,0.064976,-0.102231,0.907007,0.116912,0.084985,-0.184438,0.918050,0.001360,0.036008,0.000371,-0.999351,0.091444,0.009481,0.119404,0.000705,-0.424933,0.008352,0.352577,0.811207,0.558066,-0.010026,0.430671,0.749967,0.145626,0.034993,0.323152,0.870005,-0.363173,0.000686,-0.390030,0.848665,0.016390,0.037134,0.311919,0.901726,0.616691,-0.014251,-0.311868,0.893285,0.068222,0.069248,-0.110844,0.106359,0.121255,0.016525,0.163736,0.064740,-0.102167,0.116748,0.085237,-0.184542,-0.424548,0.008340,0.351916,0.558962,-0.010791,0.431264,0.145331,0.035201,0.322755,-0.363708,0.000484,-0.389645,0.016384,0.037497,0.311658,0.616438,-0.014008,-0.311399
1055,10.550000,0.006012,0.364250,-0.000087,-0.931282,0.113772,0.085125,-0.095264,0.000279,0.067740,0.069467,-0.110763,0.865218,0.106411,0.121081,0.016393,0.947759,0.164030,0.064976,-0.102240,0.906189,0.116908,0.084977,-0.184445,0.919797,0.001377,0.036006,0.000373,-0.999351,0.091440,0.009487,0.119405,0.000705,-0.424937,0.008369,0.352581,0.809798,0.558063,-0.010012,0.430672,0.668502,0.145622,0.035005,0.323153,0.862369,-0.363179,0.000677,-0.390026,0.827482,0.016387,0.037147,0.311921,0.891034,0.616685,-0.014263,-0.311868,0.853270,0.068235,0.069273,-0.110849,0.106383,0.121261,0.016496,0.163745,0.064750,-0.102147,0.116726,0.085217,-0.184554,-0.424555,0.008358,0.351923,0.558957,-0.010788,0.431271,0.145336,0.035226,0.322738,-0.363713,0.000476,-0.389637,0.016377,0.037500,0.311665,0.616435,-0.014018,-0.311396
1056,10.560000,0.005914,0.364243,-0.000138,-0.931285,0.113767,0.085117,-0.095246,0.000283,0.067737,0.069453,-0.110746,0.865218,0.106401,0.121055,0.016416,0.947759,0.164028,0.064977,-0.102225,0.906189,0.116902,0.084982,-0.184427,0.919797,0.001362,0.035989,0.000384,-0.999351,0.091438,0.009492,0.119384,0.000646,-0.424931,0.008378,0.352577,0.809798,0.558071,-0.010027,0.430633,0.668502,0.145628,0.035003,0.323130,0.862369,-0.363200,0.000708,-0.390032,0.827482,0.016392,0.037148,0.311902,0.891034,0.616667,-0.014256,-0.311908,0.853270,0.068206,0.069251,-0.110819,0.106374,0.121244,0.016548,0.163744,0.064752,-0.102153,0.116745,0.085221,-0.184558,-0.424561,0.008359,0.351928,0.558797,-0.010652,0.431050,0.145350,0.035223,0.322748,-0.363711,0.000480,-0.389636,0.016387,0.037496,0.311664,0.616440,-0.014015,-0.311412
1057,10.570000,0.006029,0.364217,-0.000044,-0.931295,0.113776,0.085131,-0.095249,0.000278,0.067741,0.069477,-0.110744,0.866074,0.106426,0.121087,0.016409,0.948115,0.164032,0.064977,-0.102228,0.906822,0.116906,0.084983,-0.184430,0.921326,0.001474,0.035944,0.000477,-0.999353,0.091431,0.009420,0.119363,0.000677,-0.424917,0.008457,0.352603,0.807975,0.558089,-0.010122,0.430575,0.679541,0.145644,0.034965,0.323099,0.867588,-0.363254,0.000613,-0.390010,0.850476,0.016408,0.037132,0.311883,0.898190,0.616618,-0.014524,-0.311970,0.893089,0.068237,0.069290,-0.110824,0.106396,0.121263,0.016516,0.163744,0.064757,-0.102140,0.116728,0.085214,-0.184547,-0.424557,0.008341,0.351935,0.558952,-0.010776,0.431261,0.145342,0.035231,0.322755,-0.363708,0.000484,-0.389642,0.016381,0.037485,0.311681,0.616350,-0.014375,-0.311672
1058,10.580000,0.005919,0.364355,0.000042,-0.931242,0.113768,0.085135,-0.095237,0.000274,0.067737,0.069489,-0.110751,0.866074,0.106388,0.121062,0.016427,0.948115,0.164024,0.064978,-0.102207,0.906822,0.116925,0.085010,-0.184418,0.921326,0.001466,0.035943,0.000471,-0.999353,0.091432,0.009420,0.119357,0.000687,-0.424916,0.008446,0.352598,0.807975,0.558090,-0.010120,0.430568,0.679541,0.145644,0.034962,0.323093,0.867588,-0.363254,0.000615,-0.390015,0.850476,0.016408,0.037128,0.311877,0.898190,0.616617,-0.014510,-0.311978,0.893089,0.068236,0.069287,-0.110813,0.106349,0.121251,0.016532,0.163731,0.064741,-0.102143,0.116757,0.085261,-0.184524,-0.424563,0.008341,0.351920,0.558983,-0.010788,0.431253,0.145342,0.035212,0.322756,-0.363710,0.000483,-0.389640,0.016384,0.037486,0.311665,0.616342,-0.014354,-0.311667
1059,10.590000,0.006014,0.364316,0.000163,-0.931256,0.113793,0.085145,-0.095223,0.000283,0.067756,0.069511,-0.110732,0.860018,0.106432,0.121084,0.016439,0.946433,0.164043,0.064973,-0.102195,0.903969,0.116942,0.085011,-0.184404,0.921753,0.001477,0.035945,0.000475,-0.999353,0.091435,0.009422,0.119358,0.000684,-0.424914,0.008457,0.352597,0.804724,0.558091,-0.010117,0.430571,0.676418,0.145647,0.034967,0.323094,0.871020,-0.363249,0.000610,-0.390016,0.846625,0.016411,0.037134,0.311877,0.896424,0.616622,-0.014522,-0.311974,0.888839,0.068281,0.069329,-0.110797,0.106389,0.121263,0.016549,0.163741,0.064745,-0.102130,0.116762,0.085243,-0.184514,-0.424555,0.008362,0.351909,0.558968,-0.010784,0.431250,0.145344,0.035208,0.322752,-0.363709,0.000469,-0.389636,0.016389,0.037495,0.311675,0.616351,-0.014357,-0.311663
1060,10.600000,0.005915,0.364268,0.000115,-0.931276,0.113806,0.085148,-0.095224,0.000275,0.067769,0.069509,-0.110730,0.860018,0.106451,0.121069,0.016444,0.946433,0.164058,0.064985,-0.102205,0.903969,0.116945,0.085028,-0.184405,0.921753,0.001365,0.036004,0.000376,-0.999351,0.091449,0.009485,0.119407,0.000702,-0.424927,0.008364,0.352585,0.804724,0.558074,-0.010025,0.430671,0.676418,0.145632,0.034998,0.323155,0.871020,-0.363173,0.000690,-0.390022,0.846625,0.016397,0.037140,0.311923,0.896424,0.616692,-0.014257,-0.311869,0.888839,0.068289,0.069333,-0.110795,0.106411,0.121240,0.016550,0.163751,0.064769,-0.102142,0.116773,0.085249,-0.184509,-0.424553,0.008361,0.351913,0.558989,-0.010797,0.431241,0.145346,0.035220,0.322765,-0.363712,0.000486,-0.389641,0.016384,0.037483,0.311684,0.616441,-0.014011,-0.311393
1061,10.610000,0.005828,0.364389,0.000278,-0.931229,0.113807,0.085141,-0.095218,0.000308,0.067770,0.069517,-0.110740,0.860105,0.106431,0.121033,0.016459,0.941960,0.164056,0.064968,-0.102191,0.905853,0.116970,0.085045,-0.184398,0.924035,0.001463,0.035941,0.000485,-0.999353,0.091426,0.009432,0.119339,0.000615,-0.424921,0.008471,0.352582,0.805847,0.558085,-0.010124,0.430548,0.743546,0.145640,0.034971,0.323075,0.871837,-0.363262,0.000644,-0.390032,0.848881,0.016404,0.037141,0.311859,0.902296,0.616609,-0.014509,-0.311998,0.887206,0.068294,0.069344,-0.110836,0.106396,0.121209,0.016605,0.163753,0.064757,-0.102119,0.116785,0.085253,-0.184520,-0.424554,0.008354,0.351908,0.558801,-0.010654,0.431056,0.145342,0.035228,0.322747,-0.363698,0.000496,-0.389640,0.016383,0.037482,0.311671,0.616349,-0.014362,-0.311660
1062,10.620000,0.005908,0.364391,0.000327,-0.931227,0.113841,0.085160,-0.095238,0.000282,0.067802,0.069541,-0.110759,0.860105,0.106470,0.121066,0.016433,0.941960,0.164087,0.064979,-0.102209,0.905853,0.117004,0.085054,-0.184419,0.924035,0.001358,0.035994,0.000386,-0.999351,0.091443,0.009485,0.119383,0.000650,-0.424929,0.008371,0.352571,0.805847,0.558072,-0.010038,0.430638,0.743546,0.145630,0.034994,0.323130,0.871837,-0.363189,0.000706,-0.390038,0.848881,0.016395,0.037139,0.311901,0.902296,0.616677,-0.014261,-0.311903,0.887206,0.068310,0.069336,-0.110833,0.106440,0.121253,0.016539,0.163785,0.064745,-0.102119,0.116827,0.085307,-0.184541,-0.424549,0.008351,0.351922,0.558807,-0.010660,0.431046,0.145343,0.035210,0.322755,-0.363700,0.000479,-0.389653,0.016386,0.037489,0.311673,0.616444,-0.014022,-0.311402
1063,10.630000,0.005824,0.364388,0.000402,-0.931229,0.113863,0.085158,-0.095231,0.000287,0.067823,0.069546,-0.110755,0.861702,0.106495,0.121040,0.016449,0.945721,0.164108,0.064974,-0.102206,0.902180,0.117026,0.085070,-0.184411,0.918290,0.001364,0.036007,0.000363,-0.999351,0.091454,0.009487,0.119399,0.000708,-0.424923,0.008352,0.352573,0.811135,0.558077,-0.010011,0.430666,0.664572,0.145635,0.035001,0.323147,0.864576,-0.363164,0.000681,-0.390034,0.827826,0.016400,0.037140,0.311915,0.888073,0.616701,-0.014241,-0.311873,0.855316,0.068335,0.069348,-0.110827,0.106466,0.121223,0.016563,0.163802,0.064748,-0.102116,0.116850,0.085312,-0.184543,-0.424551,0.008332,0.351917,0.558990,-0.010793,0.431263,0.145344,0.035222,0.322748,-0.363698,0.000486,-0.389644,0.016389,0.037502,0.311651,0.616456,-0.014003,-0.311406
1064,10.640000,0.005972,0.364417,0.000321,-0.931217,0.113883,0.085175,-0.095227,0.000287,0.067844,0.069556,-0.110749,0.861702,0.106506,0.121095,0.016440,0.945721,0.164128,0.064991,-0.102193,0.902180,0.117051,0.085058,-0.184408,0.918290,0.001462,0.035939,0.000478,-0.999353,0.091431,0.009430,0.119340,0.000611,-0.424915,0.008461,0.352585,0.811135,0.558092,-0.010119,0.430548,0.664572,0.145646,0.034970,0.323076,0.864576,-0.363258,0.000635,-0.390029,0.827826,0.016410,0.037137,0.311861,0.888073,0.616614,-0.014504,-0.311999,0.855316,0.068372,0.069353,-0.110806,0.106466,0.121285,0.016549,0.163819,0.064749,-0.102116,0.116874,0.085313,-0.184538,-0.424555,0.008342,0.351918,0.558811,-0.010653,0.431054,0.145353,0.035231,0.322752,-0.363694,0.000488,-0.389646,0.016387,0.037480,0.311677,0.616355,-0.014358,-0.311663
1065,10.650000,0.005824,0.364568,0.000541,-0.931159,0.113920,0.085196,-0.095226,0.000282,0.067882,0.069597,-0.110769,0.857278,0.106518,0.121069,0.016454,0.947726,0.164162,0.065000,-0.102184,0.901458,0.117117,0.085116,-0.184405,0.913101,0.001345,0.035998,0.000382,-0.999351,0.091440,0.009485,0.119381,0.000651,-0.424933,0.008360,0.352565,0.809138,0.558068,-0.010043,0.430638,0.740933,0.145626,0.034989,0.323129,0.870963,-0.363188,0.000715,-0.390043,0.827791,0.016391,0.037133,0.311899,0.897157,0.616678,-0.014246,-0.311902,0.849199,0.068417,0.069407,-0.110820,0.106471,0.121250,0.016548,0.163867,0.064755,-0.102090,0.116922,0.085370,-0.184541,-0.424551,0.008347,0.351904,0.558795,-0.010659,0.431046,0.145347,0.035205,0.322753,-0.363700,0.000487,-0.389643,0.016377,0.037473,0.311667,0.616445,-0.014004,-0.311400
1066,10.660000,0.005910,0.364515,0.000539,-0.931179,0.113913,0.085179,-0.095245,0.000291,0.067872,0.069581,-0.110781,0.857278,0.106526,0.121071,0.016430,0.947726,0.164153,0.064979,-0.102205,0.901458,0.117100,0.085085,-0.184425,0.913101,0.001377,0.036006,0.000373,-0.999351,0.091450,0.009472,0.119407,0.000694,-0.424927,0.008354,0.352582,0.809138,0.558073,-0.010027,0.430674,0.740933,0.145632,0.034990,0.323155,0.870963,-0.363169,0.000662,-0.390025,0.827791,0.016397,0.037132,0.311922,0.897157,0.616696,-0.014278,-0.311865,0.849199,0.068420,0.069414,-0.110840,0.106477,0.121240,0.016543,0.163850,0.064755,-0.102124,0.116905,0.085306,-0.184558,-0.424554,0.008351,0.351919,0.558961,-0.010790,0.431262,0.145358,0.035217,0.322744,-0.363717,0.000457,-0.389648,0.016384,0.037469,0.311691,0.616459,-0.014032,-0.311401
1067,10.670000,0.005898,0.364480,0.000469,-0.931192,0.113938,0.085193,-0.095283,0.000281,0.067899,0.069588,-0.110815,0.860448,0.106555,0.121087,0.016392,0.943421,0.164181,0.065000,-0.102246,0.901375,0.117119,0.085097,-0.184463,0.915951,0.001468,0.035950,0.000473,-0.999353,0.091443,0.009414,0.119351,0.000679,-0.424908,0.008444,0.352585,0.808539,0.558097,-0.010127,0.430568,0.674614,0.145653,0.034957,0.323088,0.867317,-0.363235,0.000609,-0.390027,0.847828,0.016417,0.037123,0.311870,0.902404,0.616635,-0.014520,-0.311976,0.893405,0.068411,0.069375,-0.110879,0.106515,0.121284,0.016495,0.163884,0.064749,-0.102179,0.116944,0.085363,-0.184570,-0.424556,0.008341,0.351913,0.558978,-0.010795,0.431256,0.145353,0.035228,0.322744,-0.363707,0.000476,-0.389666,0.016397,0.037462,0.311677,0.616379,-0.014364,-0.311673
1068,10.680000,0.005866,0.364513,0.000475,-0.931180,0.113944,0.085205,-0.095317,0.000267,0.067905,0.069601,-0.110853,0.860448,0.106552,0.121092,0.016360,0.943421,0.164187,0.065013,-0.102278,0.901375,0.117131,0.085115,-0.184497,0.915951,0.001371,0.036010,0.000367,-0.999350,0.091464,0.009478,0.119400,0.000696,-0.424915,0.008351,0.352571,0.808539,0.558084,-0.010018,0.430670,0.674614,0.145644,0.034995,0.323148,0.867317,-0.363152,0.000668,-0.390035,0.847828,0.016408,0.037135,0.311915,0.902404,0.616712,-0.014260,-0.311869,0.893405,0.068421,0.069413,-0.110899,0.106509,0.121270,0.016457,0.163878,0.064786,-0.102223,0.116967,0.085353,-0.184603,-0.424553,0.008346,0.351913,0.558990,-0.010786,0.431246,0.145347,0.035221,0.322753,-0.363702,0.000466,-0.389651,0.016392,0.037475,0.311678,0.616503,-0.014018,-0.311416
1069,10.690000,0.005859,0.364538,0.000450,-0.931170,0.113966,0.085218,-0.095378,0.000268,0.067929,0.069611,-0.110916,0.864771,0.106566,0.121105,0.016298,0.944440,0.164210,0.065029,-0.102336,0.899383,0.117157,0.085127,-0.184558,0.917991,0.001372,0.035994,0.000389,-0.999351,0.091456,0.009484,0.119380,0.000647,-0.424916,0.008380,0.352568,0.813477,0.558086,-0.010034,0.430634,0.735902,0.145644,0.034998,0.323126,0.864439,-0.363176,0.000694,-0.390041,0.823074,0.016408,0.037144,0.311897,0.902939,0.616689,-0.014278,-0.311906,0.852800,0.068422,0.069391,-0.110954,0.106535,0.121298,0.016403,0.163892,0.064791,-0.102272,0.117015,0.085392,-0.184690,-0.424545,0.008364,0.351921,0.558819,-0.010671,0.431048,0.145368,0.035250,0.322733,-0.363724,0.000468,-0.389654,0.016396,0.037464,0.311678,0.616499,-0.014038,-0.311404
1070,10.700000,0.005812,0.364512,0.000193,-0.931180,0.113952,0.085238,-0.095446,0.000258,0.067922,0.069606,-0.110980,0.864771,0.106540,0.121132,0.016227,0.944440,0.164206,0.065073,-0.102405,0.899383,0.117138,0.085140,-0.184626,0.917991,0.001371,0.036006,0.000377,-0.999351,0.091462,0.009477,0.119393,0.000696,-0.424915,0.008360,0.352569,0.813477,0.558085,-0.010030,0.430658,0.735902,0.145645,0.034992,0.323140,0.864439,-0.363158,0.000676,-0.390039,0.823074,0.016409,0.037134,0.311908,0.902939,0.616707,-0.014272,-0.311881,0.852800,0.068415,0.069402,-0.110992,0.106493,0.121318,0.016326,0.163904,0.064834,-0.102355,0.116996,0.085397,-0.184762,-0.424539,0.008347,0.351924,0.558987,-0.010790,0.431249,0.145353,0.035226,0.322741,-0.363721,0.000481,-0.389675,0.016392,0.037468,0.311666,0.616497,-0.014036,-0.311421
1071,10.710000,0.005884,0.364348,0.000101,-0.931244,0.113926,0.085254,-0.095535,0.000255,0.067893,0.069613,-0.111050,0.865853,0.106549,0.121169,0.016133,0.944103,0.164180,0.065094,-0.102508,0.900858,0.117081,0.085138,-0.184716,0.916391,0.001365,0.036006,0.000376,-0.999351,0.091463,0.009471,0.119397,0.000694,-0.424914,0.008350,0.352572,0.812670,0.558086,-0.010039,0.430663,0.670419,0.145645,0.034984,0.323145,0.862960,-0.363156,0.000677,-0.390035,0.820812,0.016410,0.037126,0.311913,0.899278,0.616708,-0.014271,-0.311876,0.861811,0.068388,0.069408,-0.111031,0.106492,0.121360,0.016236,0.163873,0.064845,-0.102471,0.116950,0.085402,-0.184874,-0.424540,0.008354,0.351923,0.558983,-0.010806,0.431250,0.145353,0.035209,0.322740,-0.363738,0.000471,-0.389671,0.016394,0.037458,0.311685,0.616521,-0.014024,-0.311419
1072,10.720000,0.006175,0.364247,0.000187,-0.931282,0.113893,0.085267,-0.095620,0.000275,0.067851,0.069636,-0.111117,0.865853,0.106554,0.121239,0.016033,0.944103,0.164139,0.065085,-0.102594,0.900858,0.117029,0.085108,-0.184802,0.916391,0.001374,0.036000,0.000377,-0.999351,0.091463,0.009477,0.119392,0.000698,-0.424911,0.008362,0.352573,0.812670,0.558090,-0.010028,0.430653,0.670419,0.145648,0.034994,0.323139,0.862960,-0.363162,0.000675,-0.390034,0.820812,0.016413,0.037136,0.311908,0.899278,0.616703,-0.014274,-0.311887,0.861811,0.068358,0.069447,-0.111127,0.106497,0.121424,0.016145,0.163854,0.064840,-0.102527,0.116864,0.085359,-0.184971,-0.424541,0.008350,0.351926,0.558988,-0.010786,0.431250,0.145357,0.035226,0.322728,-0.363747,0.000480,-0.389664,0.016402,0.037470,0.311664,0.616515,-0.014037,-0.311424
1073,10.730000,0.005917,0.364271,-0.000502,-0.931274,0.113882,0.085370,-0.095674,0.000275,0.067863,0.069671,-0.111173,0.890726,0.106485,0.121333,0.015978,0.975796,0.164157,0.065261,-0.102645,0.914843,0.117021,0.085213,-0.184855,0.924519,0.001472,0.035940,0.000489,-0.999353,0.091434,0.009417,0.119326,0.000596,-0.424912,0.008465,0.352570,0.814196,0.558094,-0.010138,0.430534,0.748043,0.145649,0.034959,0.323062,0.869088,-0.363255,0.000624,-0.390043,0.846996,0.016413,0.037129,0.311846,0.908508,0.616616,-0.014536,-0.312012,0.898330,0.068279,0.069567,-0.111257,0.106497,0.121414,0.016030,0.163922,0.065143,-0.102429,0.116828,0.085354,-0.185040,-0.424546,0.008353,0.351933,0.558788,-0.010666,0.431038,0.145357,0.035233,0.322724,-0.363727,0.000473,-0.389685,0.016376,0.037453,0.311679,0.616417,-0.014389,-0.311689
1074,10.740000,0.006314,0.364216,0.000836,-0.931293,0.113827,0.085293,-0.095774,0.000249,0.067763,0.069726,-0.111272,0.890726,0.106542,0.121251,0.015887,0.975796,0.164045,0.065047,-0.102755,0.914843,0.116957,0.085149,-0.184956,0.924519,0.001362,0.035996,0.000384,-0.999351,0.091453,0.009482,0.119363,0.000642,-0.424920,0.008368,0.352549,0.814196,0.558081,-0.010037,0.430620,0.748043,0.145639,0.034993,0.323110,0.869088,-0.363177,0.000697,-0.390060,0.846996,0.016404,0.037137,0.311881,0.908508,0.616688,-0.014266,-0.311921,0.898330,0.068234,0.069565,-0.111321,0.106498,0.121409,0.015977,0.163786,0.064837,-0.102689,0.116790,0.085361,-0.185063,-0.424547,0.008344,0.351927,0.558822,-0.010669,0.431039,0.145356,0.035218,0.322731,-0.363741,0.000475,-0.389696,0.016383,0.037487,0.311650,0.616521,-0.014031,-0.311427
1075,10.750000,0.006182,0.364002,0.000762,-0.931377,0.113794,0.085300,-0.095824,0.000271,0.067727,0.069726,-0.111304,0.865561,0.106552,0.121235,0.015847,0.948824,0.164014,0.065067,-0.102833,0.908066,0.116883,0.085174,-0.185008,0.917669,0.001462,0.035936,0.000480,-0.999353,0.091435,0.009411,0.119319,0.000603,-0.424910,0.008445,0.352566,0.813510,0.558097,-0.010141,0.430523,0.738734,0.145651,0.034950,0.323054,0.870220,-0.363257,0.000619,-0.390048,0.846531,0.016415,0.037118,0.311840,0.908507,0.616615,-0.014524,-0.312023,0.897214,0.068238,0.069561,-0.111325,0.106496,0.121401,0.015952,0.163735,0.064840,-0.102756,0.116706,0.085400,-0.185169,-0.424552,0.008337,0.351921,0.558827,-0.010687,0.431034,0.145351,0.035222,0.322730,-0.363742,0.000467,-0.389703,0.016387,0.037446,0.311680,0.616413,-0.014374,-0.311698
1076,10.760000,0.006250,0.363968,0.000646,-0.931390,0.113752,0.085316,-0.095917,0.000288,0.067686,0.069731,-0.111390,0.866386,0.106512,0.121273,0.015747,0.943974,0.163975,0.065090,-0.102925,0.909891,0.116835,0.085172,-0.185101,0.920560,0.001356,0.035995,0.000383,-0.999351,0.091451,0.009479,0.119370,0.000640,-0.424921,0.008361,0.352556,0.818652,0.558080,-0.010043,0.430625,0.732703,0.145638,0.034987,0.323117,0.865124,-0.363180,0.000700,-0.390052,0.825084,0.016403,0.037131,0.311888,0.902103,0.616686,-0.014263,-0.311915,0.856427,0.068180,0.069546,-0.111476,0.106471,0.121457,0.015868,0.163709,0.064857,-0.102853,0.116647,0.085405,-0.185207,-0.424552,0.008346,0.351932,0.558823,-0.010687,0.431046,0.145349,0.035230,0.322731,-0.363737,0.000472,-0.389695,0.016394,0.037461,0.311676,0.616511,-0.014022,-0.311424
1077,10.770000,0.006244,0.364051,0.000911,-0.931358,0.113739,0.085293,-0.096024,0.000309,0.067668,0.069733,-0.111509,0.866386,0.106496,0.121230,0.015646,0.943974,0.163953,0.065043,-0.103027,0.909891,0.116838,0.085165,-0.185207,0.920560,0.001364,0.036005,0.000375,-0.999351,0.091454,0.009471,0.119392,0.000694,-0.424922,0.008348,0.352568,0.818652,0.558078,-0.010038,0.430657,0.732703,0.145637,0.034984,0.323140,0.865124,-0.363166,0.000676,-0.390039,0.825084,0.016402,0.037126,0.311908,0.902103,0.616699,-0.014269,-0.311883,0.856427,0.068109,0.069503,-0.111541,0.106454,0.121450,0.015835,0.163686,0.064789,-0.102977,0.116706,0.085429,-0.185412,-0.424550,0.008341,0.351937,0.558984,-0.010818,0.431257,0.145349,0.035214,0.322739,-0.363745,0.000477,-0.389685,0.016378,0.037466,0.311663,0.616512,-0.014027,-0.311427
1078,10.780000,0.006346,0.364024,0.000733,-0.931368,0.113711,0.085317,-0.096080,0.000307,0.067644,0.069740,-0.111556,0.873750,0.106466,0.121288,0.015580,0.926582,0.163930,0.065078,-0.103079,0.905068,0.116805,0.085161,-0.185262,0.912388,0.001370,0.036007,0.000362,-0.999351,0.091452,0.009471,0.119386,0.000697,-0.424926,0.008338,0.352560,0.818271,0.558074,-0.010022,0.430652,0.657947,0.145633,0.034988,0.323133,0.865223,-0.363167,0.000658,-0.390047,0.824556,0.016397,0.037127,0.311901,0.892096,0.616698,-0.014261,-0.311887,0.864111,0.068086,0.069500,-0.111599,0.106427,0.121514,0.015764,0.163654,0.064821,-0.103038,0.116677,0.085432,-0.185444,-0.424543,0.008332,0.351942,0.558992,-0.010828,0.431269,0.145338,0.035208,0.322739,-0.363752,0.000458,-0.389714,0.016374,0.037484,0.311660,0.616515,-0.014016,-0.311437
1079,10.790000,0.006342,0.363748,0.000515,-0.931476,0.113657,0.085340,-0.096052,0.000294,0.067587,0.069742,-0.111499,0.873750,0.106464,0.121325,0.015606,0.926582,0.163880,0.065120,-0.103078,0.905068,0.116697,0.085172,-0.185237,0.912388,0.001475,0.035948,0.000474,-0.999353,0.091442,0.009415,0.119339,0.000682,-0.424908,0.008449,0.352575,0.818271,0.558098,-0.010123,0.430555,0.657947,0.145653,0.034960,0.323075,0.865223,-0.363238,0.000605,-0.390038,0.824556,0.016417,0.037127,0.311858,0.892096,0.616632,-0.014526,-0.311990,0.864111,0.068068,0.069503,-0.111606,0.106409,0.121561,0.015727,0.163641,0.064825,-0.103059,0.116509,0.085469,-0.185269,-0.424533,0.008337,0.351943,0.558981,-0.010814,0.431264,0.145344,0.035221,0.322731,-0.363751,0.000475,-0.389710,0.016389,0.037494,0.311641,0.616417,-0.014372,-0.311679
1080,10.800000,0.006006,0.363720,-0.000407,-0.931489,0.113655,0.085394,-0.096039,0.000261,0.067615,0.069705,-0.111482,0.874931,0.106400,0.121370,0.015618,0.957475,0.163917,0.065272,-0.103068,0.912353,0.116690,0.085228,-0.185224,0.922208,0.001357,0.036005,0.000370,-0.999351,0.091458,0.009474,0.119392,0.000693,-0.424919,0.008343,0.352568,0.820423,0.558081,-0.010033,0.430657,0.667315,0.145640,0.034985,0.323140,0.861223,-0.363163,0.000680,-0.390039,0.826704,0.016405,0.037126,0.311908,0.893575,0.616702,-0.014254,-0.311883,0.866405,0.068050,0.069509,-0.111633,0.106411,0.121529,0.015676,0.163670,0.065074,-0.102918,0.116492,0.085461,-0.185279,-0.424542,0.008320,0.351957,0.558993,-0.010799,0.431251,0.145336,0.035214,0.322736,-0.363735,0.000491,-0.389697,0.016372,0.037477,0.311669,0.616524,-0.014025,-0.311434
1081,10.810000,0.006127,0.363576,0.000288,-0.931544,0.113626,0.085316,-0.096080,0.000282,0.067559,0.069696,-0.111514,0.874931,0.106454,0.121271,0.015589,0.957475,0.163858,0.065128,-0.103130,0.912353,0.116634,0.085171,-0.185266,0.922208,0.001373,0.036007,0.000365,-0.999351,0.091457,0.009480,0.119382,0.000698,-0.424920,0.008352,0.352557,0.820423,0.558080,-0.010014,0.430649,0.667315,0.145639,0.034998,0.323130,0.861223,-0.363161,0.000666,-0.390050,0.826704,0.016403,0.037137,0.311897,0.893575,0.616704,-0.014258,-0.311890,0.866405,0.068043,0.069443,-0.111627,0.106415,0.121504,0.015680,0.163607,0.064833,-0.103076,0.116440,0.085486,-0.185298,-0.424533,0.008340,0.351938,0.558990,-0.010801,0.431245,0.145327,0.035219,0.322742,-0.363745,0.000468,-0.389704,0.016382,0.037495,0.311641,0.616530,-0.014018,-0.311436
1082,10.820000,0.006082,0.363608,-0.000425,-0.931532,0.113631,0.085395,-0.096028,0.000292,0.067586,0.069705,-0.111458,0.869924,0.106403,0.121389,0.015625,0.951816,0.163890,0.065272,-0.103066,0.913099,0.116643,0.085216,-0.185214,0.919777,0.001371,0.036007,0.000359,-0.999351,0.091459,0.009479,0.119389,0.000695,-0.424919,0.008344,0.352564,0.817620,0.558082,-0.010011,0.430656,0.665483,0.145640,0.034996,0.323137,0.864992,-0.363160,0.000662,-0.390043,0.824564,0.016405,0.037134,0.311905,0.891132,0.616705,-0.014252,-0.311883,0.864906,0.068046,0.069531,-0.111627,0.106405,0.121549,0.015732,0.163651,0.065078,-0.102906,0.116420,0.085424,-0.185313,-0.424530,0.008334,0.351947,0.558986,-0.010792,0.431259,0.145336,0.035216,0.322749,-0.363740,0.000463,-0.389703,0.016378,0.037489,0.311653,0.616525,-0.014011,-0.311434
1083,10.830000,0.005913,0.363574,-0.000717,-0.931546,0.113639,0.085382,-0.096055,0.000281,0.067603,0.069663,-0.111482,0.869924,0.106395,0.121359,0.015602,0.951816,0.163911,0.065293,-0.103099,0.913099,0.116645,0.085214,-0.185241,0.919777,0.001378,0.036007,0.000372,-0.999351,0.091465,0.009486,0.119387,0.000695,-0.424912,0.008367,0.352562,0.817620,0.558087,-0.010012,0.430654,0.665483,0.145647,0.035004,0.323134,0.864992,-0.363154,0.000673,-0.390045,0.824564,0.016411,0.037146,0.311902,0.891132,0.616711,-0.014264,-0.311885,0.864906,0.068059,0.069449,-0.111644,0.106408,0.121533,0.015659,0.163659,0.065075,-0.102925,0.116427,0.085473,-0.185310,-0.424526,0.008354,0.351941,0.558984,-0.010793,0.431262,0.145353,0.035229,0.322738,-0.363737,0.000475,-0.389695,0.016385,0.037500,0.311642,0.616531,-0.014024,-0.311431
1084,10.840000,0.006107,0.363673,-0.000441,-0.931506,0.113648,0.085385,-0.096047,0.000261,0.067605,0.069693,-0.111482,0.874041,0.106404,0.121385,0.015603,0.960364,0.163909,0.065262,-0.103076,0.913247,0.116673,0.085200,-0.185232,0.922439,0.001370,0.036008,0.000374,-0.999350,0.091470,0.009479,0.119393,0.000694,-0.424908,0.008359,0.352567,0.819466,0.558092,-0.010026,0.430660,0.662597,0.145651,0.034994,0.323141,0.864000,-0.363148,0.000677,-0.390040,0.826238,0.016416,0.037136,0.311908,0.894047,0.616716,-0.014266,-0.311878,0.862764,0.068056,0.069516,-0.111621,0.106405,0.121535,0.015655,0.163664,0.065067,-0.102926,0.116466,0.085423,-0.185293,-0.424538,0.008351,0.351946,0.559003,-0.010818,0.431265,0.145355,0.035228,0.322749,-0.363718,0.000478,-0.389696,0.016404,0.037477,0.311657,0.616522,-0.014024,-0.311426
1085,10.850000,0.006350,0.363560,0.000248,-0.931549,0.113649,0.085299,-0.096083,0.000287,0.067580,0.069675,-0.111508,0.874041,0.106483,0.121303,0.015571,0.960364,0.163879,0.065102,-0.103125,0.913247,0.116653,0.085114,-0.185269,0.922439,0.001361,0.036006,0.000377,-0.999351,0.091459,0.009479,0.119393,0.000697,-0.424919,0.008357,0.352568,0.819466,0.558081,-0.010034,0.430659,0.662597,0.145641,0.034990,0.323141,0.864000,-0.363161,0.000689,-0.390039,0.826238,0.016405,0.037133,0.311909,0.894047,0.616704,-0.014261,-0.311881,0.862764,0.068066,0.069434,-0.111649,0.106459,0.121524,0.015672,0.163605,0.064838,-0.103070,0.116464,0.085398,-0.185284,-0.424531,0.008348,0.351941,0.558989,-0.010806,0.431267,0.145332,0.035210,0.322755,-0.363746,0.000493,-0.389699,0.016390,0.037480,0.311663,0.616519,-0.014023,-0.311435
1086,10.860000,0.006461,0.363554,0.000353,-0.931551,0.113658,0.085301,-0.096073,0.000301,0.067584,0.069688,-0.111495,0.861039,0.106503,0.121323,0.015576,0.933291,0.163882,0.065090,-0.103113,0.906217,0.116661,0.085104,-0.185259,0.914598,0.001357,0.036010,0.000378,-0.999351,0.091465,0.009474,0.119395,0.000690,-0.424914,0.008351,0.352567,0.817303,0.558085,-0.010041,0.430664,0.671676,0.145645,0.034984,0.323144,0.863363,-0.363151,0.000688,-0.390040,0.825759,0.016410,0.037127,0.311911,0.897503,0.616712,-0.014263,-0.311875,0.866073,0.068063,0.069449,-0.111644,0.106468,0.121555,0.015703,0.163629,0.064814,-0.103084,0.116470,0.085387,-0.185266,-0.424535,0.008345,0.351943,0.558977,-0.010794,0.431266,0.145345,0.035211,0.322748,-0.363724,0.000490,-0.389695,0.016390,0.037460,0.311672,0.616524,-0.014025,-0.311433
1087,10.870000,0.006404,0.363593,0.000552,-0.931536,0.113648,0.085304,-0.096048,0.000304,0.067571,0.069710,-0.111479,0.861039,0.106496,0.121300,0.015609,0.933291,0.163866,0.065078,-0.103089,0.906217,0.116659,0.085128,-0.185234,0.914598,0.001361,0.036009,0.000377,-0.999350,0.091461,0.009475,0.119391,0.000691,-0.424918,0.008353,0.352564,0.817303,0.558082,-0.010037,0.430660,0.671676,0.145642,0.034986,0.323140,0.863363,-0.363155,0.000684,-0.390043,0.825759,0.016407,0.037129,0.311907,0.897503,0.616709,-0.014265,-0.311879,0.866073,0.068062,0.069509,-0.111604,0.106439,0.121516,0.015751,0.163628,0.064813,-0.103079,0.116463,0.085377,-0.185260,-0.424536,0.008345,0.351940,0.558976,-0.010799,0.431270,0.145340,0.035207,0.322740,-0.363731,0.000486,-0.389701,0.016387,0.037473,0.311672,0.616524,-0.014027,-0.311441
1088,10.880000,0.006335,0.363518,0.000579,-0.931566,0.113649,0.085303,-0.096021,0.000294,0.067569,0.069711,-0.111447,0.866564,0.106515,0.121282,0.015642,0.935994,0.163866,0.065078,-0.103074,0.911297,0.116645,0.085140,-0.185208,0.922631,0.001352,0.035998,0.000390,-0.999351,0.091460,0.009481,0.119369,0.000631,-0.424914,0.008368,0.352553,0.819653,0.558087,-0.010050,0.430627,0.740554,0.145646,0.034987,0.323117,0.866852,-0.363168,0.000712,-0.390056,0.827655,0.016411,0.037133,0.311887,0.901509,0.616697,-0.014264,-0.311913,0.858992,0.068054,0.069515,-0.111553,0.106458,0.121491,0.015778,0.163623,0.064820,-0.103063,0.116461,0.085385,-0.185248,-0.424537,0.008352,0.351938,0.558806,-0.010665,0.431054,0.145358,0.035218,0.322733,-0.363715,0.000488,-0.389702,0.016402,0.037462,0.311669,0.616517,-0.014027,-0.311434
1089,10.890000,0.006311,0.363461,0.000718,-0.931588,0.113642,0.085298,-0.095985,0.000287,0.067557,0.069719,-0.111407,0.866564,0.106530,0.121262,0.015685,0.935994,0.163853,0.065062,-0.103046,0.911297,0.116628,0.085147,-0.185172,0.922631,0.001363,0.036012,0.000388,-0.999350,0.091468,0.009460,0.119394,0.000691,-0.424912,0.008350,0.352563,0.819653,0.558087,-0.010061,0.430666,0.740554,0.145648,0.034971,0.323143,0.866852,-0.363145,0.000678,-0.390044,0.827655,0.016413,0.037116,0.311909,0.901509,0.616718,-0.014292,-0.311873,0.858992,0.068038,0.069531,-0.111493,0.106469,0.121465,0.015821,0.163609,0.064809,-0.103040,0.116452,0.085385,-0.185227,-0.424534,0.008347,0.351944,0.558996,-0.010813,0.431264,0.145353,0.035200,0.322742,-0.363718,0.000483,-0.389711,0.016386,0.037437,0.311677,0.616524,-0.014055,-0.311423
1090,10.900000,0.006310,0.363354,0.000470,-0.931630,0.113622,0.085304,-0.095986,0.000300,0.067540,0.069702,-0.111394,0.860620,0.106519,0.121285,0.015679,0.936485,0.163841,0.065090,-0.103055,0.910706,0.116587,0.085139,-0.185173,0.919077,0.001472,0.035946,0.000491,-0.999353,0.091455,0.009416,0.119342,0.000677,-0.424894,0.008465,0.352580,0.814413,0.558111,-0.010140,0.430557,0.668613,0.145668,0.034958,0.323079,0.866527,-0.363227,0.000624,-0.390033,0.848527,0.016432,0.037129,0.311861,0.899229,0.616643,-0.014539,-0.311989,0.899227,0.068052,0.069516,-0.111510,0.106452,0.121494,0.015807,0.163605,0.064822,-0.103044,0.116377,0.085385,-0.185197,-0.424536,0.008351,0.351940,0.558998,-0.010824,0.431265,0.145373,0.035235,0.322730,-0.363715,0.000499,-0.389697,0.016391,0.037477,0.311663,0.616415,-0.014390,-0.311691
1091,10.910000,0.006516,0.363533,0.000614,-0.931558,0.113619,0.085316,-0.095976,0.000279,0.067537,0.069728,-0.111398,0.860620,0.106489,0.121331,0.015677,0.936485,0.163833,0.065079,-0.103020,0.910706,0.116619,0.085125,-0.185162,0.919077,0.001361,0.036005,0.000375,-0.999351,0.091467,0.009473,0.119396,0.000699,-0.424910,0.008349,0.352573,0.814413,0.558090,-0.010038,0.430661,0.668613,0.145649,0.034984,0.323144,0.866527,-0.363154,0.000681,-0.390034,0.848527,0.016414,0.037126,0.311912,0.899229,0.616711,-0.014265,-0.311879,0.899227,0.068009,0.069527,-0.111477,0.106428,0.121541,0.015804,0.163591,0.064816,-0.103018,0.116450,0.085378,-0.185211,-0.424534,0.008343,0.351946,0.558999,-0.010832,0.431267,0.145356,0.035215,0.322736,-0.363722,0.000481,-0.389679,0.016399,0.037468,0.311664,0.616510,-0.014020,-0.311417
1092,10.920000,0.006518,0.363453,0.000717,-0.931590,0.113627,0.085313,-0.095954,0.000262,0.067539,0.069735,-0.111369,0.870125,0.106522,0.121321,0.015702,0.943830,0.163835,0.065066,-0.103009,0.913439,0.116611,0.085127,-0.185141,0.926302,0.001468,0.035948,0.000475,-0.999353,0.091448,0.009412,0.119348,0.000671,-0.424902,0.008443,0.352584,0.815027,0.558103,-0.010131,0.430563,0.677735,0.145659,0.034955,0.323085,0.864976,-0.363233,0.000609,-0.390029,0.847940,0.016423,0.037121,0.311867,0.903449,0.616638,-0.014524,-0.311982,0.905981,0.068028,0.069567,-0.111419,0.106450,0.121506,0.015807,0.163593,0.064819,-0.103004,0.116437,0.085357,-0.185201,-0.424540,0.008330,0.351949,0.558971,-0.010769,0.431271,0.145346,0.035221,0.322735,-0.363728,0.000488,-0.389697,0.016388,0.037456,0.311678,0.616428,-0.014382,-0.311703
1093,10.930000,0.006159,0.363372,-0.000551,-0.931624,0.113610,0.085380,-0.095923,0.000249,0.067560,0.069678,-0.111325,0.870125,0.106432,0.121398,0.015726,0.943830,0.163869,0.065264,-0.102982,0.913439,0.116577,0.085180,-0.185110,0.926302,0.001359,0.035998,0.000396,-0.999351,0.091457,0.009481,0.119378,0.000641,-0.424916,0.008377,0.352562,0.815027,0.558085,-0.010051,0.430636,0.677735,0.145644,0.034989,0.323125,0.864976,-0.363171,0.000710,-0.390046,0.847940,0.016408,0.037137,0.311895,0.903449,0.616694,-0.014276,-0.311904,0.905981,0.068024,0.069540,-0.111416,0.106410,0.121531,0.015799,0.163619,0.065085,-0.102862,0.116384,0.085364,-0.185212,-0.424529,0.008353,0.351945,0.558817,-0.010652,0.431053,0.145347,0.035213,0.322739,-0.363723,0.000494,-0.389691,0.016389,0.037467,0.311675,0.616514,-0.014049,-0.311412
1094,10.940000,0.006408,0.363319,0.000380,-0.931643,0.113565,0.085287,-0.095989,0.000293,0.067483,0.069677,-0.111390,0.864207,0.106467,0.121296,0.015668,0.934961,0.163785,0.065076,-0.103057,0.907662,0.116523,0.085101,-0.185177,0.913962,0.001361,0.035992,0.000383,-0.999351,0.091449,0.009480,0.119380,0.000634,-0.424921,0.008364,0.352570,0.817645,0.558080,-0.010039,0.430632,0.739395,0.145637,0.034991,0.323126,0.865381,-0.363185,0.000696,-0.390039,0.827232,0.016402,0.037135,0.311898,0.905466,0.616682,-0.014265,-0.311909,0.857993,0.067970,0.069458,-0.111489,0.106410,0.121518,0.015789,0.163550,0.064793,-0.103028,0.116329,0.085380,-0.185228,-0.424538,0.008357,0.351949,0.558803,-0.010661,0.431053,0.145353,0.035231,0.322737,-0.363729,0.000467,-0.389681,0.016378,0.037449,0.311689,0.616502,-0.014024,-0.311427
1095,10.950000,0.006409,0.363093,0.000366,-0.931731,0.113547,0.085289,-0.095977,0.000295,0.067459,0.069677,-0.111356,0.864207,0.106503,0.121298,0.015683,0.934961,0.163765,0.065079,-0.103070,0.907662,0.116463,0.085101,-0.185166,0.913962,0.001463,0.035934,0.000490,-0.999353,0.091427,0.009416,0.119336,0.000600,-0.424917,0.008460,0.352587,0.817645,0.558090,-0.010145,0.430538,0.739395,0.145644,0.034954,0.323072,0.865381,-0.363268,0.000632,-0.390028,0.827232,0.016408,0.037125,0.311858,0.905466,0.616604,-0.014531,-0.312009,0.857993,0.067971,0.069500,-0.111458,0.106433,0.121498,0.015800,0.163542,0.064811,-0.103039,0.116245,0.085345,-0.185213,-0.424534,0.008345,0.351947,0.558797,-0.010673,0.431044,0.145341,0.035211,0.322756,-0.363748,0.000483,-0.389681,0.016364,0.037468,0.311687,0.616405,-0.014386,-0.311690
1096,10.960000,0.006089,0.363058,-0.000657,-0.931746,0.113540,0.085351,-0.095934,0.000269,0.067484,0.069638,-0.111306,0.879404,0.106429,0.121361,0.015721,0.960531,0.163800,0.065247,-0.103028,0.916553,0.116448,0.085156,-0.185123,0.921628,0.001473,0.035942,0.000478,-0.999353,0.091446,0.009404,0.119349,0.000674,-0.424901,0.008441,0.352591,0.811245,0.558105,-0.010139,0.430559,0.675466,0.145660,0.034948,0.323084,0.865345,-0.363240,0.000599,-0.390023,0.845305,0.016424,0.037116,0.311868,0.897382,0.616631,-0.014539,-0.311987,0.906078,0.067919,0.069479,-0.111440,0.106428,0.121502,0.015793,0.163579,0.065062,-0.102859,0.116234,0.085360,-0.185229,-0.424527,0.008318,0.351946,0.558977,-0.010807,0.431251,0.145346,0.035222,0.322743,-0.363741,0.000474,-0.389680,0.016373,0.037476,0.311679,0.616431,-0.014395,-0.311703
1097,10.970000,0.006492,0.363010,0.000352,-0.931763,0.113520,0.085309,-0.095975,0.000276,0.067428,0.069697,-0.111343,0.879404,0.106497,0.121337,0.015680,0.960531,0.163735,0.065096,-0.103073,0.916553,0.116419,0.085107,-0.185164,0.921628,0.001474,0.035935,0.000488,-0.999353,0.091437,0.009418,0.119329,0.000601,-0.424907,0.008466,0.352578,0.811245,0.558099,-0.010135,0.430533,0.675466,0.145654,0.034961,0.323064,0.865345,-0.363257,0.000621,-0.390036,0.845305,0.016418,0.037131,0.311850,0.897382,0.616615,-0.014538,-0.312014,0.906078,0.067943,0.069525,-0.111392,0.106410,0.121533,0.015776,0.163521,0.064816,-0.103043,0.116205,0.085363,-0.185240,-0.424539,0.008339,0.351952,0.558802,-0.010661,0.431054,0.145347,0.035223,0.322732,-0.363731,0.000479,-0.389684,0.016390,0.037477,0.311666,0.616416,-0.014399,-0.311696
1098,10.980000,0.006095,0.362939,-0.000588,-0.931793,0.113520,0.085357,-0.095933,0.000262,0.067457,0.069652,-0.111294,0.877621,0.106442,0.121364,0.015725,0.959217,0.163775,0.065247,-0.103041,0.918602,0.116405,0.085166,-0.185123,0.921157,0.001475,0.035934,0.000488,-0.999353,0.091437,0.009411,0.119335,0.000603,-0.424907,0.008459,0.352585,0.813434,0.558100,-0.010140,0.430538,0.744091,0.145654,0.034955,0.323070,0.872173,-0.363259,0.000613,-0.390029,0.847866,0.016418,0.037125,0.311856,0.903875,0.616614,-0.014544,-0.312009,0.897135,0.067912,0.069508,-0.111405,0.106422,0.121504,0.015807,0.163558,0.065055,-0.102893,0.116188,0.085362,-0.185242,-0.424533,0.008349,0.351949,0.558819,-0.010664,0.431043,0.145343,0.035199,0.322745,-0.363739,0.000464,-0.389686,0.016384,0.037470,0.311689,0.616412,-0.014397,-0.311682
1099,10.990000,0.006573,0.363031,0.000269,-0.931754,0.113462,0.085313,-0.096006,0.000275,0.067372,0.069693,-0.111373,0.877621,0.106431,0.121364,0.015641,0.959217,0.163679,0.065103,-0.103098,0.918602,0.116365,0.085092,-0.185196,0.921157,0.001373,0.036005,0.000385,-0.999351,0.091457,0.009475,0.119394,0.000693,-0.424920,0.008367,0.352571,0.813434,0.558080,-0.010039,0.430659,0.744091,0.145640,0.034990,0.323141,0.872173,-0.363165,0.000681,-0.390036,0.847866,0.016405,0.037134,0.311909,0.903875,0.616700,-0.014284,-0.311880,0.897135,0.067825,0.069491,-0.111466,0.106369,0.121574,0.015746,0.163489,0.064825,-0.103058,0.116164,0.085362,-0.185247,-0.424535,0.008348,0.351944,0.558973,-0.010798,0.431253,0.145337,0.035212,0.322737,-0.363726,0.000485,-0.389689,0.016386,0.037490,0.311673,0.616495,-0.014049,-0.311428
1100,11.000000,0.006531,0.362922,0.000437,-0.931796,0.113429,0.085318,-0.096004,0.000289,0.067331,0.069714,-0.111363,0.874499,0.106434,0.121348,0.015652,0.934504,0.163639,0.065096,-0.103112,0.915420,0.116312,0.085114,-0.185194,0.914395,0.001373,0.035992,0.000385,-0.999351,0.091448,0.009492,0.119371,0.000641,-0.424923,0.008385,0.352560,0.818517,0.558079,-0.010021,0.430624,0.734907,0.145636,0.035008,0.323117,0.864898,-0.363186,0.000698,-0.390048,0.827609,0.016400,0.037152,0.311888,0.895336,0.616680,-0.014267,-0.311916,0.856669,0.067773,0.069504,-0.111476,0.106375,0.121570,0.015779,0.163458,0.064812,-0.103077,0.116110,0.085387,-0.185243,-0.424533,0.008354,0.351949,0.558812,-0.010657,0.431050,0.145349,0.035239,0.322722,-0.363735,0.000477,-0.389694,0.016373,0.037508,0.311668,0.616500,-0.014034,-0.311425
1101,11.010000,0.006233,0.362718,-0.000438,-0.931878,0.113392,0.085402,-0.095988,0.000241,0.067316,0.069712,-0.111325,0.890010,0.106381,0.121428,0.015668,0.963143,0.163636,0.065272,-0.103116,0.924549,0.116235,0.085197,-0.185179,0.918768,0.001370,0.035998,0.000392,-0.999351,0.091457,0.009485,0.119371,0.000635,-0.424916,0.008382,0.352555,0.820307,0.558084,-0.010037,0.430630,0.741037,0.145643,0.034998,0.323118,0.863649,-0.363171,0.000699,-0.390053,0.827653,0.016408,0.037144,0.311888,0.900110,0.616694,-0.014279,-0.311910,0.858245,0.067711,0.069565,-0.111454,0.106365,0.121566,0.015716,0.163489,0.065070,-0.102947,0.116004,0.085407,-0.185268,-0.424541,0.008344,0.351944,0.558808,-0.010649,0.431047,0.145353,0.035245,0.322728,-0.363724,0.000487,-0.389699,0.016397,0.037478,0.311668,0.616519,-0.014056,-0.311419
1102,11.020000,0.006256,0.362563,-0.000576,-0.931938,0.113358,0.085399,-0.095994,0.000270,0.067280,0.069695,-0.111314,0.890010,0.106375,0.121439,0.015659,0.963143,0.163604,0.065279,-0.103137,0.924549,0.116170,0.085181,-0.185187,0.918768,0.001377,0.036008,0.000376,-0.999350,0.091464,0.009488,0.119387,0.000692,-0.424914,0.008373,0.352561,0.820307,0.558085,-0.010015,0.430656,0.741037,0.145645,0.035005,0.323135,0.863649,-0.363154,0.000681,-0.390046,0.827653,0.016410,0.037148,0.311902,0.900110,0.616710,-0.014265,-0.311883,0.858245,0.067693,0.069555,-0.111455,0.106368,0.121574,0.015745,0.163430,0.065095,-0.102954,0.115939,0.085370,-0.185313,-0.424538,0.008354,0.351941,0.558975,-0.010789,0.431258,0.145352,0.035237,0.322730,-0.363720,0.000485,-0.389693,0.016395,0.037499,0.311646,0.616514,-0.014028,-0.311428
1103,11.030000,0.006363,0.362501,-0.000640,-0.931961,0.113332,0.085401,-0.096008,0.000270,0.067253,0.069692,-0.111318,0.883306,0.106362,0.121469,0.015637,0.961388,0.163578,0.065282,-0.103152,0.921340,0.116133,0.085162,-0.185201,0.920206,0.001480,0.035946,0.000487,-0.999353,0.091448,0.009426,0.119339,0.000679,-0.424901,0.008476,0.352577,0.814287,0.558104,-0.010122,0.430553,0.672450,0.145660,0.034971,0.323075,0.863362,-0.363235,0.000623,-0.390036,0.847748,0.016424,0.037141,0.311858,0.895766,0.616635,-0.014534,-0.311992,0.901211,0.067678,0.069555,-0.111455,0.106354,0.121601,0.015717,0.163392,0.065101,-0.102975,0.115903,0.085348,-0.185321,-0.424532,0.008351,0.351945,0.558983,-0.010794,0.431255,0.145340,0.035241,0.322724,-0.363729,0.000501,-0.389701,0.016393,0.037504,0.311656,0.616419,-0.014390,-0.311694
1104,11.040000,0.006357,0.362434,-0.000730,-0.931987,0.113321,0.085393,-0.096014,0.000270,0.067243,0.069675,-0.111316,0.883306,0.106362,0.121465,0.015631,0.961388,0.163570,0.065282,-0.103164,0.921340,0.116109,0.085149,-0.185207,0.920206,0.001364,0.035991,0.000393,-0.999351,0.091453,0.009486,0.119365,0.000637,-0.424917,0.008382,0.352556,0.814287,0.558084,-0.010040,0.430616,0.672450,0.145642,0.034996,0.323111,0.863362,-0.363183,0.000708,-0.390053,0.847748,0.016406,0.037143,0.311883,0.895766,0.616683,-0.014273,-0.311925,0.901211,0.067662,0.069529,-0.111465,0.106361,0.121601,0.015709,0.163375,0.065103,-0.102988,0.115885,0.085339,-0.185311,-0.424539,0.008353,0.351947,0.558819,-0.010655,0.431033,0.145355,0.035238,0.322721,-0.363738,0.000493,-0.389709,0.016389,0.037472,0.311667,0.616505,-0.014046,-0.311429
1105,11.050000,0.006394,0.362463,-0.000600,-0.931976,0.113315,0.085387,-0.096020,0.000261,0.067234,0.069682,-0.111325,0.882761,0.106359,0.121458,0.015625,0.970830,0.163559,0.065263,-0.103167,0.918038,0.116109,0.085145,-0.185213,0.920903,0.001369,0.036004,0.000386,-0.999351,0.091461,0.009483,0.119392,0.000693,-0.424915,0.008374,0.352569,0.818245,0.558084,-0.010034,0.430656,0.670102,0.145644,0.034996,0.323140,0.858377,-0.363161,0.000693,-0.390038,0.825748,0.016409,0.037141,0.311908,0.899880,0.616704,-0.014274,-0.311883,0.862453,0.067665,0.069548,-0.111453,0.106357,0.121573,0.015647,0.163364,0.065089,-0.102970,0.115876,0.085338,-0.185304,-0.424540,0.008355,0.351947,0.558986,-0.010791,0.431252,0.145341,0.035243,0.322730,-0.363740,0.000503,-0.389700,0.016402,0.037466,0.311674,0.616510,-0.014043,-0.311422
1106,11.060000,0.006340,0.362437,-0.000666,-0.931986,0.113321,0.085380,-0.096011,0.000253,0.067241,0.069668,-0.111315,0.882761,0.106364,0.121444,0.015636,0.970830,0.163568,0.065264,-0.103163,0.918038,0.116109,0.085143,-0.185204,0.920903,0.001364,0.035997,0.000390,-0.999351,0.091453,0.009495,0.119365,0.000640,-0.424920,0.008387,0.352550,0.818245,0.558081,-0.010029,0.430623,0.670102,0.145640,0.035005,0.323112,0.858377,-0.363176,0.000714,-0.390058,0.825748,0.016404,0.037151,0.311882,0.899880,0.616690,-0.014261,-0.311918,0.862453,0.067666,0.069549,-0.111441,0.106358,0.121552,0.015663,0.163380,0.065098,-0.102978,0.115879,0.085320,-0.185290,-0.424528,0.008353,0.351939,0.558810,-0.010659,0.431049,0.145351,0.035246,0.322718,-0.363735,0.000496,-0.389711,0.016390,0.037497,0.311663,0.616509,-0.014031,-0.311420
1107,11.070000,0.006422,0.362471,-0.000688,-0.931973,0.113328,0.085391,-0.095986,0.000265,0.067249,0.069678,-0.111290,0.884066,0.106364,0.121474,0.015655,0.964576,0.163575,0.065273,-0.103130,0.921600,0.116123,0.085139,-0.185179,0.923025,0.001359,0.035995,0.000385,-0.999351,0.091445,0.009481,0.119373,0.000643,-0.424926,0.008366,0.352560,0.819505,0.558075,-0.010040,0.430628,0.737556,0.145632,0.034991,0.323120,0.864039,-0.363186,0.000700,-0.390048,0.826208,0.016397,0.037136,0.311891,0.895257,0.616680,-0.014264,-0.311912,0.856606,0.067666,0.069539,-0.111438,0.106363,0.121601,0.015717,0.163385,0.065099,-0.102951,0.115896,0.085325,-0.185273,-0.424548,0.008328,0.351947,0.558808,-0.010659,0.431054,0.145340,0.035221,0.322724,-0.363741,0.000487,-0.389688,0.016387,0.037487,0.311662,0.616503,-0.014039,-0.311416
1108,11.080000,0.006447,0.362429,-0.000642,-0.931989,0.113310,0.085373,-0.095978,0.000268,0.067228,0.069664,-0.111278,0.884066,0.106360,0.121459,0.015663,0.964576,0.163554,0.065250,-0.103126,0.921600,0.116097,0.085120,-0.185171,0.923025,0.001475,0.035947,0.000487,-0.999353,0.091439,0.009414,0.119352,0.000685,-0.424911,0.008461,0.352588,0.819505,0.558094,-0.010137,0.430568,0.737556,0.145651,0.034958,0.323088,0.864039,-0.363243,0.000615,-0.390024,0.826208,0.016415,0.037127,0.311871,0.895257,0.616628,-0.014541,-0.311978,0.856606,0.067658,0.069533,-0.111423,0.106355,0.121583,0.015726,0.163362,0.065076,-0.102948,0.115864,0.085301,-0.185266,-0.424536,0.008355,0.351938,0.558978,-0.010815,0.431272,0.145343,0.035223,0.322734,-0.363731,0.000486,-0.389677,0.016375,0.037476,0.311670,0.616395,-0.014387,-0.311672
1109,11.090000,0.006944,0.362349,0.000594,-0.932016,0.113228,0.085245,-0.095964,0.000319,0.067102,0.069659,-0.111256,0.857844,0.106391,0.121352,0.015677,0.938428,0.163417,0.064988,-0.103120,0.914448,0.116001,0.084982,-0.185157,0.908694,0.001461,0.035949,0.000493,-0.999352,0.091448,0.009399,0.119357,0.000676,-0.424903,0.008445,0.352591,0.810658,0.558102,-0.010166,0.430572,0.677479,0.145659,0.034936,0.323094,0.864435,-0.363232,0.000620,-0.390021,0.849159,0.016423,0.037108,0.311876,0.908288,0.616637,-0.014549,-0.311973,0.899999,0.067622,0.069486,-0.111409,0.106325,0.121556,0.015799,0.163230,0.064711,-0.103047,0.115735,0.085228,-0.185200,-0.424532,0.008347,0.351938,0.558983,-0.010812,0.431258,0.145343,0.035206,0.322746,-0.363717,0.000491,-0.389686,0.016382,0.037429,0.311704,0.616407,-0.014399,-0.311682
1110,11.100000,0.006552,0.362209,-0.000878,-0.932073,0.113222,0.085290,-0.095879,0.000298,0.067138,0.069559,-0.111152,0.857844,0.106312,0.121414,0.015752,0.938428,0.163470,0.065182,-0.103044,0.914448,0.115967,0.085005,-0.185073,0.908694,0.001344,0.036002,0.000387,-0.999351,0.091447,0.009485,0.119374,0.000642,-0.424928,0.008365,0.352553,0.810658,0.558072,-0.010048,0.430635,0.677479,0.145632,0.034988,0.323122,0.864435,-0.363177,0.000720,-0.390055,0.849159,0.016396,0.037133,0.311891,0.908288,0.616688,-0.014250,-0.311905,0.899999,0.067589,0.069402,-0.111329,0.106326,0.121548,0.015817,0.163247,0.065006,-0.102836,0.115724,0.085203,-0.185169,-0.424541,0.008337,0.351933,0.558798,-0.010659,0.431051,0.145337,0.035214,0.322733,-0.363705,0.000502,-0.389694,0.016382,0.037475,0.311671,0.616484,-0.014021,-0.311412
1111,11.110000,0.006958,0.362347,0.000553,-0.932017,0.113211,0.085224,-0.095865,0.000297,0.067086,0.069634,-0.111156,0.860412,0.106372,0.121337,0.015774,0.943941,0.163401,0.064970,-0.103020,0.912329,0.115983,0.084956,-0.185058,0.914136,0.001338,0.036002,0.000393,-0.999351,0.091443,0.009484,0.119379,0.000643,-0.424932,0.008367,0.352558,0.817526,0.558068,-0.010058,0.430640,0.739074,0.145628,0.034984,0.323128,0.866211,-0.363181,0.000732,-0.390050,0.834850,0.016393,0.037131,0.311897,0.900082,0.616684,-0.014251,-0.311900,0.851751,0.067598,0.069454,-0.111286,0.106321,0.121529,0.015878,0.163176,0.064713,-0.102942,0.115748,0.085200,-0.185111,-0.424551,0.008345,0.351936,0.558803,-0.010671,0.431055,0.145333,0.035208,0.322742,-0.363692,0.000511,-0.389694,0.016386,0.037467,0.311680,0.616455,-0.014018,-0.311405
1112,11.120000,0.006963,0.362263,0.000372,-0.932050,0.113222,0.085232,-0.095800,0.000291,0.067100,0.069624,-0.111081,0.860412,0.106392,0.121358,0.015835,0.943941,0.163418,0.064993,-0.102961,0.912329,0.115979,0.084952,-0.184994,0.914136,0.001340,0.036002,0.000389,-0.999351,0.091447,0.009473,0.119384,0.000634,-0.424928,0.008353,0.352563,0.817526,0.558072,-0.010063,0.430645,0.739074,0.145632,0.034975,0.323132,0.866211,-0.363177,0.000715,-0.390045,0.834850,0.016396,0.037121,0.311901,0.900082,0.616688,-0.014260,-0.311895,0.851751,0.067583,0.069441,-0.111222,0.106370,0.121537,0.015948,0.163166,0.064774,-0.102861,0.115769,0.085176,-0.185065,-0.424547,0.008331,0.351939,0.558791,-0.010658,0.431062,0.145331,0.035186,0.322759,-0.363698,0.000496,-0.389683,0.016387,0.037462,0.311684,0.616486,-0.014031,-0.311422
1113,11.130000,0.006878,0.362217,0.000285,-0.932068,0.113271,0.085205,-0.095739,0.000277,0.067150,0.069589,-0.111016,0.860055,0.106444,0.121319,0.015900,0.947501,0.163471,0.064978,-0.102907,0.905944,0.116018,0.084934,-0.184933,0.914204,0.001356,0.036011,0.000373,-0.999350,0.091449,0.009469,0.119396,0.000699,-0.424930,0.008341,0.352567,0.816293,0.558069,-0.010043,0.430666,0.668207,0.145629,0.034979,0.323145,0.862561,-0.363166,0.000681,-0.390039,0.831897,0.016394,0.037121,0.311912,0.891552,0.616698,-0.014262,-0.311873,0.855976,0.067673,0.069400,-0.111088,0.106393,0.121505,0.015986,0.163205,0.064726,-0.102823,0.115812,0.085191,-0.185031,-0.424556,0.008328,0.351935,0.558977,-0.010816,0.431248,0.145325,0.035203,0.322746,-0.363693,0.000482,-0.389673,0.016382,0.037471,0.311657,0.616458,-0.014021,-0.311407
1114,11.140000,0.007116,0.362305,0.000339,-0.932032,0.113310,0.085194,-0.095694,0.000280,0.067189,0.069584,-0.110974,0.860055,0.106472,0.121356,0.015929,0.947501,0.163506,0.064951,-0.102845,0.905944,0.116075,0.084887,-0.184888,0.914204,0.001364,0.036010,0.000376,-0.999350,0.091449,0.009469,0.119402,0.000700,-0.424929,0.008347,0.352573,0.816293,0.558070,-0.010042,0.430671,0.668207,0.145630,0.034981,0.323150,0.862561,-0.363166,0.000675,-0.390034,0.831897,0.016395,0.037123,0.311917,0.891552,0.616698,-0.014272,-0.311868,0.855976,0.067693,0.069405,-0.111016,0.106415,0.121538,0.016044,0.163239,0.064709,-0.102779,0.115894,0.085125,-0.185027,-0.424551,0.008343,0.351935,0.558977,-0.010803,0.431256,0.145325,0.035191,0.322751,-0.363690,0.000474,-0.389666,0.016376,0.037473,0.311671,0.616456,-0.014029,-0.311411
1115,11.150000,0.007164,0.362403,0.000347,-0.931994,0.113349,0.085170,-0.095684,0.000300,0.067230,0.069561,-0.110972,0.858446,0.106489,0.121341,0.015935,0.943373,0.163546,0.064924,-0.102822,0.905755,0.116132,0.084855,-0.184877,0.917877,0.001354,0.036000,0.000386,-0.999351,0.091446,0.009479,0.119376,0.000637,-0.424928,0.008363,0.352558,0.817363,0.558072,-0.010046,0.430636,0.742735,0.145631,0.034986,0.323124,0.869867,-0.363180,0.000703,-0.390050,0.831658,0.016396,0.037131,0.311893,0.895254,0.616686,-0.014264,-0.311904,0.856934,0.067770,0.069398,-0.111021,0.106431,0.121515,0.016068,0.163255,0.064695,-0.102751,0.115941,0.085072,-0.185031,-0.424546,0.008342,0.351936,0.558793,-0.010659,0.431041,0.145329,0.035204,0.322760,-0.363693,0.000477,-0.389678,0.016380,0.037480,0.311661,0.616483,-0.014027,-0.311423
1116,11.160000,0.007050,0.362429,0.000547,-0.931984,0.113357,0.085188,-0.095672,0.000289,0.067234,0.069597,-0.110969,0.858446,0.106500,0.121321,0.015960,0.943373,0.163548,0.064929,-0.102814,0.905755,0.116145,0.084903,-0.184865,0.917877,0.001469,0.035947,0.000478,-0.999353,0.091446,0.009414,0.119350,0.000676,-0.424904,0.008449,0.352587,0.817363,0.558101,-0.010132,0.430564,0.742735,0.145657,0.034956,0.323086,0.869867,-0.363236,0.000613,-0.390026,0.831658,0.016421,0.037124,0.311869,0.895254,0.616634,-0.014526,-0.311981,0.856934,0.067754,0.069414,-0.111031,0.106447,0.121507,0.016075,0.163273,0.064685,-0.102744,0.115953,0.085145,-0.184987,-0.424542,0.008350,0.351925,0.558980,-0.010799,0.431255,0.145359,0.035209,0.322754,-0.363691,0.000476,-0.389675,0.016381,0.037476,0.311673,0.616371,-0.014367,-0.311692
1117,11.170000,0.007038,0.362398,0.000592,-0.931997,0.113348,0.085194,-0.095674,0.000298,0.067223,0.069608,-0.110968,0.859838,0.106502,0.121322,0.015960,0.941882,0.163537,0.064932,-0.102820,0.906264,0.116130,0.084915,-0.184867,0.911137,0.001379,0.036011,0.000381,-0.999350,0.091467,0.009477,0.119394,0.000700,-0.424912,0.008368,0.352564,0.813680,0.558087,-0.010030,0.430664,0.667333,0.145648,0.034995,0.323141,0.861742,-0.363147,0.000673,-0.390042,0.827560,0.016413,0.037138,0.311908,0.892153,0.616716,-0.014283,-0.311874,0.858660,0.067750,0.069425,-0.111024,0.106441,0.121512,0.016079,0.163277,0.064675,-0.102739,0.115924,0.085165,-0.185011,-0.424533,0.008356,0.351923,0.558987,-0.010809,0.431258,0.145353,0.035219,0.322731,-0.363691,0.000473,-0.389668,0.016393,0.037492,0.311662,0.616494,-0.014041,-0.311414
1118,11.180000,0.007270,0.362581,0.000628,-0.931924,0.113375,0.085155,-0.095662,0.000291,0.067253,0.069573,-0.110969,0.859838,0.106494,0.121329,0.015954,0.941882,0.163563,0.064879,-0.102781,0.906264,0.116193,0.084838,-0.184854,0.911137,0.001470,0.035948,0.000472,-0.999352,0.091445,0.009419,0.119348,0.000684,-0.424905,0.008449,0.352583,0.813680,0.558100,-0.010120,0.430564,0.667333,0.145656,0.034963,0.323084,0.861742,-0.363235,0.000611,-0.390029,0.827560,0.016420,0.037129,0.311867,0.892153,0.616635,-0.014516,-0.311981,0.858660,0.067749,0.069405,-0.111030,0.106449,0.121505,0.016106,0.163266,0.064671,-0.102743,0.116038,0.085039,-0.184983,-0.424535,0.008343,0.351925,0.558987,-0.010806,0.431260,0.145351,0.035231,0.322733,-0.363697,0.000478,-0.389677,0.016380,0.037480,0.311676,0.616376,-0.014359,-0.311678
1119,11.190000,0.007392,0.362725,0.000670,-0.931867,0.113389,0.085143,-0.095629,0.000246,0.067269,0.069566,-0.110947,0.870525,0.106479,0.121340,0.015978,0.949442,0.163575,0.064857,-0.102728,0.902610,0.116234,0.084808,-0.184820,0.943715,0.001370,0.036021,0.000388,-0.999350,0.091469,0.009471,0.119401,0.000697,-0.424915,0.008365,0.352561,0.814397,0.558082,-0.010047,0.430680,0.668703,0.145645,0.034985,0.323150,0.861803,-0.363136,0.000683,-0.390044,0.828345,0.016411,0.037130,0.311914,0.894651,0.616725,-0.014288,-0.311857,0.857229,0.067755,0.069395,-0.110991,0.106441,0.121504,0.016090,0.163233,0.064672,-0.102746,0.116128,0.085000,-0.184871,-0.424538,0.008358,0.351922,0.558977,-0.010826,0.431272,0.145353,0.035218,0.322743,-0.363680,0.000481,-0.389676,0.016398,0.037471,0.311667,0.616497,-0.014044,-0.311394
1120,11.200000,0.007415,0.362824,0.000747,-0.931828,0.113358,0.085135,-0.095648,0.000235,0.067238,0.069565,-0.110976,0.870525,0.106430,0.121332,0.015958,0.949442,0.163542,0.064841,-0.102737,0.902610,0.116222,0.084801,-0.184838,0.943715,0.001380,0.036016,0.000386,-0.999350,0.091468,0.009465,0.119399,0.000704,-0.424914,0.008362,0.352564,0.814397,0.558084,-0.010045,0.430675,0.668703,0.145646,0.034983,0.323147,0.861803,-0.363142,0.000664,-0.390042,0.828345,0.016411,0.037128,0.311912,0.894651,0.616721,-0.014302,-0.311863,0.857229,0.067685,0.069376,-0.111045,0.106405,0.121499,0.016025,0.163216,0.064654,-0.102770,0.116127,0.085010,-0.184804,-0.424543,0.008353,0.351925,0.558992,-0.010814,0.431271,0.145344,0.035208,0.322742,-0.363688,0.000467,-0.389665,0.016401,0.037467,0.311652,0.616499,-0.014062,-0.311399
1121,11.210000,0.007065,0.362324,0.000594,-0.932025,0.113251,0.085187,-0.095644,0.000276,0.067123,0.069602,-0.110931,0.861928,0.106423,0.121320,0.015989,0.939921,0.163438,0.064924,-0.102798,0.906708,0.116019,0.084903,-0.184838,0.918836,0.001470,0.035946,0.000497,-0.999353,0.091440,0.009424,0.119334,0.000606,-0.424909,0.008478,0.352572,0.811663,0.558096,-0.010139,0.430547,0.750273,0.145653,0.034964,0.323070,0.871805,-0.363243,0.000639,-0.390041,0.849386,0.016417,0.037136,0.311853,0.898242,0.616627,-0.014536,-0.311998,0.894411,0.067629,0.069398,-0.111019,0.106362,0.121530,0.016090,0.163181,0.064654,-0.102786,0.115833,0.085168,-0.184862,-0.424538,0.008352,0.351928,0.558799,-0.010651,0.431038,0.145337,0.035207,0.322747,-0.363690,0.000497,-0.389663,0.016387,0.037493,0.311659,0.616404,-0.014398,-0.311667
1122,11.220000,0.006995,0.362136,0.000627,-0.932099,0.113239,0.085193,-0.095651,0.000232,0.067105,0.069610,-0.110921,0.861928,0.106457,0.121309,0.015991,0.939921,0.163423,0.064930,-0.102828,0.906708,0.115971,0.084923,-0.184845,0.918836,0.001347,0.035994,0.000393,-0.999351,0.091443,0.009483,0.119375,0.000653,-0.424928,0.008371,0.352562,0.811663,0.558073,-0.010053,0.430629,0.750273,0.145631,0.034987,0.323122,0.871805,-0.363189,0.000722,-0.390047,0.849386,0.016396,0.037134,0.311893,0.898242,0.616677,-0.014261,-0.311912,0.894411,0.067616,0.069410,-0.110986,0.106396,0.121499,0.016007,0.163166,0.064658,-0.102801,0.115779,0.085206,-0.184824,-0.424544,0.008355,0.351929,0.558812,-0.010667,0.431045,0.145336,0.035189,0.322741,-0.363693,0.000498,-0.389664,0.016379,0.037485,0.311653,0.616444,-0.014023,-0.311414
1123,11.230000,0.007507,0.362472,0.000746,-0.931964,0.113274,0.085121,-0.095747,0.000261,0.067141,0.069552,-0.111037,0.874513,0.106432,0.121338,0.015858,0.944772,0.163451,0.064823,-0.102870,0.907817,0.116070,0.084772,-0.184939,0.928891,0.001366,0.036004,0.000377,-0.999351,0.091449,0.009487,0.119393,0.000701,-0.424927,0.008367,0.352570,0.812834,0.558073,-0.010023,0.430657,0.667166,0.145632,0.035000,0.323140,0.865228,-0.363172,0.000691,-0.390037,0.827170,0.016397,0.037143,0.311909,0.891546,0.616693,-0.014258,-0.311882,0.854461,0.067616,0.069389,-0.111029,0.106382,0.121501,0.015999,0.163140,0.064627,-0.102846,0.115958,0.084968,-0.185112,-0.424546,0.008357,0.351926,0.558982,-0.010799,0.431243,0.145346,0.035221,0.322741,-0.363723,0.000491,-0.389671,0.016377,0.037493,0.311654,0.616460,-0.014014,-0.311407
1124,11.240000,0.007551,0.362382,0.000803,-0.931999,0.113267,0.085108,-0.095750,0.000262,0.067129,0.069545,-0.111031,0.874513,0.106452,0.121330,0.015855,0.944772,0.163440,0.064802,-0.102882,0.907817,0.116047,0.084754,-0.184943,0.928891,0.001373,0.036009,0.000375,-0.999351,0.091453,0.009472,0.119400,0.000696,-0.424926,0.008355,0.352573,0.812834,0.558074,-0.010031,0.430669,0.667166,0.145634,0.034989,0.323148,0.865228,-0.363164,0.000668,-0.390034,0.827170,0.016399,0.037131,0.311915,0.891546,0.616700,-0.014276,-0.311870,0.854461,0.067609,0.069384,-0.111020,0.106399,0.121492,0.015996,0.163128,0.064606,-0.102858,0.115932,0.084949,-0.185118,-0.424554,0.008345,0.351924,0.558975,-0.010794,0.431264,0.145343,0.035237,0.322741,-0.363725,0.000473,-0.389670,0.016386,0.037448,0.311686,0.616488,-0.014040,-0.311415
1125,11.250000,0.007715,0.362408,0.000741,-0.931987,0.113273,0.085080,-0.095783,0.000291,0.067136,0.069511,-0.111061,0.869285,0.106452,0.121341,0.015809,0.940993,0.163447,0.064771,-0.102905,0.908797,0.116057,0.084695,-0.184975,0.927958,0.001364,0.036003,0.000383,-0.999351,0.091453,0.009475,0.119396,0.000694,-0.424923,0.008361,0.352575,0.812868,0.558077,-0.010042,0.430659,0.672310,0.145636,0.034987,0.323144,0.864347,-0.363170,0.000688,-0.390033,0.825634,0.016401,0.037131,0.311912,0.894548,0.616694,-0.014273,-0.311881,0.860007,0.067643,0.069383,-0.111067,0.106397,0.121488,0.015985,0.163127,0.064598,-0.102871,0.115925,0.084849,-0.185179,-0.424553,0.008338,0.351924,0.558972,-0.010792,0.431254,0.145350,0.035219,0.322745,-0.363733,0.000497,-0.389669,0.016395,0.037474,0.311667,0.616474,-0.014043,-0.311420
1126,11.260000,0.008048,0.362098,0.000414,-0.932105,0.113217,0.085042,-0.095766,0.000314,0.067076,0.069443,-0.110999,0.851290,0.106457,0.121396,0.015800,0.947221,0.163393,0.064745,-0.102904,0.923103,0.115942,0.084582,-0.184960,0.934214,0.001358,0.035998,0.000386,-0.999351,0.091436,0.009491,0.119377,0.000647,-0.424937,0.008377,0.352561,0.812658,0.558064,-0.010033,0.430635,0.739812,0.145622,0.035000,0.323124,0.866537,-0.363192,0.000712,-0.390047,0.826728,0.016387,0.037145,0.311894,0.896977,0.616673,-0.014256,-0.311906,0.850404,0.067653,0.069390,-0.111133,0.106380,0.121520,0.015952,0.163135,0.064578,-0.102885,0.115700,0.084678,-0.184997,-0.424547,0.008344,0.351922,0.558787,-0.010655,0.431050,0.145348,0.035239,0.322734,-0.363733,0.000493,-0.389673,0.016372,0.037487,0.311666,0.616462,-0.014025,-0.311395
1127,11.270000,0.008016,0.361644,0.000080,-0.932282,0.113148,0.085033,-0.095895,0.000430,0.067002,0.069402,-0.111080,0.851290,0.106474,0.121403,0.015671,0.947221,0.163330,0.064767,-0.103078,0.923103,0.115786,0.084558,-0.185091,0.934214,0.001472,0.035935,0.000479,-0.999353,0.091431,0.009426,0.119325,0.000607,-0.424914,0.008464,0.352574,0.812658,0.558093,-0.010120,0.430529,0.739812,0.145647,0.034969,0.323060,0.866537,-0.363263,0.000623,-0.390041,0.826728,0.016411,0.037137,0.311846,0.896977,0.616610,-0.014518,-0.312018,0.850404,0.067645,0.069393,-0.111164,0.106374,0.121518,0.015940,0.163114,0.064587,-0.102908,0.115459,0.084631,-0.185447,-0.424548,0.008343,0.351927,0.558816,-0.010656,0.431042,0.145348,0.035222,0.322738,-0.363730,0.000476,-0.389678,0.016374,0.037490,0.311662,0.616396,-0.014374,-0.311692
1128,11.280000,0.008294,0.361397,-0.000199,-0.932375,0.113106,0.084965,-0.095941,0.000463,0.066957,0.069310,-0.111090,0.824568,0.106480,0.121414,0.015602,0.918129,0.163291,0.064711,-0.103136,0.922003,0.115697,0.084428,-0.185138,0.860600,0.001350,0.035997,0.000392,-0.999351,0.091448,0.009482,0.119373,0.000637,-0.424925,0.008370,0.352558,0.815098,0.558075,-0.010052,0.430630,0.745104,0.145634,0.034987,0.323121,0.866585,-0.363181,0.000718,-0.390051,0.823765,0.016399,0.037134,0.311891,0.900380,0.616684,-0.014263,-0.311911,0.855808,0.067645,0.069391,-0.111199,0.106365,0.121481,0.015901,0.163104,0.064576,-0.102925,0.115310,0.084413,-0.185539,-0.424543,0.008347,0.351925,0.558784,-0.010661,0.431038,0.145355,0.035221,0.322731,-0.363736,0.000494,-0.389677,0.016383,0.037466,0.311672,0.616507,-0.014030,-0.311414
1129,11.290000,0.007416,0.360926,-0.000309,-0.932565,0.113039,0.085058,-0.096029,0.000546,0.066887,0.069387,-0.111157,0.824568,0.106496,0.121327,0.015577,0.918129,0.163233,0.064856,-0.103308,0.922003,0.115539,0.084662,-0.185230,0.860600,0.001357,0.035999,0.000386,-0.999351,0.091449,0.009479,0.119372,0.000644,-0.424925,0.008364,0.352555,0.815098,0.558075,-0.010045,0.430631,0.745104,0.145634,0.034987,0.323119,0.866585,-0.363178,0.000700,-0.390054,0.823765,0.016399,0.037132,0.311889,0.900380,0.616687,-0.014266,-0.311909,0.855808,0.067628,0.069358,-0.111218,0.106361,0.121483,0.015895,0.163106,0.064567,-0.102949,0.115061,0.084824,-0.185845,-0.424539,0.008345,0.351914,0.558796,-0.010672,0.431043,0.145351,0.035217,0.322746,-0.363727,0.000473,-0.389669,0.016382,0.037474,0.311651,0.616500,-0.014026,-0.311412
1130,11.300000,0.007199,0.360876,-0.000050,-0.932586,0.113018,0.085079,-0.096045,0.000580,0.066859,0.069433,-0.111177,0.813646,0.106499,0.121284,0.015583,0.904168,0.163204,0.064865,-0.103341,0.869678,0.115508,0.084735,-0.185247,0.776796,0.001353,0.036000,0.000398,-0.999351,0.091451,0.009485,0.119374,0.000654,-0.424923,0.008381,0.352556,0.812236,0.558077,-0.010053,0.430634,0.737615,0.145637,0.034991,0.323122,0.868966,-0.363175,0.000723,-0.390052,0.824145,0.016401,0.037139,0.311891,0.896842,0.616689,-0.014270,-0.311906,0.851306,0.067598,0.069393,-0.111268,0.106380,0.121443,0.015911,0.163110,0.064566,-0.102925,0.114960,0.084922,-0.185926,-0.424539,0.008357,0.351911,0.558821,-0.010669,0.431043,0.145351,0.035215,0.322744,-0.363726,0.000504,-0.389673,0.016382,0.037479,0.311658,0.616493,-0.014038,-0.311395
1131,11.310000,0.007195,0.361031,0.000161,-0.932526,0.113051,0.085095,-0.096032,0.000562,0.066891,0.069469,-0.111181,0.813646,0.106508,0.121285,0.015600,0.904168,0.163232,0.064863,-0.103314,0.869678,0.115571,0.084764,-0.185232,0.776796,0.001355,0.036011,0.000381,-0.999350,0.091469,0.009477,0.119395,0.000696,-0.424910,0.008356,0.352566,0.812236,0.558089,-0.010043,0.430665,0.737615,0.145649,0.034985,0.323144,0.868966,-0.363146,0.000696,-0.390041,0.824145,0.016414,0.037129,0.311911,0.896842,0.616718,-0.014261,-0.311873,0.851306,0.067568,0.069387,-0.111238,0.106405,0.121462,0.015951,0.163110,0.064568,-0.102924,0.115107,0.084970,-0.185934,-0.424536,0.008354,0.351919,0.558990,-0.010802,0.431253,0.145356,0.035220,0.322740,-0.363716,0.000496,-0.389677,0.016399,0.037452,0.311677,0.616514,-0.014020,-0.311413
1132,11.320000,0.007471,0.361003,0.000218,-0.932535,0.113059,0.085078,-0.096028,0.000577,0.066894,0.069458,-0.111167,0.822133,0.106534,0.121322,0.015588,0.898498,0.163234,0.064827,-0.103303,0.876809,0.115574,0.084704,-0.185228,0.764001,0.001354,0.035992,0.000390,-0.999351,0.091456,0.009484,0.119374,0.000648,-0.424915,0.008372,0.352564,0.815928,0.558087,-0.010044,0.430627,0.735678,0.145644,0.034991,0.323122,0.865952,-0.363178,0.000713,-0.390045,0.825678,0.016409,0.037137,0.311893,0.898891,0.616689,-0.014262,-0.311914,0.853568,0.067604,0.069433,-0.111194,0.106413,0.121468,0.015947,0.163128,0.064552,-0.102908,0.115059,0.084868,-0.186002,-0.424539,0.008351,0.351931,0.558827,-0.010676,0.431041,0.145356,0.035229,0.322737,-0.363722,0.000490,-0.389671,0.016396,0.037471,0.311665,0.616497,-0.014025,-0.311413
1133,11.330000,0.008009,0.361784,0.000734,-0.932227,0.113127,0.085083,-0.096088,0.000575,0.066966,0.069516,-0.111296,0.822133,0.106462,0.121407,0.015493,0.898498,0.163286,0.064760,-0.103266,0.876809,0.115792,0.084648,-0.185284,0.764001,0.001242,0.036058,0.000478,-0.999349,0.091522,0.009522,0.119369,0.000625,-0.424879,0.008443,0.352491,0.815928,0.558109,-0.010157,0.430678,0.735678,0.145688,0.034973,0.323129,0.865952,-0.363046,0.000945,-0.390112,0.825678,0.016455,0.037143,0.311884,0.898891,0.616807,-0.014213,-0.311856,0.853568,0.067633,0.069546,-0.111373,0.106357,0.121522,0.015941,0.163117,0.064591,-0.102955,0.115399,0.084672,-0.185966,-0.424543,0.008342,0.351932,0.558830,-0.010675,0.431039,0.145356,0.035215,0.322734,-0.363362,0.000783,-0.389716,0.016391,0.037487,0.311663,0.616511,-0.014052,-0.311415
1134,11.340000,0.008543,0.362196,0.000911,-0.932062,0.113202,0.084995,-0.096074,0.000527,0.067044,0.069448,-0.111309,0.848621,0.106464,0.121421,0.015470,0.878380,0.163354,0.064630,-0.103189,0.918274,0.115946,0.084481,-0.185267,0.818646,0.001364,0.035995,0.000398,-0.999351,0.091456,0.009472,0.119377,0.000648,-0.424916,0.008373,0.352565,0.814338,0.558085,-0.010059,0.430632,0.738402,0.145644,0.034982,0.323124,0.864128,-0.363176,0.000699,-0.390044,0.823761,0.016408,0.037130,0.311895,0.901823,0.616690,-0.014292,-0.311908,0.855650,0.067636,0.069556,-0.111374,0.106386,0.121466,0.015948,0.163135,0.064593,-0.102949,0.115651,0.084366,-0.185919,-0.424542,0.008346,0.351924,0.558825,-0.010677,0.431038,0.145349,0.035225,0.322738,-0.363729,0.000482,-0.389664,0.016394,0.037457,0.311678,0.616512,-0.014063,-0.311408
1135,11.350000,0.008087,0.362180,0.000983,-0.932073,0.113188,0.085051,-0.096113,0.000590,0.067033,0.069508,-0.111360,0.848621,0.106447,0.121375,0.015464,0.878380,0.163344,0.064703,-0.103248,0.918274,0.115929,0.084618,-0.185306,0.818646,0.001354,0.035997,0.000391,-0.999351,0.091446,0.009479,0.119378,0.000643,-0.424927,0.008368,0.352563,0.814338,0.558074,-0.010051,0.430634,0.738402,0.145632,0.034986,0.323125,0.864128,-0.363183,0.000709,-0.390046,0.823761,0.016397,0.037132,0.311895,0.901823,0.616682,-0.014268,-0.311906,0.855650,0.067596,0.069523,-0.111331,0.106358,0.121477,0.015924,0.163144,0.064573,-0.102974,0.115653,0.084631,-0.186073,-0.424545,0.008348,0.351934,0.558798,-0.010676,0.431045,0.145342,0.035211,0.322741,-0.363723,0.000482,-0.389672,0.016385,0.037479,0.311669,0.616491,-0.014029,-0.311409
1136,11.360000,0.008565,0.362565,0.001195,-0.931918,0.113251,0.085023,-0.095974,0.000428,0.067097,0.069503,-0.111248,0.861287,0.106444,0.121435,0.015570,0.906168,0.163397,0.064632,-0.103053,0.930459,0.116066,0.084522,-0.185165,0.894633,0.001354,0.036001,0.000390,-0.999351,0.091454,0.009486,0.119380,0.000648,-0.424921,0.008374,0.352560,0.816528,0.558079,-0.010043,0.430640,0.737118,0.145639,0.034993,0.323128,0.864214,-0.363171,0.000715,-0.390048,0.824837,0.016403,0.037139,0.311897,0.900499,0.616694,-0.014260,-0.311899,0.852147,0.067635,0.069548,-0.111377,0.106388,0.121504,0.015935,0.163146,0.064584,-0.102943,0.115834,0.084457,-0.185511,-0.424539,0.008358,0.351934,0.558812,-0.010675,0.431051,0.145353,0.035234,0.322734,-0.363720,0.000489,-0.389676,0.016385,0.037466,0.311670,0.616508,-0.014020,-0.311392
1137,11.370000,0.009057,0.362621,0.001257,-0.931892,0.113335,0.084937,-0.095996,0.000443,0.067175,0.069425,-0.111262,0.861287,0.106531,0.121449,0.015515,0.906168,0.163473,0.064517,-0.103051,0.930459,0.116161,0.084357,-0.185186,0.894633,0.001349,0.035999,0.000390,-0.999351,0.091449,0.009483,0.119379,0.000640,-0.424925,0.008368,0.352562,0.816528,0.558076,-0.010050,0.430638,0.737118,0.145635,0.034988,0.323127,0.864214,-0.363178,0.000717,-0.390047,0.824837,0.016399,0.037134,0.311897,0.900499,0.616687,-0.014260,-0.311902,0.852147,0.067725,0.069620,-0.111350,0.106434,0.121443,0.015964,0.163238,0.064565,-0.103011,0.115942,0.084120,-0.185586,-0.424544,0.008346,0.351930,0.558801,-0.010663,0.431045,0.145351,0.035223,0.322743,-0.363723,0.000495,-0.389678,0.016380,0.037464,0.311679,0.616499,-0.014027,-0.311405
1138,11.380000,0.009022,0.362839,0.001427,-0.931807,0.113329,0.084947,-0.096016,0.000447,0.067172,0.069451,-0.111307,0.865755,0.106483,0.121440,0.015499,0.879348,0.163464,0.064513,-0.103051,0.948719,0.116197,0.084382,-0.185205,0.874273,0.001467,0.035938,0.000495,-0.999353,0.091429,0.009412,0.119335,0.000596,-0.424917,0.008464,0.352580,0.811091,0.558089,-0.010151,0.430541,0.753151,0.145645,0.034952,0.323070,0.873153,-0.363262,0.000629,-0.390034,0.848214,0.016409,0.037124,0.311855,0.904413,0.616610,-0.014544,-0.312005,0.897544,0.067663,0.069636,-0.111424,0.106396,0.121443,0.015973,0.163268,0.064565,-0.103019,0.115989,0.084141,-0.185595,-0.424548,0.008351,0.351930,0.558772,-0.010661,0.431040,0.145343,0.035201,0.322748,-0.363716,0.000479,-0.389659,0.016384,0.037461,0.311678,0.616393,-0.014398,-0.311689
1139,11.390000,0.009230,0.362847,0.001531,-0.931802,0.113324,0.084921,-0.096055,0.000453,0.067162,0.069437,-0.111343,0.865755,0.106489,0.121452,0.015448,0.879348,0.163452,0.064468,-0.103083,0.948719,0.116193,0.084328,-0.185244,0.874273,0.001355,0.036003,0.000392,-0.999351,0.091448,0.009484,0.119382,0.000641,-0.424928,0.008374,0.352561,0.811091,0.558072,-0.010047,0.430645,0.753151,0.145632,0.034991,0.323130,0.873153,-0.363176,0.000714,-0.390046,0.848214,0.016397,0.037138,0.311899,0.904413,0.616689,-0.014266,-0.311895,0.897544,0.067668,0.069642,-0.111458,0.106413,0.121434,0.015934,0.163223,0.064555,-0.103032,0.115992,0.084054,-0.185665,-0.424548,0.008353,0.351934,0.558796,-0.010661,0.431052,0.145340,0.035220,0.322752,-0.363715,0.000491,-0.389669,0.016376,0.037475,0.311669,0.616507,-0.014032,-0.311405
1140,11.400000,0.009061,0.362805,0.001176,-0.931820,0.113356,0.084934,-0.096087,0.000453,0.067204,0.069414,-0.111371,0.860826,0.106503,0.121452,0.015419,0.873331,0.163499,0.064520,-0.103121,0.938315,0.116216,0.084348,-0.185276,0.859812,0.001359,0.036002,0.000396,-0.999351,0.091448,0.009481,0.119380,0.000646,-0.424927,0.008378,0.352560,0.816546,0.558072,-0.010051,0.430642,0.740141,0.145633,0.034989,0.323128,0.865007,-0.363176,0.000711,-0.390048,0.826953,0.016398,0.037137,0.311897,0.898661,0.616689,-0.014276,-0.311897,0.855944,0.067701,0.069641,-0.111477,0.106422,0.121424,0.015918,0.163277,0.064622,-0.103081,0.116022,0.084049,-0.185708,-0.424549,0.008344,0.351932,0.558809,-0.010662,0.431049,0.145342,0.035225,0.322739,-0.363715,0.000499,-0.389670,0.016370,0.037473,0.311672,0.616505,-0.014052,-0.311399
1141,11.410000,0.009183,0.362878,0.001293,-0.931790,0.113395,0.084922,-0.096119,0.000463,0.067242,0.069414,-0.111407,0.860826,0.106535,0.121459,0.015381,0.873331,0.163533,0.064492,-0.103141,0.938315,0.116270,0.084323,-0.185307,0.859812,0.001366,0.036013,0.000387,-0.999350,0.091456,0.009474,0.119400,0.000697,-0.424924,0.008365,0.352569,0.816546,0.558074,-0.010046,0.430672,0.740141,0.145636,0.034986,0.323149,0.865007,-0.363157,0.000689,-0.390037,0.826953,0.016401,0.037131,0.311915,0.898661,0.616706,-0.014281,-0.311866,0.855944,0.067721,0.069665,-0.111515,0.106441,0.121426,0.015910,0.163347,0.064599,-0.103120,0.116072,0.083997,-0.185750,-0.424537,0.008367,0.351917,0.558966,-0.010798,0.431258,0.145341,0.035212,0.322741,-0.363728,0.000485,-0.389671,0.016382,0.037457,0.311682,0.616500,-0.014036,-0.311402
1142,11.420000,0.009518,0.363181,0.001968,-0.931668,0.113454,0.084946,-0.096126,0.000474,0.067288,0.069505,-0.111443,0.855417,0.106575,0.121508,0.015364,0.856619,0.163567,0.064440,-0.103113,0.938047,0.116388,0.084330,-0.185313,0.838469,0.001358,0.035997,0.000385,-0.999351,0.091455,0.009489,0.119372,0.000643,-0.424918,0.008374,0.352556,0.815755,0.558083,-0.010033,0.430629,0.739617,0.145641,0.034998,0.323119,0.866611,-0.363174,0.000709,-0.390052,0.824786,0.016406,0.037143,0.311889,0.894348,0.616692,-0.014257,-0.311911,0.853605,0.067775,0.069801,-0.111541,0.106478,0.121448,0.015926,0.163370,0.064589,-0.103094,0.116196,0.083945,-0.185795,-0.424542,0.008334,0.351924,0.558803,-0.010658,0.431049,0.145369,0.035240,0.322729,-0.363721,0.000492,-0.389672,0.016394,0.037491,0.311650,0.616499,-0.014029,-0.311407
1143,11.430000,0.009528,0.363150,0.001818,-0.931680,0.113470,0.084911,-0.096127,0.000478,0.067307,0.069456,-0.111439,0.855417,0.106589,0.121486,0.015359,0.856619,0.163588,0.064418,-0.103115,0.938047,0.116397,0.084285,-0.185314,0.838469,0.001488,0.035946,0.000480,-0.999353,0.091451,0.009420,0.119341,0.000680,-0.424898,0.008467,0.352579,0.815755,0.558107,-0.010117,0.430555,0.739617,0.145663,0.034970,0.323077,0.866611,-0.363232,0.000601,-0.390033,0.824786,0.016427,0.037137,0.311859,0.894348,0.616638,-0.014540,-0.311990,0.853605,0.067787,0.069752,-0.111567,0.106506,0.121421,0.015928,0.163380,0.064585,-0.103094,0.116208,0.083886,-0.185778,-0.424541,0.008359,0.351924,0.558984,-0.010776,0.431271,0.145359,0.035225,0.322736,-0.363730,0.000475,-0.389681,0.016403,0.037486,0.311648,0.616417,-0.014390,-0.311699
1144,11.440000,0.009541,0.363105,0.001819,-0.931698,0.113469,0.084916,-0.096148,0.000488,0.067304,0.069461,-0.111455,0.856197,0.106599,0.121494,0.015338,0.853932,0.163586,0.064423,-0.103140,0.934153,0.116388,0.084288,-0.185335,0.842651,0.001372,0.036012,0.000382,-0.999350,0.091466,0.009476,0.119395,0.000692,-0.424914,0.008365,0.352565,0.816701,0.558085,-0.010035,0.430666,0.672595,0.145646,0.034991,0.323143,0.864681,-0.363148,0.000679,-0.390042,0.825737,0.016411,0.037135,0.311909,0.893715,0.616715,-0.014279,-0.311872,0.860586,0.067783,0.069744,-0.111600,0.106521,0.121440,0.015914,0.163377,0.064582,-0.103115,0.116195,0.083900,-0.185792,-0.424550,0.008355,0.351929,0.558978,-0.010789,0.431257,0.145358,0.035213,0.322743,-0.363708,0.000480,-0.389677,0.016400,0.037477,0.311657,0.616506,-0.014040,-0.311414
