timestamp,sync_pin,tvec_12_x,tvec_12_y,tvec_12_z,tvec_14_x,tvec_14_y,tvec_14_z,tvec_20_x,tvec_20_y,tvec_20_z,rvec_12_x,rvec_12_y,rvec_12_z,rvec_14_x,rvec_14_y,rvec_14_z,rvec_20_x,rvec_20_y,rvec_20_z
2026-05-04 09:17:28.447489,0,-0.014264,-0.044821,0.417673,nan,nan,nan,nan,nan,nan,-3.106788,-0.013132,0.247844,nan,nan,nan,nan,nan,nan
2026-05-04 09:17:28.476700,0,-0.01426,-0.044818,0.417626,nan,nan,nan,nan,nan,nan,-3.107969,-0.013589,0.250767,nan,nan,nan,nan,nan,nan
2026-05-04 09:17:28.506066,0,-0.01427,-0.044812,0.417537,nan,nan,nan,nan,nan,nan,-3.110397,-0.014081,0.252542,nan,nan,nan,nan,nan,nan
2026-05-04 09:17:28.537567,0,-0.014246,-0.044805,0.417439,nan,nan,nan,nan,nan,nan,-3.113247,-0.01406,0.24912,nan,nan,nan,nan,nan,nan
2026-05-04 09:17:28.563625,0,-0.014253,-0.044818,0.417623,nan,nan,nan,nan,nan,nan,-3.108174,-0.013431,0.249035,nan,nan,nan,nan,nan,nan
2026-05-04 09:17:28.582825,0,-0.014245,-0.044817,0.417607,nan,nan,nan,nan,nan,nan,-3.108715,-0.013338,0.24754,nan,nan,nan,nan,nan,nan
2026-05-04 09:17:28.601958,0,-0.014247,-0.044825,0.417729,nan,nan,nan,nan,nan,nan,-3.105454,-0.012689,0.245064,nan,nan,nan,nan,nan,nan
2026-05-04 09:17:28.620193,0,-0.014228,-0.044804,0.417427,nan,nan,nan,nan,nan,nan,-3.114439,-0.013776,0.24772,nan,nan,nan,nan,nan,nan
2026-05-04 09:17:28.638770,0,-0.014169,-0.044797,0.417352,nan,nan,nan,nan,nan,nan,-3.119576,-0.013625,0.234457,nan,nan,nan,nan,nan,nan
2026-05-04 09:17:28.657258,0,-0.014166,-0.044802,0.417419,nan,nan,nan,nan,nan,nan,-3.11775,-0.013474,0.235033,nan,nan,nan,nan,nan,nan
2026-05-04 09:17:28.675311,0,-0.014196,-0.044807,0.417494,nan,nan,nan,nan,nan,nan,-3.115409,-0.013847,0.240967,nan,nan,nan,nan,nan,nan
2026-05-04 09:17:28.693236,0,-0.014097,-0.044799,0.417341,nan,nan,nan,nan,nan,nan,-3.118809,-0.010724,0.214912,nan,nan,nan,nan,nan,nan
2026-05-04 09:17:28.710487,0,-0.01441,-0.044897,0.419105,nan,nan,nan,nan,nan,nan,-3.086888,-0.018582,0.255876,nan,nan,nan,nan,nan,nan
2026-05-04 09:17:28.727407,0,-0.014111,-0.044794,0.417282,nan,nan,nan,nan,nan,nan,-3.119976,-0.011427,0.220285,nan,nan,nan,nan,nan,nan
2026-05-04 09:17:28.744673,0,-0.014161,-0.044792,0.417283,nan,nan,nan,nan,nan,nan,-3.121312,-0.013775,0.234019,nan,nan,nan,nan,nan,nan
2026-05-04 09:17:28.763824,0,-0.014202,-0.044824,0.417768,nan,nan,nan,nan,nan,nan,-3.111417,-0.012894,0.229494,nan,nan,nan,nan,nan,nan
2026-05-04 09:17:28.781472,0,-0.014238,-0.044811,0.417555,nan,nan,nan,nan,nan,nan,-3.113531,-0.014286,0.247033,nan,nan,nan,nan,nan,nan
2026-05-04 09:17:28.799979,0,-0.014256,-0.044825,0.417795,nan,nan,nan,nan,nan,nan,-3.109591,-0.014414,0.245873,nan,nan,nan,nan,nan,nan
2026-05-04 09:17:28.818835,0,-0.014248,-0.044821,0.417734,nan,nan,nan,nan,nan,nan,-3.1113,-0.014558,0.245291,nan,nan,nan,nan,nan,nan
2026-05-04 09:17:28.836422,0,-0.014254,-0.044818,0.417686,nan,nan,nan,nan,nan,nan,-3.112385,-0.014987,0.248092,nan,nan,nan,nan,nan,nan
2026-05-04 09:17:28.854163,0,-0.014253,-0.044832,0.417894,nan,nan,nan,nan,nan,nan,-3.106731,-0.014052,0.245752,nan,nan,nan,nan,nan,nan
2026-05-04 09:17:28.871863,0,-0.014015,-0.044859,0.418325,nan,nan,nan,nan,nan,nan,-3.097725,-0.005335,0.166084,nan,nan,nan,nan,nan,nan
2026-05-04 09:17:28.888850,0,-0.014052,-0.044852,0.418219,nan,nan,nan,nan,nan,nan,-3.103643,-0.008013,0.181078,nan,nan,nan,nan,nan,nan
2026-05-04 09:17:28.906005,0,-0.014101,-0.044834,0.41794,nan,nan,nan,nan,nan,nan,-3.110759,-0.010905,0.203551,nan,nan,nan,nan,nan,nan
2026-05-04 09:17:28.923502,0,-0.014149,-0.044819,0.417725,nan,nan,nan,nan,nan,nan,-3.115376,-0.013382,0.222771,nan,nan,nan,nan,nan,nan
2026-05-04 09:17:28.941513,0,-0.014201,-0.044823,0.417785,nan,nan,nan,nan,nan,nan,-3.112955,-0.014415,0.235066,nan,nan,nan,nan,nan,nan
2026-05-04 09:17:28.958677,0,-0.014232,-0.044831,0.417909,nan,nan,nan,nan,nan,nan,-3.109236,-0.014504,0.239994,nan,nan,nan,nan,nan,nan
2026-05-04 09:17:28.976087,0,-0.014233,-0.044836,0.417973,nan,nan,nan,nan,nan,nan,-3.107541,-0.014168,0.238665,nan,nan,nan,nan,nan,nan
2026-05-04 09:17:28.993495,0,-0.014269,-0.044836,0.417987,nan,nan,nan,nan,nan,nan,-3.1065,-0.014971,0.247576,nan,nan,nan,nan,nan,nan
2026-05-04 09:17:29.011297,0,-0.014283,-0.044836,0.417983,nan,nan,nan,nan,nan,nan,-3.106358,-0.01534,0.251268,nan,nan,nan,nan,nan,nan
2026-05-04 09:17:29.028055,0,-0.014258,-0.044822,0.417771,nan,nan,nan,nan,nan,nan,-3.112224,-0.015941,0.250175,nan,nan,nan,nan,nan,nan
2026-05-04 09:17:29.047182,0,-0.014259,-0.044823,0.417797,nan,nan,nan,nan,nan,nan,-3.111588,-0.015802,0.249603,nan,nan,nan,nan,nan,nan
2026-05-04 09:17:29.065179,0,-0.014262,-0.044819,0.417731,nan,nan,nan,nan,nan,nan,-3.113499,-0.015985,0.249063,nan,nan,nan,nan,nan,nan
2026-05-04 09:17:29.082370,0,-0.014121,-0.044822,0.417771,nan,nan,nan,nan,nan,nan,-3.114765,-0.012361,0.213701,nan,nan,nan,nan,nan,nan
2026-05-04 09:17:29.098856,0,-0.014413,-0.044905,0.419272,nan,nan,nan,nan,nan,nan,-3.084061,-0.018931,0.252613,nan,nan,nan,nan,nan,nan
2026-05-04 09:17:29.116527,0,-0.014057,-0.044839,0.417997,nan,nan,nan,nan,nan,nan,-3.107221,-0.008335,0.188916,nan,nan,nan,nan,nan,nan
2026-05-04 09:17:29.139748,0,-0.014017,-0.044867,0.418481,nan,nan,nan,nan,nan,nan,-3.095673,-0.00555,0.161852,nan,nan,nan,nan,nan,nan
2026-05-04 09:17:29.156880,0,-0.014017,-0.044867,0.418481,nan,nan,nan,nan,nan,nan,-3.095673,-0.00555,0.161852,nan,nan,nan,nan,nan,nan
2026-05-04 09:17:29.179103,0,-0.014032,-0.044918,0.419567,nan,nan,nan,nan,nan,nan,-3.07809,-0.008077,0.13271,nan,nan,nan,nan,nan,nan
2026-05-04 09:17:29.196636,0,-0.014032,-0.044918,0.419567,nan,nan,nan,nan,nan,nan,-3.07809,-0.008077,0.13271,nan,nan,nan,nan,nan,nan
2026-05-04 09:17:29.213735,0,-0.014024,-0.044921,0.419638,nan,nan,nan,nan,nan,nan,-3.074425,-0.007423,0.127357,nan,nan,nan,nan,nan,nan
2026-05-04 09:17:29.230689,0,-0.01404,-0.044918,0.419548,nan,nan,nan,nan,nan,nan,-3.078916,-0.008412,0.136226,nan,nan,nan,nan,nan,nan
2026-05-04 09:17:29.247491,0,-0.014032,-0.044919,0.419598,nan,nan,nan,nan,nan,nan,-3.076499,-0.007893,0.131698,nan,nan,nan,nan,nan,nan
2026-05-04 09:17:29.265059,0,-0.014017,-0.044867,0.418481,nan,nan,nan,nan,nan,nan,-3.095673,-0.00555,0.161852,nan,nan,nan,nan,nan,nan
2026-05-04 09:17:29.283061,0,-0.01414,-0.044869,0.418637,nan,nan,nan,nan,nan,nan,-3.106702,-0.015013,0.196005,nan,nan,nan,nan,nan,nan
2026-05-04 09:17:29.299728,0,-0.014291,-0.044879,0.418816,nan,nan,nan,nan,nan,nan,-3.101339,-0.019058,0.232776,nan,nan,nan,nan,nan,nan
2026-05-04 09:17:29.316135,0,-0.014066,-0.044844,0.418095,nan,nan,nan,nan,nan,nan,-3.107074,-0.009077,0.188824,nan,nan,nan,nan,nan,nan
2026-05-04 09:17:29.334609,0,-0.014087,-0.044818,0.417672,nan,nan,nan,nan,nan,nan,-3.115685,-0.010602,0.203257,nan,nan,nan,nan,nan,nan
2026-05-04 09:17:29.351540,0,-0.014057,-0.044838,0.417984,nan,nan,nan,nan,nan,nan,-3.107614,-0.008405,0.189264,nan,nan,nan,nan,nan,nan
2026-05-04 09:17:29.369160,0,-0.014057,-0.044839,0.418001,nan,nan,nan,nan,nan,nan,-3.107122,-0.008318,0.188834,nan,nan,nan,nan,nan,nan
2026-05-04 09:17:29.386668,0,-0.014073,-0.044823,0.417753,nan,nan,nan,nan,nan,nan,-3.113858,-0.009777,0.197013,nan,nan,nan,nan,nan,nan
2026-05-04 09:17:29.404455,0,-0.014073,-0.044822,0.417732,nan,nan,nan,nan,nan,nan,-3.114415,-0.009883,0.197517,nan,nan,nan,nan,nan,nan
2026-05-04 09:17:29.422043,0,-0.014074,-0.044826,0.417795,nan,nan,nan,nan,nan,nan,-3.112745,-0.009565,0.19599,nan,nan,nan,nan,nan,nan
2026-05-04 09:17:29.451896,0,-0.014073,-0.044821,0.417721,nan,nan,nan,nan,nan,nan,-3.114691,-0.009936,0.197775,nan,nan,nan,nan,nan,nan
2026-05-04 09:17:29.474991,0,-0.014138,-0.044789,0.417205,nan,nan,nan,nan,nan,nan,-3.121267,-0.012612,0.229835,nan,nan,nan,nan,nan,nan
2026-05-04 09:17:29.493289,0,-0.014199,-0.044765,0.416916,nan,nan,nan,nan,nan,nan,-3.129138,-0.016176,0.247042,nan,nan,nan,nan,nan,nan
2026-05-04 09:17:29.511327,0,-0.01424,-0.044786,0.41719,nan,nan,nan,nan,nan,nan,-3.12226,-0.015361,0.24487,nan,nan,nan,nan,nan,nan
2026-05-04 09:17:29.527928,0,-0.014371,-0.044847,0.418137,nan,nan,nan,nan,nan,nan,-3.098181,-0.014177,0.254757,nan,nan,nan,nan,nan,nan
2026-05-04 09:17:29.545402,0,-0.014413,-0.044865,0.418447,nan,nan,nan,nan,nan,nan,-3.090785,-0.01426,0.257498,nan,nan,nan,nan,nan,nan
2026-05-04 09:17:29.562805,0,-0.014463,-0.044874,0.418616,nan,nan,nan,nan,nan,nan,-3.084376,-0.013954,0.262649,nan,nan,nan,nan,nan,nan
2026-05-04 09:17:29.579535,0,-0.014551,-0.044947,0.420305,nan,nan,nan,nan,nan,nan,-3.055649,-0.012559,0.253103,nan,nan,nan,nan,nan,nan
2026-05-04 09:17:29.596507,0,-0.01468,-0.04487,0.418582,nan,nan,nan,nan,nan,nan,-3.100322,-0.010562,0.184704,nan,nan,nan,nan,nan,nan
2026-05-04 09:17:29.614124,0,-0.014652,-0.044942,0.420279,nan,nan,nan,nan,nan,nan,-3.053458,-0.009397,0.202483,nan,nan,nan,nan,nan,nan
2026-05-04 09:17:29.631324,0,-0.014766,-0.04489,0.41894,nan,nan,nan,nan,nan,nan,-3.089355,-0.006244,0.146861,nan,nan,nan,nan,nan,nan
2026-05-04 09:17:29.647905,0,-0.014766,-0.04489,0.41894,nan,nan,nan,nan,nan,nan,-3.089355,-0.006244,0.146861,nan,nan,nan,nan,nan,nan
2026-05-04 09:17:29.673463,0,-0.014753,-0.044936,0.419883,nan,nan,nan,nan,nan,nan,-3.086532,-0.006491,0.139401,nan,nan,nan,nan,nan,nan
2026-05-04 09:17:29.695727,0,-0.014539,-0.044931,0.420075,nan,nan,nan,nan,nan,nan,-3.049219,-0.014766,0.254906,nan,nan,nan,nan,nan,nan
2026-05-04 09:17:29.712939,0,-0.014396,-0.04485,0.418238,nan,nan,nan,nan,nan,nan,-3.103699,-0.017019,0.253185,nan,nan,nan,nan,nan,nan
2026-05-04 09:17:29.730642,0,-0.01416,-0.04483,0.417937,nan,nan,nan,nan,nan,nan,-3.114714,-0.014662,0.220227,nan,nan,nan,nan,nan,nan
2026-05-04 09:17:29.747019,0,-0.014025,-0.044927,0.419807,nan,nan,nan,nan,nan,nan,-3.07002,-0.007751,0.121774,nan,nan,nan,nan,nan,nan
2026-05-04 09:17:29.764600,0,-0.014018,-0.044875,0.41864,nan,nan,nan,nan,nan,nan,-3.093422,-0.005778,0.15745,nan,nan,nan,nan,nan,nan
2026-05-04 09:17:29.781213,0,-0.014025,-0.044927,0.419807,nan,nan,nan,nan,nan,nan,-3.07002,-0.007751,0.121774,nan,nan,nan,nan,nan,nan
2026-05-04 09:17:29.798368,0,-0.013979,-0.044898,0.419138,nan,nan,nan,nan,nan,nan,-3.097772,-0.013764,0.169198,nan,nan,nan,nan,nan,nan
2026-05-04 09:17:29.816473,0,-0.013406,-0.044838,0.418025,nan,nan,nan,nan,nan,nan,-3.11126,-0.010703,0.191135,nan,nan,nan,nan,nan,nan
2026-05-04 09:17:29.834377,0,-0.013275,-0.044869,0.418534,nan,nan,nan,nan,nan,nan,-3.097189,-0.006279,0.159774,nan,nan,nan,nan,nan,nan
2026-05-04 09:17:29.851868,0,-0.013274,-0.044892,0.418991,nan,nan,nan,nan,nan,nan,-3.087103,-0.006298,0.149408,nan,nan,nan,nan,nan,nan
2026-05-04 09:17:29.868419,0,-0.013257,-0.04488,0.418743,nan,nan,nan,nan,nan,nan,-3.09667,-0.007175,0.151407,nan,nan,nan,nan,nan,nan
2026-05-04 09:17:29.885733,0,-0.013258,-0.044888,0.418914,nan,nan,nan,nan,nan,nan,-3.093971,-0.007424,0.146347,nan,nan,nan,nan,nan,nan
2026-05-04 09:17:29.902664,0,-0.01325,-0.0449,0.419142,nan,nan,nan,nan,nan,nan,-3.092688,-0.00837,0.136575,nan,nan,nan,nan,nan,nan
2026-05-04 09:17:29.919341,0,-0.013242,-0.044893,0.419016,nan,nan,nan,nan,nan,nan,-3.09736,-0.008782,0.137675,nan,nan,nan,nan,nan,nan
2026-05-04 09:17:29.936809,0,-0.013251,-0.044908,0.419324,nan,nan,nan,nan,nan,nan,-3.089303,-0.008644,0.130767,nan,nan,nan,nan,nan,nan
2026-05-04 09:17:29.954391,0,-0.013256,-0.044927,0.419755,nan,nan,nan,nan,nan,nan,-3.07816,-0.009334,0.122165,nan,nan,nan,nan,nan,nan
2026-05-04 09:17:29.972481,0,-0.013259,-0.044963,0.420101,nan,nan,nan,nan,nan,nan,-3.069927,-0.009177,0.106713,nan,nan,nan,nan,nan,nan
2026-05-04 09:17:29.991073,0,-0.012969,-0.044925,0.419706,nan,nan,nan,nan,nan,nan,-3.074026,-0.018223,0.235653,nan,nan,nan,nan,nan,nan
2026-05-04 09:17:30.008554,0,-0.012529,-0.044928,0.419861,nan,nan,nan,nan,nan,nan,-3.06666,-0.00779,0.123795,nan,nan,nan,nan,nan,nan
2026-05-04 09:17:30.038626,0,-0.012502,-0.045062,0.421049,nan,nan,nan,nan,nan,nan,-3.041275,-0.009979,0.068468,nan,nan,nan,nan,nan,nan
2026-05-04 09:17:30.055369,0,-0.012374,-0.045424,0.423006,nan,nan,nan,nan,nan,nan,-3.060013,-0.012127,-0.064501,nan,nan,nan,nan,nan,nan
2026-05-04 09:17:30.074316,0,-0.012347,-0.045451,0.422633,nan,nan,nan,nan,nan,nan,-3.094662,-0.009584,-0.095331,nan,nan,nan,nan,nan,nan
2026-05-04 09:17:30.090560,0,-0.01243,-0.045624,0.424041,nan,nan,nan,nan,nan,nan,-3.072938,-0.015594,-0.000162,nan,nan,nan,nan,nan,nan
2026-05-04 09:17:30.107215,0,-0.01248,-0.044906,0.4193,nan,nan,nan,nan,nan,nan,-3.096706,-0.01248,0.144676,nan,nan,nan,nan,nan,nan
2026-05-04 09:17:30.124047,0,-0.01219,-0.044674,0.416164,nan,nan,nan,nan,nan,nan,3.104453,0.022534,-0.1831,nan,nan,nan,nan,nan,nan
2026-05-04 09:17:30.140939,0,-0.011798,-0.044887,0.418918,nan,nan,nan,nan,nan,nan,-3.100596,-0.009312,0.140746,nan,nan,nan,nan,nan,nan
2026-05-04 09:17:30.157780,0,-0.011481,-0.044679,0.415749,nan,nan,nan,nan,nan,nan,3.114593,0.01431,-0.141597,nan,nan,nan,nan,nan,nan
2026-05-04 09:17:30.174509,0,-0.01122,-0.044631,0.413727,nan,nan,nan,nan,nan,nan,-3.07051,-0.010188,0.12487,nan,nan,nan,nan,nan,nan
2026-05-04 09:17:30.191579,0,-0.010923,-0.044514,0.41131,nan,nan,nan,nan,nan,nan,3.121028,0.027831,-0.214442,nan,nan,nan,nan,nan,nan
2026-05-04 09:17:30.207801,0,-0.010277,-0.04493,0.413972,nan,nan,nan,nan,nan,nan,-3.120949,-0.016996,0.008527,nan,nan,nan,nan,nan,nan
2026-05-04 09:17:30.224150,0,-0.009733,-0.044974,0.413467,nan,nan,nan,nan,nan,nan,-3.133592,-0.020028,-0.03133,nan,nan,nan,nan,nan,nan
2026-05-04 09:17:30.240844,0,-0.009587,-0.044786,0.412015,nan,nan,nan,nan,nan,nan,-2.981208,-0.029471,0.100522,nan,nan,nan,nan,nan,nan
2026-05-04 09:17:30.259064,0,-0.009508,-0.044958,0.412016,nan,nan,nan,nan,nan,nan,-3.051585,-0.029103,0.100262,nan,nan,nan,nan,nan,nan
2026-05-04 09:17:30.276737,0,-0.0095,-0.044983,0.412537,nan,nan,nan,nan,nan,nan,-3.06336,-0.029967,0.072635,nan,nan,nan,nan,nan,nan
2026-05-04 09:17:30.293771,0,-0.009469,-0.044937,0.413434,nan,nan,nan,nan,nan,nan,-3.025576,-0.03108,0.026882,nan,nan,nan,nan,nan,nan
2026-05-04 09:17:30.311761,0,-0.009476,-0.044971,0.413323,nan,nan,nan,nan,nan,nan,-3.045849,-0.032739,0.048527,nan,nan,nan,nan,nan,nan
2026-05-04 09:17:30.328677,0,-0.00947,-0.044959,0.413155,nan,nan,nan,nan,nan,nan,-3.042853,-0.031193,0.041275,nan,nan,nan,nan,nan,nan
2026-05-04 09:17:30.345905,0,-0.009464,-0.04497,0.413033,nan,nan,nan,nan,nan,nan,-3.059128,-0.03259,0.055181,nan,nan,nan,nan,nan,nan
2026-05-04 09:17:30.364227,0,-0.00948,-0.044956,0.412868,nan,nan,nan,nan,nan,nan,-3.065108,-0.033563,0.064507,nan,nan,nan,nan,nan,nan
2026-05-04 09:17:30.381246,0,-0.00949,-0.044956,0.412852,nan,nan,nan,nan,nan,nan,-3.066235,-0.034368,0.075129,nan,nan,nan,nan,nan,nan
2026-05-04 09:17:30.398644,0,-0.009469,-0.04497,0.412862,nan,nan,nan,nan,nan,nan,-3.071751,-0.033807,0.064816,nan,nan,nan,nan,nan,nan
2026-05-04 09:17:30.415081,0,-0.009491,-0.044973,0.413142,nan,nan,nan,nan,nan,nan,-3.071214,-0.036161,0.069144,nan,nan,nan,nan,nan,nan
2026-05-04 09:17:30.432512,0,-0.009413,-0.045001,0.414036,nan,nan,nan,nan,nan,nan,-3.064571,-0.025886,-0.094251,nan,nan,nan,nan,nan,nan
2026-05-04 09:17:30.450737,0,-0.00943,-0.045019,0.41432,nan,nan,nan,nan,nan,nan,-3.07055,-0.026834,-0.083578,nan,nan,nan,nan,nan,nan
2026-05-04 09:17:30.466707,0,-0.009396,-0.04497,0.413492,nan,nan,nan,nan,nan,nan,-3.079352,-0.024819,-0.117206,nan,nan,nan,nan,nan,nan
2026-05-04 09:17:30.484736,0,-0.009396,-0.044976,0.413372,nan,nan,nan,nan,nan,nan,-3.084872,-0.024558,-0.119379,nan,nan,nan,nan,nan,nan
2026-05-04 09:17:30.504428,0,-0.009522,-0.044961,0.413626,nan,nan,nan,nan,nan,nan,-3.033868,-0.033364,0.013671,nan,nan,nan,nan,nan,nan
2026-05-04 09:17:30.520969,0,-0.00952,-0.044965,0.413177,nan,nan,nan,nan,nan,nan,-3.058746,-0.025315,-0.086713,nan,nan,nan,nan,nan,nan
2026-05-04 09:17:30.537671,0,-0.009691,-0.044966,0.413039,nan,nan,nan,nan,nan,nan,-3.064934,-0.03383,0.039786,nan,nan,nan,nan,nan,nan
2026-05-04 09:17:30.555517,0,-0.009789,-0.045088,0.414604,nan,nan,nan,nan,nan,nan,-3.089172,-0.04063,0.103445,nan,nan,nan,nan,nan,nan
2026-05-04 09:17:30.573444,0,-0.009934,-0.045055,0.414562,nan,nan,nan,nan,nan,nan,-3.087517,-0.037933,0.076153,nan,nan,nan,nan,nan,nan
2026-05-04 09:17:30.590418,0,-0.010196,-0.04508,0.415089,nan,nan,nan,nan,nan,nan,-3.128764,-0.033061,0.130513,nan,nan,nan,nan,nan,nan
2026-05-04 09:17:30.607312,0,-0.010241,-0.045076,0.415056,nan,nan,nan,nan,nan,nan,-3.13163,-0.033689,0.143878,nan,nan,nan,nan,nan,nan
2026-05-04 09:17:30.624412,0,-0.010244,-0.044977,0.414469,nan,nan,nan,nan,nan,nan,-3.12315,-0.033945,0.125465,nan,nan,nan,nan,nan,nan
2026-05-04 09:17:30.641832,0,-0.010215,-0.044956,0.414171,nan,nan,nan,nan,nan,nan,-3.127865,-0.035132,0.118289,nan,nan,nan,nan,nan,nan
2026-05-04 09:17:30.658184,0,-0.01006,-0.045036,0.414341,nan,nan,nan,nan,nan,nan,-3.092868,-0.039076,0.085876,nan,nan,nan,nan,nan,nan
2026-05-04 09:17:30.677164,0,-0.010095,-0.045115,0.415074,nan,nan,nan,nan,nan,nan,-3.10741,-0.03639,0.099277,nan,nan,nan,nan,nan,nan
2026-05-04 09:17:30.695028,0,-0.010032,-0.04518,0.415483,nan,nan,nan,nan,nan,nan,-3.080191,-0.03589,0.08151,nan,nan,nan,nan,nan,nan
2026-05-04 09:17:30.712128,0,-0.010041,-0.045134,0.414746,nan,nan,nan,nan,nan,nan,-3.060572,-0.039098,0.092826,nan,nan,nan,nan,nan,nan
2026-05-04 09:17:30.729867,0,-0.010065,-0.045145,0.41503,nan,nan,nan,nan,nan,nan,-3.073461,-0.038585,0.092845,nan,nan,nan,nan,nan,nan
2026-05-04 09:17:30.746740,0,-0.010073,-0.044981,0.412752,nan,nan,nan,nan,nan,nan,-3.089431,-0.041694,0.132481,nan,nan,nan,nan,nan,nan
2026-05-04 09:17:30.763614,0,-0.010117,-0.045055,0.414401,nan,nan,nan,nan,nan,nan,3.129793,0.03347,-0.117812,nan,nan,nan,nan,nan,nan
2026-05-04 09:17:30.780905,0,-0.010119,-0.045019,0.414033,nan,nan,nan,nan,nan,nan,-3.107762,-0.037875,0.099262,nan,nan,nan,nan,nan,nan
2026-05-04 09:17:30.797291,0,-0.01018,-0.045075,0.414685,nan,nan,nan,nan,nan,nan,3.133198,0.033028,-0.124641,nan,nan,nan,nan,nan,nan
2026-05-04 09:17:30.813976,0,-0.010179,-0.044993,0.414038,nan,nan,nan,nan,nan,nan,3.121806,0.032301,-0.126595,nan,nan,nan,nan,nan,nan
2026-05-04 09:17:30.831146,0,-0.010087,-0.044991,0.413456,nan,nan,nan,nan,nan,nan,-3.105618,-0.037338,0.09208,nan,nan,nan,nan,nan,nan
2026-05-04 09:17:30.847448,0,-0.010044,-0.044956,0.412485,nan,nan,nan,nan,nan,nan,-3.089756,-0.039478,0.125995,nan,nan,nan,nan,nan,nan
2026-05-04 09:17:30.865827,0,-0.010017,-0.04495,0.412386,nan,nan,nan,nan,nan,nan,-3.086263,-0.0387,0.123034,nan,nan,nan,nan,nan,nan
2026-05-04 09:17:30.883843,0,-0.009807,-0.044917,0.411073,nan,nan,nan,nan,nan,nan,-3.066012,-0.026733,0.138757,nan,nan,nan,nan,nan,nan
2026-05-04 09:17:30.902285,0,-0.009758,-0.044954,0.411724,nan,nan,nan,nan,nan,nan,-3.027498,-0.023729,0.153526,nan,nan,nan,nan,nan,nan
2026-05-04 09:17:30.919048,0,-0.009699,-0.044996,0.41206,nan,nan,nan,nan,nan,nan,-3.016343,-0.021054,0.14714,nan,nan,nan,nan,nan,nan
2026-05-04 09:17:30.941642,0,-0.009689,-0.045042,0.412276,nan,nan,nan,nan,nan,nan,-3.024646,-0.02039,0.137785,nan,nan,nan,nan,nan,nan
2026-05-04 09:17:30.957273,0,-0.009588,-0.045134,0.411998,nan,nan,nan,nan,nan,nan,-3.090216,-0.021522,0.108151,nan,nan,nan,nan,nan,nan
2026-05-04 09:17:30.974090,0,-0.009357,-0.045032,0.409832,nan,nan,nan,nan,nan,nan,3.120935,0.027276,-0.167269,nan,nan,nan,nan,nan,nan
2026-05-04 09:17:30.991063,0,-0.008806,-0.045067,0.409908,nan,nan,nan,nan,nan,nan,3.13738,0.021734,-0.137827,nan,nan,nan,nan,nan,nan
2026-05-04 09:17:31.008129,0,-0.008022,-0.044975,0.406615,nan,nan,nan,nan,nan,nan,-3.099201,-0.025298,0.21029,nan,nan,nan,nan,nan,nan
2026-05-04 09:17:31.024862,0,-0.007464,-0.045165,0.408161,nan,nan,nan,nan,nan,nan,-3.088941,-0.026625,0.215593,nan,nan,nan,nan,nan,nan
2026-05-04 09:17:31.043514,0,-0.005639,-0.045266,0.408767,nan,nan,nan,nan,nan,nan,-3.070324,-0.021737,0.077004,nan,nan,nan,nan,nan,nan
2026-05-04 09:17:31.059515,0,-0.003162,-0.045162,0.406789,nan,nan,nan,nan,nan,nan,-3.127872,-0.034696,0.130498,nan,nan,nan,nan,nan,nan
2026-05-04 09:17:31.075380,0,-0.001703,-0.045083,0.405818,nan,nan,nan,nan,nan,nan,-3.136165,-0.034283,0.139523,nan,nan,nan,nan,nan,nan
2026-05-04 09:17:31.093241,0,0.00161,-0.044973,0.403682,nan,nan,nan,nan,nan,nan,-3.082004,-0.035076,0.148004,nan,nan,nan,nan,nan,nan
2026-05-04 09:17:31.109531,0,0.005945,-0.044907,0.401568,nan,nan,nan,nan,nan,nan,-3.120871,-0.036846,0.181153,nan,nan,nan,nan,nan,nan
2026-05-04 09:17:31.126336,0,0.008634,-0.045086,0.402842,nan,nan,nan,nan,nan,nan,-3.107048,-0.028346,0.08203,nan,nan,nan,nan,nan,nan
2026-05-04 09:17:31.144137,0,0.014282,-0.044926,0.400699,nan,nan,nan,nan,nan,nan,3.139181,0.025911,-0.024064,nan,nan,nan,nan,nan,nan
2026-05-04 09:17:31.160235,0,0.020932,-0.044857,0.40094,nan,nan,nan,nan,nan,nan,-3.107546,-0.033278,0.066273,nan,nan,nan,nan,nan,nan
2026-05-04 09:17:31.177663,0,0.027768,-0.044695,0.399819,nan,nan,nan,nan,nan,nan,-3.105003,-0.029605,0.125865,nan,nan,nan,nan,nan,nan
2026-05-04 09:17:31.194815,0,0.031684,-0.044846,0.401723,nan,nan,nan,nan,nan,nan,-3.081275,-0.031458,0.251909,nan,nan,nan,nan,nan,nan
2026-05-04 09:17:31.211571,0,0.040035,-0.044553,0.397993,nan,nan,nan,nan,nan,nan,-3.086043,-0.018364,-0.028442,nan,nan,nan,nan,nan,nan
2026-05-04 09:17:31.226923,0,0.048921,-0.044575,0.398345,nan,nan,nan,nan,nan,nan,-3.065296,-0.016945,-0.005559,nan,nan,nan,nan,nan,nan
2026-05-04 09:17:31.243618,0,0.053447,-0.044537,0.398639,nan,nan,nan,nan,nan,nan,-3.089364,-0.019155,-0.014451,nan,nan,nan,nan,nan,nan
2026-05-04 09:17:31.261001,0,0.063131,-0.044564,0.399892,nan,nan,nan,nan,nan,nan,-3.082171,-0.016412,-0.00939,nan,nan,nan,nan,nan,nan
2026-05-04 09:17:31.277430,0,0.073197,-0.044565,0.400389,nan,nan,nan,nan,nan,nan,-3.072205,-0.013295,-0.030254,nan,nan,nan,nan,nan,nan
2026-05-04 09:17:31.294615,0,0.078403,-0.044627,0.400878,nan,nan,nan,nan,nan,nan,-3.059573,-0.007852,-0.03533,nan,nan,nan,nan,nan,nan
2026-05-04 09:17:31.311956,0,0.088318,-0.044612,0.400661,nan,nan,nan,nan,nan,nan,-3.076403,-0.008265,-0.057036,nan,nan,nan,nan,nan,nan
2026-05-04 09:17:31.329086,0,0.098662,-0.044605,0.400709,nan,nan,nan,nan,nan,nan,-3.088489,-0.006532,-0.081527,nan,nan,nan,nan,nan,nan
2026-05-04 09:17:31.345183,0,0.104243,-0.044684,0.401396,nan,nan,nan,nan,nan,nan,-3.117043,-0.005175,-0.090554,nan,nan,nan,nan,nan,nan
2026-05-04 09:17:31.366396,0,0.120215,-0.044756,0.403654,nan,nan,nan,nan,nan,nan,-3.119554,-0.012285,-0.106495,nan,nan,nan,nan,nan,nan
2026-05-04 09:17:31.383711,0,0.125463,-0.04475,0.403591,nan,nan,nan,nan,nan,nan,-3.129705,-0.007237,-0.120169,nan,nan,nan,nan,nan,nan
2026-05-04 09:17:31.400424,0,0.136139,-0.044782,0.404581,nan,nan,nan,nan,nan,nan,-3.108896,-0.004698,-0.140777,nan,nan,nan,nan,nan,nan
2026-05-04 09:17:31.415908,0,0.145826,-0.044915,0.4054,nan,nan,nan,nan,nan,nan,-3.103267,0.001117,-0.151766,nan,nan,nan,nan,nan,nan
2026-05-04 09:17:31.432461,0,0.150761,-0.044827,0.406103,nan,nan,nan,nan,nan,nan,-3.111725,-0.008625,-0.159959,nan,nan,nan,nan,nan,nan
2026-05-04 09:17:31.449366,0,0.160577,-0.045007,0.407891,nan,nan,nan,nan,nan,nan,-3.095527,-0.005792,-0.170725,nan,nan,nan,nan,nan,nan
2026-05-04 09:17:31.469527,0,0.165312,-0.04505,0.40857,nan,nan,nan,nan,nan,nan,-3.103357,-0.008679,-0.171338,nan,nan,nan,nan,nan,nan
2026-05-04 09:17:31.486037,0,0.173754,-0.04513,0.408704,nan,nan,nan,nan,nan,nan,-3.090812,-0.002639,-0.19014,nan,nan,nan,nan,nan,nan
2026-05-04 09:17:31.502478,0,0.181793,-0.045021,0.409189,nan,nan,nan,nan,nan,nan,-3.109852,-0.004894,-0.201209,nan,nan,nan,nan,nan,nan
2026-05-04 09:17:31.519174,0,0.189581,-0.045013,0.410294,nan,nan,nan,nan,nan,nan,-3.097389,-0.003528,-0.207167,nan,nan,nan,nan,nan,nan
2026-05-04 09:17:31.536892,0,0.192798,-0.044919,0.409412,nan,nan,nan,nan,nan,nan,-3.101983,-0.006898,-0.220951,nan,nan,nan,nan,nan,nan
2026-05-04 09:17:31.554933,0,0.200576,-0.045216,0.410881,nan,nan,nan,nan,nan,nan,-3.094511,0.004442,-0.226172,nan,nan,nan,nan,nan,nan
2026-05-04 09:17:31.572438,0,0.206973,-0.045246,0.411002,nan,nan,nan,nan,nan,nan,-3.092319,0.004701,-0.238157,nan,nan,nan,nan,nan,nan
2026-05-04 09:17:31.589636,0,0.212793,-0.045267,0.411414,nan,nan,nan,nan,nan,nan,-3.093636,0.005863,-0.24218,nan,nan,nan,nan,nan,nan
2026-05-04 09:17:31.606337,0,0.21566,-0.045223,0.411849,nan,nan,nan,nan,nan,nan,-3.101723,0.006351,-0.244709,nan,nan,nan,nan,nan,nan
2026-05-04 09:17:31.623358,0,0.220567,-0.04527,0.411733,nan,nan,nan,nan,nan,nan,-3.09681,0.010573,-0.254837,nan,nan,nan,nan,nan,nan
2026-05-04 09:17:31.640535,0,0.225047,-0.0453,0.412341,nan,nan,nan,nan,nan,nan,-3.097095,0.006418,-0.2613,nan,nan,nan,nan,nan,nan
2026-05-04 09:17:31.657383,0,0.228871,-0.04532,0.412995,nan,nan,nan,0.15054,-0.051411,0.597323,-3.095826,0.001425,-0.26702,nan,nan,nan,-2.335095,-0.031358,2.063775
2026-05-04 09:17:31.674926,0,0.230597,-0.045344,0.413469,nan,nan,nan,nan,nan,nan,-3.096826,0.000975,-0.266518,nan,nan,nan,nan,nan,nan
2026-05-04 09:17:31.692363,0,0.232876,-0.04533,0.412935,nan,nan,nan,nan,nan,nan,-3.094161,0.009372,-0.274635,nan,nan,nan,nan,nan,nan
2026-05-04 09:17:31.709011,0,0.234688,-0.045339,0.413062,nan,nan,nan,0.155287,-0.051263,0.594139,-3.090102,0.007487,-0.272706,nan,nan,nan,-2.342034,-0.038954,2.066398
2026-05-04 09:17:31.725895,0,0.234983,-0.045308,0.412452,nan,nan,nan,nan,nan,nan,-3.09097,0.009041,-0.276909,nan,nan,nan,nan,nan,nan
2026-05-04 09:17:31.743110,0,0.235637,-0.045305,0.412201,nan,nan,nan,nan,nan,nan,-3.093263,0.005262,-0.27801,nan,nan,nan,nan,nan,nan
2026-05-04 09:17:31.760367,0,0.235541,-0.045241,0.411201,nan,nan,nan,nan,nan,nan,-3.098943,0.01164,-0.276089,nan,nan,nan,nan,nan,nan
2026-05-04 09:17:31.777339,0,0.235698,-0.04526,0.411317,nan,nan,nan,nan,nan,nan,-3.095974,0.011346,-0.276597,nan,nan,nan,nan,nan,nan
2026-05-04 09:17:31.795015,0,0.236156,-0.045298,0.41205,nan,nan,nan,nan,nan,nan,-3.092441,0.013991,-0.276804,nan,nan,nan,nan,nan,nan
2026-05-04 09:17:31.812230,0,0.236487,-0.045298,0.412241,nan,nan,nan,nan,nan,nan,-3.087379,0.015276,-0.28025,nan,nan,nan,nan,nan,nan
2026-05-04 09:17:31.828777,0,0.236491,-0.045295,0.412198,nan,nan,nan,0.155998,-0.050886,0.593843,-3.088719,0.015593,-0.281949,nan,nan,nan,-2.370168,-0.022577,2.043882
2026-05-04 09:17:31.846406,0,0.236535,-0.045301,0.412314,nan,nan,nan,nan,nan,nan,-3.088244,0.016273,-0.282376,nan,nan,nan,nan,nan,nan
2026-05-04 09:17:31.863230,0,0.236399,-0.045292,0.412209,nan,nan,nan,0.155104,-0.05073,0.593842,-3.097432,0.017465,-0.292712,nan,nan,nan,-2.353873,-0.014733,2.04064
2026-05-04 09:17:31.881949,0,0.236934,-0.045364,0.413558,nan,nan,nan,nan,nan,nan,-3.086844,0.013315,-0.293778,nan,nan,nan,nan,nan,nan
2026-05-04 09:17:31.904971,0,0.236837,-0.045369,0.413747,nan,nan,nan,0.152076,-0.050384,0.590342,-3.095835,0.013044,-0.309276,nan,nan,nan,-2.37796,-0.035772,2.039802
2026-05-04 09:17:31.927022,0,0.237551,-0.045464,0.41558,nan,nan,nan,0.151382,-0.050354,0.59189,-3.090231,0.009415,-0.319692,nan,nan,nan,-2.357514,-0.021447,2.022055
2026-05-04 09:17:31.945427,0,0.236866,-0.045388,0.414897,nan,nan,nan,0.150228,-0.050099,0.590889,-3.101019,0.014194,-0.32002,nan,nan,nan,-2.355793,-0.031856,2.039989
2026-05-04 09:17:31.962220,0,0.236469,-0.045257,0.415158,nan,nan,nan,nan,nan,nan,-3.09353,0.013538,-0.334372,nan,nan,nan,nan,nan,nan
2026-05-04 09:17:31.979761,0,0.23568,-0.045173,0.41493,nan,nan,nan,0.148063,-0.050284,0.59036,-3.090861,0.012467,-0.346179,nan,nan,nan,-2.396907,-0.025231,1.998727
2026-05-04 09:17:31.997820,0,0.23497,-0.045134,0.414565,nan,nan,nan,0.147588,-0.050179,0.590584,-3.097651,0.013292,-0.353793,nan,nan,nan,-2.378468,-0.026476,2.010038
2026-05-04 09:17:32.015855,0,0.234756,-0.045335,0.415669,nan,nan,nan,0.146029,-0.050035,0.58855,-3.104243,0.014342,-0.351287,nan,nan,nan,-2.377596,-0.02829,2.010522
2026-05-04 09:17:32.033293,0,0.234858,-0.04549,0.417667,nan,nan,nan,nan,nan,nan,-3.085489,0.017884,-0.356172,nan,nan,nan,nan,nan,nan
2026-05-04 09:17:32.051474,0,0.234777,-0.045638,0.419965,nan,nan,nan,nan,nan,nan,-3.097253,0.011544,-0.347637,nan,nan,nan,nan,nan,nan
2026-05-04 09:17:32.067420,0,0.233816,-0.04562,0.420799,nan,nan,nan,0.14294,-0.050209,0.592527,-3.084719,0.013839,-0.35311,nan,nan,nan,-2.381118,-0.022707,1.996886
2026-05-04 09:17:32.085573,0,0.233625,-0.045692,0.421653,nan,nan,nan,0.143221,-0.051103,0.597233,-3.080286,0.013177,-0.358017,nan,nan,nan,-2.405048,-0.034355,1.989218
2026-05-04 09:17:32.102580,0,0.232554,-0.045688,0.422122,nan,nan,nan,0.140471,-0.050256,0.592414,-3.086962,0.019339,-0.372353,nan,nan,nan,-2.402682,-0.03529,1.989225
2026-05-04 09:17:32.119041,0,0.231975,-0.045703,0.42245,nan,nan,nan,0.14022,-0.050272,0.595316,-3.083481,0.019605,-0.372862,nan,nan,nan,-2.400537,-0.034418,1.988013
2026-05-04 09:17:32.135309,0,0.230952,-0.045652,0.423661,nan,nan,nan,0.138077,-0.050206,0.59262,-3.100164,0.012821,-0.386917,nan,nan,nan,-2.398631,-0.025865,1.981002
2026-05-04 09:17:32.151934,0,0.22987,-0.045676,0.424435,nan,nan,nan,0.136858,-0.050372,0.59554,-3.098955,0.014037,-0.38836,nan,nan,nan,-2.406122,-0.009452,1.963254
2026-05-04 09:17:32.169339,0,0.228809,-0.045504,0.424984,nan,nan,nan,nan,nan,nan,-3.081428,0.017884,-0.398366,nan,nan,nan,nan,nan,nan
2026-05-04 09:17:32.186204,0,0.22819,-0.045473,0.424921,nan,nan,nan,0.133569,-0.050255,0.594946,-3.083258,0.021962,-0.413197,nan,nan,nan,-2.408773,-0.02151,1.958081
2026-05-04 09:17:32.204017,0,0.226408,-0.045276,0.424129,nan,nan,nan,0.13252,-0.050486,0.600168,-3.083826,0.022447,-0.425836,nan,nan,nan,-2.427255,-0.034199,1.948125
2026-05-04 09:17:32.220907,0,0.225971,-0.045344,0.425111,nan,nan,nan,0.13027,-0.050269,0.595322,-3.079149,0.024161,-0.428294,nan,nan,nan,-2.431486,-0.025071,1.94154
2026-05-04 09:17:32.239546,0,0.225854,-0.045501,0.42709,nan,nan,nan,0.129257,-0.050407,0.600397,-3.076525,0.019826,-0.437666,nan,nan,nan,-2.442617,-0.025803,1.942137
2026-05-04 09:17:32.256272,0,0.224935,-0.045344,0.426608,nan,nan,nan,nan,nan,nan,-3.085758,0.022608,-0.446539,nan,nan,nan,nan,nan,nan
2026-05-04 09:17:32.273570,0,0.224097,-0.045426,0.427974,nan,nan,nan,0.125943,-0.050304,0.596167,-3.082311,0.021385,-0.447179,nan,nan,nan,-2.446791,-0.021515,1.920435
2026-05-04 09:17:32.291418,0,0.222746,-0.045476,0.429146,nan,nan,nan,nan,nan,nan,-3.069833,0.023915,-0.460669,nan,nan,nan,nan,nan,nan
2026-05-04 09:17:32.307589,0,0.220378,-0.045429,0.428615,nan,nan,nan,nan,nan,nan,-3.073786,0.025175,-0.467627,nan,nan,nan,nan,nan,nan
2026-05-04 09:17:32.324704,0,0.21958,-0.045414,0.429118,nan,nan,nan,0.121626,-0.050474,0.599998,-3.070246,0.022502,-0.458091,nan,nan,nan,-2.44825,-0.02501,1.916861
2026-05-04 09:17:32.341526,0,0.217816,-0.045415,0.429522,nan,nan,nan,0.119788,-0.050512,0.600768,-3.073859,0.022722,-0.466886,nan,nan,nan,-2.444594,-0.029411,1.918671
2026-05-04 09:17:32.359012,0,0.216951,-0.045408,0.429663,nan,nan,nan,0.11869,-0.050534,0.601329,-3.071674,0.025675,-0.474886,nan,nan,nan,-2.451634,-0.02559,1.907573
2026-05-04 09:17:32.377457,0,0.215521,-0.04549,0.431375,nan,nan,nan,0.116983,-0.050607,0.603069,-3.074515,0.025015,-0.473526,nan,nan,nan,-2.454552,-0.024892,1.910449
2026-05-04 09:17:32.395229,0,0.213544,-0.045521,0.432061,nan,nan,nan,nan,nan,nan,-3.079587,0.018031,-0.474453,nan,nan,nan,nan,nan,nan
2026-05-04 09:17:32.413453,0,0.211093,-0.045517,0.431725,nan,nan,nan,nan,nan,nan,-3.080629,0.017394,-0.480091,nan,nan,nan,nan,nan,nan
2026-05-04 09:17:32.430127,0,0.207998,-0.04546,0.430893,nan,nan,nan,nan,nan,nan,-3.088511,0.017027,-0.460995,nan,nan,nan,nan,nan,nan
2026-05-04 09:17:32.447247,0,0.20694,-0.045497,0.431543,nan,nan,nan,nan,nan,nan,-3.07537,0.014669,-0.469283,nan,nan,nan,nan,nan,nan
2026-05-04 09:17:32.464722,0,0.204519,-0.04556,0.432831,nan,nan,nan,0.105105,-0.050696,0.605284,-3.075239,0.016137,-0.471094,nan,nan,nan,-2.446101,-0.016738,1.911569
2026-05-04 09:17:32.482463,0,0.200567,-0.045487,0.431404,nan,nan,nan,nan,nan,nan,-3.084798,0.017585,-0.465779,nan,nan,nan,nan,nan,nan
2026-05-04 09:17:32.499941,0,0.197091,-0.045465,0.430616,nan,nan,nan,nan,nan,nan,-3.078201,0.021126,-0.470404,nan,nan,nan,nan,nan,nan
2026-05-04 09:17:32.515808,0,0.194957,-0.045422,0.429964,nan,nan,nan,nan,nan,nan,-3.076293,0.023258,-0.452972,nan,nan,nan,nan,nan,nan
2026-05-04 09:17:32.531954,0,0.190672,-0.045377,0.429082,nan,nan,nan,nan,nan,nan,-3.082149,0.02192,-0.455669,nan,nan,nan,nan,nan,nan
2026-05-04 09:17:32.549639,0,0.186169,-0.045344,0.428431,nan,nan,nan,nan,nan,nan,-3.087423,0.019679,-0.433165,nan,nan,nan,nan,nan,nan
2026-05-04 09:17:32.567267,0,0.183863,-0.045343,0.428386,nan,nan,nan,nan,nan,nan,-3.085811,0.020569,-0.432711,nan,nan,nan,nan,nan,nan
2026-05-04 09:17:32.584851,0,0.178951,-0.045312,0.427519,nan,nan,nan,nan,nan,nan,-3.08677,0.017321,-0.436767,nan,nan,nan,nan,nan,nan
2026-05-04 09:17:32.602175,0,0.173754,-0.045266,0.426812,nan,nan,nan,nan,nan,nan,-3.090283,0.016363,-0.407036,nan,nan,nan,nan,nan,nan
2026-05-04 09:17:32.620337,0,0.168728,-0.045177,0.425033,nan,nan,nan,nan,nan,nan,-3.094417,0.017509,-0.397277,nan,nan,nan,nan,nan,nan
2026-05-04 09:17:32.637288,0,0.166046,-0.045134,0.424059,nan,nan,nan,nan,nan,nan,-3.086212,0.02067,-0.4028,nan,nan,nan,nan,nan,nan
2026-05-04 09:17:32.655107,0,0.160441,-0.04509,0.422862,nan,nan,nan,nan,nan,nan,-3.082119,0.017662,-0.402476,nan,nan,nan,nan,nan,nan
2026-05-04 09:17:32.672115,0,0.154794,-0.044989,0.421149,nan,nan,nan,nan,nan,nan,-3.09384,0.015847,-0.396649,nan,nan,nan,nan,nan,nan
2026-05-04 09:17:32.689663,0,0.149393,-0.044932,0.41991,nan,nan,nan,nan,nan,nan,-3.090439,0.01429,-0.375811,nan,nan,nan,nan,nan,nan
2026-05-04 09:17:32.706469,0,0.146123,-0.044878,0.41889,nan,nan,nan,nan,nan,nan,-3.097171,0.013294,-0.380622,nan,nan,nan,nan,nan,nan
2026-05-04 09:17:32.723555,0,0.14022,-0.044826,0.41767,nan,nan,nan,nan,nan,nan,-3.079277,0.01639,-0.370923,nan,nan,nan,nan,nan,nan
2026-05-04 09:17:32.740941,0,0.133801,-0.044784,0.416691,nan,nan,nan,nan,nan,nan,-3.094854,0.016381,-0.372154,nan,nan,nan,nan,nan,nan
2026-05-04 09:17:32.757222,0,0.127028,-0.044762,0.416126,nan,nan,nan,nan,nan,nan,-3.081406,0.012068,-0.371568,nan,nan,nan,nan,nan,nan
2026-05-04 09:17:32.774672,0,0.123422,-0.044719,0.415598,nan,nan,nan,nan,nan,nan,-3.100228,0.013165,-0.349931,nan,nan,nan,nan,nan,nan
2026-05-04 09:17:32.792121,0,0.116599,-0.044723,0.415553,nan,nan,nan,nan,nan,nan,-3.086467,0.011119,-0.343602,nan,nan,nan,nan,nan,nan
2026-05-04 09:17:32.810048,0,0.109433,-0.044673,0.414623,nan,nan,nan,nan,nan,nan,-3.100166,0.011966,-0.3306,nan,nan,nan,nan,nan,nan
2026-05-04 09:17:32.827088,0,0.106245,-0.044729,0.415629,nan,nan,nan,nan,nan,nan,-3.078761,0.006994,-0.3094,nan,nan,nan,nan,nan,nan
2026-05-04 09:17:32.844716,0,0.099717,-0.044723,0.415598,nan,nan,nan,nan,nan,nan,-3.096804,0.009914,-0.297915,nan,nan,nan,nan,nan,nan
2026-05-04 09:17:32.862230,0,0.092779,-0.044678,0.414752,nan,nan,nan,nan,nan,nan,-3.103498,0.011795,-0.306966,nan,nan,nan,nan,nan,nan
2026-05-04 09:17:32.879304,0,0.086364,-0.044739,0.415909,nan,nan,nan,nan,nan,nan,-3.096287,0.010559,-0.302889,nan,nan,nan,nan,nan,nan
2026-05-04 09:17:32.896108,0,0.083248,-0.044713,0.415379,nan,nan,nan,nan,nan,nan,-3.094443,0.009392,-0.309467,nan,nan,nan,nan,nan,nan
2026-05-04 09:17:32.913596,0,0.076763,-0.044663,0.414342,nan,nan,nan,nan,nan,nan,-3.113173,0.006948,-0.279525,nan,nan,nan,nan,nan,nan
2026-05-04 09:17:32.934605,0,0.070032,-0.044643,0.413903,nan,nan,nan,nan,nan,nan,-3.092034,0.012851,-0.290976,nan,nan,nan,nan,nan,nan
2026-05-04 09:17:32.951735,0,0.063529,-0.04468,0.414688,nan,nan,nan,nan,nan,nan,-3.094024,0.013057,-0.298731,nan,nan,nan,nan,nan,nan
2026-05-04 09:17:32.968327,0,0.056804,-0.044631,0.413485,nan,nan,nan,nan,nan,nan,-3.06294,0.016371,-0.287094,nan,nan,nan,nan,nan,nan
2026-05-04 09:17:32.985764,0,0.053243,-0.044607,0.412926,nan,nan,nan,nan,nan,nan,-3.082564,0.016868,-0.262016,nan,nan,nan,nan,nan,nan
2026-05-04 09:17:33.002532,0,0.046034,-0.044651,0.414041,nan,nan,nan,nan,nan,nan,-3.078408,0.01626,-0.271183,nan,nan,nan,nan,nan,nan
2026-05-04 09:17:33.020908,0,0.03883,-0.044585,0.412661,nan,nan,nan,nan,nan,nan,-3.085906,0.01227,-0.215361,nan,nan,nan,nan,nan,nan
2026-05-04 09:17:33.037574,0,0.031443,-0.044588,0.412528,nan,nan,nan,nan,nan,nan,-3.085951,0.010952,-0.228906,nan,nan,nan,nan,nan,nan
2026-05-04 09:17:33.054703,0,0.027412,-0.044555,0.412066,nan,nan,nan,nan,nan,nan,-3.097676,0.005777,-0.164182,nan,nan,nan,nan,nan,nan
2026-05-04 09:17:33.077481,0,0.019945,-0.044572,0.412408,nan,nan,nan,nan,nan,nan,-3.090291,0.008624,-0.185856,nan,nan,nan,nan,nan,nan
2026-05-04 09:17:33.095030,0,0.012597,-0.044468,0.410418,nan,nan,nan,nan,nan,nan,-3.111379,0.004516,-0.20708,nan,nan,nan,nan,nan,nan
2026-05-04 09:17:33.114163,0,0.004591,-0.044454,0.40997,nan,nan,nan,nan,nan,nan,-3.087988,0.00499,-0.233764,nan,nan,nan,nan,nan,nan
2026-05-04 09:17:33.131317,0,-0.00276,-0.044486,0.410611,nan,nan,nan,nan,nan,nan,-3.109693,0.008482,-0.246433,nan,nan,nan,nan,nan,nan
2026-05-04 09:17:33.147912,0,-0.006453,-0.044499,0.410745,nan,nan,nan,nan,nan,nan,-3.097576,0.008879,-0.252607,nan,nan,nan,nan,nan,nan
2026-05-04 09:17:33.165219,0,-0.014512,-0.044563,0.412522,nan,nan,nan,nan,nan,nan,-3.049997,0.006565,-0.221302,nan,nan,nan,nan,nan,nan
2026-05-04 09:17:33.183018,0,-0.022332,-0.044406,0.410146,nan,nan,nan,nan,nan,nan,3.121718,-0.001159,0.050624,nan,nan,nan,nan,nan,nan
2026-05-04 09:17:33.199702,0,-0.030364,-0.044625,0.413534,nan,nan,nan,nan,nan,nan,-3.078356,-0.00569,0.074061,nan,nan,nan,nan,nan,nan
2026-05-04 09:17:33.216433,0,-0.034034,-0.044593,0.413236,nan,nan,nan,nan,nan,nan,-3.052791,-0.006343,0.056559,nan,nan,nan,nan,nan,nan
2026-05-04 09:17:33.233685,0,-0.041532,-0.044614,0.413333,nan,nan,nan,nan,nan,nan,-3.059373,0.003668,-0.099022,nan,nan,nan,nan,nan,nan
2026-05-04 09:17:33.251286,0,-0.04887,-0.044624,0.41346,nan,nan,nan,nan,nan,nan,-3.065596,-0.005141,0.03175,nan,nan,nan,nan,nan,nan
2026-05-04 09:17:33.269099,0,-0.056662,-0.044617,0.41314,nan,nan,nan,nan,nan,nan,-3.084551,-0.000365,-0.00954,nan,nan,nan,nan,nan,nan
2026-05-04 09:17:33.286611,0,-0.060481,-0.044586,0.412736,nan,nan,nan,nan,nan,nan,-3.104786,-0.002894,0.052418,nan,nan,nan,nan,nan,nan
2026-05-04 09:17:33.303455,0,-0.06782,-0.044626,0.413617,nan,nan,nan,nan,nan,nan,-3.074265,-0.000975,0.013098,nan,nan,nan,nan,nan,nan
2026-05-04 09:17:33.321424,0,-0.071457,-0.044617,0.414047,nan,nan,nan,nan,nan,nan,-3.032099,-0.002334,0.025374,nan,nan,nan,nan,nan,nan
2026-05-04 09:17:33.337939,0,-0.082683,-0.044638,0.413599,nan,nan,nan,nan,nan,nan,-3.079845,-0.005717,0.060804,nan,nan,nan,nan,nan,nan
2026-05-04 09:17:33.355502,0,-0.086329,-0.044646,0.41392,nan,nan,nan,nan,nan,nan,-3.064226,-0.007889,0.084837,nan,nan,nan,nan,nan,nan
2026-05-04 09:17:33.372297,0,-0.093531,-0.044642,0.413659,nan,nan,nan,nan,nan,nan,-3.080088,-0.009727,0.100883,nan,nan,nan,nan,nan,nan
2026-05-04 09:17:33.388999,0,-0.100961,-0.044673,0.413814,nan,nan,nan,nan,nan,nan,-3.09047,-0.009855,0.097969,nan,nan,nan,nan,nan,nan
2026-05-04 09:17:33.406368,0,-0.104672,-0.044668,0.413956,nan,nan,nan,nan,nan,nan,-3.101147,-0.006278,0.102641,nan,nan,nan,nan,nan,nan
2026-05-04 09:17:33.423270,0,-0.112532,-0.044913,0.416692,nan,nan,nan,nan,nan,nan,-3.07526,-0.006132,0.103091,nan,nan,nan,nan,nan,nan
2026-05-04 09:17:33.440330,0,-0.120918,-0.045169,0.420056,nan,nan,nan,nan,nan,nan,-3.087926,-0.009967,0.080328,nan,nan,nan,nan,nan,nan
2026-05-04 09:17:33.456937,0,-0.124948,-0.045324,0.421055,nan,nan,nan,nan,nan,nan,-3.095493,-0.011463,0.073783,nan,nan,nan,nan,nan,nan
2026-05-04 09:17:33.474173,0,-0.131648,-0.044923,0.418719,nan,nan,nan,nan,nan,nan,-3.105973,-0.004698,0.104998,nan,nan,nan,nan,nan,nan
2026-05-04 09:17:33.491819,0,-0.13934,-0.045456,0.422467,nan,nan,nan,nan,nan,nan,-3.079346,-0.008996,0.096477,nan,nan,nan,nan,nan,nan
2026-05-04 09:17:33.509494,0,-0.145864,-0.045375,0.42173,nan,nan,nan,nan,nan,nan,-3.097111,-0.011974,0.116206,nan,nan,nan,nan,nan,nan
2026-05-04 09:17:33.527444,0,-0.14921,-0.045387,0.42185,nan,nan,nan,nan,nan,nan,-3.098694,-0.006713,0.091783,nan,nan,nan,nan,nan,nan
2026-05-04 09:17:33.545505,0,-0.15623,-0.045701,0.423296,nan,nan,nan,nan,nan,nan,-3.117653,-0.00628,0.102968,nan,nan,nan,nan,nan,nan
2026-05-04 09:17:33.563845,0,-0.161924,-0.045428,0.422047,nan,nan,nan,nan,nan,nan,-3.092343,-0.012165,0.118231,nan,nan,nan,nan,nan,nan
2026-05-04 09:17:33.581981,0,-0.168854,-0.045849,0.424191,nan,nan,nan,nan,nan,nan,-3.099285,-0.002971,0.102695,nan,nan,nan,nan,nan,nan
2026-05-04 09:17:33.598155,0,-0.174484,-0.045858,0.4238,nan,nan,nan,nan,nan,nan,-3.119495,-0.001123,0.095077,nan,nan,nan,nan,nan,nan
2026-05-04 09:17:33.616082,0,-0.177217,-0.045822,0.423679,nan,nan,nan,nan,nan,nan,-3.092565,-0.001956,0.104322,nan,nan,nan,nan,nan,nan
2026-05-04 09:17:33.633340,0,-0.181942,-0.045703,0.421614,nan,nan,nan,nan,nan,nan,-3.127528,-0.001137,0.102739,nan,nan,nan,nan,nan,nan
2026-05-04 09:17:33.650576,0,-0.187757,-0.045722,0.421715,nan,nan,nan,nan,nan,nan,-3.104984,0.001279,0.116799,nan,nan,nan,nan,nan,nan
2026-05-04 09:17:33.667548,0,-0.19004,-0.04568,0.420936,nan,nan,nan,nan,nan,nan,-3.111397,-0.002867,0.113164,nan,nan,nan,nan,nan,nan
2026-05-04 09:17:33.685257,0,-0.194111,-0.045607,0.418541,nan,nan,nan,nan,nan,nan,-3.116435,-0.009729,0.120213,nan,nan,nan,nan,nan,nan
2026-05-04 09:17:33.702229,0,-0.1994,-0.045606,0.418444,nan,nan,nan,nan,nan,nan,-3.110369,-0.006749,0.125581,nan,nan,nan,nan,nan,nan
2026-05-04 09:17:33.718990,0,-0.202414,-0.045629,0.418866,nan,nan,nan,nan,nan,nan,-3.106831,-0.009335,0.12215,nan,nan,nan,nan,nan,nan
2026-05-04 09:17:33.736124,0,-0.207393,-0.045613,0.418556,nan,nan,nan,nan,nan,nan,-3.106238,-0.006309,0.124126,nan,nan,nan,nan,nan,nan
2026-05-04 09:17:33.771755,0,-0.2122,-0.045609,0.418478,nan,nan,nan,nan,nan,nan,-3.106055,-0.006086,0.130681,nan,nan,nan,nan,nan,nan
2026-05-04 09:17:33.810273,0,-0.218691,-0.04554,0.416859,nan,nan,nan,nan,nan,nan,-3.100828,-0.001067,0.14576,nan,nan,nan,nan,nan,nan
2026-05-04 09:17:33.850426,0,-0.226198,-0.045333,0.412948,nan,nan,nan,nan,nan,nan,-3.093248,-0.014734,0.1889,nan,nan,nan,nan,nan,nan
2026-05-04 09:17:33.884908,0,-0.236017,-0.045977,0.415314,-0.161558,-0.050241,0.594668,nan,nan,nan,-3.09812,-0.018818,0.168925,-2.296971,-0.005544,-2.089768,nan,nan,nan
2026-05-04 09:17:33.912134,0,-0.240254,-0.046001,0.414209,-0.165068,-0.050268,0.594493,nan,nan,nan,-3.113171,-0.010809,0.188233,-2.302345,-0.003487,-2.080836,nan,nan,nan
2026-05-04 09:17:33.943980,0,-0.245721,-0.045315,0.408188,-0.170945,-0.050723,0.590102,nan,nan,nan,-3.086609,-0.018773,0.203638,-2.323588,-0.001686,-2.081157,nan,nan,nan
2026-05-04 09:17:33.966884,0,-0.251954,-0.045493,0.405038,nan,nan,nan,nan,nan,nan,-3.098099,-0.022543,0.185875,nan,nan,nan,nan,nan,nan
2026-05-04 09:17:33.994250,0,-0.253938,-0.04534,0.401124,nan,nan,nan,nan,nan,nan,-3.096806,-0.018959,0.185822,nan,nan,nan,nan,nan,nan
2026-05-04 09:17:34.019540,0,-0.257042,-0.045244,0.39845,-0.183462,-0.049561,0.580598,nan,nan,nan,-3.100375,-0.007532,0.178777,-2.305035,0.010172,-2.098247,nan,nan,nan
2026-05-04 09:17:34.045693,0,-0.2584,-0.044852,0.389693,nan,nan,nan,nan,nan,nan,-3.104143,-0.017625,0.18572,nan,nan,nan,nan,nan,nan
2026-05-04 09:17:34.070244,0,-0.262491,-0.044757,0.387812,nan,nan,nan,nan,nan,nan,-3.099917,-0.004379,0.177054,nan,nan,nan,nan,nan,nan
2026-05-04 09:17:34.094698,0,-0.265988,-0.044421,0.381437,-0.194038,-0.049413,0.565224,nan,nan,nan,-3.105413,-0.00652,0.188499,-2.305385,0.003738,-2.098379,nan,nan,nan
2026-05-04 09:17:34.116574,0,-0.268992,-0.044204,0.37726,-0.195384,-0.048635,0.557056,nan,nan,nan,-3.103863,-0.007632,0.191092,-2.309693,0.008314,-2.08525,nan,nan,nan
2026-05-04 09:17:34.141201,0,-0.273805,-0.043989,0.37052,-0.200492,-0.048489,0.553725,nan,nan,nan,-3.092966,-0.020483,0.203911,-2.313406,0.003177,-2.064662,nan,nan,nan
2026-05-04 09:17:34.165124,0,-0.278586,-0.044293,0.368275,-0.20291,-0.047976,0.54793,nan,nan,nan,-3.10194,-0.020339,0.201567,-2.323119,0.000378,-2.070843,nan,nan,nan
2026-05-04 09:17:34.186850,0,-0.282283,-0.044141,0.364381,-0.207119,-0.048158,0.54717,nan,nan,nan,-3.104634,-0.01271,0.211836,-2.323872,-0.000979,-2.067476,nan,nan,nan
2026-05-04 09:17:34.212474,0,-0.287784,-0.043825,0.358314,-0.210899,-0.04806,0.53837,nan,nan,nan,-3.101538,-0.015878,0.223673,-2.332647,-0.003948,-2.064292,nan,nan,nan
2026-05-04 09:17:34.237174,0,-0.291647,-0.043663,0.354745,-0.214577,-0.048224,0.53553,nan,nan,nan,-3.098142,-0.012856,0.225412,-2.353483,-0.007872,-2.045072,nan,nan,nan
2026-05-04 09:17:34.260195,0,-0.29606,-0.043315,0.348292,-0.219304,-0.047938,0.52871,nan,nan,nan,-3.099985,-0.009071,0.225026,-2.347553,0.005217,-2.059276,nan,nan,nan
2026-05-04 09:17:34.281701,0,-0.298803,-0.043245,0.343939,nan,nan,nan,nan,nan,nan,-3.100678,-0.018281,0.22492,nan,nan,nan,nan,nan,nan
2026-05-04 09:17:34.303918,0,-0.30226,-0.04323,0.340138,-0.225957,-0.046922,0.520843,nan,nan,nan,-3.096536,-0.03205,0.229288,-2.333519,-0.0144,-2.051539,nan,nan,nan
2026-05-04 09:17:34.327152,0,-0.306461,-0.043201,0.337077,-0.228388,-0.046957,0.515498,nan,nan,nan,-3.100072,-0.019875,0.22644,-2.349402,-0.000528,-2.061332,nan,nan,nan
2026-05-04 09:17:34.348693,0,-0.309092,-0.043048,0.332978,-0.232193,-0.047055,0.513118,nan,nan,nan,-3.100072,-0.01691,0.230198,-2.358919,-0.005448,-2.041146,nan,nan,nan
2026-05-04 09:17:34.370038,0,-0.311589,-0.042823,0.328795,-0.234997,-0.04686,0.509192,nan,nan,nan,-3.102833,-0.016788,0.227169,-2.345782,-0.008012,-2.052251,nan,nan,nan
2026-05-04 09:17:34.395905,0,-0.313743,-0.04262,0.324426,-0.237608,-0.046768,0.504488,nan,nan,nan,-3.099953,-0.015951,0.231845,-2.3569,-0.002616,-2.055328,nan,nan,nan
2026-05-04 09:17:34.415853,0,-0.317133,-0.042262,0.318339,nan,nan,nan,nan,nan,nan,-3.104395,-0.017547,0.234386,nan,nan,nan,nan,nan,nan
2026-05-04 09:17:34.437655,0,-0.319352,-0.04239,0.314701,-0.243367,-0.045663,0.494437,nan,nan,nan,-3.100975,-0.028841,0.230143,-2.343386,-0.011233,-2.050534,nan,nan,nan
2026-05-04 09:17:34.460022,0,-0.321899,-0.042267,0.308922,-0.246253,-0.045456,0.488839,nan,nan,nan,-3.105281,-0.017857,0.222282,-2.343547,-0.011258,-2.04608,nan,nan,nan
2026-05-04 09:17:34.483147,0,-0.322911,-0.042197,0.307075,-0.246964,-0.045403,0.48663,nan,nan,nan,-3.104389,-0.020305,0.234356,-2.346338,-0.002094,-2.057347,nan,nan,nan
2026-05-04 09:17:34.504515,0,-0.325527,-0.041939,0.301457,-0.249571,-0.045433,0.481359,nan,nan,nan,-3.09996,-0.02086,0.243559,-2.366488,-0.001057,-2.057033,nan,nan,nan
2026-05-04 09:17:34.532402,0,-0.325907,-0.041816,0.297237,nan,nan,nan,nan,nan,nan,-3.094165,-0.031229,0.24619,nan,nan,nan,nan,nan,nan
2026-05-04 09:17:34.553791,0,-0.327518,-0.041675,0.292184,-0.251854,-0.044841,0.470976,nan,nan,nan,-3.099254,-0.028587,0.244875,-2.34459,-0.01035,-2.056368,nan,nan,nan
2026-05-04 09:17:34.578531,0,-0.327039,-0.041495,0.287889,-0.252496,-0.044455,0.467445,nan,nan,nan,-3.105745,-0.028817,0.233464,-2.338554,-0.008004,-2.064412,nan,nan,nan
2026-05-04 09:17:34.599741,0,nan,nan,nan,-0.253477,-0.043906,0.464971,nan,nan,nan,nan,nan,nan,-2.338192,-0.013977,-2.07215,nan,nan,nan
2026-05-04 09:17:34.624832,0,nan,nan,nan,-0.253525,-0.043557,0.459522,nan,nan,nan,nan,nan,nan,-2.331464,-0.017765,-2.080738,nan,nan,nan
2026-05-04 09:17:34.644218,0,nan,nan,nan,-0.253998,-0.043714,0.45552,nan,nan,nan,nan,nan,nan,-2.315693,-0.012369,-2.092132,nan,nan,nan
2026-05-04 09:17:34.664033,0,nan,nan,nan,-0.253787,-0.043679,0.454035,nan,nan,nan,nan,nan,nan,-2.317863,-0.006168,-2.094501,nan,nan,nan
2026-05-04 09:17:34.684406,0,nan,nan,nan,-0.254157,-0.043697,0.452804,nan,nan,nan,nan,nan,nan,-2.31379,-0.015915,-2.089661,nan,nan,nan
2026-05-04 09:17:34.702930,0,nan,nan,nan,-0.253605,-0.043611,0.450939,nan,nan,nan,nan,nan,nan,-2.308326,-0.009273,-2.097718,nan,nan,nan
2026-05-04 09:17:34.722143,0,nan,nan,nan,-0.252892,-0.043533,0.449514,nan,nan,nan,nan,nan,nan,-2.308562,-0.009815,-2.101448,nan,nan,nan
2026-05-04 09:17:34.739368,0,nan,nan,nan,-0.252496,-0.043547,0.449063,nan,nan,nan,nan,nan,nan,-2.308414,-0.010116,-2.098204,nan,nan,nan
2026-05-04 09:17:34.757338,0,nan,nan,nan,-0.252264,-0.043618,0.449105,nan,nan,nan,nan,nan,nan,-2.318771,-0.01091,-2.086899,nan,nan,nan
2026-05-04 09:17:34.776341,0,nan,nan,nan,-0.251661,-0.043539,0.44977,nan,nan,nan,nan,nan,nan,-2.316721,-0.016452,-2.088142,nan,nan,nan
2026-05-04 09:17:34.793349,0,nan,nan,nan,-0.251004,-0.043538,0.450662,nan,nan,nan,nan,nan,nan,-2.320593,-0.009064,-2.085588,nan,nan,nan
2026-05-04 09:17:34.811205,0,nan,nan,nan,-0.250575,-0.043518,0.451077,nan,nan,nan,nan,nan,nan,-2.318152,-0.012999,-2.084763,nan,nan,nan
2026-05-04 09:17:34.829493,0,nan,nan,nan,-0.250438,-0.043584,0.453056,nan,nan,nan,nan,nan,nan,-2.327463,-0.017034,-2.076105,nan,nan,nan
2026-05-04 09:17:34.846440,0,nan,nan,nan,-0.250274,-0.043685,0.455385,nan,nan,nan,nan,nan,nan,-2.335866,-0.00972,-2.075939,nan,nan,nan
2026-05-04 09:17:34.864408,0,nan,nan,nan,-0.250211,-0.043697,0.459121,nan,nan,nan,nan,nan,nan,-2.339573,-0.016348,-2.070283,nan,nan,nan
2026-05-04 09:17:34.881517,0,nan,nan,nan,-0.248055,-0.043343,0.459755,nan,nan,nan,nan,nan,nan,-2.336731,-0.012979,-2.060816,nan,nan,nan
2026-05-04 09:17:34.898080,0,-0.321494,-0.041726,0.28424,-0.24822,-0.043487,0.464836,nan,nan,nan,-3.103954,-0.043116,0.215066,-2.328393,-0.022066,-2.063384,nan,nan,nan
2026-05-04 09:17:34.915669,0,-0.321925,-0.041883,0.286646,-0.247748,-0.043673,0.466538,nan,nan,nan,-3.104383,-0.040301,0.227026,-2.33067,-0.020964,-2.062868,nan,nan,nan
2026-05-04 09:17:34.934285,0,-0.322493,-0.041589,0.290643,nan,nan,nan,nan,nan,nan,-3.107001,-0.026256,0.222848,nan,nan,nan,nan,nan,nan
2026-05-04 09:17:34.952146,0,-0.321796,-0.041849,0.294533,nan,nan,nan,nan,nan,nan,-3.106731,-0.022201,0.226236,nan,nan,nan,nan,nan,nan
2026-05-04 09:17:34.970825,0,-0.321088,-0.04195,0.295995,-0.245573,-0.044811,0.475052,nan,nan,nan,-3.106588,-0.028039,0.223645,-2.345045,-0.001376,-2.060547,nan,nan,nan
2026-05-04 09:17:34.988671,0,-0.321142,-0.042069,0.300472,-0.244864,-0.044979,0.479827,nan,nan,nan,-3.100182,-0.033013,0.229109,-2.344902,-0.007307,-2.053247,nan,nan,nan
2026-05-04 09:17:35.006016,0,-0.320226,-0.042142,0.30403,nan,nan,nan,nan,nan,nan,-3.104228,-0.024071,0.234441,nan,nan,nan,nan,nan,nan
2026-05-04 09:17:35.023638,0,-0.318361,-0.042185,0.307018,nan,nan,nan,nan,nan,nan,-3.106181,-0.020373,0.241313,nan,nan,nan,nan,nan,nan
2026-05-04 09:17:35.041711,0,-0.317141,-0.042386,0.310507,-0.240364,-0.045239,0.490939,nan,nan,nan,-3.107025,-0.030192,0.244488,-2.354808,-0.019632,-2.038386,nan,nan,nan
2026-05-04 09:17:35.059188,0,-0.315976,-0.042586,0.313939,nan,nan,nan,nan,nan,nan,-3.105222,-0.032274,0.244835,nan,nan,nan,nan,nan,nan
2026-05-04 09:17:35.077187,0,-0.3144,-0.042552,0.314937,-0.236803,-0.045284,0.493516,nan,nan,nan,-3.105743,-0.026439,0.242157,-2.349471,-0.021182,-2.04217,nan,nan,nan
2026-05-04 09:17:35.096101,0,-0.312852,-0.04264,0.318435,nan,nan,nan,nan,nan,nan,-3.101363,-0.029138,0.233281,nan,nan,nan,nan,nan,nan
2026-05-04 09:17:35.114248,0,-0.309075,-0.042467,0.320157,-0.232294,-0.04593,0.498698,nan,nan,nan,-3.102662,-0.021855,0.227505,-2.339991,-0.006213,-2.052123,nan,nan,nan
2026-05-04 09:17:35.131324,0,-0.305115,-0.042536,0.321849,-0.229408,-0.045995,0.501096,nan,nan,nan,-3.098135,-0.027735,0.222974,-2.331222,-0.002434,-2.059871,nan,nan,nan
2026-05-04 09:17:35.149560,0,-0.301652,-0.042691,0.323983,-0.22679,-0.046111,0.504086,nan,nan,nan,-3.10248,-0.023629,0.212201,-2.331013,-0.008888,-2.068516,nan,nan,nan
2026-05-04 09:17:35.167320,0,-0.299796,-0.042682,0.325031,nan,nan,nan,nan,nan,nan,-3.103139,-0.022183,0.21043,nan,nan,nan,nan,nan,nan
2026-05-04 09:17:35.184690,0,-0.295916,-0.042667,0.326819,-0.222882,-0.046461,0.509817,nan,nan,nan,-3.108286,-0.018854,0.205802,-2.303499,0.009154,-2.091066,nan,nan,nan
2026-05-04 09:17:35.202946,0,-0.292358,-0.042813,0.329169,-0.218473,-0.046372,0.509483,nan,nan,nan,-3.10142,-0.020899,0.19725,-2.305548,-0.01335,-2.072944,nan,nan,nan
2026-05-04 09:17:35.220269,0,-0.287959,-0.042773,0.330955,-0.214804,-0.046463,0.511345,nan,nan,nan,-3.103361,-0.021663,0.188012,-2.309645,-0.011117,-2.07772,nan,nan,nan
2026-05-04 09:17:35.237781,0,-0.285169,-0.042692,0.331352,-0.212679,-0.04646,0.512226,nan,nan,nan,-3.097465,-0.030883,0.181736,-2.308644,-0.002657,-2.082725,nan,nan,nan
2026-05-04 09:17:35.255078,0,-0.279316,-0.042729,0.33181,-0.208253,-0.046391,0.513384,nan,nan,nan,-3.09627,-0.033738,0.182059,-2.295377,-0.009034,-2.097858,nan,nan,nan
2026-05-04 09:17:35.272532,0,-0.275472,-0.042873,0.334711,-0.203866,-0.046366,0.514988,nan,nan,nan,-3.100808,-0.02472,0.165097,-2.291155,-0.009763,-2.109901,nan,nan,nan
2026-05-04 09:17:35.290646,0,-0.269774,-0.04286,0.335346,-0.199948,-0.046437,0.51827,nan,nan,nan,-3.103104,-0.02851,0.163932,-2.295059,-0.007451,-2.113018,nan,nan,nan
2026-05-04 09:17:35.307934,0,-0.268154,-0.042822,0.337092,nan,nan,nan,nan,nan,nan,-3.108606,-0.019358,0.159442,nan,nan,nan,nan,nan,nan
2026-05-04 09:17:35.325942,0,-0.263105,-0.042853,0.338143,-0.193036,-0.046786,0.521206,nan,nan,nan,-3.099015,-0.022096,0.160673,-2.293218,-0.008854,-2.100989,nan,nan,nan
2026-05-04 09:17:35.344681,0,-0.257151,-0.042905,0.338308,-0.188184,-0.046818,0.52236,nan,nan,nan,-3.101964,-0.024187,0.158559,-2.287649,-0.01367,-2.098397,nan,nan,nan
2026-05-04 09:17:35.362774,0,-0.251161,-0.042935,0.338575,nan,nan,nan,nan,nan,nan,-3.103544,-0.026887,0.15842,nan,nan,nan,nan,nan,nan
2026-05-04 09:17:35.382143,0,-0.246324,-0.042906,0.340665,-0.177982,-0.04707,0.52461,nan,nan,nan,-3.113102,-0.010853,0.143388,-2.272723,-0.019414,-2.110867,nan,nan,nan
2026-05-04 09:17:35.399801,0,-0.240496,-0.042882,0.341221,-0.173269,-0.047239,0.526226,nan,nan,nan,-3.106755,-0.018442,0.136791,-2.251984,-0.008963,-2.113822,nan,nan,nan
2026-05-04 09:17:35.417171,0,-0.237533,-0.042924,0.341555,nan,nan,nan,nan,nan,nan,-3.102786,-0.017868,0.131838,nan,nan,nan,nan,nan,nan
2026-05-04 09:17:35.434252,0,-0.230495,-0.042916,0.341426,nan,nan,nan,nan,nan,nan,-3.109491,-0.017552,0.121043,nan,nan,nan,nan,nan,nan
2026-05-04 09:17:35.451746,0,-0.223713,-0.042887,0.341348,-0.159616,-0.047027,0.52759,nan,nan,nan,-3.106059,-0.018937,0.115958,-2.250948,-0.016013,-2.140231,nan,nan,nan
2026-05-04 09:17:35.470288,0,-0.218454,-0.042849,0.343791,nan,nan,nan,nan,nan,nan,-3.103984,-0.019796,0.09182,nan,nan,nan,nan,nan,nan
2026-05-04 09:17:35.488690,0,-0.215028,-0.042929,0.344086,nan,nan,nan,nan,nan,nan,-3.101975,-0.01725,0.086312,nan,nan,nan,nan,nan,nan
2026-05-04 09:17:35.505887,0,-0.207373,-0.042886,0.343905,nan,nan,nan,nan,nan,nan,-3.107824,-0.020695,0.0783,nan,nan,nan,nan,nan,nan
2026-05-04 09:17:35.523099,0,-0.199585,-0.04281,0.343934,nan,nan,nan,nan,nan,nan,-3.100373,-0.023796,0.060894,nan,nan,nan,nan,nan,nan
2026-05-04 09:17:35.541650,0,-0.195333,-0.042699,0.343528,-0.135831,-0.047067,0.53028,nan,nan,nan,-3.098468,-0.020562,0.055229,-2.215404,-0.011942,-2.179555,nan,nan,nan
2026-05-04 09:17:35.558376,0,-0.182666,-0.042565,0.342725,nan,nan,nan,nan,nan,nan,-3.108521,-0.018094,0.044567,nan,nan,nan,nan,nan,nan
2026-05-04 09:17:35.575931,0,-0.178449,-0.042584,0.34277,nan,nan,nan,nan,nan,nan,-3.111504,-0.018336,0.03666,nan,nan,nan,nan,nan,nan
2026-05-04 09:17:35.593413,0,-0.169959,-0.042401,0.342872,nan,nan,nan,nan,nan,nan,-3.10985,-0.015919,0.033894,nan,nan,nan,nan,nan,nan
2026-05-04 09:17:35.612450,0,-0.16212,-0.042499,0.344723,nan,nan,nan,nan,nan,nan,-3.103144,-0.009951,0.00192,nan,nan,nan,nan,nan,nan
2026-05-04 09:17:35.630284,0,-0.152652,-0.042482,0.344665,nan,nan,nan,nan,nan,nan,-3.128476,-0.004282,-0.018634,nan,nan,nan,nan,nan,nan
2026-05-04 09:17:35.647722,0,-0.147844,-0.042483,0.344676,nan,nan,nan,nan,nan,nan,-3.11613,-0.00612,-0.037359,nan,nan,nan,nan,nan,nan
2026-05-04 09:17:35.665173,0,-0.138288,-0.04246,0.34418,nan,nan,nan,nan,nan,nan,-3.108479,-0.014743,-0.021433,nan,nan,nan,nan,nan,nan
2026-05-04 09:17:35.683261,0,-0.129276,-0.042464,0.345148,nan,nan,nan,nan,nan,nan,-3.097904,-0.00794,-0.055726,nan,nan,nan,nan,nan,nan
2026-05-04 09:17:35.702006,0,-0.124499,-0.042383,0.344721,nan,nan,nan,nan,nan,nan,-3.108898,-0.00567,-0.070743,nan,nan,nan,nan,nan,nan
2026-05-04 09:17:35.719391,0,-0.110818,-0.042293,0.346231,nan,nan,nan,nan,nan,nan,-3.076126,-0.01764,-0.115505,nan,nan,nan,nan,nan,nan
2026-05-04 09:17:35.737146,0,-0.105979,-0.042181,0.346096,nan,nan,nan,nan,nan,nan,-3.059078,-0.018617,-0.118724,nan,nan,nan,nan,nan,nan
2026-05-04 09:17:35.754858,0,-0.096441,-0.04214,0.345494,nan,nan,nan,nan,nan,nan,-3.084775,-0.014869,-0.135394,nan,nan,nan,nan,nan,nan
2026-05-04 09:17:35.772574,0,-0.087277,-0.041924,0.34512,nan,nan,nan,nan,nan,nan,-3.055731,-0.007217,-0.112539,nan,nan,nan,nan,nan,nan
2026-05-04 09:17:35.790278,0,-0.078395,-0.041884,0.344492,nan,nan,nan,nan,nan,nan,-3.099002,-0.000893,-0.122632,nan,nan,nan,nan,nan,nan
2026-05-04 09:17:35.807906,0,-0.073785,-0.041808,0.343407,nan,nan,nan,nan,nan,nan,-3.13206,0.000536,-0.122678,nan,nan,nan,nan,nan,nan
2026-05-04 09:17:35.825582,0,-0.065154,-0.041917,0.345379,nan,nan,nan,nan,nan,nan,-3.056912,-0.00354,-0.13225,nan,nan,nan,nan,nan,nan
2026-05-04 09:17:35.842910,0,-0.056072,-0.041989,0.345416,nan,nan,nan,nan,nan,nan,-3.022823,-0.020012,-0.093985,nan,nan,nan,nan,nan,nan
2026-05-04 09:17:35.861260,0,-0.051714,-0.041923,0.345004,nan,nan,nan,nan,nan,nan,-3.034802,-0.01383,-0.10544,nan,nan,nan,nan,nan,nan
2026-05-04 09:17:35.880339,0,-0.038702,-0.041876,0.344821,nan,nan,nan,nan,nan,nan,-3.04382,-0.008068,-0.116793,nan,nan,nan,nan,nan,nan
2026-05-04 09:17:35.902256,0,-0.034355,-0.041892,0.344645,nan,nan,nan,nan,nan,nan,-3.079678,-0.004766,-0.120935,nan,nan,nan,nan,nan,nan
2026-05-04 09:17:35.919662,0,-0.021505,-0.041878,0.344359,nan,nan,nan,nan,nan,nan,-3.049049,0.006905,-0.31729,nan,nan,nan,nan,nan,nan
2026-05-04 09:17:35.936981,0,-0.017257,-0.041885,0.34471,nan,nan,nan,nan,nan,nan,-3.046711,0.004544,-0.281976,nan,nan,nan,nan,nan,nan
2026-05-04 09:17:35.954051,0,-0.008314,-0.042132,0.344647,nan,nan,nan,nan,nan,nan,-3.100249,0.004238,-0.345709,nan,nan,nan,nan,nan,nan
2026-05-04 09:17:35.973171,0,5.7e-05,-0.041953,0.345863,nan,nan,nan,nan,nan,nan,-3.071472,0.006896,-0.357557,nan,nan,nan,nan,nan,nan
2026-05-04 09:17:35.993693,0,0.008087,-0.041958,0.345948,nan,nan,nan,nan,nan,nan,-3.0812,0.00618,-0.330555,nan,nan,nan,nan,nan,nan
2026-05-04 09:17:36.011857,0,0.01693,-0.04201,0.347,nan,nan,nan,nan,nan,nan,-3.068719,0.005089,-0.335464,nan,nan,nan,nan,nan,nan
2026-05-04 09:17:36.029256,0,0.025134,-0.042189,0.346748,nan,nan,nan,nan,nan,nan,-3.110257,-0.002192,-0.349879,nan,nan,nan,nan,nan,nan
2026-05-04 09:17:36.052633,0,0.029208,-0.042126,0.347512,nan,nan,nan,nan,nan,nan,-3.082367,0.005398,-0.37418,nan,nan,nan,nan,nan,nan
2026-05-04 09:17:36.071760,0,0.040927,-0.042129,0.349388,nan,nan,nan,nan,nan,nan,-3.085776,0.00997,-0.375293,nan,nan,nan,nan,nan,nan
2026-05-04 09:17:36.089687,0,0.04937,-0.042241,0.351732,nan,nan,nan,nan,nan,nan,-3.063344,0.006465,-0.364864,nan,nan,nan,nan,nan,nan
2026-05-04 09:17:36.108282,0,0.053354,-0.042273,0.352027,nan,nan,nan,nan,nan,nan,-3.068021,0.011343,-0.382875,nan,nan,nan,nan,nan,nan
2026-05-04 09:17:36.126219,0,0.061322,-0.042344,0.353468,nan,nan,nan,nan,nan,nan,-3.075969,0.009949,-0.416736,nan,nan,nan,nan,nan,nan
2026-05-04 09:17:36.144899,0,0.069024,-0.042361,0.353337,nan,nan,nan,nan,nan,nan,-3.073495,0.006771,-0.434795,nan,nan,nan,nan,nan,nan
2026-05-04 09:17:36.162891,0,0.076775,-0.042401,0.355138,nan,nan,nan,nan,nan,nan,-3.067779,0.012789,-0.451847,nan,nan,nan,nan,nan,nan
2026-05-04 09:17:36.181980,0,0.084614,-0.042505,0.357488,nan,nan,nan,nan,nan,nan,-3.076177,0.011707,-0.458346,nan,nan,nan,nan,nan,nan
2026-05-04 09:17:36.198285,0,0.092274,-0.042588,0.358707,nan,nan,nan,nan,nan,nan,-3.071994,0.013547,-0.470913,nan,nan,nan,nan,nan,nan
2026-05-04 09:17:36.215764,0,0.095751,-0.042617,0.359039,nan,nan,nan,nan,nan,nan,-3.063208,0.013975,-0.474956,nan,nan,nan,nan,nan,nan
2026-05-04 09:17:36.234202,0,0.102759,-0.042675,0.36018,nan,nan,nan,nan,nan,nan,-3.063694,0.015058,-0.477782,nan,nan,nan,nan,nan,nan
2026-05-04 09:17:36.252916,0,0.109612,-0.042728,0.36132,nan,nan,nan,nan,nan,nan,-3.071656,0.010375,-0.477427,nan,nan,nan,nan,nan,nan
2026-05-04 09:17:36.269508,0,0.115907,-0.04278,0.362376,nan,nan,nan,nan,nan,nan,-3.078678,0.014865,-0.474944,nan,nan,nan,nan,nan,nan
2026-05-04 09:17:36.286940,0,0.119347,-0.042807,0.363074,nan,nan,nan,nan,nan,nan,-3.071126,0.012561,-0.473661,nan,nan,nan,nan,nan,nan
2026-05-04 09:17:36.304703,0,0.125476,-0.042809,0.363002,nan,nan,nan,nan,nan,nan,-3.081419,0.016944,-0.482495,nan,nan,nan,nan,nan,nan
2026-05-04 09:17:36.322834,0,0.131321,-0.042831,0.363285,nan,nan,nan,nan,nan,nan,-3.064555,0.013454,-0.484819,nan,nan,nan,nan,nan,nan
2026-05-04 09:17:36.342103,0,0.134426,-0.042873,0.364096,nan,nan,nan,nan,nan,nan,-3.058242,0.01304,-0.484433,nan,nan,nan,nan,nan,nan
2026-05-04 09:17:36.360066,0,0.142971,-0.042864,0.363924,nan,nan,nan,nan,nan,nan,-3.062382,0.014597,-0.491753,nan,nan,nan,nan,nan,nan
2026-05-04 09:17:36.378016,0,0.145957,-0.042879,0.364112,nan,nan,nan,nan,nan,nan,-3.071764,0.017427,-0.491696,nan,nan,nan,nan,nan,nan
2026-05-04 09:17:36.396302,0,0.151846,-0.042944,0.36569,nan,nan,nan,0.047388,-0.048611,0.53504,-3.082237,0.018659,-0.481765,nan,nan,nan,-2.480366,-0.035229,1.886386
2026-05-04 09:17:36.413706,0,0.157636,-0.042967,0.36622,nan,nan,nan,nan,nan,nan,-3.079075,0.013506,-0.494458,nan,nan,nan,nan,nan,nan
2026-05-04 09:17:36.431638,0,0.163889,-0.043019,0.367107,nan,nan,nan,nan,nan,nan,-3.066492,0.009946,-0.492809,nan,nan,nan,nan,nan,nan
2026-05-04 09:17:36.448380,0,0.169628,-0.043007,0.367374,nan,nan,nan,0.06442,-0.048475,0.535667,-3.072721,0.01529,-0.501178,nan,nan,nan,-2.498446,-0.037062,1.876504
2026-05-04 09:17:36.466252,0,0.17262,-0.043057,0.367829,nan,nan,nan,0.066988,-0.048363,0.535384,-3.066401,0.016594,-0.504869,nan,nan,nan,-2.506859,-0.028099,1.869912
2026-05-04 09:17:36.483484,0,0.178367,-0.043074,0.368152,nan,nan,nan,0.072631,-0.048461,0.535453,-3.063713,0.018057,-0.518464,nan,nan,nan,-2.49316,-0.020398,1.872629
2026-05-04 09:17:36.499670,0,0.184629,-0.043135,0.369306,nan,nan,nan,nan,nan,nan,-3.055793,0.018765,-0.522661,nan,nan,nan,nan,nan,nan
2026-05-04 09:17:36.516831,0,0.187656,-0.043158,0.369773,nan,nan,nan,nan,nan,nan,-3.060598,0.022562,-0.527429,nan,nan,nan,nan,nan,nan
2026-05-04 09:17:36.534030,0,0.194001,-0.043228,0.370998,nan,nan,nan,0.085961,-0.048333,0.5368,-3.061996,0.018574,-0.537034,nan,nan,nan,-2.529561,-0.031667,1.851947
2026-05-04 09:17:36.550719,0,0.200525,-0.043294,0.372494,nan,nan,nan,0.09129,-0.048392,0.536255,-3.05638,0.017854,-0.548588,nan,nan,nan,-2.524154,-0.020162,1.834841
2026-05-04 09:17:36.567525,0,0.203567,-0.043313,0.372886,nan,nan,nan,0.093726,-0.048344,0.538544,-3.057551,0.021949,-0.561069,nan,nan,nan,-2.523214,-0.015204,1.837634
2026-05-04 09:17:36.586377,0,0.209232,-0.043336,0.373339,nan,nan,nan,0.099387,-0.048543,0.538316,-3.054027,0.023179,-0.576468,nan,nan,nan,-2.549175,-0.012648,1.801527
2026-05-04 09:17:36.604518,0,0.215863,-0.043463,0.375872,nan,nan,nan,0.104221,-0.048443,0.538573,-3.054888,0.022692,-0.585392,nan,nan,nan,-2.544851,-0.013407,1.814577
2026-05-04 09:17:36.621167,0,0.221986,-0.043555,0.37768,nan,nan,nan,0.109676,-0.048496,0.539528,-3.051263,0.023394,-0.59362,nan,nan,nan,-2.556599,-0.01126,1.797221
2026-05-04 09:17:36.638210,0,0.228133,-0.043627,0.379059,nan,nan,nan,nan,nan,nan,-3.042535,0.022509,-0.605925,nan,nan,nan,nan,nan,nan
2026-05-04 09:17:36.655193,0,0.231068,-0.043644,0.379409,nan,nan,nan,nan,nan,nan,-3.043373,0.027743,-0.617549,nan,nan,nan,nan,nan,nan
2026-05-04 09:17:36.671784,0,0.237515,-0.04375,0.381489,nan,nan,nan,0.122447,-0.048386,0.540143,-3.037282,0.02862,-0.632872,nan,nan,nan,-2.564206,-0.008138,1.775539
2026-05-04 09:17:36.688599,0,0.240795,-0.0438,0.382528,nan,nan,nan,0.12548,-0.048542,0.541548,-3.042007,0.027154,-0.636152,nan,nan,nan,-2.571095,-0.013211,1.771369
2026-05-04 09:17:36.706739,0,0.247528,-0.043913,0.384752,nan,nan,nan,0.130663,-0.048722,0.542828,-3.03394,0.02715,-0.660001,nan,nan,nan,-2.584751,-0.019884,1.758539
2026-05-04 09:17:36.724715,0,0.254194,-0.044029,0.387072,nan,nan,nan,0.136215,-0.048721,0.545565,-3.031606,0.026415,-0.676833,nan,nan,nan,-2.589984,-0.006625,1.734712
2026-05-04 09:17:36.742226,0,0.259732,-0.04407,0.387909,nan,nan,nan,nan,nan,nan,-3.032224,0.030849,-0.694912,nan,nan,nan,nan,nan,nan
2026-05-04 09:17:36.758763,0,0.266,-0.044159,0.389699,nan,nan,nan,0.145792,-0.048505,0.544228,-3.031427,0.031647,-0.705667,nan,nan,nan,-2.610926,-0.014484,1.716937
2026-05-04 09:17:36.776380,0,0.269115,-0.04421,0.390679,nan,nan,nan,0.148542,-0.048512,0.545226,-3.023917,0.036093,-0.723127,nan,nan,nan,-2.604235,-0.005681,1.705085
2026-05-04 09:17:36.793652,0,0.276266,-0.04438,0.394011,nan,nan,nan,0.153376,-0.048451,0.547384,-3.017847,0.033271,-0.737267,nan,nan,nan,-2.611292,-0.00411,1.68993
2026-05-04 09:17:36.810574,0,0.282123,-0.044468,0.395782,nan,nan,nan,0.157875,-0.048442,0.546083,-3.014669,0.032953,-0.750687,nan,nan,nan,-2.639787,-0.017093,1.674748
2026-05-04 09:17:36.827655,0,0.284153,-0.044452,0.395522,nan,nan,nan,0.160474,-0.04847,0.547532,-3.020098,0.035707,-0.756002,nan,nan,nan,-2.621317,-0.011649,1.69231
2026-05-04 09:17:36.844587,0,0.289476,-0.044555,0.397232,nan,nan,nan,0.165105,-0.048613,0.548082,-3.015763,0.035402,-0.76126,nan,nan,nan,-2.633949,-0.009376,1.672603
2026-05-04 09:17:36.861619,0,0.294707,-0.044624,0.399003,nan,nan,nan,0.169794,-0.048705,0.549165,-3.018032,0.033595,-0.774721,nan,nan,nan,-2.644737,-0.006327,1.649106
2026-05-04 09:17:36.878731,0,0.299176,-0.044722,0.400091,nan,nan,nan,0.17388,-0.048723,0.549575,-3.013889,0.033966,-0.780214,nan,nan,nan,-2.642289,-0.00892,1.658306
2026-05-04 09:17:36.895884,0,nan,nan,nan,nan,nan,nan,0.176188,-0.048747,0.550755,nan,nan,nan,nan,nan,nan,-2.645449,-0.013093,1.660911
2026-05-04 09:17:36.912695,0,nan,nan,nan,nan,nan,nan,0.179931,-0.048935,0.553059,nan,nan,nan,nan,nan,nan,-2.638026,-0.007547,1.663465
2026-05-04 09:17:36.929462,0,nan,nan,nan,nan,nan,nan,0.183647,-0.04882,0.553902,nan,nan,nan,nan,nan,nan,-2.656967,-0.007612,1.637362
2026-05-04 09:17:36.946845,0,nan,nan,nan,nan,nan,nan,0.184907,-0.04874,0.552224,nan,nan,nan,nan,nan,nan,-2.661212,-0.016998,1.639793
2026-05-04 09:17:36.964531,0,0.315381,-0.044995,0.406258,nan,nan,nan,0.187777,-0.048772,0.552973,-2.998986,0.037298,-0.824272,nan,nan,nan,-2.66839,-0.009081,1.616342
2026-05-04 09:17:36.982208,0,0.320255,-0.045336,0.409417,nan,nan,nan,0.190773,-0.048911,0.553175,-2.991697,0.053938,-0.832943,nan,nan,nan,-2.668017,-0.010122,1.624064
2026-05-04 09:17:36.998610,0,0.323891,-0.045518,0.411982,nan,nan,nan,0.193685,-0.049052,0.555819,-2.989094,0.049438,-0.838585,nan,nan,nan,-2.668219,-0.008042,1.62405
2026-05-04 09:17:37.015992,0,nan,nan,nan,nan,nan,nan,0.195307,-0.049182,0.557675,nan,nan,nan,nan,nan,nan,-2.674086,-0.010289,1.622768
2026-05-04 09:17:37.033264,0,nan,nan,nan,nan,nan,nan,0.197529,-0.049238,0.559764,nan,nan,nan,nan,nan,nan,-2.688066,-0.003596,1.58537
2026-05-04 09:17:37.051493,0,nan,nan,nan,nan,nan,nan,0.199732,-0.049334,0.563032,nan,nan,nan,nan,nan,nan,-2.691525,-0.006811,1.575463
2026-05-04 09:17:37.068133,0,0.334958,-0.046367,0.424063,nan,nan,nan,0.201541,-0.049482,0.565274,-2.986711,0.053373,-0.8458,nan,nan,nan,-2.696824,-0.005542,1.574332
2026-05-04 09:17:37.085193,0,0.335561,-0.046333,0.425026,nan,nan,nan,0.201993,-0.049494,0.566102,-2.991231,0.053336,-0.845342,nan,nan,nan,-2.693954,-0.008915,1.586421
2026-05-04 09:17:37.101584,0,nan,nan,nan,nan,nan,nan,0.203583,-0.04964,0.56928,nan,nan,nan,nan,nan,nan,-2.687985,-0.004704,1.600534
2026-05-04 09:17:37.118303,0,nan,nan,nan,nan,nan,nan,0.205273,-0.049761,0.571397,nan,nan,nan,nan,nan,nan,-2.686142,-0.003755,1.605481
2026-05-04 09:17:37.135260,0,0.339536,-0.046565,0.431636,nan,nan,nan,0.206312,-0.049837,0.573341,-2.983748,0.052047,-0.849732,nan,nan,nan,-2.693302,0.004519,1.568017
2026-05-04 09:17:37.152052,0,0.340589,-0.046574,0.433011,nan,nan,nan,0.20745,-0.049927,0.574466,-2.991733,0.042807,-0.854109,nan,nan,nan,-2.689116,-0.010781,1.595985
2026-05-04 09:17:37.168650,0,nan,nan,nan,nan,nan,nan,0.209237,-0.049924,0.576675,nan,nan,nan,nan,nan,nan,-2.688749,-0.004354,1.596337
2026-05-04 09:17:37.186708,0,nan,nan,nan,nan,nan,nan,0.210222,-0.05016,0.576838,nan,nan,nan,nan,nan,nan,-2.69306,-0.009982,1.591057
2026-05-04 09:17:37.203460,0,nan,nan,nan,nan,nan,nan,0.212243,-0.050286,0.578994,nan,nan,nan,nan,nan,nan,-2.687611,-0.007505,1.585728
2026-05-04 09:17:37.220466,0,nan,nan,nan,nan,nan,nan,0.214069,-0.050317,0.580009,nan,nan,nan,nan,nan,nan,-2.709967,-0.004486,1.555393
2026-05-04 09:17:37.237506,0,nan,nan,nan,nan,nan,nan,0.214982,-0.050327,0.579684,nan,nan,nan,nan,nan,nan,-2.708828,-0.004147,1.559952
2026-05-04 09:17:37.254773,0,nan,nan,nan,nan,nan,nan,0.217818,-0.050524,0.582983,nan,nan,nan,nan,nan,nan,-2.688576,-0.006566,1.591092
2026-05-04 09:17:37.270943,0,nan,nan,nan,nan,nan,nan,0.218934,-0.050219,0.580519,nan,nan,nan,nan,nan,nan,-2.684275,-0.007274,1.608911
2026-05-04 09:17:37.287670,0,nan,nan,nan,nan,nan,nan,0.220391,-0.050233,0.581513,nan,nan,nan,nan,nan,nan,-2.683129,-0.005587,1.606702
2026-05-04 09:17:37.304286,0,nan,nan,nan,nan,nan,nan,0.222618,-0.050192,0.580851,nan,nan,nan,nan,nan,nan,-2.696238,-0.00076,1.582608
2026-05-04 09:17:37.321790,0,nan,nan,nan,nan,nan,nan,0.224878,-0.050163,0.57986,nan,nan,nan,nan,nan,nan,-2.673733,-0.010654,1.627915
2026-05-04 09:17:37.338039,0,nan,nan,nan,nan,nan,nan,0.227239,-0.050176,0.579302,nan,nan,nan,nan,nan,nan,-2.689004,-0.003312,1.599377
2026-05-04 09:17:37.354970,0,nan,nan,nan,nan,nan,nan,0.228186,-0.050132,0.577881,nan,nan,nan,nan,nan,nan,-2.660507,-0.008223,1.643234
2026-05-04 09:17:37.371307,0,nan,nan,nan,nan,nan,nan,0.230468,-0.050161,0.57705,nan,nan,nan,nan,nan,nan,-2.671396,-0.005292,1.613818
2026-05-04 09:17:37.388196,0,nan,nan,nan,nan,nan,nan,0.231599,-0.05017,0.577275,nan,nan,nan,nan,nan,nan,-2.671203,-0.005929,1.618161
2026-05-04 09:17:37.404644,0,nan,nan,nan,nan,nan,nan,0.234196,-0.050237,0.576353,nan,nan,nan,nan,nan,nan,-2.649757,-0.001705,1.630427
2026-05-04 09:17:37.420830,0,nan,nan,nan,nan,nan,nan,0.236372,-0.050204,0.573905,nan,nan,nan,nan,nan,nan,-2.649354,-0.006583,1.640305
2026-05-04 09:17:37.438219,0,nan,nan,nan,nan,nan,nan,0.236863,-0.050132,0.572388,nan,nan,nan,nan,nan,nan,-2.652571,-0.014616,1.653537
2026-05-04 09:17:37.454901,0,nan,nan,nan,nan,nan,nan,0.240172,-0.050116,0.571182,nan,nan,nan,nan,nan,nan,-2.647409,-0.015054,1.651477
2026-05-04 09:17:37.471927,0,nan,nan,nan,nan,nan,nan,0.243511,-0.050076,0.570446,nan,nan,nan,nan,nan,nan,-2.64928,-0.009333,1.641368
2026-05-04 09:17:37.488754,0,nan,nan,nan,nan,nan,nan,0.245795,-0.049932,0.567044,nan,nan,nan,nan,nan,nan,-2.65834,-0.015749,1.628679
2026-05-04 09:17:37.505559,0,nan,nan,nan,nan,nan,nan,0.248029,-0.049968,0.567822,nan,nan,nan,nan,nan,nan,-2.65497,-0.00839,1.617757
2026-05-04 09:17:37.522897,0,nan,nan,nan,nan,nan,nan,0.251089,-0.049684,0.56547,nan,nan,nan,nan,nan,nan,-2.659466,-0.006696,1.638279
2026-05-04 09:17:37.538624,0,nan,nan,nan,nan,nan,nan,0.254012,-0.049467,0.562082,nan,nan,nan,nan,nan,nan,-2.666406,-0.003391,1.628041
2026-05-04 09:17:37.556562,0,nan,nan,nan,nan,nan,nan,0.254911,-0.049237,0.559601,nan,nan,nan,nan,nan,nan,-2.660892,-0.007458,1.640124
2026-05-04 09:17:37.574603,0,nan,nan,nan,nan,nan,nan,0.257613,-0.049242,0.557152,nan,nan,nan,nan,nan,nan,-2.657341,-0.00301,1.646031
2026-05-04 09:17:37.592360,0,nan,nan,nan,nan,nan,nan,0.260268,-0.049289,0.555184,nan,nan,nan,nan,nan,nan,-2.651817,-0.006785,1.632476
2026-05-04 09:17:37.609233,0,nan,nan,nan,nan,nan,nan,0.26243,-0.049237,0.552426,nan,nan,nan,nan,nan,nan,-2.662676,-0.005647,1.613419
2026-05-04 09:17:37.626688,0,nan,nan,nan,nan,nan,nan,0.263443,-0.049172,0.550478,nan,nan,nan,nan,nan,nan,-2.655777,-0.006497,1.623905
2026-05-04 09:17:37.643752,0,nan,nan,nan,nan,nan,nan,0.265558,-0.049107,0.54852,nan,nan,nan,nan,nan,nan,-2.652996,-0.009742,1.632521
2026-05-04 09:17:37.661003,0,nan,nan,nan,nan,nan,nan,0.267115,-0.048976,0.545618,nan,nan,nan,nan,nan,nan,-2.645812,-0.012172,1.648149
2026-05-04 09:17:37.678136,0,nan,nan,nan,nan,nan,nan,0.268721,-0.048782,0.544292,nan,nan,nan,nan,nan,nan,-2.655869,-0.003313,1.635243
2026-05-04 09:17:37.695343,0,nan,nan,nan,nan,nan,nan,0.269132,-0.048737,0.543168,nan,nan,nan,nan,nan,nan,-2.650428,-0.003565,1.641293
2026-05-04 09:17:37.712426,0,nan,nan,nan,nan,nan,nan,0.26981,-0.04849,0.540622,nan,nan,nan,nan,nan,nan,-2.650526,-0.004872,1.659403
2026-05-04 09:17:37.730082,0,nan,nan,nan,nan,nan,nan,0.271027,-0.048383,0.539231,nan,nan,nan,nan,nan,nan,-2.643468,-0.003568,1.670864
2026-05-04 09:17:37.746835,0,nan,nan,nan,nan,nan,nan,0.271403,-0.048343,0.53823,nan,nan,nan,nan,nan,nan,-2.638287,0.000874,1.669666
2026-05-04 09:17:37.764510,0,nan,nan,nan,nan,nan,nan,0.271294,-0.048263,0.535998,nan,nan,nan,nan,nan,nan,-2.634762,-0.00843,1.684929
2026-05-04 09:17:37.782541,0,nan,nan,nan,nan,nan,nan,0.271082,-0.048124,0.53375,nan,nan,nan,nan,nan,nan,-2.62766,-0.008324,1.690382
2026-05-04 09:17:37.799017,0,nan,nan,nan,nan,nan,nan,0.270089,-0.047946,0.530432,nan,nan,nan,nan,nan,nan,-2.633239,-0.001854,1.685447
2026-05-04 09:17:37.816615,0,nan,nan,nan,nan,nan,nan,0.269661,-0.047885,0.528231,nan,nan,nan,nan,nan,nan,-2.637676,-0.003781,1.68112
2026-05-04 09:17:37.834216,0,nan,nan,nan,nan,nan,nan,0.268444,-0.047724,0.524842,nan,nan,nan,nan,nan,nan,-2.644796,-0.002854,1.665949
2026-05-04 09:17:37.852069,0,nan,nan,nan,nan,nan,nan,0.267214,-0.047579,0.520726,nan,nan,nan,nan,nan,nan,-2.641996,-0.003619,1.675307
2026-05-04 09:17:37.868886,0,nan,nan,nan,nan,nan,nan,0.266595,-0.047456,0.517845,nan,nan,nan,nan,nan,nan,-2.63102,-0.005116,1.679902
2026-05-04 09:17:37.887010,0,nan,nan,nan,nan,nan,nan,0.265645,-0.047367,0.515467,nan,nan,nan,nan,nan,nan,-2.638129,-0.006589,1.677348
2026-05-04 09:17:37.905904,0,nan,nan,nan,nan,nan,nan,0.264785,-0.047193,0.511956,nan,nan,nan,nan,nan,nan,-2.632711,-0.006479,1.687535
2026-05-04 09:17:37.923202,0,nan,nan,nan,nan,nan,nan,0.263546,-0.047055,0.509064,nan,nan,nan,nan,nan,nan,-2.634168,-0.004753,1.677841
2026-05-04 09:17:37.941006,0,nan,nan,nan,nan,nan,nan,0.26213,-0.046866,0.505594,nan,nan,nan,nan,nan,nan,-2.646717,-0.005729,1.667615
2026-05-04 09:17:37.957659,0,nan,nan,nan,nan,nan,nan,0.260682,-0.046698,0.502081,nan,nan,nan,nan,nan,nan,-2.62661,-0.010636,1.6999
2026-05-04 09:17:37.974347,0,nan,nan,nan,nan,nan,nan,0.259348,-0.046506,0.498688,nan,nan,nan,nan,nan,nan,-2.637362,-0.008133,1.69011
2026-05-04 09:17:37.997512,0,nan,nan,nan,nan,nan,nan,0.257383,-0.046321,0.495043,nan,nan,nan,nan,nan,nan,-2.635557,-0.006414,1.69991
2026-05-04 09:17:38.014854,0,nan,nan,nan,nan,nan,nan,0.255276,-0.04615,0.491676,nan,nan,nan,nan,nan,nan,-2.639488,-0.001792,1.679617
2026-05-04 09:17:38.031135,0,nan,nan,nan,nan,nan,nan,0.252332,-0.045881,0.488656,nan,nan,nan,nan,nan,nan,-2.624145,0.005731,1.680921
2026-05-04 09:17:38.047179,0,nan,nan,nan,nan,nan,nan,0.250383,-0.045779,0.486141,nan,nan,nan,nan,nan,nan,-2.629207,0.002164,1.688167
2026-05-04 09:17:38.064150,0,nan,nan,nan,nan,nan,nan,0.246767,-0.045658,0.483627,nan,nan,nan,nan,nan,nan,-2.631837,-0.003136,1.691537
2026-05-04 09:17:38.079993,0,nan,nan,nan,nan,nan,nan,0.243354,-0.045673,0.482722,nan,nan,nan,nan,nan,nan,-2.617188,-0.0038,1.699587
2026-05-04 09:17:38.099143,0,nan,nan,nan,nan,nan,nan,0.241341,-0.0456,0.482079,nan,nan,nan,nan,nan,nan,-2.621189,-0.005047,1.698794
2026-05-04 09:17:38.115607,0,nan,nan,nan,nan,nan,nan,0.237041,-0.045497,0.481493,nan,nan,nan,nan,nan,nan,-2.642577,0.000255,1.670122
2026-05-04 09:17:38.133158,0,nan,nan,nan,nan,nan,nan,0.234525,-0.045365,0.480698,nan,nan,nan,nan,nan,nan,-2.625421,-0.007557,1.692152
2026-05-04 09:17:38.150527,0,nan,nan,nan,nan,nan,nan,0.226966,-0.045193,0.479948,nan,nan,nan,nan,nan,nan,-2.613757,-0.008231,1.687974
2026-05-04 09:17:38.167386,0,nan,nan,nan,nan,nan,nan,0.224505,-0.04516,0.480319,nan,nan,nan,nan,nan,nan,-2.617735,-0.0092,1.684732
2026-05-04 09:17:38.187041,0,nan,nan,nan,nan,nan,nan,0.222188,-0.045207,0.480943,nan,nan,nan,nan,nan,nan,-2.625524,-0.007834,1.673026
2026-05-04 09:17:38.203896,0,nan,nan,nan,nan,nan,nan,0.214573,-0.04546,0.483898,nan,nan,nan,nan,nan,nan,-2.630929,-0.007079,1.668691
2026-05-04 09:17:38.222096,0,nan,nan,nan,nan,nan,nan,0.209282,-0.045552,0.486504,nan,nan,nan,nan,nan,nan,-2.625992,-0.007083,1.664221
2026-05-04 09:17:38.238469,0,nan,nan,nan,nan,nan,nan,0.2042,-0.045776,0.489089,nan,nan,nan,nan,nan,nan,-2.64849,-0.001426,1.648127
2026-05-04 09:17:38.255576,0,nan,nan,nan,nan,nan,nan,0.20126,-0.045708,0.489332,nan,nan,nan,nan,nan,nan,-2.644461,-0.011488,1.666773
2026-05-04 09:17:38.272296,0,nan,nan,nan,nan,nan,nan,0.196362,-0.045735,0.493676,nan,nan,nan,nan,nan,nan,-2.642826,-0.010133,1.65167
2026-05-04 09:17:38.291018,0,nan,nan,nan,nan,nan,nan,0.193816,-0.045766,0.496,nan,nan,nan,nan,nan,nan,-2.640879,-0.001307,1.648696
2026-05-04 09:17:38.308107,0,nan,nan,nan,nan,nan,nan,0.187541,-0.045836,0.498693,nan,nan,nan,nan,nan,nan,-2.651671,-0.011068,1.656841
2026-05-04 09:17:38.325702,0,nan,nan,nan,nan,nan,nan,0.181926,-0.046047,0.501709,nan,nan,nan,nan,nan,nan,-2.639911,-0.005619,1.652188
2026-05-04 09:17:38.343801,0,0.305021,-0.043409,0.361706,nan,nan,nan,0.176706,-0.046298,0.506148,-3.012014,0.036946,-0.787526,nan,nan,nan,-2.644318,-0.009444,1.64568
2026-05-04 09:17:38.360544,0,nan,nan,nan,nan,nan,nan,0.171211,-0.046474,0.509664,nan,nan,nan,nan,nan,nan,-2.642664,-0.011073,1.64044
2026-05-04 09:17:38.378272,0,0.298621,-0.04359,0.369216,nan,nan,nan,0.168287,-0.046363,0.511997,-3.0052,0.051904,-0.794483,nan,nan,nan,-2.659781,-0.007273,1.634927
2026-05-04 09:17:38.395585,0,0.292078,-0.04373,0.371587,nan,nan,nan,0.162688,-0.046468,0.515796,-3.004099,0.055814,-0.798315,nan,nan,nan,-2.656373,-0.007826,1.63821
2026-05-04 09:17:38.413327,0,0.287623,-0.043715,0.375563,nan,nan,nan,0.157414,-0.046822,0.519212,-2.998747,0.053199,-0.811333,nan,nan,nan,-2.663259,-0.006708,1.618758
2026-05-04 09:17:38.430703,0,0.282146,-0.043572,0.378006,nan,nan,nan,0.152053,-0.046975,0.522025,-2.99761,0.039726,-0.825941,nan,nan,nan,-2.66535,-0.010749,1.613649
2026-05-04 09:17:38.447780,0,0.27947,-0.043647,0.379266,nan,nan,nan,0.149207,-0.04705,0.522677,-3.000763,0.035327,-0.834176,nan,nan,nan,-2.651168,-0.003754,1.614632
2026-05-04 09:17:38.465556,0,0.275969,-0.043887,0.384263,nan,nan,nan,0.144427,-0.047247,0.527181,-2.996544,0.042936,-0.835969,nan,nan,nan,-2.651219,-0.004584,1.598974
2026-05-04 09:17:38.482782,0,0.271439,-0.044064,0.387789,nan,nan,nan,0.139261,-0.047305,0.530747,-2.997428,0.043755,-0.836942,nan,nan,nan,-2.6713,-0.005127,1.598465
2026-05-04 09:17:38.499980,0,0.26668,-0.044211,0.390698,nan,nan,nan,0.134042,-0.047139,0.533505,-2.993294,0.043306,-0.841648,nan,nan,nan,-2.661662,-0.001936,1.622368
2026-05-04 09:17:38.516815,0,0.265041,-0.044311,0.392705,nan,nan,nan,0.131993,-0.047491,0.535242,-2.997093,0.042655,-0.842871,nan,nan,nan,-2.66741,0.000251,1.586774
2026-05-04 09:17:38.537266,0,nan,nan,nan,nan,nan,nan,0.127308,-0.047621,0.53721,nan,nan,nan,nan,nan,nan,-2.676565,-0.012494,1.595648
2026-05-04 09:17:38.553851,0,nan,nan,nan,nan,nan,nan,0.122608,-0.047722,0.538344,nan,nan,nan,nan,nan,nan,-2.668752,-0.004203,1.585092
2026-05-04 09:17:38.570863,0,nan,nan,nan,nan,nan,nan,0.118147,-0.047891,0.541471,nan,nan,nan,nan,nan,nan,-2.671443,-0.011706,1.589756
2026-05-04 09:17:38.587881,0,nan,nan,nan,nan,nan,nan,0.115454,-0.047845,0.541256,nan,nan,nan,nan,nan,nan,-2.676242,-0.002418,1.575993
2026-05-04 09:17:38.605347,0,nan,nan,nan,nan,nan,nan,0.111095,-0.047991,0.544508,nan,nan,nan,nan,nan,nan,-2.67525,-0.011434,1.577056
2026-05-04 09:17:38.621954,0,nan,nan,nan,nan,nan,nan,0.106515,-0.047987,0.544943,nan,nan,nan,nan,nan,nan,-2.652918,-0.003524,1.600743
2026-05-04 09:17:38.638532,0,nan,nan,nan,nan,nan,nan,0.103766,-0.04803,0.544092,nan,nan,nan,nan,nan,nan,-2.675269,-0.017449,1.574883
2026-05-04 09:17:38.656654,0,nan,nan,nan,nan,nan,nan,0.098742,-0.047971,0.545213,nan,nan,nan,nan,nan,nan,-2.672504,-0.01383,1.605518
2026-05-04 09:17:38.674232,0,0.227638,-0.044794,0.404744,nan,nan,nan,0.093521,-0.048027,0.546192,-3.000256,0.046168,-0.819102,nan,nan,nan,-2.659295,-0.011948,1.614073
2026-05-04 09:17:38.691566,0,0.220595,-0.044479,0.40325,nan,nan,nan,0.088259,-0.04809,0.548219,-2.997758,0.04627,-0.805163,nan,nan,nan,-2.641113,-0.007479,1.636995
2026-05-04 09:17:38.708577,0,0.212525,-0.044421,0.401261,nan,nan,nan,0.081702,-0.048069,0.545058,-2.99909,0.046126,-0.785558,nan,nan,nan,-2.635083,-0.025504,1.651176
2026-05-04 09:17:38.726554,0,0.208216,-0.044237,0.399443,nan,nan,nan,nan,nan,nan,-3.005577,0.042458,-0.775193,nan,nan,nan,nan,nan,nan
2026-05-04 09:17:38.744430,0,0.199148,-0.04386,0.396076,nan,nan,nan,nan,nan,nan,-3.010084,0.040083,-0.766882,nan,nan,nan,nan,nan,nan
2026-05-04 09:17:38.762086,0,0.19024,-0.043675,0.393732,nan,nan,nan,nan,nan,nan,-3.019576,0.032452,-0.743461,nan,nan,nan,nan,nan,nan
2026-05-04 09:17:38.778070,0,0.179838,-0.043467,0.389466,nan,nan,nan,nan,nan,nan,-3.024969,0.031944,-0.723982,nan,nan,nan,nan,nan,nan
2026-05-04 09:17:38.797422,0,0.175385,-0.043419,0.388739,nan,nan,nan,0.052869,-0.047947,0.541694,-3.032653,0.028015,-0.692318,nan,nan,nan,-2.587097,-0.011933,1.70883
2026-05-04 09:17:38.814100,0,0.166324,-0.043374,0.38781,nan,nan,nan,0.045193,-0.047838,0.539115,-3.034953,0.028736,-0.682472,nan,nan,nan,-2.579415,-0.025128,1.742227
2026-05-04 09:17:38.832804,0,0.155864,-0.043295,0.386022,nan,nan,nan,0.036716,-0.047935,0.54129,-3.046685,0.024789,-0.654149,nan,nan,nan,-2.555873,-0.02845,1.773447
2026-05-04 09:17:38.848746,0,0.14346,-0.043109,0.38213,nan,nan,nan,0.027794,-0.047902,0.540794,-3.045978,0.024445,-0.628027,nan,nan,nan,-2.533459,-0.015299,1.788747
2026-05-04 09:17:38.865637,0,0.13752,-0.043062,0.381202,nan,nan,nan,0.023211,-0.047924,0.541184,-3.055704,0.024309,-0.596355,nan,nan,nan,-2.543512,-0.025,1.798481
2026-05-04 09:17:38.882693,0,0.124988,-0.042916,0.378258,nan,nan,nan,nan,nan,nan,-3.064143,0.02199,-0.570747,nan,nan,nan,nan,nan,nan
2026-05-04 09:17:38.899300,0,0.112629,-0.0429,0.375301,nan,nan,nan,nan,nan,nan,-3.060711,0.02595,-0.546802,nan,nan,nan,nan,nan,nan
2026-05-04 09:17:38.920938,0,0.106325,-0.042755,0.374174,nan,nan,nan,nan,nan,nan,-3.057837,0.023763,-0.558867,nan,nan,nan,nan,nan,nan
2026-05-04 09:17:38.937708,0,0.094258,-0.042626,0.372203,nan,nan,nan,nan,nan,nan,-3.062014,0.018702,-0.516923,nan,nan,nan,nan,nan,nan
2026-05-04 09:17:38.955023,0,0.082784,-0.042721,0.370785,nan,nan,nan,nan,nan,nan,-3.076655,0.01383,-0.497717,nan,nan,nan,nan,nan,nan
2026-05-04 09:17:38.971478,0,0.07028,-0.043098,0.371215,nan,nan,nan,nan,nan,nan,-3.080957,0.016205,-0.445803,nan,nan,nan,nan,nan,nan
2026-05-04 09:17:38.989916,0,0.063547,-0.043102,0.370466,nan,nan,nan,nan,nan,nan,-3.070564,0.019626,-0.457055,nan,nan,nan,nan,nan,nan
2026-05-04 09:17:39.006957,0,0.049323,-0.043021,0.368004,nan,nan,nan,nan,nan,nan,-3.086968,0.011535,-0.423381,nan,nan,nan,nan,nan,nan
2026-05-04 09:17:39.024449,0,0.035794,-0.042901,0.365467,nan,nan,nan,nan,nan,nan,-3.083264,0.010736,-0.36901,nan,nan,nan,nan,nan,nan
2026-05-04 09:17:39.040985,0,0.022701,-0.0428,0.363076,nan,nan,nan,nan,nan,nan,-3.086515,0.005178,-0.329734,nan,nan,nan,nan,nan,nan
2026-05-04 09:17:39.057733,0,0.01675,-0.04276,0.362437,nan,nan,nan,nan,nan,nan,-3.069333,0.011302,-0.338928,nan,nan,nan,nan,nan,nan
2026-05-04 09:17:39.075143,0,0.004187,-0.041949,0.358354,nan,nan,nan,nan,nan,nan,-3.05204,0.014366,-0.375046,nan,nan,nan,nan,nan,nan
2026-05-04 09:17:39.092809,0,-0.008809,-0.04185,0.356266,nan,nan,nan,nan,nan,nan,-3.058553,0.016968,-0.373297,nan,nan,nan,nan,nan,nan
2026-05-04 09:17:39.111929,0,-0.022246,-0.04177,0.354304,nan,nan,nan,nan,nan,nan,-3.06603,0.015999,-0.331475,nan,nan,nan,nan,nan,nan
2026-05-04 09:17:39.128395,0,-0.037214,-0.042398,0.355671,nan,nan,nan,nan,nan,nan,-3.039429,-0.006432,-0.014435,nan,nan,nan,nan,nan,nan
2026-05-04 09:17:39.145737,0,-0.044132,-0.04234,0.35364,nan,nan,nan,nan,nan,nan,-3.067993,-0.005831,-0.099468,nan,nan,nan,nan,nan,nan
2026-05-04 09:17:39.162849,0,-0.057345,-0.042213,0.352704,nan,nan,nan,nan,nan,nan,-3.030181,-0.000506,-0.166171,nan,nan,nan,nan,nan,nan
2026-05-04 09:17:39.180491,0,-0.069441,-0.042204,0.351021,nan,nan,nan,nan,nan,nan,-3.059878,0.004064,-0.091919,nan,nan,nan,nan,nan,nan
2026-05-04 09:17:39.197540,0,-0.075713,-0.042203,0.350928,nan,nan,nan,nan,nan,nan,-3.065864,0.004838,-0.097987,nan,nan,nan,nan,nan,nan
2026-05-04 09:17:39.214650,0,-0.08928,-0.042156,0.350186,nan,nan,nan,nan,nan,nan,-3.082654,0.007933,-0.064264,nan,nan,nan,nan,nan,nan
2026-05-04 09:17:39.231928,0,-0.102552,-0.04198,0.34637,nan,nan,nan,nan,nan,nan,-3.088532,0.000701,-0.000308,nan,nan,nan,nan,nan,nan
2026-05-04 09:17:39.248766,0,-0.116575,-0.041915,0.345111,nan,nan,nan,nan,nan,nan,-3.10382,0.006572,0.011944,nan,nan,nan,nan,nan,nan
2026-05-04 09:17:39.266500,0,-0.1226,-0.041774,0.342383,nan,nan,nan,nan,nan,nan,-3.11103,0.000621,0.059366,nan,nan,nan,nan,nan,nan
2026-05-04 09:17:39.284220,0,-0.135351,-0.041749,0.341794,nan,nan,nan,nan,nan,nan,-3.098041,-0.005576,0.06936,nan,nan,nan,nan,nan,nan
2026-05-04 09:17:39.301507,0,-0.147952,-0.041729,0.341377,nan,nan,nan,nan,nan,nan,-3.095627,-0.001549,0.08243,nan,nan,nan,nan,nan,nan
2026-05-04 09:17:39.318127,0,-0.153819,-0.041699,0.340669,nan,nan,nan,nan,nan,nan,-3.10012,-0.001172,0.094459,nan,nan,nan,nan,nan,nan
2026-05-04 09:17:39.338241,0,-0.166913,-0.042256,0.342072,nan,nan,nan,nan,nan,nan,-3.101009,-0.000698,0.101424,nan,nan,nan,nan,nan,nan
2026-05-04 09:17:39.355496,0,-0.17871,-0.04168,0.339385,nan,nan,nan,nan,nan,nan,-3.103866,0.000612,0.149617,nan,nan,nan,nan,nan,nan
2026-05-04 09:17:39.373822,0,-0.193101,-0.042272,0.340458,nan,nan,nan,nan,nan,nan,-3.101035,-0.00502,0.167093,nan,nan,nan,nan,nan,nan
2026-05-04 09:17:39.391231,0,-0.207007,-0.042258,0.340217,nan,nan,nan,nan,nan,nan,-3.099133,-0.009203,0.198159,nan,nan,nan,nan,nan,nan
2026-05-04 09:17:39.408486,0,-0.219194,-0.042205,0.338946,-0.142181,-0.046965,0.519542,nan,nan,nan,-3.102887,-0.007553,0.227868,-2.316324,0.003445,-2.058439,nan,nan,nan
2026-05-04 09:17:39.425921,0,-0.224726,-0.042171,0.338261,nan,nan,nan,nan,nan,nan,-3.098139,-0.007721,0.235783,nan,nan,nan,nan,nan,nan
2026-05-04 09:17:39.442831,0,-0.236359,-0.042175,0.33833,-0.156286,-0.046928,0.516492,nan,nan,nan,-3.095678,-0.007389,0.2545,-2.340908,-0.001475,-2.035378,nan,nan,nan
2026-05-04 09:17:39.460328,0,-0.246814,-0.042143,0.336699,-0.165455,-0.046811,0.514977,nan,nan,nan,-3.091773,-0.014296,0.28363,-2.356091,0.007367,-2.022828,nan,nan,nan
2026-05-04 09:17:39.477336,0,-0.252434,-0.042191,0.336441,-0.170051,-0.046901,0.514249,nan,nan,nan,-3.091828,-0.0155,0.29378,-2.374308,0.002323,-2.006855,nan,nan,nan
2026-05-04 09:17:39.494772,0,-0.265705,-0.042762,0.338055,-0.180391,-0.047236,0.515774,nan,nan,nan,-3.092276,-0.011148,0.312188,-2.376377,0.014816,-2.017668,nan,nan,nan
2026-05-04 09:17:39.513101,0,-0.277343,-0.042709,0.337103,-0.189255,-0.046781,0.511293,nan,nan,nan,-3.093004,-0.013821,0.337934,-2.406677,7.4e-05,-1.974538,nan,nan,nan
2026-05-04 09:17:39.530635,0,-0.288121,-0.042636,0.335391,-0.198774,-0.046895,0.509718,nan,nan,nan,-3.089384,-0.018169,0.369686,-2.42026,-0.005537,-1.960822,nan,nan,nan
2026-05-04 09:17:39.548289,0,-0.293853,-0.04275,0.335656,-0.203641,-0.046795,0.509502,nan,nan,nan,-3.0828,-0.025237,0.372312,-2.431586,-0.006766,-1.954684,nan,nan,nan
2026-05-04 09:17:39.566340,0,-0.305827,-0.043239,0.337551,-0.212844,-0.046885,0.510022,nan,nan,nan,-3.080712,-0.025579,0.384996,-2.441221,-0.016724,-1.93081,nan,nan,nan
2026-05-04 09:17:39.583335,0,nan,nan,nan,nan,nan,nan,nan,nan,nan,nan,nan,nan,nan,nan,nan,nan,nan,nan
2026-05-04 09:17:39.600823,0,nan,nan,nan,-0.224765,-0.046646,0.508077,nan,nan,nan,nan,nan,nan,-2.461416,-0.012133,-1.91319,nan,nan,nan
2026-05-04 09:17:39.618459,0,nan,nan,nan,-0.23198,-0.046172,0.506893,nan,nan,nan,nan,nan,nan,-2.464828,-0.007924,-1.902552,nan,nan,nan
2026-05-04 09:17:39.636871,0,nan,nan,nan,-0.235346,-0.046066,0.505323,nan,nan,nan,nan,nan,nan,-2.469869,-0.008755,-1.894162,nan,nan,nan
2026-05-04 09:17:39.654213,0,-0.347667,-0.043455,0.337505,-0.247275,-0.046155,0.504561,nan,nan,nan,-3.075758,-0.030882,0.47815,-2.490236,-0.00509,-1.867328,nan,nan,nan
2026-05-04 09:17:39.671485,0,-0.35791,-0.04378,0.339534,-0.254528,-0.046213,0.504283,nan,nan,nan,-3.071302,-0.038646,0.490347,-2.496087,-0.020399,-1.851478,nan,nan,nan
2026-05-04 09:17:39.688124,0,nan,nan,nan,-0.258067,-0.046555,0.50447,nan,nan,nan,nan,nan,nan,-2.511091,-0.014653,-1.855347,nan,nan,nan
2026-05-04 09:17:39.705686,0,nan,nan,nan,-0.263846,-0.046604,0.504016,nan,nan,nan,nan,nan,nan,-2.518835,-0.014248,-1.845584,nan,nan,nan
2026-05-04 09:17:39.723751,0,-0.374438,-0.044034,0.340516,-0.270354,-0.046714,0.505421,nan,nan,nan,-3.056805,-0.028553,0.509489,-2.52017,-0.019215,-1.834548,nan,nan,nan
2026-05-04 09:17:39.740920,0,-0.378509,-0.04401,0.33995,-0.275642,-0.04668,0.505852,nan,nan,nan,-3.052529,-0.029699,0.527337,-2.517798,-0.021576,-1.8345,nan,nan,nan
2026-05-04 09:17:39.757774,0,nan,nan,nan,-0.277812,-0.046701,0.50596,nan,nan,nan,nan,nan,nan,-2.526044,-0.008247,-1.840533,nan,nan,nan
2026-05-04 09:17:39.777402,0,nan,nan,nan,-0.281619,-0.046672,0.505686,nan,nan,nan,nan,nan,nan,-2.526975,-0.015904,-1.829323,nan,nan,nan
2026-05-04 09:17:39.797255,0,nan,nan,nan,-0.285009,-0.04671,0.506346,nan,nan,nan,nan,nan,nan,-2.524068,-0.022042,-1.825841,nan,nan,nan
2026-05-04 09:17:39.815368,0,nan,nan,nan,-0.287251,-0.046687,0.506102,nan,nan,nan,nan,nan,nan,-2.526759,-0.008615,-1.834583,nan,nan,nan
2026-05-04 09:17:39.833455,0,nan,nan,nan,-0.288589,-0.046672,0.506497,nan,nan,nan,nan,nan,nan,-2.520401,-0.016861,-1.835551,nan,nan,nan
2026-05-04 09:17:39.850884,0,nan,nan,nan,-0.289575,-0.046704,0.507811,nan,nan,nan,nan,nan,nan,-2.521018,-0.024846,-1.821107,nan,nan,nan
2026-05-04 09:17:39.868652,0,-0.395085,-0.044554,0.343983,-0.289524,-0.046703,0.507969,nan,nan,nan,-3.05661,-0.043285,0.540065,-2.520472,-0.01915,-1.830837,nan,nan,nan
2026-05-04 09:17:39.886896,0,nan,nan,nan,-0.288529,-0.046624,0.508022,nan,nan,nan,nan,nan,nan,-2.519161,-0.019617,-1.834711,nan,nan,nan
2026-05-04 09:17:39.905142,0,nan,nan,nan,-0.287112,-0.046584,0.508631,nan,nan,nan,nan,nan,nan,-2.51953,-0.020038,-1.823175,nan,nan,nan
2026-05-04 09:17:39.922571,0,nan,nan,nan,-0.284839,-0.046508,0.508557,nan,nan,nan,nan,nan,nan,-2.519445,-0.023732,-1.813492,nan,nan,nan
2026-05-04 09:17:39.946087,0,nan,nan,nan,-0.282363,-0.046449,0.508883,nan,nan,nan,nan,nan,nan,-2.523432,-0.020638,-1.807094,nan,nan,nan
2026-05-04 09:17:39.966146,0,nan,nan,nan,-0.279768,-0.046492,0.509761,nan,nan,nan,nan,nan,nan,-2.530157,-0.019876,-1.805086,nan,nan,nan
2026-05-04 09:17:39.984006,0,nan,nan,nan,-0.276646,-0.046406,0.509902,nan,nan,nan,nan,nan,nan,-2.522843,-0.026321,-1.794692,nan,nan,nan
2026-05-04 09:17:40.002234,0,nan,nan,nan,-0.273821,-0.046356,0.511231,nan,nan,nan,nan,nan,nan,-2.529294,-0.029913,-1.791943,nan,nan,nan
2026-05-04 09:17:40.019240,0,nan,nan,nan,-0.270624,-0.046308,0.512022,nan,nan,nan,nan,nan,nan,-2.534631,-0.024277,-1.794056,nan,nan,nan
2026-05-04 09:17:40.036823,0,nan,nan,nan,-0.26892,-0.046342,0.512396,nan,nan,nan,nan,nan,nan,-2.536705,-0.013982,-1.804351,nan,nan,nan
2026-05-04 09:17:40.055719,0,nan,nan,nan,-0.26554,-0.046411,0.513594,nan,nan,nan,nan,nan,nan,-2.529117,-0.027231,-1.798653,nan,nan,nan
2026-05-04 09:17:40.073297,0,nan,nan,nan,-0.26224,-0.046462,0.51562,nan,nan,nan,nan,nan,nan,-2.529531,-0.028424,-1.800106,nan,nan,nan
2026-05-04 09:17:40.090176,0,nan,nan,nan,-0.257541,-0.046534,0.515117,nan,nan,nan,nan,nan,nan,-2.526032,-0.020085,-1.807788,nan,nan,nan
2026-05-04 09:17:40.107443,0,nan,nan,nan,-0.255742,-0.046678,0.515862,nan,nan,nan,nan,nan,nan,-2.517848,-0.026309,-1.802729,nan,nan,nan
2026-05-04 09:17:40.125327,0,nan,nan,nan,-0.25212,-0.046894,0.517318,nan,nan,nan,nan,nan,nan,-2.522851,-0.020671,-1.819064,nan,nan,nan
2026-05-04 09:17:40.142440,0,nan,nan,nan,-0.248034,-0.04705,0.51851,nan,nan,nan,nan,nan,nan,-2.521014,-0.017183,-1.830015,nan,nan,nan
2026-05-04 09:17:40.160504,0,nan,nan,nan,-0.245785,-0.047081,0.518758,nan,nan,nan,nan,nan,nan,-2.517264,-0.016712,-1.836141,nan,nan,nan
2026-05-04 09:17:40.178059,0,nan,nan,nan,-0.24006,-0.046825,0.517808,nan,nan,nan,nan,nan,nan,-2.503454,-0.004784,-1.849727,nan,nan,nan
2026-05-04 09:17:40.196179,0,nan,nan,nan,-0.235174,-0.04686,0.519019,nan,nan,nan,nan,nan,nan,-2.494731,-0.013599,-1.841953,nan,nan,nan
2026-05-04 09:17:40.214602,0,-0.331898,-0.043909,0.354015,-0.229891,-0.046907,0.520193,nan,nan,nan,-3.069906,-0.040082,0.472726,-2.488846,-0.007734,-1.860202,nan,nan,nan
2026-05-04 09:17:40.232021,0,-0.32446,-0.043854,0.353559,-0.224174,-0.046888,0.521105,nan,nan,nan,-3.072905,-0.04236,0.469077,-2.485135,-0.010057,-1.863695,nan,nan,nan
2026-05-04 09:17:40.248739,0,-0.317205,-0.043958,0.353512,-0.21845,-0.046937,0.522354,nan,nan,nan,-3.073772,-0.041652,0.45533,-2.465538,-0.02067,-1.872077,nan,nan,nan
2026-05-04 09:17:40.267376,0,-0.314138,-0.044031,0.354137,-0.215053,-0.046899,0.521691,nan,nan,nan,-3.07451,-0.037322,0.440687,-2.471384,-0.008298,-1.890184,nan,nan,nan
2026-05-04 09:17:40.286092,0,-0.305573,-0.043833,0.353502,-0.208781,-0.046812,0.523034,nan,nan,nan,-3.077782,-0.037646,0.42193,-2.460251,-0.010435,-1.90496,nan,nan,nan
2026-05-04 09:17:40.305436,0,-0.295976,-0.043568,0.35205,nan,nan,nan,nan,nan,nan,-3.086552,-0.028366,0.403351,nan,nan,nan,nan,nan,nan
2026-05-04 09:17:40.322453,0,-0.287382,-0.043473,0.35128,-0.195524,-0.046862,0.525315,nan,nan,nan,-3.089505,-0.022286,0.388032,-2.427636,-0.025443,-1.926794,nan,nan,nan
2026-05-04 09:17:40.343245,0,-0.278772,-0.043477,0.351363,-0.187837,-0.04684,0.524751,nan,nan,nan,-3.091935,-0.018637,0.366494,-2.426089,-0.008583,-1.947737,nan,nan,nan
2026-05-04 09:17:40.361115,0,-0.268782,-0.043424,0.350359,-0.180505,-0.046872,0.52651,nan,nan,nan,-3.093231,-0.018084,0.346118,-2.409993,-0.022824,-1.957427,nan,nan,nan
2026-05-04 09:17:40.378919,0,-0.264061,-0.043406,0.350099,nan,nan,nan,nan,nan,nan,-3.099643,-0.020633,0.334442,nan,nan,nan,nan,nan,nan
2026-05-04 09:17:40.396813,0,-0.254419,-0.043372,0.349566,-0.168514,-0.046905,0.525868,nan,nan,nan,-3.094324,-0.022181,0.312595,-2.388601,-0.004905,-1.994586,nan,nan,nan
2026-05-04 09:17:40.414724,0,-0.244171,-0.043304,0.348287,-0.160198,-0.046975,0.525147,nan,nan,nan,-3.095468,-0.016286,0.294868,-2.371887,-0.013956,-2.008274,nan,nan,nan
2026-05-04 09:17:40.432698,0,-0.234567,-0.043198,0.348379,nan,nan,nan,nan,nan,nan,-3.093577,-0.022894,0.269154,nan,nan,nan,nan,nan,nan
2026-05-04 09:17:40.450697,0,-0.223562,-0.043223,0.347493,nan,nan,nan,nan,nan,nan,-3.105494,-0.016334,0.246826,nan,nan,nan,nan,nan,nan
2026-05-04 09:17:40.467381,0,-0.218074,-0.043146,0.347245,-0.139415,-0.046924,0.527027,nan,nan,nan,-3.099964,-0.020143,0.231626,-2.337199,-0.011383,-2.053217,nan,nan,nan
2026-05-04 09:17:40.484724,0,-0.212126,-0.043071,0.346482,-0.135206,-0.046942,0.528584,nan,nan,nan,-3.101399,-0.023646,0.229144,-2.31783,0.002696,-2.07943,nan,nan,nan
2026-05-04 09:17:40.502847,0,-0.194318,-0.042497,0.344591,nan,nan,nan,nan,nan,nan,-3.109826,-0.011868,0.202741,nan,nan,nan,nan,nan,nan
2026-05-04 09:17:40.520518,0,-0.182632,-0.042502,0.344692,nan,nan,nan,nan,nan,nan,-3.111066,-0.008726,0.167917,nan,nan,nan,nan,nan,nan
2026-05-04 09:17:40.538688,0,-0.176535,-0.042495,0.34464,nan,nan,nan,nan,nan,nan,-3.117802,-0.009266,0.160823,nan,nan,nan,nan,nan,nan
2026-05-04 09:17:40.556837,0,-0.164598,-0.042545,0.345425,nan,nan,nan,nan,nan,nan,-3.104406,-0.008972,0.129846,nan,nan,nan,nan,nan,nan
2026-05-04 09:17:40.581229,0,-0.152725,-0.042537,0.345708,nan,nan,nan,nan,nan,nan,-3.100408,-0.010841,0.109386,nan,nan,nan,nan,nan,nan
2026-05-04 09:17:40.604030,0,-0.140315,-0.042517,0.345808,nan,nan,nan,nan,nan,nan,-3.098759,-0.012009,0.077405,nan,nan,nan,nan,nan,nan
2026-05-04 09:17:40.621281,0,-0.120871,-0.042282,0.345031,nan,nan,nan,nan,nan,nan,-3.093734,-0.022292,0.071058,nan,nan,nan,nan,nan,nan
2026-05-04 09:17:40.639108,0,-0.115256,-0.042357,0.346822,nan,nan,nan,nan,nan,nan,-3.077683,-0.028228,0.054414,nan,nan,nan,nan,nan,nan
2026-05-04 09:17:40.657252,0,-0.102723,-0.042264,0.347879,nan,nan,nan,nan,nan,nan,-3.082445,-0.017686,0.017573,nan,nan,nan,nan,nan,nan
2026-05-04 09:17:40.675912,0,-0.089944,-0.042529,0.348873,nan,nan,nan,nan,nan,nan,-3.103757,-0.014348,-0.00725,nan,nan,nan,nan,nan,nan
2026-05-04 09:17:40.693136,0,-0.077372,-0.042489,0.350549,nan,nan,nan,nan,nan,nan,-3.05362,-0.022674,-0.043629,nan,nan,nan,nan,nan,nan
2026-05-04 09:17:40.710200,0,-0.064673,-0.042413,0.351404,nan,nan,nan,nan,nan,nan,-3.065669,-0.02345,-0.004152,nan,nan,nan,nan,nan,nan
2026-05-04 09:17:40.728612,0,-0.058594,-0.042565,0.352708,nan,nan,nan,nan,nan,nan,-3.055958,-0.019392,-0.038289,nan,nan,nan,nan,nan,nan
2026-05-04 09:17:40.746707,0,-0.04605,-0.042675,0.353661,nan,nan,nan,nan,nan,nan,-3.038171,-0.01606,-0.078869,nan,nan,nan,nan,nan,nan
2026-05-04 09:17:40.763879,0,-0.033313,-0.042455,0.354165,nan,nan,nan,nan,nan,nan,-2.961197,-0.032319,0.064508,nan,nan,nan,nan,nan,nan
2026-05-04 09:17:40.782786,0,-0.020311,-0.042631,0.354101,nan,nan,nan,nan,nan,nan,-3.111543,-0.000573,-0.278571,nan,nan,nan,nan,nan,nan
2026-05-04 09:17:40.800134,0,-0.007981,-0.042572,0.355391,nan,nan,nan,nan,nan,nan,-3.078452,0.002646,-0.302233,nan,nan,nan,nan,nan,nan
2026-05-04 09:17:40.818129,0,-0.001928,-0.042751,0.356426,nan,nan,nan,nan,nan,nan,-3.070914,-0.007478,-0.301541,nan,nan,nan,nan,nan,nan
2026-05-04 09:17:40.835680,0,0.01031,-0.04297,0.357011,nan,nan,nan,nan,nan,nan,-3.085266,-0.01167,-0.296411,nan,nan,nan,nan,nan,nan
2026-05-04 09:17:40.853748,0,0.02253,-0.042842,0.357285,nan,nan,nan,nan,nan,nan,-3.097144,-0.008903,-0.319558,nan,nan,nan,nan,nan,nan
2026-05-04 09:17:40.870630,0,0.034009,-0.042752,0.357296,nan,nan,nan,nan,nan,nan,-3.09263,-0.005547,-0.326812,nan,nan,nan,nan,nan,nan
2026-05-04 09:17:40.887976,0,0.039813,-0.042815,0.3578,nan,nan,nan,nan,nan,nan,-3.077655,-0.005325,-0.355982,nan,nan,nan,nan,nan,nan
2026-05-04 09:17:40.905316,0,0.051129,-0.042606,0.35868,nan,nan,nan,nan,nan,nan,-3.067177,0.000692,-0.369628,nan,nan,nan,nan,nan,nan
2026-05-04 09:17:40.922957,0,0.062001,-0.042552,0.35791,nan,nan,nan,nan,nan,nan,-3.092153,0.008094,-0.386767,nan,nan,nan,nan,nan,nan
2026-05-04 09:17:40.940425,0,0.073338,-0.042681,0.358426,nan,nan,nan,nan,nan,nan,-3.084283,-0.000229,-0.415761,nan,nan,nan,nan,nan,nan
2026-05-04 09:17:40.958111,0,0.078699,-0.042562,0.358103,nan,nan,nan,nan,nan,nan,-3.083751,0.010381,-0.432763,nan,nan,nan,nan,nan,nan
2026-05-04 09:17:40.975685,0,0.089328,-0.042204,0.358379,nan,nan,nan,nan,nan,nan,-3.099666,0.00435,-0.450835,nan,nan,nan,nan,nan,nan
2026-05-04 09:17:40.993101,0,0.099844,-0.042637,0.35932,nan,nan,nan,nan,nan,nan,-3.072377,0.016365,-0.486354,nan,nan,nan,nan,nan,nan
2026-05-04 09:17:41.010507,0,0.104963,-0.042848,0.359653,nan,nan,nan,nan,nan,nan,-3.077931,0.001823,-0.488386,nan,nan,nan,nan,nan,nan
2026-05-04 09:17:41.027730,0,0.114906,-0.042661,0.361415,nan,nan,nan,nan,nan,nan,-3.071794,0.00876,-0.492268,nan,nan,nan,nan,nan,nan
2026-05-04 09:17:41.044881,0,0.12432,-0.042718,0.360907,nan,nan,nan,nan,nan,nan,-3.060704,0.010653,-0.529919,nan,nan,nan,nan,nan,nan
2026-05-04 09:17:41.062334,0,0.133625,-0.042731,0.361228,nan,nan,nan,nan,nan,nan,-3.064535,0.016261,-0.560035,nan,nan,nan,nan,nan,nan
2026-05-04 09:17:41.079140,0,0.143124,-0.04283,0.363338,nan,nan,nan,nan,nan,nan,-3.062335,0.022995,-0.562558,nan,nan,nan,nan,nan,nan
2026-05-04 09:17:41.096577,0,0.14711,-0.042824,0.362664,nan,nan,nan,0.035031,-0.047951,0.526693,-3.059206,0.020165,-0.58371,nan,nan,nan,-2.531126,-0.023142,1.829999
2026-05-04 09:17:41.113488,0,0.156427,-0.042898,0.364447,nan,nan,nan,0.042153,-0.048004,0.525722,-3.047706,0.017345,-0.598027,nan,nan,nan,-2.545983,-0.027089,1.810819
2026-05-04 09:17:41.130117,0,0.164857,-0.04292,0.365485,nan,nan,nan,0.048801,-0.047768,0.524231,-3.05615,0.01878,-0.617362,nan,nan,nan,-2.565211,-0.025466,1.794741
2026-05-04 09:17:41.147320,0,0.16932,-0.042977,0.366448,nan,nan,nan,0.052433,-0.048008,0.525051,-3.039934,0.016996,-0.62186,nan,nan,nan,-2.558219,-0.019644,1.784266
2026-05-04 09:17:41.165003,0,0.177439,-0.043032,0.367325,nan,nan,nan,0.059512,-0.048274,0.526766,-3.044768,0.02375,-0.638931,nan,nan,nan,-2.562126,-0.018178,1.758536
2026-05-04 09:17:41.182137,0,0.185238,-0.043085,0.368094,nan,nan,nan,0.064944,-0.047281,0.521005,-3.033764,0.025462,-0.659471,nan,nan,nan,-2.568839,-0.022877,1.762173
2026-05-04 09:17:41.198737,0,0.193191,-0.043139,0.369397,nan,nan,nan,nan,nan,nan,-3.031018,0.025219,-0.678761,nan,nan,nan,nan,nan,nan
2026-05-04 09:17:41.216372,0,0.197353,-0.043179,0.370725,nan,nan,nan,0.073634,-0.047037,0.518938,-3.027192,0.019462,-0.683717,nan,nan,nan,-2.593571,-0.020214,1.712618
2026-05-04 09:17:41.233807,0,0.202991,-0.043142,0.36946,nan,nan,nan,nan,nan,nan,-3.024429,0.024524,-0.707824,nan,nan,nan,nan,nan,nan
2026-05-04 09:17:41.251254,0,0.209001,-0.043157,0.369569,nan,nan,nan,0.084769,-0.047526,0.52057,-3.024993,0.022766,-0.716061,nan,nan,nan,-2.636834,-0.008723,1.688903
2026-05-04 09:17:41.268678,0,0.211987,-0.043157,0.369574,nan,nan,nan,0.08735,-0.047245,0.519039,-3.025092,0.026782,-0.72734,nan,nan,nan,-2.622163,-0.012578,1.687308
2026-05-04 09:17:41.285571,0,0.217858,-0.043154,0.369723,nan,nan,nan,0.092319,-0.047197,0.518861,-3.018732,0.027351,-0.744608,nan,nan,nan,-2.631746,-0.01321,1.670291
2026-05-04 09:17:41.303279,0,0.223149,-0.043168,0.37,nan,nan,nan,0.096727,-0.047067,0.51798,-3.013283,0.026671,-0.754672,nan,nan,nan,-2.631718,-0.019925,1.679336
2026-05-04 09:17:41.320582,0,0.228221,-0.043184,0.370303,nan,nan,nan,0.100779,-0.046894,0.51668,-3.012707,0.030889,-0.76761,nan,nan,nan,-2.627355,-0.01767,1.668884
2026-05-04 09:17:41.342495,0,0.230528,-0.043183,0.37027,nan,nan,nan,0.103102,-0.047012,0.518996,-3.009081,0.025167,-0.766153,nan,nan,nan,-2.627561,-0.01515,1.669467
2026-05-04 09:17:41.359262,0,0.237753,-0.043257,0.37144,nan,nan,nan,0.108548,-0.046801,0.51514,-3.002943,0.028125,-0.784761,nan,nan,nan,-2.636016,-0.015395,1.640657
2026-05-04 09:17:41.376939,0,0.239585,-0.043233,0.371243,nan,nan,nan,0.110391,-0.046817,0.51492,-3.003629,0.029522,-0.789182,nan,nan,nan,-2.638218,-0.013918,1.643198
2026-05-04 09:17:41.395224,0,0.243638,-0.043261,0.371793,nan,nan,nan,0.113379,-0.046809,0.515343,-3.000294,0.031383,-0.80221,nan,nan,nan,-2.638484,-0.018247,1.643963
2026-05-04 09:17:41.413018,0,0.246846,-0.043264,0.371918,nan,nan,nan,0.116593,-0.046837,0.515994,-3.003291,0.033895,-0.816486,nan,nan,nan,-2.656427,-0.018899,1.619588
2026-05-04 09:17:41.429891,0,nan,nan,nan,nan,nan,nan,0.118908,-0.046703,0.515802,nan,nan,nan,nan,nan,nan,-2.667068,-0.008713,1.602429
2026-05-04 09:17:41.447740,0,nan,nan,nan,nan,nan,nan,0.119878,-0.046698,0.515776,nan,nan,nan,nan,nan,nan,-2.674159,-0.01147,1.604919
2026-05-04 09:17:41.465221,0,0.254354,-0.043378,0.374112,nan,nan,nan,0.121957,-0.046742,0.517467,-2.99138,0.039756,-0.839675,nan,nan,nan,-2.658467,-0.004722,1.601612
2026-05-04 09:17:41.483058,0,0.255985,-0.043401,0.374621,nan,nan,nan,0.123074,-0.046726,0.517666,-2.991919,0.036049,-0.850484,nan,nan,nan,-2.668605,-0.011568,1.607197
2026-05-04 09:17:41.499900,0,0.257137,-0.043418,0.375013,nan,nan,nan,0.123711,-0.046728,0.518025,-2.996018,0.040657,-0.85867,nan,nan,nan,-2.677768,-0.002804,1.578535
2026-05-04 09:17:41.517697,0,nan,nan,nan,nan,nan,nan,0.123844,-0.046704,0.517758,nan,nan,nan,nan,nan,nan,-2.665848,0.000305,1.590153
2026-05-04 09:17:41.535252,0,nan,nan,nan,nan,nan,nan,0.123828,-0.046658,0.517801,nan,nan,nan,nan,nan,nan,-2.66715,0.001486,1.588313
2026-05-04 09:17:41.553060,0,nan,nan,nan,nan,nan,nan,0.123776,-0.046712,0.517535,nan,nan,nan,nan,nan,nan,-2.676411,0.007041,1.562713
2026-05-04 09:17:41.570183,0,0.258603,-0.043571,0.377978,nan,nan,nan,0.122893,-0.046656,0.518026,-2.985289,0.039696,-0.869829,nan,nan,nan,-2.690426,0.003619,1.55464
2026-05-04 09:17:41.588314,0,0.258416,-0.043613,0.378499,nan,nan,nan,0.122453,-0.046607,0.517047,-2.987281,0.04263,-0.877374,nan,nan,nan,-2.694602,-0.005671,1.576046
2026-05-04 09:17:41.605717,0,0.257898,-0.04364,0.379129,nan,nan,nan,0.121206,-0.046564,0.518794,-2.988279,0.038888,-0.890082,nan,nan,nan,-2.698317,0.001674,1.554739
2026-05-04 09:17:41.622534,0,0.257859,-0.043703,0.380283,nan,nan,nan,0.120091,-0.046615,0.517623,-2.980494,0.038033,-0.898014,nan,nan,nan,-2.700359,0.00438,1.54429
2026-05-04 09:17:41.639417,0,0.257462,-0.043737,0.38046,nan,nan,nan,0.119186,-0.046579,0.516835,-2.985385,0.03676,-0.905362,nan,nan,nan,-2.721715,-0.007605,1.535744
2026-05-04 09:17:41.656993,0,0.257326,-0.043727,0.38082,nan,nan,nan,0.118393,-0.046558,0.517431,-2.978699,0.040337,-0.91813,nan,nan,nan,-2.721517,-0.007462,1.530833
2026-05-04 09:17:41.675059,0,0.25669,-0.0438,0.382265,nan,nan,nan,0.115826,-0.046521,0.515709,-2.971567,0.038296,-0.936719,nan,nan,nan,-2.737581,-0.004263,1.502521
2026-05-04 09:17:41.691198,0,0.256871,-0.043874,0.38401,nan,nan,nan,0.11408,-0.046473,0.515396,-2.961209,0.044805,-0.960657,nan,nan,nan,-2.725536,0.007516,1.501694
2026-05-04 09:17:41.708401,0,0.256957,-0.043932,0.384866,nan,nan,nan,0.113375,-0.046541,0.515914,-2.961839,0.046692,-0.970872,nan,nan,nan,-2.736916,0.008807,1.470254
2026-05-04 09:17:41.725819,0,0.255928,-0.043951,0.385571,nan,nan,nan,0.111487,-0.046608,0.515897,-2.955715,0.042551,-0.982241,nan,nan,nan,-2.736658,0.012301,1.456401
2026-05-04 09:17:41.742887,0,nan,nan,nan,nan,nan,nan,0.108944,-0.046511,0.514081,nan,nan,nan,nan,nan,nan,-2.752479,-0.003365,1.473749
2026-05-04 09:17:41.761240,0,0.255403,-0.044157,0.389253,nan,nan,nan,0.107907,-0.046595,0.513671,-2.948689,0.044644,-0.997183,nan,nan,nan,-2.749196,-0.010366,1.47287
2026-05-04 09:17:41.779103,0,0.254295,-0.044213,0.390724,nan,nan,nan,0.105736,-0.046543,0.51495,-2.943498,0.041829,-1.008515,nan,nan,nan,-2.754357,0.006014,1.435412
2026-05-04 09:17:41.796466,0,nan,nan,nan,nan,nan,nan,0.103795,-0.046642,0.514619,nan,nan,nan,nan,nan,nan,-2.756525,0.000568,1.42639
2026-05-04 09:17:41.814293,0,nan,nan,nan,nan,nan,nan,0.101423,-0.046649,0.514963,nan,nan,nan,nan,nan,nan,-2.766191,0.000339,1.414011
2026-05-04 09:17:41.832981,0,nan,nan,nan,nan,nan,nan,0.099539,-0.046653,0.515494,nan,nan,nan,nan,nan,nan,-2.786139,-0.006994,1.405539
2026-05-04 09:17:41.849442,0,nan,nan,nan,nan,nan,nan,0.097412,-0.046678,0.516889,nan,nan,nan,nan,nan,nan,-2.779111,-0.011707,1.421292
2026-05-04 09:17:41.866873,0,nan,nan,nan,nan,nan,nan,0.096319,-0.046767,0.518595,nan,nan,nan,nan,nan,nan,-2.779877,0.001971,1.389441
2026-05-04 09:17:41.883978,0,nan,nan,nan,nan,nan,nan,0.094086,-0.046788,0.519206,nan,nan,nan,nan,nan,nan,-2.776397,0.003382,1.390322
2026-05-04 09:17:41.902362,0,nan,nan,nan,nan,nan,nan,0.091744,-0.046895,0.520726,nan,nan,nan,nan,nan,nan,-2.782744,-0.009833,1.39484
2026-05-04 09:17:41.920582,0,nan,nan,nan,nan,nan,nan,0.088914,-0.046837,0.520375,nan,nan,nan,nan,nan,nan,-2.794062,-0.009271,1.392667
2026-05-04 09:17:41.938558,0,nan,nan,nan,nan,nan,nan,0.087479,-0.046814,0.521181,nan,nan,nan,nan,nan,nan,-2.789323,0.009888,1.365727
2026-05-04 09:17:41.960375,0,nan,nan,nan,nan,nan,nan,0.084736,-0.046813,0.523124,nan,nan,nan,nan,nan,nan,-2.80401,-0.005098,1.373124
2026-05-04 09:17:41.981168,0,nan,nan,nan,nan,nan,nan,0.081711,-0.046785,0.523713,nan,nan,nan,nan,nan,nan,-2.791507,0.005039,1.382043
2026-05-04 09:17:41.998034,0,nan,nan,nan,nan,nan,nan,0.078592,-0.046845,0.523951,nan,nan,nan,nan,nan,nan,-2.773641,0.003545,1.394756
2026-05-04 09:17:42.015318,0,0.229622,-0.044998,0.408389,nan,nan,nan,0.075267,-0.047119,0.525705,-2.921409,0.053774,-1.067388,nan,nan,nan,-2.785021,-0.003934,1.372483
2026-05-04 09:17:42.032714,0,0.226069,-0.044985,0.408617,nan,nan,nan,0.071882,-0.047126,0.524628,-2.918648,0.053207,-1.071265,nan,nan,nan,-2.780238,-0.015747,1.398138
2026-05-04 09:17:42.050848,0,nan,nan,nan,nan,nan,nan,0.068334,-0.047218,0.526763,nan,nan,nan,nan,nan,nan,-2.778214,-0.006446,1.386613
2026-05-04 09:17:42.067659,0,nan,nan,nan,nan,nan,nan,0.066375,-0.047225,0.526619,nan,nan,nan,nan,nan,nan,-2.774842,-0.004715,1.382635
2026-05-04 09:17:42.086587,0,0.215,-0.044296,0.406714,nan,nan,nan,0.062905,-0.047313,0.528184,-2.920226,0.043406,-1.06323,nan,nan,nan,-2.756337,0.006628,1.387853
2026-05-04 09:17:42.104915,0,0.211345,-0.044333,0.407462,nan,nan,nan,0.059174,-0.047301,0.528327,-2.921268,0.038901,-1.053359,nan,nan,nan,-2.7651,-0.0074,1.411864
2026-05-04 09:17:42.121579,0,0.207202,-0.044347,0.407756,nan,nan,nan,0.0555,-0.047362,0.529166,-2.921044,0.040732,-1.058358,nan,nan,nan,-2.772454,-0.012073,1.411161
2026-05-04 09:17:42.137939,0,0.20497,-0.04436,0.407681,nan,nan,nan,0.053426,-0.04732,0.527026,-2.924188,0.042464,-1.060616,nan,nan,nan,-2.771306,-0.019764,1.4085
2026-05-04 09:17:42.157164,0,nan,nan,nan,nan,nan,nan,0.049039,-0.047365,0.531196,nan,nan,nan,nan,nan,nan,-2.772727,0.002229,1.400859
2026-05-04 09:17:42.175783,0,0.195826,-0.044476,0.408281,nan,nan,nan,0.04469,-0.047213,0.530946,-2.9314,0.034894,-1.043714,nan,nan,nan,-2.765246,0.00185,1.423221
2026-05-04 09:17:42.194244,0,nan,nan,nan,nan,nan,nan,0.040308,-0.047344,0.531066,nan,nan,nan,nan,nan,nan,-2.769376,0.001883,1.41075
2026-05-04 09:17:42.210786,0,nan,nan,nan,nan,nan,nan,0.035886,-0.047539,0.533348,nan,nan,nan,nan,nan,nan,-2.758403,-0.009037,1.427752
2026-05-04 09:17:42.227691,0,nan,nan,nan,nan,nan,nan,0.033493,-0.047538,0.533299,nan,nan,nan,nan,nan,nan,-2.756022,-0.011826,1.430384
2026-05-04 09:17:42.245539,0,0.179225,-0.044476,0.410445,nan,nan,nan,0.028707,-0.047582,0.535476,-2.936122,0.044183,-1.027209,nan,nan,nan,-2.740261,-0.002224,1.429125
2026-05-04 09:17:42.263328,0,0.174258,-0.044551,0.411946,nan,nan,nan,0.023645,-0.047632,0.535365,-2.937828,0.041345,-1.009324,nan,nan,nan,-2.742819,-0.015885,1.445855
2026-05-04 09:17:42.280057,0,0.167473,-0.044466,0.410252,nan,nan,nan,0.018289,-0.047658,0.535456,-2.94238,0.040723,-1.010737,nan,nan,nan,-2.742414,-0.01722,1.456416
2026-05-04 09:17:42.297558,0,0.164595,-0.044475,0.410426,nan,nan,nan,0.015697,-0.047625,0.53412,-2.94037,0.04231,-1.014388,nan,nan,nan,-2.745291,-0.023028,1.468227
2026-05-04 09:17:42.314422,0,0.158167,-0.044473,0.410388,nan,nan,nan,nan,nan,nan,-2.946625,0.039466,-0.996864,nan,nan,nan,nan,nan,nan
2026-05-04 09:17:42.331906,0,0.151175,-0.044439,0.409777,nan,nan,nan,0.004025,-0.047588,0.538565,-2.957441,0.043185,-0.981618,nan,nan,nan,-2.729807,0.001759,1.486609
2026-05-04 09:17:42.348498,0,0.148189,-0.044498,0.410891,nan,nan,nan,nan,nan,nan,-2.951995,0.042066,-0.974632,nan,nan,nan,nan,nan,nan
2026-05-04 09:17:42.366396,0,0.140716,-0.044408,0.408822,nan,nan,nan,nan,nan,nan,-2.960727,0.037702,-0.971277,nan,nan,nan,nan,nan,nan
2026-05-04 09:17:42.383341,0,0.133885,-0.044404,0.408981,nan,nan,nan,nan,nan,nan,-2.967132,0.038351,-0.93636,nan,nan,nan,nan,nan,nan
2026-05-04 09:17:42.401907,0,0.126838,-0.044395,0.408533,nan,nan,nan,-0.017564,-0.047803,0.5383,-2.971307,0.031329,-0.925904,nan,nan,nan,-2.715325,-0.019529,1.513007
2026-05-04 09:17:42.417611,0,0.119683,-0.044398,0.40888,nan,nan,nan,-0.023871,-0.047788,0.537998,-2.974257,0.035387,-0.915722,nan,nan,nan,-2.709115,-0.017484,1.52237
2026-05-04 09:17:42.436138,0,0.116265,-0.044411,0.409121,nan,nan,nan,-0.027329,-0.047933,0.540554,-2.973043,0.03442,-0.910122,nan,nan,nan,-2.698001,-0.007159,1.526642
2026-05-04 09:17:42.452918,0,0.108514,-0.044388,0.408681,nan,nan,nan,-0.033702,-0.047978,0.541628,-2.977922,0.032499,-0.901459,nan,nan,nan,-2.69247,-0.010801,1.546086
2026-05-04 09:17:42.470670,0,0.100588,-0.044316,0.407184,nan,nan,nan,nan,nan,nan,-2.981475,0.039319,-0.888108,nan,nan,nan,nan,nan,nan
2026-05-04 09:17:42.487624,0,0.096737,-0.044316,0.407305,nan,nan,nan,-0.043302,-0.048013,0.540742,-2.990986,0.04272,-0.892079,nan,nan,nan,-2.669393,-0.017875,1.584792
2026-05-04 09:17:42.504997,0,0.088959,-0.04435,0.407924,nan,nan,nan,nan,nan,nan,-2.991537,0.034208,-0.86285,nan,nan,nan,nan,nan,nan
2026-05-04 09:17:42.522615,0,0.080066,-0.044182,0.404319,nan,nan,nan,-0.057414,-0.048749,0.546454,-3.008406,0.034291,-0.832558,nan,nan,nan,-2.668204,-0.016472,1.607812
2026-05-04 09:17:42.539509,0,0.071486,-0.044137,0.403472,nan,nan,nan,nan,nan,nan,-3.000834,0.025653,-0.801671,nan,nan,nan,nan,nan,nan
2026-05-04 09:17:42.557181,0,0.067211,-0.044095,0.402664,nan,nan,nan,nan,nan,nan,-3.006526,0.027962,-0.80178,nan,nan,nan,nan,nan,nan
2026-05-04 09:17:42.574214,0,0.058859,-0.044008,0.400774,nan,nan,nan,nan,nan,nan,-3.001641,0.02763,-0.778432,nan,nan,nan,nan,nan,nan
2026-05-04 09:17:42.592344,0,0.050529,-0.043949,0.399596,nan,nan,nan,nan,nan,nan,-3.007303,0.029317,-0.769103,nan,nan,nan,nan,nan,nan
2026-05-04 09:17:42.608550,0,0.042585,-0.043927,0.39914,nan,nan,nan,nan,nan,nan,-3.016418,0.022846,-0.724676,nan,nan,nan,nan,nan,nan
2026-05-04 09:17:42.625547,0,0.038435,-0.043839,0.39744,nan,nan,nan,nan,nan,nan,-3.030741,0.025041,-0.71729,nan,nan,nan,nan,nan,nan
2026-05-04 09:17:42.642328,0,0.029501,-0.043726,0.394788,nan,nan,nan,nan,nan,nan,-3.021091,0.027439,-0.711652,nan,nan,nan,nan,nan,nan
2026-05-04 09:17:42.658594,0,0.020784,-0.043647,0.393472,nan,nan,nan,nan,nan,nan,-3.040684,0.026653,-0.670971,nan,nan,nan,nan,nan,nan
2026-05-04 09:17:42.677494,0,0.016537,-0.043591,0.392326,nan,nan,nan,nan,nan,nan,-3.040572,0.026105,-0.668022,nan,nan,nan,nan,nan,nan
2026-05-04 09:17:42.694983,0,0.007596,-0.043492,0.390203,nan,nan,nan,nan,nan,nan,-3.039574,0.02777,-0.64126,nan,nan,nan,nan,nan,nan
2026-05-04 09:17:42.712304,0,0.003206,-0.043425,0.388883,nan,nan,nan,nan,nan,nan,-3.045212,0.028078,-0.641049,nan,nan,nan,nan,nan,nan
2026-05-04 09:17:42.728910,0,-0.008743,-0.043298,0.38638,nan,nan,nan,nan,nan,nan,-3.070107,0.032332,-0.616758,nan,nan,nan,nan,nan,nan
2026-05-04 09:17:42.746070,0,-0.01257,-0.043244,0.38518,nan,nan,nan,nan,nan,nan,-3.052056,0.032515,-0.620948,nan,nan,nan,nan,nan,nan
2026-05-04 09:17:42.763643,0,-0.020488,-0.043872,0.387677,nan,nan,nan,nan,nan,nan,-3.052815,0.032094,-0.540404,nan,nan,nan,nan,nan,nan
2026-05-04 09:17:42.780616,0,-0.027727,-0.043756,0.386054,nan,nan,nan,nan,nan,nan,-3.041587,0.034086,-0.536535,nan,nan,nan,nan,nan,nan
2026-05-04 09:17:42.798252,0,-0.031581,-0.043986,0.388082,nan,nan,nan,nan,nan,nan,-3.039424,0.026415,-0.525339,nan,nan,nan,nan,nan,nan
2026-05-04 09:17:42.815776,0,-0.038964,-0.043675,0.384055,nan,nan,nan,nan,nan,nan,-3.063487,0.037327,-0.51166,nan,nan,nan,nan,nan,nan
2026-05-04 09:17:42.833035,0,-0.04674,-0.043751,0.383504,nan,nan,nan,nan,nan,nan,-3.082617,0.032524,-0.478194,nan,nan,nan,nan,nan,nan
2026-05-04 09:17:42.850800,0,-0.050669,-0.043787,0.383653,nan,nan,nan,nan,nan,nan,-3.061535,0.020926,-0.43362,nan,nan,nan,nan,nan,nan
2026-05-04 09:17:42.866868,0,-0.058129,-0.043728,0.381639,nan,nan,nan,nan,nan,nan,-3.074924,0.028164,-0.450909,nan,nan,nan,nan,nan,nan
2026-05-04 09:17:42.884327,0,-0.06195,-0.043683,0.380647,nan,nan,nan,nan,nan,nan,-3.091852,0.031065,-0.464575,nan,nan,nan,nan,nan,nan
2026-05-04 09:17:42.901331,0,-0.073684,-0.043621,0.380063,nan,nan,nan,nan,nan,nan,-3.091056,0.032785,-0.456737,nan,nan,nan,nan,nan,nan
2026-05-04 09:17:42.917805,0,-0.077617,-0.043599,0.379938,nan,nan,nan,nan,nan,nan,-3.09848,0.035295,-0.45226,nan,nan,nan,nan,nan,nan
2026-05-04 09:17:42.935049,0,-0.081648,-0.043509,0.380375,nan,nan,nan,nan,nan,nan,-3.085163,0.023605,-0.30662,nan,nan,nan,nan,nan,nan
2026-05-04 09:17:42.951891,0,-0.093491,-0.043363,0.379554,nan,nan,nan,nan,nan,nan,-3.081534,0.021601,-0.263959,nan,nan,nan,nan,nan,nan
2026-05-04 09:17:42.969424,0,-0.097191,-0.043094,0.379247,nan,nan,nan,nan,nan,nan,-2.916987,0.008202,-0.482216,nan,nan,nan,nan,nan,nan
2026-05-04 09:17:42.987658,0,-0.105007,-0.04368,0.380899,nan,nan,nan,nan,nan,nan,-3.086929,0.023496,-0.38686,nan,nan,nan,nan,nan,nan
2026-05-04 09:17:43.004329,0,-0.112921,-0.043683,0.380912,nan,nan,nan,nan,nan,nan,-3.086764,0.020572,-0.364067,nan,nan,nan,nan,nan,nan
2026-05-04 09:17:43.021340,0,-0.121235,-0.04367,0.379916,nan,nan,nan,nan,nan,nan,-3.069079,0.014428,-0.279223,nan,nan,nan,nan,nan,nan
2026-05-04 09:17:43.037835,0,-0.124973,-0.043586,0.378365,nan,nan,nan,nan,nan,nan,-3.103848,0.01837,-0.235249,nan,nan,nan,nan,nan,nan
2026-05-04 09:17:43.055073,0,-0.129031,-0.043567,0.377956,nan,nan,nan,nan,nan,nan,-3.102272,0.013384,-0.232152,nan,nan,nan,nan,nan,nan
2026-05-04 09:17:43.071792,0,-0.138278,-0.043574,0.378024,nan,nan,nan,nan,nan,nan,-3.074992,0.004075,-0.207186,nan,nan,nan,nan,nan,nan
2026-05-04 09:17:43.089093,0,-0.147907,-0.043553,0.377589,nan,nan,nan,nan,nan,nan,-3.081187,0.003189,-0.196423,nan,nan,nan,nan,nan,nan
2026-05-04 09:17:43.106512,0,-0.156716,-0.043524,0.377034,nan,nan,nan,nan,nan,nan,-3.078604,-0.000986,-0.168592,nan,nan,nan,nan,nan,nan
2026-05-04 09:17:43.123934,0,-0.16618,-0.043517,0.376897,nan,nan,nan,nan,nan,nan,-3.078959,-0.003332,-0.141509,nan,nan,nan,nan,nan,nan
2026-05-04 09:17:43.141490,0,-0.17522,-0.043434,0.375229,nan,nan,nan,nan,nan,nan,-3.093794,0.002104,-0.115073,nan,nan,nan,nan,nan,nan
2026-05-04 09:17:43.158569,0,-0.179316,-0.043395,0.374309,nan,nan,nan,nan,nan,nan,-3.103596,0.006246,-0.093684,nan,nan,nan,nan,nan,nan
2026-05-04 09:17:43.177104,0,-0.18889,-0.043599,0.375185,nan,nan,nan,nan,nan,nan,-3.106595,0.009373,-0.077596,nan,nan,nan,nan,nan,nan
2026-05-04 09:17:43.194326,0,-0.198949,-0.04352,0.374832,nan,nan,nan,nan,nan,nan,-3.10319,0.005373,-0.036187,nan,nan,nan,nan,nan,nan
2026-05-04 09:17:43.212861,0,-0.204415,-0.043582,0.375317,nan,nan,nan,nan,nan,nan,-3.095751,-0.00055,-0.01608,nan,nan,nan,nan,nan,nan
2026-05-04 09:17:43.229496,0,-0.22191,-0.044292,0.378897,nan,nan,nan,nan,nan,nan,-3.104796,0.001317,0.009755,nan,nan,nan,nan,nan,nan
2026-05-04 09:17:43.247008,0,-0.226947,-0.044256,0.378754,nan,nan,nan,nan,nan,nan,-3.104389,0.001371,0.028062,nan,nan,nan,nan,nan,nan
2026-05-04 09:17:43.264626,0,-0.236585,-0.044281,0.378852,-0.178479,-0.04988,0.569026,nan,nan,nan,-3.10006,-0.001792,0.063007,-2.2304,0.006316,-2.190406,nan,nan,nan
2026-05-04 09:17:43.283061,0,-0.245518,-0.044305,0.379282,-0.184188,-0.049952,0.567464,nan,nan,nan,-3.095122,-0.006949,0.083019,-2.234007,0.010314,-2.161156,nan,nan,nan
2026-05-04 09:17:43.300907,0,-0.253312,-0.044306,0.379326,-0.191245,-0.049935,0.56936,nan,nan,nan,-3.098336,-0.008184,0.103943,-2.265668,0.003275,-2.154754,nan,nan,nan
2026-05-04 09:17:43.322832,0,-0.256959,-0.044314,0.379374,-0.193967,-0.049798,0.568296,nan,nan,nan,-3.107007,-0.003539,0.108552,-2.261903,0.01182,-2.149407,nan,nan,nan
2026-05-04 09:17:43.340716,0,-0.268412,-0.04436,0.38018,-0.202472,-0.049592,0.566941,nan,nan,nan,-3.09944,-0.004638,0.136255,-2.288318,-0.001745,-2.127653,nan,nan,nan
2026-05-04 09:17:43.358732,0,-0.271948,-0.04434,0.379838,-0.205509,-0.049741,0.566927,nan,nan,nan,-3.103906,-0.004592,0.148834,-2.290996,0.0061,-2.126749,nan,nan,nan
2026-05-04 09:17:43.376349,0,-0.279281,-0.044347,0.379959,-0.210975,-0.04977,0.566996,nan,nan,nan,-3.100985,-0.004206,0.167567,-2.303458,0.006113,-2.104561,nan,nan,nan
2026-05-04 09:17:43.394153,0,-0.286043,-0.04436,0.380228,-0.214305,-0.049399,0.562463,nan,nan,nan,-3.102448,-0.003862,0.18631,-2.310197,0.005472,-2.102196,nan,nan,nan
2026-05-04 09:17:43.411692,0,-0.292463,-0.044346,0.379806,-0.220429,-0.049539,0.565603,nan,nan,nan,-3.105483,-0.009695,0.214901,-2.317326,0.015557,-2.101951,nan,nan,nan
2026-05-04 09:17:43.429168,0,-0.296267,-0.044424,0.380215,-0.222818,-0.049497,0.565176,nan,nan,nan,-3.095687,-0.015355,0.224758,-2.3463,-0.007452,-2.061381,nan,nan,nan
2026-05-04 09:17:43.446419,0,-0.30446,-0.044703,0.381924,-0.227248,-0.049328,0.564797,nan,nan,nan,-3.09429,-0.021329,0.247212,-2.346157,0.01306,-2.05911,nan,nan,nan
2026-05-04 09:17:43.464128,0,-0.311315,-0.044948,0.383098,-0.230773,-0.049321,0.562937,nan,nan,nan,-3.091232,-0.023841,0.260475,-2.374389,-0.009884,-2.016402,nan,nan,nan
2026-05-04 09:17:43.481937,0,-0.31654,-0.045068,0.383104,-0.232916,-0.049247,0.558957,nan,nan,nan,-3.090808,-0.01948,0.275354,-2.377817,0.002525,-2.02316,nan,nan,nan
2026-05-04 09:17:43.499265,0,-0.319567,-0.045128,0.383615,-0.235484,-0.049227,0.561078,nan,nan,nan,-3.091116,-0.020312,0.285947,-2.387695,-0.007482,-2.004912,nan,nan,nan
2026-05-04 09:17:43.516564,0,-0.323985,-0.045147,0.383146,-0.237972,-0.049144,0.558927,nan,nan,nan,-3.093308,-0.018971,0.302721,-2.402538,-0.006697,-1.991647,nan,nan,nan
2026-05-04 09:17:43.533603,0,-0.326521,-0.045091,0.382077,-0.23957,-0.049003,0.558146,nan,nan,nan,-3.092136,-0.021707,0.322907,-2.409797,0.003129,-1.993437,nan,nan,nan
2026-05-04 09:17:43.552141,0,-0.327607,-0.045081,0.381569,-0.240281,-0.048931,0.557886,nan,nan,nan,-3.098521,-0.021046,0.332583,-2.405775,-0.013232,-1.973252,nan,nan,nan
2026-05-04 09:17:43.568925,0,-0.329429,-0.045027,0.380567,-0.240008,-0.048389,0.553856,nan,nan,nan,-3.096342,-0.016954,0.344749,-2.417579,-0.005625,-1.958846,nan,nan,nan
2026-05-04 09:17:43.586900,0,-0.330697,-0.045042,0.380139,-0.240333,-0.048298,0.55299,nan,nan,nan,-3.091657,-0.021853,0.358018,-2.42135,-0.008318,-1.951391,nan,nan,nan
2026-05-04 09:17:43.604744,0,-0.330492,-0.044999,0.379186,-0.240965,-0.048261,0.554583,nan,nan,nan,-3.092899,-0.022939,0.364345,-2.407917,-0.010722,-1.960429,nan,nan,nan
2026-05-04 09:17:43.622788,0,-0.330439,-0.044954,0.378742,-0.24002,-0.04819,0.552151,nan,nan,nan,-3.089956,-0.023975,0.373265,-2.42679,-0.005133,-1.953321,nan,nan,nan
2026-05-04 09:17:43.639388,0,-0.330108,-0.044925,0.378236,-0.239398,-0.048166,0.552142,nan,nan,nan,-3.092942,-0.024711,0.377667,-2.428187,-0.019978,-1.932867,nan,nan,nan
2026-05-04 09:17:43.656706,0,-0.329787,-0.044904,0.37785,-0.238942,-0.048154,0.551903,nan,nan,nan,-3.092544,-0.026959,0.380568,-2.427703,-0.01543,-1.936923,nan,nan,nan
2026-05-04 09:17:43.674464,0,-0.330023,-0.044919,0.378137,-0.237549,-0.048159,0.551232,nan,nan,nan,-3.09256,-0.024805,0.383866,-2.42915,-0.019925,-1.918485,nan,nan,nan
2026-05-04 09:17:43.692165,0,-0.329919,-0.044926,0.378272,-0.235708,-0.048133,0.549961,nan,nan,nan,-3.091167,-0.026051,0.394714,-2.445716,-0.008496,-1.916863,nan,nan,nan
2026-05-04 09:17:43.710354,0,-0.329425,-0.044926,0.378749,-0.234324,-0.048096,0.549843,nan,nan,nan,-3.090089,-0.023667,0.411388,-2.4466,-0.012651,-1.916034,nan,nan,nan
2026-05-04 09:17:43.728560,0,-0.329053,-0.044965,0.378978,-0.233197,-0.048034,0.548907,nan,nan,nan,-3.088164,-0.020252,0.412514,-2.44893,-0.008431,-1.913658,nan,nan,nan
2026-05-04 09:17:43.746439,0,-0.328164,-0.044994,0.379509,-0.231784,-0.048088,0.54976,nan,nan,nan,-3.088063,-0.022549,0.416233,-2.445435,-0.017926,-1.904559,nan,nan,nan
2026-05-04 09:17:43.764012,0,-0.326111,-0.044965,0.379024,-0.230219,-0.048141,0.550516,nan,nan,nan,-3.089964,-0.024374,0.422611,-2.443305,-0.023591,-1.893277,nan,nan,nan
2026-05-04 09:17:43.784550,0,-0.324211,-0.04497,0.379041,-0.228642,-0.048149,0.551426,nan,nan,nan,-3.08438,-0.026896,0.42764,-2.44979,-0.024106,-1.889539,nan,nan,nan
2026-05-04 09:17:43.802828,0,-0.321794,-0.044923,0.378662,-0.226292,-0.048099,0.550868,nan,nan,nan,-3.086719,-0.026506,0.426775,-2.460542,-0.011497,-1.894075,nan,nan,nan
2026-05-04 09:17:43.819584,0,-0.3195,-0.044953,0.378762,-0.224108,-0.048115,0.550675,nan,nan,nan,-3.088355,-0.021417,0.420772,-2.452039,-0.025906,-1.893273,nan,nan,nan
2026-05-04 09:17:43.836807,0,-0.318647,-0.044955,0.379246,-0.223344,-0.048192,0.551783,nan,nan,nan,-3.085893,-0.024327,0.415028,-2.450381,-0.023431,-1.89698,nan,nan,nan
2026-05-04 09:17:43.854621,0,-0.315162,-0.044932,0.378532,-0.221373,-0.048216,0.5527,nan,nan,nan,-3.083417,-0.028251,0.409767,-2.443378,-0.023727,-1.909069,nan,nan,nan
2026-05-04 09:17:43.873657,0,-0.31106,-0.044881,0.377674,-0.218544,-0.048153,0.552546,nan,nan,nan,-3.091339,-0.028082,0.394188,-2.427974,-0.035023,-1.915108,nan,nan,nan
2026-05-04 09:17:43.891619,0,-0.307181,-0.044842,0.377106,-0.215345,-0.048039,0.551375,nan,nan,nan,-3.08788,-0.028126,0.38653,-2.432786,-0.023898,-1.935496,nan,nan,nan
2026-05-04 09:17:43.909327,0,-0.305337,-0.044884,0.377037,-0.216805,-0.04866,0.558297,nan,nan,nan,-3.094676,-0.027382,0.379715,-2.37022,0.009295,-2.012716,nan,nan,nan
2026-05-04 09:17:43.927820,0,-0.301105,-0.04485,0.376606,-0.210988,-0.048126,0.551651,nan,nan,nan,-3.091955,-0.023384,0.36395,-2.405554,-0.027614,-1.95172,nan,nan,nan
2026-05-04 09:17:43.945801,0,-0.29601,-0.044739,0.375412,-0.20759,-0.048097,0.551112,nan,nan,nan,-3.096057,-0.02203,0.345627,-2.398901,-0.029343,-1.962443,nan,nan,nan
2026-05-04 09:17:43.963243,0,-0.293946,-0.044718,0.375447,-0.205746,-0.048097,0.550987,nan,nan,nan,-3.090334,-0.021869,0.331016,-2.401866,-0.020949,-1.9603,nan,nan,nan
2026-05-04 09:17:43.981796,0,-0.289221,-0.044674,0.375007,nan,nan,nan,nan,nan,nan,-3.093478,-0.019361,0.316802,nan,nan,nan,nan,nan,nan
2026-05-04 09:17:44.000600,0,-0.283285,-0.044562,0.373534,-0.197745,-0.048134,0.550537,nan,nan,nan,-3.09939,-0.022892,0.30513,-2.387245,-0.00791,-1.991425,nan,nan,nan
2026-05-04 09:17:44.018525,0,-0.277802,-0.04449,0.372907,-0.192995,-0.048039,0.549516,nan,nan,nan,-3.092184,-0.027299,0.291214,-2.374651,-0.010826,-2.009232,nan,nan,nan
2026-05-04 09:17:44.036089,0,-0.271642,-0.044365,0.371498,-0.187909,-0.047942,0.547946,nan,nan,nan,-3.086751,-0.030471,0.284941,-2.364562,-0.014463,-2.01821,nan,nan,nan
2026-05-04 09:17:44.053132,0,-0.264435,-0.044202,0.369895,-0.183209,-0.048102,0.549686,nan,nan,nan,-3.098618,-0.028281,0.268747,-2.351162,-0.009831,-2.025141,nan,nan,nan
2026-05-04 09:17:44.070746,0,-0.257764,-0.044191,0.369466,-0.177176,-0.047928,0.547744,nan,nan,nan,-3.098302,-0.023496,0.252315,-2.341982,-0.010601,-2.041153,nan,nan,nan
2026-05-04 09:17:44.088146,0,-0.25391,-0.044056,0.368604,-0.174286,-0.047932,0.5477,nan,nan,nan,-3.100257,-0.024398,0.251513,-2.344429,-0.005988,-2.044694,nan,nan,nan
2026-05-04 09:17:44.106307,0,-0.245451,-0.043673,0.366167,-0.168892,-0.048106,0.547482,nan,nan,nan,-3.101718,-0.014001,0.237326,-2.324949,-0.008419,-2.054335,nan,nan,nan
2026-05-04 09:17:44.124051,0,-0.237056,-0.04358,0.365118,nan,nan,nan,nan,nan,nan,-3.102685,-0.015145,0.21927,nan,nan,nan,nan,nan,nan
2026-05-04 09:17:44.142462,0,-0.228448,-0.04363,0.364512,nan,nan,nan,nan,nan,nan,-3.103448,-0.022285,0.193588,nan,nan,nan,nan,nan,nan
2026-05-04 09:17:44.159072,0,-0.219775,-0.043533,0.364024,nan,nan,nan,nan,nan,nan,-3.10383,-0.016237,0.168698,nan,nan,nan,nan,nan,nan
2026-05-04 09:17:44.176564,0,-0.215211,-0.043499,0.363762,nan,nan,nan,nan,nan,nan,-3.107202,-0.01471,0.164692,nan,nan,nan,nan,nan,nan
2026-05-04 09:17:44.194397,0,-0.206369,-0.043504,0.363825,nan,nan,nan,nan,nan,nan,-3.10587,-0.010241,0.127894,nan,nan,nan,nan,nan,nan
2026-05-04 09:17:44.212438,0,-0.197627,-0.043512,0.363987,nan,nan,nan,nan,nan,nan,-3.106944,-0.011088,0.114668,nan,nan,nan,nan,nan,nan
2026-05-04 09:17:44.229153,0,-0.188162,-0.043476,0.363709,nan,nan,nan,nan,nan,nan,-3.114115,-0.010912,0.088044,nan,nan,nan,nan,nan,nan
2026-05-04 09:17:44.249080,0,-0.183502,-0.043448,0.363549,nan,nan,nan,nan,nan,nan,-3.11447,-0.012865,0.090759,nan,nan,nan,nan,nan,nan
2026-05-04 09:17:44.267862,0,-0.1746,-0.043499,0.364228,nan,nan,nan,nan,nan,nan,-3.096557,-0.011116,0.066745,nan,nan,nan,nan,nan,nan
2026-05-04 09:17:44.286574,0,-0.16488,-0.043392,0.363454,nan,nan,nan,nan,nan,nan,-3.107287,-0.013573,0.055781,nan,nan,nan,nan,nan,nan
2026-05-04 09:17:44.304749,0,-0.155251,-0.043312,0.363068,nan,nan,nan,nan,nan,nan,-3.103071,-0.013084,0.034412,nan,nan,nan,nan,nan,nan
2026-05-04 09:17:44.322442,0,-0.147106,-0.043245,0.365125,nan,nan,nan,nan,nan,nan,-3.100222,-0.01785,0.008919,nan,nan,nan,nan,nan,nan
2026-05-04 09:17:44.339834,0,-0.137088,-0.042889,0.364102,nan,nan,nan,nan,nan,nan,-3.101546,-0.005891,0.018737,nan,nan,nan,nan,nan,nan
2026-05-04 09:17:44.359006,0,-0.13217,-0.042892,0.36375,nan,nan,nan,nan,nan,nan,-3.112959,-0.006581,0.015518,nan,nan,nan,nan,nan,nan
2026-05-04 09:17:44.377284,0,-0.122535,-0.042855,0.363823,nan,nan,nan,nan,nan,nan,-3.111301,-0.002659,0.010789,nan,nan,nan,nan,nan,nan
2026-05-04 09:17:44.394623,0,-0.113359,-0.042864,0.363977,nan,nan,nan,nan,nan,nan,-3.106171,-0.001673,0.001452,nan,nan,nan,nan,nan,nan
2026-05-04 09:17:44.413210,0,-0.10352,-0.042874,0.364163,nan,nan,nan,nan,nan,nan,-3.105795,0.000533,-0.026054,nan,nan,nan,nan,nan,nan
2026-05-04 09:17:44.430369,0,-0.093771,-0.042969,0.366037,nan,nan,nan,nan,nan,nan,-3.102284,-0.009312,-0.018882,nan,nan,nan,nan,nan,nan
2026-05-04 09:17:44.448688,0,-0.088718,-0.043002,0.366673,nan,nan,nan,nan,nan,nan,-3.094198,-0.011642,-0.028481,nan,nan,nan,nan,nan,nan
2026-05-04 09:17:44.466806,0,-0.078673,-0.043304,0.368933,nan,nan,nan,nan,nan,nan,-3.056192,-0.023544,-0.075795,nan,nan,nan,nan,nan,nan
2026-05-04 09:17:44.485462,0,-0.068098,-0.043203,0.368602,nan,nan,nan,nan,nan,nan,-3.080641,-0.014554,-0.087227,nan,nan,nan,nan,nan,nan
2026-05-04 09:17:44.502258,0,-0.057638,-0.04317,0.369068,nan,nan,nan,nan,nan,nan,-3.097015,-0.010511,-0.100021,nan,nan,nan,nan,nan,nan
2026-05-04 09:17:44.519281,0,-0.05239,-0.043127,0.369157,nan,nan,nan,nan,nan,nan,-3.114381,-0.010339,-0.098111,nan,nan,nan,nan,nan,nan
2026-05-04 09:17:44.536817,0,-0.04137,-0.043554,0.370602,nan,nan,nan,nan,nan,nan,-3.095435,-0.004839,-0.343882,nan,nan,nan,nan,nan,nan
2026-05-04 09:17:44.554532,0,-0.030817,-0.043385,0.370441,nan,nan,nan,nan,nan,nan,3.125178,0.004888,0.296228,nan,nan,nan,nan,nan,nan
2026-05-04 09:17:44.572173,0,-0.02058,-0.043312,0.371907,nan,nan,nan,nan,nan,nan,-3.052917,-0.001035,-0.329813,nan,nan,nan,nan,nan,nan
2026-05-04 09:17:44.588758,0,-0.015144,-0.043416,0.37273,nan,nan,nan,nan,nan,nan,-3.043159,-0.005222,-0.339626,nan,nan,nan,nan,nan,nan
2026-05-04 09:17:44.605710,0,-0.004287,-0.043413,0.373372,nan,nan,nan,nan,nan,nan,-3.083195,-0.004251,-0.349006,nan,nan,nan,nan,nan,nan
2026-05-04 09:17:44.622763,0,0.006904,-0.043337,0.374398,nan,nan,nan,nan,nan,nan,-3.053656,-0.005165,-0.38852,nan,nan,nan,nan,nan,nan
2026-05-04 09:17:44.639278,0,0.017551,-0.043395,0.375005,nan,nan,nan,nan,nan,nan,-3.045769,-0.000806,-0.405813,nan,nan,nan,nan,nan,nan
2026-05-04 09:17:44.656158,0,0.022818,-0.043402,0.37527,nan,nan,nan,nan,nan,nan,-3.067049,0.007366,-0.430027,nan,nan,nan,nan,nan,nan
2026-05-04 09:17:44.675077,0,0.02817,-0.04328,0.375179,nan,nan,nan,nan,nan,nan,-3.099841,0.002564,-0.423076,nan,nan,nan,nan,nan,nan
2026-05-04 09:17:44.693958,0,0.044866,-0.042992,0.374884,nan,nan,nan,nan,nan,nan,-3.089243,0.003739,-0.47973,nan,nan,nan,nan,nan,nan
2026-05-04 09:17:44.711431,0,0.05549,-0.043147,0.375911,nan,nan,nan,nan,nan,nan,-3.083225,0.002627,-0.49986,nan,nan,nan,nan,nan,nan
2026-05-04 09:17:44.728411,0,0.061241,-0.043305,0.376782,nan,nan,nan,nan,nan,nan,-3.075479,0.005453,-0.510774,nan,nan,nan,nan,nan,nan
2026-05-04 09:17:44.746121,0,0.071648,-0.043186,0.376296,nan,nan,nan,nan,nan,nan,-3.079385,0.008489,-0.534966,nan,nan,nan,nan,nan,nan
2026-05-04 09:17:44.763243,0,0.082685,-0.043415,0.377761,nan,nan,nan,nan,nan,nan,-3.061534,0.01142,-0.566974,nan,nan,nan,nan,nan,nan
2026-05-04 09:17:44.780596,0,0.087881,-0.043471,0.377913,nan,nan,nan,nan,nan,nan,-3.049441,0.0107,-0.58247,nan,nan,nan,nan,nan,nan
2026-05-04 09:17:44.797931,0,0.098202,-0.043329,0.378791,nan,nan,nan,nan,nan,nan,-3.060242,0.000861,-0.58321,nan,nan,nan,nan,nan,nan
2026-05-04 09:17:44.814759,0,0.107458,-0.042936,0.376984,nan,nan,nan,nan,nan,nan,-3.038223,0.011709,-0.628073,nan,nan,nan,nan,nan,nan
2026-05-04 09:17:44.832181,0,0.118167,-0.043583,0.379588,nan,nan,nan,nan,nan,nan,-3.047424,0.014976,-0.633563,nan,nan,nan,nan,nan,nan
2026-05-04 09:17:44.850113,0,0.123197,-0.043534,0.379198,nan,nan,nan,nan,nan,nan,-3.044598,0.010454,-0.644773,nan,nan,nan,nan,nan,nan
2026-05-04 09:17:44.873899,0,0.132532,-0.04353,0.378444,nan,nan,nan,0.010928,-0.048372,0.533717,-3.042586,0.015205,-0.67262,nan,nan,nan,-2.585014,-0.025291,1.75134
2026-05-04 09:17:44.889732,0,0.146503,-0.043603,0.379268,nan,nan,nan,0.021876,-0.048428,0.532015,-3.028423,0.015802,-0.700939,nan,nan,nan,-2.617303,-0.0306,1.703676
2026-05-04 09:17:44.906861,0,0.151406,-0.043641,0.380552,nan,nan,nan,0.025524,-0.048126,0.530469,-3.02915,0.019312,-0.709651,nan,nan,nan,-2.614905,-0.014475,1.712599
2026-05-04 09:17:44.925100,0,0.160379,-0.04354,0.380226,nan,nan,nan,nan,nan,nan,-3.024704,0.01485,-0.726401,nan,nan,nan,nan,nan,nan
2026-05-04 09:17:44.944047,0,0.16882,-0.043457,0.380286,nan,nan,nan,0.039998,-0.047989,0.528329,-3.019486,0.018151,-0.76599,nan,nan,nan,-2.641675,-0.015067,1.665872
2026-05-04 09:17:44.961119,0,0.177492,-0.043596,0.381095,nan,nan,nan,nan,nan,nan,-3.011756,0.018409,-0.77114,nan,nan,nan,nan,nan,nan
2026-05-04 09:17:44.978089,0,0.180965,-0.043432,0.380113,nan,nan,nan,nan,nan,nan,-3.017669,0.021367,-0.792005,nan,nan,nan,nan,nan,nan
2026-05-04 09:17:44.995192,0,0.190393,-0.043831,0.383184,nan,nan,nan,nan,nan,nan,-3.005396,0.027258,-0.795742,nan,nan,nan,nan,nan,nan
2026-05-04 09:17:45.012938,0,0.19776,-0.043821,0.38294,nan,nan,nan,0.063591,-0.047318,0.522112,-2.996856,0.031027,-0.822627,nan,nan,nan,-2.666615,-0.015364,1.617936
2026-05-04 09:17:45.029445,0,0.205048,-0.043817,0.382907,nan,nan,nan,0.06981,-0.047705,0.522769,-2.993089,0.029554,-0.845566,nan,nan,nan,-2.677729,-0.013397,1.604512
2026-05-04 09:17:45.047078,0,0.209384,-0.043886,0.384262,nan,nan,nan,0.073267,-0.047833,0.524211,-2.987538,0.024494,-0.848505,nan,nan,nan,-2.695637,-0.010712,1.580813
2026-05-04 09:17:45.065296,0,0.216617,-0.043923,0.385011,nan,nan,nan,0.07926,-0.047676,0.523722,-2.985132,0.027473,-0.868397,nan,nan,nan,-2.706647,-0.008282,1.568194
2026-05-04 09:17:45.083152,0,0.22303,-0.044077,0.385497,nan,nan,nan,0.084962,-0.047562,0.524118,-2.98557,0.029767,-0.89032,nan,nan,nan,-2.699006,-0.007027,1.579499
2026-05-04 09:17:45.100984,0,0.229633,-0.044208,0.386729,nan,nan,nan,0.090698,-0.047493,0.522896,-2.984164,0.021729,-0.901577,nan,nan,nan,-2.703547,-0.016208,1.560986
2026-05-04 09:17:45.118669,0,nan,nan,nan,nan,nan,nan,0.09343,-0.047581,0.524641,nan,nan,nan,nan,nan,nan,-2.722173,-0.009441,1.540428
2026-05-04 09:17:45.135682,0,nan,nan,nan,nan,nan,nan,0.098139,-0.047002,0.52086,nan,nan,nan,nan,nan,nan,-2.705024,-0.021781,1.544967
2026-05-04 09:17:45.152848,0,0.246458,-0.04428,0.392008,nan,nan,nan,0.103462,-0.047046,0.523792,-2.961812,0.036535,-0.933315,nan,nan,nan,-2.730518,-0.004971,1.501668
2026-05-04 09:17:45.170905,0,0.251845,-0.044339,0.393206,nan,nan,nan,0.107646,-0.046941,0.521267,-2.958827,0.038082,-0.95546,nan,nan,nan,-2.722979,-0.010709,1.514762
2026-05-04 09:17:45.188619,0,nan,nan,nan,nan,nan,nan,0.110215,-0.047041,0.524393,nan,nan,nan,nan,nan,nan,-2.717803,-0.001848,1.501518
2026-05-04 09:17:45.205693,0,nan,nan,nan,nan,nan,nan,0.114568,-0.047042,0.523981,nan,nan,nan,nan,nan,nan,-2.734415,0.000886,1.463622
2026-05-04 09:17:45.222759,0,nan,nan,nan,nan,nan,nan,0.117584,-0.046956,0.521996,nan,nan,nan,nan,nan,nan,-2.769182,-0.008878,1.437283
2026-05-04 09:17:45.239610,0,nan,nan,nan,nan,nan,nan,0.120967,-0.047166,0.524529,nan,nan,nan,nan,nan,nan,-2.75566,-0.014443,1.432065
2026-05-04 09:17:45.257336,0,0.271454,-0.044784,0.402134,nan,nan,nan,0.12173,-0.047013,0.521792,-2.934682,0.042606,-1.047576,nan,nan,nan,-2.777729,-0.008865,1.410922
2026-05-04 09:17:45.274391,0,nan,nan,nan,nan,nan,nan,0.125269,-0.047231,0.525453,nan,nan,nan,nan,nan,nan,-2.76101,-0.002523,1.409963
2026-05-04 09:17:45.292290,0,nan,nan,nan,nan,nan,nan,0.126767,-0.047255,0.524756,nan,nan,nan,nan,nan,nan,-2.793473,-0.009746,1.388216
2026-05-04 09:17:45.309421,0,nan,nan,nan,nan,nan,nan,0.127741,-0.047242,0.525688,nan,nan,nan,nan,nan,nan,-2.789589,-0.005389,1.376274
2026-05-04 09:17:45.326256,0,nan,nan,nan,nan,nan,nan,0.129128,-0.047373,0.527289,nan,nan,nan,nan,nan,nan,-2.794883,-0.009832,1.37042
2026-05-04 09:17:45.344017,0,nan,nan,nan,nan,nan,nan,0.129777,-0.047416,0.527971,nan,nan,nan,nan,nan,nan,-2.826547,-0.003936,1.332704
2026-05-04 09:17:45.361705,0,nan,nan,nan,nan,nan,nan,0.13025,-0.047451,0.529723,nan,nan,nan,nan,nan,nan,-2.823254,-0.004916,1.327696
2026-05-04 09:17:45.379091,0,nan,nan,nan,nan,nan,nan,0.130531,-0.047545,0.530966,nan,nan,nan,nan,nan,nan,-2.831614,-0.004964,1.322849
2026-05-04 09:17:45.396371,0,nan,nan,nan,nan,nan,nan,0.130048,-0.04738,0.531558,nan,nan,nan,nan,nan,nan,-2.837188,0.003645,1.278899
2026-05-04 09:17:45.414388,0,nan,nan,nan,nan,nan,nan,0.129058,-0.047164,0.532827,nan,nan,nan,nan,nan,nan,-2.840859,-0.000705,1.307229
2026-05-04 09:17:45.431354,0,nan,nan,nan,nan,nan,nan,0.128004,-0.047345,0.534833,nan,nan,nan,nan,nan,nan,-2.856158,0.006136,1.260193
2026-05-04 09:17:45.447773,0,nan,nan,nan,nan,nan,nan,0.127352,-0.047259,0.536311,nan,nan,nan,nan,nan,nan,-2.85204,0.012332,1.253753
2026-05-04 09:17:45.464982,0,nan,nan,nan,nan,nan,nan,0.125547,-0.047374,0.536143,nan,nan,nan,nan,nan,nan,-2.876474,0.002792,1.240282
2026-05-04 09:17:45.482807,0,nan,nan,nan,nan,nan,nan,0.123745,-0.04747,0.538455,nan,nan,nan,nan,nan,nan,-2.856954,0.005473,1.256212
2026-05-04 09:17:45.500773,0,nan,nan,nan,nan,nan,nan,0.122667,-0.047585,0.539028,nan,nan,nan,nan,nan,nan,-2.863251,0.006663,1.229433
2026-05-04 09:17:45.517158,0,nan,nan,nan,nan,nan,nan,0.120614,-0.04773,0.540205,nan,nan,nan,nan,nan,nan,-2.868161,0.007003,1.207541
2026-05-04 09:17:45.534600,0,nan,nan,nan,nan,nan,nan,0.117605,-0.047667,0.53891,nan,nan,nan,nan,nan,nan,-2.895312,-0.002763,1.193611
2026-05-04 09:17:45.552898,0,nan,nan,nan,nan,nan,nan,0.114764,-0.047721,0.539527,nan,nan,nan,nan,nan,nan,-2.886009,0.002312,1.186281
2026-05-04 09:17:45.569464,0,nan,nan,nan,nan,nan,nan,0.111912,-0.047737,0.539817,nan,nan,nan,nan,nan,nan,-2.882287,0.003755,1.175298
2026-05-04 09:17:45.587522,0,nan,nan,nan,nan,nan,nan,0.110735,-0.047772,0.540689,nan,nan,nan,nan,nan,nan,-2.868934,-0.00098,1.199552
2026-05-04 09:17:45.605892,0,nan,nan,nan,nan,nan,nan,0.108132,-0.047816,0.541189,nan,nan,nan,nan,nan,nan,-2.876371,0.005673,1.175788
2026-05-04 09:17:45.622555,0,nan,nan,nan,nan,nan,nan,0.105469,-0.047823,0.541791,nan,nan,nan,nan,nan,nan,-2.879314,0.008662,1.149778
2026-05-04 09:17:45.638803,0,nan,nan,nan,nan,nan,nan,0.10256,-0.047733,0.542964,nan,nan,nan,nan,nan,nan,-2.893348,-0.001227,1.166969
2026-05-04 09:17:45.655111,0,nan,nan,nan,nan,nan,nan,0.101566,-0.047772,0.543714,nan,nan,nan,nan,nan,nan,-2.882229,0.005652,1.170627
2026-05-04 09:17:45.672489,0,nan,nan,nan,nan,nan,nan,0.098739,-0.047622,0.543948,nan,nan,nan,nan,nan,nan,-2.894944,0.004905,1.163519
2026-05-04 09:17:45.688979,0,nan,nan,nan,nan,nan,nan,0.096498,-0.047621,0.545261,nan,nan,nan,nan,nan,nan,-2.877641,0.010709,1.169013
2026-05-04 09:17:45.705599,0,nan,nan,nan,nan,nan,nan,0.095184,-0.047587,0.54498,nan,nan,nan,nan,nan,nan,-2.890848,0.011406,1.15092
2026-05-04 09:17:45.721847,0,nan,nan,nan,nan,nan,nan,0.092687,-0.047532,0.54489,nan,nan,nan,nan,nan,nan,-2.893669,-0.002096,1.180337
2026-05-04 09:17:45.737943,0,nan,nan,nan,nan,nan,nan,0.091746,-0.047715,0.545288,nan,nan,nan,nan,nan,nan,-2.894492,0.001051,1.172709
2026-05-04 09:17:45.754731,0,nan,nan,nan,nan,nan,nan,0.089703,-0.047918,0.547399,nan,nan,nan,nan,nan,nan,-2.87216,0.020024,1.133656
2026-05-04 09:17:45.771895,0,nan,nan,nan,nan,nan,nan,0.087164,-0.048032,0.546775,nan,nan,nan,nan,nan,nan,-2.900352,-0.006971,1.154532
2026-05-04 09:17:45.787914,0,nan,nan,nan,nan,nan,nan,0.086245,-0.048008,0.548309,nan,nan,nan,nan,nan,nan,-2.882377,0.007729,1.158784
2026-05-04 09:17:45.804904,0,nan,nan,nan,nan,nan,nan,0.083904,-0.048033,0.547915,nan,nan,nan,nan,nan,nan,-2.884745,-0.004656,1.186143
2026-05-04 09:17:45.821604,0,nan,nan,nan,nan,nan,nan,0.081614,-0.048103,0.548816,nan,nan,nan,nan,nan,nan,-2.861222,0.017,1.152636
2026-05-04 09:17:45.838189,0,nan,nan,nan,nan,nan,nan,0.079949,-0.048002,0.54728,nan,nan,nan,nan,nan,nan,-2.887197,-0.00483,1.174986
2026-05-04 09:17:45.855139,0,nan,nan,nan,nan,nan,nan,0.077848,-0.048074,0.548335,nan,nan,nan,nan,nan,nan,-2.863587,0.007492,1.182625
2026-05-04 09:17:45.871163,0,nan,nan,nan,nan,nan,nan,0.074879,-0.048069,0.547744,nan,nan,nan,nan,nan,nan,-2.87419,0.007173,1.177948
2026-05-04 09:17:45.893426,0,nan,nan,nan,nan,nan,nan,0.071636,-0.047959,0.545685,nan,nan,nan,nan,nan,nan,-2.870326,0.005024,1.178633
2026-05-04 09:17:45.909821,0,nan,nan,nan,nan,nan,nan,0.068824,-0.04802,0.546482,nan,nan,nan,nan,nan,nan,-2.855836,0.005851,1.19436
2026-05-04 09:17:45.927137,0,nan,nan,nan,nan,nan,nan,0.067324,-0.048023,0.546099,nan,nan,nan,nan,nan,nan,-2.854101,0.005559,1.200817
2026-05-04 09:17:45.944879,0,nan,nan,nan,nan,nan,nan,0.06373,-0.048019,0.545931,nan,nan,nan,nan,nan,nan,-2.843204,0.011464,1.199359
2026-05-04 09:17:45.960706,0,nan,nan,nan,nan,nan,nan,0.059993,-0.047939,0.543709,nan,nan,nan,nan,nan,nan,-2.870221,-0.010032,1.223957
2026-05-04 09:17:45.977167,0,nan,nan,nan,nan,nan,nan,0.057963,-0.047914,0.543667,nan,nan,nan,nan,nan,nan,-2.863035,-0.002067,1.22338
2026-05-04 09:17:45.994623,0,nan,nan,nan,nan,nan,nan,0.053878,-0.047961,0.545483,nan,nan,nan,nan,nan,nan,-2.858824,-0.010751,1.241642
2026-05-04 09:17:46.011184,0,nan,nan,nan,nan,nan,nan,0.049511,-0.047925,0.54523,nan,nan,nan,nan,nan,nan,-2.841505,-0.003674,1.263146
2026-05-04 09:17:46.027123,0,nan,nan,nan,nan,nan,nan,0.047184,-0.047809,0.543732,nan,nan,nan,nan,nan,nan,-2.832206,0.007839,1.259616
2026-05-04 09:17:46.044172,0,0.205881,-0.045961,0.441039,nan,nan,nan,0.042459,-0.04785,0.542723,-2.872798,0.039498,-1.196366,nan,nan,nan,-2.85724,-0.009678,1.263072
2026-05-04 09:17:46.060594,0,nan,nan,nan,nan,nan,nan,0.037418,-0.048006,0.54409,nan,nan,nan,nan,nan,nan,-2.821168,-0.007838,1.286757
2026-05-04 09:17:46.078022,0,0.19624,-0.045725,0.436222,nan,nan,nan,0.035114,-0.047907,0.541422,-2.883167,0.043935,-1.181454,nan,nan,nan,-2.8422,-0.013339,1.284156
2026-05-04 09:17:46.095413,0,0.191491,-0.045767,0.437054,nan,nan,nan,0.030012,-0.048051,0.544526,-2.889541,0.044637,-1.163934,nan,nan,nan,-2.825295,-0.017446,1.299788
2026-05-04 09:17:46.112635,0,0.185695,-0.045706,0.435739,nan,nan,nan,0.024868,-0.048022,0.544577,-2.890261,0.041011,-1.145743,nan,nan,nan,-2.812256,-0.005433,1.299371
2026-05-04 09:17:46.128839,0,nan,nan,nan,nan,nan,nan,0.019807,-0.047968,0.542645,nan,nan,nan,nan,nan,nan,-2.817125,-0.017114,1.320269
2026-05-04 09:17:46.146071,0,0.1761,-0.045569,0.432952,nan,nan,nan,0.017249,-0.047975,0.543915,-2.89875,0.039554,-1.127674,nan,nan,nan,-2.800138,-0.009794,1.344566
2026-05-04 09:17:46.163412,0,0.169644,-0.0455,0.431514,nan,nan,nan,0.011785,-0.048008,0.546611,-2.903525,0.03888,-1.111539,nan,nan,nan,-2.788598,0.008126,1.346157
2026-05-04 09:17:46.180605,0,0.163414,-0.045458,0.430658,nan,nan,nan,0.006238,-0.047831,0.545621,-2.91189,0.040987,-1.096452,nan,nan,nan,-2.794939,-0.000929,1.372318
2026-05-04 09:17:46.202847,0,0.159386,-0.045349,0.428092,nan,nan,nan,0.003383,-0.047983,0.546242,-2.910611,0.037532,-1.105718,nan,nan,nan,-2.78013,-0.000423,1.379449
2026-05-04 09:17:46.219384,0,0.148735,-0.045281,0.42703,nan,nan,nan,-0.005943,-0.047992,0.545856,-2.924548,0.038953,-1.061026,nan,nan,nan,-2.761019,-0.005294,1.409599
2026-05-04 09:17:46.237255,0,0.145131,-0.045256,0.4265,nan,nan,nan,-0.008728,-0.048054,0.544015,-2.928795,0.038134,-1.045584,nan,nan,nan,-2.764539,-0.019806,1.418557
2026-05-04 09:17:46.254335,0,0.138141,-0.045213,0.425572,nan,nan,nan,nan,nan,nan,-2.929133,0.039563,-1.030302,nan,nan,nan,nan,nan,nan
2026-05-04 09:17:46.272161,0,0.130712,-0.045146,0.424197,nan,nan,nan,nan,nan,nan,-2.930504,0.039113,-1.029815,nan,nan,nan,nan,nan,nan
2026-05-04 09:17:46.289903,0,0.126773,-0.045071,0.422396,nan,nan,nan,nan,nan,nan,-2.938188,0.034984,-1.018209,nan,nan,nan,nan,nan,nan
2026-05-04 09:17:46.307624,0,0.119177,-0.045032,0.42189,nan,nan,nan,nan,nan,nan,-2.944144,0.031267,-0.987907,nan,nan,nan,nan,nan,nan
2026-05-04 09:17:46.324824,0,0.112326,-0.0451,0.423245,nan,nan,nan,nan,nan,nan,-2.949395,0.038406,-0.971309,nan,nan,nan,nan,nan,nan
2026-05-04 09:17:46.341487,0,0.10455,-0.044975,0.42073,nan,nan,nan,nan,nan,nan,-2.954321,0.032827,-0.968903,nan,nan,nan,nan,nan,nan
2026-05-04 09:17:46.359255,0,0.099841,-0.044832,0.417884,nan,nan,nan,nan,nan,nan,-2.964089,0.034799,-0.963131,nan,nan,nan,nan,nan,nan
2026-05-04 09:17:46.377435,0,0.091986,-0.044748,0.415823,nan,nan,nan,-0.053657,-0.048328,0.5444,-2.967516,0.031568,-0.939996,nan,nan,nan,-2.718275,-0.012524,1.508756
2026-05-04 09:17:46.394837,0,0.084646,-0.044805,0.417221,nan,nan,nan,-0.060251,-0.048648,0.546329,-2.963061,0.029858,-0.935376,nan,nan,nan,-2.710112,-0.013515,1.536613
2026-05-04 09:17:46.411557,0,0.075478,-0.044638,0.413541,nan,nan,nan,nan,nan,nan,-2.979739,0.025746,-0.886664,nan,nan,nan,nan,nan,nan
2026-05-04 09:17:46.428451,0,0.071226,-0.044584,0.412679,nan,nan,nan,nan,nan,nan,-2.981959,0.030672,-0.872714,nan,nan,nan,nan,nan,nan
2026-05-04 09:17:46.445533,0,0.062176,-0.044434,0.40945,nan,nan,nan,nan,nan,nan,-2.993552,0.032631,-0.861915,nan,nan,nan,nan,nan,nan
2026-05-04 09:17:46.461825,0,0.05379,-0.044454,0.40987,nan,nan,nan,nan,nan,nan,-2.99978,0.033323,-0.845578,nan,nan,nan,nan,nan,nan
2026-05-04 09:17:46.479200,0,0.049225,-0.04443,0.409586,nan,nan,nan,nan,nan,nan,-3.000915,0.03257,-0.835672,nan,nan,nan,nan,nan,nan
2026-05-04 09:17:46.497655,0,0.040504,-0.044265,0.406268,nan,nan,nan,nan,nan,nan,-3.009834,0.043991,-0.825631,nan,nan,nan,nan,nan,nan
2026-05-04 09:17:46.515793,0,0.032524,-0.044309,0.406973,nan,nan,nan,nan,nan,nan,-2.996584,0.028131,-0.789893,nan,nan,nan,nan,nan,nan
2026-05-04 09:17:46.533080,0,0.023685,-0.044205,0.404853,nan,nan,nan,nan,nan,nan,-3.022824,0.036854,-0.786363,nan,nan,nan,nan,nan,nan
2026-05-04 09:17:46.550978,0,0.014565,-0.044222,0.405231,nan,nan,nan,nan,nan,nan,-3.017146,0.029084,-0.744124,nan,nan,nan,nan,nan,nan
2026-05-04 09:17:46.568918,0,0.010161,-0.04419,0.404663,nan,nan,nan,nan,nan,nan,-3.025406,0.029584,-0.737777,nan,nan,nan,nan,nan,nan
2026-05-04 09:17:46.588073,0,0.000888,-0.04416,0.403725,nan,nan,nan,nan,nan,nan,-3.019794,0.017834,-0.699305,nan,nan,nan,nan,nan,nan
2026-05-04 09:17:46.607408,0,-0.008783,-0.044074,0.40192,nan,nan,nan,nan,nan,nan,-3.017623,0.022852,-0.693996,nan,nan,nan,nan,nan,nan
2026-05-04 09:17:46.625509,0,-0.018122,-0.044026,0.401143,nan,nan,nan,nan,nan,nan,-3.04724,0.031392,-0.668867,nan,nan,nan,nan,nan,nan
2026-05-04 09:17:46.642765,0,-0.026754,-0.044024,0.401149,nan,nan,nan,nan,nan,nan,-3.035509,0.025097,-0.650586,nan,nan,nan,nan,nan,nan
2026-05-04 09:17:46.659461,0,-0.036013,-0.043939,0.399379,nan,nan,nan,nan,nan,nan,-3.055227,0.03242,-0.642133,nan,nan,nan,nan,nan,nan
2026-05-04 09:17:46.677814,0,-0.040701,-0.044559,0.402653,nan,nan,nan,nan,nan,nan,-3.030246,0.036282,-0.577438,nan,nan,nan,nan,nan,nan
2026-05-04 09:17:46.696663,0,-0.048514,-0.044233,0.401848,nan,nan,nan,nan,nan,nan,-3.04056,0.02707,-0.56939,nan,nan,nan,nan,nan,nan
2026-05-04 09:17:46.714352,0,-0.056828,-0.043944,0.399532,nan,nan,nan,nan,nan,nan,-3.049881,0.024767,-0.594248,nan,nan,nan,nan,nan,nan
2026-05-04 09:17:46.732546,0,-0.065422,-0.043915,0.398255,nan,nan,nan,nan,nan,nan,-3.047143,0.031174,-0.586357,nan,nan,nan,nan,nan,nan
2026-05-04 09:17:46.749319,0,-0.074048,-0.043986,0.399239,nan,nan,nan,nan,nan,nan,-2.99951,0.00816,-0.512881,nan,nan,nan,nan,nan,nan
2026-05-04 09:17:46.767710,0,-0.07826,-0.043837,0.397382,nan,nan,nan,nan,nan,nan,-3.058114,0.032895,-0.586523,nan,nan,nan,nan,nan,nan
2026-05-04 09:17:46.786657,0,-0.088241,-0.043877,0.398127,nan,nan,nan,nan,nan,nan,-3.031113,0.021004,-0.543844,nan,nan,nan,nan,nan,nan
2026-05-04 09:17:46.805736,0,-0.097248,-0.043857,0.3978,nan,nan,nan,nan,nan,nan,-3.029424,0.016936,-0.506933,nan,nan,nan,nan,nan,nan
2026-05-04 09:17:46.822824,0,-0.106097,-0.043834,0.397227,nan,nan,nan,nan,nan,nan,-3.036245,0.019023,-0.538237,nan,nan,nan,nan,nan,nan
2026-05-04 09:17:46.840738,0,-0.115018,-0.043761,0.396759,nan,nan,nan,nan,nan,nan,-3.016301,-0.006134,-0.282613,nan,nan,nan,nan,nan,nan
2026-05-04 09:17:46.858250,0,-0.118823,-0.043658,0.395531,nan,nan,nan,nan,nan,nan,-2.99559,-0.00981,-0.253067,nan,nan,nan,nan,nan,nan
2026-05-04 09:17:46.876317,0,-0.127454,-0.044598,0.398906,nan,nan,nan,nan,nan,nan,-3.050091,0.023501,-0.463647,nan,nan,nan,nan,nan,nan
2026-05-04 09:17:46.894365,0,-0.135426,-0.044568,0.398154,nan,nan,nan,nan,nan,nan,-3.071514,0.011483,-0.370275,nan,nan,nan,nan,nan,nan
2026-05-04 09:17:46.912514,0,-0.143408,-0.044521,0.396858,nan,nan,nan,nan,nan,nan,-3.089499,0.008616,-0.30986,nan,nan,nan,nan,nan,nan
2026-05-04 09:17:46.929892,0,-0.147161,-0.04446,0.395814,nan,nan,nan,nan,nan,nan,-3.107361,0.010661,-0.292778,nan,nan,nan,nan,nan,nan
2026-05-04 09:17:46.948572,0,-0.154802,-0.044353,0.393816,nan,nan,nan,nan,nan,nan,-3.119771,0.010474,-0.242321,nan,nan,nan,nan,nan,nan
2026-05-04 09:17:46.967161,0,-0.162934,-0.044315,0.393022,nan,nan,nan,nan,nan,nan,-3.119645,0.009627,-0.213809,nan,nan,nan,nan,nan,nan
2026-05-04 09:17:46.985654,0,-0.170538,-0.044299,0.392571,nan,nan,nan,nan,nan,nan,-3.111724,0.003474,-0.198595,nan,nan,nan,nan,nan,nan
2026-05-04 09:17:47.003331,0,-0.177807,-0.044309,0.392615,nan,nan,nan,nan,nan,nan,-3.079864,-0.002556,-0.178386,nan,nan,nan,nan,nan,nan
2026-05-04 09:17:47.021285,0,-0.184375,-0.044267,0.391782,nan,nan,nan,nan,nan,nan,-3.092046,-0.000835,-0.160731,nan,nan,nan,nan,nan,nan
2026-05-04 09:17:47.038734,0,-0.187735,-0.044251,0.391434,nan,nan,nan,nan,nan,nan,-3.087785,0.001359,-0.158942,nan,nan,nan,nan,nan,nan
2026-05-04 09:17:47.056607,0,-0.192955,-0.044141,0.389398,nan,nan,nan,nan,nan,nan,-3.112634,0.00868,-0.131976,nan,nan,nan,nan,nan,nan
2026-05-04 09:17:47.075177,0,-0.198758,-0.04415,0.389452,nan,nan,nan,nan,nan,nan,-3.099487,0.00722,-0.121043,nan,nan,nan,nan,nan,nan
2026-05-04 09:17:47.093225,0,-0.204438,-0.044135,0.389226,nan,nan,nan,nan,nan,nan,-3.106821,0.007322,-0.117797,nan,nan,nan,nan,nan,nan
2026-05-04 09:17:47.109989,0,-0.209855,-0.044118,0.3889,nan,nan,nan,nan,nan,nan,-3.108473,0.002782,-0.100349,nan,nan,nan,nan,nan,nan
2026-05-04 09:17:47.127349,0,-0.21255,-0.044128,0.389014,nan,nan,nan,nan,nan,nan,-3.099562,0.001468,-0.099623,nan,nan,nan,nan,nan,nan
2026-05-04 09:17:47.144897,0,-0.217244,-0.044087,0.388206,nan,nan,nan,nan,nan,nan,-3.095109,-0.003576,-0.086713,nan,nan,nan,nan,nan,nan
2026-05-04 09:17:47.162523,0,-0.221591,-0.044033,0.386558,nan,nan,nan,nan,nan,nan,-3.095514,-0.005728,-0.071604,nan,nan,nan,nan,nan,nan
2026-05-04 09:17:47.179576,0,-0.223702,-0.044139,0.385721,nan,nan,nan,nan,nan,nan,-3.104353,-0.001213,-0.058875,nan,nan,nan,nan,nan,nan
2026-05-04 09:17:47.197696,0,-0.22752,-0.044539,0.388025,nan,nan,nan,nan,nan,nan,-3.095485,-0.001409,-0.066295,nan,nan,nan,nan,nan,nan
2026-05-04 09:17:47.215739,0,-0.234733,-0.044709,0.388572,nan,nan,nan,nan,nan,nan,-3.105715,0.005009,-0.070016,nan,nan,nan,nan,nan,nan
2026-05-04 09:17:47.233958,0,-0.238686,-0.044819,0.388999,nan,nan,nan,nan,nan,nan,-3.10221,0.004377,-0.069425,nan,nan,nan,nan,nan,nan
2026-05-04 09:17:47.251810,0,-0.241412,-0.04473,0.387517,nan,nan,nan,nan,nan,nan,-3.109521,0.002428,-0.059096,nan,nan,nan,nan,nan,nan
2026-05-04 09:17:47.269934,0,-0.242711,-0.044699,0.386663,nan,nan,nan,nan,nan,nan,-3.098,-0.000293,-0.042371,nan,nan,nan,nan,nan,nan
2026-05-04 09:17:47.287388,0,-0.244733,-0.044574,0.384467,nan,nan,nan,nan,nan,nan,-3.100945,0.001279,-0.025682,nan,nan,nan,nan,nan,nan
2026-05-04 09:17:47.304580,0,-0.247412,-0.044567,0.384202,nan,nan,nan,nan,nan,nan,-3.107368,0.001249,-0.021398,nan,nan,nan,nan,nan,nan
2026-05-04 09:17:47.321610,0,-0.250132,-0.044566,0.384168,nan,nan,nan,nan,nan,nan,-3.106064,0.000323,-0.020638,nan,nan,nan,nan,nan,nan
2026-05-04 09:17:47.338373,0,-0.251059,-0.044544,0.383898,nan,nan,nan,nan,nan,nan,-3.103042,-0.001484,-0.010267,nan,nan,nan,nan,nan,nan
2026-05-04 09:17:47.356146,0,-0.252598,-0.044545,0.383623,nan,nan,nan,nan,nan,nan,-3.109343,-0.001037,-0.007367,nan,nan,nan,nan,nan,nan
2026-05-04 09:17:47.373504,0,-0.254241,-0.044545,0.383748,nan,nan,nan,nan,nan,nan,-3.102829,-0.002909,0.005115,nan,nan,nan,nan,nan,nan
2026-05-04 09:17:47.390778,0,-0.253278,-0.044427,0.381576,nan,nan,nan,nan,nan,nan,-3.113517,-0.00503,0.014186,nan,nan,nan,nan,nan,nan
2026-05-04 09:17:47.408498,0,-0.252476,-0.044355,0.380115,nan,nan,nan,nan,nan,nan,-3.104466,-0.005591,0.02213,nan,nan,nan,nan,nan,nan
2026-05-04 09:17:47.426662,0,-0.252158,-0.044285,0.378841,nan,nan,nan,nan,nan,nan,-3.112911,-0.002144,0.020987,nan,nan,nan,nan,nan,nan
2026-05-04 09:17:47.443496,0,-0.252605,-0.04431,0.379109,nan,nan,nan,nan,nan,nan,-3.1087,-0.005303,0.035526,nan,nan,nan,nan,nan,nan
2026-05-04 09:17:47.460064,0,-0.252629,-0.0443,0.378933,-0.19796,-0.049239,0.569214,nan,nan,nan,-3.10982,-0.005973,0.042001,-2.20029,-0.00069,-2.200022,nan,nan,nan
2026-05-04 09:17:47.478853,0,-0.252556,-0.044281,0.37866,nan,nan,nan,nan,nan,nan,-3.117845,-0.00633,0.043819,nan,nan,nan,nan,nan,nan
2026-05-04 09:17:47.496856,0,-0.253007,-0.044367,0.379188,-0.196994,-0.049268,0.568299,nan,nan,nan,-3.112633,-0.010738,0.042664,-2.208135,-0.006092,-2.196353,nan,nan,nan
2026-05-04 09:17:47.514672,0,-0.253252,-0.044363,0.379242,nan,nan,nan,nan,nan,nan,-3.105815,-0.012145,0.053808,nan,nan,nan,nan,nan,nan
2026-05-04 09:17:47.531779,0,-0.253568,-0.044441,0.37949,nan,nan,nan,nan,nan,nan,-3.109588,-0.015523,0.061889,nan,nan,nan,nan,nan,nan
2026-05-04 09:17:47.554171,0,-0.253646,-0.04446,0.379598,nan,nan,nan,nan,nan,nan,-3.107151,-0.016693,0.060614,nan,nan,nan,nan,nan,nan
2026-05-04 09:17:47.570899,0,-0.253335,-0.044409,0.379116,-0.193269,-0.0491,0.567752,nan,nan,nan,-3.113963,-0.016301,0.071716,-2.227506,0.001422,-2.162596,nan,nan,nan
2026-05-04 09:17:47.588221,0,-0.25309,-0.044378,0.37878,nan,nan,nan,nan,nan,nan,-3.119576,-0.015831,0.077571,nan,nan,nan,nan,nan,nan
2026-05-04 09:17:47.605739,0,-0.253404,-0.044445,0.379465,-0.191767,-0.049116,0.568451,nan,nan,nan,-3.108669,-0.017258,0.084353,-2.237873,-0.018426,-2.156354,nan,nan,nan
2026-05-04 09:17:47.623595,0,-0.253425,-0.044514,0.379995,nan,nan,nan,nan,nan,nan,-3.102995,-0.021903,0.105787,nan,nan,nan,nan,nan,nan
2026-05-04 09:17:47.641223,0,-0.252942,-0.044532,0.380357,-0.188766,-0.048706,0.566702,nan,nan,nan,-3.100188,-0.022323,0.106558,-2.240896,-0.005529,-2.156804,nan,nan,nan
2026-05-04 09:17:47.659098,0,-0.252043,-0.044474,0.379759,nan,nan,nan,nan,nan,nan,-3.10928,-0.019768,0.108698,nan,nan,nan,nan,nan,nan
2026-05-04 09:17:47.676584,0,-0.251143,-0.044484,0.380092,nan,nan,nan,nan,nan,nan,-3.102583,-0.022387,0.115678,nan,nan,nan,nan,nan,nan
2026-05-04 09:17:47.694447,0,-0.249987,-0.044549,0.380374,nan,nan,nan,nan,nan,nan,-3.103622,-0.024196,0.117366,nan,nan,nan,nan,nan,nan
2026-05-04 09:17:47.717937,0,-0.248455,-0.044583,0.380549,-0.183115,-0.049056,0.565479,nan,nan,nan,-3.104597,-0.023993,0.106292,-2.255178,-0.006403,-2.133457,nan,nan,nan
2026-05-04 09:17:47.735340,0,-0.247341,-0.044746,0.38152,nan,nan,nan,nan,nan,nan,-3.103465,-0.027147,0.11324,nan,nan,nan,nan,nan,nan
2026-05-04 09:17:47.753722,0,-0.244448,-0.044631,0.380761,-0.179028,-0.048993,0.566565,nan,nan,nan,-3.104402,-0.025908,0.105008,-2.235383,-0.001136,-2.139739,nan,nan,nan
2026-05-04 09:17:47.771150,0,-0.241974,-0.044692,0.381123,nan,nan,nan,nan,nan,nan,-3.103308,-0.02548,0.100619,nan,nan,nan,nan,nan,nan
2026-05-04 09:17:47.789368,0,-0.240707,-0.044708,0.381291,-0.176339,-0.048882,0.569188,nan,nan,nan,-3.101017,-0.028383,0.100545,-2.24588,-0.024619,-2.143714,nan,nan,nan
2026-05-04 09:17:47.807610,0,-0.237382,-0.04472,0.381058,-0.172845,-0.048678,0.566539,nan,nan,nan,-3.100806,-0.026839,0.100469,-2.249443,-0.021474,-2.139454,nan,nan,nan
2026-05-04 09:17:47.825465,0,-0.233514,-0.044652,0.380761,nan,nan,nan,nan,nan,nan,-3.102727,-0.026489,0.088124,nan,nan,nan,nan,nan,nan
2026-05-04 09:17:47.843526,0,-0.229135,-0.044727,0.3806,-0.166486,-0.048667,0.566286,nan,nan,nan,-3.105582,-0.028909,0.070683,-2.228259,-0.016736,-2.163115,nan,nan,nan
2026-05-04 09:17:47.861163,0,-0.222873,-0.044681,0.377919,-0.16326,-0.048683,0.567377,nan,nan,nan,-3.104183,-0.026306,0.080462,-2.216352,-0.023152,-2.170724,nan,nan,nan
2026-05-04 09:17:47.878578,0,-0.219928,-0.04461,0.377098,nan,nan,nan,nan,nan,nan,-3.114326,-0.023599,0.062292,nan,nan,nan,nan,nan,nan
2026-05-04 09:17:47.896368,0,-0.215,-0.044545,0.377587,nan,nan,nan,nan,nan,nan,-3.099259,-0.026259,0.040134,nan,nan,nan,nan,nan,nan
2026-05-04 09:17:47.914434,0,-0.209014,-0.044405,0.37749,nan,nan,nan,nan,nan,nan,-3.106366,-0.026749,0.024351,nan,nan,nan,nan,nan,nan
2026-05-04 09:17:47.931880,0,-0.201754,-0.044168,0.375755,nan,nan,nan,nan,nan,nan,-3.109549,-0.016277,0.010683,nan,nan,nan,nan,nan,nan
2026-05-04 09:17:47.949841,0,-0.197911,-0.044094,0.374979,nan,nan,nan,nan,nan,nan,-3.118477,-0.015468,0.006819,nan,nan,nan,nan,nan,nan
2026-05-04 09:17:47.967484,0,-0.190749,-0.044035,0.374298,nan,nan,nan,nan,nan,nan,-3.116682,-0.009092,-0.002104,nan,nan,nan,nan,nan,nan
2026-05-04 09:17:47.985944,0,-0.183244,-0.044015,0.374492,nan,nan,nan,nan,nan,nan,-3.116255,-0.012148,-0.037859,nan,nan,nan,nan,nan,nan
2026-05-04 09:17:48.004207,0,-0.175526,-0.043988,0.374208,nan,nan,nan,nan,nan,nan,-3.110029,-0.008751,-0.059442,nan,nan,nan,nan,nan,nan
2026-05-04 09:17:48.021640,0,-0.167221,-0.043899,0.373758,nan,nan,nan,nan,nan,nan,-3.105089,-0.010373,-0.095882,nan,nan,nan,nan,nan,nan
2026-05-04 09:17:48.042906,0,-0.16312,-0.043847,0.373641,nan,nan,nan,nan,nan,nan,-3.093373,-0.015415,-0.09518,nan,nan,nan,nan,nan,nan
2026-05-04 09:17:48.060303,0,-0.150257,-0.043809,0.372913,nan,nan,nan,nan,nan,nan,-3.10061,-0.00842,-0.141337,nan,nan,nan,nan,nan,nan
2026-05-04 09:17:48.078200,0,-0.145757,-0.043702,0.372991,nan,nan,nan,nan,nan,nan,-3.093578,-0.01484,-0.1594,nan,nan,nan,nan,nan,nan
2026-05-04 09:17:48.095527,0,-0.136976,-0.043627,0.372446,nan,nan,nan,nan,nan,nan,-3.074064,-0.017724,-0.188631,nan,nan,nan,nan,nan,nan
2026-05-04 09:17:48.113883,0,-0.127803,-0.043562,0.371857,nan,nan,nan,nan,nan,nan,-3.060702,-0.018879,-0.20341,nan,nan,nan,nan,nan,nan
2026-05-04 09:17:48.131625,0,-0.117626,-0.043647,0.369717,nan,nan,nan,nan,nan,nan,-3.12559,-0.000784,-0.239217,nan,nan,nan,nan,nan,nan
2026-05-04 09:17:48.149351,0,-0.113809,-0.043661,0.372095,nan,nan,nan,nan,nan,nan,-3.055162,-0.015996,-0.277894,nan,nan,nan,nan,nan,nan
2026-05-04 09:17:48.166893,0,-0.104551,-0.043438,0.371766,nan,nan,nan,nan,nan,nan,-3.021864,-0.022112,-0.257348,nan,nan,nan,nan,nan,nan
2026-05-04 09:17:48.187334,0,-0.094213,-0.043151,0.369782,nan,nan,nan,nan,nan,nan,-3.109442,-0.000823,-0.211985,nan,nan,nan,nan,nan,nan
2026-05-04 09:17:48.205356,0,-0.084163,-0.043134,0.369225,nan,nan,nan,nan,nan,nan,-3.101628,-0.004761,-0.234706,nan,nan,nan,nan,nan,nan
2026-05-04 09:17:48.223367,0,-0.074675,-0.043101,0.370761,nan,nan,nan,nan,nan,nan,-2.964957,-0.004268,-0.444691,nan,nan,nan,nan,nan,nan
2026-05-04 09:17:48.241538,0,-0.065058,-0.043212,0.370846,nan,nan,nan,nan,nan,nan,-3.090799,-0.003042,-0.202663,nan,nan,nan,nan,nan,nan
2026-05-04 09:17:48.260153,0,-0.060371,-0.04318,0.370698,nan,nan,nan,nan,nan,nan,-3.107725,-0.000952,-0.214858,nan,nan,nan,nan,nan,nan
2026-05-04 09:17:48.279028,0,-0.050807,-0.043238,0.371944,nan,nan,nan,nan,nan,nan,-3.039205,0.003913,-0.364362,nan,nan,nan,nan,nan,nan
2026-05-04 09:17:48.296014,0,-0.040858,-0.043177,0.371048,nan,nan,nan,nan,nan,nan,-3.097615,0.019832,-0.43485,nan,nan,nan,nan,nan,nan
2026-05-04 09:17:48.312704,0,-0.030742,-0.043206,0.371575,nan,nan,nan,nan,nan,nan,-3.071829,0.012421,-0.485165,nan,nan,nan,nan,nan,nan
2026-05-04 09:17:48.329205,0,-0.026152,-0.043224,0.372102,nan,nan,nan,nan,nan,nan,-3.07213,0.00751,-0.461679,nan,nan,nan,nan,nan,nan
2026-05-04 09:17:48.346536,0,-0.016633,-0.043163,0.370973,nan,nan,nan,nan,nan,nan,-3.089584,0.013896,-0.479407,nan,nan,nan,nan,nan,nan
2026-05-04 09:17:48.366290,0,-0.006791,-0.043183,0.371146,nan,nan,nan,nan,nan,nan,-3.063483,0.009996,-0.531293,nan,nan,nan,nan,nan,nan
2026-05-04 09:17:48.384662,0,0.002809,-0.043184,0.371773,nan,nan,nan,nan,nan,nan,-3.060246,0.011687,-0.544166,nan,nan,nan,nan,nan,nan
2026-05-04 09:17:48.402430,0,0.012274,-0.043175,0.371094,nan,nan,nan,nan,nan,nan,-3.065905,0.012257,-0.556731,nan,nan,nan,nan,nan,nan
2026-05-04 09:17:48.421867,0,0.017043,-0.043212,0.371334,nan,nan,nan,nan,nan,nan,-3.056596,0.01153,-0.556231,nan,nan,nan,nan,nan,nan
2026-05-04 09:17:48.441294,0,0.026963,-0.043226,0.371982,nan,nan,nan,nan,nan,nan,-3.038869,0.008224,-0.591617,nan,nan,nan,nan,nan,nan
2026-05-04 09:17:48.459859,0,0.036672,-0.043228,0.371865,nan,nan,nan,nan,nan,nan,-3.044198,0.015113,-0.617184,nan,nan,nan,nan,nan,nan
2026-05-04 09:17:48.479289,0,0.045867,-0.043243,0.371506,nan,nan,nan,nan,nan,nan,-3.048273,0.017902,-0.606594,nan,nan,nan,nan,nan,nan
2026-05-04 09:17:48.497169,0,0.055827,-0.043219,0.371146,nan,nan,nan,nan,nan,nan,-3.042496,0.015442,-0.648028,nan,nan,nan,nan,nan,nan
2026-05-04 09:17:48.514064,0,0.065806,-0.043185,0.372286,nan,nan,nan,nan,nan,nan,-3.039933,0.006303,-0.665472,nan,nan,nan,nan,nan,nan
2026-05-04 09:17:48.531874,0,0.074897,-0.043024,0.372075,nan,nan,nan,-0.050544,-0.048253,0.526915,-3.044803,0.010709,-0.694195,nan,nan,nan,-2.587327,-0.033725,1.729444
2026-05-04 09:17:48.549512,0,0.079446,-0.043193,0.372902,nan,nan,nan,-0.046295,-0.048149,0.524839,-3.035568,0.015119,-0.708914,nan,nan,nan,-2.596229,-0.029658,1.726129
2026-05-04 09:17:48.567941,0,0.088902,-0.043025,0.372586,nan,nan,nan,nan,nan,nan,-3.03078,0.008444,-0.722757,nan,nan,nan,nan,nan,nan
2026-05-04 09:17:48.587747,0,0.097566,-0.042899,0.372446,nan,nan,nan,-0.030741,-0.04758,0.521677,-3.027726,0.013981,-0.750603,nan,nan,nan,-2.621648,-0.022262,1.687398
2026-05-04 09:17:48.605669,0,0.10632,-0.043057,0.373739,nan,nan,nan,nan,nan,nan,-3.027278,0.018073,-0.754978,nan,nan,nan,nan,nan,nan
2026-05-04 09:17:48.623983,0,0.11626,-0.043452,0.375961,nan,nan,nan,-0.015722,-0.046896,0.517296,-3.012267,0.026447,-0.773918,nan,nan,nan,-2.627023,-0.02936,1.67253
2026-05-04 09:17:48.640455,0,0.125343,-0.043419,0.375126,nan,nan,nan,nan,nan,nan,-3.003347,0.019621,-0.802705,nan,nan,nan,nan,nan,nan
2026-05-04 09:17:48.659078,0,0.130038,-0.04395,0.375804,nan,nan,nan,-0.004218,-0.047686,0.517227,-3.01144,0.011522,-0.821065,nan,nan,nan,-2.668454,-0.016539,1.625352
2026-05-04 09:17:48.677485,0,0.139033,-0.043951,0.376466,nan,nan,nan,0.002771,-0.047696,0.51666,-3.003812,0.009959,-0.84209,nan,nan,nan,-2.67346,-0.021423,1.613661
2026-05-04 09:17:48.694914,0,0.147958,-0.043749,0.378025,nan,nan,nan,0.009994,-0.047655,0.518941,-3.00644,0.015863,-0.849738,nan,nan,nan,-2.690852,-0.015024,1.57782
2026-05-04 09:17:48.712523,0,0.156387,-0.043896,0.378905,nan,nan,nan,nan,nan,nan,-3.000683,0.013153,-0.874714,nan,nan,nan,nan,nan,nan
2026-05-04 09:17:48.730215,0,0.16019,-0.043641,0.378949,nan,nan,nan,nan,nan,nan,-2.985593,0.025412,-0.887499,nan,nan,nan,nan,nan,nan
2026-05-04 09:17:48.748338,0,0.168354,-0.043075,0.379231,nan,nan,nan,0.027648,-0.046739,0.513728,-2.978852,0.029067,-0.909593,nan,nan,nan,-2.693112,-0.01273,1.539611
2026-05-04 09:17:48.766380,0,0.177421,-0.043627,0.381832,nan,nan,nan,0.034552,-0.047024,0.512863,-2.972664,0.018826,-0.919085,nan,nan,nan,-2.725179,-0.014804,1.523928
2026-05-04 09:17:48.783727,0,0.185086,-0.043644,0.382789,nan,nan,nan,0.040777,-0.047167,0.514341,-2.969284,0.021,-0.946682,nan,nan,nan,-2.734414,-0.012669,1.523073
2026-05-04 09:17:48.800083,0,0.192328,-0.043881,0.383048,nan,nan,nan,0.047361,-0.047369,0.512386,-2.96297,0.026769,-0.964713,nan,nan,nan,-2.739576,-0.011306,1.503268
2026-05-04 09:17:48.817531,0,0.196007,-0.043857,0.383383,nan,nan,nan,0.05039,-0.047165,0.510785,-2.955612,0.028044,-0.967446,nan,nan,nan,-2.755764,-0.006941,1.486224
2026-05-04 09:17:48.834717,0,0.203357,-0.043903,0.384609,nan,nan,nan,0.056604,-0.047187,0.511368,-2.949439,0.029483,-0.981197,nan,nan,nan,-2.754583,-0.009546,1.482989
2026-05-04 09:17:48.851468,0,0.210451,-0.04422,0.386014,nan,nan,nan,0.062686,-0.047131,0.510396,-2.949526,0.018165,-0.999897,nan,nan,nan,-2.755658,-0.010567,1.482476
2026-05-04 09:17:48.871031,0,nan,nan,nan,nan,nan,nan,0.065749,-0.047107,0.510192,nan,nan,nan,nan,nan,nan,-2.769616,-0.008831,1.46416
2026-05-04 09:17:48.888575,0,0.220233,-0.044078,0.387314,nan,nan,nan,0.071468,-0.046899,0.51134,-2.938424,0.034037,-1.028913,nan,nan,nan,-2.777167,-0.007998,1.426709
2026-05-04 09:17:48.906755,0,0.226632,-0.044123,0.388585,nan,nan,nan,0.076969,-0.046955,0.512371,-2.933927,0.033996,-1.037839,nan,nan,nan,-2.779874,-0.002114,1.424533
2026-05-04 09:17:48.924267,0,nan,nan,nan,nan,nan,nan,0.081562,-0.046537,0.509952,nan,nan,nan,nan,nan,nan,-2.772686,-0.004879,1.406096
2026-05-04 09:17:48.942047,0,nan,nan,nan,nan,nan,nan,0.086571,-0.046629,0.511083,nan,nan,nan,nan,nan,nan,-2.773872,-0.002277,1.394257
2026-05-04 09:17:48.959248,0,nan,nan,nan,nan,nan,nan,0.088818,-0.046508,0.50993,nan,nan,nan,nan,nan,nan,-2.788447,-0.00063,1.364918
2026-05-04 09:17:48.976482,0,nan,nan,nan,nan,nan,nan,0.093421,-0.046535,0.510004,nan,nan,nan,nan,nan,nan,-2.793531,-0.009144,1.366005
2026-05-04 09:17:48.993265,0,nan,nan,nan,nan,nan,nan,0.097498,-0.046534,0.510513,nan,nan,nan,nan,nan,nan,-2.796151,-0.000218,1.345222
2026-05-04 09:17:49.010173,0,nan,nan,nan,nan,nan,nan,0.099823,-0.046671,0.513027,nan,nan,nan,nan,nan,nan,-2.791753,-0.004045,1.339716
2026-05-04 09:17:49.027695,0,nan,nan,nan,nan,nan,nan,0.103201,-0.046572,0.511681,nan,nan,nan,nan,nan,nan,-2.813368,-0.010594,1.334439
2026-05-04 09:17:49.045027,0,nan,nan,nan,nan,nan,nan,0.106853,-0.046626,0.513358,nan,nan,nan,nan,nan,nan,-2.827965,-0.00827,1.308795
2026-05-04 09:17:49.061670,0,nan,nan,nan,nan,nan,nan,0.109968,-0.046819,0.516973,nan,nan,nan,nan,nan,nan,-2.843994,-0.007846,1.266113
2026-05-04 09:17:49.080087,0,nan,nan,nan,nan,nan,nan,0.111682,-0.046789,0.517599,nan,nan,nan,nan,nan,nan,-2.828253,0.010575,1.263671
2026-05-04 09:17:49.096546,0,nan,nan,nan,nan,nan,nan,0.113968,-0.046849,0.518706,nan,nan,nan,nan,nan,nan,-2.848007,-0.004033,1.262278
2026-05-04 09:17:49.114321,0,nan,nan,nan,nan,nan,nan,0.115926,-0.046921,0.520928,nan,nan,nan,nan,nan,nan,-2.863778,-0.005714,1.221235
2026-05-04 09:17:49.131080,0,nan,nan,nan,nan,nan,nan,0.116859,-0.046913,0.520643,nan,nan,nan,nan,nan,nan,-2.864464,-0.001275,1.220684
2026-05-04 09:17:49.148289,0,nan,nan,nan,nan,nan,nan,0.117297,-0.046917,0.520681,nan,nan,nan,nan,nan,nan,-2.890794,-0.005004,1.18039
2026-05-04 09:17:49.165361,0,nan,nan,nan,nan,nan,nan,0.117868,-0.047017,0.522907,nan,nan,nan,nan,nan,nan,-2.881678,0.000928,1.162356
2026-05-04 09:17:49.184505,0,nan,nan,nan,nan,nan,nan,0.118448,-0.047146,0.52583,nan,nan,nan,nan,nan,nan,-2.888383,-0.004233,1.155796
2026-05-04 09:17:49.201252,0,nan,nan,nan,nan,nan,nan,0.117952,-0.047265,0.527691,nan,nan,nan,nan,nan,nan,-2.897304,-0.004985,1.140469
2026-05-04 09:17:49.218613,0,nan,nan,nan,nan,nan,nan,0.117279,-0.047299,0.528494,nan,nan,nan,nan,nan,nan,-2.895307,-0.000121,1.123012
2026-05-04 09:17:49.234824,0,nan,nan,nan,nan,nan,nan,0.116097,-0.047293,0.528921,nan,nan,nan,nan,nan,nan,-2.905632,0.007029,1.103014
2026-05-04 09:17:49.252274,0,nan,nan,nan,nan,nan,nan,0.114123,-0.047343,0.531485,nan,nan,nan,nan,nan,nan,-2.912117,-0.000523,1.10785
2026-05-04 09:17:49.269122,0,nan,nan,nan,nan,nan,nan,0.113296,-0.047362,0.532334,nan,nan,nan,nan,nan,nan,-2.916755,-0.002226,1.104129
2026-05-04 09:17:49.286568,0,nan,nan,nan,nan,nan,nan,0.111424,-0.047392,0.534583,nan,nan,nan,nan,nan,nan,-2.896416,0.002033,1.126306
2026-05-04 09:17:49.303752,0,nan,nan,nan,nan,nan,nan,0.10933,-0.047394,0.536522,nan,nan,nan,nan,nan,nan,-2.926202,0.00841,1.081654
2026-05-04 09:17:49.320629,0,nan,nan,nan,nan,nan,nan,0.107295,-0.047443,0.537833,nan,nan,nan,nan,nan,nan,-2.923134,-0.000856,1.105616
2026-05-04 09:17:49.338783,0,nan,nan,nan,nan,nan,nan,0.106658,-0.047752,0.540742,nan,nan,nan,nan,nan,nan,-2.900957,0.015556,1.071511
2026-05-04 09:17:49.356045,0,nan,nan,nan,nan,nan,nan,0.103791,-0.047834,0.541023,nan,nan,nan,nan,nan,nan,-2.89808,0.012176,1.078005
2026-05-04 09:17:49.373854,0,nan,nan,nan,nan,nan,nan,0.101122,-0.047998,0.544149,nan,nan,nan,nan,nan,nan,-2.899654,0.004741,1.077371
2026-05-04 09:17:49.391073,0,nan,nan,nan,nan,nan,nan,0.098671,-0.04811,0.545783,nan,nan,nan,nan,nan,nan,-2.909148,-0.006282,1.087994
2026-05-04 09:17:49.408547,0,nan,nan,nan,nan,nan,nan,0.097102,-0.048071,0.546926,nan,nan,nan,nan,nan,nan,-2.905918,0.004977,1.068208
2026-05-04 09:17:49.426142,0,nan,nan,nan,nan,nan,nan,0.094683,-0.048106,0.549222,nan,nan,nan,nan,nan,nan,-2.897366,0.010516,1.071216
2026-05-04 09:17:49.443835,0,nan,nan,nan,nan,nan,nan,0.091789,-0.048093,0.549415,nan,nan,nan,nan,nan,nan,-2.898718,0.009438,1.065698
2026-05-04 09:17:49.460259,0,nan,nan,nan,nan,nan,nan,0.089274,-0.048116,0.551316,nan,nan,nan,nan,nan,nan,-2.915953,0.00946,1.066376
2026-05-04 09:17:49.477677,0,nan,nan,nan,nan,nan,nan,0.087861,-0.048087,0.551958,nan,nan,nan,nan,nan,nan,-2.933738,0.009202,1.038656
2026-05-04 09:17:49.495295,0,nan,nan,nan,nan,nan,nan,0.085198,-0.048097,0.553021,nan,nan,nan,nan,nan,nan,-2.925776,0.015688,1.031276
2026-05-04 09:17:49.513596,0,nan,nan,nan,nan,nan,nan,0.082727,-0.048034,0.55342,nan,nan,nan,nan,nan,nan,-2.934731,0.007952,1.046438
2026-05-04 09:17:49.530426,0,nan,nan,nan,nan,nan,nan,0.080074,-0.048121,0.554118,nan,nan,nan,nan,nan,nan,-2.948394,0.008899,1.033094
2026-05-04 09:17:49.547805,0,nan,nan,nan,nan,nan,nan,0.078728,-0.047905,0.552754,nan,nan,nan,nan,nan,nan,-2.943571,0.004006,1.052332
2026-05-04 09:17:49.565437,0,nan,nan,nan,nan,nan,nan,0.076582,-0.048202,0.555529,nan,nan,nan,nan,nan,nan,-2.912241,0.019,1.041438
2026-05-04 09:17:49.583480,0,nan,nan,nan,nan,nan,nan,0.074339,-0.048414,0.556253,nan,nan,nan,nan,nan,nan,-2.961283,-0.003258,1.017568
2026-05-04 09:17:49.600476,0,nan,nan,nan,nan,nan,nan,0.071824,-0.048434,0.558299,nan,nan,nan,nan,nan,nan,-2.910463,0.014952,1.030367
2026-05-04 09:17:49.617917,0,nan,nan,nan,nan,nan,nan,0.07051,-0.048552,0.558696,nan,nan,nan,nan,nan,nan,-2.939785,0.005444,1.006147
2026-05-04 09:17:49.635716,0,nan,nan,nan,nan,nan,nan,0.068009,-0.048628,0.560902,nan,nan,nan,nan,nan,nan,-2.900674,0.015316,1.038783
2026-05-04 09:17:49.653568,0,nan,nan,nan,nan,nan,nan,0.065054,-0.048601,0.558828,nan,nan,nan,nan,nan,nan,-2.926754,0.002341,1.042982
2026-05-04 09:17:49.670291,0,nan,nan,nan,nan,nan,nan,0.061986,-0.048652,0.559508,nan,nan,nan,nan,nan,nan,-2.914834,0.002668,1.043745
2026-05-04 09:17:49.688003,0,nan,nan,nan,nan,nan,nan,0.060669,-0.048645,0.560188,nan,nan,nan,nan,nan,nan,-2.900981,0.008048,1.055309
2026-05-04 09:17:49.705587,0,nan,nan,nan,nan,nan,nan,0.057471,-0.048628,0.560895,nan,nan,nan,nan,nan,nan,-2.900117,0.009511,1.074262
2026-05-04 09:17:49.723071,0,nan,nan,nan,nan,nan,nan,0.054145,-0.048329,0.559867,nan,nan,nan,nan,nan,nan,-2.904623,0.010348,1.091227
2026-05-04 09:17:49.739816,0,nan,nan,nan,nan,nan,nan,0.05037,-0.048179,0.558676,nan,nan,nan,nan,nan,nan,-2.909303,0.008317,1.100497
2026-05-04 09:17:49.757570,0,nan,nan,nan,nan,nan,nan,0.048542,-0.048113,0.558121,nan,nan,nan,nan,nan,nan,-2.892694,0.014801,1.106691
2026-05-04 09:17:49.775490,0,nan,nan,nan,nan,nan,nan,0.044643,-0.048296,0.557784,nan,nan,nan,nan,nan,nan,-2.904234,0.003107,1.118229
2026-05-04 09:17:49.792656,0,nan,nan,nan,nan,nan,nan,0.040408,-0.048333,0.556845,nan,nan,nan,nan,nan,nan,-2.891142,0.008102,1.132318
2026-05-04 09:17:49.810103,0,nan,nan,nan,nan,nan,nan,0.038292,-0.048448,0.556038,nan,nan,nan,nan,nan,nan,-2.884489,0.00915,1.128768
2026-05-04 09:17:49.826857,0,nan,nan,nan,nan,nan,nan,0.033749,-0.048558,0.559062,nan,nan,nan,nan,nan,nan,-2.865684,0.016006,1.13177
2026-05-04 09:17:49.844061,0,nan,nan,nan,nan,nan,nan,0.028892,-0.048442,0.556569,nan,nan,nan,nan,nan,nan,-2.878137,0.000819,1.156199
2026-05-04 09:17:49.861366,0,nan,nan,nan,nan,nan,nan,0.023958,-0.04845,0.556121,nan,nan,nan,nan,nan,nan,-2.864359,0.003093,1.180439
2026-05-04 09:17:49.878690,0,nan,nan,nan,nan,nan,nan,0.021463,-0.048426,0.553866,nan,nan,nan,nan,nan,nan,-2.866128,0.000206,1.181591
2026-05-04 09:17:49.896159,0,nan,nan,nan,nan,nan,nan,0.016153,-0.048525,0.556107,nan,nan,nan,nan,nan,nan,-2.86306,-0.006198,1.196028
2026-05-04 09:17:49.914071,0,0.177357,-0.046643,0.455056,nan,nan,nan,0.010832,-0.048422,0.556137,-2.856263,0.046973,-1.239252,nan,nan,nan,-2.848699,0.001124,1.23147
2026-05-04 09:17:49.930288,0,0.170427,-0.046481,0.451831,nan,nan,nan,0.005198,-0.047895,0.552868,-2.870689,0.055307,-1.220729,nan,nan,nan,-2.851666,0.001077,1.260535
2026-05-04 09:17:49.947194,0,0.167736,-0.046481,0.451795,nan,nan,nan,0.002349,-0.048045,0.553112,-2.872693,0.055358,-1.217044,nan,nan,nan,-2.856533,-0.001223,1.250702
2026-05-04 09:17:49.964365,0,0.161954,-0.046426,0.451551,nan,nan,nan,-0.002997,-0.048252,0.552732,-2.864005,0.051401,-1.199708,nan,nan,nan,-2.84769,-0.005623,1.268234
2026-05-04 09:17:49.981355,0,nan,nan,nan,nan,nan,nan,-0.008896,-0.048376,0.554005,nan,nan,nan,nan,nan,nan,-2.820981,-0.004274,1.293135
2026-05-04 09:17:49.999249,0,nan,nan,nan,nan,nan,nan,-0.011967,-0.048312,0.552484,nan,nan,nan,nan,nan,nan,-2.80699,-0.001824,1.306894
2026-05-04 09:17:50.017214,0,0.143157,-0.046132,0.444488,nan,nan,nan,-0.017966,-0.048409,0.552841,-2.891734,0.04603,-1.136511,nan,nan,nan,-2.784955,-0.009247,1.344488
2026-05-04 09:17:50.035040,0,0.134718,-0.045919,0.441041,nan,nan,nan,nan,nan,nan,-2.897823,0.042163,-1.12745,nan,nan,nan,nan,nan,nan
2026-05-04 09:17:50.052551,0,0.126922,-0.045852,0.438731,nan,nan,nan,-0.030892,-0.048422,0.549207,-2.906749,0.040603,-1.095879,nan,nan,nan,-2.770531,-0.004042,1.380074
2026-05-04 09:17:50.069105,0,0.123306,-0.045826,0.438252,nan,nan,nan,-0.034388,-0.048547,0.5497,-2.915532,0.036517,-1.082528,nan,nan,nan,-2.776453,0.002638,1.369351
2026-05-04 09:17:50.089122,0,0.115466,-0.045738,0.436371,nan,nan,nan,-0.040915,-0.048248,0.5485,-2.914549,0.040331,-1.071438,nan,nan,nan,-2.76507,-0.011079,1.391033
2026-05-04 09:17:50.105959,0,0.107224,-0.04557,0.432994,nan,nan,nan,-0.047315,-0.048307,0.547173,-2.92969,0.036774,-1.047208,nan,nan,nan,-2.767563,-0.01607,1.418121
2026-05-04 09:17:50.123457,0,0.099601,-0.045482,0.431172,nan,nan,nan,nan,nan,nan,-2.932363,0.031265,-1.028649,nan,nan,nan,nan,nan,nan
2026-05-04 09:17:50.141687,0,0.095134,-0.045355,0.428588,nan,nan,nan,-0.057214,-0.048455,0.547448,-2.939315,0.037798,-1.026466,nan,nan,nan,-2.758061,-0.014786,1.451613
2026-05-04 09:17:50.158289,0,0.08704,-0.045277,0.426915,nan,nan,nan,-0.064239,-0.049144,0.55216,-2.940981,0.033052,-1.0004,nan,nan,nan,-2.754502,-0.006147,1.452022
2026-05-04 09:17:50.175199,0,0.078504,-0.045225,0.425848,nan,nan,nan,-0.07078,-0.048765,0.54967,-2.951335,0.033809,-0.968746,nan,nan,nan,-2.739911,-0.02426,1.504954
2026-05-04 09:17:50.192824,0,0.069989,-0.045131,0.423909,nan,nan,nan,nan,nan,nan,-2.957105,0.032382,-0.94805,nan,nan,nan,nan,nan,nan
2026-05-04 09:17:50.209742,0,0.065248,-0.04499,0.42105,nan,nan,nan,-0.081263,-0.049165,0.552121,-2.966794,0.02865,-0.927801,nan,nan,nan,-2.729926,-0.020479,1.519722
2026-05-04 09:17:50.227624,0,0.056532,-0.044982,0.420844,nan,nan,nan,-0.08794,-0.048351,0.548501,-2.966488,0.029081,-0.914034,nan,nan,nan,-2.703379,-0.01914,1.535424
2026-05-04 09:17:50.245731,0,0.051493,-0.044891,0.419256,nan,nan,nan,-0.092643,-0.048451,0.554178,-2.976563,0.036328,-0.895535,nan,nan,nan,-2.682029,-0.01129,1.54984
2026-05-04 09:17:50.262593,0,0.038308,-0.044744,0.416074,nan,nan,nan,nan,nan,nan,-2.992784,0.035081,-0.868431,nan,nan,nan,nan,nan,nan
2026-05-04 09:17:50.280035,0,0.029312,-0.044583,0.412606,nan,nan,nan,nan,nan,nan,-2.979901,0.031506,-0.848713,nan,nan,nan,nan,nan,nan
2026-05-04 09:17:50.297660,0,0.024998,-0.044485,0.41072,nan,nan,nan,nan,nan,nan,-2.998827,0.035508,-0.844724,nan,nan,nan,nan,nan,nan
2026-05-04 09:17:50.315669,0,0.015931,-0.044442,0.409772,nan,nan,nan,nan,nan,nan,-2.998361,0.030151,-0.826826,nan,nan,nan,nan,nan,nan
2026-05-04 09:17:50.333079,0,0.006548,-0.044382,0.408425,nan,nan,nan,nan,nan,nan,-3.014712,0.02826,-0.799727,nan,nan,nan,nan,nan,nan
2026-05-04 09:17:50.350401,0,-0.003198,-0.045106,0.410563,nan,nan,nan,nan,nan,nan,-3.027007,0.021685,-0.727024,nan,nan,nan,nan,nan,nan
2026-05-04 09:17:50.369555,0,-0.00826,-0.045067,0.410199,nan,nan,nan,nan,nan,nan,-3.019288,0.020451,-0.732285,nan,nan,nan,nan,nan,nan
2026-05-04 09:17:50.390029,0,-0.018566,-0.044112,0.403329,nan,nan,nan,nan,nan,nan,-3.043619,0.035651,-0.741704,nan,nan,nan,nan,nan,nan
2026-05-04 09:17:50.408585,0,-0.028484,-0.044251,0.403471,nan,nan,nan,nan,nan,nan,-3.051288,0.024427,-0.697844,nan,nan,nan,nan,nan,nan
2026-05-04 09:17:50.427180,0,-0.038333,-0.04438,0.403149,nan,nan,nan,nan,nan,nan,-3.038537,0.034259,-0.666511,nan,nan,nan,nan,nan,nan
2026-05-04 09:17:50.445325,0,-0.047783,-0.044952,0.406088,nan,nan,nan,nan,nan,nan,-3.056847,0.02738,-0.60793,nan,nan,nan,nan,nan,nan
2026-05-04 09:17:50.463487,0,-0.056157,-0.044069,0.402052,nan,nan,nan,nan,nan,nan,-3.034078,0.025143,-0.636344,nan,nan,nan,nan,nan,nan
2026-05-04 09:17:50.482034,0,-0.065899,-0.044816,0.404166,nan,nan,nan,nan,nan,nan,3.085011,-0.030194,0.585693,nan,nan,nan,nan,nan,nan
2026-05-04 09:17:50.500473,0,-0.071034,-0.044882,0.404932,nan,nan,nan,nan,nan,nan,-3.077484,0.016046,-0.529966,nan,nan,nan,nan,nan,nan
2026-05-04 09:17:50.519359,0,-0.080847,-0.044831,0.403663,nan,nan,nan,nan,nan,nan,-3.075673,0.021526,-0.539349,nan,nan,nan,nan,nan,nan
2026-05-04 09:17:50.538156,0,-0.091664,-0.044736,0.404448,nan,nan,nan,nan,nan,nan,-3.026864,0.010718,-0.474994,nan,nan,nan,nan,nan,nan
2026-05-04 09:17:50.555207,0,-0.101823,-0.04481,0.402648,nan,nan,nan,nan,nan,nan,-3.092803,0.011011,-0.355009,nan,nan,nan,nan,nan,nan
2026-05-04 09:17:50.573337,0,-0.111045,-0.044686,0.400924,nan,nan,nan,nan,nan,nan,3.111809,-0.016146,0.362004,nan,nan,nan,nan,nan,nan
2026-05-04 09:17:50.589724,0,-0.12,-0.044754,0.401755,nan,nan,nan,nan,nan,nan,-3.08875,0.02615,-0.491654,nan,nan,nan,nan,nan,nan
2026-05-04 09:17:50.606794,0,-0.124092,-0.044499,0.401756,nan,nan,nan,nan,nan,nan,-2.902101,-0.018501,-0.494767,nan,nan,nan,nan,nan,nan
2026-05-04 09:17:50.624159,0,-0.132802,-0.044801,0.402507,nan,nan,nan,nan,nan,nan,-3.038163,0.00519,-0.420263,nan,nan,nan,nan,nan,nan
2026-05-04 09:17:50.641802,0,-0.141605,-0.044763,0.401995,nan,nan,nan,nan,nan,nan,-3.033348,-0.003894,-0.341621,nan,nan,nan,nan,nan,nan
2026-05-04 09:17:50.660376,0,-0.145513,-0.044677,0.400135,nan,nan,nan,nan,nan,nan,-3.105908,0.006291,-0.312605,nan,nan,nan,nan,nan,nan
2026-05-04 09:17:50.677755,0,-0.154652,-0.044732,0.401118,nan,nan,nan,nan,nan,nan,-3.055218,-0.000472,-0.312685,nan,nan,nan,nan,nan,nan
2026-05-04 09:17:50.695408,0,-0.163546,-0.044756,0.401508,nan,nan,nan,nan,nan,nan,-3.06441,0.001132,-0.296736,nan,nan,nan,nan,nan,nan
2026-05-04 09:17:50.713228,0,-0.171504,-0.044614,0.398856,nan,nan,nan,nan,nan,nan,-3.111131,0.00918,-0.230062,nan,nan,nan,nan,nan,nan
2026-05-04 09:17:50.730512,0,-0.179961,-0.04464,0.399172,nan,nan,nan,nan,nan,nan,-3.091894,0.004476,-0.215414,nan,nan,nan,nan,nan,nan
2026-05-04 09:17:50.747753,0,-0.184205,-0.04467,0.399779,nan,nan,nan,nan,nan,nan,-3.094067,0.007945,-0.216671,nan,nan,nan,nan,nan,nan
2026-05-04 09:17:50.765457,0,-0.192455,-0.044671,0.399887,nan,nan,nan,nan,nan,nan,-3.106687,0.010115,-0.192364,nan,nan,nan,nan,nan,nan
2026-05-04 09:17:50.782559,0,-0.200444,-0.044703,0.400427,nan,nan,nan,nan,nan,nan,-3.094848,0.009178,-0.180524,nan,nan,nan,nan,nan,nan
2026-05-04 09:17:50.799762,0,-0.20396,-0.044698,0.400326,nan,nan,nan,nan,nan,nan,-3.093122,0.006995,-0.172877,nan,nan,nan,nan,nan,nan
2026-05-04 09:17:50.817202,0,-0.210816,-0.044657,0.399533,nan,nan,nan,nan,nan,nan,-3.096681,4.8e-05,-0.145108,nan,nan,nan,nan,nan,nan
2026-05-04 09:17:50.834655,0,-0.218676,-0.044649,0.399351,nan,nan,nan,nan,nan,nan,-3.091555,-0.002772,-0.125492,nan,nan,nan,nan,nan,nan
2026-05-04 09:17:50.850815,0,-0.226027,-0.044626,0.398915,nan,nan,nan,nan,nan,nan,-3.095282,-0.005824,-0.105683,nan,nan,nan,nan,nan,nan
2026-05-04 09:17:50.869001,0,-0.229639,-0.044601,0.398394,nan,nan,nan,nan,nan,nan,-3.089397,-0.005849,-0.087149,nan,nan,nan,nan,nan,nan
2026-05-04 09:17:50.886359,0,-0.236561,-0.044575,0.39639,nan,nan,nan,nan,nan,nan,-3.104061,-0.00453,-0.052151,nan,nan,nan,nan,nan,nan
2026-05-04 09:17:50.903925,0,-0.246494,-0.045316,0.399951,nan,nan,nan,nan,nan,nan,-3.106628,-0.004564,-0.057775,nan,nan,nan,nan,nan,nan
2026-05-04 09:17:50.921669,0,-0.253486,-0.045331,0.399238,nan,nan,nan,nan,nan,nan,-3.103784,-0.005277,-0.03549,nan,nan,nan,nan,nan,nan
2026-05-04 09:17:50.939525,0,-0.256883,-0.045299,0.399016,nan,nan,nan,nan,nan,nan,-3.102794,-0.008205,-0.029474,nan,nan,nan,nan,nan,nan
2026-05-04 09:17:50.956872,0,-0.26172,-0.045184,0.396668,nan,nan,nan,nan,nan,nan,-3.106228,-0.007344,0.000718,nan,nan,nan,nan,nan,nan
2026-05-04 09:17:50.974453,0,-0.26638,-0.045089,0.394987,nan,nan,nan,nan,nan,nan,-3.104328,-0.005765,0.024538,nan,nan,nan,nan,nan,nan
2026-05-04 09:17:50.993246,0,-0.271457,-0.045084,0.394784,nan,nan,nan,nan,nan,nan,-3.109852,-0.007466,0.037573,nan,nan,nan,nan,nan,nan
2026-05-04 09:17:51.010714,0,-0.275338,-0.045054,0.39421,nan,nan,nan,nan,nan,nan,-3.110133,-0.007791,0.049633,nan,nan,nan,nan,nan,nan
2026-05-04 09:17:51.028104,0,-0.275643,-0.044988,0.392086,nan,nan,nan,nan,nan,nan,-3.105301,-0.00577,0.06074,nan,nan,nan,nan,nan,nan
2026-05-04 09:17:51.045554,0,-0.276133,-0.044843,0.38942,nan,nan,nan,nan,nan,nan,-3.116568,-0.008041,0.06925,nan,nan,nan,nan,nan,nan
2026-05-04 09:17:51.062966,0,-0.277626,-0.044845,0.389446,-0.215542,-0.049203,0.570399,nan,nan,nan,-3.115963,-0.007456,0.063754,-2.221661,0.012726,-2.177195,nan,nan,nan
2026-05-04 09:17:51.080293,0,-0.277819,-0.044831,0.389122,-0.217123,-0.049351,0.57336,nan,nan,nan,-3.111743,-0.007405,0.062781,-2.223879,0.013319,-2.180392,nan,nan,nan
2026-05-04 09:17:51.097813,0,-0.276628,-0.044722,0.386992,-0.217598,-0.049377,0.573878,nan,nan,nan,-3.104483,-0.013228,0.063813,-2.210594,0.002926,-2.177377,nan,nan,nan
2026-05-04 09:17:51.115045,0,-0.274596,-0.044554,0.383894,nan,nan,nan,nan,nan,nan,-3.118071,-0.008737,0.07081,nan,nan,nan,nan,nan,nan
2026-05-04 09:17:51.132926,0,-0.275313,-0.0447,0.384798,nan,nan,nan,nan,nan,nan,-3.113525,-0.013995,0.059977,nan,nan,nan,nan,nan,nan
2026-05-04 09:17:51.151024,0,-0.275904,-0.044747,0.385172,nan,nan,nan,nan,nan,nan,-3.102193,-0.017323,0.05435,nan,nan,nan,nan,nan,nan
2026-05-04 09:17:51.169213,0,-0.27543,-0.044837,0.384034,nan,nan,nan,nan,nan,nan,-3.094292,-0.032277,0.058121,nan,nan,nan,nan,nan,nan
2026-05-04 09:17:51.187326,0,-0.273936,-0.044751,0.381673,-0.217044,-0.049217,0.572682,nan,nan,nan,-3.103061,-0.02433,0.060398,-2.208839,0.00686,-2.182783,nan,nan,nan
2026-05-04 09:17:51.205282,0,-0.274563,-0.044835,0.382043,-0.216752,-0.049189,0.571999,nan,nan,nan,-3.096428,-0.024414,0.055074,-2.211398,0.009349,-2.183409,nan,nan,nan
2026-05-04 09:17:51.222685,0,-0.27412,-0.044835,0.380844,-0.214841,-0.049063,0.567026,nan,nan,nan,-3.103061,-0.034101,0.055894,-2.202501,-0.002216,-2.17992,nan,nan,nan
2026-05-04 09:17:51.239799,0,-0.27333,-0.044813,0.379339,-0.216062,-0.049015,0.570668,nan,nan,nan,-3.093591,-0.031357,0.062348,-2.213061,0.005365,-2.182518,nan,nan,nan
2026-05-04 09:17:51.257230,0,-0.272875,-0.044861,0.378062,-0.215003,-0.048753,0.569622,nan,nan,nan,-3.118437,-0.018876,0.074445,-2.221371,-0.007846,-2.1789,nan,nan,nan
2026-05-04 09:17:51.274884,0,-0.273767,-0.045151,0.3785,-0.213338,-0.048435,0.566879,nan,nan,nan,-3.107592,-0.039747,0.071733,-2.236784,-0.022006,-2.16043,nan,nan,nan
2026-05-04 09:17:51.292516,0,-0.272892,-0.045135,0.376924,-0.211687,-0.048091,0.564712,nan,nan,nan,-3.11057,-0.037825,0.094405,-2.228653,-0.023022,-2.146589,nan,nan,nan
2026-05-04 09:17:51.309325,0,-0.272627,-0.045112,0.376451,-0.210243,-0.047884,0.562023,nan,nan,nan,-3.109823,-0.034638,0.101037,-2.225954,-0.019556,-2.151793,nan,nan,nan
2026-05-04 09:17:51.327101,0,-0.271977,-0.045076,0.375683,-0.208377,-0.047749,0.560211,nan,nan,nan,-3.114077,-0.030028,0.098347,-2.228575,-0.025173,-2.14304,nan,nan,nan
2026-05-04 09:17:51.344849,0,-0.271103,-0.045051,0.375411,nan,nan,nan,nan,nan,nan,-3.115743,-0.030276,0.098678,nan,nan,nan,nan,nan,nan
2026-05-04 09:17:51.361612,0,-0.270045,-0.045044,0.375409,-0.205133,-0.047716,0.559172,nan,nan,nan,-3.111407,-0.032627,0.102631,-2.234041,-0.019618,-2.132752,nan,nan,nan
2026-05-04 09:17:51.379155,0,-0.268952,-0.044996,0.375018,nan,nan,nan,nan,nan,nan,-3.114794,-0.034103,0.109622,nan,nan,nan,nan,nan,nan
2026-05-04 09:17:51.397024,0,-0.266303,-0.044961,0.374566,nan,nan,nan,nan,nan,nan,-3.110275,-0.037313,0.092236,nan,nan,nan,nan,nan,nan
2026-05-04 09:17:51.414843,0,-0.264801,-0.044915,0.374211,-0.200563,-0.047642,0.556692,nan,nan,nan,-3.113023,-0.036834,0.086941,-2.234034,-0.01614,-2.149499,nan,nan,nan
2026-05-04 09:17:51.434072,0,-0.259377,-0.044792,0.372726,-0.198386,-0.047726,0.5596,nan,nan,nan,-3.106077,-0.039267,0.074884,-2.215152,-0.027056,-2.150707,nan,nan,nan
2026-05-04 09:17:51.451158,0,-0.255432,-0.044747,0.371761,-0.195409,-0.047683,0.558071,nan,nan,nan,-3.105226,-0.037797,0.07161,-2.210597,-0.021186,-2.159853,nan,nan,nan
2026-05-04 09:17:51.470167,0,-0.253396,-0.044795,0.371375,-0.194174,-0.04765,0.558396,nan,nan,nan,-3.109537,-0.033475,0.055251,-2.203508,-0.00394,-2.171166,nan,nan,nan
2026-05-04 09:17:51.487304,0,-0.249276,-0.044782,0.370832,nan,nan,nan,nan,nan,nan,-3.114135,-0.029752,0.039189,nan,nan,nan,nan,nan,nan
2026-05-04 09:17:51.504856,0,-0.245132,-0.044714,0.370527,-0.188051,-0.04767,0.557931,nan,nan,nan,-3.116191,-0.02906,0.030486,-2.187322,-0.02176,-2.18483,nan,nan,nan
2026-05-04 09:17:51.522478,0,-0.240178,-0.044656,0.369866,nan,nan,nan,nan,nan,nan,-3.115792,-0.026823,0.030199,nan,nan,nan,nan,nan,nan
2026-05-04 09:17:51.539431,0,-0.237585,-0.044648,0.369446,nan,nan,nan,nan,nan,nan,-3.117848,-0.025882,0.014332,nan,nan,nan,nan,nan,nan
2026-05-04 09:17:51.556937,0,-0.231828,-0.044456,0.3687,nan,nan,nan,nan,nan,nan,-3.119249,-0.020141,0.007113,nan,nan,nan,nan,nan,nan
2026-05-04 09:17:51.573694,0,-0.225481,-0.044312,0.367524,nan,nan,nan,nan,nan,nan,-3.121305,-0.016485,-0.009134,nan,nan,nan,nan,nan,nan
2026-05-04 09:17:51.593477,0,-0.219396,-0.044221,0.367164,nan,nan,nan,nan,nan,nan,-3.121039,-0.015094,-0.020364,nan,nan,nan,nan,nan,nan
2026-05-04 09:17:51.610478,0,-0.21259,-0.044111,0.36644,nan,nan,nan,nan,nan,nan,-3.122207,-0.015354,-0.043418,nan,nan,nan,nan,nan,nan
2026-05-04 09:17:51.628256,0,-0.209031,-0.044063,0.36669,nan,nan,nan,nan,nan,nan,-3.111274,-0.018608,-0.070018,nan,nan,nan,nan,nan,nan
2026-05-04 09:17:51.645070,0,-0.201575,-0.043984,0.366011,nan,nan,nan,nan,nan,nan,-3.114608,-0.015748,-0.082785,nan,nan,nan,nan,nan,nan
2026-05-04 09:17:51.661693,0,-0.194086,-0.043883,0.365603,nan,nan,nan,nan,nan,nan,-3.104948,-0.021181,-0.089112,nan,nan,nan,nan,nan,nan
2026-05-04 09:17:51.679103,0,-0.18996,-0.043826,0.365125,nan,nan,nan,nan,nan,nan,-3.103101,-0.022215,-0.086975,nan,nan,nan,nan,nan,nan
2026-05-04 09:17:51.696586,0,-0.182065,-0.043753,0.365651,nan,nan,nan,nan,nan,nan,-3.110504,-0.015806,-0.137649,nan,nan,nan,nan,nan,nan
2026-05-04 09:17:51.713928,0,-0.173773,-0.043552,0.364864,nan,nan,nan,nan,nan,nan,-3.113232,-0.012381,-0.144016,nan,nan,nan,nan,nan,nan
2026-05-04 09:17:51.731501,0,-0.16559,-0.0438,0.36546,nan,nan,nan,nan,nan,nan,-3.093412,-0.024767,-0.155893,nan,nan,nan,nan,nan,nan
2026-05-04 09:17:51.749016,0,-0.161047,-0.043802,0.365507,nan,nan,nan,nan,nan,nan,-3.091675,-0.026747,-0.16467,nan,nan,nan,nan,nan,nan
2026-05-04 09:17:51.766478,0,-0.151827,-0.04388,0.364907,nan,nan,nan,nan,nan,nan,-3.109102,-0.021497,-0.20942,nan,nan,nan,nan,nan,nan
2026-05-04 09:17:51.784368,0,-0.142874,-0.043765,0.365351,nan,nan,nan,nan,nan,nan,-3.102598,-0.019355,-0.252276,nan,nan,nan,nan,nan,nan
2026-05-04 09:17:51.801293,0,-0.133885,-0.043878,0.365642,nan,nan,nan,nan,nan,nan,-3.083141,-0.018746,-0.29764,nan,nan,nan,nan,nan,nan
2026-05-04 09:17:51.818586,0,-0.1294,-0.043776,0.365168,nan,nan,nan,nan,nan,nan,-3.103584,-0.019652,-0.24905,nan,nan,nan,nan,nan,nan
2026-05-04 09:17:51.836267,0,-0.12004,-0.043546,0.364361,nan,nan,nan,nan,nan,nan,-3.108974,-0.009418,-0.246703,nan,nan,nan,nan,nan,nan
2026-05-04 09:17:51.853023,0,-0.110262,-0.043464,0.363767,nan,nan,nan,nan,nan,nan,-3.105629,-0.000651,-0.30062,nan,nan,nan,nan,nan,nan
2026-05-04 09:17:51.871151,0,-0.10216,-0.043551,0.366265,nan,nan,nan,nan,nan,nan,-3.045311,-0.010223,-0.292058,nan,nan,nan,nan,nan,nan
2026-05-04 09:17:51.888847,0,-0.097494,-0.043411,0.366446,nan,nan,nan,nan,nan,nan,-2.990707,-0.02727,-0.270514,nan,nan,nan,nan,nan,nan
2026-05-04 09:17:51.905672,0,-0.086858,-0.042963,0.362595,nan,nan,nan,nan,nan,nan,3.083442,-0.018853,0.499521,nan,nan,nan,nan,nan,nan
2026-05-04 09:17:51.924843,0,-0.078079,-0.042886,0.364355,nan,nan,nan,nan,nan,nan,-3.047029,0.012051,-0.474397,nan,nan,nan,nan,nan,nan
2026-05-04 09:17:51.942921,0,-0.06858,-0.042882,0.364283,nan,nan,nan,nan,nan,nan,-3.055716,0.009421,-0.444401,nan,nan,nan,nan,nan,nan
2026-05-04 09:17:51.961983,0,-0.064001,-0.042897,0.364623,nan,nan,nan,nan,nan,nan,-3.046496,0.005339,-0.425532,nan,nan,nan,nan,nan,nan
2026-05-04 09:17:51.981031,0,-0.053801,-0.042846,0.363437,nan,nan,nan,nan,nan,nan,-3.063294,0.013015,-0.487782,nan,nan,nan,nan,nan,nan
2026-05-04 09:17:51.999205,0,-0.044505,-0.042857,0.364411,nan,nan,nan,nan,nan,nan,-3.067504,0.015643,-0.499589,nan,nan,nan,nan,nan,nan
2026-05-04 09:17:52.016861,0,-0.034778,-0.042912,0.365137,nan,nan,nan,nan,nan,nan,-3.041802,0.005323,-0.454913,nan,nan,nan,nan,nan,nan
2026-05-04 09:17:52.034350,0,-0.024567,-0.042872,0.364079,nan,nan,nan,nan,nan,nan,-3.045583,0.010797,-0.505155,nan,nan,nan,nan,nan,nan
2026-05-04 09:17:52.050833,0,-0.014441,-0.043244,0.363753,nan,nan,nan,nan,nan,nan,-3.083589,0.002285,-0.541375,nan,nan,nan,nan,nan,nan
2026-05-04 09:17:52.068007,0,-0.009009,-0.043323,0.364425,nan,nan,nan,nan,nan,nan,-3.063517,0.002179,-0.572684,nan,nan,nan,nan,nan,nan
2026-05-04 09:17:52.085244,0,0.000722,-0.042869,0.363981,nan,nan,nan,nan,nan,nan,-3.054424,0.021164,-0.610964,nan,nan,nan,nan,nan,nan
2026-05-04 09:17:52.102994,0,0.011604,-0.043104,0.365389,nan,nan,nan,nan,nan,nan,-3.059225,0.006675,-0.630397,nan,nan,nan,nan,nan,nan
2026-05-04 09:17:52.120413,0,0.017077,-0.043065,0.365898,nan,nan,nan,nan,nan,nan,-3.041142,0.005152,-0.633456,nan,nan,nan,nan,nan,nan
2026-05-04 09:17:52.137679,0,0.027378,-0.042978,0.366226,nan,nan,nan,nan,nan,nan,-3.03572,0.018416,-0.653183,nan,nan,nan,nan,nan,nan
2026-05-04 09:17:52.155102,0,0.038127,-0.042997,0.368805,nan,nan,nan,nan,nan,nan,-3.040266,0.015219,-0.679297,nan,nan,nan,nan,nan,nan
2026-05-04 09:17:52.172585,0,0.048901,-0.042836,0.368438,nan,nan,nan,nan,nan,nan,-3.044184,0.011615,-0.690273,nan,nan,nan,nan,nan,nan
2026-05-04 09:17:52.191388,0,0.054346,-0.042958,0.369416,nan,nan,nan,nan,nan,nan,-3.025082,0.013736,-0.730674,nan,nan,nan,nan,nan,nan
2026-05-04 09:17:52.208141,0,0.06489,-0.042505,0.369712,nan,nan,nan,nan,nan,nan,-3.011653,0.022339,-0.759033,nan,nan,nan,nan,nan,nan
2026-05-04 09:17:52.225271,0,0.075592,-0.042783,0.3711,nan,nan,nan,nan,nan,nan,-3.016383,0.018102,-0.775863,nan,nan,nan,nan,nan,nan
2026-05-04 09:17:52.243082,0,0.080909,-0.042776,0.371482,nan,nan,nan,nan,nan,nan,-3.01372,0.022037,-0.797273,nan,nan,nan,nan,nan,nan
2026-05-04 09:17:52.259460,0,0.097152,-0.043093,0.374548,nan,nan,nan,nan,nan,nan,-3.006225,0.017282,-0.832802,nan,nan,nan,nan,nan,nan
2026-05-04 09:17:52.276261,0,0.102709,-0.043433,0.376489,nan,nan,nan,nan,nan,nan,-2.99817,0.021028,-0.83803,nan,nan,nan,nan,nan,nan
2026-05-04 09:17:52.294740,0,0.112789,-0.043491,0.377998,nan,nan,nan,-0.026269,-0.04715,0.513276,-2.996168,0.018917,-0.844382,nan,nan,nan,-2.690144,-0.013598,1.576865
2026-05-04 09:17:52.312079,0,0.122321,-0.043451,0.378212,nan,nan,nan,-0.018187,-0.047159,0.514751,-2.988495,0.019871,-0.866566,nan,nan,nan,-2.691725,-0.022375,1.603589
2026-05-04 09:17:52.329457,0,0.127229,-0.043581,0.379231,nan,nan,nan,nan,nan,nan,-2.98206,0.020891,-0.877554,nan,nan,nan,nan,nan,nan
2026-05-04 09:17:52.346860,0,0.136974,-0.043625,0.380915,nan,nan,nan,nan,nan,nan,-2.98246,0.032131,-0.907891,nan,nan,nan,nan,nan,nan
2026-05-04 09:17:52.364572,0,0.145823,-0.043373,0.381078,nan,nan,nan,nan,nan,nan,-2.972538,0.03307,-0.935111,nan,nan,nan,nan,nan,nan
2026-05-04 09:17:52.381344,0,0.154814,-0.043075,0.381642,nan,nan,nan,0.009898,-0.046628,0.511025,-2.959149,0.037298,-0.961799,nan,nan,nan,-2.709855,-0.020165,1.512484
2026-05-04 09:17:52.398653,0,0.159985,-0.043391,0.383745,nan,nan,nan,0.013859,-0.046849,0.511279,-2.957381,0.033852,-0.961949,nan,nan,nan,-2.730332,-0.00938,1.490973
2026-05-04 09:17:52.416206,0,0.169888,-0.043881,0.387894,nan,nan,nan,0.021085,-0.047317,0.514485,-2.951814,0.024096,-0.984395,nan,nan,nan,-2.744895,-0.006392,1.476769
2026-05-04 09:17:52.434336,0,0.177837,-0.043769,0.389083,nan,nan,nan,0.02813,-0.047014,0.511756,-2.939856,0.023187,-1.007671,nan,nan,nan,-2.766687,-0.012859,1.449738
2026-05-04 09:17:52.451364,0,0.185894,-0.043897,0.390756,nan,nan,nan,0.035055,-0.047214,0.512979,-2.942436,0.023458,-1.032492,nan,nan,nan,-2.779826,-0.008667,1.435914
2026-05-04 09:17:52.470115,0,nan,nan,nan,nan,nan,nan,0.038264,-0.04718,0.513157,nan,nan,nan,nan,nan,nan,-2.793532,-0.007686,1.411198
2026-05-04 09:17:52.487628,0,nan,nan,nan,nan,nan,nan,0.044529,-0.047218,0.513507,nan,nan,nan,nan,nan,nan,-2.79212,-0.009829,1.415974
2026-05-04 09:17:52.505024,0,0.205386,-0.044628,0.398961,nan,nan,nan,0.050036,-0.046539,0.512002,-2.913662,0.034896,-1.077082,nan,nan,nan,-2.803508,-0.011097,1.375181
2026-05-04 09:17:52.521251,0,0.211616,-0.044714,0.400735,nan,nan,nan,0.055816,-0.046748,0.514803,-2.910795,0.038224,-1.104503,nan,nan,nan,-2.797483,-0.010131,1.382742
2026-05-04 09:17:52.538788,0,0.214804,-0.044805,0.40249,nan,nan,nan,0.057975,-0.046681,0.513514,-2.902005,0.036658,-1.114865,nan,nan,nan,-2.811513,-0.009563,1.35723
2026-05-04 09:17:52.556165,0,nan,nan,nan,nan,nan,nan,0.062998,-0.046819,0.517087,nan,nan,nan,nan,nan,nan,-2.801754,-0.011053,1.3557
2026-05-04 09:17:52.573443,0,nan,nan,nan,nan,nan,nan,0.067041,-0.047046,0.516439,nan,nan,nan,nan,nan,nan,-2.821403,-0.007657,1.338214
2026-05-04 09:17:52.590584,0,nan,nan,nan,nan,nan,nan,0.070753,-0.047206,0.519856,nan,nan,nan,nan,nan,nan,-2.846222,-0.004307,1.301606
2026-05-04 09:17:52.608850,0,nan,nan,nan,nan,nan,nan,0.072607,-0.047284,0.521899,nan,nan,nan,nan,nan,nan,-2.839564,0.00327,1.274915
2026-05-04 09:17:52.626959,0,nan,nan,nan,nan,nan,nan,0.075433,-0.047494,0.524665,nan,nan,nan,nan,nan,nan,-2.850257,0.004411,1.267636
2026-05-04 09:17:52.644272,0,nan,nan,nan,nan,nan,nan,0.077117,-0.047482,0.525732,nan,nan,nan,nan,nan,nan,-2.871692,-0.001962,1.217468
2026-05-04 09:17:52.662861,0,nan,nan,nan,nan,nan,nan,0.077669,-0.047476,0.525916,nan,nan,nan,nan,nan,nan,-2.857358,-0.002065,1.25017
2026-05-04 09:17:52.680146,0,nan,nan,nan,nan,nan,nan,0.078619,-0.047514,0.529042,nan,nan,nan,nan,nan,nan,-2.880172,-0.006774,1.203545
2026-05-04 09:17:52.696969,0,nan,nan,nan,nan,nan,nan,0.078562,-0.04729,0.52855,nan,nan,nan,nan,nan,nan,-2.880256,-0.006598,1.203485
2026-05-04 09:17:52.713886,0,nan,nan,nan,nan,nan,nan,0.078961,-0.047416,0.531844,nan,nan,nan,nan,nan,nan,-2.869733,-0.000802,1.190354
2026-05-04 09:17:52.732435,0,nan,nan,nan,nan,nan,nan,0.078061,-0.047553,0.535554,nan,nan,nan,nan,nan,nan,-2.850268,0.015788,1.16468
2026-05-04 09:17:52.748940,0,nan,nan,nan,nan,nan,nan,0.077498,-0.047523,0.5354,nan,nan,nan,nan,nan,nan,-2.866977,0.005466,1.181116
2026-05-04 09:17:52.766413,0,nan,nan,nan,nan,nan,nan,0.075902,-0.047542,0.536038,nan,nan,nan,nan,nan,nan,-2.89685,-0.001867,1.160928
2026-05-04 09:17:52.786449,0,nan,nan,nan,nan,nan,nan,0.074489,-0.047675,0.538679,nan,nan,nan,nan,nan,nan,-2.885507,0.007901,1.146506
2026-05-04 09:17:52.805402,0,nan,nan,nan,nan,nan,nan,0.072847,-0.04791,0.542313,nan,nan,nan,nan,nan,nan,-2.901462,-0.004593,1.13145
2026-05-04 09:17:52.822854,0,nan,nan,nan,nan,nan,nan,0.070774,-0.048027,0.544522,nan,nan,nan,nan,nan,nan,-2.888554,-0.008479,1.156035
2026-05-04 09:17:52.840401,0,nan,nan,nan,nan,nan,nan,0.069547,-0.048028,0.543416,nan,nan,nan,nan,nan,nan,-2.88774,0.00286,1.145723
2026-05-04 09:17:52.857643,0,nan,nan,nan,nan,nan,nan,0.066974,-0.048164,0.545572,nan,nan,nan,nan,nan,nan,-2.894989,-0.004557,1.145888
2026-05-04 09:17:52.874446,0,nan,nan,nan,nan,nan,nan,0.064337,-0.04818,0.547506,nan,nan,nan,nan,nan,nan,-2.906634,-0.009505,1.128618
2026-05-04 09:17:52.890615,0,nan,nan,nan,nan,nan,nan,0.061998,-0.048293,0.550232,nan,nan,nan,nan,nan,nan,-2.876126,0.003595,1.12402
2026-05-04 09:17:52.908144,0,nan,nan,nan,nan,nan,nan,0.060788,-0.048373,0.552064,nan,nan,nan,nan,nan,nan,-2.893461,0.000659,1.108251
2026-05-04 09:17:52.925104,0,nan,nan,nan,nan,nan,nan,0.05805,-0.048239,0.55228,nan,nan,nan,nan,nan,nan,-2.928536,-0.001285,1.096454
2026-05-04 09:17:52.941483,0,nan,nan,nan,nan,nan,nan,0.055647,-0.048376,0.557271,nan,nan,nan,nan,nan,nan,-2.881144,0.021384,1.098951
2026-05-04 09:17:52.959129,0,nan,nan,nan,nan,nan,nan,0.053923,-0.04825,0.555637,nan,nan,nan,nan,nan,nan,-2.924498,-0.002765,1.118758
2026-05-04 09:17:52.976413,0,nan,nan,nan,nan,nan,nan,0.051191,-0.048396,0.558276,nan,nan,nan,nan,nan,nan,-2.926872,-0.006384,1.099869
2026-05-04 09:17:52.993538,0,nan,nan,nan,nan,nan,nan,0.048448,-0.048694,0.560414,nan,nan,nan,nan,nan,nan,-2.910611,-0.005118,1.083406
2026-05-04 09:17:53.010001,0,nan,nan,nan,nan,nan,nan,0.047014,-0.048698,0.560086,nan,nan,nan,nan,nan,nan,-2.893712,0.001548,1.10266
2026-05-04 09:17:53.026807,0,nan,nan,nan,nan,nan,nan,0.044132,-0.048798,0.562337,nan,nan,nan,nan,nan,nan,-2.898868,-0.003479,1.093506
2026-05-04 09:17:53.043873,0,nan,nan,nan,nan,nan,nan,0.041151,-0.048885,0.563703,nan,nan,nan,nan,nan,nan,-2.906874,-0.014875,1.09182
2026-05-04 09:17:53.060839,0,nan,nan,nan,nan,nan,nan,0.038083,-0.048913,0.565586,nan,nan,nan,nan,nan,nan,-2.897019,7.1e-05,1.088778
2026-05-04 09:17:53.078667,0,nan,nan,nan,nan,nan,nan,0.036325,-0.048852,0.56362,nan,nan,nan,nan,nan,nan,-2.887237,0.000908,1.08363
2026-05-04 09:17:53.096540,0,nan,nan,nan,nan,nan,nan,0.033184,-0.048855,0.563721,nan,nan,nan,nan,nan,nan,-2.911633,-0.00636,1.078537
2026-05-04 09:17:53.114021,0,nan,nan,nan,nan,nan,nan,0.029737,-0.04897,0.567028,nan,nan,nan,nan,nan,nan,-2.91679,-0.007981,1.10286
2026-05-04 09:17:53.131075,0,nan,nan,nan,nan,nan,nan,0.026125,-0.048986,0.568393,nan,nan,nan,nan,nan,nan,-2.889968,0.009429,1.103936
2026-05-04 09:17:53.148586,0,nan,nan,nan,nan,nan,nan,0.024435,-0.048859,0.565715,nan,nan,nan,nan,nan,nan,-2.906817,0.005285,1.109705
2026-05-04 09:17:53.165552,0,nan,nan,nan,nan,nan,nan,0.020328,-0.04896,0.56747,nan,nan,nan,nan,nan,nan,-2.905287,0.002394,1.104681
2026-05-04 09:17:53.182531,0,nan,nan,nan,nan,nan,nan,0.016378,-0.048984,0.567404,nan,nan,nan,nan,nan,nan,-2.88654,0.006013,1.126821
2026-05-04 09:17:53.199509,0,nan,nan,nan,nan,nan,nan,0.01429,-0.048964,0.566252,nan,nan,nan,nan,nan,nan,-2.881791,0.002103,1.127683
2026-05-04 09:17:53.217532,0,nan,nan,nan,nan,nan,nan,0.009873,-0.048964,0.567487,nan,nan,nan,nan,nan,nan,-2.879372,0.011981,1.122316
2026-05-04 09:17:53.234970,0,nan,nan,nan,nan,nan,nan,0.005625,-0.048846,0.564286,nan,nan,nan,nan,nan,nan,-2.87943,0.000871,1.144979
2026-05-04 09:17:53.251658,0,0.17085,-0.04723,0.472618,nan,nan,nan,0.000797,-0.048935,0.565612,-2.82362,0.068227,-1.290413,nan,nan,nan,-2.872855,-0.006584,1.170017
2026-05-04 09:17:53.269542,0,0.169103,-0.04737,0.473844,nan,nan,nan,-0.001389,-0.048967,0.56572,-2.829016,0.059636,-1.271727,nan,nan,nan,-2.855167,-0.009028,1.189586
2026-05-04 09:17:53.287414,0,0.163912,-0.047534,0.473329,nan,nan,nan,-0.006568,-0.048834,0.563347,-2.831455,0.05363,-1.283374,nan,nan,nan,-2.873185,-0.011713,1.188525
2026-05-04 09:17:53.304359,0,0.157418,-0.047345,0.469444,nan,nan,nan,-0.011515,-0.048884,0.565034,-2.846643,0.045283,-1.249155,nan,nan,nan,-2.839379,0.005806,1.207489
2026-05-04 09:17:53.321524,0,0.150886,-0.047293,0.468366,nan,nan,nan,-0.017153,-0.048859,0.565128,-2.847684,0.046539,-1.244781,nan,nan,nan,-2.835495,0.005844,1.227173
2026-05-04 09:17:53.339542,0,nan,nan,nan,nan,nan,nan,-0.019887,-0.048863,0.564542,nan,nan,nan,nan,nan,nan,-2.843131,-0.004697,1.244663
2026-05-04 09:17:53.356591,0,nan,nan,nan,nan,nan,nan,-0.025971,-0.048843,0.562936,nan,nan,nan,nan,nan,nan,-2.833934,-0.0194,1.285989
2026-05-04 09:17:53.378715,0,0.132259,-0.04696,0.461558,nan,nan,nan,-0.032106,-0.04923,0.563295,-2.873118,0.041959,-1.190368,nan,nan,nan,-2.817247,0.003113,1.288848
2026-05-04 09:17:53.396934,0,0.123781,-0.046679,0.457519,nan,nan,nan,-0.038313,-0.049161,0.562097,-2.873736,0.048526,-1.159126,nan,nan,nan,-2.792417,0.004237,1.325844
2026-05-04 09:17:53.416098,0,0.116218,-0.0467,0.456181,nan,nan,nan,-0.045056,-0.049378,0.562742,-2.892633,0.042409,-1.134629,nan,nan,nan,-2.789843,0.00696,1.333692
2026-05-04 09:17:53.435600,0,0.10877,-0.04661,0.454331,nan,nan,nan,-0.052008,-0.049296,0.562197,-2.896862,0.037726,-1.121041,nan,nan,nan,-2.81998,-0.005645,1.348987
2026-05-04 09:17:53.453650,0,0.1006,-0.04646,0.451377,nan,nan,nan,-0.058413,-0.049366,0.563551,-2.912686,0.042676,-1.107406,nan,nan,nan,-2.795605,0.002342,1.358027
2026-05-04 09:17:53.469936,0,0.096167,-0.046417,0.450377,nan,nan,nan,-0.061826,-0.048845,0.562263,-2.915061,0.035305,-1.073891,nan,nan,nan,-2.776726,-0.014105,1.36833
2026-05-04 09:17:53.489382,0,0.087758,-0.046348,0.449057,nan,nan,nan,nan,nan,nan,-2.931467,0.040899,-1.055518,nan,nan,nan,nan,nan,nan
2026-05-04 09:17:53.506655,0,0.078197,-0.046093,0.443777,nan,nan,nan,-0.075773,-0.04972,0.565707,-2.940839,0.04091,-1.026682,nan,nan,nan,-2.767739,-0.017015,1.428476
2026-05-04 09:17:53.523856,0,0.068986,-0.046073,0.443251,nan,nan,nan,nan,nan,nan,-2.932523,0.034985,-1.006041,nan,nan,nan,nan,nan,nan
2026-05-04 09:17:53.540238,0,0.064032,-0.045983,0.441638,nan,nan,nan,-0.086688,-0.049341,0.564393,-2.96255,0.042689,-0.987983,nan,nan,nan,-2.725543,-0.006221,1.473995
2026-05-04 09:17:53.557618,0,0.054769,-0.045921,0.440156,nan,nan,nan,nan,nan,nan,-2.951666,0.029542,-0.955991,nan,nan,nan,nan,nan,nan
2026-05-04 09:17:53.574828,0,0.045297,-0.045763,0.436985,nan,nan,nan,nan,nan,nan,-2.963455,0.039491,-0.949853,nan,nan,nan,nan,nan,nan
2026-05-04 09:17:53.592695,0,0.03555,-0.04617,0.437028,nan,nan,nan,nan,nan,nan,-2.969169,0.05834,-0.911758,nan,nan,nan,nan,nan,nan
2026-05-04 09:17:53.609916,0,0.030709,-0.045511,0.431783,nan,nan,nan,nan,nan,nan,-2.976059,0.03963,-0.903888,nan,nan,nan,nan,nan,nan
2026-05-04 09:17:53.626932,0,0.021937,-0.045556,0.432791,nan,nan,nan,nan,nan,nan,-2.986569,0.031971,-0.890244,nan,nan,nan,nan,nan,nan
2026-05-04 09:17:53.644056,0,0.01183,-0.045307,0.427693,nan,nan,nan,nan,nan,nan,-2.997101,0.031148,-0.858143,nan,nan,nan,nan,nan,nan
2026-05-04 09:17:53.661872,0,0.006629,-0.04537,0.428885,nan,nan,nan,nan,nan,nan,-2.996648,0.031196,-0.835645,nan,nan,nan,nan,nan,nan
2026-05-04 09:17:53.678579,0,-0.003998,-0.04524,0.426142,nan,nan,nan,nan,nan,nan,-2.995642,0.028803,-0.799989,nan,nan,nan,nan,nan,nan
2026-05-04 09:17:53.695776,0,-0.014051,-0.045046,0.422548,nan,nan,nan,nan,nan,nan,-3.034494,0.035772,-0.779451,nan,nan,nan,nan,nan,nan
2026-05-04 09:17:53.713090,0,-0.024468,-0.04506,0.422557,nan,nan,nan,nan,nan,nan,-3.031295,0.02632,-0.7189,nan,nan,nan,nan,nan,nan
2026-05-04 09:17:53.729682,0,-0.029621,-0.044965,0.420522,nan,nan,nan,nan,nan,nan,-3.021932,0.030541,-0.716203,nan,nan,nan,nan,nan,nan
2026-05-04 09:17:53.745521,0,-0.039162,-0.044841,0.41802,nan,nan,nan,nan,nan,nan,-3.035737,0.028517,-0.69051,nan,nan,nan,nan,nan,nan
2026-05-04 09:17:53.762275,0,-0.043688,-0.044948,0.420161,nan,nan,nan,nan,nan,nan,-3.006131,0.019407,-0.677082,nan,nan,nan,nan,nan,nan
2026-05-04 09:17:53.779284,0,-0.052407,-0.044765,0.416428,nan,nan,nan,nan,nan,nan,-3.054975,0.02728,-0.659357,nan,nan,nan,nan,nan,nan
2026-05-04 09:17:53.796435,0,-0.062694,-0.044729,0.415633,nan,nan,nan,nan,nan,nan,-3.030728,0.026697,-0.631494,nan,nan,nan,nan,nan,nan
2026-05-04 09:17:53.813166,0,-0.072347,-0.044616,0.413426,nan,nan,nan,nan,nan,nan,-3.053475,0.030168,-0.613997,nan,nan,nan,nan,nan,nan
2026-05-04 09:17:53.829850,0,-0.077078,-0.044554,0.412285,nan,nan,nan,nan,nan,nan,-3.066302,0.032124,-0.598668,nan,nan,nan,nan,nan,nan
2026-05-04 09:17:53.847133,0,-0.087499,-0.044548,0.411905,nan,nan,nan,nan,nan,nan,-3.03892,0.01873,-0.542859,nan,nan,nan,nan,nan,nan
2026-05-04 09:17:53.863990,0,-0.09689,-0.044417,0.409206,nan,nan,nan,nan,nan,nan,-3.043766,0.021446,-0.542294,nan,nan,nan,nan,nan,nan
2026-05-04 09:17:53.880463,0,-0.106226,-0.04444,0.406465,nan,nan,nan,nan,nan,nan,-3.075446,0.030424,-0.588286,nan,nan,nan,nan,nan,nan
2026-05-04 09:17:53.897865,0,-0.111318,-0.044356,0.406652,nan,nan,nan,nan,nan,nan,-2.99383,-0.01742,-0.224041,nan,nan,nan,nan,nan,nan
2026-05-04 09:17:53.915755,0,-0.119606,-0.044825,0.406943,nan,nan,nan,nan,nan,nan,-3.104341,0.015973,-0.415213,nan,nan,nan,nan,nan,nan
2026-05-04 09:17:53.932576,0,-0.128239,-0.044969,0.40764,nan,nan,nan,nan,nan,nan,-3.076037,0.017706,-0.43108,nan,nan,nan,nan,nan,nan
2026-05-04 09:17:53.949727,0,-0.132446,-0.044949,0.407001,nan,nan,nan,nan,nan,nan,-3.082608,0.011917,-0.372797,nan,nan,nan,nan,nan,nan
2026-05-04 09:17:53.967645,0,-0.139887,-0.044773,0.403474,nan,nan,nan,nan,nan,nan,3.11921,-0.016127,0.282106,nan,nan,nan,nan,nan,nan
2026-05-04 09:17:53.984563,0,-0.148975,-0.044937,0.405287,nan,nan,nan,nan,nan,nan,-3.070387,0.006951,-0.283382,nan,nan,nan,nan,nan,nan
2026-05-04 09:17:54.001884,0,-0.156936,-0.044884,0.404027,nan,nan,nan,nan,nan,nan,-3.072121,0.001951,-0.260453,nan,nan,nan,nan,nan,nan
2026-05-04 09:17:54.020096,0,-0.160747,-0.044829,0.402956,nan,nan,nan,nan,nan,nan,-3.092046,0.004103,-0.235163,nan,nan,nan,nan,nan,nan
2026-05-04 09:17:54.038703,0,-0.168201,-0.044748,0.401306,nan,nan,nan,nan,nan,nan,-3.087498,0.00833,-0.186337,nan,nan,nan,nan,nan,nan
2026-05-04 09:17:54.056445,0,-0.175252,-0.044693,0.40036,nan,nan,nan,nan,nan,nan,-3.110598,0.012572,-0.163847,nan,nan,nan,nan,nan,nan
2026-05-04 09:17:54.074172,0,-0.182662,-0.044695,0.400274,nan,nan,nan,nan,nan,nan,-3.095941,0.005113,-0.149533,nan,nan,nan,nan,nan,nan
2026-05-04 09:17:54.091738,0,-0.189662,-0.044673,0.399829,nan,nan,nan,nan,nan,nan,-3.089592,-0.001486,-0.120437,nan,nan,nan,nan,nan,nan
2026-05-04 09:17:54.108980,0,-0.192914,-0.044643,0.399237,nan,nan,nan,nan,nan,nan,-3.094651,-0.003872,-0.102913,nan,nan,nan,nan,nan,nan
2026-05-04 09:17:54.126484,0,-0.198843,-0.044576,0.397894,nan,nan,nan,nan,nan,nan,-3.091248,-0.004556,-0.076737,nan,nan,nan,nan,nan,nan
2026-05-04 09:17:54.143354,0,-0.203211,-0.044436,0.395199,nan,nan,nan,nan,nan,nan,-3.110058,0.003328,-0.039898,nan,nan,nan,nan,nan,nan
2026-05-04 09:17:54.160009,0,-0.206125,-0.044435,0.39516,nan,nan,nan,nan,nan,nan,-3.108939,0.00254,-0.026445,nan,nan,nan,nan,nan,nan
2026-05-04 09:17:54.177006,0,-0.212109,-0.044444,0.395311,nan,nan,nan,nan,nan,nan,-3.104089,0.000596,-0.006373,nan,nan,nan,nan,nan,nan
2026-05-04 09:17:54.193850,0,-0.217336,-0.044434,0.395105,nan,nan,nan,nan,nan,nan,-3.100925,0.002613,0.006546,nan,nan,nan,nan,nan,nan
2026-05-04 09:17:54.212329,0,-0.222074,-0.04447,0.395012,nan,nan,nan,nan,nan,nan,-3.103723,0.002258,0.031554,nan,nan,nan,nan,nan,nan
2026-05-04 09:17:54.229476,0,-0.22466,-0.044689,0.395078,nan,nan,nan,nan,nan,nan,-3.110002,0.007279,0.038712,nan,nan,nan,nan,nan,nan
2026-05-04 09:17:54.246578,0,-0.229816,-0.045058,0.395164,nan,nan,nan,nan,nan,nan,-3.094441,-0.006703,0.056145,nan,nan,nan,nan,nan,nan
2026-05-04 09:17:54.263681,0,-0.233715,-0.045046,0.39441,nan,nan,nan,nan,nan,nan,-3.108385,-0.007698,0.069615,nan,nan,nan,nan,nan,nan
2026-05-04 09:17:54.280089,0,-0.235693,-0.044904,0.391156,nan,nan,nan,nan,nan,nan,-3.110758,-0.002789,0.100765,nan,nan,nan,nan,nan,nan
2026-05-04 09:17:54.298431,0,-0.236552,-0.04483,0.389674,nan,nan,nan,nan,nan,nan,-3.105269,-0.010428,0.101608,nan,nan,nan,nan,nan,nan
2026-05-04 09:17:54.316105,0,-0.239079,-0.044798,0.389256,nan,nan,nan,nan,nan,nan,-3.105525,-0.011592,0.108608,nan,nan,nan,nan,nan,nan
2026-05-04 09:17:54.333261,0,-0.240565,-0.044742,0.387839,-0.172663,-0.049228,0.570503,nan,nan,nan,-3.107423,-0.003457,0.118655,-2.264964,0.006327,-2.130157,nan,nan,nan
2026-05-04 09:17:54.350110,0,-0.239785,-0.044586,0.385126,-0.173884,-0.049388,0.573985,nan,nan,nan,-3.117588,-0.005376,0.131748,-2.264172,0.006121,-2.12177,nan,nan,nan
2026-05-04 09:17:54.367109,0,-0.240244,-0.0445,0.383539,nan,nan,nan,nan,nan,nan,-3.10861,-0.012205,0.134778,nan,nan,nan,nan,nan,nan
2026-05-04 09:17:54.383937,0,-0.239056,-0.044354,0.380067,nan,nan,nan,nan,nan,nan,-3.116974,-0.007429,0.14008,nan,nan,nan,nan,nan,nan
2026-05-04 09:17:54.401008,0,-0.238374,-0.044233,0.377928,-0.17136,-0.048927,0.563798,nan,nan,nan,-3.117034,-0.007042,0.136054,-2.272139,-0.007333,-2.109198,nan,nan,nan
2026-05-04 09:17:54.419672,0,-0.237162,-0.04417,0.37574,-0.171144,-0.048885,0.562925,nan,nan,nan,-3.1107,-0.009087,0.138747,-2.273169,-0.00913,-2.110819,nan,nan,nan
2026-05-04 09:17:54.437089,0,-0.236307,-0.044125,0.374256,-0.171006,-0.04887,0.562625,nan,nan,nan,-3.107869,-0.017101,0.133449,-2.270689,-0.011566,-2.113071,nan,nan,nan
2026-05-04 09:17:54.454110,0,-0.234924,-0.044057,0.372601,nan,nan,nan,nan,nan,nan,-3.115414,-0.010103,0.116344,nan,nan,nan,nan,nan,nan
2026-05-04 09:17:54.470993,0,-0.232873,-0.043985,0.369905,nan,nan,nan,nan,nan,nan,-3.107599,-0.019078,0.108551,nan,nan,nan,nan,nan,nan
2026-05-04 09:17:54.488260,0,-0.2329,-0.044035,0.370118,nan,nan,nan,nan,nan,nan,-3.103424,-0.01677,0.102906,nan,nan,nan,nan,nan,nan
2026-05-04 09:17:54.505562,0,-0.229824,-0.043995,0.366704,-0.165358,-0.048009,0.553816,nan,nan,nan,-3.101879,-0.025995,0.105959,-2.25163,0.0077,-2.159109,nan,nan,nan
2026-05-04 09:17:54.522166,0,-0.227183,-0.044088,0.363782,nan,nan,nan,nan,nan,nan,-3.11558,-0.024044,0.131026,nan,nan,nan,nan,nan,nan
2026-05-04 09:17:54.540114,0,-0.227483,-0.044446,0.365126,nan,nan,nan,nan,nan,nan,-3.112354,-0.03456,0.113792,nan,nan,nan,nan,nan,nan
2026-05-04 09:17:54.558680,0,-0.225493,-0.044497,0.362904,nan,nan,nan,nan,nan,nan,-3.121859,-0.035268,0.110284,nan,nan,nan,nan,nan,nan
2026-05-04 09:17:54.577029,0,-0.222527,-0.044224,0.360811,nan,nan,nan,nan,nan,nan,-3.114846,-0.03078,0.112708,nan,nan,nan,nan,nan,nan
2026-05-04 09:17:54.593969,0,-0.218883,-0.044066,0.35982,nan,nan,nan,nan,nan,nan,-3.110052,-0.03034,0.099128,nan,nan,nan,nan,nan,nan
2026-05-04 09:17:54.610437,0,-0.214722,-0.04371,0.357718,nan,nan,nan,nan,nan,nan,-3.11342,-0.025211,0.085719,nan,nan,nan,nan,nan,nan
2026-05-04 09:17:54.627998,0,-0.212444,-0.043532,0.356691,nan,nan,nan,nan,nan,nan,-3.11899,-0.022638,0.065537,nan,nan,nan,nan,nan,nan
2026-05-04 09:17:54.645394,0,-0.20817,-0.043437,0.35556,nan,nan,nan,nan,nan,nan,-3.099809,-0.029465,0.054493,nan,nan,nan,nan,nan,nan
2026-05-04 09:17:54.662902,0,-0.20379,-0.043314,0.354306,nan,nan,nan,nan,nan,nan,-3.107101,-0.028512,0.048062,nan,nan,nan,nan,nan,nan
2026-05-04 09:17:54.680404,0,-0.200993,-0.043242,0.353517,nan,nan,nan,nan,nan,nan,-3.099188,-0.027117,0.041117,nan,nan,nan,nan,nan,nan
2026-05-04 09:17:54.697370,0,-0.194974,-0.043095,0.35155,nan,nan,nan,nan,nan,nan,-3.116646,-0.019027,0.036061,nan,nan,nan,nan,nan,nan
2026-05-04 09:17:54.714003,0,-0.189329,-0.043042,0.351396,nan,nan,nan,nan,nan,nan,-3.112587,-0.017888,0.026267,nan,nan,nan,nan,nan,nan
2026-05-04 09:17:54.731758,0,-0.186111,-0.043009,0.35088,nan,nan,nan,nan,nan,nan,-3.116996,-0.01827,0.006876,nan,nan,nan,nan,nan,nan
2026-05-04 09:17:54.750132,0,-0.179977,-0.043128,0.351105,nan,nan,nan,nan,nan,nan,-3.103334,-0.027697,0.002756,nan,nan,nan,nan,nan,nan
2026-05-04 09:17:54.768210,0,-0.173726,-0.043135,0.351161,nan,nan,nan,nan,nan,nan,-3.109134,-0.02526,-0.00235,nan,nan,nan,nan,nan,nan
2026-05-04 09:17:54.785441,0,-0.166473,-0.043114,0.350034,nan,nan,nan,nan,nan,nan,-3.111944,-0.026942,-0.034078,nan,nan,nan,nan,nan,nan
2026-05-04 09:17:54.802257,0,-0.159106,-0.043118,0.349958,nan,nan,nan,nan,nan,nan,-3.10862,-0.026875,-0.043511,nan,nan,nan,nan,nan,nan
2026-05-04 09:17:54.819484,0,-0.155408,-0.043071,0.349752,nan,nan,nan,nan,nan,nan,-3.107108,-0.025677,-0.072125,nan,nan,nan,nan,nan,nan
2026-05-04 09:17:54.836835,0,-0.148155,-0.04316,0.350278,nan,nan,nan,nan,nan,nan,-3.105308,-0.023453,-0.087165,nan,nan,nan,nan,nan,nan
2026-05-04 09:17:54.854418,0,-0.140297,-0.043034,0.350259,nan,nan,nan,nan,nan,nan,-3.1115,-0.01835,-0.140986,nan,nan,nan,nan,nan,nan
2026-05-04 09:17:54.872597,0,-0.136332,-0.043091,0.350276,nan,nan,nan,nan,nan,nan,-3.107101,-0.022437,-0.111692,nan,nan,nan,nan,nan,nan
2026-05-04 09:17:54.890837,0,-0.128873,-0.043086,0.350605,nan,nan,nan,nan,nan,nan,-3.103289,-0.021716,-0.114671,nan,nan,nan,nan,nan,nan
2026-05-04 09:17:54.908408,0,-0.121073,-0.04305,0.351049,nan,nan,nan,nan,nan,nan,-3.095038,-0.019562,-0.193688,nan,nan,nan,nan,nan,nan
2026-05-04 09:17:54.926781,0,-0.116658,-0.043,0.350321,nan,nan,nan,nan,nan,nan,-3.106398,-0.019943,-0.162559,nan,nan,nan,nan,nan,nan
2026-05-04 09:17:54.944363,0,-0.104403,-0.042729,0.349893,nan,nan,nan,nan,nan,nan,-3.118709,-0.007005,-0.221381,nan,nan,nan,nan,nan,nan
2026-05-04 09:17:54.962436,0,-0.096119,-0.042757,0.350331,nan,nan,nan,nan,nan,nan,-3.102075,-0.011275,-0.170328,nan,nan,nan,nan,nan,nan
2026-05-04 09:17:54.980127,0,-0.091909,-0.042751,0.350944,nan,nan,nan,nan,nan,nan,-3.092453,-0.012542,-0.187793,nan,nan,nan,nan,nan,nan
2026-05-04 09:17:55.003524,0,-0.087601,-0.042712,0.351351,nan,nan,nan,nan,nan,nan,-3.06639,-0.014133,-0.218635,nan,nan,nan,nan,nan,nan
2026-05-04 09:17:55.021141,0,-0.06878,-0.042357,0.350317,nan,nan,nan,nan,nan,nan,-3.087801,0.009977,-0.453809,nan,nan,nan,nan,nan,nan
2026-05-04 09:17:55.040026,0,-0.064509,-0.042252,0.351377,nan,nan,nan,nan,nan,nan,-3.025527,0.00115,-0.410732,nan,nan,nan,nan,nan,nan
2026-05-04 09:17:55.059435,0,-0.054965,-0.042229,0.351155,nan,nan,nan,nan,nan,nan,-3.070768,0.010635,-0.394712,nan,nan,nan,nan,nan,nan
2026-05-04 09:17:55.077376,0,-0.045056,-0.042237,0.351401,nan,nan,nan,nan,nan,nan,-3.076004,0.02094,-0.455079,nan,nan,nan,nan,nan,nan
2026-05-04 09:17:55.095377,0,-0.035324,-0.042205,0.351164,nan,nan,nan,nan,nan,nan,-3.106419,0.019382,-0.426632,nan,nan,nan,nan,nan,nan
2026-05-04 09:17:55.113071,0,-0.025411,-0.042316,0.352659,nan,nan,nan,nan,nan,nan,-3.069624,0.006104,-0.457221,nan,nan,nan,nan,nan,nan
2026-05-04 09:17:55.129755,0,-0.014993,-0.042546,0.352948,nan,nan,nan,nan,nan,nan,-3.099188,0.001461,-0.487138,nan,nan,nan,nan,nan,nan
2026-05-04 09:17:55.147232,0,-0.010118,-0.042448,0.354563,nan,nan,nan,nan,nan,nan,-3.051531,-8e-06,-0.461037,nan,nan,nan,nan,nan,nan
2026-05-04 09:17:55.170241,0,-0.005263,-0.042422,0.355326,nan,nan,nan,nan,nan,nan,-3.052114,0.010664,-0.473675,nan,nan,nan,nan,nan,nan
2026-05-04 09:17:55.189405,0,0.010141,-0.042459,0.35575,nan,nan,nan,nan,nan,nan,-3.054939,0.011426,-0.538264,nan,nan,nan,nan,nan,nan
2026-05-04 09:17:55.207067,0,0.020906,-0.042545,0.357875,nan,nan,nan,nan,nan,nan,-3.053978,0.013192,-0.560674,nan,nan,nan,nan,nan,nan
2026-05-04 09:17:55.225130,0,0.026024,-0.04254,0.357528,nan,nan,nan,nan,nan,nan,-3.054233,0.01453,-0.552246,nan,nan,nan,nan,nan,nan
2026-05-04 09:17:55.242827,0,0.041475,-0.042686,0.360447,nan,nan,nan,nan,nan,nan,-3.051136,0.017957,-0.595358,nan,nan,nan,nan,nan,nan
2026-05-04 09:17:55.260352,0,0.046898,-0.04271,0.360752,nan,nan,nan,nan,nan,nan,-3.045871,0.019569,-0.623717,nan,nan,nan,nan,nan,nan
2026-05-04 09:17:55.277949,0,0.057043,-0.042638,0.361728,nan,nan,nan,nan,nan,nan,-3.053687,0.014162,-0.629211,nan,nan,nan,nan,nan,nan
2026-05-04 09:17:55.294661,0,0.067579,-0.042756,0.362842,nan,nan,nan,nan,nan,nan,-3.046057,0.015907,-0.662683,nan,nan,nan,nan,nan,nan
2026-05-04 09:17:55.313632,0,0.078133,-0.043023,0.363855,nan,nan,nan,nan,nan,nan,-3.046254,0.00656,-0.698425,nan,nan,nan,nan,nan,nan
2026-05-04 09:17:55.330229,0,0.08322,-0.043139,0.36448,nan,nan,nan,nan,nan,nan,-3.044264,0.007056,-0.71231,nan,nan,nan,nan,nan,nan
2026-05-04 09:17:55.346897,0,0.093203,-0.042919,0.36569,nan,nan,nan,-0.035367,-0.047425,0.514307,-3.021509,0.019958,-0.734221,nan,nan,nan,-2.620683,-0.025682,1.71183
2026-05-04 09:17:55.365858,0,0.102852,-0.043251,0.36731,nan,nan,nan,-0.027173,-0.047511,0.513737,-3.031455,0.011691,-0.760937,nan,nan,nan,-2.642119,-0.028678,1.675502
2026-05-04 09:17:55.383346,0,0.112656,-0.043132,0.369322,nan,nan,nan,nan,nan,nan,-3.012183,0.026213,-0.778041,nan,nan,nan,nan,nan,nan
2026-05-04 09:17:55.401788,0,0.117975,-0.043151,0.3708,nan,nan,nan,-0.015556,-0.046934,0.511648,-3.012087,0.025663,-0.784953,nan,nan,nan,-2.657927,-0.007399,1.640091
2026-05-04 09:17:55.419949,0,0.12713,-0.043171,0.37222,nan,nan,nan,-0.007938,-0.046822,0.511443,-3.012707,0.020571,-0.815004,nan,nan,nan,-2.654048,-0.017016,1.623242
2026-05-04 09:17:55.438015,0,0.136501,-0.043016,0.373899,nan,nan,nan,nan,nan,nan,-2.997536,0.01934,-0.84538,nan,nan,nan,nan,nan,nan
2026-05-04 09:17:55.455471,0,0.146401,-0.043201,0.376721,nan,nan,nan,0.006522,-0.047296,0.513832,-2.994569,0.01756,-0.87668,nan,nan,nan,-2.691923,-0.008448,1.568153
2026-05-04 09:17:55.472156,0,0.155057,-0.04301,0.378373,nan,nan,nan,0.013635,-0.047046,0.512692,-2.979849,0.025903,-0.905713,nan,nan,nan,-2.716062,-0.010861,1.534211
2026-05-04 09:17:55.489865,0,0.160675,-0.043747,0.382918,nan,nan,nan,nan,nan,nan,-2.97573,0.026371,-0.907918,nan,nan,nan,nan,nan,nan
2026-05-04 09:17:55.506818,0,0.16941,-0.043978,0.385776,nan,nan,nan,0.024249,-0.047622,0.51631,-2.960788,0.028443,-0.939807,nan,nan,nan,-2.723224,-0.015603,1.517172
2026-05-04 09:17:55.525895,0,0.173722,-0.043944,0.387397,nan,nan,nan,0.027504,-0.047754,0.516014,-2.960051,0.026471,-0.958831,nan,nan,nan,-2.734127,-0.024178,1.496834
2026-05-04 09:17:55.542729,0,0.185538,-0.044265,0.392212,nan,nan,nan,0.037386,-0.04756,0.517266,-2.941982,0.029588,-0.987592,nan,nan,nan,-2.749718,-0.003447,1.46419
2026-05-04 09:17:55.559912,0,nan,nan,nan,nan,nan,nan,0.040258,-0.047403,0.517647,nan,nan,nan,nan,nan,nan,-2.765369,-0.005681,1.456393
2026-05-04 09:17:55.580018,0,nan,nan,nan,nan,nan,nan,0.046133,-0.047673,0.522387,nan,nan,nan,nan,nan,nan,-2.767287,0.001232,1.424313
2026-05-04 09:17:55.597409,0,nan,nan,nan,nan,nan,nan,0.051521,-0.047392,0.522629,nan,nan,nan,nan,nan,nan,-2.782403,0.001727,1.396663
2026-05-04 09:17:55.615490,0,0.210941,-0.044985,0.406141,nan,nan,nan,0.056285,-0.047483,0.523143,-2.925297,0.041088,-1.076006,nan,nan,nan,-2.794584,-0.009438,1.399405
2026-05-04 09:17:55.633753,0,nan,nan,nan,nan,nan,nan,0.060763,-0.047526,0.525487,nan,nan,nan,nan,nan,nan,-2.810466,-0.007061,1.36839
2026-05-04 09:17:55.651573,0,0.220615,-0.045394,0.414191,nan,nan,nan,0.062848,-0.047279,0.525413,-2.906272,0.045376,-1.111594,nan,nan,nan,-2.794062,0.000116,1.346226
2026-05-04 09:17:55.669219,0,nan,nan,nan,nan,nan,nan,0.066831,-0.047275,0.527009,nan,nan,nan,nan,nan,nan,-2.789786,-0.001993,1.347945
2026-05-04 09:17:55.686418,0,nan,nan,nan,nan,nan,nan,0.07012,-0.047285,0.527971,nan,nan,nan,nan,nan,nan,-2.799583,-0.002135,1.326231
2026-05-04 09:17:55.703190,0,nan,nan,nan,nan,nan,nan,0.072662,-0.047379,0.530147,nan,nan,nan,nan,nan,nan,-2.829492,-0.009349,1.305525
2026-05-04 09:17:55.720237,0,nan,nan,nan,nan,nan,nan,0.074006,-0.047421,0.531084,nan,nan,nan,nan,nan,nan,-2.826497,-0.001354,1.277359
2026-05-04 09:17:55.737373,0,nan,nan,nan,nan,nan,nan,0.075644,-0.047596,0.534489,nan,nan,nan,nan,nan,nan,-2.846161,-0.014924,1.257983
2026-05-04 09:17:55.755253,0,0.240323,-0.045665,0.434573,nan,nan,nan,0.076817,-0.047666,0.536066,-2.871226,0.040566,-1.2147,nan,nan,nan,-2.849872,-0.011898,1.255783
2026-05-04 09:17:55.772642,0,nan,nan,nan,nan,nan,nan,0.076968,-0.047711,0.537101,nan,nan,nan,nan,nan,nan,-2.851173,-0.011926,1.252352
2026-05-04 09:17:55.792902,0,nan,nan,nan,nan,nan,nan,0.077054,-0.047812,0.539458,nan,nan,nan,nan,nan,nan,-2.858789,-0.007308,1.217042
2026-05-04 09:17:55.815191,0,nan,nan,nan,nan,nan,nan,0.076122,-0.047919,0.542021,nan,nan,nan,nan,nan,nan,-2.866361,-0.002012,1.193329
2026-05-04 09:17:55.831076,0,nan,nan,nan,nan,nan,nan,0.07396,-0.048064,0.544314,nan,nan,nan,nan,nan,nan,-2.859178,0.005386,1.19312
2026-05-04 09:17:55.848251,0,nan,nan,nan,nan,nan,nan,0.073022,-0.048156,0.545756,nan,nan,nan,nan,nan,nan,-2.863241,0.009167,1.179682
2026-05-04 09:17:55.864953,0,nan,nan,nan,nan,nan,nan,0.070483,-0.048074,0.545708,nan,nan,nan,nan,nan,nan,-2.875382,-0.004042,1.196598
2026-05-04 09:17:55.881913,0,nan,nan,nan,nan,nan,nan,0.067854,-0.04818,0.548034,nan,nan,nan,nan,nan,nan,-2.87303,-0.008392,1.18104
2026-05-04 09:17:55.899813,0,nan,nan,nan,nan,nan,nan,0.06691,-0.048263,0.549462,nan,nan,nan,nan,nan,nan,-2.870349,-0.003568,1.181539
2026-05-04 09:17:55.917963,0,nan,nan,nan,nan,nan,nan,0.063982,-0.048233,0.548674,nan,nan,nan,nan,nan,nan,-2.883481,-0.012998,1.168615
2026-05-04 09:17:55.935137,0,nan,nan,nan,nan,nan,nan,0.061347,-0.048278,0.550328,nan,nan,nan,nan,nan,nan,-2.882679,-0.002534,1.139676
2026-05-04 09:17:55.951991,0,nan,nan,nan,nan,nan,nan,0.06006,-0.048201,0.548513,nan,nan,nan,nan,nan,nan,-2.889953,-0.010871,1.157352
2026-05-04 09:17:55.969238,0,nan,nan,nan,nan,nan,nan,0.057452,-0.048267,0.552316,nan,nan,nan,nan,nan,nan,-2.898024,-0.000874,1.141868
2026-05-04 09:17:55.986682,0,nan,nan,nan,nan,nan,nan,0.054605,-0.048277,0.554243,nan,nan,nan,nan,nan,nan,-2.899017,0.00705,1.132
2026-05-04 09:17:56.004671,0,nan,nan,nan,nan,nan,nan,0.051777,-0.048208,0.554536,nan,nan,nan,nan,nan,nan,-2.921644,0.002008,1.121987
2026-05-04 09:17:56.021119,0,nan,nan,nan,nan,nan,nan,0.049049,-0.048205,0.555442,nan,nan,nan,nan,nan,nan,-2.912153,0.007554,1.111971
2026-05-04 09:17:56.038645,0,nan,nan,nan,nan,nan,nan,0.047862,-0.048263,0.556875,nan,nan,nan,nan,nan,nan,-2.910095,0.010636,1.11289
2026-05-04 09:17:56.055359,0,nan,nan,nan,nan,nan,nan,0.045152,-0.048587,0.55912,nan,nan,nan,nan,nan,nan,-2.904128,0.005124,1.087835
2026-05-04 09:17:56.072365,0,nan,nan,nan,nan,nan,nan,0.043728,-0.04857,0.558275,nan,nan,nan,nan,nan,nan,-2.903735,-0.008282,1.119453
2026-05-04 09:17:56.090009,0,nan,nan,nan,nan,nan,nan,0.040742,-0.048536,0.558161,nan,nan,nan,nan,nan,nan,-2.912719,-0.007374,1.114646
2026-05-04 09:17:56.107443,0,nan,nan,nan,nan,nan,nan,0.03803,-0.048656,0.560822,nan,nan,nan,nan,nan,nan,-2.912077,-0.000639,1.085034
2026-05-04 09:17:56.124652,0,nan,nan,nan,nan,nan,nan,0.035502,-0.048668,0.56068,nan,nan,nan,nan,nan,nan,-2.884576,0.015201,1.069919
2026-05-04 09:17:56.142194,0,nan,nan,nan,nan,nan,nan,0.032474,-0.048629,0.56114,nan,nan,nan,nan,nan,nan,-2.882742,0.016615,1.078228
2026-05-04 09:17:56.159651,0,nan,nan,nan,nan,nan,nan,0.030927,-0.048801,0.562503,nan,nan,nan,nan,nan,nan,-2.91032,-0.005782,1.076875
2026-05-04 09:17:56.181466,0,nan,nan,nan,nan,nan,nan,0.027636,-0.048652,0.561928,nan,nan,nan,nan,nan,nan,-2.901709,0.002677,1.091002
2026-05-04 09:17:56.202403,0,nan,nan,nan,nan,nan,nan,0.024472,-0.048666,0.563087,nan,nan,nan,nan,nan,nan,-2.918078,0.003669,1.092466
2026-05-04 09:17:56.224407,0,nan,nan,nan,nan,nan,nan,0.020578,-0.04827,0.562339,nan,nan,nan,nan,nan,nan,-2.926475,0.008988,1.103422
2026-05-04 09:17:56.242217,0,nan,nan,nan,nan,nan,nan,0.017021,-0.048188,0.561258,nan,nan,nan,nan,nan,nan,-2.911572,0.006529,1.124962
2026-05-04 09:17:56.260096,0,nan,nan,nan,nan,nan,nan,0.012979,-0.048229,0.56122,nan,nan,nan,nan,nan,nan,-2.921595,0.003522,1.124747
2026-05-04 09:17:56.277882,0,nan,nan,nan,nan,nan,nan,0.009255,-0.048401,0.562221,nan,nan,nan,nan,nan,nan,-2.898099,0.012524,1.133843
2026-05-04 09:17:56.295064,0,nan,nan,nan,nan,nan,nan,0.00488,-0.048722,0.564704,nan,nan,nan,nan,nan,nan,-2.878183,0.016308,1.120577
2026-05-04 09:17:56.313468,0,0.174728,-0.047525,0.475101,nan,nan,nan,0.002683,-0.048656,0.56396,-2.818502,0.06261,-1.315482,nan,nan,nan,-2.885092,0.014632,1.134803
2026-05-04 09:17:56.330995,0,nan,nan,nan,nan,nan,nan,-0.001549,-0.048775,0.564792,nan,nan,nan,nan,nan,nan,-2.872116,0.012163,1.145306
2026-05-04 09:17:56.349211,0,0.165122,-0.047508,0.473408,nan,nan,nan,-0.006216,-0.048705,0.563561,-2.817471,0.05419,-1.306697,nan,nan,nan,-2.891337,-0.001831,1.160209
2026-05-04 09:17:56.367210,0,0.159441,-0.047327,0.472137,nan,nan,nan,-0.010905,-0.048701,0.565014,-2.829703,0.068666,-1.289346,nan,nan,nan,-2.869785,0.011185,1.170921
2026-05-04 09:17:56.390280,0,0.153715,-0.047275,0.470892,nan,nan,nan,-0.015746,-0.048433,0.564377,-2.839105,0.066578,-1.272341,nan,nan,nan,-2.854779,0.016792,1.19404
2026-05-04 09:17:56.407748,0,0.148106,-0.047234,0.470645,nan,nan,nan,-0.0209,-0.048865,0.566986,-2.845051,0.060762,-1.258725,nan,nan,nan,-2.856059,0.016,1.190452
2026-05-04 09:17:56.424910,0,0.142463,-0.047366,0.469888,nan,nan,nan,-0.025923,-0.048844,0.564681,-2.849411,0.047491,-1.244601,nan,nan,nan,-2.84227,-0.006319,1.236646
2026-05-04 09:17:56.443337,0,nan,nan,nan,nan,nan,nan,-0.028879,-0.048933,0.564988,nan,nan,nan,nan,nan,nan,-2.850762,-0.007863,1.223751
2026-05-04 09:17:56.461163,0,nan,nan,nan,nan,nan,nan,-0.033714,-0.049313,0.565204,nan,nan,nan,nan,nan,nan,-2.833394,-0.005547,1.292541
2026-05-04 09:17:56.478317,0,0.124757,-0.046974,0.46328,nan,nan,nan,-0.039705,-0.049176,0.564183,-2.873663,0.053137,-1.192242,nan,nan,nan,-2.836502,-0.010185,1.272821
2026-05-04 09:17:56.495585,0,0.119171,-0.047096,0.465201,nan,nan,nan,-0.045474,-0.049446,0.565574,-2.876468,0.046575,-1.164959,nan,nan,nan,-2.839965,-0.014605,1.291056
2026-05-04 09:17:56.512830,0,0.111696,-0.046682,0.461626,nan,nan,nan,-0.051505,-0.04938,0.566843,-2.870333,0.05719,-1.175143,nan,nan,nan,-2.803886,0.005193,1.297103
2026-05-04 09:17:56.530263,0,0.108146,-0.046599,0.460895,nan,nan,nan,nan,nan,nan,-2.881691,0.058815,-1.144778,nan,nan,nan,nan,nan,nan
2026-05-04 09:17:56.546941,0,0.101917,-0.04676,0.461976,nan,nan,nan,nan,nan,nan,-2.873516,0.053684,-1.148515,nan,nan,nan,nan,nan,nan
2026-05-04 09:17:56.564332,0,0.09534,-0.046982,0.462015,nan,nan,nan,-0.06596,-0.048947,0.564607,-2.901848,0.034946,-1.112958,nan,nan,nan,-2.806488,-0.026451,1.347962
2026-05-04 09:17:56.581251,0,0.087333,-0.046739,0.458092,nan,nan,nan,nan,nan,nan,-2.905815,0.045986,-1.102298,nan,nan,nan,nan,nan,nan
2026-05-04 09:17:56.599034,0,0.083754,-0.046776,0.457824,nan,nan,nan,nan,nan,nan,-2.911044,0.04692,-1.099925,nan,nan,nan,nan,nan,nan
2026-05-04 09:17:56.616406,0,0.075788,-0.046625,0.454781,nan,nan,nan,-0.081264,-0.049251,0.567341,-2.924454,0.043184,-1.077579,nan,nan,nan,-2.779811,-0.007727,1.382955
2026-05-04 09:17:56.634315,0,0.068831,-0.04668,0.455808,nan,nan,nan,-0.08726,-0.049061,0.567407,-2.920355,0.037844,-1.068567,nan,nan,nan,-2.752495,-0.004869,1.407
2026-05-04 09:17:56.651377,0,0.060824,-0.046541,0.453178,nan,nan,nan,nan,nan,nan,-2.947045,0.048236,-1.044923,nan,nan,nan,nan,nan,nan
2026-05-04 09:17:56.669517,0,0.056864,-0.04653,0.452766,nan,nan,nan,nan,nan,nan,-2.937213,0.041686,-1.027651,nan,nan,nan,nan,nan,nan
2026-05-04 09:17:56.686950,0,0.049051,-0.046414,0.45053,nan,nan,nan,nan,nan,nan,-2.956629,0.0446,-1.010104,nan,nan,nan,nan,nan,nan
2026-05-04 09:17:56.704580,0,0.040989,-0.046226,0.446755,nan,nan,nan,nan,nan,nan,-2.96222,0.036236,-0.999959,nan,nan,nan,nan,nan,nan
2026-05-04 09:17:56.720993,0,0.032773,-0.046178,0.445432,nan,nan,nan,nan,nan,nan,-2.946778,0.032247,-0.963908,nan,nan,nan,nan,nan,nan
2026-05-04 09:17:56.738442,0,0.028512,-0.046116,0.444001,nan,nan,nan,nan,nan,nan,-2.964663,0.042455,-0.962127,nan,nan,nan,nan,nan,nan
2026-05-04 09:17:56.757409,0,0.020249,-0.04597,0.441038,nan,nan,nan,nan,nan,nan,-2.976122,0.042849,-0.932848,nan,nan,nan,nan,nan,nan
2026-05-04 09:17:56.774972,0,0.01241,-0.045881,0.439551,nan,nan,nan,nan,nan,nan,-2.985421,0.044111,-0.919524,nan,nan,nan,nan,nan,nan
2026-05-04 09:17:56.792408,0,0.004311,-0.045822,0.438211,nan,nan,nan,nan,nan,nan,-2.985156,0.036822,-0.885345,nan,nan,nan,nan,nan,nan
2026-05-04 09:17:56.810513,0,3.6e-05,-0.045846,0.438673,nan,nan,nan,nan,nan,nan,-2.982747,0.035199,-0.874923,nan,nan,nan,nan,nan,nan
2026-05-04 09:17:56.828175,0,-0.008472,-0.045619,0.434107,nan,nan,nan,nan,nan,nan,-3.001005,0.039412,-0.849757,nan,nan,nan,nan,nan,nan
2026-05-04 09:17:56.845684,0,-0.016929,-0.045506,0.431718,nan,nan,nan,nan,nan,nan,-3.001472,0.037793,-0.832555,nan,nan,nan,nan,nan,nan
2026-05-04 09:17:56.862660,0,-0.025427,-0.045503,0.431024,nan,nan,nan,nan,nan,nan,-3.008213,0.038548,-0.807489,nan,nan,nan,nan,nan,nan
2026-05-04 09:17:56.879818,0,-0.029448,-0.045273,0.427048,nan,nan,nan,nan,nan,nan,-3.017545,0.040842,-0.805398,nan,nan,nan,nan,nan,nan
2026-05-04 09:17:56.897262,0,-0.03779,-0.045224,0.425826,nan,nan,nan,nan,nan,nan,-3.008939,0.030792,-0.767406,nan,nan,nan,nan,nan,nan
2026-05-04 09:17:56.913817,0,-0.046234,-0.045132,0.424058,nan,nan,nan,nan,nan,nan,-3.02518,0.031612,-0.747767,nan,nan,nan,nan,nan,nan
2026-05-04 09:17:56.930629,0,-0.050906,-0.045459,0.427275,nan,nan,nan,nan,nan,nan,-2.999012,0.024908,-0.70875,nan,nan,nan,nan,nan,nan
2026-05-04 09:17:56.948252,0,-0.05853,-0.044998,0.42108,nan,nan,nan,nan,nan,nan,-3.032961,0.035928,-0.712488,nan,nan,nan,nan,nan,nan
2026-05-04 09:17:56.965954,0,-0.066201,-0.04502,0.419943,nan,nan,nan,nan,nan,nan,-3.037234,0.03398,-0.694925,nan,nan,nan,nan,nan,nan
2026-05-04 09:17:56.984579,0,-0.074263,-0.044898,0.4191,nan,nan,nan,nan,nan,nan,-3.026734,0.021794,-0.667978,nan,nan,nan,nan,nan,nan
2026-05-04 09:17:57.001241,0,-0.081951,-0.044746,0.416339,nan,nan,nan,nan,nan,nan,-3.05709,0.03356,-0.673129,nan,nan,nan,nan,nan,nan
2026-05-04 09:17:57.018194,0,-0.086438,-0.044908,0.417316,nan,nan,nan,nan,nan,nan,-3.012326,0.029042,-0.629419,nan,nan,nan,nan,nan,nan
2026-05-04 09:17:57.035817,0,-0.095983,-0.045351,0.419741,nan,nan,nan,nan,nan,nan,-3.006062,0.033529,-0.583045,nan,nan,nan,nan,nan,nan
2026-05-04 09:17:57.054093,0,-0.103427,-0.045006,0.416354,nan,nan,nan,nan,nan,nan,-2.993301,0.012346,-0.503323,nan,nan,nan,nan,nan,nan
2026-05-04 09:17:57.071252,0,-0.106783,-0.044716,0.41456,nan,nan,nan,nan,nan,nan,-3.008818,0.005321,-0.547975,nan,nan,nan,nan,nan,nan
2026-05-04 09:17:57.088549,0,-0.115006,-0.045338,0.414737,nan,nan,nan,nan,nan,nan,-3.071883,0.022238,-0.521649,nan,nan,nan,nan,nan,nan
2026-05-04 09:17:57.105954,0,-0.12252,-0.045305,0.413137,nan,nan,nan,nan,nan,nan,-3.114953,0.013878,-0.386936,nan,nan,nan,nan,nan,nan
2026-05-04 09:17:57.123335,0,-0.129647,-0.045176,0.411487,nan,nan,nan,nan,nan,nan,3.095049,-0.020493,0.444723,nan,nan,nan,nan,nan,nan
2026-05-04 09:17:57.140970,0,-0.133671,-0.045256,0.412105,nan,nan,nan,nan,nan,nan,-3.071067,0.026239,-0.573915,nan,nan,nan,nan,nan,nan
2026-05-04 09:17:57.158736,0,-0.141407,-0.045194,0.411574,nan,nan,nan,nan,nan,nan,-3.074678,0.018788,-0.508963,nan,nan,nan,nan,nan,nan
2026-05-04 09:17:57.175732,0,-0.148125,-0.045013,0.408328,nan,nan,nan,nan,nan,nan,-3.11254,0.021392,-0.398766,nan,nan,nan,nan,nan,nan
2026-05-04 09:17:57.192520,0,-0.155338,-0.045067,0.40803,nan,nan,nan,nan,nan,nan,-3.103602,0.020919,-0.408068,nan,nan,nan,nan,nan,nan
2026-05-04 09:17:57.209990,0,-0.158917,-0.045072,0.407835,nan,nan,nan,nan,nan,nan,-3.08548,0.014329,-0.392083,nan,nan,nan,nan,nan,nan
2026-05-04 09:17:57.227509,0,-0.16544,-0.044993,0.40619,nan,nan,nan,nan,nan,nan,-3.062973,0.009769,-0.341475,nan,nan,nan,nan,nan,nan
2026-05-04 09:17:57.245394,0,-0.17133,-0.044881,0.4041,nan,nan,nan,nan,nan,nan,-3.100405,0.01296,-0.31415,nan,nan,nan,nan,nan,nan
2026-05-04 09:17:57.262973,0,-0.176959,-0.044843,0.40328,nan,nan,nan,nan,nan,nan,-3.094625,0.006435,-0.297281,nan,nan,nan,nan,nan,nan
2026-05-04 09:17:57.280155,0,-0.179827,-0.044832,0.403031,nan,nan,nan,nan,nan,nan,-3.088703,0.005849,-0.295676,nan,nan,nan,nan,nan,nan
2026-05-04 09:17:57.298506,0,-0.184947,-0.044732,0.401071,nan,nan,nan,nan,nan,nan,-3.09741,0.007948,-0.265033,nan,nan,nan,nan,nan,nan
2026-05-04 09:17:57.316675,0,-0.189561,-0.04463,0.399103,nan,nan,nan,nan,nan,nan,-3.106666,0.009976,-0.232889,nan,nan,nan,nan,nan,nan
2026-05-04 09:17:57.337525,0,-0.19386,-0.044568,0.397762,nan,nan,nan,nan,nan,nan,-3.087866,-0.00114,-0.20496,nan,nan,nan,nan,nan,nan
2026-05-04 09:17:57.354734,0,-0.196491,-0.044557,0.396003,nan,nan,nan,nan,nan,nan,-3.082004,-0.002721,-0.181972,nan,nan,nan,nan,nan,nan
2026-05-04 09:17:57.371617,0,-0.199661,-0.044687,0.395564,nan,nan,nan,nan,nan,nan,-3.061988,-0.019571,-0.175806,nan,nan,nan,nan,nan,nan
2026-05-04 09:17:57.389384,0,-0.201752,-0.045007,0.396808,nan,nan,nan,nan,nan,nan,-3.063632,-0.017229,-0.194058,nan,nan,nan,nan,nan,nan
2026-05-04 09:17:57.407763,0,-0.202478,-0.04504,0.394624,nan,nan,nan,nan,nan,nan,-3.118121,-0.003084,-0.178825,nan,nan,nan,nan,nan,nan
2026-05-04 09:17:57.424590,0,-0.202477,-0.044907,0.391982,nan,nan,nan,nan,nan,nan,-3.116308,-0.007287,-0.150944,nan,nan,nan,nan,nan,nan
2026-05-04 09:17:57.442233,0,-0.202485,-0.044772,0.39132,nan,nan,nan,nan,nan,nan,-3.109136,-0.011068,-0.186135,nan,nan,nan,nan,nan,nan
2026-05-04 09:17:57.459828,0,-0.202747,-0.044491,0.390043,nan,nan,nan,nan,nan,nan,-3.073976,-0.020856,-0.156087,nan,nan,nan,nan,nan,nan
2026-05-04 09:17:57.477970,0,-0.202698,-0.044367,0.388806,nan,nan,nan,nan,nan,nan,-3.089917,-0.017597,-0.155463,nan,nan,nan,nan,nan,nan
2026-05-04 09:17:57.496215,0,-0.201546,-0.044161,0.385579,nan,nan,nan,nan,nan,nan,-3.107948,-0.003994,-0.135203,nan,nan,nan,nan,nan,nan
2026-05-04 09:17:57.513917,0,-0.201715,-0.044181,0.384967,nan,nan,nan,nan,nan,nan,-3.075656,-0.017297,-0.138002,nan,nan,nan,nan,nan,nan
2026-05-04 09:17:57.532315,0,-0.201505,-0.044172,0.384099,nan,nan,nan,nan,nan,nan,-3.088125,-0.019197,-0.123181,nan,nan,nan,nan,nan,nan
2026-05-04 09:17:57.549885,0,-0.200371,-0.044093,0.381299,nan,nan,nan,nan,nan,nan,-3.105862,-0.008868,-0.122743,nan,nan,nan,nan,nan,nan
2026-05-04 09:17:57.581445,0,-0.200647,-0.044129,0.380943,nan,nan,nan,nan,nan,nan,-3.0854,-0.018665,-0.108958,nan,nan,nan,nan,nan,nan
2026-05-04 09:17:57.604774,0,-0.19886,-0.04403,0.377427,nan,nan,nan,nan,nan,nan,-3.102689,-0.007173,-0.077539,nan,nan,nan,nan,nan,nan
2026-05-04 09:17:57.626033,0,-0.197942,-0.044077,0.376233,nan,nan,nan,nan,nan,nan,-3.100751,-0.014173,-0.073179,nan,nan,nan,nan,nan,nan
2026-05-04 09:17:57.645241,0,-0.19701,-0.044015,0.37468,nan,nan,nan,nan,nan,nan,-3.119894,-0.009429,-0.074027,nan,nan,nan,nan,nan,nan
2026-05-04 09:17:57.662821,0,-0.194852,-0.044201,0.37315,nan,nan,nan,nan,nan,nan,-3.107428,-0.023389,-0.062555,nan,nan,nan,nan,nan,nan
2026-05-04 09:17:57.680943,0,-0.193814,-0.044181,0.372418,nan,nan,nan,nan,nan,nan,-3.105432,-0.024337,-0.056758,nan,nan,nan,nan,nan,nan
2026-05-04 09:17:57.699243,0,-0.191694,-0.044189,0.371855,nan,nan,nan,nan,nan,nan,-3.10138,-0.02201,-0.071513,nan,nan,nan,nan,nan,nan
2026-05-04 09:17:57.717191,0,-0.188104,-0.044058,0.369796,nan,nan,nan,nan,nan,nan,-3.118339,-0.014599,-0.074844,nan,nan,nan,nan,nan,nan
2026-05-04 09:17:57.735285,0,-0.184393,-0.044041,0.369539,nan,nan,nan,nan,nan,nan,-3.095516,-0.022694,-0.057534,nan,nan,nan,nan,nan,nan
2026-05-04 09:17:57.752803,0,-0.180289,-0.043997,0.369034,nan,nan,nan,nan,nan,nan,-3.108571,-0.018283,-0.09715,nan,nan,nan,nan,nan,nan
2026-05-04 09:17:57.771732,0,-0.177851,-0.043948,0.368935,nan,nan,nan,nan,nan,nan,-3.106386,-0.019307,-0.079841,nan,nan,nan,nan,nan,nan
2026-05-04 09:17:57.790716,0,-0.172474,-0.043986,0.368395,nan,nan,nan,nan,nan,nan,-3.100626,-0.021633,-0.106399,nan,nan,nan,nan,nan,nan
2026-05-04 09:17:57.809788,0,-0.167049,-0.043986,0.368393,nan,nan,nan,nan,nan,nan,-3.099238,-0.01985,-0.114069,nan,nan,nan,nan,nan,nan
2026-05-04 09:17:57.828025,0,-0.161092,-0.04385,0.367753,nan,nan,nan,nan,nan,nan,-3.111366,-0.016105,-0.127921,nan,nan,nan,nan,nan,nan
2026-05-04 09:17:57.847053,0,-0.154181,-0.043712,0.366926,nan,nan,nan,nan,nan,nan,-3.118014,-0.010266,-0.125819,nan,nan,nan,nan,nan,nan
2026-05-04 09:17:57.865295,0,-0.14701,-0.043658,0.366762,nan,nan,nan,nan,nan,nan,-3.119985,-0.00536,-0.150424,nan,nan,nan,nan,nan,nan
2026-05-04 09:17:57.883372,0,-0.139935,-0.04372,0.366799,nan,nan,nan,nan,nan,nan,-3.121775,-0.007281,-0.202846,nan,nan,nan,nan,nan,nan
2026-05-04 09:17:57.900826,0,-0.136241,-0.043741,0.367351,nan,nan,nan,nan,nan,nan,-3.118702,-0.007322,-0.222225,nan,nan,nan,nan,nan,nan
2026-05-04 09:17:57.918215,0,-0.128809,-0.04367,0.368187,nan,nan,nan,nan,nan,nan,-3.113175,-0.005676,-0.223026,nan,nan,nan,nan,nan,nan
2026-05-04 09:17:57.936381,0,-0.120905,-0.043661,0.369466,nan,nan,nan,nan,nan,nan,-3.094547,-0.00552,-0.261826,nan,nan,nan,nan,nan,nan
2026-05-04 09:17:57.954400,0,-0.112582,-0.043562,0.370364,nan,nan,nan,nan,nan,nan,-3.017925,-0.013303,-0.325893,nan,nan,nan,nan,nan,nan
2026-05-04 09:17:57.972301,0,-0.103362,-0.043276,0.369066,nan,nan,nan,nan,nan,nan,-3.049319,-0.009645,-0.234156,nan,nan,nan,nan,nan,nan
2026-05-04 09:17:57.989840,0,-0.098561,-0.043178,0.368827,nan,nan,nan,nan,nan,nan,-3.033367,-0.018038,-0.190955,nan,nan,nan,nan,nan,nan
2026-05-04 09:17:58.008567,0,-0.089549,-0.043237,0.369882,nan,nan,nan,nan,nan,nan,-3.0142,-0.018564,-0.257309,nan,nan,nan,nan,nan,nan
2026-05-04 09:17:58.026778,0,-0.079509,-0.043084,0.369504,nan,nan,nan,nan,nan,nan,-2.992823,-0.008755,-0.384832,nan,nan,nan,nan,nan,nan
2026-05-04 09:17:58.044936,0,-0.069784,-0.043147,0.369631,nan,nan,nan,nan,nan,nan,-3.03088,0.000508,-0.426966,nan,nan,nan,nan,nan,nan
2026-05-04 09:17:58.062828,0,-0.060446,-0.043193,0.370473,nan,nan,nan,nan,nan,nan,-3.056321,0.014857,-0.473408,nan,nan,nan,nan,nan,nan
2026-05-04 09:17:58.081116,0,-0.055489,-0.043147,0.369791,nan,nan,nan,nan,nan,nan,-3.072373,0.016994,-0.463226,nan,nan,nan,nan,nan,nan
2026-05-04 09:17:58.099069,0,-0.044971,-0.043172,0.37066,nan,nan,nan,nan,nan,nan,-3.067897,0.014652,-0.476383,nan,nan,nan,nan,nan,nan
2026-05-04 09:17:58.116985,0,-0.034651,-0.0432,0.371401,nan,nan,nan,nan,nan,nan,-3.057506,0.010677,-0.513595,nan,nan,nan,nan,nan,nan
2026-05-04 09:17:58.135186,0,-0.024367,-0.043246,0.371498,nan,nan,nan,nan,nan,nan,-3.047233,0.01351,-0.537093,nan,nan,nan,nan,nan,nan
2026-05-04 09:17:58.153337,0,-0.013474,-0.043296,0.37249,nan,nan,nan,nan,nan,nan,-3.045035,0.013797,-0.546119,nan,nan,nan,nan,nan,nan
2026-05-04 09:17:58.171564,0,-0.007783,-0.043256,0.371718,nan,nan,nan,nan,nan,nan,-3.044518,0.016197,-0.591109,nan,nan,nan,nan,nan,nan
2026-05-04 09:17:58.189984,0,0.002951,-0.043247,0.372087,nan,nan,nan,nan,nan,nan,-3.050531,0.024006,-0.626988,nan,nan,nan,nan,nan,nan
2026-05-04 09:17:58.207351,0,0.013885,-0.04329,0.372367,nan,nan,nan,nan,nan,nan,-3.029248,0.018671,-0.651349,nan,nan,nan,nan,nan,nan
2026-05-04 09:17:58.223769,0,0.025076,-0.043288,0.373677,nan,nan,nan,nan,nan,nan,-3.047179,0.020725,-0.670485,nan,nan,nan,nan,nan,nan
2026-05-04 09:17:58.242705,0,0.03056,-0.043304,0.37338,nan,nan,nan,nan,nan,nan,-3.031353,0.017171,-0.676372,nan,nan,nan,nan,nan,nan
2026-05-04 09:17:58.260701,0,0.041425,-0.043286,0.373742,nan,nan,nan,nan,nan,nan,-3.032187,0.013546,-0.69973,nan,nan,nan,nan,nan,nan
2026-05-04 09:17:58.279206,0,0.052177,-0.043119,0.373266,nan,nan,nan,nan,nan,nan,-3.037094,0.013856,-0.723263,nan,nan,nan,nan,nan,nan
2026-05-04 09:17:58.296979,0,0.062823,-0.043076,0.37288,nan,nan,nan,nan,nan,nan,-3.02507,0.015104,-0.761403,nan,nan,nan,nan,nan,nan
2026-05-04 09:17:58.314438,0,0.073329,-0.042773,0.371878,nan,nan,nan,nan,nan,nan,-3.012182,0.01974,-0.792008,nan,nan,nan,nan,nan,nan
2026-05-04 09:17:58.331457,0,0.084533,-0.042613,0.371902,nan,nan,nan,nan,nan,nan,-2.996021,0.028719,-0.817427,nan,nan,nan,nan,nan,nan
2026-05-04 09:17:58.348504,0,0.089645,-0.042623,0.371013,nan,nan,nan,-0.046274,-0.047741,0.5156,-3.005328,0.024854,-0.812028,nan,nan,nan,-2.659137,-0.029968,1.620008
2026-05-04 09:17:58.366018,0,0.10029,-0.042566,0.371173,nan,nan,nan,nan,nan,nan,-2.995343,0.029398,-0.835217,nan,nan,nan,nan,nan,nan
2026-05-04 09:17:58.383506,0,0.110573,-0.042588,0.371359,nan,nan,nan,-0.029069,-0.046645,0.513122,-2.980862,0.033825,-0.879312,nan,nan,nan,-2.681828,-0.013441,1.56934
2026-05-04 09:17:58.400187,0,0.116529,-0.043283,0.373936,nan,nan,nan,-0.024026,-0.046394,0.506477,-2.991927,0.026121,-0.877081,nan,nan,nan,-2.682931,-0.027091,1.582663
2026-05-04 09:17:58.418937,0,0.121406,-0.043327,0.373019,nan,nan,nan,nan,nan,nan,-2.988573,0.027423,-0.878196,nan,nan,nan,nan,nan,nan
2026-05-04 09:17:58.436203,0,0.136464,-0.043118,0.373304,nan,nan,nan,-0.006924,-0.046569,0.50359,-2.984422,0.021045,-0.912932,nan,nan,nan,-2.702689,-0.007326,1.5391
2026-05-04 09:17:58.453521,0,0.146137,-0.042629,0.372496,nan,nan,nan,nan,nan,nan,-2.963671,0.031305,-0.943386,nan,nan,nan,nan,nan,nan
2026-05-04 09:17:58.470575,0,0.152416,-0.043372,0.375983,nan,nan,nan,nan,nan,nan,-2.966424,0.024872,-0.955455,nan,nan,nan,nan,nan,nan
2026-05-04 09:17:58.488357,0,0.16232,-0.043451,0.376876,nan,nan,nan,0.0138,-0.04601,0.501619,-2.954605,0.041935,-0.985693,nan,nan,nan,-2.747795,-0.004997,1.466085
2026-05-04 09:17:58.505595,0,0.172209,-0.043362,0.377505,nan,nan,nan,0.022115,-0.046167,0.499291,-2.944562,0.022715,-1.009692,nan,nan,nan,-2.755309,-0.013492,1.453715
2026-05-04 09:17:58.525844,0,0.177188,-0.04356,0.378292,nan,nan,nan,0.026124,-0.046637,0.499863,-2.935932,0.033961,-1.026599,nan,nan,nan,-2.774648,-0.008662,1.439056
2026-05-04 09:17:58.545146,0,0.186879,-0.044084,0.380114,nan,nan,nan,0.034486,-0.046749,0.500291,-2.9368,0.019619,-1.057044,nan,nan,nan,-2.789502,-0.013473,1.430892
2026-05-04 09:17:58.562391,0,0.196447,-0.044533,0.381814,nan,nan,nan,0.042392,-0.046805,0.497679,-2.931506,0.015176,-1.078895,nan,nan,nan,-2.796003,-0.010893,1.393456
2026-05-04 09:17:58.582531,0,0.205073,-0.043832,0.383198,nan,nan,nan,0.049946,-0.046393,0.497823,-2.914833,0.036726,-1.084933,nan,nan,nan,-2.806977,-0.006876,1.384505
2026-05-04 09:17:58.600094,0,0.21433,-0.043977,0.386144,nan,nan,nan,0.057422,-0.045909,0.497205,-2.915088,0.041572,-1.103761,nan,nan,nan,-2.804425,-0.010125,1.36969
2026-05-04 09:17:58.617568,0,nan,nan,nan,nan,nan,nan,0.064806,-0.045888,0.496395,nan,nan,nan,nan,nan,nan,-2.80752,-0.007316,1.3532
2026-05-04 09:17:58.635053,0,nan,nan,nan,nan,nan,nan,0.072066,-0.046132,0.497408,nan,nan,nan,nan,nan,nan,-2.840723,-0.006545,1.308132
2026-05-04 09:17:58.651481,0,nan,nan,nan,nan,nan,nan,0.078955,-0.046275,0.49888,nan,nan,nan,nan,nan,nan,-2.852745,-0.005191,1.286583
2026-05-04 09:17:58.668828,0,nan,nan,nan,nan,nan,nan,0.082536,-0.046123,0.499016,nan,nan,nan,nan,nan,nan,-2.837986,-0.009584,1.293428
2026-05-04 09:17:58.685510,0,nan,nan,nan,nan,nan,nan,0.0892,-0.046151,0.499552,nan,nan,nan,nan,nan,nan,-2.846617,-0.00476,1.269566
2026-05-04 09:17:58.701750,0,nan,nan,nan,nan,nan,nan,0.095475,-0.046128,0.501502,nan,nan,nan,nan,nan,nan,-2.861477,-0.007589,1.243664
2026-05-04 09:17:58.719551,0,nan,nan,nan,nan,nan,nan,0.098579,-0.046215,0.503665,nan,nan,nan,nan,nan,nan,-2.855046,-0.008026,1.24124
2026-05-04 09:17:58.736953,0,nan,nan,nan,nan,nan,nan,0.104111,-0.046226,0.504416,nan,nan,nan,nan,nan,nan,-2.879691,-0.001862,1.171368
2026-05-04 09:17:58.753819,0,nan,nan,nan,nan,nan,nan,0.109353,-0.046318,0.507675,nan,nan,nan,nan,nan,nan,-2.898991,-0.003926,1.17264
2026-05-04 09:17:58.771152,0,nan,nan,nan,nan,nan,nan,0.111331,-0.046284,0.508145,nan,nan,nan,nan,nan,nan,-2.889677,0.003803,1.166944
2026-05-04 09:17:58.789232,0,nan,nan,nan,nan,nan,nan,0.113863,-0.0464,0.51029,nan,nan,nan,nan,nan,nan,-2.897222,0.008842,1.136741
2026-05-04 09:17:58.806729,0,nan,nan,nan,nan,nan,nan,0.11961,-0.046536,0.513328,nan,nan,nan,nan,nan,nan,-2.915472,0.008237,1.083714
2026-05-04 09:17:58.824750,0,nan,nan,nan,nan,nan,nan,0.122745,-0.046679,0.516491,nan,nan,nan,nan,nan,nan,-2.904241,0.008459,1.098593
2026-05-04 09:17:58.842831,0,nan,nan,nan,nan,nan,nan,0.12472,-0.046712,0.518572,nan,nan,nan,nan,nan,nan,-2.946986,-0.000529,1.05527
2026-05-04 09:17:58.860892,0,nan,nan,nan,nan,nan,nan,0.125781,-0.046824,0.519357,nan,nan,nan,nan,nan,nan,-2.938117,0.005529,1.043961
2026-05-04 09:17:58.878070,0,nan,nan,nan,nan,nan,nan,0.126203,-0.04677,0.52101,nan,nan,nan,nan,nan,nan,-2.944357,0.003041,1.043737
2026-05-04 09:17:58.895054,0,nan,nan,nan,nan,nan,nan,0.12655,-0.046752,0.523125,nan,nan,nan,nan,nan,nan,-2.918067,0.021627,1.013837
2026-05-04 09:17:58.911499,0,nan,nan,nan,nan,nan,nan,0.125781,-0.046924,0.525294,nan,nan,nan,nan,nan,nan,-2.963478,0.012943,0.964151
2026-05-04 09:17:58.933620,0,nan,nan,nan,nan,nan,nan,0.125426,-0.047065,0.527249,nan,nan,nan,nan,nan,nan,-2.973119,0.013821,0.943552
2026-05-04 09:17:58.953992,0,nan,nan,nan,nan,nan,nan,0.123251,-0.047032,0.527916,nan,nan,nan,nan,nan,nan,-2.977839,0.000822,0.984301
2026-05-04 09:17:58.971634,0,nan,nan,nan,nan,nan,nan,0.121887,-0.047345,0.532005,nan,nan,nan,nan,nan,nan,-2.926656,0.030314,0.937716
2026-05-04 09:17:58.989535,0,nan,nan,nan,nan,nan,nan,0.118631,-0.04733,0.531621,nan,nan,nan,nan,nan,nan,-2.947678,0.015023,0.963146
2026-05-04 09:17:59.006811,0,nan,nan,nan,nan,nan,nan,0.115533,-0.047373,0.53156,nan,nan,nan,nan,nan,nan,-2.983745,0.003729,0.930623
2026-05-04 09:17:59.024718,0,nan,nan,nan,nan,nan,nan,0.112931,-0.047497,0.533922,nan,nan,nan,nan,nan,nan,-2.962166,0.010099,0.936272
2026-05-04 09:17:59.041458,0,nan,nan,nan,nan,nan,nan,0.110181,-0.047583,0.536395,nan,nan,nan,nan,nan,nan,-2.954937,0.017777,0.908103
2026-05-04 09:17:59.059565,0,nan,nan,nan,nan,nan,nan,0.108575,-0.04761,0.537366,nan,nan,nan,nan,nan,nan,-2.956135,0.012409,0.913865
2026-05-04 09:17:59.077092,0,nan,nan,nan,nan,nan,nan,0.10513,-0.047614,0.539346,nan,nan,nan,nan,nan,nan,-2.976652,0.014655,0.900651
2026-05-04 09:17:59.094674,0,nan,nan,nan,nan,nan,nan,0.10141,-0.047464,0.540555,nan,nan,nan,nan,nan,nan,-2.972815,0.016968,0.903292
2026-05-04 09:17:59.110769,0,nan,nan,nan,nan,nan,nan,0.097717,-0.047399,0.541462,nan,nan,nan,nan,nan,nan,-2.985867,0.016081,0.888757
2026-05-04 09:17:59.128480,0,nan,nan,nan,nan,nan,nan,0.096086,-0.04751,0.542414,nan,nan,nan,nan,nan,nan,-2.971242,0.02391,0.87988
2026-05-04 09:17:59.146487,0,nan,nan,nan,nan,nan,nan,0.094852,-0.047781,0.544974,nan,nan,nan,nan,nan,nan,-2.947059,0.03016,0.878017
2026-05-04 09:17:59.163367,0,nan,nan,nan,nan,nan,nan,0.089115,-0.047864,0.546916,nan,nan,nan,nan,nan,nan,-2.969299,0.012666,0.90068
2026-05-04 09:17:59.180178,0,nan,nan,nan,nan,nan,nan,0.08734,-0.047927,0.547924,nan,nan,nan,nan,nan,nan,-2.974419,0.009286,0.895346
2026-05-04 09:17:59.198879,0,nan,nan,nan,nan,nan,nan,0.083648,-0.048158,0.550348,nan,nan,nan,nan,nan,nan,-2.958633,0.018645,0.86994
2026-05-04 09:17:59.216230,0,nan,nan,nan,nan,nan,nan,0.078854,-0.047845,0.550405,nan,nan,nan,nan,nan,nan,-2.985994,0.012715,0.888706
2026-05-04 09:17:59.235009,0,nan,nan,nan,nan,nan,nan,0.074645,-0.047772,0.553069,nan,nan,nan,nan,nan,nan,-2.951698,0.022684,0.896698
2026-05-04 09:17:59.253257,0,nan,nan,nan,nan,nan,nan,0.069845,-0.047777,0.553725,nan,nan,nan,nan,nan,nan,-2.967261,0.01347,0.910205
2026-05-04 09:17:59.270880,0,nan,nan,nan,nan,nan,nan,0.067667,-0.047962,0.553593,nan,nan,nan,nan,nan,nan,-2.972206,0.013796,0.92592
2026-05-04 09:17:59.289158,0,nan,nan,nan,nan,nan,nan,0.063134,-0.048166,0.555554,nan,nan,nan,nan,nan,nan,-2.963443,0.020239,0.905853
2026-05-04 09:17:59.306893,0,nan,nan,nan,nan,nan,nan,0.057856,-0.048085,0.555245,nan,nan,nan,nan,nan,nan,-2.958288,0.019008,0.930267
2026-05-04 09:17:59.324808,0,nan,nan,nan,nan,nan,nan,0.052825,-0.048254,0.556744,nan,nan,nan,nan,nan,nan,-2.947206,0.018098,0.947356
2026-05-04 09:17:59.342164,0,nan,nan,nan,nan,nan,nan,0.047281,-0.047983,0.556142,nan,nan,nan,nan,nan,nan,-2.957359,0.012468,0.961129
2026-05-04 09:17:59.360195,0,nan,nan,nan,nan,nan,nan,0.044734,-0.047837,0.557564,nan,nan,nan,nan,nan,nan,-2.926968,0.023595,0.970692
2026-05-04 09:17:59.378772,0,nan,nan,nan,nan,nan,nan,0.039132,-0.047872,0.555386,nan,nan,nan,nan,nan,nan,-2.960552,0.00363,0.977418
2026-05-04 09:17:59.397403,0,nan,nan,nan,nan,nan,nan,0.033218,-0.048148,0.557878,nan,nan,nan,nan,nan,nan,-2.922661,0.021112,1.001928
2026-05-04 09:17:59.415467,0,nan,nan,nan,nan,nan,nan,0.027179,-0.048186,0.556284,nan,nan,nan,nan,nan,nan,-2.946278,-0.001257,1.035348
2026-05-04 09:17:59.433124,0,nan,nan,nan,nan,nan,nan,0.021013,-0.048091,0.556683,nan,nan,nan,nan,nan,nan,-2.923603,0.013089,1.048388
2026-05-04 09:17:59.452081,0,0.19436,-0.047771,0.480713,nan,nan,nan,0.017837,-0.048076,0.55599,-2.780795,0.062705,-1.403088,nan,nan,nan,-2.9283,0.007848,1.061831
2026-05-04 09:17:59.470271,0,nan,nan,nan,nan,nan,nan,0.011404,-0.048239,0.556609,nan,nan,nan,nan,nan,nan,-2.922782,0.001063,1.081579
2026-05-04 09:17:59.488191,0,nan,nan,nan,nan,nan,nan,0.00498,-0.048119,0.557053,nan,nan,nan,nan,nan,nan,-2.914802,0.002932,1.104514
2026-05-04 09:17:59.506493,0,nan,nan,nan,nan,nan,nan,-0.001319,-0.04843,0.557561,nan,nan,nan,nan,nan,nan,-2.90354,0.005668,1.111833
2026-05-04 09:17:59.523912,0,0.163124,-0.04726,0.467712,nan,nan,nan,-0.008237,-0.048576,0.558417,-2.816945,0.04895,-1.317475,nan,nan,nan,-2.876121,0.001426,1.138507
2026-05-04 09:17:59.542411,0,0.160871,-0.047415,0.47087,nan,nan,nan,-0.011541,-0.048542,0.558554,-2.815543,0.053047,-1.319413,nan,nan,nan,-2.867377,0.014487,1.14178
2026-05-04 09:17:59.560409,0,0.151771,-0.047203,0.466485,nan,nan,nan,-0.018486,-0.048515,0.557361,-2.826623,0.055159,-1.289247,nan,nan,nan,-2.884469,-0.005526,1.173754
2026-05-04 09:17:59.577432,0,nan,nan,nan,nan,nan,nan,-0.025801,-0.048681,0.559057,nan,nan,nan,nan,nan,nan,-2.855018,-0.003423,1.206888
2026-05-04 09:17:59.595829,0,0.135408,-0.047084,0.464081,nan,nan,nan,-0.033065,-0.048664,0.558301,-2.852206,0.049235,-1.236363,nan,nan,nan,-2.839732,0.004529,1.20392
2026-05-04 09:17:59.614953,0,0.125881,-0.04683,0.458876,nan,nan,nan,-0.040065,-0.048621,0.557211,-2.861157,0.044444,-1.21695,nan,nan,nan,-2.835217,-0.008353,1.254877
2026-05-04 09:17:59.631985,0,0.117682,-0.046774,0.457676,nan,nan,nan,-0.047546,-0.048738,0.557501,-2.863646,0.045693,-1.202944,nan,nan,nan,-2.829968,-0.005422,1.276545
2026-05-04 09:17:59.649744,0,0.113058,-0.046744,0.457054,nan,nan,nan,nan,nan,nan,-2.86824,0.044508,-1.187779,nan,nan,nan,nan,nan,nan
2026-05-04 09:17:59.667004,0,0.103554,-0.046624,0.454602,nan,nan,nan,nan,nan,nan,-2.88024,0.042175,-1.160228,nan,nan,nan,nan,nan,nan
2026-05-04 09:17:59.685228,0,0.094368,-0.04647,0.451909,nan,nan,nan,-0.065965,-0.04865,0.556958,-2.900006,0.052383,-1.138339,nan,nan,nan,-2.797685,-0.008931,1.335832
2026-05-04 09:17:59.701895,0,0.08508,-0.046455,0.451113,nan,nan,nan,-0.075086,-0.048866,0.56533,-2.902424,0.041845,-1.097929,nan,nan,nan,-2.781517,0.004111,1.352193
2026-05-04 09:17:59.719634,0,0.080362,-0.046396,0.449988,nan,nan,nan,-0.078521,-0.048742,0.563661,-2.912819,0.04692,-1.092513,nan,nan,nan,-2.78502,0.001961,1.371251
2026-05-04 09:17:59.737210,0,0.071014,-0.04626,0.447255,nan,nan,nan,-0.086193,-0.048933,0.564414,-2.92563,0.045618,-1.072911,nan,nan,nan,-2.767805,-0.005865,1.381804
2026-05-04 09:17:59.755584,0,0.061764,-0.046274,0.447665,nan,nan,nan,-0.093509,-0.048873,0.562971,-2.943681,0.050923,-1.050735,nan,nan,nan,-2.751997,-0.008943,1.406182
2026-05-04 09:17:59.773021,0,0.051406,-0.04609,0.443746,nan,nan,nan,-0.101361,-0.048912,0.563963,-2.945196,0.045192,-1.014705,nan,nan,nan,-2.746026,-0.011724,1.433429
2026-05-04 09:17:59.791047,0,0.046907,-0.046151,0.444905,nan,nan,nan,nan,nan,nan,-2.938897,0.043916,-1.004651,nan,nan,nan,nan,nan,nan
2026-05-04 09:17:59.808437,0,0.036792,-0.045946,0.440919,nan,nan,nan,nan,nan,nan,-2.963766,0.046596,-0.991362,nan,nan,nan,nan,nan,nan
2026-05-04 09:17:59.826284,0,0.027206,-0.045975,0.441007,nan,nan,nan,nan,nan,nan,-2.963123,0.042826,-0.961588,nan,nan,nan,nan,nan,nan
2026-05-04 09:17:59.843368,0,0.01732,-0.045794,0.437827,nan,nan,nan,nan,nan,nan,-2.981771,0.046625,-0.941926,nan,nan,nan,nan,nan,nan
2026-05-04 09:17:59.861671,0,0.012354,-0.045805,0.437965,nan,nan,nan,nan,nan,nan,-2.981909,0.045088,-0.925856,nan,nan,nan,nan,nan,nan
2026-05-04 09:17:59.879163,0,0.002073,-0.045791,0.437553,nan,nan,nan,nan,nan,nan,-2.982948,0.04005,-0.884998,nan,nan,nan,nan,nan,nan
2026-05-04 09:17:59.896632,0,-0.007836,-0.045738,0.436255,nan,nan,nan,nan,nan,nan,-2.995582,0.037682,-0.860893,nan,nan,nan,nan,nan,nan
2026-05-04 09:17:59.914909,0,-0.012596,-0.045587,0.433483,nan,nan,nan,nan,nan,nan,-3.000318,0.041796,-0.862656,nan,nan,nan,nan,nan,nan
2026-05-04 09:17:59.932683,0,-0.027856,-0.045469,0.431148,nan,nan,nan,nan,nan,nan,-3.017263,0.041633,-0.821493,nan,nan,nan,nan,nan,nan
2026-05-04 09:17:59.950730,0,-0.032741,-0.045498,0.431535,nan,nan,nan,nan,nan,nan,-3.010951,0.033064,-0.792088,nan,nan,nan,nan,nan,nan
2026-05-04 09:17:59.968017,0,-0.04236,-0.045395,0.429645,nan,nan,nan,nan,nan,nan,-3.027909,0.039439,-0.788725,nan,nan,nan,nan,nan,nan
2026-05-04 09:17:59.985939,0,-0.052479,-0.045441,0.430264,nan,nan,nan,nan,nan,nan,-3.012527,0.02604,-0.730918,nan,nan,nan,nan,nan,nan
2026-05-04 09:18:00.004727,0,-0.062067,-0.045554,0.429861,nan,nan,nan,nan,nan,nan,-2.992909,0.028794,-0.699401,nan,nan,nan,nan,nan,nan
2026-05-04 09:18:00.022054,0,-0.066739,-0.045503,0.429077,nan,nan,nan,nan,nan,nan,-3.010486,0.031388,-0.697621,nan,nan,nan,nan,nan,nan
2026-05-04 09:18:00.039992,0,-0.076323,-0.045973,0.429855,nan,nan,nan,nan,nan,nan,-3.051849,0.034036,-0.659031,nan,nan,nan,nan,nan,nan
2026-05-04 09:18:00.058155,0,-0.08532,-0.045737,0.42866,nan,nan,nan,nan,nan,nan,-3.007135,0.018223,-0.605113,nan,nan,nan,nan,nan,nan
2026-05-04 09:18:00.075978,0,-0.094823,-0.045852,0.428652,nan,nan,nan,nan,nan,nan,-2.984736,0.005128,-0.517109,nan,nan,nan,nan,nan,nan
2026-05-04 09:18:00.095609,0,-0.103192,-0.045533,0.424965,nan,nan,nan,nan,nan,nan,-3.034663,0.028249,-0.592205,nan,nan,nan,nan,nan,nan
2026-05-04 09:18:00.115339,0,-0.111745,-0.045778,0.425013,nan,nan,nan,nan,nan,nan,-3.081956,0.022452,-0.525993,nan,nan,nan,nan,nan,nan
2026-05-04 09:18:00.132499,0,-0.1188,-0.04565,0.421887,nan,nan,nan,nan,nan,nan,3.078163,-0.025492,0.54597,nan,nan,nan,nan,nan,nan
2026-05-04 09:18:00.150457,0,-0.122515,-0.045693,0.421515,nan,nan,nan,nan,nan,nan,3.086197,-0.029706,0.561106,nan,nan,nan,nan,nan,nan
2026-05-04 09:18:00.168390,0,-0.128574,-0.045218,0.418897,nan,nan,nan,nan,nan,nan,-2.888652,-0.029645,-0.408028,nan,nan,nan,nan,nan,nan
2026-05-04 09:18:00.186565,0,-0.133902,-0.045463,0.416832,nan,nan,nan,nan,nan,nan,3.086799,-0.022249,0.441831,nan,nan,nan,nan,nan,nan
2026-05-04 09:18:00.205778,0,-0.138842,-0.045452,0.415944,nan,nan,nan,nan,nan,nan,-3.081432,0.022515,-0.497277,nan,nan,nan,nan,nan,nan
2026-05-04 09:18:00.224741,0,-0.142241,-0.045302,0.412866,nan,nan,nan,nan,nan,nan,-3.093654,0.029905,-0.533305,nan,nan,nan,nan,nan,nan
2026-05-04 09:18:00.243689,0,-0.143991,-0.045302,0.412452,nan,nan,nan,nan,nan,nan,-3.082933,0.01388,-0.450629,nan,nan,nan,nan,nan,nan
2026-05-04 09:18:00.262276,0,-0.145908,-0.045183,0.410032,nan,nan,nan,nan,nan,nan,-3.08044,0.018741,-0.44115,nan,nan,nan,nan,nan,nan
2026-05-04 09:18:00.280012,0,-0.146129,-0.044971,0.406831,nan,nan,nan,nan,nan,nan,3.097776,-0.024268,0.413666,nan,nan,nan,nan,nan,nan
2026-05-04 09:18:00.298051,0,-0.146042,-0.044926,0.405687,nan,nan,nan,nan,nan,nan,3.099004,-0.024405,0.462293,nan,nan,nan,nan,nan,nan
2026-05-04 09:18:00.317083,0,-0.146059,-0.04496,0.405708,nan,nan,nan,nan,nan,nan,-3.085604,0.013869,-0.456238,nan,nan,nan,nan,nan,nan
2026-05-04 09:18:00.335058,0,-0.146371,-0.045002,0.406344,nan,nan,nan,nan,nan,nan,-3.043641,0.017012,-0.534484,nan,nan,nan,nan,nan,nan
2026-05-04 09:18:00.352409,0,-0.1459,-0.044898,0.4043,nan,nan,nan,nan,nan,nan,-3.05772,0.008865,-0.372239,nan,nan,nan,nan,nan,nan
2026-05-04 09:18:00.370723,0,-0.144745,-0.044711,0.400974,nan,nan,nan,nan,nan,nan,-3.101284,0.018103,-0.431902,nan,nan,nan,nan,nan,nan
2026-05-04 09:18:00.388117,0,-0.144299,-0.044659,0.399802,nan,nan,nan,nan,nan,nan,-3.093582,0.012409,-0.426987,nan,nan,nan,nan,nan,nan
2026-05-04 09:18:00.407876,0,-0.143132,-0.044465,0.396462,nan,nan,nan,nan,nan,nan,3.117128,-0.016142,0.336179,nan,nan,nan,nan,nan,nan
2026-05-04 09:18:00.425872,0,-0.142771,-0.044417,0.395481,nan,nan,nan,nan,nan,nan,-3.1044,0.00875,-0.371054,nan,nan,nan,nan,nan,nan
2026-05-04 09:18:00.443407,0,-0.141873,-0.044215,0.392261,nan,nan,nan,nan,nan,nan,3.095672,-0.01572,0.373244,nan,nan,nan,nan,nan,nan
2026-05-04 09:18:00.461808,0,-0.141764,-0.044203,0.391909,nan,nan,nan,nan,nan,nan,3.112124,-0.012082,0.36999,nan,nan,nan,nan,nan,nan
2026-05-04 09:18:00.480443,0,-0.141046,-0.044161,0.390045,nan,nan,nan,nan,nan,nan,-3.09959,0.005403,-0.343891,nan,nan,nan,nan,nan,nan
2026-05-04 09:18:00.499016,0,-0.140292,-0.044507,0.389709,nan,nan,nan,nan,nan,nan,-3.041333,-0.018889,-0.328002,nan,nan,nan,nan,nan,nan
2026-05-04 09:18:00.517695,0,-0.138978,-0.044474,0.387236,nan,nan,nan,nan,nan,nan,-3.063617,-0.010407,-0.405491,nan,nan,nan,nan,nan,nan
2026-05-04 09:18:00.535793,0,-0.136651,-0.044132,0.381797,nan,nan,nan,nan,nan,nan,3.105118,-0.005291,0.385056,nan,nan,nan,nan,nan,nan
2026-05-04 09:18:00.554515,0,-0.135217,-0.044152,0.381604,nan,nan,nan,nan,nan,nan,-3.092311,-0.004931,-0.397489,nan,nan,nan,nan,nan,nan
2026-05-04 09:18:00.573135,0,-0.134453,-0.04416,0.381355,nan,nan,nan,nan,nan,nan,-3.087593,-0.005786,-0.395882,nan,nan,nan,nan,nan,nan
2026-05-04 09:18:00.593770,0,-0.131773,-0.044017,0.379197,nan,nan,nan,nan,nan,nan,-3.076532,-0.000845,-0.39974,nan,nan,nan,nan,nan,nan
2026-05-04 09:18:00.612613,0,-0.128993,-0.043851,0.377929,nan,nan,nan,nan,nan,nan,-2.991352,-0.022919,-0.397835,nan,nan,nan,nan,nan,nan
2026-05-04 09:18:00.630904,0,-0.125233,-0.043765,0.375315,nan,nan,nan,nan,nan,nan,-3.084849,-0.006298,-0.381432,nan,nan,nan,nan,nan,nan
2026-05-04 09:18:00.649982,0,-0.121563,-0.043691,0.374457,nan,nan,nan,nan,nan,nan,-3.056459,-0.008453,-0.422716,nan,nan,nan,nan,nan,nan
2026-05-04 09:18:00.667394,0,-0.116399,-0.043474,0.372623,nan,nan,nan,nan,nan,nan,-2.95614,-0.028079,-0.424852,nan,nan,nan,nan,nan,nan
2026-05-04 09:18:00.684863,0,-0.111458,-0.043601,0.371753,nan,nan,nan,nan,nan,nan,-3.049155,-0.013194,-0.40821,nan,nan,nan,nan,nan,nan
2026-05-04 09:18:00.702687,0,-0.105666,-0.043448,0.370335,nan,nan,nan,nan,nan,nan,-3.089044,-0.001705,-0.423879,nan,nan,nan,nan,nan,nan
2026-05-04 09:18:00.719808,0,-0.102259,-0.043373,0.36973,nan,nan,nan,nan,nan,nan,-3.083062,-0.004828,-0.400777,nan,nan,nan,nan,nan,nan
2026-05-04 09:18:00.738478,0,-0.094803,-0.043532,0.368812,nan,nan,nan,nan,nan,nan,-3.073612,-0.000264,-0.49471,nan,nan,nan,nan,nan,nan
2026-05-04 09:18:00.756254,0,-0.08722,-0.043963,0.36859,nan,nan,nan,nan,nan,nan,-3.069793,-0.016611,-0.439144,nan,nan,nan,nan,nan,nan
2026-05-04 09:18:00.774903,0,-0.078867,-0.043849,0.367218,nan,nan,nan,nan,nan,nan,-3.09465,-0.005414,-0.488239,nan,nan,nan,nan,nan,nan
2026-05-04 09:18:00.792822,0,-0.070702,-0.043449,0.36701,nan,nan,nan,nan,nan,nan,-3.073751,0.008069,-0.5181,nan,nan,nan,nan,nan,nan
2026-05-04 09:18:00.814976,0,-0.065912,-0.043097,0.365784,nan,nan,nan,nan,nan,nan,3.098122,-0.009165,0.518797,nan,nan,nan,nan,nan,nan
2026-05-04 09:18:00.832556,0,-0.056685,-0.043138,0.365824,nan,nan,nan,nan,nan,nan,-3.090421,4.6e-05,-0.486683,nan,nan,nan,nan,nan,nan
2026-05-04 09:18:00.853614,0,-0.047242,-0.042987,0.366232,nan,nan,nan,nan,nan,nan,-3.040383,0.003505,-0.512603,nan,nan,nan,nan,nan,nan
2026-05-04 09:18:00.871301,0,-0.037365,-0.043003,0.366367,nan,nan,nan,nan,nan,nan,-3.039023,0.013756,-0.602552,nan,nan,nan,nan,nan,nan
2026-05-04 09:18:00.889632,0,-0.027707,-0.043045,0.367517,nan,nan,nan,nan,nan,nan,-3.040543,0.00947,-0.546717,nan,nan,nan,nan,nan,nan
2026-05-04 09:18:00.907452,0,-0.017053,-0.043015,0.366254,nan,nan,nan,nan,nan,nan,-3.038753,0.014573,-0.629954,nan,nan,nan,nan,nan,nan
2026-05-04 09:18:00.925394,0,-0.006377,-0.043026,0.367976,nan,nan,nan,nan,nan,nan,-3.032865,0.014421,-0.623236,nan,nan,nan,nan,nan,nan
2026-05-04 09:18:00.944931,0,0.004395,-0.04305,0.368429,nan,nan,nan,nan,nan,nan,-3.04852,0.019945,-0.647048,nan,nan,nan,nan,nan,nan
2026-05-04 09:18:00.961926,0,0.016106,-0.043041,0.368894,nan,nan,nan,nan,nan,nan,-3.034478,0.017104,-0.689657,nan,nan,nan,nan,nan,nan
2026-05-04 09:18:00.979443,0,0.021937,-0.043096,0.368465,nan,nan,nan,nan,nan,nan,-3.029136,0.014781,-0.699449,nan,nan,nan,nan,nan,nan
2026-05-04 09:18:00.996674,0,0.033537,-0.043259,0.369077,nan,nan,nan,nan,nan,nan,-3.031634,0.00366,-0.708943,nan,nan,nan,nan,nan,nan
2026-05-04 09:18:01.014140,0,0.044931,-0.043141,0.370378,nan,nan,nan,nan,nan,nan,-3.017674,0.017594,-0.729322,nan,nan,nan,nan,nan,nan
2026-05-04 09:18:01.030601,0,0.050812,-0.043162,0.370185,nan,nan,nan,nan,nan,nan,-3.008674,0.020749,-0.772323,nan,nan,nan,nan,nan,nan
2026-05-04 09:18:01.048029,0,0.062985,-0.043181,0.371923,nan,nan,nan,nan,nan,nan,-3.01076,0.017798,-0.79463,nan,nan,nan,nan,nan,nan
2026-05-04 09:18:01.065208,0,0.075187,-0.043324,0.373227,nan,nan,nan,nan,nan,nan,-3.002785,0.025791,-0.814427,nan,nan,nan,nan,nan,nan
2026-05-04 09:18:01.081799,0,0.081301,-0.043194,0.3734,nan,nan,nan,-0.056451,-0.046872,0.511393,-2.999692,0.023081,-0.850165,nan,nan,nan,-2.653156,-0.010836,1.60332
2026-05-04 09:18:01.098631,0,0.094191,-0.043253,0.375226,nan,nan,nan,-0.046684,-0.047491,0.511994,-2.985922,0.015533,-0.876281,nan,nan,nan,-2.687914,-0.006043,1.559212
2026-05-04 09:18:01.124367,0,0.099999,-0.04309,0.375058,nan,nan,nan,-0.041771,-0.047414,0.511925,-2.997022,0.016457,-0.88244,nan,nan,nan,-2.693761,-0.002133,1.54711
2026-05-04 09:18:01.142739,0,0.124933,-0.043606,0.380387,nan,nan,nan,-0.021195,-0.046838,0.508114,-2.96619,0.019702,-0.937574,nan,nan,nan,-2.717884,-0.005341,1.514257
2026-05-04 09:18:01.160654,0,0.130506,-0.043654,0.379741,nan,nan,nan,-0.01609,-0.046807,0.507639,-2.961434,0.031381,-0.965676,nan,nan,nan,-2.724721,-0.004598,1.506459
2026-05-04 09:18:01.179011,0,0.142854,-0.043603,0.382449,nan,nan,nan,-0.005998,-0.046471,0.505321,-2.955191,0.028203,-0.993782,nan,nan,nan,-2.732735,-0.010899,1.476104
2026-05-04 09:18:01.196161,0,0.155357,-0.043964,0.385606,nan,nan,nan,0.003802,-0.047,0.506649,-2.941972,0.032483,-1.02481,nan,nan,nan,-2.774493,-0.006357,1.431332
2026-05-04 09:18:01.212701,0,0.167847,-0.043855,0.389306,nan,nan,nan,0.013811,-0.046624,0.505541,-2.92092,0.037975,-1.067015,nan,nan,nan,-2.794207,-0.01152,1.390796
2026-05-04 09:18:01.231010,0,0.174386,-0.044102,0.391608,nan,nan,nan,0.018925,-0.046869,0.506448,-2.9148,0.032919,-1.078618,nan,nan,nan,-2.796654,0.000728,1.377587
2026-05-04 09:18:01.248036,0,0.186598,-0.044095,0.394388,nan,nan,nan,0.029136,-0.046536,0.505501,-2.910122,0.028828,-1.122966,nan,nan,nan,-2.803479,-0.011542,1.362004
2026-05-04 09:18:01.264835,0,nan,nan,nan,nan,nan,nan,0.03881,-0.046232,0.507626,nan,nan,nan,nan,nan,nan,-2.808981,-0.004432,1.343809
2026-05-04 09:18:01.282116,0,nan,nan,nan,nan,nan,nan,0.043629,-0.046335,0.506906,nan,nan,nan,nan,nan,nan,-2.816401,-0.009789,1.332142
2026-05-04 09:18:01.299315,0,0.214817,-0.044836,0.402724,nan,nan,nan,0.05334,-0.047001,0.507021,-2.878955,0.035015,-1.186777,nan,nan,nan,-2.854515,-0.004107,1.281519
2026-05-04 09:18:01.317240,0,nan,nan,nan,nan,nan,nan,0.062622,-0.046688,0.508093,nan,nan,nan,nan,nan,nan,-2.858158,0.002583,1.247383
2026-05-04 09:18:01.333430,0,nan,nan,nan,nan,nan,nan,0.071639,-0.046937,0.509883,nan,nan,nan,nan,nan,nan,-2.886353,-0.003462,1.219204
2026-05-04 09:18:01.350976,0,nan,nan,nan,nan,nan,nan,0.07596,-0.046416,0.508981,nan,nan,nan,nan,nan,nan,-2.867519,-0.001819,1.222165
2026-05-04 09:18:01.367475,0,nan,nan,nan,nan,nan,nan,0.08449,-0.046398,0.510659,nan,nan,nan,nan,nan,nan,-2.903168,-0.003008,1.168583
2026-05-04 09:18:01.384150,0,nan,nan,nan,nan,nan,nan,0.092758,-0.046556,0.512985,nan,nan,nan,nan,nan,nan,-2.894356,0.000482,1.137151
2026-05-04 09:18:01.400610,0,nan,nan,nan,nan,nan,nan,0.096499,-0.046573,0.513522,nan,nan,nan,nan,nan,nan,-2.897533,-4.8e-05,1.133227
2026-05-04 09:18:01.418697,0,nan,nan,nan,nan,nan,nan,0.100162,-0.046635,0.513536,nan,nan,nan,nan,nan,nan,-2.885002,0.001464,1.136725
2026-05-04 09:18:01.436188,0,nan,nan,nan,nan,nan,nan,0.110867,-0.046778,0.518184,nan,nan,nan,nan,nan,nan,-2.905955,0.005801,1.097319
2026-05-04 09:18:01.454100,0,nan,nan,nan,nan,nan,nan,0.118303,-0.047015,0.523617,nan,nan,nan,nan,nan,nan,-2.903325,0.019012,1.042677
2026-05-04 09:18:01.471344,0,nan,nan,nan,nan,nan,nan,0.121086,-0.047013,0.52302,nan,nan,nan,nan,nan,nan,-2.928938,0.008903,1.023787
2026-05-04 09:18:01.488358,0,nan,nan,nan,nan,nan,nan,0.126944,-0.047,0.523832,nan,nan,nan,nan,nan,nan,-2.950971,0.001678,1.022491
2026-05-04 09:18:01.505132,0,nan,nan,nan,nan,nan,nan,0.132672,-0.047011,0.526299,nan,nan,nan,nan,nan,nan,-2.980552,0.005607,0.973589
2026-05-04 09:18:01.521828,0,nan,nan,nan,nan,nan,nan,0.135391,-0.047072,0.528216,nan,nan,nan,nan,nan,nan,-2.950212,0.023818,0.983476
2026-05-04 09:18:01.538938,0,nan,nan,nan,nan,nan,nan,0.140116,-0.047231,0.531412,nan,nan,nan,nan,nan,nan,-2.932435,0.027862,0.970752
2026-05-04 09:18:01.556220,0,nan,nan,nan,nan,nan,nan,0.142788,-0.047104,0.528894,nan,nan,nan,nan,nan,nan,-2.976311,0.003816,0.987035
2026-05-04 09:18:01.573585,0,nan,nan,nan,nan,nan,nan,0.146373,-0.047444,0.532223,nan,nan,nan,nan,nan,nan,-2.958048,0.014723,0.926847
2026-05-04 09:18:01.590836,0,nan,nan,nan,nan,nan,nan,0.147935,-0.047709,0.533976,nan,nan,nan,nan,nan,nan,-2.974688,0.012379,0.948095
2026-05-04 09:18:01.607960,0,nan,nan,nan,nan,nan,nan,0.149677,-0.047874,0.535218,nan,nan,nan,nan,nan,nan,3.006068,-0.014841,-0.906463
2026-05-04 09:18:01.625313,0,nan,nan,nan,nan,nan,nan,0.151092,-0.04804,0.538265,nan,nan,nan,nan,nan,nan,-2.990464,0.008413,0.94791
2026-05-04 09:18:01.641473,0,nan,nan,nan,nan,nan,nan,0.15153,-0.048102,0.539722,nan,nan,nan,nan,nan,nan,-2.997961,0.005891,0.933894
2026-05-04 09:18:01.658604,0,nan,nan,nan,nan,nan,nan,0.151851,-0.048136,0.541377,nan,nan,nan,nan,nan,nan,-2.96923,0.023682,0.905483
2026-05-04 09:18:01.676655,0,nan,nan,nan,nan,nan,nan,0.150685,-0.047987,0.542525,nan,nan,nan,nan,nan,nan,-2.974799,0.02382,0.863111
2026-05-04 09:18:01.693729,0,nan,nan,nan,nan,nan,nan,0.149482,-0.047847,0.542879,nan,nan,nan,nan,nan,nan,-2.988913,0.013176,0.882038
2026-05-04 09:18:01.710496,0,nan,nan,nan,nan,nan,nan,0.148611,-0.047814,0.542923,nan,nan,nan,nan,nan,nan,3.013854,-0.001699,-0.886316
2026-05-04 09:18:01.727704,0,nan,nan,nan,nan,nan,nan,0.147036,-0.04785,0.544186,nan,nan,nan,nan,nan,nan,3.018961,-1.1e-05,-0.867585
2026-05-04 09:18:01.744361,0,nan,nan,nan,nan,nan,nan,0.145234,-0.047745,0.545386,nan,nan,nan,nan,nan,nan,-2.985288,0.01509,0.873344
2026-05-04 09:18:01.760853,0,nan,nan,nan,nan,nan,nan,0.144221,-0.047693,0.545571,nan,nan,nan,nan,nan,nan,-2.977971,0.018015,0.881686
2026-05-04 09:18:01.778868,0,nan,nan,nan,nan,nan,nan,0.142685,-0.047947,0.547974,nan,nan,nan,nan,nan,nan,-2.98139,0.006448,0.888005
2026-05-04 09:18:01.796602,0,nan,nan,nan,nan,nan,nan,0.141134,-0.048165,0.549881,nan,nan,nan,nan,nan,nan,-2.963438,0.018074,0.835255
2026-05-04 09:18:01.813666,0,nan,nan,nan,nan,nan,nan,0.138393,-0.048199,0.55046,nan,nan,nan,nan,nan,nan,-2.982129,0.003531,0.854423
2026-05-04 09:18:01.834037,0,nan,nan,nan,nan,nan,nan,0.137325,-0.048272,0.552118,nan,nan,nan,nan,nan,nan,-2.951516,0.028046,0.780918
2026-05-04 09:18:01.850347,0,nan,nan,nan,nan,nan,nan,0.135033,-0.048295,0.553932,nan,nan,nan,nan,nan,nan,-2.944101,0.030991,0.812894
2026-05-04 09:18:01.867425,0,nan,nan,nan,nan,nan,nan,0.132011,-0.048161,0.552239,nan,nan,nan,nan,nan,nan,3.024352,-0.000449,-0.810657
2026-05-04 09:18:01.884624,0,nan,nan,nan,nan,nan,nan,0.131746,-0.048415,0.55562,nan,nan,nan,nan,nan,nan,-3.017919,0.01407,0.770659
2026-05-04 09:18:01.901389,0,nan,nan,nan,nan,nan,nan,0.128769,-0.048252,0.555703,nan,nan,nan,nan,nan,nan,-3.029067,0.013335,0.784881
2026-05-04 09:18:01.918263,0,nan,nan,nan,nan,nan,nan,0.126917,-0.048503,0.559387,nan,nan,nan,nan,nan,nan,-3.032363,0.015409,0.722591
2026-05-04 09:18:01.934645,0,nan,nan,nan,nan,nan,nan,0.123948,-0.048123,0.558026,nan,nan,nan,nan,nan,nan,-3.016924,0.00916,0.805173
2026-05-04 09:18:01.951080,0,nan,nan,nan,nan,nan,nan,0.123178,-0.048172,0.559618,nan,nan,nan,nan,nan,nan,-3.010009,0.021396,0.75632
2026-05-04 09:18:01.967304,0,nan,nan,nan,nan,nan,nan,0.120689,-0.048123,0.560172,nan,nan,nan,nan,nan,nan,-3.025258,0.020025,0.728589
2026-05-04 09:18:01.984108,0,nan,nan,nan,nan,nan,nan,0.118287,-0.048013,0.559342,nan,nan,nan,nan,nan,nan,3.036241,-0.003979,-0.777692
2026-05-04 09:18:02.001415,0,nan,nan,nan,nan,nan,nan,0.117314,-0.0481,0.559537,nan,nan,nan,nan,nan,nan,3.036488,-0.004355,-0.770964
2026-05-04 09:18:02.023771,0,nan,nan,nan,nan,nan,nan,0.115406,-0.048176,0.559981,nan,nan,nan,nan,nan,nan,3.034331,-0.002893,-0.758761
2026-05-04 09:18:02.040772,0,nan,nan,nan,nan,nan,nan,0.113594,-0.048447,0.56081,nan,nan,nan,nan,nan,nan,3.043118,-0.000534,-0.745601
2026-05-04 09:18:02.058372,0,nan,nan,nan,nan,nan,nan,0.111483,-0.04824,0.560374,nan,nan,nan,nan,nan,nan,3.041927,-0.003514,-0.745139
2026-05-04 09:18:02.076184,0,nan,nan,nan,nan,nan,nan,0.109653,-0.048237,0.560318,nan,nan,nan,nan,nan,nan,-3.009327,0.016681,0.762526
2026-05-04 09:18:02.093111,0,nan,nan,nan,nan,nan,nan,0.107787,-0.048289,0.560756,nan,nan,nan,nan,nan,nan,-3.00996,0.020423,0.755316
2026-05-04 09:18:02.110417,0,nan,nan,nan,nan,nan,nan,0.106817,-0.048233,0.560342,nan,nan,nan,nan,nan,nan,-2.999359,0.019291,0.778326
2026-05-04 09:18:02.127744,0,nan,nan,nan,nan,nan,nan,0.1045,-0.048148,0.558816,nan,nan,nan,nan,nan,nan,-2.997168,0.021559,0.771898
2026-05-04 09:18:02.145106,0,nan,nan,nan,nan,nan,nan,0.102179,-0.048053,0.556609,nan,nan,nan,nan,nan,nan,-3.009042,0.014756,0.808753
2026-05-04 09:18:02.161648,0,nan,nan,nan,nan,nan,nan,0.09993,-0.04796,0.554276,nan,nan,nan,nan,nan,nan,-3.005045,0.013673,0.818907
2026-05-04 09:18:02.178678,0,nan,nan,nan,nan,nan,nan,0.098763,-0.047932,0.553262,nan,nan,nan,nan,nan,nan,-3.011525,0.010078,0.829768
2026-05-04 09:18:02.195405,0,nan,nan,nan,nan,nan,nan,0.096376,-0.04786,0.551278,nan,nan,nan,nan,nan,nan,-3.016952,0.007114,0.844944
2026-05-04 09:18:02.212080,0,nan,nan,nan,nan,nan,nan,0.094663,-0.048074,0.551633,nan,nan,nan,nan,nan,nan,-3.010876,0.016896,0.807099
2026-05-04 09:18:02.228912,0,nan,nan,nan,nan,nan,nan,0.093429,-0.047807,0.549931,nan,nan,nan,nan,nan,nan,-2.96898,0.025192,0.853007
2026-05-04 09:18:02.245506,0,nan,nan,nan,nan,nan,nan,0.091159,-0.047676,0.54725,nan,nan,nan,nan,nan,nan,-2.954481,0.026416,0.880423
2026-05-04 09:18:02.262063,0,nan,nan,nan,nan,nan,nan,0.090341,-0.047677,0.547293,nan,nan,nan,nan,nan,nan,-2.956162,0.023468,0.874274
2026-05-04 09:18:02.279980,0,nan,nan,nan,nan,nan,nan,0.08826,-0.047535,0.545309,nan,nan,nan,nan,nan,nan,-2.975095,0.013688,0.888254
2026-05-04 09:18:02.296311,0,nan,nan,nan,nan,nan,nan,0.086631,-0.047563,0.545159,nan,nan,nan,nan,nan,nan,-2.971267,0.017955,0.884256
2026-05-04 09:18:02.313008,0,nan,nan,nan,nan,nan,nan,0.084813,-0.047484,0.543951,nan,nan,nan,nan,nan,nan,-2.98176,0.005573,0.923113
2026-05-04 09:18:02.329572,0,nan,nan,nan,nan,nan,nan,0.083809,-0.047414,0.543347,nan,nan,nan,nan,nan,nan,-2.986707,0.004462,0.929102
2026-05-04 09:18:02.346605,0,nan,nan,nan,nan,nan,nan,0.082577,-0.04747,0.545328,nan,nan,nan,nan,nan,nan,-2.935365,0.026774,0.917307
2026-05-04 09:18:02.362999,0,nan,nan,nan,nan,nan,nan,0.080651,-0.047309,0.542789,nan,nan,nan,nan,nan,nan,-2.972771,0.009399,0.93724
2026-05-04 09:18:02.382551,0,nan,nan,nan,nan,nan,nan,0.080022,-0.04735,0.543494,nan,nan,nan,nan,nan,nan,-2.971219,0.009406,0.926791
2026-05-04 09:18:02.399387,0,nan,nan,nan,nan,nan,nan,0.078873,-0.047281,0.542299,nan,nan,nan,nan,nan,nan,-2.964878,0.010128,0.928445
2026-05-04 09:18:02.415991,0,nan,nan,nan,nan,nan,nan,0.07809,-0.047309,0.542563,nan,nan,nan,nan,nan,nan,-2.953107,0.014828,0.941822
2026-05-04 09:18:02.433321,0,nan,nan,nan,nan,nan,nan,0.077665,-0.047354,0.542849,nan,nan,nan,nan,nan,nan,-2.965064,0.012501,0.936025
2026-05-04 09:18:02.450791,0,nan,nan,nan,nan,nan,nan,0.077734,-0.047516,0.543155,nan,nan,nan,nan,nan,nan,-2.972611,0.015382,0.925495
2026-05-04 09:18:02.466815,0,nan,nan,nan,nan,nan,nan,0.077493,-0.047387,0.543149,nan,nan,nan,nan,nan,nan,-2.947031,0.019328,0.933645
2026-05-04 09:18:02.484205,0,nan,nan,nan,nan,nan,nan,0.07739,-0.047405,0.543158,nan,nan,nan,nan,nan,nan,-2.953145,0.014434,0.946873
2026-05-04 09:18:02.500653,0,nan,nan,nan,nan,nan,nan,0.0773,-0.047396,0.542557,nan,nan,nan,nan,nan,nan,-2.961366,0.010695,0.960661
2026-05-04 09:18:02.517085,0,nan,nan,nan,nan,nan,nan,0.077391,-0.047413,0.542875,nan,nan,nan,nan,nan,nan,-2.95896,0.011212,0.957052
2026-05-04 09:18:02.534842,0,nan,nan,nan,nan,nan,nan,0.077406,-0.047421,0.542618,nan,nan,nan,nan,nan,nan,-2.963872,0.009342,0.962803
2026-05-04 09:18:02.550674,0,nan,nan,nan,nan,nan,nan,0.077747,-0.047516,0.543258,nan,nan,nan,nan,nan,nan,-2.975126,0.012104,0.933933
2026-05-04 09:18:02.568216,0,nan,nan,nan,nan,nan,nan,0.077758,-0.047514,0.543201,nan,nan,nan,nan,nan,nan,-2.976964,0.01172,0.932149
2026-05-04 09:18:02.584889,0,nan,nan,nan,nan,nan,nan,0.077663,-0.047412,0.54138,nan,nan,nan,nan,nan,nan,2.99387,-0.002037,-0.924547
2026-05-04 09:18:02.601264,0,nan,nan,nan,nan,nan,nan,0.077769,-0.047339,0.541963,nan,nan,nan,nan,nan,nan,-2.982668,0.007472,0.929921
2026-05-04 09:18:02.618331,0,nan,nan,nan,nan,nan,nan,0.078073,-0.04751,0.543037,nan,nan,nan,nan,nan,nan,-2.976208,0.016457,0.92432
2026-05-04 09:18:02.634696,0,nan,nan,nan,nan,nan,nan,0.077927,-0.047327,0.542099,nan,nan,nan,nan,nan,nan,-2.96662,0.013686,0.934071
2026-05-04 09:18:02.651602,0,nan,nan,nan,nan,nan,nan,0.078333,-0.047543,0.543505,nan,nan,nan,nan,nan,nan,-2.953083,0.028087,0.916675
2026-05-04 09:18:02.667637,0,nan,nan,nan,nan,nan,nan,0.078216,-0.047353,0.542482,nan,nan,nan,nan,nan,nan,-2.941108,0.02455,0.930718
2026-05-04 09:18:02.684255,0,nan,nan,nan,nan,nan,nan,0.078519,-0.047455,0.542186,nan,nan,nan,nan,nan,nan,-2.9662,0.020723,0.930255
2026-05-04 09:18:02.700064,0,nan,nan,nan,nan,nan,nan,0.078323,-0.047344,0.542156,nan,nan,nan,nan,nan,nan,-2.943106,0.024923,0.930232
2026-05-04 09:18:02.716763,0,nan,nan,nan,nan,nan,nan,0.078507,-0.0474,0.541144,nan,nan,nan,nan,nan,nan,-2.99063,0.01132,0.929687
2026-05-04 09:18:02.733722,0,nan,nan,nan,nan,nan,nan,0.078441,-0.04733,0.540247,nan,nan,nan,nan,nan,nan,2.997788,-0.004331,-0.933524
2026-05-04 09:18:02.750301,0,nan,nan,nan,nan,nan,nan,0.078397,-0.047316,0.539953,nan,nan,nan,nan,nan,nan,2.996066,-0.004652,-0.934768
2026-05-04 09:18:02.766442,0,nan,nan,nan,nan,nan,nan,0.078467,-0.047266,0.540788,nan,nan,nan,nan,nan,nan,-2.980416,0.006214,0.935143
2026-05-04 09:18:02.782158,0,nan,nan,nan,nan,nan,nan,0.07847,-0.047262,0.540457,nan,nan,nan,nan,nan,nan,-2.99446,0.002045,0.936871
2026-05-04 09:18:02.799541,0,nan,nan,nan,nan,nan,nan,0.078396,-0.047239,0.53996,nan,nan,nan,nan,nan,nan,-2.994721,0.002334,0.939971
2026-05-04 09:18:02.817484,0,nan,nan,nan,nan,nan,nan,0.078369,-0.047198,0.539771,nan,nan,nan,nan,nan,nan,-2.987901,0.003935,0.936356
2026-05-04 09:18:02.834147,0,nan,nan,nan,nan,nan,nan,0.078525,-0.047357,0.540446,nan,nan,nan,nan,nan,nan,2.999061,-0.006456,-0.930418
2026-05-04 09:18:02.850582,0,nan,nan,nan,nan,nan,nan,0.078501,-0.047353,0.540286,nan,nan,nan,nan,nan,nan,-3.000009,0.006035,0.931739
2026-05-04 09:18:02.866717,0,nan,nan,nan,nan,nan,nan,0.078387,-0.047212,0.53977,nan,nan,nan,nan,nan,nan,-2.994076,0.002112,0.938266
2026-05-04 09:18:02.883267,0,nan,nan,nan,nan,nan,nan,0.078352,-0.047178,0.539475,nan,nan,nan,nan,nan,nan,-2.995066,0.000917,0.939025
2026-05-04 09:18:02.899928,0,nan,nan,nan,nan,nan,nan,0.078351,-0.047178,0.539464,nan,nan,nan,nan,nan,nan,-2.995256,0.000972,0.939154
2026-05-04 09:18:02.916655,0,nan,nan,nan,nan,nan,nan,0.078396,-0.047192,0.539766,nan,nan,nan,nan,nan,nan,-2.994344,0.000588,0.936978
2026-05-04 09:18:02.932943,0,nan,nan,nan,nan,nan,nan,0.078417,-0.047221,0.539899,nan,nan,nan,nan,nan,nan,-2.990429,0.003345,0.940885
2026-05-04 09:18:02.954316,0,nan,nan,nan,nan,nan,nan,0.078268,-0.047134,0.538971,nan,nan,nan,nan,nan,nan,-2.994304,-0.000578,0.943128
2026-05-04 09:18:02.973653,0,nan,nan,nan,nan,nan,nan,0.078517,-0.047316,0.540178,nan,nan,nan,nan,nan,nan,-2.991061,0.008457,0.936934
2026-05-04 09:18:02.991160,0,nan,nan,nan,nan,nan,nan,0.078539,-0.047204,0.540123,nan,nan,nan,nan,nan,nan,-2.972619,0.009491,0.942155
2026-05-04 09:18:03.008679,0,nan,nan,nan,nan,nan,nan,0.078611,-0.047217,0.540342,nan,nan,nan,nan,nan,nan,-2.964797,0.012174,0.944416
2026-05-04 09:18:03.026205,0,nan,nan,nan,nan,nan,nan,0.078811,-0.047229,0.540427,nan,nan,nan,nan,nan,nan,-2.947146,0.017949,0.959061
2026-05-04 09:18:03.044360,0,nan,nan,nan,nan,nan,nan,0.078911,-0.04723,0.540361,nan,nan,nan,nan,nan,nan,-2.942751,0.023002,0.953675
2026-05-04 09:18:03.063046,0,nan,nan,nan,nan,nan,nan,0.078897,-0.04719,0.539523,nan,nan,nan,nan,nan,nan,-2.949842,0.012206,0.975193
2026-05-04 09:18:03.078942,0,nan,nan,nan,nan,nan,nan,0.07894,-0.047204,0.539315,nan,nan,nan,nan,nan,nan,-2.950496,0.015876,0.969296
2026-05-04 09:18:03.095082,0,nan,nan,nan,nan,nan,nan,0.078882,-0.047224,0.539862,nan,nan,nan,nan,nan,nan,-2.943235,0.026478,0.950568
2026-05-04 09:18:03.112027,0,nan,nan,nan,nan,nan,nan,0.078501,-0.047265,0.538997,nan,nan,nan,nan,nan,nan,-2.961584,0.017531,0.95749
2026-05-04 09:18:03.129733,0,nan,nan,nan,nan,nan,nan,0.07804,-0.04714,0.538816,nan,nan,nan,nan,nan,nan,-2.964591,0.013064,0.962123
2026-05-04 09:18:03.146259,0,nan,nan,nan,nan,nan,nan,0.077608,-0.047103,0.539142,nan,nan,nan,nan,nan,nan,-2.95126,0.017552,0.959631
2026-05-04 09:18:03.162966,0,nan,nan,nan,nan,nan,nan,0.076966,-0.047154,0.539223,nan,nan,nan,nan,nan,nan,-2.95834,0.013062,0.972027
2026-05-04 09:18:03.179452,0,nan,nan,nan,nan,nan,nan,0.076649,-0.04712,0.539522,nan,nan,nan,nan,nan,nan,-2.937532,0.020113,0.964932
2026-05-04 09:18:03.196028,0,nan,nan,nan,nan,nan,nan,0.075669,-0.047135,0.539493,nan,nan,nan,nan,nan,nan,-2.935851,0.01958,0.970145
2026-05-04 09:18:03.212482,0,nan,nan,nan,nan,nan,nan,0.075022,-0.047112,0.539245,nan,nan,nan,nan,nan,nan,-2.959739,0.007385,0.976276
2026-05-04 09:18:03.230100,0,nan,nan,nan,nan,nan,nan,0.074791,-0.047297,0.540286,nan,nan,nan,nan,nan,nan,-2.938766,0.022398,0.974289
2026-05-04 09:18:03.247704,0,nan,nan,nan,nan,nan,nan,0.073657,-0.047085,0.538797,nan,nan,nan,nan,nan,nan,-2.939822,0.017594,0.992962
2026-05-04 09:18:03.265328,0,nan,nan,nan,nan,nan,nan,0.072645,-0.047093,0.538483,nan,nan,nan,nan,nan,nan,-2.935063,0.017825,0.990964
2026-05-04 09:18:03.282155,0,nan,nan,nan,nan,nan,nan,0.071646,-0.047091,0.537955,nan,nan,nan,nan,nan,nan,-2.943704,0.015157,0.995601
2026-05-04 09:18:03.300006,0,nan,nan,nan,nan,nan,nan,0.070964,-0.04704,0.537496,nan,nan,nan,nan,nan,nan,-2.952712,0.010812,0.994132
2026-05-04 09:18:03.318098,0,nan,nan,nan,nan,nan,nan,0.069808,-0.047075,0.536185,nan,nan,nan,nan,nan,nan,-2.967479,0.009503,1.001466
2026-05-04 09:18:03.336138,0,nan,nan,nan,nan,nan,nan,0.068492,-0.04705,0.536557,nan,nan,nan,nan,nan,nan,-2.941746,0.012636,1.010194
2026-05-04 09:18:03.353393,0,nan,nan,nan,nan,nan,nan,0.06696,-0.047,0.535613,nan,nan,nan,nan,nan,nan,-2.919471,0.019663,1.016098
2026-05-04 09:18:03.371086,0,nan,nan,nan,nan,nan,nan,0.066113,-0.047003,0.534679,nan,nan,nan,nan,nan,nan,-2.944474,0.004872,1.034938
2026-05-04 09:18:03.388696,0,nan,nan,nan,nan,nan,nan,0.064359,-0.047068,0.534443,nan,nan,nan,nan,nan,nan,-2.937631,0.009803,1.023824
2026-05-04 09:18:03.405805,0,nan,nan,nan,nan,nan,nan,0.063023,-0.047125,0.533001,nan,nan,nan,nan,nan,nan,-2.947029,0.006021,1.03224
2026-05-04 09:18:03.423458,0,nan,nan,nan,nan,nan,nan,0.06206,-0.047216,0.533503,nan,nan,nan,nan,nan,nan,-2.938109,0.011003,1.025077
2026-05-04 09:18:03.441230,0,nan,nan,nan,nan,nan,nan,0.059529,-0.047105,0.533209,nan,nan,nan,nan,nan,nan,-2.924031,0.011665,1.037703
2026-05-04 09:18:03.458541,0,nan,nan,nan,nan,nan,nan,0.057045,-0.04733,0.534861,nan,nan,nan,nan,nan,nan,-2.919627,0.019158,1.022889
2026-05-04 09:18:03.476374,0,nan,nan,nan,nan,nan,nan,0.053434,-0.047214,0.533594,nan,nan,nan,nan,nan,nan,-2.940404,0.010979,1.023799
2026-05-04 09:18:03.493315,0,nan,nan,nan,nan,nan,nan,0.049125,-0.046898,0.531468,nan,nan,nan,nan,nan,nan,-2.937209,-0.001064,1.050479
2026-05-04 09:18:03.510881,0,nan,nan,nan,nan,nan,nan,0.047353,-0.047214,0.532816,nan,nan,nan,nan,nan,nan,-2.949477,0.001306,1.037136
2026-05-04 09:18:03.528682,0,nan,nan,nan,nan,nan,nan,0.042576,-0.047089,0.532225,nan,nan,nan,nan,nan,nan,-2.927169,0.01145,1.03854
2026-05-04 09:18:03.546685,0,nan,nan,nan,nan,nan,nan,0.037858,-0.047171,0.532896,nan,nan,nan,nan,nan,nan,-2.912565,0.01988,1.039144
2026-05-04 09:18:03.562885,0,nan,nan,nan,nan,nan,nan,0.032593,-0.047038,0.531955,nan,nan,nan,nan,nan,nan,-2.935212,0.005824,1.056215
2026-05-04 09:18:03.581517,0,nan,nan,nan,nan,nan,nan,0.030112,-0.047098,0.533037,nan,nan,nan,nan,nan,nan,-2.913448,0.01112,1.069884
2026-05-04 09:18:03.599093,0,nan,nan,nan,nan,nan,nan,0.024492,-0.047129,0.53139,nan,nan,nan,nan,nan,nan,-2.943385,0.000734,1.079501
2026-05-04 09:18:03.617109,0,nan,nan,nan,nan,nan,nan,0.018968,-0.047504,0.534653,nan,nan,nan,nan,nan,nan,-2.892358,0.017383,1.077357
2026-05-04 09:18:03.634545,0,nan,nan,nan,nan,nan,nan,0.012891,-0.047472,0.533871,nan,nan,nan,nan,nan,nan,-2.886709,0.011896,1.109304
2026-05-04 09:18:03.652542,0,nan,nan,nan,nan,nan,nan,0.009711,-0.047504,0.534251,nan,nan,nan,nan,nan,nan,-2.886501,0.013514,1.110742
2026-05-04 09:18:03.671200,0,nan,nan,nan,nan,nan,nan,0.003208,-0.047372,0.531846,nan,nan,nan,nan,nan,nan,-2.906265,-0.005317,1.140681
2026-05-04 09:18:03.689765,0,0.166705,-0.046017,0.442108,nan,nan,nan,-0.003516,-0.047326,0.533708,-2.821281,0.053739,-1.306409,nan,nan,nan,-2.869504,0.00863,1.172869
2026-05-04 09:18:03.708378,0,0.158094,-0.045871,0.439178,nan,nan,nan,-0.010652,-0.047208,0.532321,-2.833037,0.053335,-1.296908,nan,nan,nan,-2.868997,0.017127,1.171951
2026-05-04 09:18:03.727103,0,0.149034,-0.045711,0.43582,nan,nan,nan,-0.01843,-0.047271,0.533273,-2.840113,0.052016,-1.266435,nan,nan,nan,-2.862239,0.002334,1.217188
2026-05-04 09:18:03.745508,0,nan,nan,nan,nan,nan,nan,-0.026057,-0.047478,0.533275,nan,nan,nan,nan,nan,nan,-2.842016,0.001014,1.239027
2026-05-04 09:18:03.763308,0,0.13036,-0.045518,0.431798,nan,nan,nan,-0.033962,-0.047572,0.532893,-2.862146,0.047175,-1.200979,nan,nan,nan,-2.820421,-0.007858,1.27025
2026-05-04 09:18:03.781518,0,0.126112,-0.045519,0.431855,nan,nan,nan,-0.038086,-0.047569,0.532807,-2.871023,0.044266,-1.186841,nan,nan,nan,-2.824436,-0.010887,1.279115
2026-05-04 09:18:03.799964,0,0.115114,-0.045314,0.427687,nan,nan,nan,nan,nan,nan,-2.884031,0.049903,-1.166894,nan,nan,nan,nan,nan,nan
2026-05-04 09:18:03.818393,0,0.104829,-0.045209,0.425563,nan,nan,nan,nan,nan,nan,-2.899057,0.048518,-1.134991,nan,nan,nan,nan,nan,nan
2026-05-04 09:18:03.836305,0,0.094246,-0.045064,0.422636,nan,nan,nan,-0.064037,-0.0478,0.535615,-2.9087,0.046884,-1.12037,nan,nan,nan,-2.801205,-0.01504,1.358684
2026-05-04 09:18:03.854582,0,0.082826,-0.045005,0.421019,nan,nan,nan,-0.073239,-0.047766,0.537468,-2.913979,0.03963,-1.080952,nan,nan,nan,-2.763579,-0.006053,1.390217
2026-05-04 09:18:03.872392,0,0.076936,-0.044969,0.420331,nan,nan,nan,nan,nan,nan,-2.926381,0.043447,-1.059306,nan,nan,nan,nan,nan,nan
2026-05-04 09:18:03.890336,0,0.065009,-0.044987,0.418837,nan,nan,nan,-0.087282,-0.047756,0.541394,-2.940511,0.055792,-1.014002,nan,nan,nan,-2.755995,-0.004054,1.443808
2026-05-04 09:18:03.908431,0,0.053339,-0.045231,0.418121,nan,nan,nan,nan,nan,nan,-2.944883,0.05422,-0.98121,nan,nan,nan,nan,nan,nan
2026-05-04 09:18:03.926462,0,0.040689,-0.044795,0.416325,nan,nan,nan,nan,nan,nan,-2.955265,0.036713,-0.941733,nan,nan,nan,nan,nan,nan
2026-05-04 09:18:03.944092,0,0.028029,-0.044602,0.413066,nan,nan,nan,nan,nan,nan,-2.97258,0.044296,-0.910749,nan,nan,nan,nan,nan,nan
2026-05-04 09:18:03.961542,0,0.021749,-0.045094,0.413933,nan,nan,nan,nan,nan,nan,-2.974096,0.052989,-0.880712,nan,nan,nan,nan,nan,nan
2026-05-04 09:18:03.979828,0,0.008875,-0.044888,0.411529,nan,nan,nan,nan,nan,nan,-2.986099,0.049122,-0.841713,nan,nan,nan,nan,nan,nan
2026-05-04 09:18:03.998143,0,-0.003833,-0.044582,0.40869,nan,nan,nan,nan,nan,nan,-2.985105,0.036265,-0.810707,nan,nan,nan,nan,nan,nan
2026-05-04 09:18:04.015968,0,-0.017358,-0.044942,0.408665,nan,nan,nan,nan,nan,nan,-3.005222,0.035,-0.738503,nan,nan,nan,nan,nan,nan
2026-05-04 09:18:04.034034,0,-0.023881,-0.044748,0.406543,nan,nan,nan,nan,nan,nan,-3.007359,0.045765,-0.724639,nan,nan,nan,nan,nan,nan
2026-05-04 09:18:04.052073,0,-0.036536,-0.04463,0.404774,nan,nan,nan,nan,nan,nan,-3.027323,0.037786,-0.679381,nan,nan,nan,nan,nan,nan
2026-05-04 09:18:04.070290,0,-0.049309,-0.04487,0.403925,nan,nan,nan,nan,nan,nan,-3.034614,0.017132,-0.59772,nan,nan,nan,nan,nan,nan
2026-05-04 09:18:04.088489,0,-0.061297,-0.044686,0.400511,nan,nan,nan,nan,nan,nan,-3.068028,0.027734,-0.587629,nan,nan,nan,nan,nan,nan
2026-05-04 09:18:04.106321,0,-0.072622,-0.04453,0.397579,nan,nan,nan,nan,nan,nan,-3.091238,0.032303,-0.557194,nan,nan,nan,nan,nan,nan
2026-05-04 09:18:04.123679,0,-0.083687,-0.0445,0.396414,nan,nan,nan,nan,nan,nan,-3.065106,0.017302,-0.479164,nan,nan,nan,nan,nan,nan
2026-05-04 09:18:04.140923,0,-0.089056,-0.04446,0.395601,nan,nan,nan,nan,nan,nan,-3.072863,0.004651,-0.366028,nan,nan,nan,nan,nan,nan
2026-05-04 09:18:04.158975,0,-0.098932,-0.044325,0.393411,nan,nan,nan,nan,nan,nan,-3.032042,-0.000905,-0.299809,nan,nan,nan,nan,nan,nan
2026-05-04 09:18:04.177538,0,-0.107502,-0.044259,0.391615,nan,nan,nan,nan,nan,nan,-3.075872,0.000429,-0.257122,nan,nan,nan,nan,nan,nan
2026-05-04 09:18:04.194998,0,-0.113911,-0.044078,0.388629,nan,nan,nan,nan,nan,nan,3.130821,-0.007597,0.258462,nan,nan,nan,nan,nan,nan
2026-05-04 09:18:04.212319,0,-0.117537,-0.044161,0.390434,nan,nan,nan,nan,nan,nan,-3.023359,-0.002812,-0.269983,nan,nan,nan,nan,nan,nan
2026-05-04 09:18:04.229709,0,-0.122378,-0.044093,0.388333,nan,nan,nan,nan,nan,nan,-3.093512,0.008219,-0.227646,nan,nan,nan,nan,nan,nan
2026-05-04 09:18:04.247341,0,-0.12692,-0.044106,0.388579,nan,nan,nan,nan,nan,nan,-3.076438,0.003734,-0.212086,nan,nan,nan,nan,nan,nan
2026-05-04 09:18:04.265107,0,-0.130343,-0.044113,0.388714,nan,nan,nan,nan,nan,nan,-3.078102,0.004912,-0.210324,nan,nan,nan,nan,nan,nan
2026-05-04 09:18:04.282008,0,-0.132498,-0.044109,0.388616,nan,nan,nan,nan,nan,nan,-3.087326,0.002951,-0.1748,nan,nan,nan,nan,nan,nan
2026-05-04 09:18:04.307839,0,-0.132877,-0.044102,0.38856,nan,nan,nan,nan,nan,nan,-3.104232,0.007206,-0.175974,nan,nan,nan,nan,nan,nan
2026-05-04 09:18:04.325173,0,-0.134152,-0.044259,0.391606,nan,nan,nan,nan,nan,nan,-3.079851,0.000649,-0.193654,nan,nan,nan,nan,nan,nan
2026-05-04 09:18:04.341992,0,-0.134168,-0.044262,0.391675,nan,nan,nan,nan,nan,nan,-3.080366,0.0003,-0.192222,nan,nan,nan,nan,nan,nan
2026-05-04 09:18:04.359957,0,-0.134201,-0.04427,0.391837,nan,nan,nan,nan,nan,nan,-3.076288,-0.000671,-0.195266,nan,nan,nan,nan,nan,nan
2026-05-04 09:18:04.377953,0,-0.134232,-0.044273,0.391894,nan,nan,nan,nan,nan,nan,-3.084591,-3.9e-05,-0.189693,nan,nan,nan,nan,nan,nan
2026-05-04 09:18:04.395571,0,-0.134247,-0.044261,0.391679,nan,nan,nan,nan,nan,nan,-3.095097,-0.000341,-0.184544,nan,nan,nan,nan,nan,nan
2026-05-04 09:18:04.411911,0,-0.13444,-0.04427,0.391838,nan,nan,nan,nan,nan,nan,-3.081599,-0.000686,-0.189486,nan,nan,nan,nan,nan,nan
2026-05-04 09:18:04.430115,0,-0.134662,-0.044273,0.391965,nan,nan,nan,nan,nan,nan,-3.068174,-0.002522,-0.17788,nan,nan,nan,nan,nan,nan
2026-05-04 09:18:04.447957,0,-0.134585,-0.044215,0.390843,nan,nan,nan,nan,nan,nan,-3.108261,-0.000268,-0.150333,nan,nan,nan,nan,nan,nan
2026-05-04 09:18:04.466367,0,-0.135267,-0.044306,0.392539,nan,nan,nan,nan,nan,nan,-3.089769,-0.001504,-0.165125,nan,nan,nan,nan,nan,nan
2026-05-04 09:18:04.484513,0,-0.135024,-0.044224,0.390913,nan,nan,nan,nan,nan,nan,-3.090378,0.001432,-0.168666,nan,nan,nan,nan,nan,nan
2026-05-04 09:18:04.503070,0,-0.134941,-0.044188,0.39028,nan,nan,nan,nan,nan,nan,-3.104588,0.002983,-0.157173,nan,nan,nan,nan,nan,nan
2026-05-04 09:18:04.521022,0,-0.134385,-0.044052,0.388126,nan,nan,nan,nan,nan,nan,3.139466,-0.005431,0.096107,nan,nan,nan,nan,nan,nan
2026-05-04 09:18:04.538851,0,-0.136193,-0.044551,0.393334,nan,nan,nan,nan,nan,nan,-3.091559,-0.012562,-0.154813,nan,nan,nan,nan,nan,nan
2026-05-04 09:18:04.557171,0,-0.135395,-0.044274,0.389631,nan,nan,nan,nan,nan,nan,-3.116569,0.000498,-0.142143,nan,nan,nan,nan,nan,nan
2026-05-04 09:18:04.574263,0,-0.135935,-0.044482,0.39068,nan,nan,nan,nan,nan,nan,-3.117878,-0.008198,-0.128674,nan,nan,nan,nan,nan,nan
2026-05-04 09:18:04.591140,0,-0.136089,-0.044561,0.391113,nan,nan,nan,nan,nan,nan,-3.101963,-0.013892,-0.134657,nan,nan,nan,nan,nan,nan
2026-05-04 09:18:04.608940,0,-0.136595,-0.044594,0.391487,nan,nan,nan,nan,nan,nan,-3.076098,-0.022904,-0.072644,nan,nan,nan,nan,nan,nan
2026-05-04 09:18:04.627208,0,-0.136607,-0.044571,0.391285,nan,nan,nan,nan,nan,nan,-3.080236,-0.02371,-0.069521,nan,nan,nan,nan,nan,nan
2026-05-04 09:18:04.644245,0,-0.136734,-0.044586,0.39107,nan,nan,nan,nan,nan,nan,-3.092367,-0.019115,-0.123248,nan,nan,nan,nan,nan,nan
2026-05-04 09:18:04.661784,0,-0.13668,-0.044567,0.390876,nan,nan,nan,nan,nan,nan,-3.09703,-0.018825,-0.124103,nan,nan,nan,nan,nan,nan
2026-05-04 09:18:04.679193,0,-0.137507,-0.044822,0.393479,nan,nan,nan,nan,nan,nan,-3.076124,-0.013507,-0.078129,nan,nan,nan,nan,nan,nan
2026-05-04 09:18:04.696747,0,-0.136245,-0.044614,0.390334,nan,nan,nan,nan,nan,nan,-3.087379,-0.025884,-0.046811,nan,nan,nan,nan,nan,nan
2026-05-04 09:18:04.714003,0,-0.135547,-0.044758,0.391273,nan,nan,nan,nan,nan,nan,-3.091224,-0.02701,-0.007669,nan,nan,nan,nan,nan,nan
2026-05-04 09:18:04.731107,0,-0.133629,-0.044544,0.388054,nan,nan,nan,nan,nan,nan,-3.116297,-0.01758,-0.048372,nan,nan,nan,nan,nan,nan
2026-05-04 09:18:04.749455,0,-0.13261,-0.044488,0.386941,nan,nan,nan,nan,nan,nan,-3.128557,-0.012096,-0.057177,nan,nan,nan,nan,nan,nan
2026-05-04 09:18:04.767050,0,-0.129868,-0.044479,0.387023,nan,nan,nan,nan,nan,nan,-3.117062,-0.011349,-0.076845,nan,nan,nan,nan,nan,nan
2026-05-04 09:18:04.786491,0,-0.126373,-0.044403,0.386757,nan,nan,nan,nan,nan,nan,-3.107349,-0.014454,-0.071709,nan,nan,nan,nan,nan,nan
2026-05-04 09:18:04.805432,0,-0.122668,-0.044342,0.386073,nan,nan,nan,nan,nan,nan,-3.088688,-0.022772,-0.067858,nan,nan,nan,nan,nan,nan
2026-05-04 09:18:04.822617,0,-0.118413,-0.044386,0.384853,nan,nan,nan,nan,nan,nan,-3.100214,-0.017731,-0.13161,nan,nan,nan,nan,nan,nan
2026-05-04 09:18:04.840059,0,-0.116038,-0.044443,0.384308,nan,nan,nan,nan,nan,nan,-3.104757,-0.016081,-0.071169,nan,nan,nan,nan,nan,nan
2026-05-04 09:18:04.857619,0,-0.11071,-0.04436,0.384326,nan,nan,nan,nan,nan,nan,-3.095071,-0.016022,-0.142135,nan,nan,nan,nan,nan,nan
2026-05-04 09:18:04.875539,0,-0.10458,-0.044318,0.383927,nan,nan,nan,nan,nan,nan,-3.107836,-0.022128,-0.125588,nan,nan,nan,nan,nan,nan
2026-05-04 09:18:04.891613,0,-0.098308,-0.044269,0.384095,nan,nan,nan,nan,nan,nan,-3.078297,-0.017773,-0.182948,nan,nan,nan,nan,nan,nan
2026-05-04 09:18:04.909046,0,-0.094854,-0.044281,0.384046,nan,nan,nan,nan,nan,nan,-3.06516,-0.018698,-0.19105,nan,nan,nan,nan,nan,nan
2026-05-04 09:18:04.926071,0,-0.087809,-0.044178,0.383833,nan,nan,nan,nan,nan,nan,-3.060755,-0.017488,-0.229927,nan,nan,nan,nan,nan,nan
2026-05-04 09:18:04.944074,0,-0.083723,-0.044202,0.38357,nan,nan,nan,nan,nan,nan,-3.033627,-0.019009,-0.228607,nan,nan,nan,nan,nan,nan
2026-05-04 09:18:04.964442,0,-0.075952,-0.043915,0.382304,nan,nan,nan,nan,nan,nan,-3.084355,-0.008906,-0.196713,nan,nan,nan,nan,nan,nan
2026-05-04 09:18:04.981950,0,-0.067568,-0.043762,0.381188,nan,nan,nan,nan,nan,nan,-3.109746,-0.001173,-0.202252,nan,nan,nan,nan,nan,nan
2026-05-04 09:18:04.999436,0,-0.059027,-0.043727,0.382078,nan,nan,nan,nan,nan,nan,-2.993187,0.000872,-0.411618,nan,nan,nan,nan,nan,nan
2026-05-04 09:18:05.016496,0,-0.050843,-0.04372,0.382295,nan,nan,nan,nan,nan,nan,-2.99134,-0.003249,-0.347981,nan,nan,nan,nan,nan,nan
2026-05-04 09:18:05.034136,0,-0.041987,-0.04375,0.381817,nan,nan,nan,nan,nan,nan,-3.039955,-0.000932,-0.312015,nan,nan,nan,nan,nan,nan
2026-05-04 09:18:05.051353,0,-0.037498,-0.043779,0.382246,nan,nan,nan,nan,nan,nan,-3.027479,0.005896,-0.395946,nan,nan,nan,nan,nan,nan
2026-05-04 09:18:05.069277,0,-0.028913,-0.043755,0.382077,nan,nan,nan,nan,nan,nan,-3.026772,-0.004459,-0.296006,nan,nan,nan,nan,nan,nan
2026-05-04 09:18:05.086076,0,-0.020467,-0.043709,0.381509,nan,nan,nan,nan,nan,nan,-3.066217,0.004145,-0.344925,nan,nan,nan,nan,nan,nan
2026-05-04 09:18:05.102691,0,-0.015992,-0.04373,0.381608,nan,nan,nan,nan,nan,nan,-3.050654,0.006462,-0.4105,nan,nan,nan,nan,nan,nan
2026-05-04 09:18:05.119995,0,-0.007174,-0.043663,0.380847,nan,nan,nan,nan,nan,nan,-3.076789,0.005187,-0.393209,nan,nan,nan,nan,nan,nan
2026-05-04 09:18:05.136839,0,0.001518,-0.043617,0.381078,nan,nan,nan,nan,nan,nan,-3.074443,-0.005421,-0.407217,nan,nan,nan,nan,nan,nan
2026-05-04 09:18:05.153804,0,0.010616,-0.043834,0.381141,nan,nan,nan,nan,nan,nan,-3.046764,-0.010296,-0.419259,nan,nan,nan,nan,nan,nan
2026-05-04 09:18:05.171477,0,0.015074,-0.043745,0.380117,nan,nan,nan,nan,nan,nan,-3.072353,-0.002733,-0.427985,nan,nan,nan,nan,nan,nan
2026-05-04 09:18:05.188975,0,0.023828,-0.043686,0.381154,nan,nan,nan,nan,nan,nan,-3.045423,0.000228,-0.442791,nan,nan,nan,nan,nan,nan
2026-05-04 09:18:05.204912,0,0.032595,-0.043624,0.379571,nan,nan,nan,nan,nan,nan,-3.071829,0.008175,-0.475362,nan,nan,nan,nan,nan,nan
2026-05-04 09:18:05.221589,0,0.037207,-0.043812,0.379517,nan,nan,nan,nan,nan,nan,-3.070979,-0.00298,-0.477309,nan,nan,nan,nan,nan,nan
2026-05-04 09:18:05.239135,0,0.04599,-0.043998,0.378861,nan,nan,nan,nan,nan,nan,-3.062808,-0.013137,-0.502398,nan,nan,nan,nan,nan,nan
2026-05-04 09:18:05.256184,0,0.054613,-0.04425,0.378271,nan,nan,nan,nan,nan,nan,-3.082857,-0.022961,-0.518164,nan,nan,nan,nan,nan,nan
2026-05-04 09:18:05.274302,0,0.062714,-0.043963,0.378316,nan,nan,nan,nan,nan,nan,-3.069779,-0.009533,-0.525065,nan,nan,nan,nan,nan,nan
2026-05-04 09:18:05.290888,0,0.06674,-0.043873,0.378389,nan,nan,nan,nan,nan,nan,-3.072229,-0.002564,-0.539651,nan,nan,nan,nan,nan,nan
2026-05-04 09:18:05.307442,0,0.075304,-0.043817,0.378372,nan,nan,nan,nan,nan,nan,-3.060428,-0.003426,-0.567181,nan,nan,nan,nan,nan,nan
2026-05-04 09:18:05.323598,0,0.083948,-0.04369,0.378997,nan,nan,nan,nan,nan,nan,-3.056345,0.001507,-0.586086,nan,nan,nan,nan,nan,nan
2026-05-04 09:18:05.341363,0,0.087917,-0.043556,0.378373,nan,nan,nan,nan,nan,nan,-3.064884,0.008578,-0.592627,nan,nan,nan,nan,nan,nan
2026-05-04 09:18:05.358377,0,0.096061,-0.043638,0.379816,nan,nan,nan,nan,nan,nan,-3.060282,0.012268,-0.599943,nan,nan,nan,nan,nan,nan
2026-05-04 09:18:05.376155,0,0.104245,-0.043674,0.381254,nan,nan,nan,nan,nan,nan,-3.059821,0.014993,-0.609952,nan,nan,nan,nan,nan,nan
2026-05-04 09:18:05.392206,0,0.112259,-0.043588,0.382247,nan,nan,nan,nan,nan,nan,-3.047978,0.013505,-0.63186,nan,nan,nan,nan,nan,nan
2026-05-04 09:18:05.409624,0,0.116638,-0.043768,0.38304,nan,nan,nan,nan,nan,nan,-3.03795,0.018731,-0.657947,nan,nan,nan,nan,nan,nan
2026-05-04 09:18:05.426335,0,0.124445,-0.043646,0.384065,nan,nan,nan,nan,nan,nan,-3.037281,0.009484,-0.688537,nan,nan,nan,nan,nan,nan
2026-05-04 09:18:05.442566,0,0.131788,-0.043645,0.384103,nan,nan,nan,0.006692,-0.048378,0.535666,-3.038655,0.014002,-0.714692,nan,nan,nan,-2.612444,-0.016453,1.714985
2026-05-04 09:18:05.460163,0,0.136003,-0.043853,0.385435,nan,nan,nan,0.009421,-0.048607,0.534918,-3.029897,0.01664,-0.72537,nan,nan,nan,-2.609704,-0.036782,1.713247
2026-05-04 09:18:05.482563,0,0.144262,-0.04398,0.388484,nan,nan,nan,0.015291,-0.048549,0.536253,-3.027163,0.00977,-0.738331,nan,nan,nan,-2.631128,-0.021435,1.676529
2026-05-04 09:18:05.499215,0,0.150668,-0.043716,0.388475,nan,nan,nan,0.02045,-0.048148,0.534228,-3.026981,0.012266,-0.772355,nan,nan,nan,-2.645871,-0.013037,1.666829
2026-05-04 09:18:05.516113,0,0.158568,-0.044222,0.392046,nan,nan,nan,nan,nan,nan,-3.008362,0.016771,-0.781258,nan,nan,nan,nan,nan,nan
2026-05-04 09:18:05.532282,0,0.165552,-0.044274,0.394632,nan,nan,nan,0.031156,-0.048369,0.538413,-3.003392,0.014233,-0.803138,nan,nan,nan,-2.667048,-0.014599,1.626776
2026-05-04 09:18:05.548986,0,0.168493,-0.044229,0.394629,nan,nan,nan,nan,nan,nan,-3.011516,0.019356,-0.81573,nan,nan,nan,nan,nan,nan
2026-05-04 09:18:05.565795,0,0.174772,-0.044376,0.396152,nan,nan,nan,nan,nan,nan,-2.99636,0.018815,-0.834896,nan,nan,nan,nan,nan,nan
2026-05-04 09:18:05.581950,0,0.180784,-0.044463,0.397684,nan,nan,nan,0.04378,-0.048163,0.536613,-2.997429,0.025536,-0.855957,nan,nan,nan,-2.686919,-0.005168,1.575681
2026-05-04 09:18:05.599727,0,0.184259,-0.044499,0.399337,nan,nan,nan,0.045795,-0.047934,0.536052,-2.999767,0.019437,-0.854424,nan,nan,nan,-2.695905,-0.013269,1.573821
2026-05-04 09:18:05.616883,0,0.190181,-0.044676,0.401599,nan,nan,nan,0.05011,-0.047834,0.53619,-2.985439,0.022081,-0.867422,nan,nan,nan,-2.707005,-0.014745,1.552997
2026-05-04 09:18:05.632947,0,0.195089,-0.044795,0.403022,nan,nan,nan,0.05361,-0.047678,0.534741,-2.985399,0.028582,-0.892592,nan,nan,nan,-2.701848,-0.017916,1.550699
2026-05-04 09:18:05.650124,0,0.197442,-0.044878,0.403977,nan,nan,nan,0.055315,-0.047813,0.53575,-2.975252,0.029849,-0.908237,nan,nan,nan,-2.715455,-0.015394,1.53433
2026-05-04 09:18:05.666579,0,0.202303,-0.044981,0.406102,nan,nan,nan,0.058195,-0.047655,0.536133,-2.978241,0.031323,-0.919169,nan,nan,nan,-2.712117,-0.019242,1.539091
2026-05-04 09:18:05.683286,0,0.206022,-0.045068,0.40778,nan,nan,nan,0.060559,-0.047638,0.53572,-2.966588,0.033321,-0.947171,nan,nan,nan,-2.724577,-0.015798,1.514565
2026-05-04 09:18:05.699913,0,0.207568,-0.045092,0.408275,nan,nan,nan,0.061633,-0.047633,0.534417,-2.968249,0.036841,-0.949393,nan,nan,nan,-2.718064,-0.008172,1.489926
2026-05-04 09:18:05.716120,0,nan,nan,nan,nan,nan,nan,0.062863,-0.047619,0.535162,nan,nan,nan,nan,nan,nan,-2.735365,-0.015931,1.485438
2026-05-04 09:18:05.731598,0,0.210904,-0.045218,0.410726,nan,nan,nan,0.063278,-0.047695,0.536493,-2.957592,0.033291,-0.965554,nan,nan,nan,-2.735794,-0.005176,1.460431
2026-05-04 09:18:05.747920,0,0.210864,-0.045146,0.410446,nan,nan,nan,0.063373,-0.047702,0.536625,-2.958975,0.028412,-0.971946,nan,nan,nan,-2.738714,-0.006279,1.454377
2026-05-04 09:18:05.764817,0,0.210737,-0.045023,0.410294,nan,nan,nan,0.063326,-0.047652,0.536755,-2.955795,0.031506,-0.967966,nan,nan,nan,-2.73896,-0.002002,1.459966
2026-05-04 09:18:05.781643,0,0.210841,-0.045007,0.410861,nan,nan,nan,0.063076,-0.047651,0.536803,-2.957592,0.039598,-0.971978,nan,nan,nan,-2.738551,-0.015318,1.482936
2026-05-04 09:18:05.798074,0,0.209443,-0.044658,0.409138,nan,nan,nan,0.062633,-0.04764,0.53665,-2.954854,0.043002,-0.971507,nan,nan,nan,-2.754049,-0.008124,1.452119
2026-05-04 09:18:05.814659,0,0.208714,-0.0445,0.408709,nan,nan,nan,0.06233,-0.047836,0.539736,-2.955071,0.039774,-0.987432,nan,nan,nan,-2.734829,-0.007886,1.458102
2026-05-04 09:18:05.831317,0,0.208625,-0.044562,0.409266,nan,nan,nan,0.061771,-0.047719,0.538296,-2.950419,0.043876,-0.983111,nan,nan,nan,-2.761047,-0.011111,1.443515
2026-05-04 09:18:05.847852,0,0.20798,-0.044432,0.408799,nan,nan,nan,0.061054,-0.047639,0.537923,-2.956032,0.034016,-0.995096,nan,nan,nan,-2.764955,-0.022043,1.464172
2026-05-04 09:18:05.866178,0,0.208157,-0.044452,0.410005,nan,nan,nan,0.060676,-0.047687,0.538838,-2.947766,0.037287,-1.003501,nan,nan,nan,-2.747014,-0.000498,1.449753
2026-05-04 09:18:05.881600,0,0.207462,-0.044429,0.409596,nan,nan,nan,0.059836,-0.047618,0.537927,-2.951654,0.039573,-1.008733,nan,nan,nan,-2.771263,-0.010983,1.440684
2026-05-04 09:18:05.897436,0,0.207542,-0.044462,0.409952,nan,nan,nan,0.059811,-0.047652,0.537944,-2.95145,0.037653,-1.012075,nan,nan,nan,-2.763207,-0.011963,1.439109
2026-05-04 09:18:05.913766,0,0.207528,-0.044501,0.411007,nan,nan,nan,0.058889,-0.047616,0.537968,-2.9408,0.037946,-1.01366,nan,nan,nan,-2.769885,-0.011476,1.435741
2026-05-04 09:18:05.930363,0,0.207534,-0.044517,0.411341,nan,nan,nan,0.058849,-0.047658,0.538091,-2.945954,0.038834,-1.011721,nan,nan,nan,-2.762649,-0.009566,1.436714
2026-05-04 09:18:05.947397,0,0.207055,-0.044518,0.411347,nan,nan,nan,0.05817,-0.047702,0.53916,-2.93905,0.040243,-1.026817,nan,nan,nan,-2.765682,-0.005919,1.427803
2026-05-04 09:18:05.963636,0,0.206863,-0.044557,0.411884,nan,nan,nan,0.057843,-0.047713,0.539043,-2.946092,0.040337,-1.023374,nan,nan,nan,-2.757677,0.002237,1.416903
2026-05-04 09:18:05.982343,0,0.206933,-0.044606,0.412286,nan,nan,nan,0.057356,-0.047774,0.539545,-2.941653,0.039821,-1.028528,nan,nan,nan,-2.768813,-0.002352,1.403674
2026-05-04 09:18:05.998802,0,0.206974,-0.044616,0.412975,nan,nan,nan,0.05684,-0.047636,0.537636,-2.93448,0.038611,-1.034087,nan,nan,nan,-2.763559,-0.009138,1.422851
2026-05-04 09:18:06.015721,0,0.206543,-0.044601,0.413069,nan,nan,nan,0.056187,-0.047619,0.536787,-2.933777,0.040197,-1.040925,nan,nan,nan,-2.773244,-0.003063,1.402664
2026-05-04 09:18:06.032432,0,0.206601,-0.044639,0.413896,nan,nan,nan,0.055405,-0.047518,0.537349,-2.934878,0.042165,-1.053417,nan,nan,nan,-2.79271,-0.004597,1.396493
2026-05-04 09:18:06.049407,0,0.206826,-0.044666,0.41444,nan,nan,nan,0.055266,-0.047512,0.537142,-2.933321,0.04065,-1.055024,nan,nan,nan,-2.778448,0.001596,1.401064
2026-05-04 09:18:06.066734,0,0.20678,-0.044693,0.414939,nan,nan,nan,0.054707,-0.047618,0.5384,-2.92768,0.040444,-1.05801,nan,nan,nan,-2.786882,-0.000982,1.386487
2026-05-04 09:18:06.082928,0,0.20668,-0.044706,0.415213,nan,nan,nan,0.054452,-0.047522,0.536956,-2.925091,0.041737,-1.066232,nan,nan,nan,-2.800632,-0.007861,1.393735
2026-05-04 09:18:06.100301,0,0.206738,-0.044714,0.415375,nan,nan,nan,0.054353,-0.047568,0.535992,-2.92536,0.043367,-1.065437,nan,nan,nan,-2.792734,-0.012299,1.392698
2026-05-04 09:18:06.116457,0,0.206775,-0.044719,0.415451,nan,nan,nan,0.05428,-0.047439,0.53609,-2.92376,0.042829,-1.066197,nan,nan,nan,-2.7885,-0.001919,1.396567
2026-05-04 09:18:06.133775,0,0.207001,-0.044737,0.415811,nan,nan,nan,0.054228,-0.047418,0.536199,-2.922024,0.043093,-1.068014,nan,nan,nan,-2.781507,0.00302,1.397001
2026-05-04 09:18:06.150861,0,0.206898,-0.044727,0.415603,nan,nan,nan,0.054258,-0.047456,0.536482,-2.92191,0.0431,-1.068333,nan,nan,nan,-2.781758,0.002782,1.396274
2026-05-04 09:18:06.168132,0,0.206944,-0.044728,0.415633,nan,nan,nan,0.05422,-0.047444,0.536209,-2.921405,0.043485,-1.070148,nan,nan,nan,-2.781567,0.003462,1.397825
2026-05-04 09:18:06.185023,0,0.206821,-0.044711,0.41532,nan,nan,nan,0.054228,-0.047439,0.536104,-2.922989,0.043126,-1.072567,nan,nan,nan,-2.782264,0.001615,1.398536
2026-05-04 09:18:06.202180,0,0.206821,-0.044711,0.41532,nan,nan,nan,0.054155,-0.047425,0.535753,-2.922989,0.043126,-1.072567,nan,nan,nan,-2.777647,0.003428,1.398937
2026-05-04 09:18:06.218727,0,0.206901,-0.044736,0.415447,nan,nan,nan,0.054188,-0.047409,0.535975,-2.924255,0.041575,-1.073056,nan,nan,nan,-2.779611,0.003166,1.398412
2026-05-04 09:18:06.235689,0,0.206861,-0.044731,0.415368,nan,nan,nan,0.054101,-0.047414,0.536023,-2.925064,0.042416,-1.074249,nan,nan,nan,-2.770766,0.010407,1.390186
2026-05-04 09:18:06.252450,0,0.206874,-0.044735,0.415426,nan,nan,nan,0.054054,-0.047447,0.53622,-2.92408,0.041641,-1.073477,nan,nan,nan,-2.769918,0.012255,1.382662
2026-05-04 09:18:06.269505,0,0.206874,-0.044735,0.415426,nan,nan,nan,0.053945,-0.047437,0.536737,-2.92408,0.041641,-1.073477,nan,nan,nan,-2.778857,0.015588,1.37116
2026-05-04 09:18:06.286242,0,0.207135,-0.044767,0.416054,nan,nan,nan,0.05368,-0.047373,0.536079,-2.923973,0.04033,-1.069188,nan,nan,nan,-2.78412,0.010048,1.371317
2026-05-04 09:18:06.303919,0,0.206968,-0.044732,0.415723,nan,nan,nan,0.053619,-0.047372,0.536207,-2.922547,0.041932,-1.069027,nan,nan,nan,-2.789711,0.00801,1.374687
2026-05-04 09:18:06.320687,0,0.206904,-0.04473,0.415719,nan,nan,nan,0.053468,-0.047375,0.535872,-2.924825,0.043084,-1.069066,nan,nan,nan,-2.793429,-0.001087,1.382502
2026-05-04 09:18:06.337258,0,0.206718,-0.044735,0.415802,nan,nan,nan,0.053331,-0.047314,0.535277,-2.922655,0.039398,-1.065901,nan,nan,nan,-2.796707,-0.005362,1.391337
2026-05-04 09:18:06.354051,0,0.206464,-0.044743,0.415934,nan,nan,nan,0.053335,-0.047367,0.535741,-2.919778,0.044804,-1.0766,nan,nan,nan,-2.79765,-0.003262,1.389157
2026-05-04 09:18:06.371400,0,0.20654,-0.04475,0.416129,nan,nan,nan,0.053258,-0.047347,0.53579,-2.923247,0.043204,-1.076148,nan,nan,nan,-2.790415,0.005234,1.386195
2026-05-04 09:18:06.389642,0,0.206691,-0.044785,0.416468,nan,nan,nan,0.052992,-0.047313,0.536233,-2.923594,0.041516,-1.076158,nan,nan,nan,-2.774903,0.019865,1.375992
2026-05-04 09:18:06.409498,0,0.206523,-0.044785,0.416476,nan,nan,nan,0.052704,-0.047342,0.536223,-2.922129,0.042784,-1.078599,nan,nan,nan,-2.799546,0.007438,1.368042
2026-05-04 09:18:06.426868,0,0.206369,-0.044779,0.416343,nan,nan,nan,0.052646,-0.047408,0.535218,-2.92135,0.043515,-1.081503,nan,nan,nan,-2.798458,0.00235,1.364721
2026-05-04 09:18:06.443797,0,0.206215,-0.04475,0.416123,nan,nan,nan,0.052641,-0.047414,0.535353,-2.919914,0.046142,-1.08391,nan,nan,nan,-2.795724,0.004081,1.364703
2026-05-04 09:18:06.460777,0,0.20635,-0.044777,0.416317,nan,nan,nan,0.052646,-0.047408,0.535218,-2.921199,0.043858,-1.082643,nan,nan,nan,-2.798458,0.00235,1.364721
2026-05-04 09:18:06.477378,0,0.206428,-0.044749,0.41611,nan,nan,nan,0.052626,-0.047286,0.535538,-2.923249,0.045793,-1.078928,nan,nan,nan,-2.799818,0.006033,1.369332
2026-05-04 09:18:06.493794,0,0.206808,-0.044772,0.41654,nan,nan,nan,0.052922,-0.047308,0.535553,-2.916357,0.041101,-1.078809,nan,nan,nan,-2.787291,0.013854,1.366904
2026-05-04 09:18:06.510578,0,0.206804,-0.044763,0.416358,nan,nan,nan,0.053008,-0.047229,0.534773,-2.916092,0.040961,-1.085224,nan,nan,nan,-2.78253,0.013423,1.377839
2026-05-04 09:18:06.527139,0,0.206843,-0.044735,0.415808,nan,nan,nan,0.053164,-0.04723,0.533791,-2.91981,0.044044,-1.081954,nan,nan,nan,-2.797514,-0.006501,1.397728
2026-05-04 09:18:06.543136,0,0.207132,-0.044738,0.415874,nan,nan,nan,0.053132,-0.04718,0.533304,-2.92159,0.044234,-1.079728,nan,nan,nan,-2.794602,-0.0054,1.396137
2026-05-04 09:18:06.559683,0,0.207152,-0.044735,0.415792,nan,nan,nan,0.053469,-0.047391,0.534201,-2.917569,0.040993,-1.079168,nan,nan,nan,-2.791814,0.002257,1.370567
2026-05-04 09:18:06.576586,0,0.207188,-0.044729,0.415678,nan,nan,nan,0.05352,-0.047428,0.534435,-2.917463,0.040878,-1.0829,nan,nan,nan,-2.793449,0.000583,1.368079
2026-05-04 09:18:06.594010,0,0.207192,-0.044729,0.415664,nan,nan,nan,0.053492,-0.04739,0.534168,-2.917647,0.041248,-1.083673,nan,nan,nan,-2.793158,0.001906,1.368832
2026-05-04 09:18:06.610820,0,0.2072,-0.044731,0.415713,nan,nan,nan,0.053492,-0.04739,0.534168,-2.916981,0.040431,-1.08232,nan,nan,nan,-2.793158,0.001906,1.368832
2026-05-04 09:18:06.627189,0,0.206999,-0.04472,0.415498,nan,nan,nan,0.053227,-0.04726,0.53392,-2.920147,0.040322,-1.077723,nan,nan,nan,-2.793425,-0.004525,1.392411
2026-05-04 09:18:06.643517,0,0.206925,-0.044716,0.415432,nan,nan,nan,0.053431,-0.047395,0.534327,-2.923507,0.042871,-1.07635,nan,nan,nan,-2.788619,0.003026,1.373443
2026-05-04 09:18:06.661651,0,0.207013,-0.044727,0.415645,nan,nan,nan,0.05323,-0.047339,0.534446,-2.922645,0.044763,-1.076887,nan,nan,nan,-2.795939,-0.008049,1.394968
2026-05-04 09:18:06.679116,0,0.207022,-0.044759,0.415976,nan,nan,nan,0.053198,-0.047308,0.534309,-2.923777,0.042107,-1.077756,nan,nan,nan,-2.794718,-0.00556,1.392982
2026-05-04 09:18:06.695622,0,0.206675,-0.044721,0.415564,nan,nan,nan,0.053169,-0.047306,0.5342,-2.922253,0.045698,-1.082747,nan,nan,nan,-2.792481,-0.003936,1.390401
2026-05-04 09:18:06.712722,0,0.206685,-0.044727,0.415653,nan,nan,nan,0.053248,-0.047342,0.535071,-2.919923,0.044725,-1.083382,nan,nan,nan,-2.794361,-0.001565,1.389563
2026-05-04 09:18:06.730661,0,0.206531,-0.044716,0.415459,nan,nan,nan,0.053211,-0.047343,0.535062,-2.920873,0.046117,-1.085826,nan,nan,nan,-2.79132,0.001951,1.386217
2026-05-04 09:18:06.747936,0,0.206459,-0.044718,0.41547,nan,nan,nan,0.053174,-0.047315,0.534972,-2.919204,0.045148,-1.085585,nan,nan,nan,-2.788552,0.004383,1.386007
2026-05-04 09:18:06.764343,0,0.206194,-0.044713,0.415367,nan,nan,nan,0.053051,-0.04735,0.535891,-2.92182,0.041406,-1.078965,nan,nan,nan,-2.790106,0.01307,1.369532
2026-05-04 09:18:06.782034,0,0.206389,-0.044738,0.415879,nan,nan,nan,0.05268,-0.047331,0.535887,-2.923261,0.044227,-1.076363,nan,nan,nan,-2.797421,0.005975,1.36733
2026-05-04 09:18:06.799987,0,0.205642,-0.04473,0.415728,nan,nan,nan,0.05233,-0.047316,0.534715,-2.922599,0.043073,-1.079723,nan,nan,nan,-2.798512,-0.003167,1.389476
2026-05-04 09:18:06.817679,0,0.205716,-0.044815,0.417481,nan,nan,nan,0.051432,-0.047344,0.535377,-2.92246,0.045343,-1.079521,nan,nan,nan,-2.806285,-0.004274,1.390545
2026-05-04 09:18:06.833635,0,0.205412,-0.044901,0.419199,nan,nan,nan,0.050347,-0.047347,0.5382,-2.913265,0.045281,-1.097896,nan,nan,nan,-2.784404,0.01698,1.357813
2026-05-04 09:18:06.850530,0,0.204977,-0.044923,0.419719,nan,nan,nan,0.049475,-0.047155,0.535245,-2.917482,0.046411,-1.097203,nan,nan,nan,-2.803091,-0.004389,1.384452
2026-05-04 09:18:06.867661,0,0.203959,-0.045008,0.421044,nan,nan,nan,0.047613,-0.047301,0.537265,-2.914224,0.045718,-1.107,nan,nan,nan,-2.801645,0.007139,1.355572
2026-05-04 09:18:06.885187,0,0.202741,-0.045037,0.422038,nan,nan,nan,0.045174,-0.047259,0.534312,-2.90477,0.04675,-1.125007,nan,nan,nan,-2.826166,-0.001479,1.331006
2026-05-04 09:18:06.902096,0,0.202655,-0.045106,0.423457,nan,nan,nan,0.044097,-0.047138,0.534011,-2.90004,0.042863,-1.132001,nan,nan,nan,-2.825491,-0.00286,1.336077
2026-05-04 09:18:06.919310,0,0.201323,-0.045205,0.425486,nan,nan,nan,0.041263,-0.047104,0.532991,-2.892643,0.050775,-1.15645,nan,nan,nan,-2.82596,-0.002687,1.321491
2026-05-04 09:18:06.936319,0,0.19902,-0.045272,0.426858,nan,nan,nan,0.038481,-0.047383,0.534592,-2.888962,0.054021,-1.166304,nan,nan,nan,-2.825701,-0.000695,1.303271
2026-05-04 09:18:06.953679,0,0.197771,-0.04528,0.427902,nan,nan,nan,0.036514,-0.047147,0.533916,-2.883673,0.053755,-1.16795,nan,nan,nan,-2.826884,-0.001027,1.305046
2026-05-04 09:18:06.971527,0,0.194411,-0.045281,0.428373,nan,nan,nan,0.03293,-0.047343,0.534721,-2.882471,0.059021,-1.166416,nan,nan,nan,-2.834365,0.003463,1.281724
2026-05-04 09:18:06.989073,0,0.190662,-0.045319,0.428753,nan,nan,nan,0.028881,-0.047451,0.536135,-2.88559,0.054305,-1.167974,nan,nan,nan,-2.833537,0.000625,1.291808
2026-05-04 09:18:07.006565,0,0.186057,-0.045289,0.428708,nan,nan,nan,0.024783,-0.047508,0.53511,-2.881387,0.051771,-1.160143,nan,nan,nan,-2.824791,-0.003889,1.299062
2026-05-04 09:18:07.022836,0,0.179704,-0.045207,0.426382,nan,nan,nan,0.019987,-0.04756,0.537819,-2.896129,0.052516,-1.140387,nan,nan,nan,-2.80702,0.012813,1.309649
2026-05-04 09:18:07.039343,0,0.175948,-0.045189,0.425057,nan,nan,nan,0.017171,-0.04724,0.538103,-2.893758,0.051609,-1.132863,nan,nan,nan,-2.801379,-0.002108,1.345805
2026-05-04 09:18:07.056323,0,nan,nan,nan,nan,nan,nan,0.011503,-0.04717,0.53609,nan,nan,nan,nan,nan,nan,-2.807551,0.006403,1.354049
2026-05-04 09:18:07.072342,0,0.161454,-0.044926,0.422144,nan,nan,nan,0.005137,-0.047105,0.535246,-2.908335,0.055714,-1.085723,nan,nan,nan,-2.8062,-0.002514,1.374766
2026-05-04 09:18:07.092825,0,0.157552,-0.044905,0.421223,nan,nan,nan,0.001914,-0.047413,0.538703,-2.916911,0.053767,-1.073491,nan,nan,nan,-2.772104,-0.003456,1.411851
2026-05-04 09:18:07.109385,0,0.148558,-0.044821,0.418958,nan,nan,nan,-0.004948,-0.047764,0.538203,-2.92141,0.050581,-1.04365,nan,nan,nan,-2.748693,-0.005624,1.415408
2026-05-04 09:18:07.127236,0,0.138584,-0.044743,0.415909,nan,nan,nan,nan,nan,nan,-2.934576,0.042085,-1.024306,nan,nan,nan,nan,nan,nan
2026-05-04 09:18:07.143613,0,0.128333,-0.044646,0.413915,nan,nan,nan,nan,nan,nan,-2.942113,0.038387,-0.999502,nan,nan,nan,nan,nan,nan
2026-05-04 09:18:07.162170,0,0.122637,-0.044559,0.412107,nan,nan,nan,nan,nan,nan,-2.949378,0.039205,-0.967219,nan,nan,nan,nan,nan,nan
2026-05-04 09:18:07.180527,0,0.111109,-0.044391,0.408796,nan,nan,nan,-0.034161,-0.0478,0.538251,-2.969906,0.038653,-0.946925,nan,nan,nan,-2.719228,-0.02267,1.517642
2026-05-04 09:18:07.196864,0,0.100206,-0.044395,0.409079,nan,nan,nan,-0.043517,-0.047795,0.538161,-2.976341,0.031899,-0.894873,nan,nan,nan,-2.696938,-0.014011,1.53943
2026-05-04 09:18:07.212279,0,0.088355,-0.0443,0.406554,nan,nan,nan,nan,nan,nan,-2.973928,0.036152,-0.898677,nan,nan,nan,nan,nan,nan
2026-05-04 09:18:07.230904,0,0.082637,-0.044241,0.405613,nan,nan,nan,-0.05865,-0.048311,0.542956,-2.979833,0.035839,-0.882561,nan,nan,nan,-2.692249,-0.014344,1.580632
2026-05-04 09:18:07.247467,0,0.071407,-0.044159,0.403813,nan,nan,nan,nan,nan,nan,-2.995802,0.036383,-0.86647,nan,nan,nan,nan,nan,nan
2026-05-04 09:18:07.264515,0,0.059619,-0.044667,0.405818,nan,nan,nan,nan,nan,nan,-2.978049,0.04274,-0.820909,nan,nan,nan,nan,nan,nan
2026-05-04 09:18:07.280231,0,0.053172,-0.044502,0.40421,nan,nan,nan,nan,nan,nan,-2.981212,0.046177,-0.811509,nan,nan,nan,nan,nan,nan
2026-05-04 09:18:07.297087,0,0.040057,-0.044016,0.401009,nan,nan,nan,nan,nan,nan,-3.005554,0.038298,-0.802743,nan,nan,nan,nan,nan,nan
2026-05-04 09:18:07.314833,0,0.027801,-0.043984,0.400111,nan,nan,nan,nan,nan,nan,-3.009659,0.029272,-0.774073,nan,nan,nan,nan,nan,nan
2026-05-04 09:18:07.332601,0,0.021631,-0.043988,0.400356,nan,nan,nan,nan,nan,nan,-3.004005,0.024238,-0.740555,nan,nan,nan,nan,nan,nan
2026-05-04 09:18:07.350588,0,0.009726,-0.043993,0.400353,nan,nan,nan,nan,nan,nan,-3.023631,0.029886,-0.724538,nan,nan,nan,nan,nan,nan
2026-05-04 09:18:07.367543,0,-0.002114,-0.044181,0.401503,nan,nan,nan,nan,nan,nan,-3.024781,0.037594,-0.697209,nan,nan,nan,nan,nan,nan
2026-05-04 09:18:07.384644,0,-0.013881,-0.044405,0.401338,nan,nan,nan,nan,nan,nan,-3.023539,0.047695,-0.670206,nan,nan,nan,nan,nan,nan
2026-05-04 09:18:07.402730,0,-0.019912,-0.044248,0.401161,nan,nan,nan,nan,nan,nan,-3.03864,0.041511,-0.654813,nan,nan,nan,nan,nan,nan
2026-05-04 09:18:07.422633,0,-0.031916,-0.043891,0.398376,nan,nan,nan,nan,nan,nan,-3.026378,0.026834,-0.639787,nan,nan,nan,nan,nan,nan
2026-05-04 09:18:07.442212,0,-0.044419,-0.043933,0.398521,nan,nan,nan,nan,nan,nan,-3.025623,0.029056,-0.61244,nan,nan,nan,nan,nan,nan
2026-05-04 09:18:07.461172,0,-0.055632,-0.0439,0.398391,nan,nan,nan,nan,nan,nan,-3.050537,0.018136,-0.557569,nan,nan,nan,nan,nan,nan
2026-05-04 09:18:07.478662,0,-0.066763,-0.044575,0.400419,nan,nan,nan,nan,nan,nan,-3.079314,0.023714,-0.529708,nan,nan,nan,nan,nan,nan
2026-05-04 09:18:07.495974,0,-0.07739,-0.044414,0.40004,nan,nan,nan,nan,nan,nan,-3.053141,0.025168,-0.479791,nan,nan,nan,nan,nan,nan
2026-05-04 09:18:07.513122,0,-0.086718,-0.044564,0.399259,nan,nan,nan,nan,nan,nan,-3.103673,0.026014,-0.485003,nan,nan,nan,nan,nan,nan
2026-05-04 09:18:07.530757,0,-0.091585,-0.044584,0.399633,nan,nan,nan,nan,nan,nan,-3.101153,0.017459,-0.435284,nan,nan,nan,nan,nan,nan
2026-05-04 09:18:07.547945,0,-0.100989,-0.043811,0.396857,nan,nan,nan,nan,nan,nan,-3.018437,0.018251,-0.557877,nan,nan,nan,nan,nan,nan
2026-05-04 09:18:07.564100,0,-0.110628,-0.04435,0.396035,nan,nan,nan,nan,nan,nan,3.119494,-0.015016,0.362201,nan,nan,nan,nan,nan,nan
2026-05-04 09:18:07.581467,0,-0.115,-0.044384,0.395913,nan,nan,nan,nan,nan,nan,-3.121371,0.013575,-0.344428,nan,nan,nan,nan,nan,nan
2026-05-04 09:18:07.598292,0,-0.122938,-0.044432,0.395544,nan,nan,nan,nan,nan,nan,-3.101408,0.018651,-0.39881,nan,nan,nan,nan,nan,nan
2026-05-04 09:18:07.616302,0,-0.127208,-0.044447,0.396476,nan,nan,nan,nan,nan,nan,-3.045782,0.000651,-0.384186,nan,nan,nan,nan,nan,nan
2026-05-04 09:18:07.632247,0,-0.136779,-0.044237,0.392389,nan,nan,nan,nan,nan,nan,-3.119991,0.014239,-0.294001,nan,nan,nan,nan,nan,nan
2026-05-04 09:18:07.650262,0,-0.139493,-0.044254,0.391976,nan,nan,nan,nan,nan,nan,-3.111571,0.010757,-0.286919,nan,nan,nan,nan,nan,nan
2026-05-04 09:18:07.667683,0,-0.143436,-0.044084,0.388764,nan,nan,nan,nan,nan,nan,3.131003,-0.008453,0.254499,nan,nan,nan,nan,nan,nan
2026-05-04 09:18:07.685223,0,-0.147493,-0.044077,0.387838,nan,nan,nan,nan,nan,nan,-3.094337,0.002681,-0.213749,nan,nan,nan,nan,nan,nan
2026-05-04 09:18:07.702433,0,-0.149105,-0.044075,0.387365,nan,nan,nan,nan,nan,nan,-3.108308,0.000821,-0.208849,nan,nan,nan,nan,nan,nan
2026-05-04 09:18:07.719363,0,-0.151653,-0.044036,0.386747,nan,nan,nan,nan,nan,nan,-3.10444,0.001177,-0.22155,nan,nan,nan,nan,nan,nan
2026-05-04 09:18:07.737373,0,-0.153568,-0.043985,0.386281,nan,nan,nan,nan,nan,nan,-3.105894,0.001641,-0.21156,nan,nan,nan,nan,nan,nan
2026-05-04 09:18:07.754642,0,-0.154448,-0.043949,0.385463,nan,nan,nan,nan,nan,nan,-3.092643,0.004469,-0.212525,nan,nan,nan,nan,nan,nan
2026-05-04 09:18:07.771633,0,-0.154251,-0.043896,0.384554,nan,nan,nan,nan,nan,nan,-3.111073,0.006301,-0.195493,nan,nan,nan,nan,nan,nan
2026-05-04 09:18:07.789086,0,-0.153725,-0.043819,0.382904,nan,nan,nan,nan,nan,nan,-3.099117,0.004253,-0.179481,nan,nan,nan,nan,nan,nan
2026-05-04 09:18:07.805605,0,-0.153193,-0.04369,0.380874,nan,nan,nan,nan,nan,nan,-3.133106,0.005161,-0.195299,nan,nan,nan,nan,nan,nan
2026-05-04 09:18:07.822635,0,-0.153539,-0.043743,0.381463,nan,nan,nan,nan,nan,nan,-3.104136,0.00264,-0.203429,nan,nan,nan,nan,nan,nan
2026-05-04 09:18:07.839913,0,-0.153607,-0.04373,0.381127,nan,nan,nan,nan,nan,nan,-3.073835,0.000301,-0.200929,nan,nan,nan,nan,nan,nan
2026-05-04 09:18:07.856456,0,-0.152706,-0.043595,0.378549,nan,nan,nan,nan,nan,nan,-3.108581,0.012314,-0.180025,nan,nan,nan,nan,nan,nan
2026-05-04 09:18:07.874053,0,-0.152404,-0.043548,0.377638,nan,nan,nan,nan,nan,nan,-3.111042,0.007475,-0.176116,nan,nan,nan,nan,nan,nan
2026-05-04 09:18:07.890897,0,-0.152331,-0.043518,0.376949,nan,nan,nan,nan,nan,nan,-3.103324,-3.6e-05,-0.15331,nan,nan,nan,nan,nan,nan
2026-05-04 09:18:07.907361,0,-0.152697,-0.04348,0.376162,nan,nan,nan,nan,nan,nan,-3.095494,-0.002217,-0.145943,nan,nan,nan,nan,nan,nan
2026-05-04 09:18:07.923282,0,-0.152832,-0.043425,0.375099,nan,nan,nan,nan,nan,nan,-3.101779,-0.000931,-0.122297,nan,nan,nan,nan,nan,nan
2026-05-04 09:18:07.939899,0,-0.152459,-0.043344,0.373763,nan,nan,nan,nan,nan,nan,-3.125781,0.002322,-0.099766,nan,nan,nan,nan,nan,nan
2026-05-04 09:18:07.957183,0,-0.152791,-0.043365,0.373889,nan,nan,nan,nan,nan,nan,-3.101658,0.006822,-0.087601,nan,nan,nan,nan,nan,nan
2026-05-04 09:18:07.973794,0,-0.152874,-0.043364,0.373845,nan,nan,nan,nan,nan,nan,-3.099006,0.003899,-0.073528,nan,nan,nan,nan,nan,nan
2026-05-04 09:18:07.990084,0,-0.152827,-0.043344,0.373532,nan,nan,nan,nan,nan,nan,-3.109663,0.002941,-0.060169,nan,nan,nan,nan,nan,nan
2026-05-04 09:18:08.006715,0,-0.152534,-0.043312,0.373064,nan,nan,nan,nan,nan,nan,-3.123789,0.000399,-0.03322,nan,nan,nan,nan,nan,nan
2026-05-04 09:18:08.023510,0,-0.151697,-0.043279,0.372558,nan,nan,nan,nan,nan,nan,-3.131863,-0.00142,-0.021601,nan,nan,nan,nan,nan,nan
2026-05-04 09:18:08.040661,0,-0.150985,-0.043383,0.372422,nan,nan,nan,nan,nan,nan,-3.107928,-0.01467,-0.021422,nan,nan,nan,nan,nan,nan
2026-05-04 09:18:08.056722,0,-0.149589,-0.043666,0.372417,nan,nan,nan,nan,nan,nan,-3.100391,-0.021294,-0.01085,nan,nan,nan,nan,nan,nan
2026-05-04 09:18:08.072430,0,-0.147501,-0.043647,0.37247,nan,nan,nan,nan,nan,nan,-3.088644,-0.020989,0.008768,nan,nan,nan,nan,nan,nan
2026-05-04 09:18:08.090191,0,-0.146072,-0.0436,0.372262,nan,nan,nan,nan,nan,nan,-3.088986,-0.019839,0.014594,nan,nan,nan,nan,nan,nan
2026-05-04 09:18:08.107650,0,-0.142368,-0.043471,0.371078,nan,nan,nan,nan,nan,nan,-3.098163,-0.01508,0.007312,nan,nan,nan,nan,nan,nan
2026-05-04 09:18:08.123666,0,-0.137741,-0.043429,0.370699,nan,nan,nan,nan,nan,nan,-3.103549,-0.014193,-0.005752,nan,nan,nan,nan,nan,nan
2026-05-04 09:18:08.139542,0,-0.135187,-0.043259,0.369794,nan,nan,nan,nan,nan,nan,-3.104913,-0.007626,-0.015507,nan,nan,nan,nan,nan,nan
2026-05-04 09:18:08.156239,0,-0.132524,-0.043191,0.369186,nan,nan,nan,nan,nan,nan,-3.116966,-0.007021,0.011669,nan,nan,nan,nan,nan,nan
2026-05-04 09:18:08.172406,0,-0.125258,-0.043484,0.371329,nan,nan,nan,nan,nan,nan,-3.07922,-0.011535,-0.03873,nan,nan,nan,nan,nan,nan
2026-05-04 09:18:08.189684,0,-0.121899,-0.04338,0.370076,nan,nan,nan,nan,nan,nan,-3.111626,-0.010182,-0.061011,nan,nan,nan,nan,nan,nan
2026-05-04 09:18:08.206137,0,-0.115326,-0.04314,0.369239,nan,nan,nan,nan,nan,nan,-3.092053,0.00188,-0.062853,nan,nan,nan,nan,nan,nan
2026-05-04 09:18:08.222604,0,-0.108554,-0.043135,0.369251,nan,nan,nan,nan,nan,nan,-3.110755,0.000894,-0.093962,nan,nan,nan,nan,nan,nan
2026-05-04 09:18:08.240463,0,-0.105163,-0.043132,0.369169,nan,nan,nan,nan,nan,nan,-3.110159,-0.002543,-0.068933,nan,nan,nan,nan,nan,nan
2026-05-04 09:18:08.263698,0,-0.098099,-0.043322,0.369785,nan,nan,nan,nan,nan,nan,-3.091833,-0.008091,-0.106606,nan,nan,nan,nan,nan,nan
2026-05-04 09:18:08.280740,0,-0.090176,-0.04341,0.37007,nan,nan,nan,nan,nan,nan,-3.083202,-0.018647,-0.103616,nan,nan,nan,nan,nan,nan
2026-05-04 09:18:08.297990,0,-0.082186,-0.043427,0.369241,nan,nan,nan,nan,nan,nan,-3.104328,-0.008105,-0.222386,nan,nan,nan,nan,nan,nan
2026-05-04 09:18:08.314399,0,-0.074133,-0.043288,0.368817,nan,nan,nan,nan,nan,nan,-3.121422,-0.003694,-0.257789,nan,nan,nan,nan,nan,nan
2026-05-04 09:18:08.331038,0,-0.070376,-0.043367,0.370896,nan,nan,nan,nan,nan,nan,-3.009767,-0.02705,-0.157945,nan,nan,nan,nan,nan,nan
2026-05-04 09:18:08.347622,0,-0.060956,-0.043339,0.36975,nan,nan,nan,nan,nan,nan,-2.97838,-0.028446,-0.144552,nan,nan,nan,nan,nan,nan
2026-05-04 09:18:08.364749,0,-0.051307,-0.043381,0.368344,nan,nan,nan,nan,nan,nan,-3.092085,-0.001411,-0.34069,nan,nan,nan,nan,nan,nan
2026-05-04 09:18:08.381829,0,-0.046605,-0.043232,0.367512,nan,nan,nan,nan,nan,nan,3.113231,-0.000312,0.335438,nan,nan,nan,nan,nan,nan
2026-05-04 09:18:08.399245,0,-0.037121,-0.043306,0.368292,nan,nan,nan,nan,nan,nan,-3.098837,-0.001778,-0.391805,nan,nan,nan,nan,nan,nan
2026-05-04 09:18:08.416147,0,-0.026867,-0.043441,0.369083,nan,nan,nan,nan,nan,nan,-3.082729,-0.010045,-0.37921,nan,nan,nan,nan,nan,nan
2026-05-04 09:18:08.432846,0,-0.016502,-0.04312,0.369074,nan,nan,nan,nan,nan,nan,-3.079533,0.004436,-0.367055,nan,nan,nan,nan,nan,nan
2026-05-04 09:18:08.449786,0,-0.011366,-0.043108,0.369288,nan,nan,nan,nan,nan,nan,-3.08301,0.009141,-0.396562,nan,nan,nan,nan,nan,nan
2026-05-04 09:18:08.467718,0,-0.000212,-0.043129,0.369198,nan,nan,nan,nan,nan,nan,-3.071067,0.007238,-0.409866,nan,nan,nan,nan,nan,nan
2026-05-04 09:18:08.484420,0,0.01157,-0.043152,0.369679,nan,nan,nan,nan,nan,nan,-3.058058,0.00936,-0.466319,nan,nan,nan,nan,nan,nan
2026-05-04 09:18:08.501037,0,0.017303,-0.043165,0.370418,nan,nan,nan,nan,nan,nan,-3.065156,0.007268,-0.497937,nan,nan,nan,nan,nan,nan
2026-05-04 09:18:08.518000,0,0.028917,-0.043305,0.370942,nan,nan,nan,nan,nan,nan,-3.076371,0.001241,-0.515555,nan,nan,nan,nan,nan,nan
2026-05-04 09:18:08.535274,0,0.040565,-0.043304,0.372724,nan,nan,nan,nan,nan,nan,-3.044396,0.007008,-0.527143,nan,nan,nan,nan,nan,nan
2026-05-04 09:18:08.552245,0,0.046378,-0.043316,0.372997,nan,nan,nan,nan,nan,nan,-3.058366,0.013083,-0.538175,nan,nan,nan,nan,nan,nan
2026-05-04 09:18:08.569265,0,0.058067,-0.04336,0.374842,nan,nan,nan,nan,nan,nan,-3.05915,0.009668,-0.573811,nan,nan,nan,nan,nan,nan
2026-05-04 09:18:08.585738,0,0.070267,-0.0434,0.376473,nan,nan,nan,nan,nan,nan,-3.0487,0.008936,-0.598776,nan,nan,nan,nan,nan,nan
2026-05-04 09:18:08.602251,0,0.082325,-0.043556,0.379035,nan,nan,nan,-0.036601,-0.048281,0.534518,-3.045716,0.016677,-0.634456,nan,nan,nan,-2.554349,-0.021847,1.800361
2026-05-04 09:18:08.619332,0,0.088268,-0.04348,0.379811,nan,nan,nan,nan,nan,nan,-3.051151,0.013067,-0.652382,nan,nan,nan,nan,nan,nan
2026-05-04 09:18:08.637488,0,0.100417,-0.043737,0.382188,nan,nan,nan,-0.022895,-0.048406,0.536045,-3.038301,0.020371,-0.676461,nan,nan,nan,-2.586089,-0.020953,1.751552
2026-05-04 09:18:08.653842,0,0.112663,-0.043908,0.385564,nan,nan,nan,-0.013363,-0.048523,0.536118,-3.02659,0.019533,-0.719201,nan,nan,nan,-2.604708,-0.022763,1.718537
2026-05-04 09:18:08.671085,0,0.11885,-0.04397,0.38685,nan,nan,nan,nan,nan,nan,-3.021889,0.018102,-0.728153,nan,nan,nan,nan,nan,nan
2026-05-04 09:18:08.691225,0,0.130736,-0.044087,0.38929,nan,nan,nan,2e-06,-0.048582,0.536692,-3.019638,0.018102,-0.760243,nan,nan,nan,-2.637693,-0.017138,1.659873
2026-05-04 09:18:08.708598,0,0.142422,-0.044181,0.39163,nan,nan,nan,0.009044,-0.048546,0.536092,-3.013174,0.019463,-0.806006,nan,nan,nan,-2.659278,-0.01995,1.631529
2026-05-04 09:18:08.725538,0,0.154143,-0.0444,0.39533,nan,nan,nan,0.01769,-0.048502,0.536194,-2.996594,0.019638,-0.838019,nan,nan,nan,-2.681863,-0.015869,1.598351
2026-05-04 09:18:08.742499,0,0.160128,-0.044397,0.397647,nan,nan,nan,0.022131,-0.04844,0.536346,-2.998115,0.016816,-0.851961,nan,nan,nan,-2.688659,-0.016441,1.588329
2026-05-04 09:18:08.760353,0,0.170999,-0.044622,0.400555,nan,nan,nan,0.030062,-0.048143,0.535302,-2.986651,0.023794,-0.896866,nan,nan,nan,-2.71047,-0.009488,1.565864
2026-05-04 09:18:08.777418,0,0.180665,-0.044712,0.402808,nan,nan,nan,0.037896,-0.048033,0.536727,-2.975335,0.026493,-0.923911,nan,nan,nan,-2.724223,-0.012904,1.535146
2026-05-04 09:18:08.793847,0,0.19052,-0.044954,0.405768,nan,nan,nan,0.045355,-0.048158,0.534103,-2.96893,0.026113,-0.946397,nan,nan,nan,-2.750073,-0.01265,1.500287
2026-05-04 09:18:08.810427,0,0.195712,-0.044962,0.408085,nan,nan,nan,0.048914,-0.048234,0.536385,-2.95902,0.023237,-0.960166,nan,nan,nan,-2.733339,-0.002796,1.499005
2026-05-04 09:18:08.827223,0,nan,nan,nan,nan,nan,nan,0.055612,-0.048227,0.535218,nan,nan,nan,nan,nan,nan,-2.77172,-0.001506,1.444525
2026-05-04 09:18:08.843227,0,0.213256,-0.045417,0.414629,nan,nan,nan,0.061726,-0.048123,0.536358,-2.936795,0.0357,-1.021565,nan,nan,nan,-2.767782,0.001879,1.436286
2026-05-04 09:18:08.859548,0,nan,nan,nan,nan,nan,nan,0.064881,-0.048174,0.536092,nan,nan,nan,nan,nan,nan,-2.787109,-0.005908,1.427341
2026-05-04 09:18:08.877557,0,0.22347,-0.045503,0.416376,nan,nan,nan,0.070138,-0.048121,0.53605,-2.925536,0.03798,-1.062852,nan,nan,nan,-2.795468,-0.005862,1.403134
2026-05-04 09:18:08.894865,0,0.230626,-0.045556,0.419447,nan,nan,nan,0.075484,-0.047956,0.534922,-2.920155,0.031675,-1.073247,nan,nan,nan,-2.802574,0.003146,1.356711
2026-05-04 09:18:08.911035,0,0.233453,-0.045693,0.420229,nan,nan,nan,0.07764,-0.047807,0.534284,-2.923772,0.04393,-1.088052,nan,nan,nan,-2.800459,-0.003629,1.357072
2026-05-04 09:18:08.928963,0,nan,nan,nan,nan,nan,nan,0.079977,-0.047545,0.533391,nan,nan,nan,nan,nan,nan,-2.783491,-0.001328,1.360667
2026-05-04 09:18:08.945864,0,nan,nan,nan,nan,nan,nan,0.085464,-0.047422,0.5334,nan,nan,nan,nan,nan,nan,-2.81932,-0.009773,1.336601
2026-05-04 09:18:08.962513,0,nan,nan,nan,nan,nan,nan,0.087543,-0.047473,0.534572,nan,nan,nan,nan,nan,nan,-2.816149,-0.00788,1.33982
2026-05-04 09:18:08.980058,0,nan,nan,nan,nan,nan,nan,0.090347,-0.047395,0.534202,nan,nan,nan,nan,nan,nan,-2.814931,-0.004027,1.346596
2026-05-04 09:18:08.996820,0,nan,nan,nan,nan,nan,nan,0.092407,-0.047402,0.532321,nan,nan,nan,nan,nan,nan,-2.827436,-0.008866,1.320658
2026-05-04 09:18:09.014291,0,nan,nan,nan,nan,nan,nan,0.093318,-0.047394,0.532105,nan,nan,nan,nan,nan,nan,-2.824442,-0.00944,1.323738
2026-05-04 09:18:09.031192,0,nan,nan,nan,nan,nan,nan,0.094148,-0.047356,0.531248,nan,nan,nan,nan,nan,nan,-2.817017,-0.003467,1.321526
2026-05-04 09:18:09.049011,0,nan,nan,nan,nan,nan,nan,0.094546,-0.047372,0.531558,nan,nan,nan,nan,nan,nan,-2.83506,-0.002336,1.294764
2026-05-04 09:18:09.065535,0,nan,nan,nan,nan,nan,nan,0.094503,-0.047312,0.530782,nan,nan,nan,nan,nan,nan,-2.845842,-0.006385,1.292518
2026-05-04 09:18:09.081390,0,nan,nan,nan,nan,nan,nan,0.094552,-0.047324,0.531054,nan,nan,nan,nan,nan,nan,-2.845777,-0.006582,1.29141
2026-05-04 09:18:09.098720,0,nan,nan,nan,nan,nan,nan,0.094534,-0.047428,0.533409,nan,nan,nan,nan,nan,nan,-2.814744,0.00394,1.304598
2026-05-04 09:18:09.117083,0,nan,nan,nan,nan,nan,nan,0.09352,-0.047269,0.53325,nan,nan,nan,nan,nan,nan,-2.83067,-0.004049,1.320653
2026-05-04 09:18:09.134575,0,nan,nan,nan,nan,nan,nan,0.092495,-0.047155,0.532876,nan,nan,nan,nan,nan,nan,-2.83571,-0.000512,1.3198
2026-05-04 09:18:09.150446,0,nan,nan,nan,nan,nan,nan,0.092101,-0.047238,0.534427,nan,nan,nan,nan,nan,nan,-2.839947,0.010492,1.285933
2026-05-04 09:18:09.166168,0,nan,nan,nan,nan,nan,nan,0.09076,-0.04712,0.53344,nan,nan,nan,nan,nan,nan,-2.833746,0.003298,1.304501
2026-05-04 09:18:09.183226,0,nan,nan,nan,nan,nan,nan,0.089944,-0.047077,0.531843,nan,nan,nan,nan,nan,nan,-2.860931,-0.001999,1.278252
2026-05-04 09:18:09.200918,0,nan,nan,nan,nan,nan,nan,0.088772,-0.047059,0.533812,nan,nan,nan,nan,nan,nan,-2.839864,0.007135,1.294555
2026-05-04 09:18:09.218377,0,nan,nan,nan,nan,nan,nan,0.087185,-0.047032,0.533345,nan,nan,nan,nan,nan,nan,-2.846037,0.00957,1.272065
2026-05-04 09:18:09.235590,0,nan,nan,nan,nan,nan,nan,0.085114,-0.046882,0.531909,nan,nan,nan,nan,nan,nan,-2.849344,0.00405,1.265432
2026-05-04 09:18:09.251741,0,nan,nan,nan,nan,nan,nan,0.084187,-0.046848,0.531762,nan,nan,nan,nan,nan,nan,-2.859897,0.001615,1.262347
2026-05-04 09:18:09.268921,0,nan,nan,nan,nan,nan,nan,0.08227,-0.046937,0.531165,nan,nan,nan,nan,nan,nan,-2.867363,-0.003452,1.255267
2026-05-04 09:18:09.286285,0,nan,nan,nan,nan,nan,nan,0.080011,-0.046824,0.531164,nan,nan,nan,nan,nan,nan,-2.838939,0.003243,1.27188
2026-05-04 09:18:09.304440,0,nan,nan,nan,nan,nan,nan,0.079034,-0.046971,0.531771,nan,nan,nan,nan,nan,nan,-2.851865,-0.003055,1.28451
2026-05-04 09:18:09.322161,0,nan,nan,nan,nan,nan,nan,0.076204,-0.046911,0.530533,nan,nan,nan,nan,nan,nan,-2.824545,0.010065,1.286155
2026-05-04 09:18:09.339289,0,nan,nan,nan,nan,nan,nan,0.073235,-0.046892,0.528799,nan,nan,nan,nan,nan,nan,-2.823301,0.005224,1.295463
2026-05-04 09:18:09.356804,0,nan,nan,nan,nan,nan,nan,0.071929,-0.047117,0.529465,nan,nan,nan,nan,nan,nan,-2.840015,0.003373,1.278709
2026-05-04 09:18:09.374093,0,0.227018,-0.044952,0.420238,nan,nan,nan,0.067091,-0.047248,0.528925,-2.88818,0.050012,-1.160492,nan,nan,nan,-2.823164,0.006754,1.272758
2026-05-04 09:18:09.391879,0,0.225364,-0.044926,0.419695,nan,nan,nan,0.065393,-0.047345,0.529817,-2.888137,0.047823,-1.159044,nan,nan,nan,-2.806088,0.003521,1.299384
2026-05-04 09:18:09.409220,0,0.220407,-0.044786,0.416788,nan,nan,nan,0.061508,-0.047177,0.526,-2.890303,0.048582,-1.149341,nan,nan,nan,-2.810847,-0.001197,1.300262
2026-05-04 09:18:09.426763,0,0.216155,-0.044735,0.415783,nan,nan,nan,0.057379,-0.047124,0.524739,-2.893566,0.04676,-1.140664,nan,nan,nan,-2.821075,-0.012986,1.316753
2026-05-04 09:18:09.443744,0,0.211065,-0.044653,0.414087,nan,nan,nan,0.052827,-0.047105,0.524526,-2.898585,0.046013,-1.132136,nan,nan,nan,-2.814799,-0.002558,1.313061
2026-05-04 09:18:09.460530,0,nan,nan,nan,nan,nan,nan,0.050471,-0.04718,0.525573,nan,nan,nan,nan,nan,nan,-2.811383,-0.014565,1.330433
2026-05-04 09:18:09.478354,0,0.202546,-0.044502,0.411033,nan,nan,nan,0.045944,-0.047138,0.523928,-2.905577,0.045737,-1.124216,nan,nan,nan,-2.796236,-0.009974,1.345814
2026-05-04 09:18:09.495219,0,0.196167,-0.044386,0.408592,nan,nan,nan,0.040485,-0.047221,0.526002,-2.911614,0.044042,-1.098017,nan,nan,nan,-2.789785,-0.004429,1.34867
2026-05-04 09:18:09.512327,0,0.192448,-0.044322,0.40726,nan,nan,nan,0.037747,-0.047207,0.526235,-2.909373,0.04152,-1.092814,nan,nan,nan,-2.766418,0.004678,1.355528
2026-05-04 09:18:09.529934,0,nan,nan,nan,nan,nan,nan,0.031943,-0.047053,0.523412,nan,nan,nan,nan,nan,nan,-2.781019,-0.004789,1.383263
2026-05-04 09:18:09.547418,0,0.177711,-0.044102,0.402797,nan,nan,nan,0.025516,-0.047144,0.524543,-2.928387,0.045095,-1.061462,nan,nan,nan,-2.760478,0.000747,1.392543
2026-05-04 09:18:09.563978,0,0.169502,-0.043993,0.400488,nan,nan,nan,0.018259,-0.047003,0.522596,-2.931786,0.043493,-1.036581,nan,nan,nan,-2.759783,0.001783,1.41428
2026-05-04 09:18:09.581274,0,0.165885,-0.044327,0.401111,nan,nan,nan,0.014761,-0.047157,0.523324,-2.930195,0.053761,-1.02167,nan,nan,nan,-2.744357,-0.011093,1.433126
2026-05-04 09:18:09.598630,0,0.15642,-0.043957,0.397019,nan,nan,nan,nan,nan,nan,-2.93927,0.047493,-1.004777,nan,nan,nan,nan,nan,nan
2026-05-04 09:18:09.616188,0,0.146739,-0.043658,0.393606,nan,nan,nan,-0.000934,-0.047077,0.52149,-2.948665,0.041835,-0.986126,nan,nan,nan,-2.730098,-0.011092,1.463927
2026-05-04 09:18:09.633107,0,0.143083,-0.043993,0.394528,nan,nan,nan,-0.005153,-0.047087,0.522409,-2.946082,0.049569,-0.969985,nan,nan,nan,-2.729875,-0.018533,1.485314
2026-05-04 09:18:09.650628,0,0.134383,-0.043997,0.393722,nan,nan,nan,-0.012756,-0.04704,0.52076,-2.952445,0.05106,-0.946559,nan,nan,nan,-2.716487,-0.006104,1.490477
2026-05-04 09:18:09.667875,0,0.124344,-0.043691,0.390639,nan,nan,nan,nan,nan,nan,-2.960117,0.041942,-0.930718,nan,nan,nan,nan,nan,nan
2026-05-04 09:18:09.684428,0,0.113537,-0.043345,0.387141,nan,nan,nan,-0.029337,-0.047011,0.52168,-2.967743,0.035948,-0.913795,nan,nan,nan,-2.697955,-0.00057,1.52877
2026-05-04 09:18:09.702150,0,0.108158,-0.043312,0.386481,nan,nan,nan,nan,nan,nan,-2.97445,0.035479,-0.902342,nan,nan,nan,nan,nan,nan
2026-05-04 09:18:09.719142,0,0.096459,-0.043163,0.383432,nan,nan,nan,-0.042887,-0.04703,0.520554,-2.980882,0.039624,-0.882865,nan,nan,nan,-2.667993,-0.004543,1.564487
2026-05-04 09:18:09.736277,0,0.084924,-0.04303,0.380645,nan,nan,nan,nan,nan,nan,-3.002596,0.036799,-0.852467,nan,nan,nan,nan,nan,nan
2026-05-04 09:18:09.753090,0,0.07351,-0.042997,0.37928,nan,nan,nan,nan,nan,nan,-3.002746,0.036199,-0.819454,nan,nan,nan,nan,nan,nan
2026-05-04 09:18:09.770702,0,0.068172,-0.042958,0.379046,nan,nan,nan,nan,nan,nan,-3.003665,0.032972,-0.805996,nan,nan,nan,nan,nan,nan
2026-05-04 09:18:09.787429,0,0.056619,-0.043078,0.378275,nan,nan,nan,nan,nan,nan,-2.996651,0.037164,-0.779665,nan,nan,nan,nan,nan,nan
2026-05-04 09:18:09.804331,0,0.044585,-0.043122,0.376621,nan,nan,nan,nan,nan,nan,-3.012012,0.053388,-0.751274,nan,nan,nan,nan,nan,nan
2026-05-04 09:18:09.821132,0,0.038105,-0.04295,0.375294,nan,nan,nan,nan,nan,nan,-3.016909,0.047179,-0.738782,nan,nan,nan,nan,nan,nan
2026-05-04 09:18:09.838440,0,0.024242,-0.042618,0.372311,nan,nan,nan,nan,nan,nan,-3.031468,0.036823,-0.72304,nan,nan,nan,nan,nan,nan
2026-05-04 09:18:09.855304,0,0.010582,-0.043173,0.372644,nan,nan,nan,nan,nan,nan,-3.022527,0.03312,-0.652721,nan,nan,nan,nan,nan,nan
2026-05-04 09:18:09.873101,0,0.004201,-0.04251,0.369941,nan,nan,nan,nan,nan,nan,-3.023197,0.023791,-0.661279,nan,nan,nan,nan,nan,nan
2026-05-04 09:18:09.890313,0,-0.008747,-0.043096,0.369974,nan,nan,nan,nan,nan,nan,-3.053722,0.030909,-0.636061,nan,nan,nan,nan,nan,nan
2026-05-04 09:18:09.907534,0,-0.022076,-0.04287,0.368321,nan,nan,nan,nan,nan,nan,-3.025642,0.032036,-0.584583,nan,nan,nan,nan,nan,nan
2026-05-04 09:18:09.924428,0,-0.035741,-0.042783,0.367211,nan,nan,nan,nan,nan,nan,-3.037583,0.036953,-0.567686,nan,nan,nan,nan,nan,nan
2026-05-04 09:18:09.941774,0,-0.042796,-0.042546,0.365706,nan,nan,nan,nan,nan,nan,-3.03472,0.031548,-0.566751,nan,nan,nan,nan,nan,nan
2026-05-04 09:18:09.960147,0,-0.058375,-0.0426,0.364854,nan,nan,nan,nan,nan,nan,-2.990669,0.023276,-0.527646,nan,nan,nan,nan,nan,nan
2026-05-04 09:18:09.982902,0,-0.073333,-0.042796,0.362704,nan,nan,nan,nan,nan,nan,-3.044099,0.02226,-0.507498,nan,nan,nan,nan,nan,nan
2026-05-04 09:18:10.000629,0,-0.087347,-0.042689,0.360543,nan,nan,nan,nan,nan,nan,-3.015253,0.020097,-0.564918,nan,nan,nan,nan,nan,nan
2026-05-04 09:18:10.017800,0,-0.101502,-0.042613,0.359381,nan,nan,nan,nan,nan,nan,-3.039878,-0.008035,-0.251711,nan,nan,nan,nan,nan,nan
2026-05-04 09:18:10.035038,0,-0.114665,-0.042591,0.358661,nan,nan,nan,nan,nan,nan,-3.053025,0.001052,-0.274183,nan,nan,nan,nan,nan,nan
2026-05-04 09:18:10.053227,0,-0.120899,-0.042502,0.356745,nan,nan,nan,nan,nan,nan,-3.081165,-0.000114,-0.222125,nan,nan,nan,nan,nan,nan
2026-05-04 09:18:10.071620,0,-0.135933,-0.042723,0.357361,nan,nan,nan,nan,nan,nan,-3.036758,-0.015618,-0.236705,nan,nan,nan,nan,nan,nan
2026-05-04 09:18:10.089703,0,-0.151321,-0.043031,0.356722,nan,nan,nan,nan,nan,nan,-3.078321,-0.003122,-0.219454,nan,nan,nan,nan,nan,nan
2026-05-04 09:18:10.107125,0,-0.166065,-0.043075,0.356583,nan,nan,nan,nan,nan,nan,-3.087258,0.00216,-0.208941,nan,nan,nan,nan,nan,nan
2026-05-04 09:18:10.124734,0,-0.172223,-0.043029,0.355643,nan,nan,nan,nan,nan,nan,-3.099989,0.000572,-0.193292,nan,nan,nan,nan,nan,nan
2026-05-04 09:18:10.142330,0,-0.185093,-0.043084,0.356349,nan,nan,nan,nan,nan,nan,-3.091164,-0.002573,-0.171404,nan,nan,nan,nan,nan,nan
2026-05-04 09:18:10.159791,0,-0.197215,-0.043014,0.354742,nan,nan,nan,nan,nan,nan,-3.106391,0.005251,-0.115147,nan,nan,nan,nan,nan,nan
2026-05-04 09:18:10.180206,0,-0.209726,-0.043,0.354265,nan,nan,nan,nan,nan,nan,-3.117094,0.006133,-0.075343,nan,nan,nan,nan,nan,nan
2026-05-04 09:18:10.198210,0,-0.222042,-0.042997,0.354212,nan,nan,nan,nan,nan,nan,-3.117618,0.000931,-0.034047,nan,nan,nan,nan,nan,nan
2026-05-04 09:18:10.216668,0,-0.235399,-0.043432,0.356837,nan,nan,nan,nan,nan,nan,-3.108753,-0.012681,-0.014959,nan,nan,nan,nan,nan,nan
2026-05-04 09:18:10.234123,0,-0.246917,-0.043749,0.358443,nan,nan,nan,nan,nan,nan,-3.109257,-0.012038,0.026335,nan,nan,nan,nan,nan,nan
2026-05-04 09:18:10.251806,0,-0.25173,-0.043821,0.359048,-0.194977,-0.0482,0.546875,nan,nan,nan,-3.108843,-0.011602,0.043228,-2.200094,0.007557,-2.199659,nan,nan,nan
2026-05-04 09:18:10.269866,0,-0.262077,-0.043948,0.362737,-0.201941,-0.04835,0.550311,nan,nan,nan,-3.112495,-0.018068,0.06679,-2.23309,0.005542,-2.161892,nan,nan,nan
2026-05-04 09:18:10.287434,0,-0.270176,-0.04413,0.365018,nan,nan,nan,nan,nan,nan,-3.107494,-0.015297,0.098751,nan,nan,nan,nan,nan,nan
2026-05-04 09:18:10.304594,0,-0.277268,-0.044309,0.368364,nan,nan,nan,nan,nan,nan,-3.102945,-0.018695,0.116422,nan,nan,nan,nan,nan,nan
2026-05-04 09:18:10.325734,0,-0.27912,-0.044335,0.368498,-0.213281,-0.048537,0.555044,nan,nan,nan,-3.102649,-0.019292,0.133119,-2.278291,-0.00189,-2.113799,nan,nan,nan
2026-05-04 09:18:10.342469,0,-0.285586,-0.044602,0.373125,-0.215086,-0.048479,0.554536,nan,nan,nan,-3.104076,-0.018227,0.150752,-2.274307,0.003217,-2.112806,nan,nan,nan
2026-05-04 09:18:10.359228,0,-0.28838,-0.044671,0.374664,nan,nan,nan,nan,nan,nan,-3.107856,-0.018851,0.177286,nan,nan,nan,nan,nan,nan
2026-05-04 09:18:10.375953,0,-0.291119,-0.044818,0.378053,-0.219768,-0.048821,0.562613,nan,nan,nan,-3.11022,-0.025474,0.170445,-2.290403,-0.005105,-2.08689,nan,nan,nan
2026-05-04 09:18:10.392954,0,-0.290959,-0.04485,0.37825,-0.22045,-0.048842,0.564384,nan,nan,nan,-3.107859,-0.026124,0.190798,-2.294388,-0.005883,-2.086393,nan,nan,nan
2026-05-04 09:18:10.410223,0,-0.290307,-0.045118,0.3798,-0.221229,-0.048555,0.567722,nan,nan,nan,-3.106442,-0.03306,0.174715,-2.291124,0.002616,-2.109033,nan,nan,nan
2026-05-04 09:18:10.427704,0,-0.289865,-0.045125,0.38036,-0.220587,-0.048588,0.566769,nan,nan,nan,-3.109668,-0.033576,0.183859,-2.29741,-0.011812,-2.100642,nan,nan,nan
2026-05-04 09:18:10.446036,0,-0.290356,-0.045607,0.384613,-0.219745,-0.04856,0.569018,nan,nan,nan,-3.105805,-0.039953,0.168989,-2.297178,-0.03145,-2.098873,nan,nan,nan
2026-05-04 09:18:10.466579,0,-0.290262,-0.045676,0.385971,-0.218667,-0.048579,0.569639,nan,nan,nan,-3.105048,-0.0362,0.17303,-2.292243,-0.028762,-2.093185,nan,nan,nan
2026-05-04 09:18:10.482811,0,-0.289203,-0.045626,0.386043,-0.216982,-0.048485,0.569315,nan,nan,nan,-3.103457,-0.040014,0.175617,-2.297546,-0.033888,-2.088335,nan,nan,nan
2026-05-04 09:18:10.500547,0,-0.288847,-0.045626,0.385918,-0.216628,-0.04854,0.56994,nan,nan,nan,-3.103502,-0.042918,0.186527,-2.296041,-0.030568,-2.089249,nan,nan,nan
2026-05-04 09:18:10.518134,0,-0.288087,-0.045571,0.38574,-0.214947,-0.048555,0.569888,nan,nan,nan,-3.102516,-0.042424,0.193194,-2.304401,-0.039601,-2.06959,nan,nan,nan
2026-05-04 09:18:10.534773,0,-0.287956,-0.045615,0.386091,nan,nan,nan,nan,nan,nan,-3.101797,-0.042737,0.211253,nan,nan,nan,nan,nan,nan
2026-05-04 09:18:10.552897,0,-0.287158,-0.045582,0.385701,nan,nan,nan,nan,nan,nan,-3.104343,-0.041378,0.209005,nan,nan,nan,nan,nan,nan
2026-05-04 09:18:10.571683,0,-0.286209,-0.045635,0.385517,-0.208736,-0.047945,0.564999,nan,nan,nan,-3.104179,-0.041943,0.216919,-2.313534,-0.027175,-2.045862,nan,nan,nan
2026-05-04 09:18:10.590026,0,-0.282413,-0.045454,0.381916,-0.205806,-0.047852,0.562018,nan,nan,nan,-3.10507,-0.043811,0.223042,-2.309557,-0.034141,-2.045022,nan,nan,nan
2026-05-04 09:18:10.607933,0,-0.280605,-0.045445,0.381412,-0.204497,-0.047876,0.563381,nan,nan,nan,-3.108872,-0.04008,0.224998,-2.307717,-0.031221,-2.043913,nan,nan,nan
2026-05-04 09:18:10.625691,0,-0.278511,-0.04544,0.381258,-0.202228,-0.047871,0.56318,nan,nan,nan,-3.10999,-0.04034,0.209978,-2.301342,-0.020345,-2.077658,nan,nan,nan
2026-05-04 09:18:10.642593,0,-0.276843,-0.045382,0.380699,-0.199298,-0.047653,0.557769,nan,nan,nan,-3.105273,-0.042445,0.213954,-2.303059,-0.011764,-2.064869,nan,nan,nan
2026-05-04 09:18:10.660270,0,-0.273171,-0.045244,0.379199,-0.197036,-0.047756,0.558481,nan,nan,nan,-3.109844,-0.04362,0.198221,-2.296061,-0.02506,-2.067909,nan,nan,nan
2026-05-04 09:18:10.677100,0,-0.267596,-0.045015,0.376324,nan,nan,nan,nan,nan,nan,-3.103144,-0.043314,0.18976,nan,nan,nan,nan,nan,nan
2026-05-04 09:18:10.694072,0,-0.2616,-0.044836,0.37447,nan,nan,nan,nan,nan,nan,-3.111519,-0.035702,0.18763,nan,nan,nan,nan,nan,nan
2026-05-04 09:18:10.711448,0,-0.259069,-0.044815,0.374332,nan,nan,nan,nan,nan,nan,-3.108243,-0.03528,0.169732,nan,nan,nan,nan,nan,nan
2026-05-04 09:18:10.728690,0,-0.252949,-0.044661,0.373514,nan,nan,nan,nan,nan,nan,-3.113701,-0.026511,0.157365,nan,nan,nan,nan,nan,nan
2026-05-04 09:18:10.745869,0,-0.246684,-0.044537,0.372766,nan,nan,nan,nan,nan,nan,-3.113821,-0.023548,0.13678,nan,nan,nan,nan,nan,nan
2026-05-04 09:18:10.762701,0,-0.239399,-0.044458,0.372197,-0.17435,-0.047749,0.558397,nan,nan,nan,-3.111947,-0.026502,0.11396,-2.252878,-0.015991,-2.138188,nan,nan,nan
2026-05-04 09:18:10.780819,0,-0.235822,-0.044392,0.371891,nan,nan,nan,nan,nan,nan,-3.111792,-0.029138,0.111037,nan,nan,nan,nan,nan,nan
2026-05-04 09:18:10.798293,0,-0.227893,-0.044334,0.370367,nan,nan,nan,nan,nan,nan,-3.106116,-0.034186,0.093163,nan,nan,nan,nan,nan,nan
2026-05-04 09:18:10.815820,0,-0.219305,-0.044217,0.367865,nan,nan,nan,nan,nan,nan,-3.1171,-0.023936,0.070072,nan,nan,nan,nan,nan,nan
2026-05-04 09:18:10.832196,0,-0.211375,-0.044107,0.366922,nan,nan,nan,nan,nan,nan,-3.114437,-0.024134,0.058863,nan,nan,nan,nan,nan,nan
2026-05-04 09:18:10.848666,0,-0.207242,-0.044009,0.366396,nan,nan,nan,nan,nan,nan,-3.116786,-0.023667,0.052951,nan,nan,nan,nan,nan,nan
2026-05-04 09:18:10.866607,0,-0.198777,-0.043892,0.365726,nan,nan,nan,nan,nan,nan,-3.114709,-0.021284,0.013169,nan,nan,nan,nan,nan,nan
2026-05-04 09:18:10.884336,0,-0.189248,-0.043888,0.364766,nan,nan,nan,nan,nan,nan,-3.106943,-0.029922,0.003813,nan,nan,nan,nan,nan,nan
2026-05-04 09:18:10.902864,0,-0.184421,-0.04394,0.364309,nan,nan,nan,nan,nan,nan,-3.108013,-0.031303,0.001207,nan,nan,nan,nan,nan,nan
2026-05-04 09:18:10.919732,0,-0.174746,-0.043843,0.363672,nan,nan,nan,nan,nan,nan,-3.10802,-0.028907,-0.03674,nan,nan,nan,nan,nan,nan
2026-05-04 09:18:10.937657,0,-0.169784,-0.043775,0.363238,nan,nan,nan,nan,nan,nan,-3.110775,-0.028777,-0.044747,nan,nan,nan,nan,nan,nan
2026-05-04 09:18:10.955152,0,-0.153912,-0.043661,0.362061,nan,nan,nan,nan,nan,nan,-3.105414,-0.027276,-0.098044,nan,nan,nan,nan,nan,nan
2026-05-04 09:18:10.971768,0,-0.148894,-0.043746,0.361734,nan,nan,nan,nan,nan,nan,-3.103184,-0.028731,-0.09348,nan,nan,nan,nan,nan,nan
2026-05-04 09:18:10.989266,0,-0.138921,-0.043637,0.362149,nan,nan,nan,nan,nan,nan,-3.087816,-0.026148,-0.139558,nan,nan,nan,nan,nan,nan
2026-05-04 09:18:11.007410,0,-0.127617,-0.043162,0.359979,nan,nan,nan,nan,nan,nan,-3.097698,-0.016324,-0.151417,nan,nan,nan,nan,nan,nan
2026-05-04 09:18:11.024254,0,-0.117107,-0.043352,0.360037,nan,nan,nan,nan,nan,nan,-3.099798,-0.013844,-0.221479,nan,nan,nan,nan,nan,nan
2026-05-04 09:18:11.041786,0,-0.111634,-0.043202,0.359039,nan,nan,nan,nan,nan,nan,-3.123329,-0.007959,-0.203012,nan,nan,nan,nan,nan,nan
2026-05-04 09:18:11.059305,0,-0.101121,-0.042678,0.358854,nan,nan,nan,nan,nan,nan,-3.079101,-0.013406,-0.14662,nan,nan,nan,nan,nan,nan
2026-05-04 09:18:11.076158,0,-0.09095,-0.042969,0.360123,nan,nan,nan,nan,nan,nan,-3.04261,-0.015408,-0.245981,nan,nan,nan,nan,nan,nan
2026-05-04 09:18:11.093122,0,-0.085352,-0.042668,0.359168,nan,nan,nan,nan,nan,nan,-2.944231,-0.02742,-0.215489,nan,nan,nan,nan,nan,nan
2026-05-04 09:18:11.113905,0,-0.080145,-0.042792,0.359718,nan,nan,nan,nan,nan,nan,-3.010963,-0.017026,-0.221254,nan,nan,nan,nan,nan,nan
2026-05-04 09:18:11.131195,0,-0.064314,-0.042602,0.358622,nan,nan,nan,nan,nan,nan,-3.059489,0.003265,-0.312541,nan,nan,nan,nan,nan,nan
2026-05-04 09:18:11.154932,0,-0.059568,-0.042638,0.359472,nan,nan,nan,nan,nan,nan,-3.059632,0.004236,-0.358682,nan,nan,nan,nan,nan,nan
2026-05-04 09:18:11.174097,0,-0.043802,-0.042876,0.358935,nan,nan,nan,nan,nan,nan,-3.085812,-0.000901,-0.437252,nan,nan,nan,nan,nan,nan
2026-05-04 09:18:11.190557,0,-0.033657,-0.042598,0.358206,nan,nan,nan,nan,nan,nan,-3.072306,0.012942,-0.451319,nan,nan,nan,nan,nan,nan
2026-05-04 09:18:11.208276,0,-0.028652,-0.042639,0.35849,nan,nan,nan,nan,nan,nan,-3.057382,0.005105,-0.448749,nan,nan,nan,nan,nan,nan
2026-05-04 09:18:11.224833,0,-0.013625,-0.042659,0.358162,nan,nan,nan,nan,nan,nan,-3.076472,0.00814,-0.467055,nan,nan,nan,nan,nan,nan
2026-05-04 09:18:11.246152,0,-0.008516,-0.042636,0.357792,nan,nan,nan,nan,nan,nan,-3.082324,0.004975,-0.454556,nan,nan,nan,nan,nan,nan
2026-05-04 09:18:11.262361,0,0.006898,-0.042594,0.358567,nan,nan,nan,nan,nan,nan,-3.060101,0.014678,-0.501346,nan,nan,nan,nan,nan,nan
2026-05-04 09:18:11.280459,0,0.01196,-0.042615,0.358979,nan,nan,nan,nan,nan,nan,-3.061953,0.014246,-0.483296,nan,nan,nan,nan,nan,nan
2026-05-04 09:18:11.297894,0,0.022168,-0.042542,0.357406,nan,nan,nan,nan,nan,nan,-3.053873,0.013929,-0.560929,nan,nan,nan,nan,nan,nan
2026-05-04 09:18:11.314645,0,0.032004,-0.042575,0.358994,nan,nan,nan,nan,nan,nan,-3.053538,0.010109,-0.534899,nan,nan,nan,nan,nan,nan
2026-05-04 09:18:11.332033,0,0.036569,-0.042534,0.35765,nan,nan,nan,nan,nan,nan,-3.057096,0.01424,-0.561214,nan,nan,nan,nan,nan,nan
2026-05-04 09:18:11.349209,0,0.046087,-0.042561,0.35812,nan,nan,nan,nan,nan,nan,-3.036938,0.012249,-0.588059,nan,nan,nan,nan,nan,nan
2026-05-04 09:18:11.365966,0,0.055621,-0.042554,0.35873,nan,nan,nan,nan,nan,nan,-3.052921,0.014287,-0.611596,nan,nan,nan,nan,nan,nan
2026-05-04 09:18:11.383548,0,0.064863,-0.042446,0.358589,nan,nan,nan,nan,nan,nan,-3.058477,0.011505,-0.625278,nan,nan,nan,nan,nan,nan
2026-05-04 09:18:11.401114,0,0.069233,-0.042595,0.359552,nan,nan,nan,nan,nan,nan,-3.046345,0.017276,-0.638554,nan,nan,nan,nan,nan,nan
2026-05-04 09:18:11.419435,0,0.07781,-0.041968,0.357262,nan,nan,nan,nan,nan,nan,-3.038096,0.027881,-0.681271,nan,nan,nan,nan,nan,nan
2026-05-04 09:18:11.436816,0,0.087262,-0.042204,0.358601,nan,nan,nan,nan,nan,nan,-3.043533,0.016002,-0.690174,nan,nan,nan,nan,nan,nan
2026-05-04 09:18:11.453903,0,0.091403,-0.042104,0.358415,nan,nan,nan,nan,nan,nan,-3.033875,0.021991,-0.707806,nan,nan,nan,nan,nan,nan
2026-05-04 09:18:11.471134,0,0.100788,-0.042501,0.361312,nan,nan,nan,-0.025495,-0.046889,0.510353,-3.037159,0.017477,-0.706081,nan,nan,nan,-2.607001,-0.027106,1.709763
2026-05-04 09:18:11.487326,0,0.110075,-0.042851,0.363694,nan,nan,nan,-0.018394,-0.047485,0.510218,-3.0152,0.019055,-0.731647,nan,nan,nan,-2.627229,-0.033527,1.686878
2026-05-04 09:18:11.504072,0,0.118626,-0.042652,0.364423,nan,nan,nan,nan,nan,nan,-3.022087,0.025149,-0.753721,nan,nan,nan,nan,nan,nan
2026-05-04 09:18:11.523936,0,0.123447,-0.042939,0.366295,nan,nan,nan,nan,nan,nan,-3.017989,0.025855,-0.761047,nan,nan,nan,nan,nan,nan
2026-05-04 09:18:11.540091,0,0.132086,-0.043057,0.368049,nan,nan,nan,nan,nan,nan,-3.002782,0.024781,-0.791245,nan,nan,nan,nan,nan,nan
2026-05-04 09:18:11.557425,0,0.140832,-0.043128,0.369059,nan,nan,nan,0.005862,-0.047308,0.511492,-3.006752,0.026277,-0.812342,nan,nan,nan,-2.682691,-0.010526,1.605544
2026-05-04 09:18:11.573546,0,0.149346,-0.043224,0.37217,nan,nan,nan,nan,nan,nan,-3.005635,0.024908,-0.832853,nan,nan,nan,nan,nan,nan
2026-05-04 09:18:11.590548,0,0.153346,-0.043081,0.373036,nan,nan,nan,nan,nan,nan,-2.998487,0.031236,-0.844271,nan,nan,nan,nan,nan,nan
2026-05-04 09:18:11.606998,0,0.161817,-0.043432,0.375731,nan,nan,nan,0.021691,-0.046639,0.510552,-2.992502,0.030553,-0.865974,nan,nan,nan,-2.699308,-0.015252,1.56032
2026-05-04 09:18:11.623319,0,0.165897,-0.043469,0.376724,nan,nan,nan,0.025228,-0.046625,0.508833,-2.988589,0.028294,-0.87755,nan,nan,nan,-2.693868,-0.021717,1.563707
2026-05-04 09:18:11.640172,0,0.169541,-0.043452,0.377771,nan,nan,nan,0.028352,-0.046681,0.51022,-2.982482,0.023639,-0.894318,nan,nan,nan,-2.689871,-0.011879,1.550255
2026-05-04 09:18:11.657632,0,0.180527,-0.043613,0.38062,nan,nan,nan,0.036979,-0.047184,0.511412,-2.97776,0.026096,-0.926856,nan,nan,nan,-2.733233,-0.0102,1.523043
2026-05-04 09:18:11.674264,0,0.187636,-0.043816,0.383491,nan,nan,nan,0.042382,-0.047088,0.512962,-2.966778,0.027157,-0.940368,nan,nan,nan,-2.731851,-0.012671,1.52011
2026-05-04 09:18:11.696245,0,0.190941,-0.043875,0.384924,nan,nan,nan,0.044783,-0.047162,0.513759,-2.961279,0.028761,-0.947812,nan,nan,nan,-2.74924,-0.01243,1.498995
2026-05-04 09:18:11.712251,0,0.200622,-0.044112,0.388812,nan,nan,nan,0.052417,-0.047084,0.512839,-2.958525,0.035509,-0.976704,nan,nan,nan,-2.752588,-0.010905,1.484918
2026-05-04 09:18:11.728998,0,nan,nan,nan,nan,nan,nan,0.054783,-0.047212,0.514702,nan,nan,nan,nan,nan,nan,-2.75323,-0.002866,1.457875
2026-05-04 09:18:11.746034,0,nan,nan,nan,nan,nan,nan,0.059134,-0.047331,0.51565,nan,nan,nan,nan,nan,nan,-2.779935,-0.008595,1.429676
2026-05-04 09:18:11.762682,0,nan,nan,nan,nan,nan,nan,0.063215,-0.047213,0.516942,nan,nan,nan,nan,nan,nan,-2.772556,-0.001018,1.412945
2026-05-04 09:18:11.779901,0,nan,nan,nan,nan,nan,nan,0.065168,-0.047176,0.516735,nan,nan,nan,nan,nan,nan,-2.786653,-0.002294,1.412811
2026-05-04 09:18:11.796618,0,0.222334,-0.044673,0.399927,nan,nan,nan,0.06814,-0.04722,0.516935,-2.927,0.040316,-1.065644,nan,nan,nan,-2.783666,-0.003767,1.402267
2026-05-04 09:18:11.812832,0,0.226414,-0.044829,0.402992,nan,nan,nan,0.070809,-0.047312,0.518759,-2.919592,0.041382,-1.082109,nan,nan,nan,-2.799813,0.00444,1.359037
2026-05-04 09:18:11.830378,0,nan,nan,nan,nan,nan,nan,0.071703,-0.047221,0.516776,nan,nan,nan,nan,nan,nan,-2.817473,-0.007985,1.353302
2026-05-04 09:18:11.847974,0,0.231202,-0.045024,0.406914,nan,nan,nan,0.073851,-0.047228,0.518147,-2.908092,0.047546,-1.125135,nan,nan,nan,-2.80602,-0.001198,1.339499
2026-05-04 09:18:11.864730,0,nan,nan,nan,nan,nan,nan,0.075043,-0.04723,0.52011,nan,nan,nan,nan,nan,nan,-2.808354,0.002919,1.330063
2026-05-04 09:18:11.881999,0,nan,nan,nan,nan,nan,nan,0.07535,-0.04732,0.520948,nan,nan,nan,nan,nan,nan,-2.816688,0.00639,1.310724
2026-05-04 09:18:11.898655,0,nan,nan,nan,nan,nan,nan,0.075264,-0.047304,0.521776,nan,nan,nan,nan,nan,nan,-2.833736,0.008269,1.278369
2026-05-04 09:18:11.916452,0,nan,nan,nan,nan,nan,nan,0.074869,-0.047187,0.520461,nan,nan,nan,nan,nan,nan,-2.842011,0.002667,1.278583
2026-05-04 09:18:11.932846,0,nan,nan,nan,nan,nan,nan,0.073077,-0.047194,0.523164,nan,nan,nan,nan,nan,nan,-2.828819,-0.005647,1.282298
2026-05-04 09:18:11.949786,0,nan,nan,nan,nan,nan,nan,0.072318,-0.047097,0.52251,nan,nan,nan,nan,nan,nan,-2.839421,0.003042,1.26477
2026-05-04 09:18:11.967142,0,nan,nan,nan,nan,nan,nan,0.071362,-0.047203,0.524296,nan,nan,nan,nan,nan,nan,-2.834234,-0.008822,1.276476
2026-05-04 09:18:11.985318,0,nan,nan,nan,nan,nan,nan,0.0683,-0.047311,0.52746,nan,nan,nan,nan,nan,nan,-2.839934,-0.001412,1.229829
2026-05-04 09:18:12.004307,0,nan,nan,nan,nan,nan,nan,0.067073,-0.047289,0.52727,nan,nan,nan,nan,nan,nan,-2.845146,-0.014526,1.256388
2026-05-04 09:18:12.021613,0,nan,nan,nan,nan,nan,nan,0.064746,-0.047423,0.530011,nan,nan,nan,nan,nan,nan,-2.846676,-0.003827,1.220644
2026-05-04 09:18:12.037505,0,nan,nan,nan,nan,nan,nan,0.061957,-0.047476,0.532812,nan,nan,nan,nan,nan,nan,-2.853175,0.000145,1.209306
2026-05-04 09:18:12.055245,0,nan,nan,nan,nan,nan,nan,0.058494,-0.047492,0.534618,nan,nan,nan,nan,nan,nan,-2.876133,-0.010269,1.207684
2026-05-04 09:18:12.073329,0,nan,nan,nan,nan,nan,nan,0.056573,-0.047419,0.534405,nan,nan,nan,nan,nan,nan,-2.879358,-0.00831,1.202331
2026-05-04 09:18:12.090303,0,0.21997,-0.045884,0.439487,nan,nan,nan,0.053253,-0.047503,0.535459,-2.842838,0.049721,-1.279002,nan,nan,nan,-2.876964,0.009745,1.160311
2026-05-04 09:18:12.106895,0,0.218385,-0.046155,0.445031,nan,nan,nan,0.050096,-0.047862,0.539057,-2.830002,0.050852,-1.304734,nan,nan,nan,-2.865834,0.006189,1.146588
2026-05-04 09:18:12.124491,0,nan,nan,nan,nan,nan,nan,0.046523,-0.047866,0.542444,nan,nan,nan,nan,nan,nan,-2.871708,0.010786,1.128592
2026-05-04 09:18:12.141552,0,nan,nan,nan,nan,nan,nan,0.044672,-0.047794,0.540754,nan,nan,nan,nan,nan,nan,-2.898247,-0.004067,1.137266
2026-05-04 09:18:12.158723,0,nan,nan,nan,nan,nan,nan,0.041173,-0.048002,0.544508,nan,nan,nan,nan,nan,nan,-2.907354,-0.009508,1.116278
2026-05-04 09:18:12.177195,0,nan,nan,nan,nan,nan,nan,0.039362,-0.048095,0.546109,nan,nan,nan,nan,nan,nan,-2.910405,-0.009633,1.107584
2026-05-04 09:18:12.193738,0,nan,nan,nan,nan,nan,nan,0.034307,-0.047846,0.550311,nan,nan,nan,nan,nan,nan,-2.918272,0.002926,1.123036
2026-05-04 09:18:12.210232,0,0.205488,-0.047193,0.466336,nan,nan,nan,0.0329,-0.047924,0.552482,-2.810344,0.053615,-1.336653,nan,nan,nan,-2.885901,0.018636,1.123387
2026-05-04 09:18:12.228013,0,nan,nan,nan,nan,nan,nan,0.029347,-0.04801,0.553884,nan,nan,nan,nan,nan,nan,-2.894068,0.01327,1.133017
2026-05-04 09:18:12.244708,0,0.196964,-0.047263,0.467797,nan,nan,nan,0.025647,-0.048328,0.555928,-2.82358,0.050472,-1.310635,nan,nan,nan,-2.888562,-0.001379,1.167109
2026-05-04 09:18:12.261505,0,nan,nan,nan,nan,nan,nan,0.023662,-0.048433,0.556991,nan,nan,nan,nan,nan,nan,-2.886209,-0.003424,1.168991
2026-05-04 09:18:12.277689,0,nan,nan,nan,nan,nan,nan,0.019525,-0.048673,0.559557,nan,nan,nan,nan,nan,nan,-2.86874,-0.004862,1.168285
2026-05-04 09:18:12.293648,0,nan,nan,nan,nan,nan,nan,0.015305,-0.048564,0.55834,nan,nan,nan,nan,nan,nan,-2.885301,-0.009649,1.18522
2026-05-04 09:18:12.310393,0,nan,nan,nan,nan,nan,nan,0.012757,-0.048671,0.562231,nan,nan,nan,nan,nan,nan,-2.858078,0.002344,1.196872
2026-05-04 09:18:12.326874,0,0.174888,-0.046836,0.463111,nan,nan,nan,0.007344,-0.048341,0.560498,-2.843113,0.063578,-1.244508,nan,nan,nan,-2.854988,0.011951,1.213587
2026-05-04 09:18:12.343299,0,0.168497,-0.046577,0.460538,nan,nan,nan,0.002068,-0.048159,0.559495,-2.847423,0.059793,-1.229692,nan,nan,nan,-2.842825,0.012762,1.229499
2026-05-04 09:18:12.359946,0,0.166427,-0.046798,0.461745,nan,nan,nan,-0.00061,-0.048227,0.557443,-2.84689,0.056333,-1.232705,nan,nan,nan,-2.875883,-0.007326,1.231381
2026-05-04 09:18:12.377988,0,0.159753,-0.046855,0.459952,nan,nan,nan,-0.006739,-0.048091,0.558616,-2.859659,0.054131,-1.224971,nan,nan,nan,-2.841198,0.014225,1.242213
2026-05-04 09:18:12.395556,0,0.152802,-0.046774,0.458154,nan,nan,nan,-0.012547,-0.048564,0.557835,-2.861769,0.050924,-1.207946,nan,nan,nan,-2.844078,-0.013749,1.269563
2026-05-04 09:18:12.411472,0,nan,nan,nan,nan,nan,nan,-0.015599,-0.048617,0.557054,nan,nan,nan,nan,nan,nan,-2.835744,-0.010704,1.264757
2026-05-04 09:18:12.429096,0,nan,nan,nan,nan,nan,nan,-0.018866,-0.048612,0.558275,nan,nan,nan,nan,nan,nan,-2.825589,-0.013457,1.290734
2026-05-04 09:18:12.445976,0,0.133299,-0.046389,0.451046,nan,nan,nan,-0.02866,-0.048608,0.557535,-2.880415,0.051224,-1.14333,nan,nan,nan,-2.807923,-0.011503,1.314596
2026-05-04 09:18:12.462284,0,0.129269,-0.046283,0.449768,nan,nan,nan,-0.031844,-0.048739,0.558079,-2.889906,0.048662,-1.13312,nan,nan,nan,-2.794181,-0.014374,1.349118
2026-05-04 09:18:12.479932,0,0.121282,-0.046311,0.448176,nan,nan,nan,nan,nan,nan,-2.896288,0.043563,-1.124925,nan,nan,nan,nan,nan,nan
2026-05-04 09:18:12.497364,0,0.112749,-0.046207,0.446022,nan,nan,nan,nan,nan,nan,-2.906553,0.041111,-1.094811,nan,nan,nan,nan,nan,nan
2026-05-04 09:18:12.514529,0,0.10325,-0.046047,0.442735,nan,nan,nan,nan,nan,nan,-2.91456,0.039312,-1.068307,nan,nan,nan,nan,nan,nan
2026-05-04 09:18:12.531756,0,0.098433,-0.045964,0.44107,nan,nan,nan,-0.056566,-0.048912,0.556814,-2.926246,0.035546,-1.049668,nan,nan,nan,-2.7763,-0.009533,1.407748
2026-05-04 09:18:12.548687,0,0.089441,-0.045861,0.438873,nan,nan,nan,-0.064525,-0.049382,0.562258,-2.92544,0.038758,-1.023732,nan,nan,nan,-2.758224,-0.004861,1.431928
2026-05-04 09:18:12.565224,0,0.080855,-0.045848,0.438666,nan,nan,nan,-0.071487,-0.049599,0.562276,-2.943196,0.037983,-0.99295,nan,nan,nan,-2.750968,-0.006367,1.448106
2026-05-04 09:18:12.582875,0,0.077114,-0.045918,0.440148,nan,nan,nan,nan,nan,nan,-2.945319,0.032196,-0.994143,nan,nan,nan,nan,nan,nan
2026-05-04 09:18:12.600378,0,0.068553,-0.045825,0.438184,nan,nan,nan,-0.081681,-0.048905,0.559126,-2.943371,0.037041,-0.987416,nan,nan,nan,-2.741328,-0.018095,1.480844
2026-05-04 09:18:12.616618,0,0.058997,-0.045779,0.436456,nan,nan,nan,-0.089687,-0.048923,0.56425,-2.94996,0.036051,-0.955924,nan,nan,nan,-2.715947,-0.004066,1.475127
2026-05-04 09:18:12.633869,0,0.054284,-0.045686,0.435431,nan,nan,nan,nan,nan,nan,-2.963814,0.043982,-0.961777,nan,nan,nan,nan,nan,nan
2026-05-04 09:18:12.650701,0,0.04533,-0.045681,0.435515,nan,nan,nan,nan,nan,nan,-2.982967,0.046384,-0.940242,nan,nan,nan,nan,nan,nan
2026-05-04 09:18:12.667275,0,0.03573,-0.045732,0.436343,nan,nan,nan,nan,nan,nan,-2.979077,0.033487,-0.893914,nan,nan,nan,nan,nan,nan
2026-05-04 09:18:12.683267,0,0.025923,-0.045774,0.437407,nan,nan,nan,nan,nan,nan,-2.980264,0.03182,-0.861111,nan,nan,nan,nan,nan,nan
2026-05-04 09:18:12.701127,0,0.021192,-0.04581,0.437935,nan,nan,nan,nan,nan,nan,-2.988292,0.03622,-0.866702,nan,nan,nan,nan,nan,nan
2026-05-04 09:18:12.717503,0,0.011559,-0.045694,0.435999,nan,nan,nan,nan,nan,nan,-3.010978,0.041986,-0.839788,nan,nan,nan,nan,nan,nan
2026-05-04 09:18:12.733425,0,0.002831,-0.04576,0.43686,nan,nan,nan,nan,nan,nan,-2.997797,0.026676,-0.806923,nan,nan,nan,nan,nan,nan
2026-05-04 09:18:12.749937,0,-0.001633,-0.045733,0.436498,nan,nan,nan,nan,nan,nan,-3.01595,0.034633,-0.807719,nan,nan,nan,nan,nan,nan
2026-05-04 09:18:12.766197,0,-0.010456,-0.045915,0.437386,nan,nan,nan,nan,nan,nan,-3.006116,0.048925,-0.80308,nan,nan,nan,nan,nan,nan
2026-05-04 09:18:12.783075,0,-0.015172,-0.045648,0.43462,nan,nan,nan,nan,nan,nan,-3.010772,0.042704,-0.786809,nan,nan,nan,nan,nan,nan
2026-05-04 09:18:12.800263,0,-0.024406,-0.045639,0.43523,nan,nan,nan,nan,nan,nan,-3.019963,0.04756,-0.761452,nan,nan,nan,nan,nan,nan
2026-05-04 09:18:12.815966,0,-0.033495,-0.045637,0.435975,nan,nan,nan,nan,nan,nan,-3.030942,0.043858,-0.731545,nan,nan,nan,nan,nan,nan
2026-05-04 09:18:12.832312,0,-0.038237,-0.045552,0.434985,nan,nan,nan,nan,nan,nan,-3.013065,0.04599,-0.717865,nan,nan,nan,nan,nan,nan
2026-05-04 09:18:12.850091,0,-0.047463,-0.045581,0.433017,nan,nan,nan,nan,nan,nan,-3.033392,0.031653,-0.695464,nan,nan,nan,nan,nan,nan
2026-05-04 09:18:12.866754,0,-0.055603,-0.04556,0.43274,nan,nan,nan,nan,nan,nan,-3.029004,0.020062,-0.65764,nan,nan,nan,nan,nan,nan
2026-05-04 09:18:12.884214,0,-0.05968,-0.04547,0.430904,nan,nan,nan,nan,nan,nan,-3.050668,0.028217,-0.67674,nan,nan,nan,nan,nan,nan
2026-05-04 09:18:12.901101,0,-0.068018,-0.045327,0.427844,nan,nan,nan,nan,nan,nan,-3.042416,0.032635,-0.669723,nan,nan,nan,nan,nan,nan
2026-05-04 09:18:12.917996,0,-0.076428,-0.045633,0.429961,nan,nan,nan,nan,nan,nan,-3.019065,0.035922,-0.639227,nan,nan,nan,nan,nan,nan
2026-05-04 09:18:12.935249,0,-0.082949,-0.045065,0.423014,nan,nan,nan,nan,nan,nan,3.068047,-0.038361,0.662396,nan,nan,nan,nan,nan,nan
2026-05-04 09:18:12.951250,0,-0.086855,-0.045075,0.422503,nan,nan,nan,nan,nan,nan,-3.036802,0.032179,-0.629219,nan,nan,nan,nan,nan,nan
2026-05-04 09:18:12.968535,0,-0.094316,-0.044989,0.420996,nan,nan,nan,nan,nan,nan,-3.032099,0.01637,-0.560422,nan,nan,nan,nan,nan,nan
2026-05-04 09:18:12.985402,0,-0.101159,-0.044897,0.418647,nan,nan,nan,nan,nan,nan,-3.040949,0.025323,-0.618619,nan,nan,nan,nan,nan,nan
2026-05-04 09:18:13.002008,0,-0.104181,-0.044711,0.415245,nan,nan,nan,nan,nan,nan,-3.042279,0.020717,-0.56964,nan,nan,nan,nan,nan,nan
2026-05-04 09:18:13.018443,0,-0.110386,-0.044608,0.411589,nan,nan,nan,nan,nan,nan,-3.058445,0.022834,-0.597207,nan,nan,nan,nan,nan,nan
2026-05-04 09:18:13.035637,0,-0.11539,-0.044633,0.408126,nan,nan,nan,nan,nan,nan,3.0639,-0.030724,0.600921,nan,nan,nan,nan,nan,nan
2026-05-04 09:18:13.051179,0,-0.118199,-0.044855,0.407888,nan,nan,nan,nan,nan,nan,3.089861,-0.020611,0.503919,nan,nan,nan,nan,nan,nan
2026-05-04 09:18:13.070825,0,-0.120541,-0.044916,0.406475,nan,nan,nan,nan,nan,nan,3.087459,-0.030791,0.509744,nan,nan,nan,nan,nan,nan
2026-05-04 09:18:13.087971,0,-0.125907,-0.044573,0.399383,nan,nan,nan,nan,nan,nan,3.084559,-0.024995,0.415667,nan,nan,nan,nan,nan,nan
2026-05-04 09:18:13.104595,0,-0.127485,-0.044551,0.398238,nan,nan,nan,nan,nan,nan,3.097601,-0.024678,0.469206,nan,nan,nan,nan,nan,nan
2026-05-04 09:18:13.122148,0,-0.129663,-0.044342,0.394131,nan,nan,nan,nan,nan,nan,3.081786,-0.035041,0.556514,nan,nan,nan,nan,nan,nan
2026-05-04 09:18:13.139935,0,-0.131691,-0.044015,0.389533,nan,nan,nan,nan,nan,nan,3.092085,-0.031106,0.412214,nan,nan,nan,nan,nan,nan
2026-05-04 09:18:13.157283,0,-0.13375,-0.043937,0.387567,nan,nan,nan,nan,nan,nan,-3.093466,0.031333,-0.535815,nan,nan,nan,nan,nan,nan
2026-05-04 09:18:13.174393,0,-0.13404,-0.043818,0.383775,nan,nan,nan,nan,nan,nan,-3.07949,0.01627,-0.475341,nan,nan,nan,nan,nan,nan
2026-05-04 09:18:13.192315,0,-0.133134,-0.043575,0.379278,nan,nan,nan,nan,nan,nan,3.099305,-0.023924,0.362499,nan,nan,nan,nan,nan,nan
2026-05-04 09:18:13.209273,0,-0.132631,-0.043398,0.37528,nan,nan,nan,nan,nan,nan,3.117607,-0.014455,0.335534,nan,nan,nan,nan,nan,nan
2026-05-04 09:18:13.226320,0,-0.131988,-0.043333,0.373127,nan,nan,nan,nan,nan,nan,-3.088702,0.000714,-0.313628,nan,nan,nan,nan,nan,nan
2026-05-04 09:18:13.242759,0,-0.131474,-0.043418,0.371766,nan,nan,nan,nan,nan,nan,-2.950634,-0.032388,-0.335355,nan,nan,nan,nan,nan,nan
2026-05-04 09:18:13.264058,0,-0.130769,-0.043511,0.370122,nan,nan,nan,nan,nan,nan,-3.003434,-0.012171,-0.392321,nan,nan,nan,nan,nan,nan
2026-05-04 09:18:13.282056,0,-0.129611,-0.043068,0.366188,nan,nan,nan,nan,nan,nan,-3.004866,-0.014146,-0.381209,nan,nan,nan,nan,nan,nan
2026-05-04 09:18:13.299336,0,-0.128245,-0.043129,0.362009,nan,nan,nan,nan,nan,nan,-3.095892,-0.00445,-0.357678,nan,nan,nan,nan,nan,nan
2026-05-04 09:18:13.317001,0,-0.127105,-0.042981,0.359358,nan,nan,nan,nan,nan,nan,-3.079841,0.00075,-0.372681,nan,nan,nan,nan,nan,nan
2026-05-04 09:18:13.334135,0,-0.124938,-0.042775,0.355151,nan,nan,nan,nan,nan,nan,-3.10652,-0.00837,-0.29121,nan,nan,nan,nan,nan,nan
2026-05-04 09:18:13.351607,0,-0.123996,-0.042823,0.354144,nan,nan,nan,nan,nan,nan,-3.10126,-0.008435,-0.27734,nan,nan,nan,nan,nan,nan
2026-05-04 09:18:13.368881,0,-0.122314,-0.042975,0.352942,nan,nan,nan,nan,nan,nan,-3.089106,-0.01721,-0.248122,nan,nan,nan,nan,nan,nan
2026-05-04 09:18:13.386906,0,-0.119116,-0.042836,0.350162,nan,nan,nan,nan,nan,nan,-3.101488,-0.006824,-0.299297,nan,nan,nan,nan,nan,nan
2026-05-04 09:18:13.403517,0,-0.115606,-0.042671,0.346912,nan,nan,nan,nan,nan,nan,-3.108275,-0.009632,-0.221506,nan,nan,nan,nan,nan,nan
2026-05-04 09:18:13.421321,0,-0.113728,-0.042756,0.346277,nan,nan,nan,nan,nan,nan,-3.106221,-0.00646,-0.329201,nan,nan,nan,nan,nan,nan
2026-05-04 09:18:13.438840,0,-0.109568,-0.042712,0.344772,nan,nan,nan,nan,nan,nan,-3.083874,-0.015185,-0.29727,nan,nan,nan,nan,nan,nan
2026-05-04 09:18:13.456053,0,-0.10419,-0.042686,0.343192,nan,nan,nan,nan,nan,nan,-3.078761,-0.019104,-0.286082,nan,nan,nan,nan,nan,nan
2026-05-04 09:18:13.472989,0,-0.101184,-0.042543,0.34172,nan,nan,nan,nan,nan,nan,-3.105593,-0.017044,-0.287107,nan,nan,nan,nan,nan,nan
2026-05-04 09:18:13.490780,0,-0.094894,-0.042198,0.340449,nan,nan,nan,nan,nan,nan,-3.086229,-0.014294,-0.239031,nan,nan,nan,nan,nan,nan
2026-05-04 09:18:13.508022,0,-0.087874,-0.042103,0.339012,nan,nan,nan,nan,nan,nan,-3.062494,-0.007361,-0.356761,nan,nan,nan,nan,nan,nan
2026-05-04 09:18:13.525550,0,-0.079359,-0.041966,0.335525,nan,nan,nan,nan,nan,nan,3.117192,-0.002176,0.298792,nan,nan,nan,nan,nan,nan
2026-05-04 09:18:13.542278,0,-0.075115,-0.041878,0.335419,nan,nan,nan,nan,nan,nan,3.119375,0.000242,0.307724,nan,nan,nan,nan,nan,nan
2026-05-04 09:18:13.560138,0,-0.070896,-0.041955,0.337107,nan,nan,nan,nan,nan,nan,-3.073836,-0.004521,-0.415574,nan,nan,nan,nan,nan,nan
2026-05-04 09:18:13.576936,0,-0.057174,-0.041764,0.336483,nan,nan,nan,nan,nan,nan,-3.084587,8.9e-05,-0.473415,nan,nan,nan,nan,nan,nan
2026-05-04 09:18:13.593578,0,-0.047301,-0.041774,0.336764,nan,nan,nan,nan,nan,nan,-3.090678,0.005344,-0.489402,nan,nan,nan,nan,nan,nan
2026-05-04 09:18:13.610368,0,-0.042232,-0.04175,0.336526,nan,nan,nan,nan,nan,nan,-3.094329,0.010566,-0.519921,nan,nan,nan,nan,nan,nan
2026-05-04 09:18:13.628073,0,-0.03245,-0.042115,0.33879,nan,nan,nan,nan,nan,nan,-3.057783,0.005682,-0.513808,nan,nan,nan,nan,nan,nan
2026-05-04 09:18:13.644072,0,-0.022456,-0.042195,0.339502,nan,nan,nan,nan,nan,nan,-3.059689,0.008876,-0.514645,nan,nan,nan,nan,nan,nan
2026-05-04 09:18:13.661033,0,-0.017006,-0.042122,0.33993,nan,nan,nan,nan,nan,nan,-3.079948,0.00799,-0.512975,nan,nan,nan,nan,nan,nan
2026-05-04 09:18:13.678111,0,-0.00619,-0.041994,0.340258,nan,nan,nan,nan,nan,nan,-3.078611,0.007641,-0.56417,nan,nan,nan,nan,nan,nan
2026-05-04 09:18:13.694936,0,0.004229,-0.042039,0.341085,nan,nan,nan,nan,nan,nan,-3.063821,0.01103,-0.605004,nan,nan,nan,nan,nan,nan
2026-05-04 09:18:13.711895,0,0.009688,-0.041962,0.341638,nan,nan,nan,nan,nan,nan,-3.068311,0.008669,-0.58222,nan,nan,nan,nan,nan,nan
2026-05-04 09:18:13.729793,0,0.020765,-0.04206,0.343028,nan,nan,nan,nan,nan,nan,-3.064438,0.008123,-0.615391,nan,nan,nan,nan,nan,nan
2026-05-04 09:18:13.746472,0,0.026292,-0.042085,0.343643,nan,nan,nan,nan,nan,nan,-3.046562,0.007864,-0.655344,nan,nan,nan,nan,nan,nan
2026-05-04 09:18:13.764802,0,0.0377,-0.042224,0.344532,nan,nan,nan,nan,nan,nan,-3.048166,0.010487,-0.66815,nan,nan,nan,nan,nan,nan
2026-05-04 09:18:13.782422,0,0.049329,-0.042167,0.345566,nan,nan,nan,nan,nan,nan,-3.038244,0.008774,-0.711571,nan,nan,nan,nan,nan,nan
2026-05-04 09:18:13.799537,0,0.061125,-0.042779,0.346707,nan,nan,nan,nan,nan,nan,-3.038233,-0.003547,-0.72374,nan,nan,nan,nan,nan,nan
2026-05-04 09:18:13.816777,0,0.07225,-0.04201,0.347127,nan,nan,nan,nan,nan,nan,-3.022736,0.019683,-0.736559,nan,nan,nan,nan,nan,nan
2026-05-04 09:18:13.834942,0,0.084097,-0.042075,0.349088,nan,nan,nan,nan,nan,nan,-3.016589,0.023082,-0.769845,nan,nan,nan,nan,nan,nan
2026-05-04 09:18:13.851919,0,0.089627,-0.042075,0.34866,nan,nan,nan,-0.044577,-0.046068,0.489477,-3.005854,0.022697,-0.806067,nan,nan,nan,-2.665785,-0.017476,1.632987
2026-05-04 09:18:13.869387,0,0.100816,-0.042253,0.348542,nan,nan,nan,-0.035464,-0.046336,0.488081,-3.006008,0.015045,-0.831016,nan,nan,nan,-2.67057,-0.021365,1.624181
2026-05-04 09:18:13.886929,0,0.112069,-0.042157,0.349736,nan,nan,nan,-0.026354,-0.045706,0.486095,-2.987961,0.031277,-0.860162,nan,nan,nan,-2.673861,-0.011631,1.584871
2026-05-04 09:18:13.903267,0,0.122309,-0.042135,0.348454,nan,nan,nan,nan,nan,nan,-2.987928,0.026884,-0.882221,nan,nan,nan,nan,nan,nan
2026-05-04 09:18:13.920517,0,0.127657,-0.042265,0.348873,nan,nan,nan,-0.012994,-0.045374,0.4823,-2.98672,0.028955,-0.891974,nan,nan,nan,-2.695594,-0.022479,1.566755
2026-05-04 09:18:13.937557,0,0.13809,-0.042161,0.348608,nan,nan,nan,-0.004248,-0.045341,0.480042,-2.982158,0.027366,-0.9093,nan,nan,nan,-2.70457,-0.019934,1.549136
2026-05-04 09:18:13.953732,0,0.149134,-0.042598,0.350787,nan,nan,nan,nan,nan,nan,-2.971409,0.01795,-0.935818,nan,nan,nan,nan,nan,nan
2026-05-04 09:18:13.971480,0,0.153703,-0.042196,0.350113,nan,nan,nan,0.007897,-0.045677,0.478209,-2.965918,0.027372,-0.950444,nan,nan,nan,-2.747171,-0.011096,1.495836
2026-05-04 09:18:13.989403,0,0.163937,-0.042308,0.352939,nan,nan,nan,0.015975,-0.045176,0.476877,-2.957028,0.036864,-0.971586,nan,nan,nan,-2.73125,-0.019257,1.47948
2026-05-04 09:18:14.006804,0,0.172552,-0.042311,0.352792,nan,nan,nan,0.023739,-0.045539,0.477901,-2.949356,0.034927,-1.00267,nan,nan,nan,-2.760175,-0.00447,1.444777
2026-05-04 09:18:14.023048,0,0.182538,-0.042467,0.3561,nan,nan,nan,0.031664,-0.045031,0.476272,-2.941659,0.036778,-1.015015,nan,nan,nan,-2.757506,-0.012929,1.440498
2026-05-04 09:18:14.039504,0,nan,nan,nan,nan,nan,nan,0.035395,-0.045027,0.475692,nan,nan,nan,nan,nan,nan,-2.769098,-0.015054,1.427227
2026-05-04 09:18:14.055707,0,0.190598,-0.0425,0.356475,nan,nan,nan,0.039301,-0.045542,0.476975,-2.935587,0.035809,-1.036996,nan,nan,nan,-2.793215,-0.007462,1.41205
2026-05-04 09:18:14.072206,0,0.199475,-0.042674,0.359562,nan,nan,nan,0.046666,-0.045617,0.478381,-2.927285,0.037606,-1.057228,nan,nan,nan,-2.798714,-0.007871,1.398006
2026-05-04 09:18:14.090058,0,0.207377,-0.04279,0.361853,nan,nan,nan,0.05402,-0.04563,0.479317,-2.922883,0.039691,-1.082488,nan,nan,nan,-2.802376,-0.009109,1.38384
2026-05-04 09:18:14.107839,0,nan,nan,nan,nan,nan,nan,0.060629,-0.045748,0.480896,nan,nan,nan,nan,nan,nan,-2.815358,-0.006132,1.367779
2026-05-04 09:18:14.124467,0,nan,nan,nan,nan,nan,nan,0.0671,-0.045565,0.481197,nan,nan,nan,nan,nan,nan,-2.822959,-0.005666,1.352479
2026-05-04 09:18:14.141971,0,nan,nan,nan,nan,nan,nan,0.07018,-0.045635,0.48275,nan,nan,nan,nan,nan,nan,-2.819221,0.001089,1.327749
2026-05-04 09:18:14.158269,0,nan,nan,nan,nan,nan,nan,0.07591,-0.045782,0.485218,nan,nan,nan,nan,nan,nan,-2.829532,-0.00359,1.32643
2026-05-04 09:18:14.174919,0,nan,nan,nan,nan,nan,nan,0.080997,-0.045727,0.487296,nan,nan,nan,nan,nan,nan,-2.844791,-0.005811,1.300216
2026-05-04 09:18:14.191916,0,nan,nan,nan,nan,nan,nan,0.08371,-0.046129,0.491652,nan,nan,nan,nan,nan,nan,-2.847068,0.006308,1.269895
2026-05-04 09:18:14.208672,0,nan,nan,nan,nan,nan,nan,0.087733,-0.04569,0.491636,nan,nan,nan,nan,nan,nan,-2.825704,0.004583,1.266077
2026-05-04 09:18:14.225245,0,nan,nan,nan,nan,nan,nan,0.091368,-0.045822,0.49348,nan,nan,nan,nan,nan,nan,-2.846495,-0.001954,1.254087
2026-05-04 09:18:14.242095,0,nan,nan,nan,nan,nan,nan,0.093231,-0.045841,0.495589,nan,nan,nan,nan,nan,nan,-2.854167,0.004143,1.237984
2026-05-04 09:18:14.258666,0,nan,nan,nan,nan,nan,nan,0.096386,-0.046107,0.500378,nan,nan,nan,nan,nan,nan,-2.847068,0.004259,1.218592
2026-05-04 09:18:14.275616,0,nan,nan,nan,nan,nan,nan,0.098854,-0.046206,0.503142,nan,nan,nan,nan,nan,nan,-2.871096,-0.002759,1.189722
2026-05-04 09:18:14.291896,0,nan,nan,nan,nan,nan,nan,0.099623,-0.046263,0.504856,nan,nan,nan,nan,nan,nan,-2.880555,0.001506,1.155902
2026-05-04 09:18:14.308728,0,nan,nan,nan,nan,nan,nan,0.101348,-0.04654,0.510429,nan,nan,nan,nan,nan,nan,-2.878309,-0.003097,1.163676
2026-05-04 09:18:14.326501,0,nan,nan,nan,nan,nan,nan,0.102102,-0.046637,0.512663,nan,nan,nan,nan,nan,nan,-2.887362,0.002162,1.121591
2026-05-04 09:18:14.342924,0,nan,nan,nan,nan,nan,nan,0.102479,-0.046655,0.513988,nan,nan,nan,nan,nan,nan,-2.9128,-0.003646,1.106708
2026-05-04 09:18:14.359741,0,nan,nan,nan,nan,nan,nan,0.102042,-0.046731,0.516201,nan,nan,nan,nan,nan,nan,-2.915324,-0.004444,1.091771
2026-05-04 09:18:14.376733,0,nan,nan,nan,nan,nan,nan,0.102266,-0.046885,0.519558,nan,nan,nan,nan,nan,nan,-2.895398,0.022617,1.063076
2026-05-04 09:18:14.393666,0,nan,nan,nan,nan,nan,nan,0.101255,-0.047029,0.52296,nan,nan,nan,nan,nan,nan,-2.900536,0.010804,1.072198
2026-05-04 09:18:14.411542,0,nan,nan,nan,nan,nan,nan,0.099706,-0.047146,0.526138,nan,nan,nan,nan,nan,nan,-2.909091,0.004311,1.066591
2026-05-04 09:18:14.427579,0,nan,nan,nan,nan,nan,nan,0.097831,-0.047247,0.530703,nan,nan,nan,nan,nan,nan,-2.936106,0.002242,1.048897
2026-05-04 09:18:14.443210,0,nan,nan,nan,nan,nan,nan,0.094968,-0.047161,0.532353,nan,nan,nan,nan,nan,nan,-2.920112,0.024265,1.015329
2026-05-04 09:18:14.460179,0,nan,nan,nan,nan,nan,nan,0.093415,-0.047191,0.533957,nan,nan,nan,nan,nan,nan,-2.921931,0.023257,1.002182
2026-05-04 09:18:14.477190,0,nan,nan,nan,nan,nan,nan,0.090164,-0.047581,0.536419,nan,nan,nan,nan,nan,nan,-2.941007,0.008066,0.998886
2026-05-04 09:18:14.493236,0,nan,nan,nan,nan,nan,nan,0.086389,-0.047702,0.539996,nan,nan,nan,nan,nan,nan,-2.93061,0.010677,0.987593
2026-05-04 09:18:14.510231,0,nan,nan,nan,nan,nan,nan,0.084325,-0.047711,0.540725,nan,nan,nan,nan,nan,nan,-2.947096,0.011404,0.968125
2026-05-04 09:18:14.526341,0,nan,nan,nan,nan,nan,nan,0.080629,-0.047956,0.544255,nan,nan,nan,nan,nan,nan,-2.958125,0.005157,0.956875
2026-05-04 09:18:14.542318,0,nan,nan,nan,nan,nan,nan,0.078567,-0.047985,0.544429,nan,nan,nan,nan,nan,nan,-2.964473,-0.004363,0.967892
2026-05-04 09:18:14.558313,0,nan,nan,nan,nan,nan,nan,0.074356,-0.047845,0.547474,nan,nan,nan,nan,nan,nan,-2.953847,0.014253,0.959458
2026-05-04 09:18:14.573667,0,nan,nan,nan,nan,nan,nan,0.070152,-0.047837,0.549619,nan,nan,nan,nan,nan,nan,-2.963995,0.011578,0.954769
2026-05-04 09:18:14.590163,0,nan,nan,nan,nan,nan,nan,0.068207,-0.047991,0.551391,nan,nan,nan,nan,nan,nan,-2.972983,0.016317,0.940304
2026-05-04 09:18:14.606867,0,nan,nan,nan,nan,nan,nan,0.065461,-0.047854,0.550957,nan,nan,nan,nan,nan,nan,-2.966079,0.015353,0.944667
2026-05-04 09:18:14.623110,0,nan,nan,nan,nan,nan,nan,0.06085,-0.048033,0.553031,nan,nan,nan,nan,nan,nan,-2.956527,0.014187,0.951174
2026-05-04 09:18:14.639476,0,nan,nan,nan,nan,nan,nan,0.056299,-0.048446,0.556297,nan,nan,nan,nan,nan,nan,-2.962789,0.013183,0.928799
2026-05-04 09:18:14.655603,0,nan,nan,nan,nan,nan,nan,0.051323,-0.048569,0.558663,nan,nan,nan,nan,nan,nan,-2.937191,0.017854,0.945905
2026-05-04 09:18:14.671890,0,nan,nan,nan,nan,nan,nan,0.048545,-0.048515,0.559408,nan,nan,nan,nan,nan,nan,-2.952558,0.011359,0.947043
2026-05-04 09:18:14.688051,0,nan,nan,nan,nan,nan,nan,0.043208,-0.048044,0.559519,nan,nan,nan,nan,nan,nan,-2.956662,0.010803,0.975081
2026-05-04 09:18:14.705362,0,nan,nan,nan,nan,nan,nan,0.037964,-0.048166,0.560825,nan,nan,nan,nan,nan,nan,-2.971471,0.004045,0.996204
2026-05-04 09:18:14.721900,0,nan,nan,nan,nan,nan,nan,0.035247,-0.048329,0.561301,nan,nan,nan,nan,nan,nan,-2.937798,0.014594,1.005134
2026-05-04 09:18:14.738042,0,nan,nan,nan,nan,nan,nan,0.03242,-0.048615,0.561555,nan,nan,nan,nan,nan,nan,-2.937095,0.000346,1.021401
2026-05-04 09:18:14.756937,0,nan,nan,nan,nan,nan,nan,0.023851,-0.048812,0.564664,nan,nan,nan,nan,nan,nan,-2.909489,0.010005,1.044986
2026-05-04 09:18:14.776352,0,nan,nan,nan,nan,nan,nan,0.017543,-0.048821,0.563493,nan,nan,nan,nan,nan,nan,-2.916375,-0.007533,1.072491
2026-05-04 09:18:14.797265,0,nan,nan,nan,nan,nan,nan,0.010867,-0.048702,0.563996,nan,nan,nan,nan,nan,nan,-2.908185,0.004706,1.102015
2026-05-04 09:18:14.813862,0,0.17708,-0.04766,0.475953,nan,nan,nan,0.004528,-0.048704,0.562815,-2.811189,0.053664,-1.333976,nan,nan,nan,-2.899098,0.001057,1.127731
2026-05-04 09:18:14.830755,0,0.173942,-0.047606,0.475547,nan,nan,nan,0.001596,-0.048798,0.563585,-2.820409,0.05153,-1.316457,nan,nan,nan,-2.892662,-0.007257,1.144346
2026-05-04 09:18:14.848234,0,0.169987,-0.047496,0.473319,nan,nan,nan,-0.001488,-0.04882,0.564077,-2.828726,0.059734,-1.311584,nan,nan,nan,-2.862898,0.008282,1.151978
2026-05-04 09:18:14.864878,0,0.157212,-0.047143,0.465865,nan,nan,nan,-0.010889,-0.048804,0.561398,-2.841065,0.055683,-1.260259,nan,nan,nan,-2.852522,-0.008366,1.204624
2026-05-04 09:18:14.881561,0,0.152798,-0.046936,0.46145,nan,nan,nan,-0.013983,-0.048738,0.56107,-2.844066,0.054406,-1.241171,nan,nan,nan,-2.842246,-0.007989,1.221443
2026-05-04 09:18:14.898772,0,0.149425,-0.046885,0.459925,nan,nan,nan,-0.016515,-0.04877,0.561159,-2.851698,0.052695,-1.226005,nan,nan,nan,-2.833339,-0.010497,1.242775
2026-05-04 09:18:14.915103,0,0.137006,-0.046369,0.451265,nan,nan,nan,-0.024569,-0.048549,0.555626,-2.87804,0.052386,-1.159812,nan,nan,nan,-2.808921,-0.004833,1.302472
2026-05-04 09:18:14.931139,0,0.133196,-0.046344,0.449292,nan,nan,nan,-0.027304,-0.048546,0.555542,-2.896348,0.044143,-1.121252,nan,nan,nan,-2.782236,-0.000376,1.334405
2026-05-04 09:18:14.947961,0,0.128302,-0.046016,0.44372,nan,nan,nan,-0.029813,-0.048461,0.553533,-2.906492,0.05034,-1.093195,nan,nan,nan,-2.784427,-0.011783,1.367143
2026-05-04 09:18:14.964181,0,0.116027,-0.045567,0.432893,nan,nan,nan,-0.037034,-0.048629,0.550169,-2.934283,0.037305,-1.026554,nan,nan,nan,-2.757454,-0.006238,1.432088
2026-05-04 09:18:14.982489,0,0.111618,-0.045303,0.427781,nan,nan,nan,nan,nan,nan,-2.943954,0.035491,-0.991802,nan,nan,nan,nan,nan,nan
2026-05-04 09:18:14.998502,0,0.104498,-0.045043,0.42211,nan,nan,nan,-0.043654,-0.048978,0.548874,-2.962595,0.033413,-0.937193,nan,nan,nan,-2.739901,-0.018224,1.488111
2026-05-04 09:18:15.014826,0,0.09712,-0.044683,0.41473,nan,nan,nan,-0.047148,-0.048729,0.544764,-2.978992,0.031802,-0.889126,nan,nan,nan,-2.707197,-0.025539,1.541846
2026-05-04 09:18:15.031449,0,0.093658,-0.044494,0.410814,nan,nan,nan,nan,nan,nan,-2.980384,0.03227,-0.876801,nan,nan,nan,nan,nan,nan
2026-05-04 09:18:15.047698,0,0.087112,-0.044141,0.403608,nan,nan,nan,-0.05248,-0.048804,0.54331,-2.995219,0.032439,-0.84832,nan,nan,nan,-2.67132,-0.001879,1.573816
2026-05-04 09:18:15.064638,0,0.080765,-0.043769,0.395929,nan,nan,nan,nan,nan,nan,-3.002086,0.025904,-0.80488,nan,nan,nan,nan,nan,nan
2026-05-04 09:18:15.081846,0,0.077821,-0.043655,0.393533,nan,nan,nan,nan,nan,nan,-3.002473,0.027907,-0.789177,nan,nan,nan,nan,nan,nan
2026-05-04 09:18:15.098502,0,0.071845,-0.043364,0.387572,nan,nan,nan,nan,nan,nan,-3.01212,0.02753,-0.762197,nan,nan,nan,nan,nan,nan
2026-05-04 09:18:15.115528,0,0.066056,-0.04301,0.380312,nan,nan,nan,nan,nan,nan,-3.024552,0.022503,-0.713671,nan,nan,nan,nan,nan,nan
2026-05-04 09:18:15.132275,0,0.063194,-0.042869,0.377381,nan,nan,nan,nan,nan,nan,-3.02388,0.024121,-0.701046,nan,nan,nan,nan,nan,nan
2026-05-04 09:18:15.149065,0,0.057907,-0.042756,0.372257,nan,nan,nan,nan,nan,nan,-3.041669,0.025576,-0.69102,nan,nan,nan,nan,nan,nan
2026-05-04 09:18:15.165889,0,0.053696,-0.042416,0.36807,nan,nan,nan,nan,nan,nan,-3.041733,0.02442,-0.639778,nan,nan,nan,nan,nan,nan
2026-05-04 09:18:15.189333,0,0.051723,-0.042443,0.367577,nan,nan,nan,nan,nan,nan,-3.036873,0.022738,-0.64393,nan,nan,nan,nan,nan,nan
2026-05-04 09:18:15.205858,0,0.045557,-0.041983,0.359091,nan,nan,nan,nan,nan,nan,-3.059161,0.026077,-0.587941,nan,nan,nan,nan,nan,nan
2026-05-04 09:18:15.222424,0,0.043912,-0.041912,0.357685,nan,nan,nan,nan,nan,nan,-3.05098,0.020869,-0.576519,nan,nan,nan,nan,nan,nan
2026-05-04 09:18:15.239946,0,0.042233,-0.041768,0.354801,nan,nan,nan,nan,nan,nan,-3.057228,0.029118,-0.588896,nan,nan,nan,nan,nan,nan
2026-05-04 09:18:15.255980,0,0.038661,-0.042203,0.352184,nan,nan,nan,nan,nan,nan,-3.075585,0.027136,-0.52707,nan,nan,nan,nan,nan,nan
2026-05-04 09:18:15.272391,0,0.037757,-0.042149,0.350435,nan,nan,nan,nan,nan,nan,-3.066767,0.026049,-0.517912,nan,nan,nan,nan,nan,nan
2026-05-04 09:18:15.288785,0,0.036337,-0.041994,0.347168,nan,nan,nan,nan,nan,nan,-3.078913,0.021578,-0.505938,nan,nan,nan,nan,nan,nan
2026-05-04 09:18:15.305758,0,0.035458,-0.041887,0.345022,nan,nan,nan,nan,nan,nan,-3.089321,0.028378,-0.502627,nan,nan,nan,nan,nan,nan
2026-05-04 09:18:15.322229,0,0.034105,-0.041763,0.342114,nan,nan,nan,nan,nan,nan,-3.071658,0.02087,-0.479172,nan,nan,nan,nan,nan,nan
2026-05-04 09:18:15.345967,0,0.032881,-0.041641,0.339696,nan,nan,nan,nan,nan,nan,-3.0741,0.01424,-0.458827,nan,nan,nan,nan,nan,nan
2026-05-04 09:18:15.362563,0,0.031745,-0.041517,0.33723,nan,nan,nan,nan,nan,nan,-3.075704,0.01519,-0.438347,nan,nan,nan,nan,nan,nan
2026-05-04 09:18:15.379338,0,0.031073,-0.041396,0.33493,nan,nan,nan,nan,nan,nan,-3.085081,0.016119,-0.442895,nan,nan,nan,nan,nan,nan
2026-05-04 09:18:15.401497,0,0.030184,-0.041247,0.331976,nan,nan,nan,nan,nan,nan,-3.088127,0.016028,-0.426364,nan,nan,nan,nan,nan,nan
2026-05-04 09:18:15.418067,0,0.029324,-0.041151,0.329926,nan,nan,nan,nan,nan,nan,-3.074705,0.017089,-0.424949,nan,nan,nan,nan,nan,nan
2026-05-04 09:18:15.433960,0,0.028813,-0.041057,0.328115,nan,nan,nan,nan,nan,nan,-3.082341,0.012042,-0.400985,nan,nan,nan,nan,nan,nan
2026-05-04 09:18:15.450461,0,0.028143,-0.040989,0.326724,nan,nan,nan,nan,nan,nan,-3.07513,0.015335,-0.419089,nan,nan,nan,nan,nan,nan
2026-05-04 09:18:15.470223,0,0.027021,-0.04084,0.323803,nan,nan,nan,nan,nan,nan,-3.082382,0.01302,-0.40783,nan,nan,nan,nan,nan,nan
2026-05-04 09:18:15.488330,0,0.026263,-0.040723,0.321465,nan,nan,nan,nan,nan,nan,-3.077701,0.019807,-0.433958,nan,nan,nan,nan,nan,nan
2026-05-04 09:18:15.504996,0,0.025244,-0.040573,0.318548,nan,nan,nan,nan,nan,nan,-3.084936,0.020943,-0.416986,nan,nan,nan,nan,nan,nan
2026-05-04 09:18:15.521476,0,0.024819,-0.040551,0.318008,nan,nan,nan,nan,nan,nan,-3.077965,0.013828,-0.384709,nan,nan,nan,nan,nan,nan
2026-05-04 09:18:15.538117,0,0.023621,-0.040432,0.315848,nan,nan,nan,nan,nan,nan,-3.085005,0.022835,-0.402452,nan,nan,nan,nan,nan,nan
2026-05-04 09:18:15.554899,0,0.022574,-0.040318,0.313642,nan,nan,nan,nan,nan,nan,-3.091714,0.018699,-0.39047,nan,nan,nan,nan,nan,nan
2026-05-04 09:18:15.572430,0,0.022124,-0.040255,0.312121,nan,nan,nan,nan,nan,nan,-3.090264,0.022635,-0.386989,nan,nan,nan,nan,nan,nan
2026-05-04 09:18:15.590241,0,0.021356,-0.04014,0.310078,nan,nan,nan,nan,nan,nan,-3.09794,0.02101,-0.388427,nan,nan,nan,nan,nan,nan
2026-05-04 09:18:15.607764,0,0.020217,-0.040038,0.308056,nan,nan,nan,nan,nan,nan,-3.095592,0.025253,-0.412249,nan,nan,nan,nan,nan,nan
2026-05-04 09:18:15.624847,0,0.018929,-0.039906,0.305185,nan,nan,nan,nan,nan,nan,-3.074266,0.016569,-0.370012,nan,nan,nan,nan,nan,nan
2026-05-04 09:18:15.642586,0,0.018363,-0.039853,0.304179,nan,nan,nan,nan,nan,nan,-3.080039,0.018246,-0.384717,nan,nan,nan,nan,nan,nan
2026-05-04 09:18:15.659918,0,0.017369,-0.039715,0.301399,nan,nan,nan,nan,nan,nan,-3.072785,0.016939,-0.379578,nan,nan,nan,nan,nan,nan
2026-05-04 09:18:15.677243,0,0.015915,-0.039575,0.298629,nan,nan,nan,nan,nan,nan,-3.076811,0.017564,-0.371771,nan,nan,nan,nan,nan,nan
2026-05-04 09:18:15.695446,0,0.014968,-0.039478,0.296695,nan,nan,nan,nan,nan,nan,-3.079348,0.01427,-0.353676,nan,nan,nan,nan,nan,nan
2026-05-04 09:18:15.713189,0,0.014385,-0.039395,0.295065,nan,nan,nan,nan,nan,nan,-3.080006,0.018741,-0.378734,nan,nan,nan,nan,nan,nan
2026-05-04 09:18:15.730047,0,0.012967,-0.039246,0.291982,nan,nan,nan,nan,nan,nan,-3.076895,0.019555,-0.380127,nan,nan,nan,nan,nan,nan
2026-05-04 09:18:15.747528,0,0.012187,-0.039632,0.290859,nan,nan,nan,nan,nan,nan,-3.102539,0.018683,-0.320146,nan,nan,nan,nan,nan,nan
2026-05-04 09:18:15.764337,0,0.011768,-0.039544,0.288166,nan,nan,nan,nan,nan,nan,-3.097724,0.017737,-0.329392,nan,nan,nan,nan,nan,nan
2026-05-04 09:18:15.781607,0,0.011664,-0.039434,0.286248,nan,nan,nan,nan,nan,nan,-3.112933,0.021649,-0.354846,nan,nan,nan,nan,nan,nan
2026-05-04 09:18:15.799823,0,0.011538,-0.039341,0.284017,nan,nan,nan,nan,nan,nan,-3.094847,0.012485,-0.314747,nan,nan,nan,nan,nan,nan
2026-05-04 09:18:15.817291,0,0.011559,-0.039168,0.281207,nan,nan,nan,nan,nan,nan,-3.10219,0.0184,-0.335668,nan,nan,nan,nan,nan,nan
2026-05-04 09:18:15.835440,0,0.011556,-0.039032,0.278396,nan,nan,nan,nan,nan,nan,-3.094558,0.018858,-0.342779,nan,nan,nan,nan,nan,nan
2026-05-04 09:18:15.853254,0,0.011434,-0.038929,0.276565,nan,nan,nan,nan,nan,nan,-3.097425,0.023927,-0.351571,nan,nan,nan,nan,nan,nan
2026-05-04 09:18:15.871092,0,0.011396,-0.038841,0.274726,nan,nan,nan,nan,nan,nan,-3.104286,0.021622,-0.36201,nan,nan,nan,nan,nan,nan
2026-05-04 09:18:15.888475,0,0.011835,-0.038717,0.272064,nan,nan,nan,nan,nan,nan,-3.091907,0.016662,-0.35816,nan,nan,nan,nan,nan,nan
2026-05-04 09:18:15.907052,0,0.012068,-0.03865,0.270735,nan,nan,nan,nan,nan,nan,-3.087293,0.014743,-0.342377,nan,nan,nan,nan,nan,nan
2026-05-04 09:18:15.925364,0,0.012458,-0.038528,0.268403,nan,nan,nan,nan,nan,nan,-3.08638,0.01912,-0.370608,nan,nan,nan,nan,nan,nan
2026-05-04 09:18:15.943298,0,0.013049,-0.038438,0.266685,nan,nan,nan,nan,nan,nan,-3.087966,0.013629,-0.355039,nan,nan,nan,nan,nan,nan
2026-05-04 09:18:15.961260,0,0.013613,-0.038326,0.264644,nan,nan,nan,nan,nan,nan,-3.0958,0.017369,-0.365467,nan,nan,nan,nan,nan,nan
2026-05-04 09:18:15.979304,0,0.014402,-0.03823,0.262877,nan,nan,nan,nan,nan,nan,-3.103278,0.02094,-0.391793,nan,nan,nan,nan,nan,nan
2026-05-04 09:18:15.997236,0,0.015154,-0.038169,0.261673,nan,nan,nan,nan,nan,nan,-3.098742,0.017975,-0.369726,nan,nan,nan,nan,nan,nan
2026-05-04 09:18:16.015185,0,0.016023,-0.03811,0.26038,nan,nan,nan,nan,nan,nan,-3.085402,0.016252,-0.373227,nan,nan,nan,nan,nan,nan
2026-05-04 09:18:16.033881,0,0.01627,-0.038053,0.259456,nan,nan,nan,nan,nan,nan,-3.095827,0.023748,-0.403385,nan,nan,nan,nan,nan,nan
2026-05-04 09:18:16.052608,0,0.016906,-0.038027,0.258658,nan,nan,nan,nan,nan,nan,-3.077403,0.015135,-0.390044,nan,nan,nan,nan,nan,nan
2026-05-04 09:18:16.071290,0,0.017805,-0.038386,0.258943,nan,nan,nan,nan,nan,nan,-3.090498,0.015897,-0.376287,nan,nan,nan,nan,nan,nan
2026-05-04 09:18:16.089192,0,0.018701,-0.038437,0.258353,nan,nan,nan,nan,nan,nan,-3.092252,0.015823,-0.38145,nan,nan,nan,nan,nan,nan
2026-05-04 09:18:16.107442,0,0.019768,-0.038391,0.257518,nan,nan,nan,nan,nan,nan,-3.090371,0.012386,-0.355292,nan,nan,nan,nan,nan,nan
2026-05-04 09:18:16.124984,0,0.020636,-0.038345,0.25669,nan,nan,nan,nan,nan,nan,-3.090117,0.012303,-0.36426,nan,nan,nan,nan,nan,nan
2026-05-04 09:18:16.143800,0,0.021077,-0.038327,0.256506,nan,nan,nan,nan,nan,nan,-3.089231,0.013454,-0.365524,nan,nan,nan,nan,nan,nan
2026-05-04 09:18:16.161656,0,0.021962,-0.038297,0.255943,nan,nan,nan,nan,nan,nan,-3.088368,0.012709,-0.372807,nan,nan,nan,nan,nan,nan
2026-05-04 09:18:16.180611,0,0.022642,-0.038224,0.255011,nan,nan,nan,nan,nan,nan,-3.095324,0.017276,-0.410527,nan,nan,nan,nan,nan,nan
2026-05-04 09:18:16.198481,0,0.023521,-0.038286,0.255441,nan,nan,nan,nan,nan,nan,-3.093049,0.017107,-0.406763,nan,nan,nan,nan,nan,nan
2026-05-04 09:18:16.216520,0,0.023955,-0.038288,0.255405,nan,nan,nan,nan,nan,nan,-3.096922,0.016327,-0.40402,nan,nan,nan,nan,nan,nan
2026-05-04 09:18:16.235065,0,0.024794,-0.038275,0.255488,nan,nan,nan,nan,nan,nan,-3.101747,0.021513,-0.418783,nan,nan,nan,nan,nan,nan
2026-05-04 09:18:16.253816,0,0.025413,-0.038387,0.257436,nan,nan,nan,nan,nan,nan,-3.088152,0.014766,-0.410354,nan,nan,nan,nan,nan,nan
2026-05-04 09:18:16.271561,0,0.026259,-0.038498,0.259487,nan,nan,nan,nan,nan,nan,-3.083155,0.013895,-0.42217,nan,nan,nan,nan,nan,nan
2026-05-04 09:18:16.289272,0,0.027061,-0.038598,0.261454,nan,nan,nan,nan,nan,nan,-3.095581,0.019363,-0.432652,nan,nan,nan,nan,nan,nan
2026-05-04 09:18:16.307428,0,0.02836,-0.038759,0.264767,nan,nan,nan,nan,nan,nan,-3.092141,0.018533,-0.442606,nan,nan,nan,nan,nan,nan
2026-05-04 09:18:16.325610,0,0.030385,-0.038764,0.267569,nan,nan,nan,nan,nan,nan,-3.09036,0.007964,-0.459865,nan,nan,nan,nan,nan,nan
2026-05-04 09:18:16.343977,0,0.031658,-0.038863,0.269521,nan,nan,nan,nan,nan,nan,-3.080188,0.010657,-0.494263,nan,nan,nan,nan,nan,nan
2026-05-04 09:18:16.362495,0,0.034238,-0.039009,0.273271,nan,nan,nan,nan,nan,nan,-3.091356,0.006588,-0.479376,nan,nan,nan,nan,nan,nan
2026-05-04 09:18:16.381268,0,0.036972,-0.03926,0.276995,nan,nan,nan,nan,nan,nan,-3.077382,0.012077,-0.527824,nan,nan,nan,nan,nan,nan
2026-05-04 09:18:16.399552,0,0.040554,-0.03918,0.280989,nan,nan,nan,nan,nan,nan,-3.069424,0.020973,-0.532962,nan,nan,nan,nan,nan,nan
2026-05-04 09:18:16.418815,0,0.04436,-0.039403,0.285198,nan,nan,nan,nan,nan,nan,-3.065609,0.019396,-0.521978,nan,nan,nan,nan,nan,nan
2026-05-04 09:18:16.437082,0,0.048119,-0.039623,0.289378,nan,nan,nan,nan,nan,nan,-3.060288,0.020254,-0.532236,nan,nan,nan,nan,nan,nan
2026-05-04 09:18:16.455789,0,0.05,-0.039684,0.290992,nan,nan,nan,nan,nan,nan,-3.076453,0.028053,-0.551125,nan,nan,nan,nan,nan,nan
2026-05-04 09:18:16.473967,0,0.053997,-0.039759,0.294971,nan,nan,nan,nan,nan,nan,-3.056384,0.027772,-0.555038,nan,nan,nan,nan,nan,nan
2026-05-04 09:18:16.492196,0,0.057627,-0.039487,0.296391,nan,nan,nan,nan,nan,nan,-3.068172,0.029103,-0.569966,nan,nan,nan,nan,nan,nan
2026-05-04 09:18:16.510491,0,0.061931,-0.039651,0.300102,nan,nan,nan,nan,nan,nan,-3.060973,0.020145,-0.557641,nan,nan,nan,nan,nan,nan
2026-05-04 09:18:16.528733,0,0.067171,-0.039796,0.303013,nan,nan,nan,nan,nan,nan,-3.056416,0.024891,-0.600859,nan,nan,nan,nan,nan,nan
2026-05-04 09:18:16.549469,0,0.070054,-0.039887,0.304777,nan,nan,nan,nan,nan,nan,-3.054026,0.025055,-0.602241,nan,nan,nan,nan,nan,nan
2026-05-04 09:18:16.569375,0,0.079468,-0.040143,0.310017,nan,nan,nan,nan,nan,nan,-3.053314,0.021421,-0.61069,nan,nan,nan,nan,nan,nan
2026-05-04 09:18:16.589354,0,0.086901,-0.040347,0.313904,nan,nan,nan,nan,nan,nan,-3.044087,0.023858,-0.646094,nan,nan,nan,nan,nan,nan
2026-05-04 09:18:16.609088,0,0.094533,-0.040495,0.316978,nan,nan,nan,-0.028112,-0.044827,0.472224,-3.041575,0.024553,-0.662621,nan,nan,nan,-2.566577,-0.009188,1.741607
2026-05-04 09:18:16.630387,0,0.102302,-0.040626,0.319537,nan,nan,nan,-0.022039,-0.044826,0.47149,-3.02967,0.023703,-0.691722,nan,nan,nan,-2.598261,-0.012341,1.7093
2026-05-04 09:18:16.650130,0,0.110479,-0.040765,0.322334,nan,nan,nan,nan,nan,nan,-3.032569,0.025829,-0.697949,nan,nan,nan,nan,nan,nan
2026-05-04 09:18:16.669101,0,0.119009,-0.040876,0.324421,nan,nan,nan,nan,nan,nan,-3.027387,0.024932,-0.735578,nan,nan,nan,nan,nan,nan
2026-05-04 09:18:16.688084,0,0.127623,-0.041145,0.327793,nan,nan,nan,-0.00201,-0.045004,0.472932,-3.022069,0.020344,-0.763988,nan,nan,nan,-2.622547,-0.014146,1.665369
2026-05-04 09:18:16.706332,0,0.136761,-0.041441,0.331123,nan,nan,nan,0.004874,-0.045302,0.474398,-3.013682,0.015219,-0.791396,nan,nan,nan,-2.653628,-0.01389,1.633596
2026-05-04 09:18:16.725122,0,0.141474,-0.041569,0.332812,nan,nan,nan,nan,nan,nan,-3.012946,0.01687,-0.8021,nan,nan,nan,nan,nan,nan
2026-05-04 09:18:16.745063,0,0.151062,-0.04145,0.335876,nan,nan,nan,0.015968,-0.045344,0.475357,-2.994323,0.026128,-0.823319,nan,nan,nan,-2.674157,-0.017686,1.604782
2026-05-04 09:18:16.765113,0,0.161099,-0.041919,0.340401,nan,nan,nan,nan,nan,nan,-2.99129,0.021269,-0.862121,nan,nan,nan,nan,nan,nan
2026-05-04 09:18:16.785476,0,0.171163,-0.04202,0.344239,nan,nan,nan,0.030534,-0.045498,0.477832,-2.982513,0.022752,-0.897297,nan,nan,nan,-2.71607,-0.007704,1.534419
2026-05-04 09:18:16.805024,0,0.181622,-0.042105,0.348869,nan,nan,nan,0.038061,-0.045625,0.480143,-2.960407,0.030112,-0.937665,nan,nan,nan,-2.726409,-0.006732,1.503185
2026-05-04 09:18:16.824333,0,0.191938,-0.042334,0.353455,nan,nan,nan,0.045511,-0.045349,0.479443,-2.954969,0.041757,-0.980979,nan,nan,nan,-2.744709,-0.014706,1.482098
2026-05-04 09:18:16.842939,0,0.202912,-0.042678,0.360226,nan,nan,nan,0.052799,-0.045285,0.482405,-2.935771,0.038385,-1.017815,nan,nan,nan,-2.7628,-0.003421,1.423165
2026-05-04 09:18:16.861487,0,0.212729,-0.042978,0.366214,nan,nan,nan,0.060026,-0.0453,0.483202,-2.92508,0.042439,-1.0621,nan,nan,nan,-2.774125,-0.012302,1.41556
2026-05-04 09:18:16.879769,0,nan,nan,nan,nan,nan,nan,0.066737,-0.045412,0.485903,nan,nan,nan,nan,nan,nan,-2.788087,0.001882,1.367909
2026-05-04 09:18:16.898223,0,0.229609,-0.043517,0.376981,nan,nan,nan,0.073494,-0.04563,0.490249,-2.904409,0.052082,-1.136907,nan,nan,nan,-2.799854,-0.002029,1.341416
2026-05-04 09:18:16.917738,0,nan,nan,nan,nan,nan,nan,0.079526,-0.045798,0.493246,nan,nan,nan,nan,nan,nan,-2.798796,-0.000354,1.314325
2026-05-04 09:18:16.936390,0,nan,nan,nan,nan,nan,nan,0.082128,-0.045897,0.495181,nan,nan,nan,nan,nan,nan,-2.823934,-0.002441,1.278198
2026-05-04 09:18:16.954508,0,nan,nan,nan,nan,nan,nan,0.087189,-0.046007,0.498022,nan,nan,nan,nan,nan,nan,-2.834375,-0.00539,1.270286
2026-05-04 09:18:16.973150,0,nan,nan,nan,nan,nan,nan,0.090922,-0.046051,0.501046,nan,nan,nan,nan,nan,nan,-2.867902,-0.007478,1.230507
2026-05-04 09:18:16.990975,0,nan,nan,nan,nan,nan,nan,0.094586,-0.046319,0.507041,nan,nan,nan,nan,nan,nan,-2.864554,0.008182,1.192447
2026-05-04 09:18:17.008531,0,nan,nan,nan,nan,nan,nan,0.096496,-0.046416,0.509074,nan,nan,nan,nan,nan,nan,-2.898804,-0.005183,1.166889
2026-05-04 09:18:17.026864,0,nan,nan,nan,nan,nan,nan,0.09729,-0.046461,0.512793,nan,nan,nan,nan,nan,nan,-2.899494,0.00262,1.139641
2026-05-04 09:18:17.044500,0,nan,nan,nan,nan,nan,nan,0.097816,-0.046587,0.517578,nan,nan,nan,nan,nan,nan,-2.884576,0.022044,1.121005
2026-05-04 09:18:17.063239,0,nan,nan,nan,nan,nan,nan,0.097273,-0.04659,0.517873,nan,nan,nan,nan,nan,nan,-2.919335,0.002433,1.121603
2026-05-04 09:18:17.080726,0,nan,nan,nan,nan,nan,nan,0.095929,-0.046634,0.520287,nan,nan,nan,nan,nan,nan,-2.926949,0.003916,1.102626
2026-05-04 09:18:17.098637,0,nan,nan,nan,nan,nan,nan,0.0945,-0.046906,0.523141,nan,nan,nan,nan,nan,nan,-2.926776,0.003414,1.080599
2026-05-04 09:18:17.118373,0,nan,nan,nan,nan,nan,nan,0.093114,-0.047066,0.524946,nan,nan,nan,nan,nan,nan,-2.921315,0.005669,1.06336
2026-05-04 09:18:17.135914,0,nan,nan,nan,nan,nan,nan,0.088991,-0.047257,0.529899,nan,nan,nan,nan,nan,nan,-2.924077,0.009758,1.046118
2026-05-04 09:18:17.153567,0,nan,nan,nan,nan,nan,nan,0.087281,-0.047298,0.529612,nan,nan,nan,nan,nan,nan,-2.954908,0.000591,1.029405
2026-05-04 09:18:17.172070,0,nan,nan,nan,nan,nan,nan,0.083481,-0.047348,0.532131,nan,nan,nan,nan,nan,nan,-2.935973,0.004323,1.044263
2026-05-04 09:18:17.190291,0,nan,nan,nan,nan,nan,nan,0.080074,-0.047412,0.533943,nan,nan,nan,nan,nan,nan,-2.919197,0.011551,1.043061
2026-05-04 09:18:17.207444,0,nan,nan,nan,nan,nan,nan,0.075921,-0.04709,0.53352,nan,nan,nan,nan,nan,nan,-2.950547,0.00585,1.032595
2026-05-04 09:18:17.225990,0,nan,nan,nan,nan,nan,nan,0.074005,-0.047116,0.534026,nan,nan,nan,nan,nan,nan,-2.940533,0.011457,1.027622
2026-05-04 09:18:17.243741,0,nan,nan,nan,nan,nan,nan,0.070145,-0.047195,0.537514,nan,nan,nan,nan,nan,nan,-2.935747,0.015586,1.014212
2026-05-04 09:18:17.261869,0,nan,nan,nan,nan,nan,nan,0.065506,-0.04724,0.536091,nan,nan,nan,nan,nan,nan,-2.945721,0.008329,1.013031
2026-05-04 09:18:17.280023,0,nan,nan,nan,nan,nan,nan,0.061823,-0.047646,0.540013,nan,nan,nan,nan,nan,nan,-2.928483,0.00849,1.003736
2026-05-04 09:18:17.298200,0,nan,nan,nan,nan,nan,nan,0.057587,-0.047816,0.542387,nan,nan,nan,nan,nan,nan,-2.946011,0.009167,0.985942
2026-05-04 09:18:17.315278,0,nan,nan,nan,nan,nan,nan,0.05338,-0.047935,0.543831,nan,nan,nan,nan,nan,nan,-2.941569,0.004935,0.985575
2026-05-04 09:18:17.333124,0,nan,nan,nan,nan,nan,nan,0.051154,-0.047904,0.544787,nan,nan,nan,nan,nan,nan,-2.927508,0.014797,0.980903
2026-05-04 09:18:17.351825,0,nan,nan,nan,nan,nan,nan,0.046122,-0.047568,0.545273,nan,nan,nan,nan,nan,nan,-2.922518,0.022582,0.978841
2026-05-04 09:18:17.370651,0,nan,nan,nan,nan,nan,nan,0.041123,-0.047546,0.54602,nan,nan,nan,nan,nan,nan,-2.939565,0.011152,0.992213
2026-05-04 09:18:17.389803,0,nan,nan,nan,nan,nan,nan,0.035946,-0.047692,0.546193,nan,nan,nan,nan,nan,nan,-2.9161,0.020211,0.988502
2026-05-04 09:18:17.408538,0,nan,nan,nan,nan,nan,nan,0.030957,-0.048104,0.547937,nan,nan,nan,nan,nan,nan,-2.928584,0.009433,0.979102
2026-05-04 09:18:17.425159,0,nan,nan,nan,nan,nan,nan,0.02539,-0.047998,0.54651,nan,nan,nan,nan,nan,nan,-2.945207,0.004746,0.999507
2026-05-04 09:18:17.443337,0,nan,nan,nan,nan,nan,nan,0.02243,-0.048075,0.547217,nan,nan,nan,nan,nan,nan,-2.94671,-0.001083,1.004559
2026-05-04 09:18:17.461328,0,nan,nan,nan,nan,nan,nan,0.015968,-0.047994,0.546553,nan,nan,nan,nan,nan,nan,-2.935818,-0.00375,1.037764
2026-05-04 09:18:17.479728,0,nan,nan,nan,nan,nan,nan,0.009766,-0.04798,0.547309,nan,nan,nan,nan,nan,nan,-2.921835,0.005743,1.046299
2026-05-04 09:18:17.497958,0,nan,nan,nan,nan,nan,nan,0.003019,-0.047817,0.544807,nan,nan,nan,nan,nan,nan,-2.897958,0.009809,1.099781
2026-05-04 09:18:17.516736,0,nan,nan,nan,nan,nan,nan,-0.000644,-0.047851,0.544631,nan,nan,nan,nan,nan,nan,-2.913389,-0.000997,1.102621
2026-05-04 09:18:17.534034,0,0.161461,-0.046801,0.458277,nan,nan,nan,-0.011377,-0.04797,0.544862,-2.816916,0.056417,-1.325014,nan,nan,nan,-2.888722,-0.000838,1.142058
2026-05-04 09:18:17.554164,0,0.156669,-0.04666,0.455358,nan,nan,nan,-0.015158,-0.047932,0.544185,-2.817988,0.054067,-1.319482,nan,nan,nan,-2.88515,-0.001503,1.147282
2026-05-04 09:18:17.572204,0,0.1479,-0.046555,0.453157,nan,nan,nan,-0.022803,-0.047905,0.544886,-2.828094,0.052256,-1.288893,nan,nan,nan,-2.870788,0.003326,1.173194
2026-05-04 09:18:17.591648,0,0.136843,-0.046235,0.447648,nan,nan,nan,-0.031274,-0.048009,0.544958,-2.84634,0.059608,-1.265775,nan,nan,nan,-2.85578,-0.007442,1.220902
2026-05-04 09:18:17.613289,0,0.12672,-0.046149,0.444802,nan,nan,nan,-0.03958,-0.048042,0.54382,-2.854692,0.046005,-1.222081,nan,nan,nan,-2.83802,-0.007477,1.246631
2026-05-04 09:18:17.631616,0,0.116126,-0.045949,0.440741,nan,nan,nan,nan,nan,nan,-2.866201,0.041556,-1.201328,nan,nan,nan,nan,nan,nan
2026-05-04 09:18:17.650176,0,0.104627,-0.045694,0.435568,nan,nan,nan,nan,nan,nan,-2.889028,0.048068,-1.165577,nan,nan,nan,nan,nan,nan
2026-05-04 09:18:17.667973,0,0.09425,-0.045578,0.433851,nan,nan,nan,nan,nan,nan,-2.901341,0.046362,-1.126751,nan,nan,nan,nan,nan,nan
2026-05-04 09:18:17.685791,0,0.08367,-0.04553,0.432209,nan,nan,nan,nan,nan,nan,-2.913015,0.046971,-1.103104,nan,nan,nan,nan,nan,nan
2026-05-04 09:18:17.703647,0,0.077888,-0.04538,0.429024,nan,nan,nan,-0.080067,-0.048002,0.545698,-2.904121,0.043572,-1.104363,nan,nan,nan,-2.790087,-0.005256,1.372553
2026-05-04 09:18:17.721833,0,0.067434,-0.045342,0.429881,nan,nan,nan,-0.089469,-0.048132,0.548026,-2.921558,0.052513,-1.065527,nan,nan,nan,-2.771385,-0.001788,1.390641
2026-05-04 09:18:17.740634,0,0.055476,-0.045208,0.424342,nan,nan,nan,nan,nan,nan,-2.922099,0.037079,-1.032943,nan,nan,nan,nan,nan,nan
2026-05-04 09:18:17.759012,0,0.043126,-0.044978,0.420921,nan,nan,nan,-0.107343,-0.048055,0.545617,-2.951615,0.041247,-1.011003,nan,nan,nan,-2.725241,-0.012153,1.477574
2026-05-04 09:18:17.777542,0,0.037048,-0.044974,0.42069,nan,nan,nan,-0.111513,-0.048068,0.544499,-2.949089,0.032743,-0.973921,nan,nan,nan,-2.723572,-0.019727,1.487032
2026-05-04 09:18:17.795425,0,0.019052,-0.045464,0.418366,nan,nan,nan,nan,nan,nan,-2.965033,0.054264,-0.913863,nan,nan,nan,nan,nan,nan
2026-05-04 09:18:17.813344,0,0.013706,-0.045374,0.418778,nan,nan,nan,nan,nan,nan,-2.961435,0.051807,-0.893498,nan,nan,nan,nan,nan,nan
2026-05-04 09:18:17.830961,0,0.003276,-0.045103,0.417601,nan,nan,nan,nan,nan,nan,-2.966336,0.038502,-0.875332,nan,nan,nan,nan,nan,nan
2026-05-04 09:18:17.849159,0,-0.008405,-0.045441,0.415932,nan,nan,nan,nan,nan,nan,-3.000552,0.044478,-0.854748,nan,nan,nan,nan,nan,nan
2026-05-04 09:18:17.867543,0,-0.020519,-0.045326,0.415489,nan,nan,nan,nan,nan,nan,-2.987259,0.03533,-0.796321,nan,nan,nan,nan,nan,nan
2026-05-04 09:18:17.886458,0,-0.032807,-0.045272,0.412991,nan,nan,nan,nan,nan,nan,-3.008561,0.037123,-0.764992,nan,nan,nan,nan,nan,nan
2026-05-04 09:18:17.905657,0,-0.03885,-0.045226,0.412,nan,nan,nan,nan,nan,nan,-3.026266,0.040793,-0.745635,nan,nan,nan,nan,nan,nan
2026-05-04 09:18:17.924913,0,-0.050306,-0.045057,0.410363,nan,nan,nan,nan,nan,nan,-3.039858,0.031842,-0.713141,nan,nan,nan,nan,nan,nan
2026-05-04 09:18:17.943483,0,-0.061302,-0.04512,0.41002,nan,nan,nan,nan,nan,nan,-3.020201,0.015676,-0.652475,nan,nan,nan,nan,nan,nan
2026-05-04 09:18:17.961509,0,-0.071812,-0.045016,0.408243,nan,nan,nan,nan,nan,nan,-3.029442,0.030165,-0.631384,nan,nan,nan,nan,nan,nan
2026-05-04 09:18:17.979865,0,-0.081994,-0.044931,0.406043,nan,nan,nan,nan,nan,nan,-3.063008,0.034567,-0.632608,nan,nan,nan,nan,nan,nan
2026-05-04 09:18:17.998226,0,-0.09285,-0.044862,0.404483,nan,nan,nan,nan,nan,nan,-3.066749,0.032829,-0.610733,nan,nan,nan,nan,nan,nan
2026-05-04 09:18:18.016349,0,-0.104333,-0.044817,0.403094,nan,nan,nan,nan,nan,nan,-3.050983,0.02945,-0.561685,nan,nan,nan,nan,nan,nan
2026-05-04 09:18:18.034310,0,-0.109084,-0.0447,0.400712,nan,nan,nan,nan,nan,nan,-3.078154,0.028559,-0.563248,nan,nan,nan,nan,nan,nan
2026-05-04 09:18:18.052259,0,-0.118404,-0.044577,0.398707,nan,nan,nan,nan,nan,nan,3.078782,-0.035659,0.589977,nan,nan,nan,nan,nan,nan
2026-05-04 09:18:18.071233,0,-0.12775,-0.044583,0.398024,nan,nan,nan,nan,nan,nan,-3.037684,0.028066,-0.576138,nan,nan,nan,nan,nan,nan
2026-05-04 09:18:18.090246,0,-0.135702,-0.04444,0.39576,nan,nan,nan,nan,nan,nan,-3.110769,0.023214,-0.423874,nan,nan,nan,nan,nan,nan
2026-05-04 09:18:18.109350,0,-0.143424,-0.044452,0.39558,nan,nan,nan,nan,nan,nan,-3.075104,0.019626,-0.500298,nan,nan,nan,nan,nan,nan
2026-05-04 09:18:18.128265,0,-0.150159,-0.044341,0.393267,nan,nan,nan,nan,nan,nan,-3.049121,0.013183,-0.415588,nan,nan,nan,nan,nan,nan
2026-05-04 09:18:18.147200,0,-0.156972,-0.044269,0.392,nan,nan,nan,nan,nan,nan,-3.031845,0.007585,-0.434381,nan,nan,nan,nan,nan,nan
2026-05-04 09:18:18.164275,0,-0.161779,-0.044015,0.386852,nan,nan,nan,nan,nan,nan,-3.092125,0.013565,-0.343527,nan,nan,nan,nan,nan,nan
2026-05-04 09:18:18.183146,0,-0.16496,-0.044023,0.386911,nan,nan,nan,nan,nan,nan,-3.075744,0.013662,-0.368523,nan,nan,nan,nan,nan,nan
2026-05-04 09:18:18.201362,0,-0.170125,-0.043949,0.385496,nan,nan,nan,nan,nan,nan,-3.056148,0.006614,-0.356064,nan,nan,nan,nan,nan,nan
2026-05-04 09:18:18.220406,0,-0.173516,-0.04375,0.381497,nan,nan,nan,nan,nan,nan,-3.079443,0.008703,-0.311051,nan,nan,nan,nan,nan,nan
2026-05-04 09:18:18.238848,0,-0.177287,-0.044008,0.380713,nan,nan,nan,nan,nan,nan,-3.058762,-0.005575,-0.331206,nan,nan,nan,nan,nan,nan
2026-05-04 09:18:18.257978,0,-0.179376,-0.044126,0.379187,nan,nan,nan,nan,nan,nan,-3.048947,-0.009422,-0.347893,nan,nan,nan,nan,nan,nan
2026-05-04 09:18:18.276257,0,-0.18108,-0.044026,0.377646,nan,nan,nan,nan,nan,nan,-3.056174,-0.011918,-0.339823,nan,nan,nan,nan,nan,nan
2026-05-04 09:18:18.295666,0,-0.180255,-0.043792,0.373898,nan,nan,nan,nan,nan,nan,-3.111405,0.001144,-0.321263,nan,nan,nan,nan,nan,nan
2026-05-04 09:18:18.313765,0,-0.181054,-0.04377,0.372887,nan,nan,nan,nan,nan,nan,-3.077785,-0.01124,-0.312441,nan,nan,nan,nan,nan,nan
2026-05-04 09:18:18.332329,0,-0.180702,-0.043652,0.371153,nan,nan,nan,nan,nan,nan,-3.079752,-0.008559,-0.319795,nan,nan,nan,nan,nan,nan
2026-05-04 09:18:18.350834,0,-0.179886,-0.043633,0.369273,nan,nan,nan,nan,nan,nan,-3.078196,-0.006141,-0.29714,nan,nan,nan,nan,nan,nan
2026-05-04 09:18:18.373231,0,-0.17915,-0.04362,0.367338,nan,nan,nan,nan,nan,nan,-3.068243,-0.004719,-0.287186,nan,nan,nan,nan,nan,nan
2026-05-04 09:18:18.390987,0,-0.177983,-0.043502,0.364434,nan,nan,nan,nan,nan,nan,-3.096198,-0.001881,-0.260766,nan,nan,nan,nan,nan,nan
2026-05-04 09:18:18.411459,0,-0.177003,-0.043378,0.361757,nan,nan,nan,nan,nan,nan,-3.119317,0.000909,-0.260404,nan,nan,nan,nan,nan,nan
2026-05-04 09:18:18.430398,0,-0.176802,-0.043369,0.36076,nan,nan,nan,nan,nan,nan,-3.087899,-0.007571,-0.226063,nan,nan,nan,nan,nan,nan
2026-05-04 09:18:18.448039,0,-0.176199,-0.043291,0.358781,nan,nan,nan,nan,nan,nan,-3.105914,-0.008448,-0.222512,nan,nan,nan,nan,nan,nan
2026-05-04 09:18:18.466241,0,-0.175237,-0.043214,0.356677,nan,nan,nan,nan,nan,nan,-3.118086,-0.003383,-0.1991,nan,nan,nan,nan,nan,nan
2026-05-04 09:18:18.484403,0,-0.17506,-0.043183,0.356325,nan,nan,nan,nan,nan,nan,-3.114084,-0.009013,-0.194483,nan,nan,nan,nan,nan,nan
2026-05-04 09:18:18.501608,0,-0.173616,-0.043308,0.354027,nan,nan,nan,nan,nan,nan,-3.118268,-0.010032,-0.213303,nan,nan,nan,nan,nan,nan
2026-05-04 09:18:18.520057,0,-0.173196,-0.043704,0.353405,nan,nan,nan,nan,nan,nan,-3.114743,-0.027478,-0.194664,nan,nan,nan,nan,nan,nan
2026-05-04 09:18:18.537909,0,-0.171148,-0.04317,0.349342,nan,nan,nan,nan,nan,nan,-3.130162,-0.013802,-0.188159,nan,nan,nan,nan,nan,nan
2026-05-04 09:18:18.555680,0,-0.170701,-0.043048,0.34908,nan,nan,nan,nan,nan,nan,-3.108196,-0.015852,-0.190546,nan,nan,nan,nan,nan,nan
2026-05-04 09:18:18.573674,0,-0.169789,-0.043014,0.34835,nan,nan,nan,nan,nan,nan,-3.095119,-0.020331,-0.208042,nan,nan,nan,nan,nan,nan
2026-05-04 09:18:18.593102,0,-0.167784,-0.042772,0.3465,nan,nan,nan,nan,nan,nan,-3.094173,-0.019479,-0.186756,nan,nan,nan,nan,nan,nan
2026-05-04 09:18:18.617622,0,-0.166433,-0.042562,0.344422,nan,nan,nan,nan,nan,nan,-3.115884,-0.00745,-0.201753,nan,nan,nan,nan,nan,nan
2026-05-04 09:18:18.637367,0,-0.163002,-0.042658,0.342666,nan,nan,nan,nan,nan,nan,-3.089261,-0.018554,-0.209751,nan,nan,nan,nan,nan,nan
2026-05-04 09:18:18.657075,0,-0.159872,-0.042605,0.340254,nan,nan,nan,nan,nan,nan,-3.100559,-0.017397,-0.210659,nan,nan,nan,nan,nan,nan
2026-05-04 09:18:18.674105,0,-0.157176,-0.042515,0.33842,nan,nan,nan,nan,nan,nan,-3.10213,-0.021345,-0.192836,nan,nan,nan,nan,nan,nan
2026-05-04 09:18:18.692416,0,-0.154313,-0.042448,0.33742,nan,nan,nan,nan,nan,nan,-3.104144,-0.016759,-0.183755,nan,nan,nan,nan,nan,nan
2026-05-04 09:18:18.711977,0,-0.150749,-0.042377,0.336384,nan,nan,nan,nan,nan,nan,-3.105074,-0.016007,-0.193502,nan,nan,nan,nan,nan,nan
2026-05-04 09:18:18.730973,0,-0.147118,-0.042327,0.335829,nan,nan,nan,nan,nan,nan,-3.087202,-0.020086,-0.200137,nan,nan,nan,nan,nan,nan
2026-05-04 09:18:18.749878,0,-0.142778,-0.042255,0.334868,nan,nan,nan,nan,nan,nan,-3.086857,-0.017287,-0.227993,nan,nan,nan,nan,nan,nan
2026-05-04 09:18:18.768916,0,-0.138292,-0.042255,0.334479,nan,nan,nan,nan,nan,nan,-3.095412,-0.019043,-0.221589,nan,nan,nan,nan,nan,nan
2026-05-04 09:18:18.788139,0,-0.132845,-0.042231,0.334434,nan,nan,nan,nan,nan,nan,-3.097844,-0.014723,-0.240108,nan,nan,nan,nan,nan,nan
2026-05-04 09:18:18.807721,0,-0.126431,-0.042272,0.334557,nan,nan,nan,nan,nan,nan,-3.085647,-0.016683,-0.274364,nan,nan,nan,nan,nan,nan
2026-05-04 09:18:18.825354,0,-0.12028,-0.042268,0.334344,nan,nan,nan,nan,nan,nan,-3.085768,-0.018504,-0.273035,nan,nan,nan,nan,nan,nan
2026-05-04 09:18:18.844482,0,-0.11678,-0.042249,0.334489,nan,nan,nan,nan,nan,nan,-3.102023,-0.011125,-0.29481,nan,nan,nan,nan,nan,nan
2026-05-04 09:18:18.863272,0,-0.10944,-0.042189,0.334372,nan,nan,nan,nan,nan,nan,-3.10554,-0.01015,-0.293844,nan,nan,nan,nan,nan,nan
2026-05-04 09:18:18.881762,0,-0.101805,-0.04206,0.334786,nan,nan,nan,nan,nan,nan,-3.105196,0.000807,-0.383157,nan,nan,nan,nan,nan,nan
2026-05-04 09:18:18.902051,0,-0.094842,-0.041995,0.337282,nan,nan,nan,nan,nan,nan,-3.029282,-0.01272,-0.322047,nan,nan,nan,nan,nan,nan
2026-05-04 09:18:18.921312,0,-0.086166,-0.041882,0.33664,nan,nan,nan,nan,nan,nan,-3.076398,0.016557,-0.499951,nan,nan,nan,nan,nan,nan
2026-05-04 09:18:18.940966,0,-0.077622,-0.04186,0.336672,nan,nan,nan,nan,nan,nan,3.086237,-0.022746,0.529843,nan,nan,nan,nan,nan,nan
2026-05-04 09:18:18.959886,0,-0.069267,-0.041972,0.339682,nan,nan,nan,nan,nan,nan,-3.07347,0.003426,-0.460711,nan,nan,nan,nan,nan,nan
2026-05-04 09:18:18.979584,0,-0.059988,-0.041865,0.34035,nan,nan,nan,nan,nan,nan,-3.083484,0.008141,-0.48876,nan,nan,nan,nan,nan,nan
2026-05-04 09:18:18.999220,0,-0.050763,-0.041918,0.341569,nan,nan,nan,nan,nan,nan,-3.079817,0.010877,-0.518989,nan,nan,nan,nan,nan,nan
2026-05-04 09:18:19.017280,0,-0.041793,-0.042042,0.343821,nan,nan,nan,nan,nan,nan,-3.067934,0.008883,-0.563353,nan,nan,nan,nan,nan,nan
2026-05-04 09:18:19.036892,0,-0.037061,-0.042001,0.344836,nan,nan,nan,nan,nan,nan,-3.065413,0.007395,-0.524179,nan,nan,nan,nan,nan,nan
2026-05-04 09:18:19.054537,0,-0.022191,-0.04236,0.349014,nan,nan,nan,nan,nan,nan,-3.066261,0.006006,-0.583317,nan,nan,nan,nan,nan,nan
2026-05-04 09:18:19.072323,0,-0.017465,-0.042366,0.350062,nan,nan,nan,nan,nan,nan,-3.062472,0.009988,-0.613763,nan,nan,nan,nan,nan,nan
2026-05-04 09:18:19.090529,0,-0.007622,-0.042569,0.353796,nan,nan,nan,nan,nan,nan,-3.050758,0.008394,-0.62729,nan,nan,nan,nan,nan,nan
2026-05-04 09:18:19.109236,0,0.002987,-0.042569,0.357136,nan,nan,nan,nan,nan,nan,-3.035697,0.017871,-0.677306,nan,nan,nan,nan,nan,nan
2026-05-04 09:18:19.128472,0,0.013725,-0.04283,0.362426,nan,nan,nan,nan,nan,nan,-3.025687,0.016258,-0.714077,nan,nan,nan,nan,nan,nan
2026-05-04 09:18:19.146989,0,0.01876,-0.042917,0.364813,nan,nan,nan,nan,nan,nan,-3.010459,0.019305,-0.750962,nan,nan,nan,nan,nan,nan
2026-05-04 09:18:19.166214,0,0.029061,-0.04318,0.370456,nan,nan,nan,nan,nan,nan,-3.005064,0.020867,-0.77833,nan,nan,nan,nan,nan,nan
2026-05-04 09:18:19.184471,0,0.039641,-0.043443,0.376794,nan,nan,nan,nan,nan,nan,-2.993612,0.020767,-0.844611,nan,nan,nan,nan,nan,nan
2026-05-04 09:18:19.202426,0,0.049368,-0.043621,0.381937,nan,nan,nan,nan,nan,nan,-2.988864,0.022423,-0.888906,nan,nan,nan,nan,nan,nan
2026-05-04 09:18:19.221173,0,0.058187,-0.043209,0.383393,nan,nan,nan,-0.086996,-0.046831,0.515813,-2.983912,0.036325,-0.930927,nan,nan,nan,-2.717241,-0.03028,1.528
2026-05-04 09:18:19.238879,0,0.067033,-0.043382,0.387727,nan,nan,nan,nan,nan,nan,-2.958605,0.031747,-0.961113,nan,nan,nan,nan,nan,nan
2026-05-04 09:18:19.258175,0,0.070978,-0.043399,0.388333,nan,nan,nan,nan,nan,nan,-2.953654,0.031964,-0.977547,nan,nan,nan,nan,nan,nan
2026-05-04 09:18:19.276325,0,0.083377,-0.043972,0.393361,nan,nan,nan,nan,nan,nan,-2.950554,0.022417,-1.005225,nan,nan,nan,nan,nan,nan
2026-05-04 09:18:19.298107,0,0.087386,-0.044251,0.394906,nan,nan,nan,nan,nan,nan,-2.94567,0.019094,-1.001299,nan,nan,nan,nan,nan,nan
2026-05-04 09:18:19.316667,0,0.099043,-0.044348,0.396749,nan,nan,nan,nan,nan,nan,-2.947304,0.018335,-1.016418,nan,nan,nan,nan,nan,nan
2026-05-04 09:18:19.334184,0,0.102851,-0.044399,0.397501,nan,nan,nan,nan,nan,nan,-2.941464,0.015321,-1.008907,nan,nan,nan,nan,nan,nan
2026-05-04 09:18:19.352541,0,0.110372,-0.044564,0.399538,nan,nan,nan,nan,nan,nan,-2.944182,0.023785,-1.028024,nan,nan,nan,nan,nan,nan
2026-05-04 09:18:19.370387,0,0.118683,-0.044721,0.402564,nan,nan,nan,nan,nan,nan,-2.932502,0.020473,-1.038827,nan,nan,nan,nan,nan,nan
2026-05-04 09:18:19.388614,0,0.126558,-0.044184,0.403524,nan,nan,nan,-0.028627,-0.046973,0.519231,-2.920682,0.033018,-1.074688,nan,nan,nan,-2.780181,-0.010279,1.387781
2026-05-04 09:18:19.407298,0,0.134962,-0.044309,0.407052,nan,nan,nan,-0.022416,-0.047198,0.520246,-2.909276,0.032929,-1.09863,nan,nan,nan,-2.812982,-0.012734,1.360755
2026-05-04 09:18:19.425144,0,0.143935,-0.044548,0.412012,nan,nan,nan,-0.016321,-0.047512,0.523703,-2.895861,0.041994,-1.150734,nan,nan,nan,-2.822104,-0.001319,1.32036
2026-05-04 09:18:19.442544,0,0.148462,-0.044712,0.415416,nan,nan,nan,-0.013225,-0.047522,0.523843,-2.890777,0.041539,-1.168,nan,nan,nan,-2.83678,-0.011462,1.309741
2026-05-04 09:18:19.460857,0,0.157053,-0.045025,0.421397,nan,nan,nan,-0.007569,-0.047688,0.525205,-2.867536,0.039428,-1.215241,nan,nan,nan,-2.865765,-0.001064,1.256507
2026-05-04 09:18:19.479343,0,0.165375,-0.045346,0.428382,nan,nan,nan,-0.001831,-0.047775,0.527535,-2.847331,0.04423,-1.256891,nan,nan,nan,-2.863886,0.00862,1.212853
2026-05-04 09:18:19.498177,0,nan,nan,nan,nan,nan,nan,0.003021,-0.047908,0.529163,nan,nan,nan,nan,nan,nan,-2.895607,0.003949,1.161838
2026-05-04 09:18:19.516815,0,0.178839,-0.045968,0.441262,nan,nan,nan,0.007402,-0.047655,0.528726,-2.812136,0.049213,-1.349531,nan,nan,nan,-2.918522,-0.005869,1.126342
2026-05-04 09:18:19.534647,0,nan,nan,nan,nan,nan,nan,0.009469,-0.04783,0.53132,nan,nan,nan,nan,nan,nan,-2.914707,0.00539,1.10657
2026-05-04 09:18:19.553104,0,nan,nan,nan,nan,nan,nan,0.01302,-0.047976,0.534191,nan,nan,nan,nan,nan,nan,-2.938297,0.011269,1.050063
2026-05-04 09:18:19.571363,0,nan,nan,nan,nan,nan,nan,0.016045,-0.048148,0.536998,nan,nan,nan,nan,nan,nan,-2.948257,0.009664,1.033481
2026-05-04 09:18:19.590416,0,nan,nan,nan,nan,nan,nan,0.017025,-0.048122,0.536902,nan,nan,nan,nan,nan,nan,-2.960025,0.009605,1.025877
2026-05-04 09:18:19.608800,0,nan,nan,nan,nan,nan,nan,0.018659,-0.048161,0.539516,nan,nan,nan,nan,nan,nan,2.982179,-0.000902,-0.981742
2026-05-04 09:18:19.627577,0,nan,nan,nan,nan,nan,nan,0.018796,-0.048212,0.541712,nan,nan,nan,nan,nan,nan,-2.973291,0.001717,0.962825
2026-05-04 09:18:19.646029,0,nan,nan,nan,nan,nan,nan,0.017823,-0.04827,0.544293,nan,nan,nan,nan,nan,nan,-2.954127,0.020245,0.898385
2026-05-04 09:18:19.663813,0,nan,nan,nan,nan,nan,nan,0.016952,-0.04802,0.543728,nan,nan,nan,nan,nan,nan,-2.939394,0.016286,0.889373
2026-05-04 09:18:19.682179,0,nan,nan,nan,nan,nan,nan,0.014452,-0.048018,0.544684,nan,nan,nan,nan,nan,nan,-2.98575,-0.00429,0.888563
2026-05-04 09:18:19.700760,0,nan,nan,nan,nan,nan,nan,0.011446,-0.048131,0.547795,nan,nan,nan,nan,nan,nan,-2.966211,0.006704,0.870006
2026-05-04 09:18:19.719301,0,nan,nan,nan,nan,nan,nan,0.008712,-0.048071,0.547121,nan,nan,nan,nan,nan,nan,-3.007834,-0.003714,0.86037
2026-05-04 09:18:19.737532,0,nan,nan,nan,nan,nan,nan,0.005837,-0.04804,0.548047,nan,nan,nan,nan,nan,nan,-3.012445,-0.000144,0.84595
2026-05-04 09:18:19.754583,0,nan,nan,nan,nan,nan,nan,0.002785,-0.048048,0.549036,nan,nan,nan,nan,nan,nan,-3.005913,0.006319,0.838923
2026-05-04 09:18:19.773219,0,nan,nan,nan,nan,nan,nan,0.00096,-0.0481,0.549476,nan,nan,nan,nan,nan,nan,-3.0198,0.000572,0.826111
2026-05-04 09:18:19.792646,0,nan,nan,nan,nan,nan,nan,-0.002348,-0.048243,0.550939,nan,nan,nan,nan,nan,nan,-2.976468,0.01078,0.828048
2026-05-04 09:18:19.811037,0,nan,nan,nan,nan,nan,nan,-0.006292,-0.048438,0.554393,nan,nan,nan,nan,nan,nan,-2.985793,0.001926,0.818382
2026-05-04 09:18:19.828762,0,nan,nan,nan,nan,nan,nan,-0.009936,-0.048339,0.553948,nan,nan,nan,nan,nan,nan,-2.958445,0.014909,0.817964
2026-05-04 09:18:19.846851,0,nan,nan,nan,nan,nan,nan,-0.013899,-0.048587,0.558523,nan,nan,nan,nan,nan,nan,-2.971194,0.012162,0.810451
2026-05-04 09:18:19.864055,0,nan,nan,nan,nan,nan,nan,-0.01588,-0.048527,0.557601,nan,nan,nan,nan,nan,nan,-2.977018,0.012809,0.821774
2026-05-04 09:18:19.881960,0,nan,nan,nan,nan,nan,nan,-0.019862,-0.048576,0.559244,nan,nan,nan,nan,nan,nan,-2.99154,0.006114,0.822971
2026-05-04 09:18:19.900202,0,nan,nan,nan,nan,nan,nan,-0.023783,-0.048473,0.559397,nan,nan,nan,nan,nan,nan,-2.992085,0.013611,0.832952
2026-05-04 09:18:19.917818,0,nan,nan,nan,nan,nan,nan,-0.027718,-0.048634,0.560265,nan,nan,nan,nan,nan,nan,-2.982396,0.01471,0.828456
2026-05-04 09:18:19.935929,0,nan,nan,nan,nan,nan,nan,-0.032078,-0.048732,0.560434,nan,nan,nan,nan,nan,nan,-2.953153,0.009755,0.844991
2026-05-04 09:18:19.953874,0,nan,nan,nan,nan,nan,nan,-0.034288,-0.04876,0.56039,nan,nan,nan,nan,nan,nan,-2.965592,0.005012,0.849826
2026-05-04 09:18:19.971827,0,nan,nan,nan,nan,nan,nan,-0.039414,-0.0489,0.562434,nan,nan,nan,nan,nan,nan,-2.954027,0.004647,0.876962
2026-05-04 09:18:19.990687,0,nan,nan,nan,nan,nan,nan,-0.04444,-0.048867,0.562176,nan,nan,nan,nan,nan,nan,-2.960755,-0.003562,0.894496
2026-05-04 09:18:20.008727,0,0.134131,-0.049183,0.508741,nan,nan,nan,-0.050184,-0.048896,0.564072,-2.688349,0.067578,-1.544017,nan,nan,nan,-2.942894,0.001327,0.908458
2026-05-04 09:18:20.027364,0,nan,nan,nan,nan,nan,nan,-0.056126,-0.048847,0.565407,nan,nan,nan,nan,nan,nan,-2.9484,0.012602,0.920601
2026-05-04 09:18:20.045869,0,nan,nan,nan,nan,nan,nan,-0.062244,-0.048817,0.564118,nan,nan,nan,nan,nan,nan,-2.955056,0.002776,0.943648
2026-05-04 09:18:20.063802,0,nan,nan,nan,nan,nan,nan,-0.065665,-0.049227,0.565764,nan,nan,nan,nan,nan,nan,-2.937932,0.009625,0.968314
2026-05-04 09:18:20.085564,0,0.108007,-0.048688,0.499332,nan,nan,nan,-0.072417,-0.048995,0.566477,-2.723782,0.06093,-1.481204,nan,nan,nan,-2.914481,0.00297,0.987163
2026-05-04 09:18:20.108525,0,0.100933,-0.048751,0.498956,nan,nan,nan,-0.078887,-0.048993,0.56578,-2.742704,0.062154,-1.447579,nan,nan,nan,-2.91225,-0.00061,0.998875
2026-05-04 09:18:20.127529,0,0.093362,-0.04876,0.498488,nan,nan,nan,-0.085881,-0.049058,0.567303,-2.750468,0.054369,-1.435371,nan,nan,nan,-2.929259,-0.002584,1.023991
2026-05-04 09:18:20.145701,0,0.081488,-0.048608,0.495539,nan,nan,nan,nan,nan,nan,-2.778287,0.052861,-1.410507,nan,nan,nan,nan,nan,nan
2026-05-04 09:18:20.163009,0,nan,nan,nan,nan,nan,nan,-0.099563,-0.049115,0.568616,nan,nan,nan,nan,nan,nan,-2.909833,-0.004466,1.080724
2026-05-04 09:18:20.180534,0,0.067898,-0.048388,0.490883,nan,nan,nan,nan,nan,nan,-2.789443,0.052711,-1.36581,nan,nan,nan,nan,nan,nan
2026-05-04 09:18:20.198580,0,0.057638,-0.048088,0.485267,nan,nan,nan,-0.114936,-0.049235,0.571303,-2.820938,0.061461,-1.324768,nan,nan,nan,-2.85612,-0.00743,1.172558
2026-05-04 09:18:20.216857,0,0.053255,-0.048147,0.485968,nan,nan,nan,nan,nan,nan,-2.81813,0.056116,-1.308209,nan,nan,nan,nan,nan,nan
2026-05-04 09:18:20.234722,0,0.039142,-0.048083,0.484651,nan,nan,nan,nan,nan,nan,-2.841456,0.048479,-1.257446,nan,nan,nan,nan,nan,nan
2026-05-04 09:18:20.255979,0,0.034274,-0.047897,0.480886,nan,nan,nan,-0.134864,-0.049307,0.572953,-2.847738,0.044817,-1.256432,nan,nan,nan,-2.85415,-0.011939,1.214662
2026-05-04 09:18:20.273722,0,0.02501,-0.047898,0.480809,nan,nan,nan,-0.142669,-0.049368,0.573417,-2.849684,0.043056,-1.227104,nan,nan,nan,-2.841276,-0.008035,1.241756
2026-05-04 09:18:20.291467,0,0.015612,-0.047629,0.475702,nan,nan,nan,-0.150889,-0.049932,0.577629,-2.87282,0.054861,-1.203093,nan,nan,nan,-2.824407,-0.001521,1.258303
2026-05-04 09:18:20.310221,0,0.00642,-0.047552,0.47386,nan,nan,nan,nan,nan,nan,-2.889278,0.057157,-1.174868,nan,nan,nan,nan,nan,nan
2026-05-04 09:18:20.329039,0,-0.003356,-0.047542,0.474029,nan,nan,nan,nan,nan,nan,-2.901544,0.056597,-1.147036,nan,nan,nan,nan,nan,nan
2026-05-04 09:18:20.347976,0,-0.013298,-0.04737,0.470965,nan,nan,nan,nan,nan,nan,-2.900687,0.032506,-1.084299,nan,nan,nan,nan,nan,nan
2026-05-04 09:18:20.366391,0,-0.023204,-0.047228,0.467032,nan,nan,nan,nan,nan,nan,-2.917779,0.040352,-1.060546,nan,nan,nan,nan,nan,nan
2026-05-04 09:18:20.385613,0,-0.027871,-0.046934,0.461188,nan,nan,nan,nan,nan,nan,-2.938542,0.051746,-1.054968,nan,nan,nan,nan,nan,nan
2026-05-04 09:18:20.405678,0,-0.03724,-0.046939,0.460746,nan,nan,nan,nan,nan,nan,-2.93513,0.046135,-1.023667,nan,nan,nan,nan,nan,nan
2026-05-04 09:18:20.424961,0,-0.045999,-0.046687,0.456084,nan,nan,nan,nan,nan,nan,-2.961447,0.039559,-0.98313,nan,nan,nan,nan,nan,nan
2026-05-04 09:18:20.444542,0,-0.053817,-0.046511,0.452375,nan,nan,nan,nan,nan,nan,-2.964714,0.040897,-0.952576,nan,nan,nan,nan,nan,nan
2026-05-04 09:18:20.466610,0,-0.061962,-0.046633,0.449555,nan,nan,nan,nan,nan,nan,-2.965222,0.05287,-0.920599,nan,nan,nan,nan,nan,nan
2026-05-04 09:18:20.486385,0,-0.070685,-0.046758,0.448268,nan,nan,nan,nan,nan,nan,-2.968682,0.044968,-0.873207,nan,nan,nan,nan,nan,nan
2026-05-04 09:18:20.504768,0,-0.077617,-0.045795,0.437814,nan,nan,nan,nan,nan,nan,-3.002751,0.042303,-0.864979,nan,nan,nan,nan,nan,nan
2026-05-04 09:18:20.523908,0,-0.084873,-0.045529,0.432174,nan,nan,nan,nan,nan,nan,-3.002146,0.035245,-0.824948,nan,nan,nan,nan,nan,nan
2026-05-04 09:18:20.542947,0,-0.091996,-0.045186,0.425279,nan,nan,nan,nan,nan,nan,-3.021393,0.038867,-0.795456,nan,nan,nan,nan,nan,nan
2026-05-04 09:18:20.560862,0,-0.098854,-0.044937,0.419893,nan,nan,nan,nan,nan,nan,-3.005993,0.021934,-0.72979,nan,nan,nan,nan,nan,nan
2026-05-04 09:18:20.578731,0,-0.105006,-0.044883,0.414822,nan,nan,nan,nan,nan,nan,-3.018818,0.011728,-0.657054,nan,nan,nan,nan,nan,nan
2026-05-04 09:18:20.598245,0,-0.107538,-0.044948,0.41243,nan,nan,nan,nan,nan,nan,-3.047253,0.021343,-0.658446,nan,nan,nan,nan,nan,nan
2026-05-04 09:18:20.616719,0,-0.113374,-0.044926,0.405962,nan,nan,nan,nan,nan,nan,-3.060891,0.001386,-0.491946,nan,nan,nan,nan,nan,nan
2026-05-04 09:18:20.635926,0,-0.114193,-0.044691,0.401636,nan,nan,nan,nan,nan,nan,3.071781,-0.024779,0.630657,nan,nan,nan,nan,nan,nan
2026-05-04 09:18:20.660570,0,-0.116419,-0.044405,0.395415,nan,nan,nan,nan,nan,nan,3.072071,-0.025539,0.614097,nan,nan,nan,nan,nan,nan
2026-05-04 09:18:20.679821,0,-0.118036,-0.043924,0.387294,nan,nan,nan,nan,nan,nan,3.062096,-0.034919,0.587145,nan,nan,nan,nan,nan,nan
2026-05-04 09:18:20.699439,0,-0.11858,-0.043537,0.384617,nan,nan,nan,nan,nan,nan,-2.887193,-0.03445,-0.440248,nan,nan,nan,nan,nan,nan
2026-05-04 09:18:20.717578,0,-0.116956,-0.043494,0.377384,nan,nan,nan,nan,nan,nan,3.084086,-0.030086,0.528941,nan,nan,nan,nan,nan,nan
2026-05-04 09:18:20.735826,0,-0.115011,-0.043704,0.372888,nan,nan,nan,nan,nan,nan,3.085571,-0.006011,0.498654,nan,nan,nan,nan,nan,nan
2026-05-04 09:18:20.754523,0,-0.114163,-0.043845,0.372349,nan,nan,nan,nan,nan,nan,-3.04885,-0.006367,-0.529565,nan,nan,nan,nan,nan,nan
2026-05-04 09:18:20.772840,0,-0.111581,-0.043936,0.367266,nan,nan,nan,nan,nan,nan,-3.082215,-0.004353,-0.532928,nan,nan,nan,nan,nan,nan
2026-05-04 09:18:20.791513,0,-0.109076,-0.04314,0.361865,nan,nan,nan,nan,nan,nan,3.053719,-0.025676,0.577279,nan,nan,nan,nan,nan,nan
2026-05-04 09:18:20.810304,0,-0.106777,-0.042749,0.357683,nan,nan,nan,nan,nan,nan,-3.075734,-0.001359,-0.510033,nan,nan,nan,nan,nan,nan
2026-05-04 09:18:20.829126,0,-0.103806,-0.042804,0.35299,nan,nan,nan,nan,nan,nan,-3.091819,0.000289,-0.489185,nan,nan,nan,nan,nan,nan
2026-05-04 09:18:20.848367,0,-0.100942,-0.042596,0.347642,nan,nan,nan,nan,nan,nan,3.087953,-0.025433,0.548374,nan,nan,nan,nan,nan,nan
2026-05-04 09:18:20.868074,0,-0.098176,-0.042463,0.344221,nan,nan,nan,nan,nan,nan,-3.081642,-0.001693,-0.382722,nan,nan,nan,nan,nan,nan
2026-05-04 09:18:20.887320,0,-0.093596,-0.042449,0.341209,nan,nan,nan,nan,nan,nan,-3.06194,0.002987,-0.53709,nan,nan,nan,nan,nan,nan
2026-05-04 09:18:20.909421,0,-0.088828,-0.042036,0.337806,nan,nan,nan,nan,nan,nan,-3.101314,-0.000831,-0.4045,nan,nan,nan,nan,nan,nan
2026-05-04 09:18:20.927917,0,-0.083097,-0.041679,0.333282,nan,nan,nan,nan,nan,nan,3.094339,-0.007583,0.435623,nan,nan,nan,nan,nan,nan
2026-05-04 09:18:20.946905,0,-0.077344,-0.041621,0.331401,nan,nan,nan,nan,nan,nan,3.100781,-0.003119,0.434719,nan,nan,nan,nan,nan,nan
2026-05-04 09:18:20.965982,0,-0.074197,-0.041772,0.332092,nan,nan,nan,nan,nan,nan,-3.054353,0.003123,-0.51326,nan,nan,nan,nan,nan,nan
2026-05-04 09:18:20.984655,0,-0.06667,-0.041562,0.329042,nan,nan,nan,nan,nan,nan,-3.103932,0.009781,-0.48308,nan,nan,nan,nan,nan,nan
2026-05-04 09:18:21.003601,0,-0.059442,-0.041673,0.329265,nan,nan,nan,nan,nan,nan,-3.059008,0.000658,-0.472774,nan,nan,nan,nan,nan,nan
2026-05-04 09:18:21.022066,0,-0.050649,-0.041511,0.328044,nan,nan,nan,nan,nan,nan,-3.063503,0.004631,-0.537879,nan,nan,nan,nan,nan,nan
2026-05-04 09:18:21.041159,0,-0.040902,-0.041423,0.327413,nan,nan,nan,nan,nan,nan,-3.061343,0.003746,-0.567788,nan,nan,nan,nan,nan,nan
2026-05-04 09:18:21.060595,0,-0.031225,-0.041545,0.327408,nan,nan,nan,nan,nan,nan,-3.05112,0.00778,-0.571596,nan,nan,nan,nan,nan,nan
2026-05-04 09:18:21.082040,0,-0.020859,-0.04121,0.326425,nan,nan,nan,nan,nan,nan,-3.070947,0.011685,-0.607664,nan,nan,nan,nan,nan,nan
2026-05-04 09:18:21.100503,0,-0.00988,-0.041013,0.32703,nan,nan,nan,nan,nan,nan,-3.028178,0.016991,-0.627582,nan,nan,nan,nan,nan,nan
2026-05-04 09:18:21.119283,0,0.001839,-0.041032,0.327536,nan,nan,nan,nan,nan,nan,-3.024122,0.018641,-0.658138,nan,nan,nan,nan,nan,nan
2026-05-04 09:18:21.138095,0,0.013985,-0.041063,0.328268,nan,nan,nan,nan,nan,nan,-3.034491,0.027876,-0.698144,nan,nan,nan,nan,nan,nan
2026-05-04 09:18:21.155593,0,0.026571,-0.041127,0.329547,nan,nan,nan,nan,nan,nan,-3.030414,0.026192,-0.713893,nan,nan,nan,nan,nan,nan
2026-05-04 09:18:21.173375,0,0.033282,-0.041454,0.331096,nan,nan,nan,nan,nan,nan,-3.029309,0.014597,-0.741968,nan,nan,nan,nan,nan,nan
2026-05-04 09:18:21.191987,0,0.046684,-0.041602,0.332624,nan,nan,nan,nan,nan,nan,-3.02616,0.012675,-0.770697,nan,nan,nan,nan,nan,nan
2026-05-04 09:18:21.211372,0,0.059615,-0.041391,0.334602,nan,nan,nan,nan,nan,nan,-3.00411,0.026672,-0.811982,nan,nan,nan,nan,nan,nan
2026-05-04 09:18:21.230597,0,0.072807,-0.041474,0.336262,nan,nan,nan,nan,nan,nan,-2.997172,0.030191,-0.844455,nan,nan,nan,nan,nan,nan
2026-05-04 09:18:21.249343,0,0.086157,-0.0416,0.338904,nan,nan,nan,-0.053824,-0.044963,0.474247,-2.987722,0.033574,-0.870476,nan,nan,nan,-2.677323,-0.023174,1.583298
2026-05-04 09:18:21.268940,0,0.099453,-0.041728,0.34143,nan,nan,nan,-0.042996,-0.045336,0.474316,-2.972684,0.027069,-0.90289,nan,nan,nan,-2.700813,-0.003736,1.542121
2026-05-04 09:18:21.288356,0,0.11283,-0.04186,0.344034,nan,nan,nan,-0.031686,-0.045019,0.472498,-2.964583,0.030562,-0.931457,nan,nan,nan,-2.700599,-0.005039,1.514829
2026-05-04 09:18:21.306291,0,0.126555,-0.041998,0.347673,nan,nan,nan,-0.020692,-0.045273,0.474644,-2.957132,0.028337,-0.955083,nan,nan,nan,-2.713131,-0.010506,1.524036
2026-05-04 09:18:21.324684,0,0.132835,-0.042082,0.348532,nan,nan,nan,-0.014944,-0.044889,0.470925,-2.952355,0.034051,-0.983866,nan,nan,nan,-2.733484,-0.023639,1.488739
2026-05-04 09:18:21.344054,0,0.145859,-0.042525,0.351059,nan,nan,nan,-0.004268,-0.044913,0.472875,-2.952319,0.023451,-1.012182,nan,nan,nan,-2.758974,-0.011879,1.447532
2026-05-04 09:18:21.363911,0,0.159294,-0.043288,0.355147,nan,nan,nan,0.006486,-0.045606,0.471626,-2.937402,0.015874,-1.045343,nan,nan,nan,-2.786497,-0.012155,1.416228
2026-05-04 09:18:21.382104,0,0.171739,-0.043034,0.358624,nan,nan,nan,0.016603,-0.045455,0.47262,-2.921726,0.022844,-1.076318,nan,nan,nan,-2.805175,-0.009353,1.384672
2026-05-04 09:18:21.401118,0,0.183251,-0.042748,0.361669,nan,nan,nan,0.026631,-0.045204,0.474283,-2.905073,0.039837,-1.112093,nan,nan,nan,-2.803787,-0.001205,1.353988
2026-05-04 09:18:21.419189,0,0.195977,-0.043602,0.36702,nan,nan,nan,0.036558,-0.045567,0.474099,-2.896166,0.033352,-1.153956,nan,nan,nan,-2.822537,-0.005057,1.33726
2026-05-04 09:18:21.438991,0,0.207917,-0.043279,0.372205,nan,nan,nan,0.04612,-0.044922,0.474873,-2.87796,0.044756,-1.186158,nan,nan,nan,-2.832879,-0.001045,1.276076
2026-05-04 09:18:21.459290,0,nan,nan,nan,nan,nan,nan,0.055272,-0.04502,0.476195,nan,nan,nan,nan,nan,nan,-2.847653,-0.005488,1.257992
2026-05-04 09:18:21.478064,0,nan,nan,nan,nan,nan,nan,0.063959,-0.045735,0.480176,nan,nan,nan,nan,nan,nan,-2.87678,-0.005174,1.232671
2026-05-04 09:18:21.496905,0,nan,nan,nan,nan,nan,nan,0.072397,-0.045621,0.48426,nan,nan,nan,nan,nan,nan,-2.853589,0.007291,1.217278
2026-05-04 09:18:21.514879,0,nan,nan,nan,nan,nan,nan,0.076206,-0.045629,0.484026,nan,nan,nan,nan,nan,nan,-2.876635,0.002835,1.203196
2026-05-04 09:18:21.532898,0,nan,nan,nan,nan,nan,nan,0.083441,-0.045841,0.486655,nan,nan,nan,nan,nan,nan,-2.916349,0.005052,1.151772
2026-05-04 09:18:21.551475,0,nan,nan,nan,nan,nan,nan,0.089961,-0.045552,0.488765,nan,nan,nan,nan,nan,nan,-2.896864,-0.004627,1.148136
2026-05-04 09:18:21.570449,0,nan,nan,nan,nan,nan,nan,0.096172,-0.045674,0.492169,nan,nan,nan,nan,nan,nan,-2.899331,0.009815,1.110193
2026-05-04 09:18:21.589320,0,nan,nan,nan,nan,nan,nan,0.098953,-0.045732,0.494848,nan,nan,nan,nan,nan,nan,-2.915591,0.00898,1.065037
2026-05-04 09:18:21.607547,0,nan,nan,nan,nan,nan,nan,0.106257,-0.045879,0.501301,nan,nan,nan,nan,nan,nan,-2.91642,0.026314,1.022326
2026-05-04 09:18:21.624658,0,nan,nan,nan,nan,nan,nan,0.10934,-0.045857,0.503248,nan,nan,nan,nan,nan,nan,-2.918216,0.026438,1.012041
2026-05-04 09:18:21.642526,0,nan,nan,nan,nan,nan,nan,0.110657,-0.045988,0.50422,nan,nan,nan,nan,nan,nan,-2.946582,0.015013,0.995017
2026-05-04 09:18:21.661287,0,nan,nan,nan,nan,nan,nan,0.113234,-0.046246,0.509677,nan,nan,nan,nan,nan,nan,-2.952515,0.020506,0.958715
2026-05-04 09:18:21.679520,0,nan,nan,nan,nan,nan,nan,0.114015,-0.046324,0.512516,nan,nan,nan,nan,nan,nan,-2.982752,0.010332,0.941407
2026-05-04 09:18:21.697332,0,nan,nan,nan,nan,nan,nan,0.114309,-0.046569,0.5161,nan,nan,nan,nan,nan,nan,-2.962254,0.01694,0.93056
2026-05-04 09:18:21.714212,0,nan,nan,nan,nan,nan,nan,0.113867,-0.04662,0.517503,nan,nan,nan,nan,nan,nan,-2.97939,0.002773,0.948798
2026-05-04 09:18:21.732655,0,nan,nan,nan,nan,nan,nan,0.112763,-0.046857,0.520835,nan,nan,nan,nan,nan,nan,-2.991661,0.000209,0.921161
2026-05-04 09:18:21.750490,0,nan,nan,nan,nan,nan,nan,0.11119,-0.047071,0.525537,nan,nan,nan,nan,nan,nan,-2.970395,0.015577,0.883251
2026-05-04 09:18:21.768325,0,nan,nan,nan,nan,nan,nan,0.10881,-0.047359,0.528286,nan,nan,nan,nan,nan,nan,-3.013229,0.00314,0.844102
2026-05-04 09:18:21.787130,0,nan,nan,nan,nan,nan,nan,0.106195,-0.047737,0.532443,nan,nan,nan,nan,nan,nan,-2.981817,0.013504,0.8461
2026-05-04 09:18:21.805588,0,nan,nan,nan,nan,nan,nan,0.104442,-0.047454,0.53404,nan,nan,nan,nan,nan,nan,-2.966893,0.024308,0.823206
2026-05-04 09:18:21.823582,0,nan,nan,nan,nan,nan,nan,0.100311,-0.047594,0.536072,nan,nan,nan,nan,nan,nan,-3.007591,0.007759,0.807464
2026-05-04 09:18:21.841580,0,nan,nan,nan,nan,nan,nan,0.096031,-0.047659,0.539329,nan,nan,nan,nan,nan,nan,-2.998903,0.012511,0.797697
2026-05-04 09:18:21.860099,0,nan,nan,nan,nan,nan,nan,0.091633,-0.047881,0.542312,nan,nan,nan,nan,nan,nan,-2.992855,0.012864,0.77049
2026-05-04 09:18:21.878383,0,nan,nan,nan,nan,nan,nan,0.086815,-0.04796,0.543713,nan,nan,nan,nan,nan,nan,-3.01346,0.005477,0.775295
2026-05-04 09:18:21.895988,0,nan,nan,nan,nan,nan,nan,0.082161,-0.048168,0.549576,nan,nan,nan,nan,nan,nan,-2.983568,0.022533,0.723309
2026-05-04 09:18:21.913900,0,nan,nan,nan,nan,nan,nan,0.079754,-0.048267,0.551042,nan,nan,nan,nan,nan,nan,-2.981142,0.016407,0.738235
2026-05-04 09:18:21.932614,0,nan,nan,nan,nan,nan,nan,0.074165,-0.048173,0.550414,nan,nan,nan,nan,nan,nan,3.065081,-0.001418,-0.686551
2026-05-04 09:18:21.951099,0,nan,nan,nan,nan,nan,nan,0.068867,-0.048183,0.554932,nan,nan,nan,nan,nan,nan,-2.984321,0.032798,0.709546
2026-05-04 09:18:21.968635,0,nan,nan,nan,nan,nan,nan,0.063099,-0.0486,0.558276,nan,nan,nan,nan,nan,nan,-2.985888,0.01398,0.705893
2026-05-04 09:18:21.986745,0,nan,nan,nan,nan,nan,nan,0.05708,-0.048698,0.561081,nan,nan,nan,nan,nan,nan,-2.966633,0.02369,0.690392
2026-05-04 09:18:22.004459,0,nan,nan,nan,nan,nan,nan,0.05366,-0.048652,0.560733,nan,nan,nan,nan,nan,nan,-3.025129,0.007267,0.714241
2026-05-04 09:18:22.023280,0,nan,nan,nan,nan,nan,nan,0.047135,-0.04855,0.563049,nan,nan,nan,nan,nan,nan,-3.003578,0.022823,0.702447
2026-05-04 09:18:22.041634,0,nan,nan,nan,nan,nan,nan,0.039969,-0.048264,0.560619,nan,nan,nan,nan,nan,nan,-3.038614,0.00534,0.747188
2026-05-04 09:18:22.059534,0,nan,nan,nan,nan,nan,nan,0.033141,-0.048786,0.563486,nan,nan,nan,nan,nan,nan,-3.039059,0.001619,0.715816
2026-05-04 09:18:22.077495,0,nan,nan,nan,nan,nan,nan,0.025619,-0.048689,0.563978,nan,nan,nan,nan,nan,nan,-3.026215,0.002963,0.760068
2026-05-04 09:18:22.095074,0,nan,nan,nan,nan,nan,nan,0.021996,-0.048924,0.566428,nan,nan,nan,nan,nan,nan,-2.982087,0.013453,0.732123
2026-05-04 09:18:22.113004,0,nan,nan,nan,nan,nan,nan,0.014232,-0.048549,0.567255,nan,nan,nan,nan,nan,nan,-3.028971,0.013745,0.770137
2026-05-04 09:18:22.130798,0,nan,nan,nan,nan,nan,nan,0.006683,-0.04858,0.565881,nan,nan,nan,nan,nan,nan,-3.013801,0.021799,0.797155
2026-05-04 09:18:22.149175,0,nan,nan,nan,nan,nan,nan,-0.001312,-0.048925,0.564645,nan,nan,nan,nan,nan,nan,-2.993284,0.00973,0.793727
2026-05-04 09:18:22.167133,0,nan,nan,nan,nan,nan,nan,-0.010062,-0.048995,0.566838,nan,nan,nan,nan,nan,nan,-2.996204,-0.001603,0.831405
2026-05-04 09:18:22.184947,0,nan,nan,nan,nan,nan,nan,-0.01451,-0.049042,0.567887,nan,nan,nan,nan,nan,nan,-2.976711,0.004629,0.849349
2026-05-04 09:18:22.204369,0,nan,nan,nan,nan,nan,nan,-0.023311,-0.049019,0.566557,nan,nan,nan,nan,nan,nan,-2.946856,0.009127,0.865291
2026-05-04 09:18:22.222668,0,nan,nan,nan,nan,nan,nan,-0.032508,-0.049571,0.568944,nan,nan,nan,nan,nan,nan,-2.964666,0.012171,0.902637
2026-05-04 09:18:22.241402,0,nan,nan,nan,nan,nan,nan,-0.041537,-0.049379,0.568431,nan,nan,nan,nan,nan,nan,-2.962503,-0.000134,0.950822
2026-05-04 09:18:22.259606,0,nan,nan,nan,nan,nan,nan,-0.051342,-0.049226,0.571689,nan,nan,nan,nan,nan,nan,-2.937092,-0.000875,0.957878
2026-05-04 09:18:22.277526,0,0.12019,-0.049142,0.507229,nan,nan,nan,-0.06106,-0.049271,0.572747,-2.725001,0.058754,-1.482301,nan,nan,nan,-2.921391,0.000149,0.984025
2026-05-04 09:18:22.294854,0,0.108553,-0.04872,0.50209,nan,nan,nan,-0.070726,-0.049333,0.572127,-2.756036,0.069282,-1.453121,nan,nan,nan,-2.914114,-0.001687,1.036373
2026-05-04 09:18:22.313215,0,0.103169,-0.04878,0.501861,nan,nan,nan,-0.076094,-0.049324,0.574025,-2.754764,0.05956,-1.423935,nan,nan,nan,-2.906217,-0.003537,1.042253
2026-05-04 09:18:22.332451,0,nan,nan,nan,nan,nan,nan,-0.08646,-0.04936,0.575875,nan,nan,nan,nan,nan,nan,-2.892632,0.007897,1.059947
2026-05-04 09:18:22.350147,0,0.079956,-0.048727,0.497859,nan,nan,nan,-0.09597,-0.049281,0.574968,-2.791225,0.044891,-1.359737,nan,nan,nan,-2.903361,-0.002938,1.120232
2026-05-04 09:18:22.373545,0,0.067893,-0.048526,0.493799,nan,nan,nan,-0.105595,-0.049454,0.574009,-2.810433,0.044781,-1.333813,nan,nan,nan,-2.907741,-0.022067,1.14973
2026-05-04 09:18:22.393082,0,0.055684,-0.048348,0.490061,nan,nan,nan,-0.115942,-0.049639,0.577017,-2.822192,0.044794,-1.290663,nan,nan,nan,-2.860011,0.001071,1.17213
2026-05-04 09:18:22.410968,0,0.043011,-0.048062,0.484281,nan,nan,nan,-0.126158,-0.049641,0.58079,-2.84887,0.056173,-1.255537,nan,nan,nan,-2.833127,-0.002637,1.219641
2026-05-04 09:18:22.430630,0,0.031237,-0.048041,0.483743,nan,nan,nan,-0.135724,-0.04999,0.580585,-2.857023,0.039334,-1.207957,nan,nan,nan,-2.833431,0.004117,1.251813
2026-05-04 09:18:22.448532,0,0.017845,-0.047702,0.476965,nan,nan,nan,-0.146971,-0.050807,0.585753,-2.882389,0.041363,-1.18368,nan,nan,nan,-2.814412,-0.003218,1.303114
2026-05-04 09:18:22.466343,0,0.00469,-0.047505,0.472778,nan,nan,nan,-0.156964,-0.05096,0.587047,-2.893999,0.041815,-1.134149,nan,nan,nan,-2.795991,-0.016844,1.34831
2026-05-04 09:18:22.483781,0,-0.001746,-0.047347,0.469328,nan,nan,nan,nan,nan,nan,-2.919112,0.042998,-1.100591,nan,nan,nan,nan,nan,nan
2026-05-04 09:18:22.500666,0,-0.013375,-0.04725,0.467368,nan,nan,nan,nan,nan,nan,-2.935029,0.043252,-1.061149,nan,nan,nan,nan,nan,nan
2026-05-04 09:18:22.518599,0,-0.024434,-0.047182,0.466115,nan,nan,nan,nan,nan,nan,-2.926247,0.031892,-1.034172,nan,nan,nan,nan,nan,nan
2026-05-04 09:18:22.536803,0,-0.03647,-0.047049,0.46351,nan,nan,nan,nan,nan,nan,-2.958478,0.036863,-0.982131,nan,nan,nan,nan,nan,nan
2026-05-04 09:18:22.554195,0,-0.042292,-0.046901,0.460183,nan,nan,nan,nan,nan,nan,-2.962919,0.042788,-0.97283,nan,nan,nan,nan,nan,nan
2026-05-04 09:18:22.570933,0,-0.054093,-0.04678,0.457972,nan,nan,nan,nan,nan,nan,-2.978839,0.039055,-0.917618,nan,nan,nan,nan,nan,nan
2026-05-04 09:18:22.588592,0,-0.065501,-0.046547,0.453123,nan,nan,nan,nan,nan,nan,-2.983962,0.033296,-0.881766,nan,nan,nan,nan,nan,nan
2026-05-04 09:18:22.607719,0,-0.076084,-0.046336,0.447847,nan,nan,nan,nan,nan,nan,-3.00047,0.018809,-0.83508,nan,nan,nan,nan,nan,nan
2026-05-04 09:18:22.624711,0,-0.081443,-0.046719,0.44738,nan,nan,nan,nan,nan,nan,-3.032431,0.019459,-0.817292,nan,nan,nan,nan,nan,nan
2026-05-04 09:18:22.642007,0,-0.091125,-0.046017,0.442201,nan,nan,nan,nan,nan,nan,-3.003014,0.021435,-0.789396,nan,nan,nan,nan,nan,nan
2026-05-04 09:18:22.661274,0,-0.100389,-0.04577,0.437254,nan,nan,nan,nan,nan,nan,-3.02295,0.03353,-0.783151,nan,nan,nan,nan,nan,nan
2026-05-04 09:18:22.680363,0,-0.1094,-0.045566,0.432871,nan,nan,nan,nan,nan,nan,-3.010291,0.025681,-0.745675,nan,nan,nan,nan,nan,nan
2026-05-04 09:18:22.697365,0,-0.117824,-0.045383,0.428939,nan,nan,nan,nan,nan,nan,-2.998565,0.014644,-0.682058,nan,nan,nan,nan,nan,nan
2026-05-04 09:18:22.714753,0,-0.121055,-0.045205,0.424204,nan,nan,nan,nan,nan,nan,3.04689,-0.036299,0.741371,nan,nan,nan,nan,nan,nan
2026-05-04 09:18:22.732835,0,-0.129452,-0.045364,0.420665,nan,nan,nan,nan,nan,nan,3.05829,-0.023584,0.635964,nan,nan,nan,nan,nan,nan
2026-05-04 09:18:22.751467,0,-0.136757,-0.045203,0.415328,nan,nan,nan,nan,nan,nan,3.054796,-0.03252,0.638629,nan,nan,nan,nan,nan,nan
2026-05-04 09:18:22.771356,0,-0.143382,-0.045103,0.410183,nan,nan,nan,nan,nan,nan,3.085713,-0.022034,0.518486,nan,nan,nan,nan,nan,nan
2026-05-04 09:18:22.791290,0,-0.148285,-0.044844,0.404284,nan,nan,nan,nan,nan,nan,3.090346,-0.021605,0.469211,nan,nan,nan,nan,nan,nan
2026-05-04 09:18:22.809994,0,-0.152508,-0.044661,0.399848,nan,nan,nan,nan,nan,nan,-3.078685,0.021839,-0.530511,nan,nan,nan,nan,nan,nan
2026-05-04 09:18:22.827920,0,-0.155332,-0.044345,0.393431,nan,nan,nan,nan,nan,nan,-3.077841,0.011977,-0.462521,nan,nan,nan,nan,nan,nan
2026-05-04 09:18:22.845135,0,-0.157453,-0.04394,0.386003,nan,nan,nan,nan,nan,nan,3.109812,-0.014476,0.413891,nan,nan,nan,nan,nan,nan
2026-05-04 09:18:22.863579,0,-0.158984,-0.043909,0.384356,nan,nan,nan,nan,nan,nan,-3.071057,0.007729,-0.428704,nan,nan,nan,nan,nan,nan
2026-05-04 09:18:22.882929,0,-0.16138,-0.043673,0.379999,nan,nan,nan,nan,nan,nan,-3.053253,0.005127,-0.417729,nan,nan,nan,nan,nan,nan
2026-05-04 09:18:22.900228,0,-0.16349,-0.043408,0.374749,nan,nan,nan,nan,nan,nan,-3.055163,0.005044,-0.400941,nan,nan,nan,nan,nan,nan
2026-05-04 09:18:22.918820,0,-0.164882,-0.043527,0.370513,nan,nan,nan,nan,nan,nan,-3.044341,-0.008537,-0.412271,nan,nan,nan,nan,nan,nan
2026-05-04 09:18:22.936217,0,-0.164033,-0.043395,0.364262,nan,nan,nan,nan,nan,nan,-3.088039,0.005971,-0.393528,nan,nan,nan,nan,nan,nan
2026-05-04 09:18:22.954652,0,-0.164296,-0.043405,0.362694,nan,nan,nan,nan,nan,nan,-3.068265,0.001369,-0.392206,nan,nan,nan,nan,nan,nan
2026-05-04 09:18:22.973024,0,-0.163938,-0.043186,0.358294,nan,nan,nan,nan,nan,nan,-3.063652,0.002131,-0.393825,nan,nan,nan,nan,nan,nan
2026-05-04 09:18:22.991954,0,-0.162427,-0.042832,0.354324,nan,nan,nan,nan,nan,nan,-3.053612,-0.007074,-0.371211,nan,nan,nan,nan,nan,nan
2026-05-04 09:18:23.010314,0,-0.159718,-0.042566,0.34832,nan,nan,nan,nan,nan,nan,-3.099559,0.001658,-0.369997,nan,nan,nan,nan,nan,nan
2026-05-04 09:18:23.029086,0,-0.158412,-0.042367,0.345492,nan,nan,nan,nan,nan,nan,-3.041131,-0.008896,-0.388165,nan,nan,nan,nan,nan,nan
2026-05-04 09:18:23.047368,0,-0.155931,-0.04223,0.340496,nan,nan,nan,nan,nan,nan,-3.061674,-0.003049,-0.363764,nan,nan,nan,nan,nan,nan
2026-05-04 09:18:23.066945,0,-0.154157,-0.042074,0.337199,nan,nan,nan,nan,nan,nan,-3.097564,0.006958,-0.345703,nan,nan,nan,nan,nan,nan
2026-05-04 09:18:23.085911,0,-0.151487,-0.04187,0.332821,nan,nan,nan,nan,nan,nan,-3.112827,0.012919,-0.341888,nan,nan,nan,nan,nan,nan
2026-05-04 09:18:23.103864,0,-0.148753,-0.041732,0.329184,nan,nan,nan,nan,nan,nan,-3.102744,0.007978,-0.347568,nan,nan,nan,nan,nan,nan
2026-05-04 09:18:23.121949,0,-0.145751,-0.041509,0.326262,nan,nan,nan,nan,nan,nan,-3.100952,0.005878,-0.349323,nan,nan,nan,nan,nan,nan
2026-05-04 09:18:23.140186,0,-0.1416,-0.041298,0.32258,nan,nan,nan,nan,nan,nan,-3.116767,0.00408,-0.340141,nan,nan,nan,nan,nan,nan
2026-05-04 09:18:23.163453,0,-0.138205,-0.041218,0.320365,nan,nan,nan,nan,nan,nan,-3.083834,0.00132,-0.342108,nan,nan,nan,nan,nan,nan
2026-05-04 09:18:23.181790,0,-0.133741,-0.041096,0.316961,nan,nan,nan,nan,nan,nan,-3.100338,0.000729,-0.322364,nan,nan,nan,nan,nan,nan
2026-05-04 09:18:23.199737,0,-0.1285,-0.041209,0.314626,nan,nan,nan,nan,nan,nan,-3.106227,-0.005733,-0.351867,nan,nan,nan,nan,nan,nan
2026-05-04 09:18:23.218114,0,-0.125798,-0.041249,0.314219,nan,nan,nan,nan,nan,nan,-3.091827,-0.010588,-0.352394,nan,nan,nan,nan,nan,nan
2026-05-04 09:18:23.236903,0,-0.116356,-0.041036,0.310149,nan,nan,nan,nan,nan,nan,3.114084,-0.002277,0.385864,nan,nan,nan,nan,nan,nan
2026-05-04 09:18:23.257367,0,-0.113865,-0.041066,0.311338,nan,nan,nan,nan,nan,nan,-3.073799,-0.005531,-0.396146,nan,nan,nan,nan,nan,nan
2026-05-04 09:18:23.280383,0,-0.10679,-0.041002,0.310437,nan,nan,nan,nan,nan,nan,-3.04929,-0.018529,-0.368019,nan,nan,nan,nan,nan,nan
2026-05-04 09:18:23.298577,0,-0.094629,-0.040929,0.308953,nan,nan,nan,nan,nan,nan,-3.086089,-0.000589,-0.460793,nan,nan,nan,nan,nan,nan
2026-05-04 09:18:23.317050,0,-0.086547,-0.040766,0.307852,nan,nan,nan,nan,nan,nan,3.093912,-0.011902,0.495185,nan,nan,nan,nan,nan,nan
2026-05-04 09:18:23.337053,0,-0.082809,-0.040776,0.308934,nan,nan,nan,nan,nan,nan,-3.099017,-0.000278,-0.418134,nan,nan,nan,nan,nan,nan
2026-05-04 09:18:23.354711,0,-0.074018,-0.04068,0.309526,nan,nan,nan,nan,nan,nan,-3.036485,0.004226,-0.516134,nan,nan,nan,nan,nan,nan
2026-05-04 09:18:23.373474,0,-0.064582,-0.040405,0.308389,nan,nan,nan,nan,nan,nan,3.084433,-0.020183,0.564552,nan,nan,nan,nan,nan,nan
2026-05-04 09:18:23.392709,0,-0.055574,-0.04045,0.310168,nan,nan,nan,nan,nan,nan,-3.076782,0.006018,-0.508819,nan,nan,nan,nan,nan,nan
2026-05-04 09:18:23.414704,0,-0.045252,-0.04047,0.311486,nan,nan,nan,nan,nan,nan,-3.074452,0.006998,-0.55305,nan,nan,nan,nan,nan,nan
2026-05-04 09:18:23.434047,0,-0.034527,-0.040407,0.311658,nan,nan,nan,nan,nan,nan,-3.07602,0.016892,-0.581044,nan,nan,nan,nan,nan,nan
2026-05-04 09:18:23.455199,0,-0.024256,-0.04063,0.313703,nan,nan,nan,nan,nan,nan,-3.057496,0.013841,-0.620824,nan,nan,nan,nan,nan,nan
2026-05-04 09:18:23.474190,0,-0.013496,-0.040417,0.315355,nan,nan,nan,nan,nan,nan,-3.043371,0.020701,-0.607003,nan,nan,nan,nan,nan,nan
2026-05-04 09:18:23.492925,0,-0.001884,-0.040844,0.317938,nan,nan,nan,nan,nan,nan,-3.052571,0.010103,-0.649672,nan,nan,nan,nan,nan,nan
2026-05-04 09:18:23.512733,0,0.009707,-0.040985,0.319933,nan,nan,nan,nan,nan,nan,-3.042188,0.013728,-0.677536,nan,nan,nan,nan,nan,nan
2026-05-04 09:18:23.532082,0,0.021378,-0.041068,0.322185,nan,nan,nan,nan,nan,nan,-3.039106,0.01165,-0.703092,nan,nan,nan,nan,nan,nan
2026-05-04 09:18:23.551125,0,0.033117,-0.041128,0.324284,nan,nan,nan,nan,nan,nan,-3.040379,0.010834,-0.71282,nan,nan,nan,nan,nan,nan
2026-05-04 09:18:23.569508,0,0.045277,-0.041255,0.326705,nan,nan,nan,nan,nan,nan,-3.029954,0.016194,-0.745665,nan,nan,nan,nan,nan,nan
2026-05-04 09:18:23.588032,0,0.058274,-0.041143,0.329647,nan,nan,nan,nan,nan,nan,-3.009452,0.026444,-0.771251,nan,nan,nan,nan,nan,nan
2026-05-04 09:18:23.606912,0,0.071068,-0.041293,0.331963,nan,nan,nan,nan,nan,nan,-3.004359,0.025453,-0.813848,nan,nan,nan,nan,nan,nan
2026-05-04 09:18:23.624328,0,0.07774,-0.041376,0.334293,nan,nan,nan,nan,nan,nan,-3.000598,0.030454,-0.828834,nan,nan,nan,nan,nan,nan
2026-05-04 09:18:23.644170,0,0.090907,-0.041576,0.338234,nan,nan,nan,-0.047703,-0.045318,0.474745,-2.989226,0.029838,-0.862331,nan,nan,nan,-2.676348,-0.011821,1.590496
2026-05-04 09:18:23.663976,0,0.10412,-0.041754,0.34177,nan,nan,nan,-0.037402,-0.045395,0.474816,-2.979581,0.034838,-0.899724,nan,nan,nan,-2.706928,-0.01692,1.563066
2026-05-04 09:18:23.682155,0,0.117528,-0.041986,0.346581,nan,nan,nan,-0.026765,-0.04537,0.475445,-2.971589,0.032136,-0.924694,nan,nan,nan,-2.707695,-0.010399,1.521265
2026-05-04 09:18:23.700973,0,0.130774,-0.042225,0.351278,nan,nan,nan,-0.016258,-0.045281,0.475866,-2.95868,0.029927,-0.950016,nan,nan,nan,-2.722625,-0.015296,1.51117
2026-05-04 09:18:23.719573,0,0.144078,-0.042473,0.356461,nan,nan,nan,-0.005962,-0.045213,0.478419,-2.948141,0.034994,-0.986643,nan,nan,nan,-2.736803,-0.012584,1.45538
2026-05-04 09:18:23.738788,0,0.155936,-0.042631,0.359327,nan,nan,nan,0.003867,-0.045305,0.481486,-2.936074,0.041662,-1.030533,nan,nan,nan,-2.741486,-0.009027,1.438041
2026-05-04 09:18:23.758175,0,0.168802,-0.042931,0.365272,nan,nan,nan,0.013829,-0.045159,0.47899,-2.919078,0.039623,-1.0702,nan,nan,nan,-2.790453,-0.013994,1.388374
2026-05-04 09:18:23.776394,0,0.180447,-0.043182,0.370015,nan,nan,nan,0.02331,-0.04551,0.481157,-2.908168,0.039239,-1.116727,nan,nan,nan,-2.81105,-0.011593,1.348843
2026-05-04 09:18:23.794980,0,0.185787,-0.043254,0.371717,nan,nan,nan,0.027959,-0.045532,0.482297,-2.898913,0.043056,-1.133481,nan,nan,nan,-2.810454,-0.003085,1.334248
2026-05-04 09:18:23.813608,0,0.19698,-0.04359,0.378012,nan,nan,nan,0.036572,-0.045856,0.485284,-2.883099,0.041353,-1.178071,nan,nan,nan,-2.835769,-0.005191,1.304989
2026-05-04 09:18:23.831052,0,nan,nan,nan,nan,nan,nan,0.044221,-0.045386,0.484301,nan,nan,nan,nan,nan,nan,-2.849981,-0.012002,1.261625
2026-05-04 09:18:23.849880,0,nan,nan,nan,nan,nan,nan,0.051353,-0.045659,0.488324,nan,nan,nan,nan,nan,nan,-2.866101,0.003641,1.209792
2026-05-04 09:18:23.870662,0,nan,nan,nan,nan,nan,nan,0.057914,-0.045543,0.490869,nan,nan,nan,nan,nan,nan,-2.884063,0.000766,1.199657
2026-05-04 09:18:23.889049,0,nan,nan,nan,nan,nan,nan,0.063472,-0.045682,0.494624,nan,nan,nan,nan,nan,nan,-2.892151,0.006596,1.143109
2026-05-04 09:18:23.906899,0,nan,nan,nan,nan,nan,nan,0.068205,-0.045779,0.499736,nan,nan,nan,nan,nan,nan,-2.897598,0.013777,1.119483
2026-05-04 09:18:23.924582,0,nan,nan,nan,nan,nan,nan,0.069905,-0.045834,0.499501,nan,nan,nan,nan,nan,nan,-2.91825,0.010519,1.099594
2026-05-04 09:18:23.943893,0,nan,nan,nan,nan,nan,nan,0.073123,-0.04606,0.504181,nan,nan,nan,nan,nan,nan,-2.904658,0.013416,1.08128
2026-05-04 09:18:23.961824,0,nan,nan,nan,nan,nan,nan,0.074827,-0.04614,0.506524,nan,nan,nan,nan,nan,nan,-2.955634,0.003082,1.054526
2026-05-04 09:18:23.980971,0,nan,nan,nan,nan,nan,nan,0.076573,-0.046485,0.512343,nan,nan,nan,nan,nan,nan,-2.951928,0.00011,1.024088
2026-05-04 09:18:23.998091,0,nan,nan,nan,nan,nan,nan,0.076806,-0.046716,0.517377,nan,nan,nan,nan,nan,nan,-2.911203,0.018409,1.000041
2026-05-04 09:18:24.015811,0,nan,nan,nan,nan,nan,nan,0.076443,-0.046663,0.51866,nan,nan,nan,nan,nan,nan,-2.938718,0.010047,1.009185
2026-05-04 09:18:24.033835,0,nan,nan,nan,nan,nan,nan,0.075666,-0.04703,0.522803,nan,nan,nan,nan,nan,nan,-2.932884,0.013345,0.973127
2026-05-04 09:18:24.051717,0,nan,nan,nan,nan,nan,nan,0.073851,-0.047115,0.524713,nan,nan,nan,nan,nan,nan,-2.975617,-0.001168,0.948824
2026-05-04 09:18:24.070044,0,nan,nan,nan,nan,nan,nan,0.072026,-0.047737,0.531231,nan,nan,nan,nan,nan,nan,-2.987386,0.007512,0.913061
2026-05-04 09:18:24.088283,0,nan,nan,nan,nan,nan,nan,0.06904,-0.047935,0.534792,nan,nan,nan,nan,nan,nan,-2.992146,0.003495,0.930231
2026-05-04 09:18:24.106291,0,nan,nan,nan,nan,nan,nan,0.064657,-0.047531,0.537882,nan,nan,nan,nan,nan,nan,-3.000057,0.001518,0.9046
2026-05-04 09:18:24.124756,0,nan,nan,nan,nan,nan,nan,0.062455,-0.047539,0.539649,nan,nan,nan,nan,nan,nan,-2.987851,0.008766,0.937778
2026-05-04 09:18:24.144301,0,nan,nan,nan,nan,nan,nan,0.058221,-0.047544,0.542867,nan,nan,nan,nan,nan,nan,-2.972497,0.016882,0.922486
2026-05-04 09:18:24.163029,0,nan,nan,nan,nan,nan,nan,0.054503,-0.04815,0.547696,nan,nan,nan,nan,nan,nan,-2.969808,0.006037,0.881859
2026-05-04 09:18:24.181551,0,nan,nan,nan,nan,nan,nan,0.049748,-0.048195,0.548762,nan,nan,nan,nan,nan,nan,-2.984629,0.003969,0.86239
2026-05-04 09:18:24.199851,0,nan,nan,nan,nan,nan,nan,0.044939,-0.048433,0.553191,nan,nan,nan,nan,nan,nan,-2.968128,-0.002111,0.872071
2026-05-04 09:18:24.218318,0,nan,nan,nan,nan,nan,nan,0.040772,-0.048551,0.558116,nan,nan,nan,nan,nan,nan,-2.973432,0.008752,0.877781
2026-05-04 09:18:24.237984,0,nan,nan,nan,nan,nan,nan,0.035919,-0.048574,0.559774,nan,nan,nan,nan,nan,nan,-2.992891,0.000471,0.870438
2026-05-04 09:18:24.257100,0,nan,nan,nan,nan,nan,nan,0.030969,-0.048646,0.560468,nan,nan,nan,nan,nan,nan,-3.008544,-0.002814,0.860161
2026-05-04 09:18:24.276388,0,nan,nan,nan,nan,nan,nan,0.028586,-0.048884,0.563609,nan,nan,nan,nan,nan,nan,-2.961047,0.00592,0.869248
2026-05-04 09:18:24.296345,0,nan,nan,nan,nan,nan,nan,0.023611,-0.048936,0.565456,nan,nan,nan,nan,nan,nan,-2.986708,-0.0009,0.865003
2026-05-04 09:18:24.316477,0,nan,nan,nan,nan,nan,nan,0.018406,-0.049135,0.570712,nan,nan,nan,nan,nan,nan,-2.962255,0.013515,0.855965
2026-05-04 09:18:24.335412,0,nan,nan,nan,nan,nan,nan,0.012827,-0.049247,0.574612,nan,nan,nan,nan,nan,nan,-2.949763,0.019618,0.852221
2026-05-04 09:18:24.354839,0,nan,nan,nan,nan,nan,nan,0.007195,-0.049102,0.574097,nan,nan,nan,nan,nan,nan,-2.971209,0.014824,0.877631
2026-05-04 09:18:24.374609,0,nan,nan,nan,nan,nan,nan,0.001549,-0.049154,0.572429,nan,nan,nan,nan,nan,nan,-2.989255,-0.000543,0.897857
2026-05-04 09:18:24.394161,0,nan,nan,nan,nan,nan,nan,-0.004687,-0.049381,0.577995,nan,nan,nan,nan,nan,nan,-2.946801,0.016342,0.898358
2026-05-04 09:18:24.412216,0,nan,nan,nan,nan,nan,nan,-0.01059,-0.049469,0.576795,nan,nan,nan,nan,nan,nan,-2.941224,0.000905,0.918203
2026-05-04 09:18:24.431141,0,nan,nan,nan,nan,nan,nan,-0.01704,-0.049464,0.578992,nan,nan,nan,nan,nan,nan,-2.965965,-0.00523,0.936249
2026-05-04 09:18:24.449265,0,nan,nan,nan,nan,nan,nan,-0.023522,-0.04945,0.579283,nan,nan,nan,nan,nan,nan,-2.954463,0.004827,0.941379
2026-05-04 09:18:24.467826,0,nan,nan,nan,nan,nan,nan,-0.029493,-0.049722,0.578096,nan,nan,nan,nan,nan,nan,-2.93037,0.014557,0.95049
2026-05-04 09:18:24.485351,0,nan,nan,nan,nan,nan,nan,-0.035745,-0.049817,0.578386,nan,nan,nan,nan,nan,nan,-2.946427,0.000655,0.99794
2026-05-04 09:18:24.503847,0,0.142639,-0.049415,0.516293,nan,nan,nan,-0.03896,-0.049668,0.577795,-2.725834,0.061789,-1.470488,nan,nan,nan,-2.927135,0.001281,0.996803
2026-05-04 09:18:24.522362,0,0.13407,-0.049276,0.511473,nan,nan,nan,-0.045708,-0.049471,0.576807,-2.739193,0.069777,-1.434987,nan,nan,nan,-2.900984,-0.003829,1.029715
2026-05-04 09:18:24.541124,0,0.125344,-0.04909,0.506794,nan,nan,nan,-0.052832,-0.049542,0.578538,-2.759269,0.06944,-1.425911,nan,nan,nan,-2.894227,0.000406,1.03276
2026-05-04 09:18:24.558935,0,0.117055,-0.048881,0.504257,nan,nan,nan,-0.060486,-0.049616,0.581486,-2.778084,0.065327,-1.388232,nan,nan,nan,-2.901091,0.00565,1.059944
2026-05-04 09:18:24.577325,0,0.108456,-0.048847,0.500341,nan,nan,nan,-0.067556,-0.049729,0.57811,-2.785943,0.045588,-1.373165,nan,nan,nan,-2.915594,-0.007755,1.1055
2026-05-04 09:18:24.601394,0,0.104349,-0.049217,0.499521,nan,nan,nan,-0.071696,-0.050088,0.579723,-2.805899,0.030761,-1.367345,nan,nan,nan,-2.903963,0.006801,1.121627
2026-05-04 09:18:24.618342,0,0.090612,-0.048596,0.495227,nan,nan,nan,nan,nan,nan,-2.818187,0.039971,-1.310443,nan,nan,nan,nan,nan,nan
2026-05-04 09:18:24.635043,0,0.085866,-0.048424,0.492207,nan,nan,nan,-0.086991,-0.04967,0.577148,-2.82004,0.056859,-1.312131,nan,nan,nan,-2.867455,0.005686,1.15815
2026-05-04 09:18:24.651904,0,0.076293,-0.048213,0.487369,nan,nan,nan,nan,nan,nan,-2.830782,0.05539,-1.28851,nan,nan,nan,nan,nan,nan
2026-05-04 09:18:24.670180,0,0.067412,-0.048066,0.484448,nan,nan,nan,-0.10216,-0.04937,0.574486,-2.855663,0.054429,-1.259366,nan,nan,nan,-2.852991,-0.006966,1.205624
2026-05-04 09:18:24.687520,0,0.058097,-0.04792,0.481289,nan,nan,nan,nan,nan,nan,-2.849294,0.037874,-1.23339,nan,nan,nan,nan,nan,nan
2026-05-04 09:18:24.705359,0,0.052977,-0.047728,0.477386,nan,nan,nan,-0.114378,-0.049904,0.575413,-2.858621,0.038982,-1.222693,nan,nan,nan,-2.863137,0.001946,1.241236
2026-05-04 09:18:24.726723,0,0.041919,-0.047417,0.47107,nan,nan,nan,-0.122064,-0.049433,0.571795,-2.88721,0.043246,-1.178886,nan,nan,nan,-2.827865,-0.00546,1.295655
2026-05-04 09:18:24.744334,0,0.031025,-0.047167,0.465799,nan,nan,nan,nan,nan,nan,-2.892921,0.042459,-1.127257,nan,nan,nan,nan,nan,nan
2026-05-04 09:18:24.763192,0,0.021162,-0.046996,0.46242,nan,nan,nan,nan,nan,nan,-2.91516,0.046868,-1.110352,nan,nan,nan,nan,nan,nan
2026-05-04 09:18:24.780513,0,0.011895,-0.046686,0.456144,nan,nan,nan,nan,nan,nan,-2.932437,0.045392,-1.080907,nan,nan,nan,nan,nan,nan
2026-05-04 09:18:24.798829,0,0.002615,-0.046497,0.451986,nan,nan,nan,-0.153041,-0.049249,0.568043,-2.921104,0.029136,-1.032781,nan,nan,nan,-2.749048,-0.003061,1.407952
2026-05-04 09:18:24.816021,0,-0.006789,-0.046219,0.446176,nan,nan,nan,nan,nan,nan,-2.946458,0.035779,-1.024188,nan,nan,nan,nan,nan,nan
2026-05-04 09:18:24.834328,0,-0.011418,-0.046075,0.443429,nan,nan,nan,nan,nan,nan,-2.948958,0.036722,-1.003761,nan,nan,nan,nan,nan,nan
2026-05-04 09:18:24.851653,0,-0.021054,-0.045784,0.437197,nan,nan,nan,nan,nan,nan,-2.960465,0.03819,-0.969553,nan,nan,nan,nan,nan,nan
2026-05-04 09:18:24.871064,0,-0.025601,-0.045728,0.43622,nan,nan,nan,nan,nan,nan,-2.956379,0.035814,-0.954982,nan,nan,nan,nan,nan,nan
2026-05-04 09:18:24.888671,0,-0.038901,-0.045291,0.427346,nan,nan,nan,nan,nan,nan,-2.98355,0.035819,-0.906879,nan,nan,nan,nan,nan,nan
2026-05-04 09:18:24.907669,0,-0.043109,-0.045116,0.423406,nan,nan,nan,nan,nan,nan,-2.983673,0.029153,-0.871085,nan,nan,nan,nan,nan,nan
2026-05-04 09:18:24.926664,0,-0.051216,-0.044835,0.417696,nan,nan,nan,nan,nan,nan,-2.999419,0.032603,-0.83587,nan,nan,nan,nan,nan,nan
2026-05-04 09:18:24.944929,0,-0.057961,-0.044637,0.413946,nan,nan,nan,nan,nan,nan,-3.014844,0.032336,-0.811927,nan,nan,nan,nan,nan,nan
2026-05-04 09:18:24.963802,0,-0.06313,-0.044319,0.407288,nan,nan,nan,nan,nan,nan,-3.006021,0.027568,-0.805182,nan,nan,nan,nan,nan,nan
2026-05-04 09:18:24.982432,0,-0.068427,-0.044317,0.402791,nan,nan,nan,nan,nan,nan,-3.026162,0.034221,-0.775058,nan,nan,nan,nan,nan,nan
2026-05-04 09:18:25.001383,0,-0.073999,-0.044636,0.40076,nan,nan,nan,nan,nan,nan,-3.036521,0.027689,-0.717253,nan,nan,nan,nan,nan,nan
2026-05-04 09:18:25.021113,0,-0.078058,-0.04441,0.39585,nan,nan,nan,nan,nan,nan,-3.045298,0.021969,-0.675187,nan,nan,nan,nan,nan,nan
2026-05-04 09:18:25.040349,0,-0.081691,-0.044305,0.392705,nan,nan,nan,nan,nan,nan,-3.046834,0.025375,-0.669117,nan,nan,nan,nan,nan,nan
2026-05-04 09:18:25.058953,0,-0.083843,-0.04401,0.386865,nan,nan,nan,nan,nan,nan,-3.060097,0.027893,-0.661796,nan,nan,nan,nan,nan,nan
2026-05-04 09:18:25.077874,0,-0.085167,-0.043784,0.38314,nan,nan,nan,nan,nan,nan,-3.069319,0.029878,-0.656905,nan,nan,nan,nan,nan,nan
2026-05-04 09:18:25.095412,0,-0.08531,-0.043597,0.379574,nan,nan,nan,nan,nan,nan,-3.067873,0.022938,-0.653059,nan,nan,nan,nan,nan,nan
2026-05-04 09:18:25.114209,0,-0.085747,-0.043611,0.379185,nan,nan,nan,nan,nan,nan,-3.033379,0.005693,-0.609308,nan,nan,nan,nan,nan,nan
2026-05-04 09:18:25.132745,0,-0.085377,-0.043449,0.3757,nan,nan,nan,nan,nan,nan,-3.049174,0.014276,-0.620872,nan,nan,nan,nan,nan,nan
2026-05-04 09:18:25.153605,0,-0.084118,-0.043305,0.372957,nan,nan,nan,nan,nan,nan,-3.059933,0.018974,-0.631893,nan,nan,nan,nan,nan,nan
2026-05-04 09:18:25.172380,0,-0.082786,-0.043164,0.370054,nan,nan,nan,nan,nan,nan,-3.049212,0.018738,-0.643201,nan,nan,nan,nan,nan,nan
2026-05-04 09:18:25.190799,0,-0.08144,-0.043015,0.366867,nan,nan,nan,nan,nan,nan,-3.041375,0.022372,-0.663212,nan,nan,nan,nan,nan,nan
2026-05-04 09:18:25.209523,0,-0.080037,-0.04284,0.363588,nan,nan,nan,nan,nan,nan,-3.056479,0.022369,-0.657326,nan,nan,nan,nan,nan,nan
2026-05-04 09:18:25.227830,0,-0.078773,-0.042655,0.359976,nan,nan,nan,nan,nan,nan,-3.060065,0.024915,-0.654581,nan,nan,nan,nan,nan,nan
2026-05-04 09:18:25.246418,0,-0.077586,-0.042488,0.356672,nan,nan,nan,nan,nan,nan,-3.050939,0.026551,-0.66049,nan,nan,nan,nan,nan,nan
2026-05-04 09:18:25.264746,0,-0.07701,-0.042479,0.355364,nan,nan,nan,nan,nan,nan,-3.04409,0.016032,-0.655945,nan,nan,nan,nan,nan,nan
2026-05-04 09:18:25.282489,0,-0.07516,-0.042342,0.351544,nan,nan,nan,nan,nan,nan,-3.059593,0.015789,-0.6472,nan,nan,nan,nan,nan,nan
2026-05-04 09:18:25.300841,0,-0.073001,-0.042306,0.347857,nan,nan,nan,nan,nan,nan,-3.070269,0.008842,-0.621628,nan,nan,nan,nan,nan,nan
2026-05-04 09:18:25.319256,0,-0.070527,-0.042147,0.343434,nan,nan,nan,nan,nan,nan,-3.069907,0.006023,-0.61553,nan,nan,nan,nan,nan,nan
2026-05-04 09:18:25.336552,0,-0.068301,-0.041974,0.340021,nan,nan,nan,nan,nan,nan,-3.069736,0.004736,-0.584102,nan,nan,nan,nan,nan,nan
2026-05-04 09:18:25.354902,0,-0.066892,-0.042016,0.338865,nan,nan,nan,nan,nan,nan,-3.0733,0.008652,-0.594298,nan,nan,nan,nan,nan,nan
2026-05-04 09:18:25.372948,0,-0.06365,-0.041693,0.333586,nan,nan,nan,nan,nan,nan,-3.070153,0.007048,-0.606438,nan,nan,nan,nan,nan,nan
2026-05-04 09:18:25.390875,0,-0.059595,-0.0413,0.327425,nan,nan,nan,nan,nan,nan,3.05182,-0.022135,0.640466,nan,nan,nan,nan,nan,nan
2026-05-04 09:18:25.408661,0,-0.05493,-0.041447,0.325452,nan,nan,nan,nan,nan,nan,-3.05564,0.004507,-0.612799,nan,nan,nan,nan,nan,nan
2026-05-04 09:18:25.426101,0,-0.049916,-0.04115,0.321935,nan,nan,nan,nan,nan,nan,-3.059162,0.001485,-0.597937,nan,nan,nan,nan,nan,nan
2026-05-04 09:18:25.444985,0,-0.04692,-0.04119,0.320688,nan,nan,nan,nan,nan,nan,-3.053776,0.006789,-0.590368,nan,nan,nan,nan,nan,nan
2026-05-04 09:18:25.464556,0,-0.04117,-0.040875,0.317146,nan,nan,nan,nan,nan,nan,-3.062035,0.007621,-0.619838,nan,nan,nan,nan,nan,nan
2026-05-04 09:18:25.483204,0,-0.034195,-0.040587,0.313394,nan,nan,nan,nan,nan,nan,3.061688,-0.019505,0.657586,nan,nan,nan,nan,nan,nan
2026-05-04 09:18:25.501465,0,-0.02721,-0.040807,0.312867,nan,nan,nan,nan,nan,nan,-3.047016,0.01053,-0.615907,nan,nan,nan,nan,nan,nan
2026-05-04 09:18:25.520765,0,-0.019249,-0.040683,0.31094,nan,nan,nan,nan,nan,nan,-3.042451,0.018827,-0.677513,nan,nan,nan,nan,nan,nan
2026-05-04 09:18:25.538720,0,-0.010626,-0.040497,0.309871,nan,nan,nan,nan,nan,nan,-3.040007,0.010112,-0.696873,nan,nan,nan,nan,nan,nan
2026-05-04 09:18:25.556674,0,-0.001503,-0.040568,0.309438,nan,nan,nan,nan,nan,nan,-3.036135,0.010805,-0.700301,nan,nan,nan,nan,nan,nan
2026-05-04 09:18:25.575488,0,0.003093,-0.040489,0.309107,nan,nan,nan,nan,nan,nan,-3.039209,0.016263,-0.734917,nan,nan,nan,nan,nan,nan
2026-05-04 09:18:25.594203,0,0.012716,-0.040376,0.309765,nan,nan,nan,nan,nan,nan,-3.03321,0.018076,-0.749822,nan,nan,nan,nan,nan,nan
2026-05-04 09:18:25.612578,0,0.022944,-0.040542,0.311194,nan,nan,nan,nan,nan,nan,-3.01609,0.014577,-0.779826,nan,nan,nan,nan,nan,nan
2026-05-04 09:18:25.630237,0,0.032852,-0.040635,0.312893,nan,nan,nan,nan,nan,nan,-3.012402,0.021405,-0.815605,nan,nan,nan,nan,nan,nan
2026-05-04 09:18:25.650477,0,0.038036,-0.040418,0.312994,nan,nan,nan,nan,nan,nan,-3.014025,0.030528,-0.828378,nan,nan,nan,nan,nan,nan
2026-05-04 09:18:25.668856,0,0.054363,-0.040546,0.317958,nan,nan,nan,nan,nan,nan,-2.984493,0.028188,-0.867853,nan,nan,nan,nan,nan,nan
2026-05-04 09:18:25.686762,0,0.065662,-0.041124,0.323058,nan,nan,nan,nan,nan,nan,-2.987601,0.022513,-0.90419,nan,nan,nan,nan,nan,nan
2026-05-04 09:18:25.704734,0,0.071295,-0.04104,0.32525,nan,nan,nan,nan,nan,nan,-2.972253,0.025778,-0.924068,nan,nan,nan,nan,nan,nan
2026-05-04 09:18:25.723801,0,0.082437,-0.04117,0.330365,nan,nan,nan,nan,nan,nan,-2.960386,0.035012,-0.958627,nan,nan,nan,nan,nan,nan
2026-05-04 09:18:25.742684,0,0.092876,-0.041445,0.335624,nan,nan,nan,nan,nan,nan,-2.951805,0.037828,-0.985172,nan,nan,nan,nan,nan,nan
2026-05-04 09:18:25.762394,0,0.103424,-0.041786,0.34258,nan,nan,nan,nan,nan,nan,-2.936316,0.034014,-1.021487,nan,nan,nan,nan,nan,nan
2026-05-04 09:18:25.781612,0,0.113509,-0.042095,0.348703,nan,nan,nan,-0.041527,-0.044864,0.465538,-2.923206,0.038592,-1.060506,nan,nan,nan,-2.78565,-0.005341,1.385273
2026-05-04 09:18:25.804265,0,0.123517,-0.042471,0.356232,nan,nan,nan,-0.03441,-0.044843,0.468285,-2.916282,0.041854,-1.096017,nan,nan,nan,-2.801252,-0.014709,1.365555
2026-05-04 09:18:25.824208,0,0.133553,-0.042937,0.365347,nan,nan,nan,-0.027273,-0.044848,0.469996,-2.889409,0.044643,-1.145057,nan,nan,nan,-2.804054,-0.009694,1.321487
2026-05-04 09:18:25.843424,0,0.141361,-0.043193,0.371139,nan,nan,nan,-0.020936,-0.044929,0.472921,-2.889028,0.044878,-1.177242,nan,nan,nan,-2.833292,-0.015679,1.296017
2026-05-04 09:18:25.862023,0,nan,nan,nan,nan,nan,nan,-0.015442,-0.045164,0.478294,nan,nan,nan,nan,nan,nan,-2.840444,-0.007476,1.251698
2026-05-04 09:18:25.880733,0,0.157224,-0.043828,0.386549,nan,nan,nan,-0.010012,-0.045364,0.48325,-2.852285,0.050097,-1.247062,nan,nan,nan,-2.852723,-0.00584,1.221648
2026-05-04 09:18:25.900075,0,nan,nan,nan,nan,nan,nan,-0.004978,-0.045367,0.484584,nan,nan,nan,nan,nan,nan,-2.889753,-0.010054,1.182215
2026-05-04 09:18:26.001995,0,nan,nan,nan,nan,nan,nan,0.01149,-0.046086,0.50097,nan,nan,nan,nan,nan,nan,-2.930576,-0.003622,1.057192
2026-05-04 09:18:26.020784,0,nan,nan,nan,nan,nan,nan,0.013263,-0.046103,0.501896,nan,nan,nan,nan,nan,nan,-2.933578,-0.003564,1.055599
2026-05-04 09:18:26.039051,0,nan,nan,nan,nan,nan,nan,0.014194,-0.046196,0.503554,nan,nan,nan,nan,nan,nan,-2.933745,-0.006439,1.053343
2026-05-04 09:18:26.057960,0,nan,nan,nan,nan,nan,nan,0.014922,-0.046276,0.505952,nan,nan,nan,nan,nan,nan,-2.912653,0.009373,1.039502
2026-05-04 09:18:26.076400,0,nan,nan,nan,nan,nan,nan,0.015107,-0.04624,0.505242,nan,nan,nan,nan,nan,nan,-2.938292,-0.005726,1.05343
2026-05-04 09:18:26.094780,0,nan,nan,nan,nan,nan,nan,0.015206,-0.046306,0.506792,nan,nan,nan,nan,nan,nan,-2.937226,-0.005068,1.04331
2026-05-04 09:18:26.113802,0,nan,nan,nan,nan,nan,nan,0.015181,-0.046302,0.507038,nan,nan,nan,nan,nan,nan,-2.939033,-0.003857,1.046277
2026-05-04 09:18:26.132216,0,nan,nan,nan,nan,nan,nan,0.014973,-0.046382,0.508918,nan,nan,nan,nan,nan,nan,-2.91925,0.01306,1.023532
2026-05-04 09:18:26.151375,0,nan,nan,nan,nan,nan,nan,0.014475,-0.04636,0.508725,nan,nan,nan,nan,nan,nan,-2.938511,0.002163,1.022233
2026-05-04 09:18:26.171095,0,nan,nan,nan,nan,nan,nan,0.014309,-0.046237,0.507494,nan,nan,nan,nan,nan,nan,-2.943657,-0.005012,1.041304
2026-05-04 09:18:26.189831,0,nan,nan,nan,nan,nan,nan,0.014189,-0.046363,0.508341,nan,nan,nan,nan,nan,nan,-2.937004,0.004889,1.021131
2026-05-04 09:18:26.208451,0,nan,nan,nan,nan,nan,nan,0.013724,-0.046353,0.508541,nan,nan,nan,nan,nan,nan,-2.946919,0.005471,1.005326
2026-05-04 09:18:26.226314,0,nan,nan,nan,nan,nan,nan,0.013437,-0.046353,0.509713,nan,nan,nan,nan,nan,nan,-2.946782,-0.001899,1.029667
2026-05-04 09:18:26.244875,0,nan,nan,nan,nan,nan,nan,0.013145,-0.046453,0.511488,nan,nan,nan,nan,nan,nan,-2.918296,0.016777,1.010421
2026-05-04 09:18:26.264143,0,nan,nan,nan,nan,nan,nan,0.012569,-0.046388,0.510583,nan,nan,nan,nan,nan,nan,-2.952049,-0.003311,1.026463
2026-05-04 09:18:26.283255,0,nan,nan,nan,nan,nan,nan,0.012046,-0.046545,0.512196,nan,nan,nan,nan,nan,nan,-2.93638,0.011554,0.99334
2026-05-04 09:18:26.301555,0,nan,nan,nan,nan,nan,nan,0.011582,-0.046522,0.511994,nan,nan,nan,nan,nan,nan,-2.940857,0.003311,1.019538
2026-05-04 09:18:26.320484,0,nan,nan,nan,nan,nan,nan,0.010673,-0.04667,0.513933,nan,nan,nan,nan,nan,nan,-2.934941,0.002017,1.016505
2026-05-04 09:18:26.338550,0,nan,nan,nan,nan,nan,nan,0.009761,-0.046727,0.51479,nan,nan,nan,nan,nan,nan,-2.92974,0.000367,1.00785
2026-05-04 09:18:26.357022,0,nan,nan,nan,nan,nan,nan,0.008775,-0.046634,0.513669,nan,nan,nan,nan,nan,nan,-2.934282,0.007056,1.013717
2026-05-04 09:18:26.375136,0,nan,nan,nan,nan,nan,nan,0.008074,-0.046624,0.513128,nan,nan,nan,nan,nan,nan,-2.963099,-0.006473,1.004496
2026-05-04 09:18:26.393531,0,nan,nan,nan,nan,nan,nan,0.006582,-0.046887,0.517547,nan,nan,nan,nan,nan,nan,-2.932295,0.003587,1.000945
2026-05-04 09:18:26.411859,0,nan,nan,nan,nan,nan,nan,0.004931,-0.046929,0.518599,nan,nan,nan,nan,nan,nan,-2.948152,-0.008796,1.015446
2026-05-04 09:18:26.429413,0,nan,nan,nan,nan,nan,nan,0.003392,-0.046879,0.519264,nan,nan,nan,nan,nan,nan,-2.946886,-0.001246,0.976197
2026-05-04 09:18:26.447179,0,nan,nan,nan,nan,nan,nan,0.001885,-0.047141,0.523543,nan,nan,nan,nan,nan,nan,-2.922707,0.00864,0.977447
2026-05-04 09:18:26.464587,0,nan,nan,nan,nan,nan,nan,0.001096,-0.047145,0.523909,nan,nan,nan,nan,nan,nan,-2.940456,0.00218,0.973461
2026-05-04 09:18:26.482345,0,nan,nan,nan,nan,nan,nan,-0.000613,-0.047191,0.525101,nan,nan,nan,nan,nan,nan,-2.958061,-0.009291,0.974773
2026-05-04 09:18:26.499867,0,nan,nan,nan,nan,nan,nan,-0.002517,-0.0472,0.526825,nan,nan,nan,nan,nan,nan,-2.959286,-0.005406,0.965295
2026-05-04 09:18:26.518792,0,nan,nan,nan,nan,nan,nan,-0.004301,-0.047114,0.529608,nan,nan,nan,nan,nan,nan,-2.976244,0.005096,0.954215
2026-05-04 09:18:26.536984,0,nan,nan,nan,nan,nan,nan,-0.005855,-0.047205,0.532143,nan,nan,nan,nan,nan,nan,-2.953573,0.01922,0.95114
2026-05-04 09:18:26.556988,0,nan,nan,nan,nan,nan,nan,-0.006586,-0.047192,0.532334,nan,nan,nan,nan,nan,nan,-2.962069,0.01433,0.952036
2026-05-04 09:18:26.575365,0,nan,nan,nan,nan,nan,nan,-0.008176,-0.047528,0.534804,nan,nan,nan,nan,nan,nan,-2.982538,0.005086,0.929943
2026-05-04 09:18:26.593982,0,nan,nan,nan,nan,nan,nan,-0.009601,-0.047649,0.537318,nan,nan,nan,nan,nan,nan,-2.967792,0.00283,0.941911
2026-05-04 09:18:26.612144,0,nan,nan,nan,nan,nan,nan,-0.010816,-0.047849,0.539662,nan,nan,nan,nan,nan,nan,-2.95547,-0.001522,0.940984
2026-05-04 09:18:26.633112,0,nan,nan,nan,nan,nan,nan,-0.012499,-0.047942,0.541999,nan,nan,nan,nan,nan,nan,-2.952358,0.001911,0.929033
2026-05-04 09:18:26.651454,0,nan,nan,nan,nan,nan,nan,-0.013791,-0.047967,0.543053,nan,nan,nan,nan,nan,nan,-2.962607,-0.001791,0.931824
2026-05-04 09:18:26.669747,0,nan,nan,nan,nan,nan,nan,-0.015022,-0.048054,0.545057,nan,nan,nan,nan,nan,nan,-2.952623,-0.002573,0.938612
2026-05-04 09:18:26.688387,0,nan,nan,nan,nan,nan,nan,-0.016143,-0.048065,0.545458,nan,nan,nan,nan,nan,nan,-2.970456,-0.009882,0.956273
2026-05-04 09:18:26.705367,0,nan,nan,nan,nan,nan,nan,-0.01703,-0.048246,0.547836,nan,nan,nan,nan,nan,nan,-2.962505,0.001955,0.927698
2026-05-04 09:18:26.723047,0,nan,nan,nan,nan,nan,nan,-0.018154,-0.048184,0.547638,nan,nan,nan,nan,nan,nan,-2.973489,-0.010497,0.942935
2026-05-04 09:18:26.740234,0,nan,nan,nan,nan,nan,nan,-0.019458,-0.048283,0.54986,nan,nan,nan,nan,nan,nan,-2.943459,0.000306,0.940912
2026-05-04 09:18:26.757073,0,nan,nan,nan,nan,nan,nan,-0.020324,-0.04831,0.550453,nan,nan,nan,nan,nan,nan,-2.962346,-0.00448,0.935567
2026-05-04 09:18:26.777698,0,nan,nan,nan,nan,nan,nan,-0.021682,-0.048306,0.551545,nan,nan,nan,nan,nan,nan,-2.960382,-0.003963,0.961008
2026-05-04 09:18:26.798315,0,nan,nan,nan,nan,nan,nan,-0.023604,-0.048384,0.554994,nan,nan,nan,nan,nan,nan,-2.964568,0.007447,0.931168
2026-05-04 09:18:26.815693,0,nan,nan,nan,nan,nan,nan,-0.025447,-0.048444,0.556545,nan,nan,nan,nan,nan,nan,-2.947136,0.019933,0.933388
2026-05-04 09:18:26.832916,0,nan,nan,nan,nan,nan,nan,-0.025959,-0.048424,0.555853,nan,nan,nan,nan,nan,nan,-2.975291,0.003022,0.952326
2026-05-04 09:18:26.850410,0,nan,nan,nan,nan,nan,nan,-0.027337,-0.048381,0.557448,nan,nan,nan,nan,nan,nan,-2.959415,0.004643,0.971108
2026-05-04 09:18:26.869370,0,nan,nan,nan,nan,nan,nan,-0.027957,-0.048498,0.559093,nan,nan,nan,nan,nan,nan,-2.937025,0.017396,0.963739
2026-05-04 09:18:26.886433,0,nan,nan,nan,nan,nan,nan,-0.029266,-0.048601,0.558917,nan,nan,nan,nan,nan,nan,-2.945656,0.007572,0.963722
2026-05-04 09:18:26.904305,0,nan,nan,nan,nan,nan,nan,-0.029434,-0.048521,0.557346,nan,nan,nan,nan,nan,nan,-2.969384,-0.004813,0.984301
2026-05-04 09:18:26.922907,0,nan,nan,nan,nan,nan,nan,-0.030067,-0.048673,0.559621,nan,nan,nan,nan,nan,nan,-2.927443,0.011458,0.973718
2026-05-04 09:18:26.941493,0,nan,nan,nan,nan,nan,nan,-0.03034,-0.048648,0.55938,nan,nan,nan,nan,nan,nan,-2.942712,0.001899,0.982811
2026-05-04 09:18:26.960390,0,nan,nan,nan,nan,nan,nan,-0.03039,-0.048714,0.559765,nan,nan,nan,nan,nan,nan,-2.949369,-0.000966,0.980071
2026-05-04 09:18:26.978910,0,nan,nan,nan,nan,nan,nan,-0.030041,-0.048582,0.55812,nan,nan,nan,nan,nan,nan,-2.932604,0.014171,0.977435
2026-05-04 09:18:26.996466,0,0.149579,-0.048268,0.48869,nan,nan,nan,-0.029813,-0.048551,0.557886,-2.752121,0.05709,-1.480619,nan,nan,nan,-2.934074,0.014803,0.975946
2026-05-04 09:18:27.015384,0,nan,nan,nan,nan,nan,nan,-0.029705,-0.048534,0.557466,nan,nan,nan,nan,nan,nan,-2.939155,0.009467,0.988479
2026-05-04 09:18:27.033468,0,nan,nan,nan,nan,nan,nan,-0.029703,-0.04852,0.557985,nan,nan,nan,nan,nan,nan,-2.941959,0.005296,0.992895
2026-05-04 09:18:27.052033,0,0.151426,-0.048436,0.491918,nan,nan,nan,-0.029362,-0.048439,0.556113,-2.740082,0.06145,-1.478839,nan,nan,nan,-2.972509,-0.004002,0.988755
2026-05-04 09:18:27.071151,0,nan,nan,nan,nan,nan,nan,-0.029557,-0.048486,0.557491,nan,nan,nan,nan,nan,nan,-2.951932,0.001765,0.987912
2026-05-04 09:18:27.090017,0,nan,nan,nan,nan,nan,nan,-0.029327,-0.048416,0.55621,nan,nan,nan,nan,nan,nan,-2.970809,-0.002078,0.983875
2026-05-04 09:18:27.108720,0,nan,nan,nan,nan,nan,nan,-0.029327,-0.048416,0.55621,nan,nan,nan,nan,nan,nan,-2.970809,-0.002078,0.983875
2026-05-04 09:18:27.126744,0,nan,nan,nan,nan,nan,nan,-0.029448,-0.04828,0.555742,nan,nan,nan,nan,nan,nan,-2.958072,0.004227,0.994193
2026-05-04 09:18:27.145275,0,nan,nan,nan,nan,nan,nan,-0.029342,-0.048413,0.556099,nan,nan,nan,nan,nan,nan,-2.973429,-0.003607,0.987251
2026-05-04 09:18:27.163693,0,nan,nan,nan,nan,nan,nan,-0.029385,-0.048395,0.555569,nan,nan,nan,nan,nan,nan,-2.965887,0.001226,0.987242
2026-05-04 09:18:27.182246,0,nan,nan,nan,nan,nan,nan,-0.029645,-0.048455,0.556778,nan,nan,nan,nan,nan,nan,-2.94301,0.011378,0.988952
2026-05-04 09:18:27.200261,0,nan,nan,nan,nan,nan,nan,-0.029778,-0.048463,0.557012,nan,nan,nan,nan,nan,nan,-2.936722,0.018434,0.977029
2026-05-04 09:18:27.218851,0,nan,nan,nan,nan,nan,nan,-0.029832,-0.048467,0.557113,nan,nan,nan,nan,nan,nan,-2.935157,0.019159,0.976944
2026-05-04 09:18:27.238478,0,0.151263,-0.048363,0.490334,nan,nan,nan,-0.029986,-0.048377,0.556962,-2.742083,0.055019,-1.458556,nan,nan,nan,-2.936372,0.015527,0.990282
2026-05-04 09:18:27.256722,0,0.151151,-0.04835,0.490081,nan,nan,nan,-0.029884,-0.048441,0.55658,-2.742813,0.057334,-1.461539,nan,nan,nan,-2.937696,0.020587,0.975097
2026-05-04 09:18:27.274947,0,0.151127,-0.048347,0.490031,nan,nan,nan,-0.02987,-0.04843,0.556308,-2.742852,0.057759,-1.462199,nan,nan,nan,-2.936121,0.01974,0.975551
2026-05-04 09:18:27.293039,0,0.151172,-0.048352,0.490122,nan,nan,nan,-0.02998,-0.048354,0.556436,-2.742855,0.056998,-1.460931,nan,nan,nan,-2.935142,0.015259,0.98753
2026-05-04 09:18:27.311641,0,0.151032,-0.04833,0.489667,nan,nan,nan,-0.02996,-0.048355,0.55645,-2.742082,0.056579,-1.461032,nan,nan,nan,-2.933647,0.015416,0.989146
2026-05-04 09:18:27.329222,0,0.151107,-0.048338,0.48983,nan,nan,nan,-0.029947,-0.048369,0.556758,-2.741799,0.055131,-1.458955,nan,nan,nan,-2.934238,0.016996,0.987474
2026-05-04 09:18:27.347756,0,0.151107,-0.048338,0.48983,nan,nan,nan,-0.029938,-0.048371,0.556775,-2.741799,0.055131,-1.458955,nan,nan,nan,-2.933923,0.017417,0.986365
2026-05-04 09:18:27.364838,0,nan,nan,nan,nan,nan,nan,-0.029947,-0.048419,0.557334,nan,nan,nan,nan,nan,nan,-2.934029,0.016767,0.984508
2026-05-04 09:18:27.383483,0,nan,nan,nan,nan,nan,nan,-0.029917,-0.04837,0.556749,nan,nan,nan,nan,nan,nan,-2.932728,0.016167,0.988172
2026-05-04 09:18:27.401796,0,nan,nan,nan,nan,nan,nan,-0.029918,-0.048418,0.556747,nan,nan,nan,nan,nan,nan,-2.931715,0.015491,0.987725
2026-05-04 09:18:27.419589,0,nan,nan,nan,nan,nan,nan,-0.029894,-0.048382,0.556466,nan,nan,nan,nan,nan,nan,-2.932241,0.016583,0.987998
2026-05-04 09:18:27.437791,0,nan,nan,nan,nan,nan,nan,-0.029908,-0.048417,0.556727,nan,nan,nan,nan,nan,nan,-2.931695,0.015221,0.988846
2026-05-04 09:18:27.454964,0,nan,nan,nan,nan,nan,nan,-0.029932,-0.048453,0.557018,nan,nan,nan,nan,nan,nan,-2.92988,0.013099,0.988096
2026-05-04 09:18:27.473292,0,nan,nan,nan,nan,nan,nan,-0.029905,-0.048421,0.556294,nan,nan,nan,nan,nan,nan,-2.932917,0.012229,0.996495
2026-05-04 09:18:27.491392,0,0.14996,-0.048182,0.486786,nan,nan,nan,-0.029984,-0.048514,0.557652,-2.756297,0.056361,-1.454556,nan,nan,nan,-2.932162,0.011483,0.990383
2026-05-04 09:18:27.509784,0,0.149493,-0.048159,0.486251,nan,nan,nan,-0.029935,-0.048448,0.556699,-2.756828,0.054585,-1.450558,nan,nan,nan,-2.932247,0.010426,0.995764
2026-05-04 09:18:27.528735,0,0.14928,-0.048138,0.485846,nan,nan,nan,-0.029958,-0.048455,0.556597,-2.756963,0.056921,-1.454265,nan,nan,nan,-2.937114,0.006656,1.004376
2026-05-04 09:18:27.546621,0,0.148556,-0.048068,0.484473,nan,nan,nan,-0.030014,-0.048492,0.556979,-2.759718,0.057165,-1.458897,nan,nan,nan,-2.940815,0.003786,1.007684
2026-05-04 09:18:27.565690,0,0.14826,-0.048091,0.484252,nan,nan,nan,-0.030106,-0.048534,0.557429,-2.76283,0.052308,-1.454748,nan,nan,nan,-2.939212,0.004532,1.000101
2026-05-04 09:18:27.588072,0,nan,nan,nan,nan,nan,nan,-0.030231,-0.048531,0.557738,nan,nan,nan,nan,nan,nan,-2.929076,0.010626,1.00474
2026-05-04 09:18:27.608328,0,nan,nan,nan,nan,nan,nan,-0.030386,-0.048518,0.557496,nan,nan,nan,nan,nan,nan,-2.917073,0.014577,1.009799
2026-05-04 09:18:27.627135,0,0.148971,-0.048296,0.488246,nan,nan,nan,-0.030707,-0.048423,0.555725,-2.741938,0.046572,-1.459901,nan,nan,nan,-2.949819,0.003485,1.016808
2026-05-04 09:18:27.645090,0,nan,nan,nan,nan,nan,nan,-0.031083,-0.048526,0.557834,nan,nan,nan,nan,nan,nan,-2.932708,-0.001248,1.026068
2026-05-04 09:18:27.664336,0,nan,nan,nan,nan,nan,nan,-0.031882,-0.048638,0.558732,nan,nan,nan,nan,nan,nan,-2.93944,-0.00363,1.015004
2026-05-04 09:18:27.682858,0,0.145923,-0.048061,0.484236,nan,nan,nan,-0.032648,-0.04861,0.558776,-2.76714,0.049889,-1.428706,nan,nan,nan,-2.919516,0.006221,1.022121
2026-05-04 09:18:27.701030,0,0.144643,-0.048048,0.483402,nan,nan,nan,-0.033501,-0.048614,0.558219,-2.778054,0.050293,-1.422236,nan,nan,nan,-2.928641,-0.008122,1.050824
2026-05-04 09:18:27.719952,0,nan,nan,nan,nan,nan,nan,-0.034247,-0.048631,0.558054,nan,nan,nan,nan,nan,nan,-2.92402,-0.004233,1.033719
2026-05-04 09:18:27.739138,0,0.14233,-0.047851,0.48221,nan,nan,nan,-0.035371,-0.048492,0.555448,-2.769082,0.057635,-1.409861,nan,nan,nan,-2.928936,-0.000758,1.047105
2026-05-04 09:18:27.757114,0,0.138815,-0.047649,0.480052,nan,nan,nan,-0.038703,-0.048634,0.558045,-2.774115,0.064335,-1.39123,nan,nan,nan,-2.905616,0.001836,1.042372
2026-05-04 09:18:27.775312,0,0.137707,-0.047591,0.479503,nan,nan,nan,-0.039677,-0.048604,0.55734,-2.767621,0.064632,-1.390255,nan,nan,nan,-2.910592,-0.005127,1.063124
2026-05-04 09:18:27.794026,0,nan,nan,nan,nan,nan,nan,-0.042378,-0.048489,0.555258,nan,nan,nan,nan,nan,nan,-2.907782,-4.3e-05,1.060473
2026-05-04 09:18:27.812535,0,0.13062,-0.047358,0.473799,nan,nan,nan,-0.045122,-0.048466,0.553671,-2.790808,0.068296,-1.374863,nan,nan,nan,-2.886838,0.002284,1.065181
2026-05-04 09:18:27.831446,0,0.12626,-0.047262,0.470778,nan,nan,nan,-0.048806,-0.048413,0.552887,-2.796392,0.06526,-1.359748,nan,nan,nan,-2.900189,-0.01138,1.101678
2026-05-04 09:18:27.850013,0,0.122401,-0.047336,0.469789,nan,nan,nan,-0.052111,-0.048337,0.55056,-2.801745,0.050498,-1.335224,nan,nan,nan,-2.877095,-0.004597,1.122371
2026-05-04 09:18:27.868538,0,0.116425,-0.046999,0.464501,nan,nan,nan,-0.056359,-0.04827,0.549116,-2.801825,0.056407,-1.322694,nan,nan,nan,-2.864529,0.000394,1.133811
2026-05-04 09:18:27.885964,0,nan,nan,nan,nan,nan,nan,-0.060911,-0.048256,0.548791,nan,nan,nan,nan,nan,nan,-2.860753,0.000353,1.154575
2026-05-04 09:18:27.904330,0,0.107782,-0.046823,0.458704,nan,nan,nan,nan,nan,nan,-2.822971,0.056708,-1.300685,nan,nan,nan,nan,nan,nan
2026-05-04 09:18:27.922598,0,0.101699,-0.046683,0.45595,nan,nan,nan,-0.06828,-0.048149,0.55037,-2.848456,0.064269,-1.270716,nan,nan,nan,-2.856537,0.001592,1.204118
2026-05-04 09:18:27.941567,0,0.095395,-0.046526,0.452627,nan,nan,nan,-0.073463,-0.04773,0.548032,-2.845894,0.052686,-1.261557,nan,nan,nan,-2.83444,0.013094,1.246938
2026-05-04 09:18:27.959974,0,0.087612,-0.046312,0.447653,nan,nan,nan,nan,nan,nan,-2.855875,0.044011,-1.211619,nan,nan,nan,nan,nan,nan
2026-05-04 09:18:27.979200,0,0.079551,-0.046016,0.442125,nan,nan,nan,-0.085243,-0.048106,0.54635,-2.874259,0.049336,-1.189429,nan,nan,nan,-2.806879,0.002972,1.28375
2026-05-04 09:18:27.997003,0,0.070808,-0.045687,0.435348,nan,nan,nan,-0.091238,-0.048023,0.543366,-2.886508,0.042172,-1.149297,nan,nan,nan,-2.801422,-0.005116,1.305542
2026-05-04 09:18:28.014966,0,0.066476,-0.045618,0.433643,nan,nan,nan,-0.09445,-0.047953,0.541691,-2.896923,0.044289,-1.137439,nan,nan,nan,-2.797126,-0.009686,1.323494
2026-05-04 09:18:28.033349,0,0.05824,-0.045644,0.430916,nan,nan,nan,nan,nan,nan,-2.892003,0.047252,-1.094529,nan,nan,nan,nan,nan,nan
2026-05-04 09:18:28.051677,0,0.04983,-0.04584,0.426846,nan,nan,nan,-0.107538,-0.04778,0.537689,-2.917531,0.057774,-1.063792,nan,nan,nan,-2.765447,-0.011364,1.386958
2026-05-04 09:18:28.070036,0,0.040942,-0.045257,0.418479,nan,nan,nan,-0.113984,-0.047741,0.535975,-2.929118,0.06151,-1.04156,nan,nan,nan,-2.748523,-0.003629,1.41219
2026-05-04 09:18:28.089353,0,0.037032,-0.045414,0.418481,nan,nan,nan,nan,nan,nan,-2.931801,0.055003,-1.02301,nan,nan,nan,nan,nan,nan
2026-05-04 09:18:28.109743,0,0.023956,-0.045113,0.409811,nan,nan,nan,nan,nan,nan,-2.955354,0.04898,-0.974704,nan,nan,nan,nan,nan,nan
2026-05-04 09:18:28.128040,0,0.014484,-0.044705,0.403721,nan,nan,nan,nan,nan,nan,-2.960223,0.050638,-0.930674,nan,nan,nan,nan,nan,nan
2026-05-04 09:18:28.146383,0,0.009757,-0.044619,0.401539,nan,nan,nan,nan,nan,nan,-2.974199,0.046125,-0.907548,nan,nan,nan,nan,nan,nan
2026-05-04 09:18:28.165519,0,0.000701,-0.044601,0.398386,nan,nan,nan,nan,nan,nan,-2.977894,0.032734,-0.868574,nan,nan,nan,nan,nan,nan
2026-05-04 09:18:28.184935,0,-0.008119,-0.044262,0.392068,nan,nan,nan,nan,nan,nan,-2.990082,0.026267,-0.813218,nan,nan,nan,nan,nan,nan
2026-05-04 09:18:28.204320,0,-0.016245,-0.044029,0.38709,nan,nan,nan,nan,nan,nan,-3.006508,0.029564,-0.786479,nan,nan,nan,nan,nan,nan
2026-05-04 09:18:28.225536,0,-0.023314,-0.043814,0.382828,nan,nan,nan,nan,nan,nan,-3.030844,0.032441,-0.751947,nan,nan,nan,nan,nan,nan
2026-05-04 09:18:28.244004,0,-0.029975,-0.043615,0.378972,nan,nan,nan,nan,nan,nan,-3.040278,0.031925,-0.735887,nan,nan,nan,nan,nan,nan
2026-05-04 09:18:28.262205,0,-0.036324,-0.043398,0.374615,nan,nan,nan,nan,nan,nan,-3.043652,0.028928,-0.7065,nan,nan,nan,nan,nan,nan
2026-05-04 09:18:28.279510,0,-0.042681,-0.04328,0.372162,nan,nan,nan,nan,nan,nan,-3.022967,0.022634,-0.675837,nan,nan,nan,nan,nan,nan
2026-05-04 09:18:28.299242,0,-0.047999,-0.043044,0.36751,nan,nan,nan,nan,nan,nan,-3.036167,0.02166,-0.637771,nan,nan,nan,nan,nan,nan
2026-05-04 09:18:28.318278,0,-0.052962,-0.042936,0.365355,nan,nan,nan,nan,nan,nan,-3.033627,0.009963,-0.558468,nan,nan,nan,nan,nan,nan
2026-05-04 09:18:28.338061,0,-0.055106,-0.042878,0.36417,nan,nan,nan,nan,nan,nan,-3.027166,0.00309,-0.504713,nan,nan,nan,nan,nan,nan
2026-05-04 09:18:28.356879,0,-0.05935,-0.042579,0.358774,nan,nan,nan,nan,nan,nan,3.093799,-0.022623,0.534743,nan,nan,nan,nan,nan,nan
2026-05-04 09:18:28.376180,0,-0.06048,-0.042642,0.359582,nan,nan,nan,nan,nan,nan,-3.027477,0.010717,-0.530061,nan,nan,nan,nan,nan,nan
2026-05-04 09:18:28.394463,0,-0.061246,-0.042583,0.358247,nan,nan,nan,nan,nan,nan,-3.04225,0.002012,-0.463541,nan,nan,nan,nan,nan,nan
2026-05-04 09:18:28.412933,0,-0.061007,-0.042419,0.355608,nan,nan,nan,nan,nan,nan,3.083861,-0.026495,0.528368,nan,nan,nan,nan,nan,nan
2026-05-04 09:18:28.431511,0,-0.06128,-0.042457,0.356053,nan,nan,nan,nan,nan,nan,-3.031294,-0.004781,-0.378653,nan,nan,nan,nan,nan,nan
2026-05-04 09:18:28.449297,0,-0.060828,-0.042437,0.354608,nan,nan,nan,nan,nan,nan,-3.069528,0.012358,-0.478673,nan,nan,nan,nan,nan,nan
2026-05-04 09:18:28.467607,0,-0.060495,-0.042708,0.355324,nan,nan,nan,nan,nan,nan,-3.109698,0.000489,-0.415621,nan,nan,nan,nan,nan,nan
2026-05-04 09:18:28.485482,0,-0.059587,-0.042355,0.351846,nan,nan,nan,nan,nan,nan,3.08584,-0.008873,0.394996,nan,nan,nan,nan,nan,nan
2026-05-04 09:18:28.504017,0,-0.058763,-0.042633,0.353314,nan,nan,nan,nan,nan,nan,3.110188,-0.003127,0.413188,nan,nan,nan,nan,nan,nan
2026-05-04 09:18:28.521880,0,-0.056782,-0.04288,0.354085,nan,nan,nan,nan,nan,nan,-3.101397,-0.009102,-0.280745,nan,nan,nan,nan,nan,nan
2026-05-04 09:18:28.539241,0,-0.054254,-0.043101,0.355508,nan,nan,nan,nan,nan,nan,-3.095194,-0.024563,-0.202427,nan,nan,nan,nan,nan,nan
2026-05-04 09:18:28.556330,0,-0.052454,-0.043212,0.35654,nan,nan,nan,nan,nan,nan,-3.089677,-0.029832,-0.16499,nan,nan,nan,nan,nan,nan
2026-05-04 09:18:28.574354,0,-0.047682,-0.043269,0.357422,nan,nan,nan,nan,nan,nan,-3.115687,-0.023417,-0.2858,nan,nan,nan,nan,nan,nan
2026-05-04 09:18:28.591892,0,-0.042162,-0.043486,0.359349,nan,nan,nan,nan,nan,nan,-3.097714,-0.028199,-0.27003,nan,nan,nan,nan,nan,nan
2026-05-04 09:18:28.609431,0,-0.035298,-0.043616,0.360989,nan,nan,nan,nan,nan,nan,-3.080238,-0.025902,-0.292731,nan,nan,nan,nan,nan,nan
2026-05-04 09:18:28.628047,0,-0.026674,-0.043501,0.36209,nan,nan,nan,nan,nan,nan,-3.09837,-0.023806,-0.347092,nan,nan,nan,nan,nan,nan
2026-05-04 09:18:28.646406,0,-0.022043,-0.043616,0.363235,nan,nan,nan,nan,nan,nan,-3.089252,-0.021137,-0.350245,nan,nan,nan,nan,nan,nan
2026-05-04 09:18:28.664664,0,-0.012304,-0.043584,0.36522,nan,nan,nan,nan,nan,nan,-3.093364,-0.019519,-0.379841,nan,nan,nan,nan,nan,nan
2026-05-04 09:18:28.682319,0,-0.00126,-0.043693,0.367771,nan,nan,nan,nan,nan,nan,-3.064559,-0.022818,-0.408579,nan,nan,nan,nan,nan,nan
2026-05-04 09:18:28.700139,0,0.010891,-0.043487,0.369075,nan,nan,nan,nan,nan,nan,-3.080751,-0.006552,-0.470379,nan,nan,nan,nan,nan,nan
2026-05-04 09:18:28.717557,0,0.023164,-0.043563,0.371895,nan,nan,nan,nan,nan,nan,-3.076504,-0.007124,-0.49987,nan,nan,nan,nan,nan,nan
2026-05-04 09:18:28.735535,0,0.029511,-0.043611,0.372741,nan,nan,nan,nan,nan,nan,-3.069075,-0.005866,-0.530352,nan,nan,nan,nan,nan,nan
2026-05-04 09:18:28.754660,0,0.042937,-0.043666,0.37473,nan,nan,nan,nan,nan,nan,-3.069318,0.000612,-0.585181,nan,nan,nan,nan,nan,nan
2026-05-04 09:18:28.775216,0,0.05636,-0.043743,0.377773,nan,nan,nan,nan,nan,nan,-3.047564,0.003061,-0.63128,nan,nan,nan,nan,nan,nan
2026-05-04 09:18:28.795250,0,0.070128,-0.043858,0.381418,nan,nan,nan,nan,nan,nan,-3.035943,0.004387,-0.676977,nan,nan,nan,nan,nan,nan
2026-05-04 09:18:28.814092,0,0.083684,-0.043878,0.384704,nan,nan,nan,nan,nan,nan,-3.017771,0.016183,-0.73572,nan,nan,nan,nan,nan,nan
2026-05-04 09:18:28.832311,0,0.097254,-0.044055,0.38833,nan,nan,nan,nan,nan,nan,-3.012478,0.01927,-0.784964,nan,nan,nan,nan,nan,nan
2026-05-04 09:18:28.849549,0,0.11074,-0.044259,0.392937,nan,nan,nan,nan,nan,nan,-3.000322,0.020285,-0.823876,nan,nan,nan,nan,nan,nan
2026-05-04 09:18:28.867503,0,0.123054,-0.043885,0.394618,nan,nan,nan,nan,nan,nan,-2.988867,0.029571,-0.880601,nan,nan,nan,nan,nan,nan
2026-05-04 09:18:28.885290,0,0.130212,-0.044381,0.39849,nan,nan,nan,-0.01168,-0.047769,0.534572,-2.98723,0.020777,-0.890954,nan,nan,nan,-2.6881,-0.011215,1.556755
2026-05-04 09:18:28.904602,0,0.142382,-0.044732,0.401084,nan,nan,nan,-0.001851,-0.048356,0.53303,-2.962027,0.025266,-0.941652,nan,nan,nan,-2.72292,-0.015243,1.527858
2026-05-04 09:18:28.924202,0,0.155222,-0.045476,0.406004,nan,nan,nan,0.007386,-0.048345,0.530652,-2.96787,0.011669,-0.981005,nan,nan,nan,-2.750658,-0.017965,1.478728
2026-05-04 09:18:28.942187,0,0.166895,-0.045442,0.410714,nan,nan,nan,0.016047,-0.048352,0.533245,-2.956989,0.016675,-1.018324,nan,nan,nan,-2.772858,-0.014094,1.436306
2026-05-04 09:18:28.959510,0,0.177136,-0.045567,0.414576,nan,nan,nan,0.023687,-0.048508,0.537089,-2.932202,0.019212,-1.065394,nan,nan,nan,-2.78497,-0.002102,1.391989
2026-05-04 09:18:28.979387,0,0.182644,-0.04554,0.417752,nan,nan,nan,0.027603,-0.04839,0.536515,-2.923224,0.030803,-1.079875,nan,nan,nan,-2.797905,-0.008091,1.393719
2026-05-04 09:18:28.999215,0,nan,nan,nan,nan,nan,nan,0.034321,-0.047649,0.534736,nan,nan,nan,nan,nan,nan,-2.796675,-0.008401,1.338104
2026-05-04 09:18:29.018053,0,0.204515,-0.045955,0.429778,nan,nan,nan,0.043606,-0.047595,0.534073,-2.884018,0.028745,-1.188689,nan,nan,nan,-2.834231,-0.008566,1.294095
2026-05-04 09:18:29.034757,0,0.207826,-0.045888,0.431592,nan,nan,nan,0.046093,-0.04776,0.536124,-2.881136,0.030629,-1.213196,nan,nan,nan,-2.848909,0.000371,1.261319
2026-05-04 09:18:29.052970,0,nan,nan,nan,nan,nan,nan,0.050346,-0.048026,0.53917,nan,nan,nan,nan,nan,nan,-2.865604,-0.006277,1.257808
2026-05-04 09:18:29.071050,0,nan,nan,nan,nan,nan,nan,0.053831,-0.048303,0.540711,nan,nan,nan,nan,nan,nan,-2.888072,0.000617,1.222766
2026-05-04 09:18:29.090139,0,0.223265,-0.047048,0.447106,nan,nan,nan,0.055935,-0.048524,0.542302,-2.834519,0.048654,-1.298372,nan,nan,nan,-2.878897,0.008508,1.20016
2026-05-04 09:18:29.108471,0,nan,nan,nan,nan,nan,nan,0.056497,-0.04848,0.542448,nan,nan,nan,nan,nan,nan,-2.902805,0.000437,1.174942
2026-05-04 09:18:29.126512,0,nan,nan,nan,nan,nan,nan,0.056691,-0.048559,0.54426,nan,nan,nan,nan,nan,nan,-2.906502,0.001033,1.169155
2026-05-04 09:18:29.145291,0,nan,nan,nan,nan,nan,nan,0.055736,-0.048376,0.54665,nan,nan,nan,nan,nan,nan,-2.881335,0.008301,1.16907
2026-05-04 09:18:29.164286,0,nan,nan,nan,nan,nan,nan,0.053588,-0.047937,0.546361,nan,nan,nan,nan,nan,nan,-2.870451,0.005463,1.17285
2026-05-04 09:18:29.182789,0,nan,nan,nan,nan,nan,nan,0.051521,-0.04794,0.5483,nan,nan,nan,nan,nan,nan,-2.884126,0.009549,1.160759
2026-05-04 09:18:29.200657,0,nan,nan,nan,nan,nan,nan,0.049061,-0.048005,0.550505,nan,nan,nan,nan,nan,nan,-2.898951,0.003522,1.161822
2026-05-04 09:18:29.218668,0,nan,nan,nan,nan,nan,nan,0.046257,-0.048349,0.552549,nan,nan,nan,nan,nan,nan,-2.890009,-0.008178,1.144135
2026-05-04 09:18:29.237146,0,nan,nan,nan,nan,nan,nan,0.043336,-0.048444,0.553546,nan,nan,nan,nan,nan,nan,-2.896276,-0.014208,1.137535
2026-05-04 09:18:29.255683,0,nan,nan,nan,nan,nan,nan,0.041783,-0.048469,0.555338,nan,nan,nan,nan,nan,nan,-2.878971,0.008819,1.117311
2026-05-04 09:18:29.273976,0,nan,nan,nan,nan,nan,nan,0.038586,-0.048548,0.556126,nan,nan,nan,nan,nan,nan,-2.913525,-0.010046,1.117751
2026-05-04 09:18:29.292377,0,nan,nan,nan,nan,nan,nan,0.035238,-0.048627,0.557807,nan,nan,nan,nan,nan,nan,-2.882261,-0.005856,1.132459
2026-05-04 09:18:29.310962,0,nan,nan,nan,nan,nan,nan,0.031481,-0.048664,0.560467,nan,nan,nan,nan,nan,nan,-2.898768,-0.004738,1.118024
2026-05-04 09:18:29.329183,0,nan,nan,nan,nan,nan,nan,0.027494,-0.048362,0.561586,nan,nan,nan,nan,nan,nan,-2.923388,0.00377,1.113613
2026-05-04 09:18:29.348437,0,nan,nan,nan,nan,nan,nan,0.025602,-0.048758,0.564108,nan,nan,nan,nan,nan,nan,-2.923799,-0.003868,1.100907
2026-05-04 09:18:29.366814,0,nan,nan,nan,nan,nan,nan,0.021597,-0.048818,0.56654,nan,nan,nan,nan,nan,nan,-2.926793,-0.001583,1.08692
2026-05-04 09:18:29.384966,0,0.192711,-0.048167,0.489051,nan,nan,nan,0.01732,-0.049128,0.569481,-2.79141,0.058511,-1.369253,nan,nan,nan,-2.90109,-0.002256,1.088463
2026-05-04 09:18:29.406816,0,nan,nan,nan,nan,nan,nan,0.012764,-0.049304,0.57321,nan,nan,nan,nan,nan,nan,-2.874935,0.007018,1.072779
2026-05-04 09:18:29.424969,0,0.183955,-0.048621,0.495733,nan,nan,nan,0.007954,-0.049406,0.574598,-2.785499,0.053147,-1.38857,nan,nan,nan,-2.901001,-0.004033,1.075086
2026-05-04 09:18:29.442405,0,nan,nan,nan,nan,nan,nan,0.003322,-0.049415,0.576814,nan,nan,nan,nan,nan,nan,-2.906433,0.00186,1.06993
2026-05-04 09:18:29.462164,0,nan,nan,nan,nan,nan,nan,-0.001759,-0.049658,0.581709,nan,nan,nan,nan,nan,nan,-2.907409,-0.003671,1.075312
2026-05-04 09:18:29.480720,0,nan,nan,nan,nan,nan,nan,-0.006795,-0.049709,0.582278,nan,nan,nan,nan,nan,nan,-2.884606,0.007341,1.078429
2026-05-04 09:18:29.500268,0,0.162603,-0.048858,0.502047,nan,nan,nan,-0.012035,-0.049753,0.583857,-2.795333,0.05818,-1.359323,nan,nan,nan,-2.893371,-0.015842,1.122661
2026-05-04 09:18:29.517602,0,0.156193,-0.048785,0.501333,nan,nan,nan,-0.017622,-0.049813,0.585394,-2.797407,0.066579,-1.356523,nan,nan,nan,-2.8716,-0.000118,1.112838
2026-05-04 09:18:29.537360,0,0.152891,-0.048749,0.501111,nan,nan,nan,-0.020491,-0.049803,0.585079,-2.795771,0.062762,-1.346385,nan,nan,nan,-2.869707,-0.005379,1.119181
2026-05-04 09:18:29.555274,0,0.147847,-0.048991,0.504474,nan,nan,nan,-0.026386,-0.049962,0.586515,-2.805633,0.054447,-1.323605,nan,nan,nan,-2.877815,-0.008271,1.139399
2026-05-04 09:18:29.573205,0,0.140416,-0.048893,0.503156,nan,nan,nan,-0.032256,-0.049946,0.58622,-2.816133,0.06323,-1.298614,nan,nan,nan,-2.859095,-0.001003,1.167309
2026-05-04 09:18:29.590816,0,0.132179,-0.048826,0.500521,nan,nan,nan,-0.038815,-0.050193,0.587882,-2.821948,0.053922,-1.287583,nan,nan,nan,-2.884854,-0.010814,1.191486
2026-05-04 09:18:29.607814,0,nan,nan,nan,nan,nan,nan,-0.046048,-0.051089,0.593661,nan,nan,nan,nan,nan,nan,-2.879391,-0.012508,1.208632
2026-05-04 09:18:29.625181,0,nan,nan,nan,nan,nan,nan,-0.049257,-0.050909,0.592686,nan,nan,nan,nan,nan,nan,-2.835711,-0.006627,1.244811
2026-05-04 09:18:29.642586,0,0.11077,-0.048251,0.492707,nan,nan,nan,nan,nan,nan,-2.841624,0.06033,-1.226999,nan,nan,nan,nan,nan,nan
2026-05-04 09:18:29.660435,0,0.102575,-0.048028,0.491077,nan,nan,nan,-0.064025,-0.051084,0.59398,-2.849301,0.058309,-1.190017,nan,nan,nan,-2.836706,-0.005944,1.252536
2026-05-04 09:18:29.677764,0,0.094237,-0.048078,0.488863,nan,nan,nan,nan,nan,nan,-2.878455,0.064373,-1.173789,nan,nan,nan,nan,nan,nan
2026-05-04 09:18:29.694996,0,0.089812,-0.048207,0.48816,nan,nan,nan,-0.074036,-0.049915,0.587074,-2.873482,0.044537,-1.169128,nan,nan,nan,-2.810602,-0.008001,1.304444
2026-05-04 09:18:29.712440,0,0.080753,-0.048134,0.486114,nan,nan,nan,-0.081882,-0.050039,0.589168,-2.885293,0.040109,-1.133648,nan,nan,nan,-2.817381,-0.0133,1.320068
2026-05-04 09:18:29.729889,0,0.070488,-0.047601,0.480891,nan,nan,nan,-0.089482,-0.050476,0.590448,-2.890606,0.049663,-1.099905,nan,nan,nan,-2.791554,-0.012925,1.366368
2026-05-04 09:18:29.747617,0,0.05984,-0.047677,0.476364,nan,nan,nan,-0.097163,-0.050305,0.588873,-2.925422,0.046111,-1.061271,nan,nan,nan,-2.766108,-0.008205,1.395347
2026-05-04 09:18:29.765062,0,0.054639,-0.047514,0.47306,nan,nan,nan,-0.101209,-0.05058,0.590128,-2.931986,0.045924,-1.057959,nan,nan,nan,-2.759451,-0.007672,1.415298
2026-05-04 09:18:29.782232,0,0.045107,-0.047406,0.470725,nan,nan,nan,nan,nan,nan,-2.932757,0.037076,-1.025254,nan,nan,nan,nan,nan,nan
2026-05-04 09:18:29.799625,0,0.035597,-0.047263,0.467733,nan,nan,nan,-0.115969,-0.050288,0.587197,-2.935295,0.032894,-0.989374,nan,nan,nan,-2.732333,-0.012183,1.462997
2026-05-04 09:18:29.816304,0,0.025718,-0.0469,0.460493,nan,nan,nan,-0.123466,-0.049915,0.587037,-2.965549,0.050776,-0.974355,nan,nan,nan,-2.716397,-0.01831,1.500444
2026-05-04 09:18:29.834326,0,0.020927,-0.046805,0.45842,nan,nan,nan,nan,nan,nan,-2.981164,0.044303,-0.956291,nan,nan,nan,nan,nan,nan
2026-05-04 09:18:29.852579,0,0.011543,-0.046695,0.456098,nan,nan,nan,nan,nan,nan,-2.965184,0.023476,-0.908729,nan,nan,nan,nan,nan,nan
2026-05-04 09:18:29.870772,0,0.00174,-0.04637,0.449429,nan,nan,nan,nan,nan,nan,-2.975341,0.024183,-0.883234,nan,nan,nan,nan,nan,nan
2026-05-04 09:18:29.887083,0,-0.00822,-0.046186,0.445635,nan,nan,nan,nan,nan,nan,-3.011892,0.036397,-0.839272,nan,nan,nan,nan,nan,nan
2026-05-04 09:18:29.904562,0,-0.012925,-0.046122,0.4443,nan,nan,nan,nan,nan,nan,-2.993993,0.026797,-0.816535,nan,nan,nan,nan,nan,nan
2026-05-04 09:18:29.921643,0,-0.021302,-0.045892,0.439575,nan,nan,nan,nan,nan,nan,-3.003043,0.029835,-0.789702,nan,nan,nan,nan,nan,nan
2026-05-04 09:18:29.939656,0,-0.028954,-0.045738,0.436216,nan,nan,nan,nan,nan,nan,-3.018336,0.020822,-0.740928,nan,nan,nan,nan,nan,nan
2026-05-04 09:18:29.956175,0,-0.035394,-0.045554,0.43261,nan,nan,nan,nan,nan,nan,-3.004007,0.016942,-0.712154,nan,nan,nan,nan,nan,nan
2026-05-04 09:18:29.975472,0,-0.038175,-0.045424,0.429951,nan,nan,nan,nan,nan,nan,-3.014316,0.023177,-0.741599,nan,nan,nan,nan,nan,nan
2026-05-04 09:18:29.992359,0,-0.043948,-0.045213,0.425596,nan,nan,nan,nan,nan,nan,-3.012972,0.014408,-0.684491,nan,nan,nan,nan,nan,nan
2026-05-04 09:18:30.009862,0,-0.049298,-0.044967,0.420632,nan,nan,nan,nan,nan,nan,-3.047209,0.035036,-0.71696,nan,nan,nan,nan,nan,nan
2026-05-04 09:18:30.026905,0,-0.053341,-0.044794,0.415453,nan,nan,nan,nan,nan,nan,-3.048595,0.019642,-0.685727,nan,nan,nan,nan,nan,nan
2026-05-04 09:18:30.044914,0,-0.055166,-0.044645,0.412463,nan,nan,nan,nan,nan,nan,3.063613,-0.030637,0.682537,nan,nan,nan,nan,nan,nan
2026-05-04 09:18:30.062080,0,-0.058496,-0.044336,0.407572,nan,nan,nan,nan,nan,nan,-3.053239,0.032014,-0.658581,nan,nan,nan,nan,nan,nan
2026-05-04 09:18:30.080256,0,-0.061213,-0.044295,0.406841,nan,nan,nan,nan,nan,nan,-3.007435,0.010441,-0.61455,nan,nan,nan,nan,nan,nan
2026-05-04 09:18:30.098987,0,-0.062726,-0.044595,0.403989,nan,nan,nan,nan,nan,nan,-3.069668,0.013529,-0.565618,nan,nan,nan,nan,nan,nan
2026-05-04 09:18:30.116620,0,-0.062921,-0.04427,0.39988,nan,nan,nan,nan,nan,nan,-3.07339,0.01616,-0.586996,nan,nan,nan,nan,nan,nan
2026-05-04 09:18:30.135726,0,-0.06388,-0.044625,0.399435,nan,nan,nan,nan,nan,nan,-3.070502,0.018192,-0.53017,nan,nan,nan,nan,nan,nan
2026-05-04 09:18:30.153634,0,-0.063552,-0.044476,0.395956,nan,nan,nan,nan,nan,nan,-3.035519,0.008029,-0.516638,nan,nan,nan,nan,nan,nan
2026-05-04 09:18:30.171686,0,-0.062146,-0.044095,0.389297,nan,nan,nan,nan,nan,nan,-3.063894,0.01301,-0.527092,nan,nan,nan,nan,nan,nan
2026-05-04 09:18:30.188763,0,-0.060463,-0.043845,0.384801,nan,nan,nan,nan,nan,nan,3.088023,-0.019642,0.542126,nan,nan,nan,nan,nan,nan
2026-05-04 09:18:30.206263,0,-0.05901,-0.043722,0.382728,nan,nan,nan,nan,nan,nan,-3.094774,0.016376,-0.482997,nan,nan,nan,nan,nan,nan
2026-05-04 09:18:30.224358,0,-0.05782,-0.043069,0.378867,nan,nan,nan,nan,nan,nan,-3.067378,0.021328,-0.537929,nan,nan,nan,nan,nan,nan
2026-05-04 09:18:30.244322,0,-0.056031,-0.043169,0.375872,nan,nan,nan,nan,nan,nan,-3.093127,0.016782,-0.531352,nan,nan,nan,nan,nan,nan
2026-05-04 09:18:30.261548,0,-0.054148,-0.042997,0.372354,nan,nan,nan,nan,nan,nan,3.07802,-0.025488,0.528081,nan,nan,nan,nan,nan,nan
2026-05-04 09:18:30.280254,0,-0.052054,-0.043147,0.370158,nan,nan,nan,nan,nan,nan,3.09733,-0.023326,0.522202,nan,nan,nan,nan,nan,nan
2026-05-04 09:18:30.299360,0,-0.049482,-0.043076,0.368146,nan,nan,nan,nan,nan,nan,-3.046534,0.006836,-0.476519,nan,nan,nan,nan,nan,nan
2026-05-04 09:18:30.318185,0,-0.045961,-0.043001,0.366168,nan,nan,nan,nan,nan,nan,-3.056867,0.007234,-0.498957,nan,nan,nan,nan,nan,nan
2026-05-04 09:18:30.336313,0,-0.043677,-0.042986,0.363807,nan,nan,nan,nan,nan,nan,-3.065231,0.007873,-0.531584,nan,nan,nan,nan,nan,nan
2026-05-04 09:18:30.354684,0,-0.038707,-0.043016,0.362089,nan,nan,nan,nan,nan,nan,-3.102673,-0.003264,-0.462799,nan,nan,nan,nan,nan,nan
2026-05-04 09:18:30.372780,0,-0.033622,-0.042796,0.361954,nan,nan,nan,nan,nan,nan,-3.055124,-0.001623,-0.457656,nan,nan,nan,nan,nan,nan
2026-05-04 09:18:30.390851,0,-0.027917,-0.042755,0.361832,nan,nan,nan,nan,nan,nan,-3.067879,0.010183,-0.49077,nan,nan,nan,nan,nan,nan
2026-05-04 09:18:30.409038,0,-0.020555,-0.042724,0.361117,nan,nan,nan,nan,nan,nan,-3.067359,0.014682,-0.536189,nan,nan,nan,nan,nan,nan
2026-05-04 09:18:30.429129,0,-0.012787,-0.042783,0.362197,nan,nan,nan,nan,nan,nan,-3.049097,0.015838,-0.584024,nan,nan,nan,nan,nan,nan
2026-05-04 09:18:30.447834,0,-0.004373,-0.042814,0.364237,nan,nan,nan,nan,nan,nan,-3.06315,0.006915,-0.550522,nan,nan,nan,nan,nan,nan
2026-05-04 09:18:30.467993,0,0.000263,-0.042697,0.364634,nan,nan,nan,nan,nan,nan,-3.052294,0.009131,-0.621103,nan,nan,nan,nan,nan,nan
2026-05-04 09:18:30.485882,0,0.009129,-0.042811,0.365933,nan,nan,nan,nan,nan,nan,-3.054833,0.015888,-0.625658,nan,nan,nan,nan,nan,nan
2026-05-04 09:18:30.505984,0,0.019023,-0.043099,0.369578,nan,nan,nan,nan,nan,nan,-3.03772,0.013923,-0.656631,nan,nan,nan,nan,nan,nan
2026-05-04 09:18:30.524148,0,0.029168,-0.043154,0.372249,nan,nan,nan,nan,nan,nan,-3.03624,0.013569,-0.688468,nan,nan,nan,nan,nan,nan
2026-05-04 09:18:30.542446,0,0.039342,-0.043126,0.373894,nan,nan,nan,nan,nan,nan,-3.034041,0.012232,-0.722228,nan,nan,nan,nan,nan,nan
2026-05-04 09:18:30.560428,0,0.049809,-0.043395,0.377801,nan,nan,nan,nan,nan,nan,-3.029801,0.012751,-0.744668,nan,nan,nan,nan,nan,nan
2026-05-04 09:18:30.581340,0,0.060807,-0.04345,0.381159,nan,nan,nan,nan,nan,nan,-3.020693,0.010018,-0.796939,nan,nan,nan,nan,nan,nan
2026-05-04 09:18:30.601407,0,0.071535,-0.04369,0.385751,nan,nan,nan,-0.065201,-0.048136,0.526048,-3.005864,0.010294,-0.835498,nan,nan,nan,-2.6587,-0.033733,1.632438
2026-05-04 09:18:30.620127,0,0.081998,-0.043958,0.389837,nan,nan,nan,-0.057568,-0.048159,0.524979,-2.997218,0.017919,-0.856839,nan,nan,nan,-2.679087,-0.029787,1.594997
2026-05-04 09:18:30.638263,0,0.092999,-0.044028,0.393805,nan,nan,nan,nan,nan,nan,-2.990203,0.015383,-0.902556,nan,nan,nan,nan,nan,nan
2026-05-04 09:18:30.656262,0,0.103549,-0.044123,0.39916,nan,nan,nan,-0.042608,-0.048454,0.533512,-2.966176,0.012067,-0.931055,nan,nan,nan,-2.714583,-0.015567,1.514011
2026-05-04 09:18:30.674940,0,0.108212,-0.044105,0.400588,nan,nan,nan,-0.03889,-0.048336,0.531775,-2.965246,0.01911,-0.95596,nan,nan,nan,-2.743044,-0.013644,1.494613
2026-05-04 09:18:30.692775,0,0.118007,-0.044257,0.405969,nan,nan,nan,-0.031393,-0.047806,0.530951,-2.942814,0.028432,-0.995807,nan,nan,nan,-2.759612,-0.012384,1.450775
2026-05-04 09:18:30.711244,0,0.127936,-0.044539,0.411481,nan,nan,nan,nan,nan,nan,-2.934142,0.033162,-1.033648,nan,nan,nan,nan,nan,nan
2026-05-04 09:18:30.730597,0,0.136948,-0.044844,0.417758,nan,nan,nan,-0.018374,-0.047829,0.534307,-2.920242,0.034231,-1.077564,nan,nan,nan,-2.782818,-0.007059,1.396396
2026-05-04 09:18:30.749876,0,nan,nan,nan,nan,nan,nan,-0.012554,-0.048075,0.536086,nan,nan,nan,nan,nan,nan,-2.819331,-0.009566,1.358633
2026-05-04 09:18:30.771270,0,0.152577,-0.045397,0.429408,nan,nan,nan,-0.007531,-0.04825,0.540533,-2.889891,0.038999,-1.148163,nan,nan,nan,-2.819008,0.001848,1.333262
2026-05-04 09:18:30.790736,0,0.159491,-0.04574,0.436136,nan,nan,nan,-0.003202,-0.048476,0.54388,-2.880642,0.034205,-1.175882,nan,nan,nan,-2.83087,0.002673,1.293946
2026-05-04 09:18:30.809665,0,0.164675,-0.046018,0.44181,nan,nan,nan,0.000337,-0.04836,0.542603,-2.87279,0.036693,-1.204683,nan,nan,nan,-2.855445,-0.008297,1.265082
2026-05-04 09:18:30.827471,0,0.168123,-0.046201,0.44593,nan,nan,nan,0.002517,-0.048666,0.548268,-2.854467,0.037968,-1.226438,nan,nan,nan,-2.855824,0.005537,1.238112
2026-05-04 09:18:30.845360,0,0.169781,-0.046309,0.448179,nan,nan,nan,0.003506,-0.04851,0.547702,-2.847579,0.04035,-1.24988,nan,nan,nan,-2.852425,0.008378,1.227098
2026-05-04 09:18:30.863424,0,0.172557,-0.046589,0.453963,nan,nan,nan,0.004295,-0.04862,0.549681,-2.842646,0.046723,-1.270853,nan,nan,nan,-2.899415,-0.006443,1.182453
2026-05-04 09:18:30.881954,0,0.173831,-0.046787,0.458128,nan,nan,nan,0.004326,-0.04873,0.55277,-2.840246,0.050563,-1.291274,nan,nan,nan,-2.901111,-0.007554,1.173242
2026-05-04 09:18:30.900522,0,0.174447,-0.047014,0.462788,nan,nan,nan,0.00357,-0.048856,0.55624,-2.831843,0.049299,-1.307751,nan,nan,nan,-2.89017,0.007749,1.143433
2026-05-04 09:18:30.918687,0,0.174368,-0.047258,0.467752,nan,nan,nan,0.002343,-0.048551,0.554226,-2.821727,0.043599,-1.316252,nan,nan,nan,-2.891903,-0.012124,1.156215
2026-05-04 09:18:30.936653,0,nan,nan,nan,nan,nan,nan,0.001355,-0.048615,0.556299,nan,nan,nan,nan,nan,nan,-2.896595,-0.010136,1.149644
2026-05-04 09:18:30.954532,0,0.170973,-0.047358,0.469801,nan,nan,nan,-0.000697,-0.048621,0.55772,-2.81709,0.041964,-1.323438,nan,nan,nan,-2.886979,-0.007273,1.141962
2026-05-04 09:18:30.972152,0,nan,nan,nan,nan,nan,nan,-0.002844,-0.049022,0.561088,nan,nan,nan,nan,nan,nan,-2.887174,0.007364,1.132622
2026-05-04 09:18:30.990623,0,nan,nan,nan,nan,nan,nan,-0.005581,-0.048975,0.562803,nan,nan,nan,nan,nan,nan,-2.907187,-0.012244,1.112458
2026-05-04 09:18:31.009069,0,0.166431,-0.048024,0.482953,nan,nan,nan,-0.008199,-0.049004,0.565354,-2.804665,0.050708,-1.364534,nan,nan,nan,-2.878669,0.005278,1.108304
2026-05-04 09:18:31.027173,0,nan,nan,nan,nan,nan,nan,-0.010798,-0.049092,0.566603,nan,nan,nan,nan,nan,nan,-2.906085,-0.007219,1.093844
2026-05-04 09:18:31.048137,0,0.163317,-0.048258,0.488272,nan,nan,nan,-0.011906,-0.049026,0.565846,-2.797776,0.044943,-1.360122,nan,nan,nan,-2.895503,-0.001655,1.096083
2026-05-04 09:18:31.065824,0,nan,nan,nan,nan,nan,nan,-0.015098,-0.049309,0.570967,nan,nan,nan,nan,nan,nan,-2.906387,0.003666,1.085378
2026-05-04 09:18:31.084211,0,nan,nan,nan,nan,nan,nan,-0.018413,-0.049428,0.573842,nan,nan,nan,nan,nan,nan,-2.912562,-0.008056,1.086639
2026-05-04 09:18:31.102068,0,nan,nan,nan,nan,nan,nan,-0.021577,-0.049472,0.575373,nan,nan,nan,nan,nan,nan,-2.917282,-0.01518,1.087667
2026-05-04 09:18:31.120640,0,0.15176,-0.04892,0.501876,nan,nan,nan,-0.025035,-0.049696,0.579057,-2.786874,0.048311,-1.380246,nan,nan,nan,-2.911352,0.001511,1.080908
2026-05-04 09:18:31.139461,0,0.147581,-0.048806,0.502744,nan,nan,nan,-0.028583,-0.050096,0.582099,-2.778034,0.058128,-1.381632,nan,nan,nan,-2.92765,-0.004559,1.096411
2026-05-04 09:18:31.156944,0,0.1433,-0.048648,0.503735,nan,nan,nan,-0.03206,-0.050163,0.584039,-2.778443,0.068071,-1.382765,nan,nan,nan,-2.906915,0.005234,1.092873
2026-05-04 09:18:31.175894,0,nan,nan,nan,nan,nan,nan,-0.034206,-0.050272,0.587011,nan,nan,nan,nan,nan,nan,-2.906778,0.008668,1.093304
2026-05-04 09:18:31.195076,0,nan,nan,nan,nan,nan,nan,-0.038006,-0.0504,0.589559,nan,nan,nan,nan,nan,nan,-2.890416,0.010174,1.102434
2026-05-04 09:18:31.213660,0,0.134285,-0.04919,0.51088,nan,nan,nan,-0.042052,-0.050176,0.589394,-2.784273,0.073281,-1.362924,nan,nan,nan,-2.906737,-0.005356,1.093472
2026-05-04 09:18:31.231909,0,0.129569,-0.049393,0.512249,nan,nan,nan,-0.04614,-0.050053,0.591382,-2.797139,0.059027,-1.354037,nan,nan,nan,-2.877928,-0.006792,1.122818
2026-05-04 09:18:31.250753,0,0.125109,-0.049392,0.514182,nan,nan,nan,-0.050069,-0.050144,0.590663,-2.806055,0.059005,-1.328016,nan,nan,nan,-2.902029,-0.01313,1.120752
2026-05-04 09:18:31.269843,0,0.119356,-0.049087,0.512297,nan,nan,nan,-0.05468,-0.050962,0.596034,-2.799661,0.06359,-1.328708,nan,nan,nan,-2.878311,0.007177,1.138939
2026-05-04 09:18:31.287767,0,nan,nan,nan,nan,nan,nan,-0.059961,-0.050878,0.597131,nan,nan,nan,nan,nan,nan,-2.88418,-0.002655,1.153594
2026-05-04 09:18:31.305051,0,nan,nan,nan,nan,nan,nan,-0.06217,-0.050792,0.596119,nan,nan,nan,nan,nan,nan,-2.867935,-0.001333,1.188432
2026-05-04 09:18:31.322919,0,0.103783,-0.049131,0.508453,nan,nan,nan,-0.067801,-0.051409,0.601577,-2.834528,0.05622,-1.269317,nan,nan,nan,-2.855,-0.000268,1.193691
2026-05-04 09:18:31.341198,0,0.097557,-0.049147,0.507688,nan,nan,nan,nan,nan,nan,-2.841848,0.056313,-1.267813,nan,nan,nan,nan,nan,nan
2026-05-04 09:18:31.359478,0,0.090515,-0.048951,0.504618,nan,nan,nan,-0.078242,-0.05032,0.598557,-2.840403,0.045461,-1.234817,nan,nan,nan,-2.835234,-0.010643,1.255822
2026-05-04 09:18:31.377826,0,0.084763,-0.049079,0.505132,nan,nan,nan,nan,nan,nan,-2.854724,0.03889,-1.219396,nan,nan,nan,nan,nan,nan
2026-05-04 09:18:31.396168,0,0.081353,-0.049001,0.503711,nan,nan,nan,-0.087102,-0.050433,0.599026,-2.875769,0.037247,-1.205904,nan,nan,nan,-2.853151,-0.020479,1.257374
2026-05-04 09:18:31.414528,0,0.074216,-0.04886,0.500617,nan,nan,nan,-0.092013,-0.050733,0.596987,-2.867431,0.038278,-1.187897,nan,nan,nan,-2.846852,0.002184,1.266506
2026-05-04 09:18:31.433107,0,0.067082,-0.048629,0.497812,nan,nan,nan,-0.098281,-0.051672,0.602782,-2.869947,0.045267,-1.173431,nan,nan,nan,-2.812721,-0.022052,1.303736
2026-05-04 09:18:31.451478,0,0.059662,-0.048582,0.494866,nan,nan,nan,-0.103707,-0.051166,0.600914,-2.881768,0.042813,-1.135673,nan,nan,nan,-2.81219,0.00617,1.324335
2026-05-04 09:18:31.469818,0,0.051951,-0.048376,0.49079,nan,nan,nan,-0.109754,-0.051341,0.600446,-2.905835,0.046123,-1.121192,nan,nan,nan,-2.815413,-0.00997,1.350925
2026-05-04 09:18:31.487559,0,0.044532,-0.048267,0.488462,nan,nan,nan,nan,nan,nan,-2.907295,0.030264,-1.089176,nan,nan,nan,nan,nan,nan
2026-05-04 09:18:31.507458,0,0.040587,-0.048233,0.487711,nan,nan,nan,nan,nan,nan,-2.910782,0.033958,-1.066064,nan,nan,nan,nan,nan,nan
2026-05-04 09:18:31.525238,0,0.032025,-0.04795,0.481987,nan,nan,nan,nan,nan,nan,-2.924886,0.040238,-1.062329,nan,nan,nan,nan,nan,nan
2026-05-04 09:18:31.543213,0,0.024085,-0.047714,0.477152,nan,nan,nan,nan,nan,nan,-2.939065,0.036915,-1.024198,nan,nan,nan,nan,nan,nan
2026-05-04 09:18:31.561105,0,0.016624,-0.047611,0.47496,nan,nan,nan,nan,nan,nan,-2.937864,0.035247,-1.016696,nan,nan,nan,nan,nan,nan
2026-05-04 09:18:31.578524,0,0.008329,-0.047448,0.471758,nan,nan,nan,nan,nan,nan,-2.966049,0.033054,-0.962653,nan,nan,nan,nan,nan,nan
2026-05-04 09:18:31.595711,0,0.004535,-0.047343,0.469607,nan,nan,nan,nan,nan,nan,-2.970882,0.039428,-0.953259,nan,nan,nan,nan,nan,nan
2026-05-04 09:18:31.613726,0,-0.002605,-0.047178,0.466252,nan,nan,nan,nan,nan,nan,-2.979504,0.036954,-0.93299,nan,nan,nan,nan,nan,nan
2026-05-04 09:18:31.632397,0,-0.010213,-0.047017,0.46269,nan,nan,nan,nan,nan,nan,-2.966838,0.030881,-0.895858,nan,nan,nan,nan,nan,nan
2026-05-04 09:18:31.650176,0,-0.017485,-0.046897,0.460235,nan,nan,nan,nan,nan,nan,-2.982509,0.032829,-0.859728,nan,nan,nan,nan,nan,nan
2026-05-04 09:18:31.667456,0,-0.024365,-0.04667,0.455671,nan,nan,nan,nan,nan,nan,-2.997227,0.025033,-0.834763,nan,nan,nan,nan,nan,nan
2026-05-04 09:18:31.685423,0,-0.028043,-0.046529,0.453003,nan,nan,nan,nan,nan,nan,-3.016309,0.037872,-0.835101,nan,nan,nan,nan,nan,nan
2026-05-04 09:18:31.703597,0,-0.035434,-0.046484,0.451775,nan,nan,nan,nan,nan,nan,-3.003835,0.026094,-0.789415,nan,nan,nan,nan,nan,nan
2026-05-04 09:18:31.722445,0,-0.041517,-0.046243,0.446867,nan,nan,nan,nan,nan,nan,-3.019607,0.029494,-0.759604,nan,nan,nan,nan,nan,nan
2026-05-04 09:18:31.740584,0,-0.047275,-0.046015,0.442795,nan,nan,nan,nan,nan,nan,3.04412,-0.036862,0.757869,nan,nan,nan,nan,nan,nan
2026-05-04 09:18:31.759399,0,-0.052787,-0.045875,0.439371,nan,nan,nan,nan,nan,nan,-3.048693,0.033499,-0.716956,nan,nan,nan,nan,nan,nan
2026-05-04 09:18:31.779088,0,-0.058259,-0.045862,0.438988,nan,nan,nan,nan,nan,nan,-3.004767,0.011968,-0.67904,nan,nan,nan,nan,nan,nan
2026-05-04 09:18:31.796350,0,-0.062009,-0.045666,0.434997,nan,nan,nan,nan,nan,nan,-3.001759,0.01106,-0.663263,nan,nan,nan,nan,nan,nan
2026-05-04 09:18:31.814127,0,-0.063344,-0.045515,0.431658,nan,nan,nan,nan,nan,nan,-3.041634,0.017954,-0.653444,nan,nan,nan,nan,nan,nan
2026-05-04 09:18:31.831988,0,-0.065908,-0.045279,0.427016,nan,nan,nan,nan,nan,nan,-3.036042,0.026083,-0.672877,nan,nan,nan,nan,nan,nan
2026-05-04 09:18:31.851117,0,-0.068222,-0.045203,0.42539,nan,nan,nan,nan,nan,nan,-3.033381,0.01748,-0.640817,nan,nan,nan,nan,nan,nan
2026-05-04 09:18:31.869916,0,-0.069387,-0.045002,0.421077,nan,nan,nan,nan,nan,nan,-3.016455,0.012856,-0.623514,nan,nan,nan,nan,nan,nan
2026-05-04 09:18:31.888319,0,-0.070232,-0.045107,0.418976,nan,nan,nan,nan,nan,nan,-3.055461,0.003912,-0.575655,nan,nan,nan,nan,nan,nan
2026-05-04 09:18:31.907354,0,-0.070295,-0.045118,0.416279,nan,nan,nan,nan,nan,nan,3.073569,-0.013009,0.569115,nan,nan,nan,nan,nan,nan
2026-05-04 09:18:31.927799,0,-0.071064,-0.045457,0.416948,nan,nan,nan,nan,nan,nan,-3.070258,0.001495,-0.496332,nan,nan,nan,nan,nan,nan
2026-05-04 09:18:31.947440,0,-0.070405,-0.045105,0.413285,nan,nan,nan,nan,nan,nan,-3.080052,0.006787,-0.567673,nan,nan,nan,nan,nan,nan
2026-05-04 09:18:31.965776,0,-0.069429,-0.044801,0.409605,nan,nan,nan,nan,nan,nan,-3.083301,0.004421,-0.517583,nan,nan,nan,nan,nan,nan
2026-05-04 09:18:31.985766,0,-0.068199,-0.044749,0.405922,nan,nan,nan,nan,nan,nan,3.083943,-0.014595,0.540628,nan,nan,nan,nan,nan,nan
2026-05-04 09:18:32.004560,0,-0.067649,-0.044881,0.405366,nan,nan,nan,nan,nan,nan,-3.068335,0.001757,-0.463971,nan,nan,nan,nan,nan,nan
2026-05-04 09:18:32.024428,0,-0.066196,-0.044711,0.401551,nan,nan,nan,nan,nan,nan,-3.060304,0.012119,-0.529405,nan,nan,nan,nan,nan,nan
2026-05-04 09:18:32.043490,0,-0.065059,-0.044473,0.397337,nan,nan,nan,nan,nan,nan,-3.096352,0.015774,-0.521836,nan,nan,nan,nan,nan,nan
2026-05-04 09:18:32.062391,0,-0.064311,-0.044461,0.395658,nan,nan,nan,nan,nan,nan,-3.061501,0.015371,-0.501535,nan,nan,nan,nan,nan,nan
2026-05-04 09:18:32.081487,0,-0.063005,-0.044214,0.390728,nan,nan,nan,nan,nan,nan,-3.040507,0.009112,-0.507942,nan,nan,nan,nan,nan,nan
2026-05-04 09:18:32.100265,0,-0.061477,-0.043955,0.386401,nan,nan,nan,nan,nan,nan,3.097834,-0.019171,0.487625,nan,nan,nan,nan,nan,nan
2026-05-04 09:18:32.118843,0,-0.059854,-0.043581,0.382962,nan,nan,nan,nan,nan,nan,3.078599,-0.0135,0.481429,nan,nan,nan,nan,nan,nan
2026-05-04 09:18:32.137742,0,-0.058962,-0.043493,0.381558,nan,nan,nan,nan,nan,nan,3.082952,-0.017954,0.498983,nan,nan,nan,nan,nan,nan
2026-05-04 09:18:32.155466,0,-0.057545,-0.043384,0.379087,nan,nan,nan,nan,nan,nan,3.092678,-0.01348,0.427977,nan,nan,nan,nan,nan,nan
2026-05-04 09:18:32.174171,0,-0.055352,-0.043479,0.377412,nan,nan,nan,nan,nan,nan,3.105703,-0.020784,0.45305,nan,nan,nan,nan,nan,nan
2026-05-04 09:18:32.194595,0,-0.052956,-0.043465,0.376091,nan,nan,nan,nan,nan,nan,-3.031126,0.004875,-0.420273,nan,nan,nan,nan,nan,nan
2026-05-04 09:18:32.212538,0,-0.04949,-0.043312,0.373141,nan,nan,nan,nan,nan,nan,-3.11027,0.012889,-0.399282,nan,nan,nan,nan,nan,nan
2026-05-04 09:18:32.230828,0,-0.045888,-0.043274,0.372382,nan,nan,nan,nan,nan,nan,-3.082518,0.01226,-0.444999,nan,nan,nan,nan,nan,nan
2026-05-04 09:18:32.249509,0,-0.040974,-0.043528,0.370591,nan,nan,nan,nan,nan,nan,-3.093068,0.000616,-0.471007,nan,nan,nan,nan,nan,nan
2026-05-04 09:18:32.268238,0,-0.036085,-0.043666,0.369117,nan,nan,nan,nan,nan,nan,-3.093411,-0.005459,-0.487439,nan,nan,nan,nan,nan,nan
2026-05-04 09:18:32.285638,0,-0.03388,-0.043932,0.370546,nan,nan,nan,nan,nan,nan,-3.06067,-0.022179,-0.464425,nan,nan,nan,nan,nan,nan
2026-05-04 09:18:32.304794,0,-0.029234,-0.043919,0.37011,nan,nan,nan,nan,nan,nan,-3.076181,-0.001246,-0.511056,nan,nan,nan,nan,nan,nan
2026-05-04 09:18:32.323563,0,-0.023341,-0.043566,0.368274,nan,nan,nan,nan,nan,nan,-3.070642,-0.008337,-0.506582,nan,nan,nan,nan,nan,nan
2026-05-04 09:18:32.342514,0,-0.017509,-0.043512,0.368143,nan,nan,nan,nan,nan,nan,-3.072215,-0.000386,-0.549074,nan,nan,nan,nan,nan,nan
2026-05-04 09:18:32.361164,0,-0.011045,-0.043217,0.368,nan,nan,nan,nan,nan,nan,-3.069939,0.003166,-0.53931,nan,nan,nan,nan,nan,nan
2026-05-04 09:18:32.380100,0,-0.004438,-0.043122,0.369773,nan,nan,nan,nan,nan,nan,-3.048957,0.010761,-0.593976,nan,nan,nan,nan,nan,nan
2026-05-04 09:18:32.398174,0,0.002159,-0.043055,0.370747,nan,nan,nan,nan,nan,nan,-3.065621,0.007584,-0.568879,nan,nan,nan,nan,nan,nan
2026-05-04 09:18:32.415858,0,0.009484,-0.042943,0.370942,nan,nan,nan,nan,nan,nan,-3.056128,0.010923,-0.638773,nan,nan,nan,nan,nan,nan
2026-05-04 09:18:32.435863,0,0.013417,-0.043169,0.372506,nan,nan,nan,nan,nan,nan,-3.057756,0.011837,-0.622101,nan,nan,nan,nan,nan,nan
2026-05-04 09:18:32.462498,0,0.020937,-0.043351,0.3746,nan,nan,nan,nan,nan,nan,-3.042336,0.015575,-0.659008,nan,nan,nan,nan,nan,nan
2026-05-04 09:18:32.480407,0,0.03249,-0.043347,0.376627,nan,nan,nan,nan,nan,nan,-3.045358,0.009924,-0.693727,nan,nan,nan,nan,nan,nan
2026-05-04 09:18:32.498335,0,0.040056,-0.043534,0.37835,nan,nan,nan,nan,nan,nan,-3.027365,0.013771,-0.729348,nan,nan,nan,nan,nan,nan
2026-05-04 09:18:32.517444,0,0.043865,-0.043589,0.379606,nan,nan,nan,nan,nan,nan,-3.016489,0.012514,-0.737652,nan,nan,nan,nan,nan,nan
2026-05-04 09:18:32.535771,0,0.051302,-0.043526,0.381467,nan,nan,nan,nan,nan,nan,-3.027974,0.011024,-0.755494,nan,nan,nan,nan,nan,nan
2026-05-04 09:18:32.553799,0,0.059032,-0.043546,0.38308,nan,nan,nan,nan,nan,nan,-3.01862,0.011387,-0.791605,nan,nan,nan,nan,nan,nan
2026-05-04 09:18:32.571082,0,0.066803,-0.043719,0.387025,nan,nan,nan,nan,nan,nan,-3.016077,0.008207,-0.795402,nan,nan,nan,nan,nan,nan
2026-05-04 09:18:32.590545,0,0.070598,-0.043937,0.388436,nan,nan,nan,nan,nan,nan,-3.001333,0.01714,-0.830866,nan,nan,nan,nan,nan,nan
2026-05-04 09:18:32.609388,0,0.081636,-0.043943,0.390966,nan,nan,nan,-0.058845,-0.048182,0.527437,-2.995079,0.010365,-0.862514,nan,nan,nan,-2.686823,-0.022216,1.587768
2026-05-04 09:18:32.627074,0,0.089084,-0.043882,0.393564,nan,nan,nan,nan,nan,nan,-2.992428,0.01834,-0.884875,nan,nan,nan,nan,nan,nan
2026-05-04 09:18:32.645124,0,0.092772,-0.043938,0.395977,nan,nan,nan,nan,nan,nan,-2.986864,0.019973,-0.900282,nan,nan,nan,nan,nan,nan
2026-05-04 09:18:32.663302,0,0.099453,-0.043945,0.398765,nan,nan,nan,nan,nan,nan,-2.963978,0.025881,-0.947773,nan,nan,nan,nan,nan,nan
2026-05-04 09:18:32.681410,0,0.105281,-0.043996,0.400611,nan,nan,nan,-0.042467,-0.047636,0.526514,-2.957848,0.029369,-0.960759,nan,nan,nan,-2.737243,-0.01378,1.489342
2026-05-04 09:18:32.699686,0,0.111029,-0.044141,0.403316,nan,nan,nan,-0.039094,-0.04792,0.531626,-2.948538,0.029097,-0.988648,nan,nan,nan,-2.747876,-0.002097,1.466614
2026-05-04 09:18:32.718192,0,0.113557,-0.044213,0.405071,nan,nan,nan,-0.037119,-0.047979,0.533376,-2.945348,0.029013,-0.993146,nan,nan,nan,-2.755017,-0.001161,1.442849
2026-05-04 09:18:32.735820,0,0.118934,-0.044415,0.408885,nan,nan,nan,-0.033264,-0.04797,0.531962,-2.934177,0.031878,-1.022132,nan,nan,nan,-2.768173,-0.01287,1.436723
2026-05-04 09:18:32.754877,0,0.123543,-0.04457,0.412429,nan,nan,nan,-0.029944,-0.047788,0.530836,-2.934452,0.027604,-1.023268,nan,nan,nan,-2.782095,-0.015116,1.419552
2026-05-04 09:18:32.772477,0,0.127214,-0.044719,0.415166,nan,nan,nan,-0.027407,-0.048285,0.536475,-2.926721,0.032276,-1.054641,nan,nan,nan,-2.782978,-0.012194,1.415122
2026-05-04 09:18:32.790218,0,0.130323,-0.044892,0.419007,nan,nan,nan,-0.025051,-0.048104,0.535505,-2.917585,0.034394,-1.067698,nan,nan,nan,-2.803147,-0.008608,1.387091
2026-05-04 09:18:32.808280,0,0.132557,-0.044975,0.420447,nan,nan,nan,-0.023273,-0.048665,0.538566,-2.916837,0.032504,-1.086228,nan,nan,nan,-2.789723,-0.010674,1.379097
2026-05-04 09:18:32.825738,0,0.133719,-0.045048,0.421887,nan,nan,nan,-0.022999,-0.048304,0.539862,-2.912798,0.032751,-1.082383,nan,nan,nan,-2.796383,-0.000266,1.371342
2026-05-04 09:18:32.849092,0,0.134868,-0.045137,0.424139,nan,nan,nan,-0.022223,-0.048354,0.541752,-2.912778,0.034228,-1.100109,nan,nan,nan,-2.796208,0.00573,1.367672
2026-05-04 09:18:32.867108,0,0.136988,-0.045436,0.42984,nan,nan,nan,-0.021903,-0.048232,0.541832,-2.907401,0.035982,-1.110204,nan,nan,nan,-2.812656,-0.006928,1.35965
2026-05-04 09:18:32.884835,0,0.137061,-0.045503,0.431183,nan,nan,nan,-0.022059,-0.048342,0.544263,-2.899064,0.036971,-1.129311,nan,nan,nan,-2.808765,-0.006272,1.353996
2026-05-04 09:18:32.906390,0,0.136262,-0.045507,0.431351,nan,nan,nan,-0.022909,-0.04826,0.544208,-2.900233,0.034219,-1.129069,nan,nan,nan,-2.822477,-0.008617,1.350775
2026-05-04 09:18:32.924902,0,0.135507,-0.045606,0.433317,nan,nan,nan,-0.02366,-0.04808,0.543992,-2.900416,0.037948,-1.134233,nan,nan,nan,-2.808369,-0.008394,1.323326
2026-05-04 09:18:32.943648,0,0.134525,-0.045718,0.435251,nan,nan,nan,-0.024868,-0.048102,0.545523,-2.901119,0.035478,-1.136275,nan,nan,nan,-2.812204,-0.019416,1.343678
2026-05-04 09:18:32.961228,0,0.135466,-0.046626,0.443148,nan,nan,nan,-0.026728,-0.048737,0.552157,-2.902211,0.01713,-1.135754,nan,nan,nan,-2.822643,0.006118,1.320053
2026-05-04 09:18:32.980467,0,0.134762,-0.046746,0.44519,nan,nan,nan,-0.027768,-0.048839,0.550415,-2.899653,0.027172,-1.154074,nan,nan,nan,-2.831991,0.001636,1.310124
2026-05-04 09:18:32.998065,0,0.132247,-0.046088,0.443698,nan,nan,nan,-0.029754,-0.048766,0.552001,-2.886701,0.035306,-1.165478,nan,nan,nan,-2.822345,0.001832,1.304263
2026-05-04 09:18:33.015600,0,0.132319,-0.04627,0.447358,nan,nan,nan,-0.030935,-0.04892,0.554307,-2.883277,0.037903,-1.159122,nan,nan,nan,-2.838701,0.003638,1.287352
2026-05-04 09:18:33.033797,0,0.131107,-0.046361,0.450185,nan,nan,nan,-0.032647,-0.048663,0.553899,-2.878401,0.043653,-1.174468,nan,nan,nan,-2.817546,0.007212,1.287195
2026-05-04 09:18:33.052047,0,0.1303,-0.046525,0.453025,nan,nan,nan,-0.034765,-0.049011,0.556883,-2.870782,0.040317,-1.179659,nan,nan,nan,-2.853908,-0.002782,1.269251
2026-05-04 09:18:33.069664,0,0.129802,-0.046648,0.456474,nan,nan,nan,-0.036282,-0.048966,0.557245,-2.865171,0.041399,-1.190549,nan,nan,nan,-2.828025,0.002027,1.264289
2026-05-04 09:18:33.086892,0,0.128539,-0.046737,0.458869,nan,nan,nan,-0.038063,-0.049027,0.558185,-2.852595,0.046027,-1.213885,nan,nan,nan,-2.85047,-0.000738,1.261938
2026-05-04 09:18:33.104384,0,0.127767,-0.046745,0.459422,nan,nan,nan,-0.039001,-0.049003,0.558328,-2.850324,0.050541,-1.213865,nan,nan,nan,-2.857132,-0.003275,1.250426
2026-05-04 09:18:33.122270,0,0.125964,-0.046802,0.460835,nan,nan,nan,-0.041004,-0.049127,0.560417,-2.852347,0.05421,-1.226101,nan,nan,nan,-2.866954,-0.005678,1.241445
2026-05-04 09:18:33.140227,0,0.124279,-0.046892,0.463138,nan,nan,nan,-0.042578,-0.049004,0.561265,-2.860443,0.055271,-1.218975,nan,nan,nan,-2.846281,-0.007616,1.25869
2026-05-04 09:18:33.158016,0,0.12275,-0.047071,0.465692,nan,nan,nan,-0.044341,-0.048851,0.561674,-2.854302,0.050051,-1.214208,nan,nan,nan,-2.835024,-0.006232,1.237069
2026-05-04 09:18:33.175874,0,0.121789,-0.047189,0.466354,nan,nan,nan,-0.045593,-0.048896,0.563406,-2.865235,0.045658,-1.226056,nan,nan,nan,-2.843203,-0.010505,1.233482
2026-05-04 09:18:33.194687,0,0.120142,-0.04727,0.467938,nan,nan,nan,-0.047506,-0.04904,0.56575,-2.855294,0.041372,-1.230467,nan,nan,nan,-2.830821,-0.003792,1.248352
2026-05-04 09:18:33.212203,0,0.11846,-0.047399,0.470581,nan,nan,nan,-0.049733,-0.048965,0.564947,-2.850074,0.040991,-1.241322,nan,nan,nan,-2.84341,-0.00927,1.243509
2026-05-04 09:18:33.229651,0,0.116523,-0.047472,0.472556,nan,nan,nan,-0.051956,-0.049361,0.566611,-2.850103,0.051056,-1.23698,nan,nan,nan,-2.858831,-0.00487,1.219504
2026-05-04 09:18:33.246498,0,0.113894,-0.047234,0.471845,nan,nan,nan,-0.053948,-0.04947,0.568872,-2.847986,0.061662,-1.238665,nan,nan,nan,-2.846658,-0.007015,1.261414
2026-05-04 09:18:33.265023,0,0.112754,-0.047235,0.473047,nan,nan,nan,-0.055275,-0.049481,0.567544,-2.841773,0.058154,-1.218542,nan,nan,nan,-2.869137,-0.013763,1.230224
2026-05-04 09:18:33.282115,0,0.110192,-0.047225,0.472794,nan,nan,nan,-0.057998,-0.049399,0.569452,-2.840387,0.058645,-1.223556,nan,nan,nan,-2.83792,0.008326,1.229803
2026-05-04 09:18:33.299608,0,0.109201,-0.047377,0.47386,nan,nan,nan,-0.058829,-0.049327,0.568569,-2.855508,0.064873,-1.218687,nan,nan,nan,-2.842844,-0.00902,1.255266
2026-05-04 09:18:33.316842,0,0.106678,-0.047438,0.474285,nan,nan,nan,-0.0613,-0.049546,0.569245,-2.852492,0.052651,-1.208404,nan,nan,nan,-2.83761,0.005734,1.238512
2026-05-04 09:18:33.334911,0,0.103857,-0.047374,0.47412,nan,nan,nan,-0.064099,-0.050208,0.571903,-2.850714,0.058022,-1.231752,nan,nan,nan,-2.845726,-0.013336,1.250035
2026-05-04 09:18:33.352638,0,0.099741,-0.047371,0.471902,nan,nan,nan,-0.067129,-0.049592,0.571466,-2.864336,0.050963,-1.211486,nan,nan,nan,-2.834839,0.001623,1.270258
2026-05-04 09:18:33.369988,0,0.096378,-0.047494,0.472645,nan,nan,nan,-0.070316,-0.049589,0.570912,-2.875725,0.049527,-1.20483,nan,nan,nan,-2.829632,0.003675,1.255495
2026-05-04 09:18:33.387968,0,0.092031,-0.04748,0.472656,nan,nan,nan,-0.073881,-0.04918,0.570098,-2.863032,0.044955,-1.188568,nan,nan,nan,-2.821087,-0.005085,1.269275
2026-05-04 09:18:33.405664,0,0.088872,-0.047334,0.469241,nan,nan,nan,-0.076323,-0.049328,0.573571,-2.868905,0.049149,-1.200411,nan,nan,nan,-2.814516,-0.001878,1.25994
2026-05-04 09:18:33.423279,0,0.084773,-0.04741,0.470957,nan,nan,nan,-0.080418,-0.049201,0.57392,-2.888595,0.046838,-1.172246,nan,nan,nan,-2.826475,-0.008326,1.292099
2026-05-04 09:18:33.440813,0,0.080201,-0.047492,0.472483,nan,nan,nan,-0.084986,-0.049303,0.575846,-2.879445,0.036361,-1.162124,nan,nan,nan,-2.823941,-0.00642,1.300558
2026-05-04 09:18:33.458915,0,0.074476,-0.04735,0.469684,nan,nan,nan,-0.089029,-0.04931,0.573919,-2.898602,0.045589,-1.147514,nan,nan,nan,-2.820206,-0.015982,1.311505
2026-05-04 09:18:33.476945,0,0.071916,-0.047385,0.470352,nan,nan,nan,-0.090755,-0.049259,0.571776,-2.892863,0.044129,-1.152625,nan,nan,nan,-2.818094,-0.024105,1.313857
2026-05-04 09:18:33.495018,0,0.065634,-0.047256,0.467583,nan,nan,nan,-0.095655,-0.049555,0.574701,-2.891834,0.039438,-1.114575,nan,nan,nan,-2.796828,-0.006116,1.329999
2026-05-04 09:18:33.512697,0,0.060011,-0.047227,0.467062,nan,nan,nan,-0.100462,-0.04948,0.57574,-2.903301,0.046067,-1.111531,nan,nan,nan,-2.790191,-0.006107,1.357686
2026-05-04 09:18:33.530514,0,0.053898,-0.047209,0.467028,nan,nan,nan,-0.105,-0.049497,0.57525,-2.905085,0.035634,-1.083009,nan,nan,nan,-2.789269,-0.012276,1.364275
2026-05-04 09:18:33.547784,0,0.047635,-0.047194,0.46635,nan,nan,nan,-0.110154,-0.049462,0.576663,-2.912972,0.038744,-1.073886,nan,nan,nan,-2.771708,-0.005468,1.372118
2026-05-04 09:18:33.565714,0,0.044028,-0.047093,0.46437,nan,nan,nan,-0.112978,-0.049539,0.578431,-2.922549,0.043193,-1.077938,nan,nan,nan,-2.758211,-0.004553,1.386571
2026-05-04 09:18:33.584694,0,0.037407,-0.047094,0.464295,nan,nan,nan,-0.117716,-0.049472,0.576854,-2.925539,0.029991,-1.034998,nan,nan,nan,-2.76369,-0.02098,1.421529
2026-05-04 09:18:33.602227,0,0.03037,-0.047098,0.464375,nan,nan,nan,-0.123862,-0.049829,0.579597,-2.930961,0.031368,-1.019997,nan,nan,nan,-2.759699,-0.011775,1.440651
2026-05-04 09:18:33.620492,0,0.026059,-0.046894,0.460418,nan,nan,nan,nan,nan,nan,-2.951021,0.046055,-1.029361,nan,nan,nan,nan,nan,nan
2026-05-04 09:18:33.637778,0,0.014008,-0.046947,0.460032,nan,nan,nan,nan,nan,nan,-2.946186,0.041438,-0.969274,nan,nan,nan,nan,nan,nan
2026-05-04 09:18:33.655724,0,0.010152,-0.046929,0.460129,nan,nan,nan,nan,nan,nan,-2.951254,0.045173,-0.965279,nan,nan,nan,nan,nan,nan
2026-05-04 09:18:33.673717,0,0.002376,-0.046803,0.458402,nan,nan,nan,nan,nan,nan,-2.966147,0.041115,-0.948851,nan,nan,nan,nan,nan,nan
2026-05-04 09:18:33.691206,0,-0.005425,-0.046761,0.457728,nan,nan,nan,nan,nan,nan,-2.98783,0.042498,-0.923513,nan,nan,nan,nan,nan,nan
2026-05-04 09:18:33.708605,0,-0.012852,-0.046666,0.455454,nan,nan,nan,nan,nan,nan,-2.964726,0.029161,-0.897007,nan,nan,nan,nan,nan,nan
2026-05-04 09:18:33.725772,0,-0.016619,-0.046602,0.454249,nan,nan,nan,nan,nan,nan,-2.981356,0.036128,-0.892911,nan,nan,nan,nan,nan,nan
2026-05-04 09:18:33.743136,0,-0.024958,-0.046628,0.455249,nan,nan,nan,nan,nan,nan,-2.981491,0.032722,-0.852597,nan,nan,nan,nan,nan,nan
2026-05-04 09:18:33.760628,0,-0.032902,-0.046586,0.453985,nan,nan,nan,nan,nan,nan,-3.002255,0.041443,-0.840901,nan,nan,nan,nan,nan,nan
2026-05-04 09:18:33.778166,0,-0.037164,-0.046425,0.452933,nan,nan,nan,nan,nan,nan,-2.98894,0.035034,-0.801222,nan,nan,nan,nan,nan,nan
2026-05-04 09:18:33.796480,0,-0.045483,-0.046315,0.448452,nan,nan,nan,nan,nan,nan,-3.015542,0.045358,-0.802082,nan,nan,nan,nan,nan,nan
2026-05-04 09:18:33.813595,0,-0.053718,-0.046325,0.448667,nan,nan,nan,nan,nan,nan,-3.024509,0.032375,-0.772738,nan,nan,nan,nan,nan,nan
2026-05-04 09:18:33.830610,0,-0.061322,-0.046201,0.445997,nan,nan,nan,nan,nan,nan,-3.02646,0.023652,-0.716549,nan,nan,nan,nan,nan,nan
2026-05-04 09:18:33.848551,0,-0.065222,-0.046157,0.44517,nan,nan,nan,nan,nan,nan,-3.030229,0.033038,-0.738496,nan,nan,nan,nan,nan,nan
2026-05-04 09:18:33.865865,0,-0.072177,-0.045928,0.440464,nan,nan,nan,nan,nan,nan,-3.039327,0.032751,-0.699244,nan,nan,nan,nan,nan,nan
2026-05-04 09:18:33.883773,0,-0.078696,-0.045902,0.439921,nan,nan,nan,nan,nan,nan,-3.043466,0.03311,-0.677376,nan,nan,nan,nan,nan,nan
2026-05-04 09:18:33.900948,0,-0.084809,-0.045805,0.437797,nan,nan,nan,nan,nan,nan,-3.033548,0.018349,-0.63293,nan,nan,nan,nan,nan,nan
2026-05-04 09:18:33.918382,0,-0.087417,-0.045633,0.434215,nan,nan,nan,nan,nan,nan,-3.028889,0.018781,-0.620308,nan,nan,nan,nan,nan,nan
2026-05-04 09:18:33.937052,0,-0.093151,-0.045587,0.433449,nan,nan,nan,nan,nan,nan,-3.016913,0.00551,-0.559756,nan,nan,nan,nan,nan,nan
2026-05-04 09:18:33.954820,0,-0.096639,-0.045171,0.42518,nan,nan,nan,nan,nan,nan,-3.075632,0.028827,-0.608516,nan,nan,nan,nan,nan,nan
2026-05-04 09:18:33.972873,0,-0.101079,-0.045122,0.424226,nan,nan,nan,nan,nan,nan,-2.995297,-0.002239,-0.52348,nan,nan,nan,nan,nan,nan
2026-05-04 09:18:33.990742,0,-0.103464,-0.045025,0.420385,nan,nan,nan,nan,nan,nan,-3.019185,-0.000536,-0.521515,nan,nan,nan,nan,nan,nan
2026-05-04 09:18:34.008286,0,-0.10391,-0.044738,0.413399,nan,nan,nan,nan,nan,nan,3.062414,-0.031562,0.618017,nan,nan,nan,nan,nan,nan
2026-05-04 09:18:34.026291,0,-0.103914,-0.044482,0.410366,nan,nan,nan,nan,nan,nan,3.087365,-0.025462,0.570675,nan,nan,nan,nan,nan,nan
2026-05-04 09:18:34.045090,0,-0.104248,-0.044358,0.406662,nan,nan,nan,nan,nan,nan,-3.083367,0.024088,-0.58553,nan,nan,nan,nan,nan,nan
2026-05-04 09:18:34.063353,0,-0.103957,-0.044123,0.402226,nan,nan,nan,nan,nan,nan,3.083424,-0.032146,0.599504,nan,nan,nan,nan,nan,nan
2026-05-04 09:18:34.080717,0,-0.103248,-0.044129,0.398838,nan,nan,nan,nan,nan,nan,3.079083,-0.018263,0.547317,nan,nan,nan,nan,nan,nan
2026-05-04 09:18:34.098400,0,-0.101676,-0.044258,0.395766,nan,nan,nan,nan,nan,nan,3.082396,-0.015776,0.546312,nan,nan,nan,nan,nan,nan
2026-05-04 09:18:34.116368,0,-0.100804,-0.044281,0.393201,nan,nan,nan,nan,nan,nan,3.111405,-0.004587,0.350888,nan,nan,nan,nan,nan,nan
2026-05-04 09:18:34.134292,0,-0.09919,-0.044188,0.390208,nan,nan,nan,nan,nan,nan,-3.020698,0.003928,-0.519979,nan,nan,nan,nan,nan,nan
2026-05-04 09:18:34.152742,0,-0.097328,-0.043987,0.386423,nan,nan,nan,nan,nan,nan,-3.092151,0.00711,-0.412251,nan,nan,nan,nan,nan,nan
2026-05-04 09:18:34.170465,0,-0.094857,-0.043859,0.381339,nan,nan,nan,nan,nan,nan,-3.027879,-0.006166,-0.441899,nan,nan,nan,nan,nan,nan
2026-05-04 09:18:34.189021,0,-0.091838,-0.043433,0.37543,nan,nan,nan,nan,nan,nan,-3.107195,0.010245,-0.427337,nan,nan,nan,nan,nan,nan
2026-05-04 09:18:34.206821,0,-0.090966,-0.043386,0.374371,nan,nan,nan,nan,nan,nan,-3.045573,0.001923,-0.415137,nan,nan,nan,nan,nan,nan
2026-05-04 09:18:34.224969,0,-0.087187,-0.043616,0.369248,nan,nan,nan,nan,nan,nan,-3.110276,-0.011324,-0.367094,nan,nan,nan,nan,nan,nan
2026-05-04 09:18:34.245523,0,-0.08278,-0.043823,0.365924,nan,nan,nan,nan,nan,nan,-3.109505,-0.009965,-0.437441,nan,nan,nan,nan,nan,nan
2026-05-04 09:18:34.263446,0,-0.07825,-0.043239,0.361272,nan,nan,nan,nan,nan,nan,3.111539,-0.000366,0.365248,nan,nan,nan,nan,nan,nan
2026-05-04 09:18:34.281099,0,-0.07318,-0.042774,0.358114,nan,nan,nan,nan,nan,nan,3.087291,-0.014196,0.525585,nan,nan,nan,nan,nan,nan
2026-05-04 09:18:34.299733,0,-0.067547,-0.042813,0.355924,nan,nan,nan,nan,nan,nan,-3.092393,0.001752,-0.463711,nan,nan,nan,nan,nan,nan
2026-05-04 09:18:34.316870,0,-0.061747,-0.042363,0.353935,nan,nan,nan,nan,nan,nan,-3.069361,0.01794,-0.515392,nan,nan,nan,nan,nan,nan
2026-05-04 09:18:34.334615,0,-0.058504,-0.042285,0.352512,nan,nan,nan,nan,nan,nan,-3.07974,0.016783,-0.513981,nan,nan,nan,nan,nan,nan
2026-05-04 09:18:34.352224,0,-0.051664,-0.042243,0.351624,nan,nan,nan,nan,nan,nan,-3.051166,0.004798,-0.448034,nan,nan,nan,nan,nan,nan
2026-05-04 09:18:34.370244,0,-0.044012,-0.042073,0.348154,nan,nan,nan,nan,nan,nan,-3.060398,0.0166,-0.546283,nan,nan,nan,nan,nan,nan
2026-05-04 09:18:34.387016,0,-0.036378,-0.042338,0.347547,nan,nan,nan,nan,nan,nan,-3.077893,0.003008,-0.545584,nan,nan,nan,nan,nan,nan
2026-05-04 09:18:34.404677,0,-0.031915,-0.04226,0.346047,nan,nan,nan,nan,nan,nan,-3.079229,0.004868,-0.547629,nan,nan,nan,nan,nan,nan
2026-05-04 09:18:34.422895,0,-0.023558,-0.041986,0.346335,nan,nan,nan,nan,nan,nan,-3.040522,0.012278,-0.55864,nan,nan,nan,nan,nan,nan
2026-05-04 09:18:34.441473,0,-0.014579,-0.041938,0.345537,nan,nan,nan,nan,nan,nan,-3.039989,0.016415,-0.58855,nan,nan,nan,nan,nan,nan
2026-05-04 09:18:34.458938,0,-0.005601,-0.041917,0.345041,nan,nan,nan,nan,nan,nan,-3.047165,0.013532,-0.605536,nan,nan,nan,nan,nan,nan
2026-05-04 09:18:34.476077,0,-0.00096,-0.041927,0.34535,nan,nan,nan,nan,nan,nan,-3.039971,0.017137,-0.628723,nan,nan,nan,nan,nan,nan
2026-05-04 09:18:34.494412,0,0.008755,-0.041964,0.346706,nan,nan,nan,nan,nan,nan,-3.049042,0.024849,-0.640111,nan,nan,nan,nan,nan,nan
2026-05-04 09:18:34.512846,0,0.019197,-0.041914,0.347511,nan,nan,nan,nan,nan,nan,-3.03607,0.018804,-0.66139,nan,nan,nan,nan,nan,nan
2026-05-04 09:18:34.531885,0,0.024421,-0.042033,0.347921,nan,nan,nan,nan,nan,nan,-3.036678,0.022334,-0.672751,nan,nan,nan,nan,nan,nan
2026-05-04 09:18:34.549851,0,0.041151,-0.042113,0.349301,nan,nan,nan,nan,nan,nan,-3.025982,0.020068,-0.720369,nan,nan,nan,nan,nan,nan
2026-05-04 09:18:34.568195,0,0.052534,-0.041968,0.350479,nan,nan,nan,nan,nan,nan,-3.027983,0.016957,-0.744566,nan,nan,nan,nan,nan,nan
2026-05-04 09:18:34.586144,0,0.058511,-0.042272,0.352682,nan,nan,nan,nan,nan,nan,-3.011825,0.021906,-0.770699,nan,nan,nan,nan,nan,nan
2026-05-04 09:18:34.604111,0,0.070201,-0.042329,0.354319,nan,nan,nan,nan,nan,nan,-3.009607,0.022606,-0.789812,nan,nan,nan,nan,nan,nan
2026-05-04 09:18:34.622511,0,0.082627,-0.042464,0.357344,nan,nan,nan,-0.05455,-0.045893,0.49432,-3.002877,0.02473,-0.82712,nan,nan,nan,-2.662943,-0.019399,1.603206
2026-05-04 09:18:34.640654,0,0.095393,-0.04247,0.359951,nan,nan,nan,nan,nan,nan,-2.989902,0.021829,-0.882945,nan,nan,nan,nan,nan,nan
2026-05-04 09:18:34.658116,0,0.108696,-0.042878,0.364884,nan,nan,nan,-0.035578,-0.046471,0.497164,-2.975333,0.029205,-0.907365,nan,nan,nan,-2.706123,-0.009663,1.546599
2026-05-04 09:18:34.676256,0,0.115213,-0.042975,0.367012,nan,nan,nan,nan,nan,nan,-2.970848,0.027166,-0.932797,nan,nan,nan,nan,nan,nan
2026-05-04 09:18:34.694448,0,0.127819,-0.043108,0.371054,nan,nan,nan,-0.020246,-0.046303,0.494806,-2.956148,0.030461,-0.97598,nan,nan,nan,-2.736056,-0.012287,1.488104
2026-05-04 09:18:34.712182,0,0.140059,-0.043416,0.374923,nan,nan,nan,-0.010759,-0.04626,0.495853,-2.942757,0.03717,-1.009585,nan,nan,nan,-2.760506,-0.010279,1.440402
2026-05-04 09:18:34.730850,0,0.153008,-0.043709,0.38158,nan,nan,nan,-0.001172,-0.046173,0.497418,-2.926169,0.032641,-1.045977,nan,nan,nan,-2.776113,-0.011417,1.401749
2026-05-04 09:18:34.748818,0,0.164673,-0.043917,0.386561,nan,nan,nan,nan,nan,nan,-2.914609,0.04444,-1.084624,nan,nan,nan,nan,nan,nan
2026-05-04 09:18:34.766442,0,nan,nan,nan,nan,nan,nan,0.012501,-0.04627,0.500592,nan,nan,nan,nan,nan,nan,-2.80021,-0.004959,1.342382
2026-05-04 09:18:34.786708,0,0.180802,-0.043953,0.394004,nan,nan,nan,0.021282,-0.046423,0.501982,-2.897393,0.032007,-1.149146,nan,nan,nan,-2.82999,-0.012754,1.318111
2026-05-04 09:18:34.805354,0,0.191205,-0.044624,0.401306,nan,nan,nan,0.02913,-0.046957,0.506577,-2.881311,0.033377,-1.1956,nan,nan,nan,-2.842131,-0.005168,1.296306
2026-05-04 09:18:34.823633,0,nan,nan,nan,nan,nan,nan,0.035934,-0.046726,0.507336,nan,nan,nan,nan,nan,nan,-2.848458,-0.000505,1.257796
2026-05-04 09:18:34.841788,0,nan,nan,nan,nan,nan,nan,0.042388,-0.04701,0.510629,nan,nan,nan,nan,nan,nan,-2.869252,0.004569,1.212626
2026-05-04 09:18:34.859566,0,nan,nan,nan,nan,nan,nan,0.047871,-0.047131,0.513431,nan,nan,nan,nan,nan,nan,-2.906438,-0.000501,1.172299
2026-05-04 09:18:34.877048,0,nan,nan,nan,nan,nan,nan,0.051967,-0.047289,0.517025,nan,nan,nan,nan,nan,nan,-2.894676,0.001157,1.155735
2026-05-04 09:18:34.894744,0,nan,nan,nan,nan,nan,nan,0.053447,-0.047282,0.517844,nan,nan,nan,nan,nan,nan,-2.915558,-0.000418,1.124563
2026-05-04 09:18:34.912613,0,nan,nan,nan,nan,nan,nan,0.056708,-0.047422,0.520741,nan,nan,nan,nan,nan,nan,-2.914914,0.007444,1.096391
2026-05-04 09:18:34.930209,0,nan,nan,nan,nan,nan,nan,0.058886,-0.047517,0.524309,nan,nan,nan,nan,nan,nan,-2.914106,0.015244,1.086745
2026-05-04 09:18:34.952401,0,nan,nan,nan,nan,nan,nan,0.05958,-0.047601,0.527373,nan,nan,nan,nan,nan,nan,-2.95041,-0.00146,1.056802
2026-05-04 09:18:34.970804,0,nan,nan,nan,nan,nan,nan,0.05989,-0.047713,0.530348,nan,nan,nan,nan,nan,nan,-2.949579,-3e-06,1.046245
2026-05-04 09:18:34.988487,0,nan,nan,nan,nan,nan,nan,0.0595,-0.047723,0.532898,nan,nan,nan,nan,nan,nan,-2.920886,0.006619,1.039274
2026-05-04 09:18:35.005893,0,nan,nan,nan,nan,nan,nan,0.058496,-0.04794,0.536846,nan,nan,nan,nan,nan,nan,-2.930592,0.011042,1.024187
2026-05-04 09:18:35.023372,0,nan,nan,nan,nan,nan,nan,0.056105,-0.047853,0.537719,nan,nan,nan,nan,nan,nan,-2.944006,0.003119,1.001097
2026-05-04 09:18:35.040891,0,nan,nan,nan,nan,nan,nan,0.053215,-0.047932,0.541228,nan,nan,nan,nan,nan,nan,-2.933228,0.006228,0.988285
2026-05-04 09:18:35.060303,0,nan,nan,nan,nan,nan,nan,0.051715,-0.047855,0.541531,nan,nan,nan,nan,nan,nan,-2.929942,0.01209,0.984038
2026-05-04 09:18:35.077588,0,nan,nan,nan,nan,nan,nan,0.046535,-0.048102,0.546125,nan,nan,nan,nan,nan,nan,-2.93757,8.8e-05,0.981143
2026-05-04 09:18:35.104072,0,nan,nan,nan,nan,nan,nan,0.044857,-0.048172,0.547698,nan,nan,nan,nan,nan,nan,-2.942496,6.1e-05,0.969629
2026-05-04 09:18:35.122201,0,nan,nan,nan,nan,nan,nan,0.038858,-0.048398,0.551361,nan,nan,nan,nan,nan,nan,-2.941357,-0.002518,0.971539
2026-05-04 09:18:35.140788,0,nan,nan,nan,nan,nan,nan,0.034837,-0.048481,0.554439,nan,nan,nan,nan,nan,nan,-2.934137,0.000256,0.971102
2026-05-04 09:18:35.159849,0,nan,nan,nan,nan,nan,nan,0.030667,-0.048554,0.558224,nan,nan,nan,nan,nan,nan,-2.945337,0.003192,0.972648
2026-05-04 09:18:35.178025,0,nan,nan,nan,nan,nan,nan,0.026016,-0.048545,0.561002,nan,nan,nan,nan,nan,nan,-2.967766,0.002067,0.966064
2026-05-04 09:18:35.196636,0,nan,nan,nan,nan,nan,nan,0.023765,-0.048461,0.561199,nan,nan,nan,nan,nan,nan,-2.959467,0.011599,0.970956
2026-05-04 09:18:35.215040,0,nan,nan,nan,nan,nan,nan,0.019359,-0.048808,0.563703,nan,nan,nan,nan,nan,nan,-2.946415,0.005233,0.958644
2026-05-04 09:18:35.233765,0,nan,nan,nan,nan,nan,nan,0.01456,-0.048932,0.566726,nan,nan,nan,nan,nan,nan,-2.972191,-0.001825,0.963914
2026-05-04 09:18:35.252274,0,nan,nan,nan,nan,nan,nan,0.009235,-0.048981,0.570673,nan,nan,nan,nan,nan,nan,-2.953476,0.004937,0.965893
2026-05-04 09:18:35.271375,0,nan,nan,nan,nan,nan,nan,0.003906,-0.049085,0.573664,nan,nan,nan,nan,nan,nan,-2.953824,0.00314,0.968627
2026-05-04 09:18:35.289732,0,nan,nan,nan,nan,nan,nan,-0.001294,-0.049071,0.576059,nan,nan,nan,nan,nan,nan,-2.97199,0.014452,0.961697
2026-05-04 09:18:35.307480,0,nan,nan,nan,nan,nan,nan,-0.006666,-0.049232,0.577689,nan,nan,nan,nan,nan,nan,-2.95084,0.009497,0.985764
2026-05-04 09:18:35.325844,0,nan,nan,nan,nan,nan,nan,-0.009356,-0.049338,0.576632,nan,nan,nan,nan,nan,nan,-2.946987,-0.002763,1.01086
2026-05-04 09:18:35.344912,0,nan,nan,nan,nan,nan,nan,-0.01548,-0.049548,0.578486,nan,nan,nan,nan,nan,nan,-2.924704,-0.006342,1.00351
2026-05-04 09:18:35.363613,0,nan,nan,nan,nan,nan,nan,-0.021789,-0.049544,0.578655,nan,nan,nan,nan,nan,nan,-2.894624,0.003909,1.028922
2026-05-04 09:18:35.382209,0,0.148883,-0.048965,0.50596,nan,nan,nan,-0.028536,-0.049754,0.583489,-2.758868,0.064022,-1.4051,nan,nan,nan,-2.895638,0.005268,1.042755
2026-05-04 09:18:35.404357,0,nan,nan,nan,nan,nan,nan,-0.035497,-0.049718,0.582614,nan,nan,nan,nan,nan,nan,-2.900437,0.004382,1.058681
2026-05-04 09:18:35.422737,0,0.13247,-0.048755,0.501391,nan,nan,nan,-0.042643,-0.050133,0.581781,-2.789325,0.064353,-1.380901,nan,nan,nan,-2.920301,-0.003021,1.104722
2026-05-04 09:18:35.441017,0,0.124128,-0.048851,0.500399,nan,nan,nan,-0.049953,-0.050065,0.582125,-2.794236,0.05804,-1.357063,nan,nan,nan,-2.874091,0.009462,1.136855
2026-05-04 09:18:35.459893,0,0.115078,-0.04868,0.498145,nan,nan,nan,-0.058025,-0.050743,0.587222,-2.816407,0.053093,-1.305028,nan,nan,nan,-2.8716,0.007796,1.147203
2026-05-04 09:18:35.483393,0,nan,nan,nan,nan,nan,nan,nan,nan,nan,nan,nan,nan,nan,nan,nan,nan,nan,nan
2026-05-04 09:18:35.502497,0,0.097076,-0.048562,0.49443,nan,nan,nan,nan,nan,nan,-2.832271,0.047318,-1.262846,nan,nan,nan,nan,nan,nan
2026-05-04 09:18:35.521565,0,0.086619,-0.048343,0.489964,nan,nan,nan,nan,nan,nan,-2.846031,0.039561,-1.237555,nan,nan,nan,nan,nan,nan
2026-05-04 09:18:35.540815,0,0.074883,-0.048077,0.484502,nan,nan,nan,nan,nan,nan,-2.869333,0.040549,-1.183324,nan,nan,nan,nan,nan,nan
2026-05-04 09:18:35.559633,0,0.06409,-0.047909,0.481053,nan,nan,nan,nan,nan,nan,-2.881649,0.04078,-1.153089,nan,nan,nan,nan,nan,nan
2026-05-04 09:18:35.578912,0,0.053428,-0.04775,0.477752,nan,nan,nan,-0.107288,-0.049803,0.58331,-2.891885,0.041059,-1.122346,nan,nan,nan,-2.788829,-0.011355,1.350889
2026-05-04 09:18:35.596563,0,0.047695,-0.04756,0.47404,nan,nan,nan,nan,nan,nan,-2.915358,0.045273,-1.103972,nan,nan,nan,nan,nan,nan
2026-05-04 09:18:35.615565,0,0.037299,-0.047415,0.471418,nan,nan,nan,-0.119635,-0.049727,0.581681,-2.927574,0.042976,-1.074061,nan,nan,nan,-2.771852,-0.014943,1.396105
2026-05-04 09:18:35.633064,0,0.026296,-0.047282,0.468256,nan,nan,nan,nan,nan,nan,-2.936785,0.039234,-1.033573,nan,nan,nan,nan,nan,nan
2026-05-04 09:18:35.650935,0,0.013781,-0.046953,0.46139,nan,nan,nan,nan,nan,nan,-2.939446,0.040178,-1.001386,nan,nan,nan,nan,nan,nan
2026-05-04 09:18:35.668903,0,0.00146,-0.046747,0.457326,nan,nan,nan,nan,nan,nan,-2.970847,0.045503,-0.957068,nan,nan,nan,nan,nan,nan
2026-05-04 09:18:35.686820,0,-0.00427,-0.046705,0.456267,nan,nan,nan,nan,nan,nan,-2.960585,0.033814,-0.920581,nan,nan,nan,nan,nan,nan
2026-05-04 09:18:35.705206,0,-0.01555,-0.046527,0.452776,nan,nan,nan,nan,nan,nan,-2.979854,0.044596,-0.918656,nan,nan,nan,nan,nan,nan
2026-05-04 09:18:35.723012,0,-0.026326,-0.04638,0.450356,nan,nan,nan,nan,nan,nan,-3.003195,0.041736,-0.856472,nan,nan,nan,nan,nan,nan
2026-05-04 09:18:35.740897,0,-0.03683,-0.046206,0.446093,nan,nan,nan,nan,nan,nan,-3.004101,0.031739,-0.814855,nan,nan,nan,nan,nan,nan
2026-05-04 09:18:35.759276,0,-0.047693,-0.04599,0.441794,nan,nan,nan,nan,nan,nan,-3.022841,0.031986,-0.783657,nan,nan,nan,nan,nan,nan
2026-05-04 09:18:35.776899,0,-0.053217,-0.045886,0.439591,nan,nan,nan,nan,nan,nan,-3.02333,0.03403,-0.764123,nan,nan,nan,nan,nan,nan
2026-05-04 09:18:35.794927,0,-0.064003,-0.045651,0.434624,nan,nan,nan,nan,nan,nan,-3.017021,0.030224,-0.722462,nan,nan,nan,nan,nan,nan
2026-05-04 09:18:35.812617,0,-0.073611,-0.045428,0.429987,nan,nan,nan,nan,nan,nan,-3.034633,0.032725,-0.739105,nan,nan,nan,nan,nan,nan
2026-05-04 09:18:35.830491,0,-0.082254,-0.045212,0.425382,nan,nan,nan,nan,nan,nan,-3.017916,0.010468,-0.635977,nan,nan,nan,nan,nan,nan
2026-05-04 09:18:35.848838,0,-0.090766,-0.044981,0.42084,nan,nan,nan,nan,nan,nan,-3.012297,0.015947,-0.649061,nan,nan,nan,nan,nan,nan
2026-05-04 09:18:35.867136,0,-0.094509,-0.044825,0.417854,nan,nan,nan,nan,nan,nan,-3.056969,0.029478,-0.646846,nan,nan,nan,nan,nan,nan
2026-05-04 09:18:35.885608,0,-0.100738,-0.044701,0.413269,nan,nan,nan,nan,nan,nan,-3.073416,0.02259,-0.621278,nan,nan,nan,nan,nan,nan
2026-05-04 09:18:35.903237,0,-0.10716,-0.045229,0.41244,nan,nan,nan,nan,nan,nan,-3.085806,0.020662,-0.535188,nan,nan,nan,nan,nan,nan
2026-05-04 09:18:35.946230,0,-0.115248,-0.044045,0.399827,nan,nan,nan,nan,nan,nan,3.078298,-0.029906,0.620469,nan,nan,nan,nan,nan,nan
2026-05-04 09:18:35.965080,0,-0.118133,-0.043831,0.39464,nan,nan,nan,nan,nan,nan,-3.082638,0.030537,-0.601059,nan,nan,nan,nan,nan,nan
2026-05-04 09:18:35.984516,0,-0.120916,-0.044158,0.391684,nan,nan,nan,nan,nan,nan,3.088534,-0.022958,0.472928,nan,nan,nan,nan,nan,nan
2026-05-04 09:18:36.003744,0,-0.121734,-0.043957,0.386149,nan,nan,nan,nan,nan,nan,-3.114432,0.018543,-0.383798,nan,nan,nan,nan,nan,nan
2026-05-04 09:18:36.023006,0,-0.121874,-0.044037,0.382172,nan,nan,nan,nan,nan,nan,-3.059316,0.005575,-0.528842,nan,nan,nan,nan,nan,nan
2026-05-04 09:18:36.041622,0,-0.120942,-0.043566,0.377198,nan,nan,nan,nan,nan,nan,-2.883283,-0.049745,-0.382862,nan,nan,nan,nan,nan,nan
2026-05-04 09:18:36.060171,0,-0.119378,-0.04314,0.370381,nan,nan,nan,nan,nan,nan,3.100101,-0.017111,0.418506,nan,nan,nan,nan,nan,nan
2026-05-04 09:18:36.079110,0,-0.117867,-0.042999,0.36667,nan,nan,nan,nan,nan,nan,-3.07149,0.00785,-0.457503,nan,nan,nan,nan,nan,nan
2026-05-04 09:18:36.098146,0,-0.116558,-0.042766,0.362744,nan,nan,nan,nan,nan,nan,3.117094,-0.010485,0.343401,nan,nan,nan,nan,nan,nan
2026-05-04 09:18:36.117352,0,-0.114298,-0.042879,0.359185,nan,nan,nan,nan,nan,nan,-3.080518,0.006426,-0.51355,nan,nan,nan,nan,nan,nan
2026-05-04 09:18:36.136225,0,-0.110933,-0.042619,0.350268,nan,nan,nan,nan,nan,nan,3.071258,-0.014501,0.362402,nan,nan,nan,nan,nan,nan
2026-05-04 09:18:36.161409,0,-0.108598,-0.042441,0.345791,nan,nan,nan,nan,nan,nan,3.080926,-0.013823,0.363689,nan,nan,nan,nan,nan,nan
2026-05-04 09:18:36.180433,0,-0.105484,-0.042084,0.339961,nan,nan,nan,nan,nan,nan,3.091113,-0.021188,0.492409,nan,nan,nan,nan,nan,nan
2026-05-04 09:18:36.199328,0,-0.102463,-0.041886,0.33584,nan,nan,nan,nan,nan,nan,-3.096109,0.01176,-0.441037,nan,nan,nan,nan,nan,nan
2026-05-04 09:18:36.218396,0,-0.098347,-0.041671,0.330316,nan,nan,nan,nan,nan,nan,3.097516,-0.018341,0.403082,nan,nan,nan,nan,nan,nan
2026-05-04 09:18:36.238048,0,-0.096514,-0.041688,0.329576,nan,nan,nan,nan,nan,nan,-3.068753,0.016892,-0.501405,nan,nan,nan,nan,nan,nan
2026-05-04 09:18:36.256726,0,-0.091495,-0.041345,0.323694,nan,nan,nan,nan,nan,nan,3.106918,-0.005747,0.360146,nan,nan,nan,nan,nan,nan
2026-05-04 09:18:36.275984,0,-0.087104,-0.041312,0.322366,nan,nan,nan,nan,nan,nan,-3.101983,-0.000257,-0.333162,nan,nan,nan,nan,nan,nan
2026-05-04 09:18:36.294729,0,-0.080737,-0.041069,0.31921,nan,nan,nan,nan,nan,nan,3.107377,-0.013546,0.410584,nan,nan,nan,nan,nan,nan
2026-05-04 09:18:36.312981,0,-0.074605,-0.04102,0.318971,nan,nan,nan,nan,nan,nan,-3.061187,0.001418,-0.472734,nan,nan,nan,nan,nan,nan
2026-05-04 09:18:36.332449,0,-0.066808,-0.040847,0.316692,nan,nan,nan,nan,nan,nan,-3.098941,0.008705,-0.474502,nan,nan,nan,nan,nan,nan
2026-05-04 09:18:36.351888,0,-0.058978,-0.040486,0.316352,nan,nan,nan,nan,nan,nan,-3.021927,0.00754,-0.525421,nan,nan,nan,nan,nan,nan
2026-05-04 09:18:36.370064,0,-0.050137,-0.040657,0.315422,nan,nan,nan,nan,nan,nan,-3.085564,0.015601,-0.556813,nan,nan,nan,nan,nan,nan
2026-05-04 09:18:36.388762,0,-0.040901,-0.040707,0.316138,nan,nan,nan,nan,nan,nan,-3.073056,0.011942,-0.562156,nan,nan,nan,nan,nan,nan
2026-05-04 09:18:36.411843,0,-0.03598,-0.040716,0.316264,nan,nan,nan,nan,nan,nan,-3.074064,0.013898,-0.587655,nan,nan,nan,nan,nan,nan
2026-05-04 09:18:36.430549,0,-0.021314,-0.041049,0.318603,nan,nan,nan,nan,nan,nan,-3.060122,0.006527,-0.53974,nan,nan,nan,nan,nan,nan
2026-05-04 09:18:36.448833,0,-0.016185,-0.041128,0.319281,nan,nan,nan,nan,nan,nan,-3.046004,0.010516,-0.604506,nan,nan,nan,nan,nan,nan
2026-05-04 09:18:36.467598,0,-0.005407,-0.04105,0.320812,nan,nan,nan,nan,nan,nan,-3.055407,0.012778,-0.627061,nan,nan,nan,nan,nan,nan
2026-05-04 09:18:36.491875,0,0.005811,-0.041065,0.322332,nan,nan,nan,nan,nan,nan,-3.060638,0.006882,-0.616917,nan,nan,nan,nan,nan,nan
2026-05-04 09:18:36.515375,0,0.023401,-0.041225,0.325699,nan,nan,nan,nan,nan,nan,-3.053359,0.014037,-0.680014,nan,nan,nan,nan,nan,nan
2026-05-04 09:18:36.533263,0,0.035994,-0.041052,0.32805,nan,nan,nan,nan,nan,nan,-3.030667,0.028125,-0.716019,nan,nan,nan,nan,nan,nan
2026-05-04 09:18:36.550954,0,0.048372,-0.041161,0.330132,nan,nan,nan,nan,nan,nan,-3.014708,0.026907,-0.743955,nan,nan,nan,nan,nan,nan
2026-05-04 09:18:36.569601,0,0.061413,-0.041349,0.333698,nan,nan,nan,nan,nan,nan,-3.003847,0.028975,-0.792737,nan,nan,nan,nan,nan,nan
2026-05-04 09:18:36.593044,0,0.074931,-0.041513,0.33715,nan,nan,nan,nan,nan,nan,-3.000931,0.030394,-0.818432,nan,nan,nan,nan,nan,nan
2026-05-04 09:18:36.610896,0,0.087377,-0.041634,0.339578,nan,nan,nan,nan,nan,nan,-2.993019,0.028787,-0.849714,nan,nan,nan,nan,nan,nan
2026-05-04 09:18:36.630353,0,0.093901,-0.04174,0.341466,nan,nan,nan,-0.045814,-0.045047,0.474485,-2.985729,0.030622,-0.868251,nan,nan,nan,-2.679468,-0.032072,1.585086
2026-05-04 09:18:36.648951,0,0.113343,-0.041971,0.34621,nan,nan,nan,-0.030468,-0.045064,0.47591,-2.970873,0.035164,-0.911677,nan,nan,nan,-2.699471,-0.014272,1.532748
2026-05-04 09:18:36.666549,0,0.119231,-0.042009,0.346994,nan,nan,nan,-0.025245,-0.045034,0.475552,-2.966517,0.035007,-0.937956,nan,nan,nan,-2.715542,-0.016759,1.517439
2026-05-04 09:18:36.685711,0,0.131889,-0.042547,0.35064,nan,nan,nan,nan,nan,nan,-2.968812,0.018332,-0.957585,nan,nan,nan,nan,nan,nan
2026-05-04 09:18:36.704094,0,0.144389,-0.043222,0.353901,nan,nan,nan,-0.004883,-0.045881,0.476263,-2.959733,0.007669,-0.997349,nan,nan,nan,-2.76186,-0.014645,1.460548
2026-05-04 09:18:36.723284,0,0.155985,-0.042755,0.357003,nan,nan,nan,0.004518,-0.045429,0.477651,-2.947511,0.022488,-1.027279,nan,nan,nan,-2.775153,-0.006395,1.429159
2026-05-04 09:18:36.741000,0,0.167801,-0.042877,0.361381,nan,nan,nan,0.014072,-0.045691,0.479486,-2.929037,0.032957,-1.067835,nan,nan,nan,-2.791018,-0.007132,1.403484
2026-05-04 09:18:36.758583,0,0.17886,-0.04293,0.364967,nan,nan,nan,0.023219,-0.045091,0.47879,-2.91396,0.041431,-1.0967,nan,nan,nan,-2.811961,-0.008557,1.355703
2026-05-04 09:18:36.775817,0,0.185012,-0.04308,0.368258,nan,nan,nan,0.027825,-0.045113,0.480185,-2.906507,0.044173,-1.115129,nan,nan,nan,-2.808584,-0.000851,1.341149
2026-05-04 09:18:36.793958,0,0.196655,-0.043391,0.374439,nan,nan,nan,0.036312,-0.045397,0.481417,-2.890667,0.040548,-1.153274,nan,nan,nan,-2.824058,-0.008036,1.323001
2026-05-04 09:18:36.817847,0,nan,nan,nan,nan,nan,nan,0.044831,-0.045709,0.483403,nan,nan,nan,nan,nan,nan,-2.843984,0.002882,1.282263
2026-05-04 09:18:36.835322,0,0.215069,-0.043861,0.383787,nan,nan,nan,0.052074,-0.045477,0.484865,-2.864853,0.046097,-1.224696,nan,nan,nan,-2.833413,-0.011851,1.278596
2026-05-04 09:18:36.853100,0,nan,nan,nan,nan,nan,nan,0.059067,-0.045541,0.487238,nan,nan,nan,nan,nan,nan,-2.847831,0.00207,1.233863
2026-05-04 09:18:36.871959,0,nan,nan,nan,nan,nan,nan,0.06507,-0.045546,0.488042,nan,nan,nan,nan,nan,nan,-2.879499,-0.003442,1.196051
2026-05-04 09:18:36.890617,0,nan,nan,nan,nan,nan,nan,0.070803,-0.045759,0.491848,nan,nan,nan,nan,nan,nan,-2.868455,-0.005381,1.19139
2026-05-04 09:18:36.907602,0,nan,nan,nan,nan,nan,nan,0.075455,-0.045852,0.494931,nan,nan,nan,nan,nan,nan,-2.885135,0.003019,1.131009
2026-05-04 09:18:36.924894,0,nan,nan,nan,nan,nan,nan,0.077536,-0.045974,0.497311,nan,nan,nan,nan,nan,nan,-2.876891,0.001452,1.128529
2026-05-04 09:18:36.942460,0,nan,nan,nan,nan,nan,nan,0.080705,-0.045965,0.498483,nan,nan,nan,nan,nan,nan,-2.917105,-0.003756,1.113742
2026-05-04 09:18:36.961858,0,nan,nan,nan,nan,nan,nan,0.083465,-0.046202,0.503876,nan,nan,nan,nan,nan,nan,-2.905798,0.006054,1.074207
2026-05-04 09:18:36.980216,0,nan,nan,nan,nan,nan,nan,0.085014,-0.046301,0.506397,nan,nan,nan,nan,nan,nan,-2.925018,0.008587,1.047521
2026-05-04 09:18:36.998216,0,nan,nan,nan,nan,nan,nan,0.085554,-0.046363,0.508695,nan,nan,nan,nan,nan,nan,-2.956473,-0.000472,1.029002
2026-05-04 09:18:37.018477,0,nan,nan,nan,nan,nan,nan,0.085977,-0.046569,0.512598,nan,nan,nan,nan,nan,nan,-2.923045,0.009122,1.022582
2026-05-04 09:18:37.036806,0,nan,nan,nan,nan,nan,nan,0.084708,-0.04661,0.514211,nan,nan,nan,nan,nan,nan,-2.959988,-0.001993,0.990105
2026-05-04 09:18:37.055267,0,nan,nan,nan,nan,nan,nan,0.083712,-0.047221,0.520026,nan,nan,nan,nan,nan,nan,-2.975036,0.00867,0.963448
2026-05-04 09:18:37.073936,0,nan,nan,nan,nan,nan,nan,0.081351,-0.047455,0.524743,nan,nan,nan,nan,nan,nan,-2.975242,0.003456,0.96873
2026-05-04 09:18:37.094732,0,nan,nan,nan,nan,nan,nan,0.077771,-0.04707,0.527203,nan,nan,nan,nan,nan,nan,-2.950379,0.008411,0.959647
2026-05-04 09:18:37.112855,0,nan,nan,nan,nan,nan,nan,0.073757,-0.047321,0.530155,nan,nan,nan,nan,nan,nan,-2.964981,0.004441,0.921555
2026-05-04 09:18:37.131764,0,nan,nan,nan,nan,nan,nan,0.069152,-0.047578,0.534404,nan,nan,nan,nan,nan,nan,-2.948119,0.005645,0.928397
2026-05-04 09:18:37.151244,0,nan,nan,nan,nan,nan,nan,0.064849,-0.04771,0.537126,nan,nan,nan,nan,nan,nan,-2.93956,0.007794,0.922771
2026-05-04 09:18:37.169023,0,nan,nan,nan,nan,nan,nan,0.060184,-0.04787,0.54104,nan,nan,nan,nan,nan,nan,-2.930644,0.014219,0.894066
2026-05-04 09:18:37.187830,0,nan,nan,nan,nan,nan,nan,0.057692,-0.047992,0.544032,nan,nan,nan,nan,nan,nan,-2.922416,0.017787,0.89642
2026-05-04 09:18:37.205895,0,nan,nan,nan,nan,nan,nan,0.052173,-0.047975,0.547267,nan,nan,nan,nan,nan,nan,-2.974529,0.003788,0.918437
2026-05-04 09:18:37.222785,0,nan,nan,nan,nan,nan,nan,0.046815,-0.047949,0.549899,nan,nan,nan,nan,nan,nan,-2.962347,0.02194,0.905632
2026-05-04 09:18:37.240561,0,nan,nan,nan,nan,nan,nan,0.041555,-0.048429,0.554197,nan,nan,nan,nan,nan,nan,-2.965579,0.001435,0.902068
2026-05-04 09:18:37.258416,0,nan,nan,nan,nan,nan,nan,0.03588,-0.048658,0.559062,nan,nan,nan,nan,nan,nan,-2.98997,-0.005167,0.879555
2026-05-04 09:18:37.276643,0,nan,nan,nan,nan,nan,nan,0.03312,-0.048717,0.561314,nan,nan,nan,nan,nan,nan,-2.970501,0.00705,0.877031
2026-05-04 09:18:37.294621,0,nan,nan,nan,nan,nan,nan,0.027137,-0.048417,0.563273,nan,nan,nan,nan,nan,nan,-2.959479,0.02572,0.901879
2026-05-04 09:18:37.312424,0,nan,nan,nan,nan,nan,nan,0.021037,-0.048421,0.565438,nan,nan,nan,nan,nan,nan,-2.980697,0.013152,0.914312
2026-05-04 09:18:37.330749,0,nan,nan,nan,nan,nan,nan,0.014887,-0.048915,0.570645,nan,nan,nan,nan,nan,nan,-2.964414,0.010705,0.916001
2026-05-04 09:18:37.348365,0,nan,nan,nan,nan,nan,nan,0.008489,-0.049187,0.573545,nan,nan,nan,nan,nan,nan,-2.95914,0.00378,0.925736
2026-05-04 09:18:37.366012,0,nan,nan,nan,nan,nan,nan,0.00515,-0.049056,0.575291,nan,nan,nan,nan,nan,nan,-2.958112,0.01806,0.920232
2026-05-04 09:18:37.383605,0,nan,nan,nan,nan,nan,nan,-0.00166,-0.048897,0.57802,nan,nan,nan,nan,nan,nan,-2.944747,0.020677,0.934718
2026-05-04 09:18:37.401267,0,nan,nan,nan,nan,nan,nan,-0.008641,-0.049538,0.581271,nan,nan,nan,nan,nan,nan,-2.954201,0.008581,0.938376
2026-05-04 09:18:37.419049,0,nan,nan,nan,nan,nan,nan,-0.015997,-0.049737,0.58367,nan,nan,nan,nan,nan,nan,-2.918294,0.005848,0.967108
2026-05-04 09:18:37.436913,0,nan,nan,nan,nan,nan,nan,-0.023418,-0.049848,0.58284,nan,nan,nan,nan,nan,nan,-2.937463,-0.003337,0.998544
2026-05-04 09:18:37.454499,0,nan,nan,nan,nan,nan,nan,-0.027575,-0.049813,0.584781,nan,nan,nan,nan,nan,nan,-2.902418,0.000258,1.015053
2026-05-04 09:18:37.471987,0,nan,nan,nan,nan,nan,nan,-0.035311,-0.050114,0.58604,nan,nan,nan,nan,nan,nan,-2.922166,0.002047,1.040215
2026-05-04 09:18:37.490605,0,0.135678,-0.049585,0.516313,nan,nan,nan,-0.043272,-0.050478,0.588573,-2.769312,0.059405,-1.418551,nan,nan,nan,-2.916816,0.015757,1.035611
2026-05-04 09:18:37.507819,0,nan,nan,nan,nan,nan,nan,-0.051724,-0.050097,0.58808,nan,nan,nan,nan,nan,nan,-2.892453,-0.001115,1.086274
2026-05-04 09:18:37.525377,0,0.120439,-0.049191,0.511277,nan,nan,nan,-0.055967,-0.050466,0.590533,-2.776622,0.073877,-1.371113,nan,nan,nan,-2.897527,0.010844,1.080649
2026-05-04 09:18:37.543814,0,0.110453,-0.048989,0.50964,nan,nan,nan,-0.064559,-0.050037,0.590028,-2.776388,0.067644,-1.352602,nan,nan,nan,-2.871057,0.003688,1.107646
2026-05-04 09:18:37.563253,0,0.100147,-0.048989,0.507746,nan,nan,nan,-0.073486,-0.050103,0.591358,-2.797922,0.060085,-1.323461,nan,nan,nan,-2.886995,-0.010519,1.143281
2026-05-04 09:18:37.581048,0,0.089863,-0.048952,0.506112,nan,nan,nan,-0.082541,-0.050493,0.591982,-2.812738,0.052553,-1.292894,nan,nan,nan,-2.888663,-0.009284,1.185422
2026-05-04 09:18:37.598360,0,0.078405,-0.048927,0.502507,nan,nan,nan,-0.091766,-0.050573,0.593914,-2.834802,0.054308,-1.261801,nan,nan,nan,-2.849859,0.007409,1.201236
2026-05-04 09:18:37.616129,0,0.072787,-0.048649,0.500446,nan,nan,nan,-0.095694,-0.050217,0.592089,-2.837242,0.05689,-1.221821,nan,nan,nan,-2.833216,-0.001476,1.2315
2026-05-04 09:18:37.634477,0,0.061966,-0.048706,0.49802,nan,nan,nan,-0.105257,-0.050318,0.596321,-2.867713,0.051273,-1.204748,nan,nan,nan,-2.827678,-0.009325,1.256358
2026-05-04 09:18:37.652216,0,0.051593,-0.048384,0.496917,nan,nan,nan,-0.11422,-0.050331,0.596643,-2.864511,0.056616,-1.17755,nan,nan,nan,-2.822715,-0.009985,1.272429
2026-05-04 09:18:37.669414,0,0.040197,-0.048112,0.491598,nan,nan,nan,nan,nan,nan,-2.878418,0.058699,-1.138212,nan,nan,nan,nan,nan,nan
2026-05-04 09:18:37.686657,0,0.034388,-0.04824,0.489925,nan,nan,nan,nan,nan,nan,-2.892334,0.052577,-1.125351,nan,nan,nan,nan,nan,nan
2026-05-04 09:18:37.703710,0,0.022802,-0.048074,0.486015,nan,nan,nan,-0.135712,-0.050235,0.594439,-2.90113,0.049489,-1.09196,nan,nan,nan,-2.767809,-0.008123,1.363354
2026-05-04 09:18:37.721614,0,0.017195,-0.04814,0.485853,nan,nan,nan,nan,nan,nan,-2.914607,0.049673,-1.082619,nan,nan,nan,nan,nan,nan
2026-05-04 09:18:37.739188,0,0.001417,-0.047881,0.480476,nan,nan,nan,nan,nan,nan,-2.91779,0.029341,-1.045268,nan,nan,nan,nan,nan,nan
2026-05-04 09:18:37.756812,0,-0.003777,-0.047626,0.475077,nan,nan,nan,nan,nan,nan,-2.942855,0.039412,-1.032477,nan,nan,nan,nan,nan,nan
2026-05-04 09:18:37.775877,0,-0.014356,-0.047761,0.477989,nan,nan,nan,nan,nan,nan,-2.934029,0.028053,-0.977166,nan,nan,nan,nan,nan,nan
2026-05-04 09:18:37.794598,0,-0.02419,-0.047482,0.472278,nan,nan,nan,nan,nan,nan,-2.949991,0.040865,-0.954853,nan,nan,nan,nan,nan,nan
2026-05-04 09:18:37.812209,0,-0.033466,-0.047358,0.469931,nan,nan,nan,nan,nan,nan,-2.979403,0.047157,-0.936202,nan,nan,nan,nan,nan,nan
2026-05-04 09:18:37.829467,0,-0.043134,-0.047272,0.468029,nan,nan,nan,nan,nan,nan,-2.973032,0.037048,-0.915673,nan,nan,nan,nan,nan,nan
2026-05-04 09:18:37.846254,0,-0.048107,-0.047115,0.464782,nan,nan,nan,nan,nan,nan,-2.981246,0.029615,-0.883491,nan,nan,nan,nan,nan,nan
2026-05-04 09:18:37.863604,0,-0.057439,-0.046915,0.460624,nan,nan,nan,nan,nan,nan,-2.978401,0.016286,-0.817846,nan,nan,nan,nan,nan,nan
2026-05-04 09:18:37.884835,0,-0.061345,-0.046761,0.45755,nan,nan,nan,nan,nan,nan,-2.996647,0.023117,-0.830234,nan,nan,nan,nan,nan,nan
2026-05-04 09:18:37.903283,0,-0.072734,-0.046334,0.449035,nan,nan,nan,nan,nan,nan,-3.018915,0.033932,-0.832158,nan,nan,nan,nan,nan,nan
2026-05-04 09:18:37.920262,0,-0.080112,-0.046209,0.445921,nan,nan,nan,nan,nan,nan,-3.012957,0.027269,-0.781465,nan,nan,nan,nan,nan,nan
2026-05-04 09:18:37.939005,0,-0.085746,-0.04597,0.441233,nan,nan,nan,nan,nan,nan,-3.033703,0.026578,-0.759883,nan,nan,nan,nan,nan,nan
2026-05-04 09:18:37.955961,0,-0.088878,-0.045917,0.44031,nan,nan,nan,nan,nan,nan,-3.028655,0.031933,-0.76506,nan,nan,nan,nan,nan,nan
2026-05-04 09:18:37.974166,0,-0.095028,-0.045695,0.434599,nan,nan,nan,nan,nan,nan,-3.019868,0.021435,-0.735032,nan,nan,nan,nan,nan,nan
2026-05-04 09:18:37.994943,0,-0.100139,-0.045877,0.428521,nan,nan,nan,nan,nan,nan,3.063905,-0.021885,0.658794,nan,nan,nan,nan,nan,nan
2026-05-04 09:18:38.012069,0,-0.10392,-0.045128,0.419616,nan,nan,nan,nan,nan,nan,3.041393,-0.030715,0.726744,nan,nan,nan,nan,nan,nan
2026-05-04 09:18:38.033509,0,-0.108544,-0.045279,0.416753,nan,nan,nan,nan,nan,nan,-3.061373,0.016663,-0.62531,nan,nan,nan,nan,nan,nan
2026-05-04 09:18:38.052531,0,-0.111577,-0.045168,0.411271,nan,nan,nan,nan,nan,nan,-3.091048,0.004853,-0.472483,nan,nan,nan,nan,nan,nan
2026-05-04 09:18:38.071721,0,-0.114428,-0.045017,0.406812,nan,nan,nan,nan,nan,nan,-3.090198,0.00124,-0.384285,nan,nan,nan,nan,nan,nan
2026-05-04 09:18:38.092816,0,-0.114451,-0.044693,0.400653,nan,nan,nan,nan,nan,nan,-3.097937,0.011661,-0.464337,nan,nan,nan,nan,nan,nan
2026-05-04 09:18:38.110824,0,-0.115811,-0.044104,0.38973,nan,nan,nan,nan,nan,nan,3.065959,-0.030624,0.58711,nan,nan,nan,nan,nan,nan
2026-05-04 09:18:38.129195,0,-0.11709,-0.044011,0.386904,nan,nan,nan,nan,nan,nan,-3.086248,0.009536,-0.455262,nan,nan,nan,nan,nan,nan
2026-05-04 09:18:38.147934,0,-0.115823,-0.043695,0.381416,nan,nan,nan,nan,nan,nan,3.076511,-0.031641,0.560912,nan,nan,nan,nan,nan,nan
2026-05-04 09:18:38.167742,0,-0.114952,-0.043553,0.377661,nan,nan,nan,nan,nan,nan,-3.069497,0.010236,-0.484664,nan,nan,nan,nan,nan,nan
2026-05-04 09:18:38.187745,0,-0.114165,-0.043279,0.375081,nan,nan,nan,nan,nan,nan,-2.942706,-0.015632,-0.492596,nan,nan,nan,nan,nan,nan
2026-05-04 09:18:38.206194,0,-0.111577,-0.042979,0.366682,nan,nan,nan,nan,nan,nan,-3.108145,0.009513,-0.409479,nan,nan,nan,nan,nan,nan
2026-05-04 09:18:38.224709,0,-0.109264,-0.04277,0.362241,nan,nan,nan,nan,nan,nan,-3.086477,0.007399,-0.435887,nan,nan,nan,nan,nan,nan
2026-05-04 09:18:38.243299,0,-0.107057,-0.042491,0.356967,nan,nan,nan,nan,nan,nan,-3.092091,0.02139,-0.512661,nan,nan,nan,nan,nan,nan
2026-05-04 09:18:38.261962,0,-0.104993,-0.042326,0.353331,nan,nan,nan,nan,nan,nan,-3.070753,0.016982,-0.504069,nan,nan,nan,nan,nan,nan
2026-05-04 09:18:38.281104,0,-0.103624,-0.042206,0.350922,nan,nan,nan,nan,nan,nan,-3.065692,0.011784,-0.494665,nan,nan,nan,nan,nan,nan
2026-05-04 09:18:38.299417,0,-0.101136,-0.04199,0.346449,nan,nan,nan,nan,nan,nan,-3.05925,0.004592,-0.400688,nan,nan,nan,nan,nan,nan
2026-05-04 09:18:38.317930,0,-0.098499,-0.04176,0.342006,nan,nan,nan,nan,nan,nan,-3.043626,0.011897,-0.490993,nan,nan,nan,nan,nan,nan
2026-05-04 09:18:38.336331,0,-0.095852,-0.042174,0.339113,nan,nan,nan,nan,nan,nan,-3.082026,-0.007277,-0.366793,nan,nan,nan,nan,nan,nan
2026-05-04 09:18:38.355367,0,-0.092221,-0.041564,0.334003,nan,nan,nan,nan,nan,nan,3.086298,-0.009963,0.504043,nan,nan,nan,nan,nan,nan
2026-05-04 09:18:38.374967,0,-0.089038,-0.041345,0.330838,nan,nan,nan,nan,nan,nan,-3.087799,0.016857,-0.540522,nan,nan,nan,nan,nan,nan
2026-05-04 09:18:38.394001,0,-0.085175,-0.041206,0.327183,nan,nan,nan,nan,nan,nan,3.086073,-0.017944,0.516964,nan,nan,nan,nan,nan,nan
2026-05-04 09:18:38.412582,0,-0.081019,-0.041231,0.324875,nan,nan,nan,nan,nan,nan,3.102348,-0.010832,0.492485,nan,nan,nan,nan,nan,nan
2026-05-04 09:18:38.430606,0,-0.077511,-0.041422,0.324392,nan,nan,nan,nan,nan,nan,-3.108805,-0.001554,-0.353785,nan,nan,nan,nan,nan,nan
2026-05-04 09:18:38.448534,0,-0.072473,-0.04113,0.320825,nan,nan,nan,nan,nan,nan,-3.070996,0.00693,-0.518296,nan,nan,nan,nan,nan,nan
2026-05-04 09:18:38.466947,0,-0.069892,-0.04137,0.319968,nan,nan,nan,nan,nan,nan,-3.078233,-0.007671,-0.441575,nan,nan,nan,nan,nan,nan
2026-05-04 09:18:38.486203,0,-0.064237,-0.041528,0.315752,nan,nan,nan,nan,nan,nan,3.081452,0.00137,0.509171,nan,nan,nan,nan,nan,nan
2026-05-04 09:18:38.506833,0,-0.059569,-0.040904,0.314825,nan,nan,nan,nan,nan,nan,-3.076266,-0.002407,-0.492698,nan,nan,nan,nan,nan,nan
2026-05-04 09:18:38.524663,0,-0.053603,-0.040535,0.312415,nan,nan,nan,nan,nan,nan,-3.101158,0.00892,-0.494871,nan,nan,nan,nan,nan,nan
2026-05-04 09:18:38.543121,0,-0.047211,-0.040545,0.311166,nan,nan,nan,nan,nan,nan,-3.066329,0.001428,-0.489484,nan,nan,nan,nan,nan,nan
2026-05-04 09:18:38.560896,0,-0.040602,-0.040501,0.309361,nan,nan,nan,nan,nan,nan,-3.08449,0.014749,-0.536131,nan,nan,nan,nan,nan,nan
2026-05-04 09:18:38.580579,0,-0.037249,-0.040668,0.309952,nan,nan,nan,nan,nan,nan,-3.062966,0.009594,-0.50269,nan,nan,nan,nan,nan,nan
2026-05-04 09:18:38.599484,0,-0.026335,-0.040609,0.308155,nan,nan,nan,nan,nan,nan,-3.048298,0.012349,-0.547032,nan,nan,nan,nan,nan,nan
2026-05-04 09:18:38.617960,0,-0.022488,-0.040589,0.307906,nan,nan,nan,nan,nan,nan,-3.050976,0.011252,-0.534272,nan,nan,nan,nan,nan,nan
2026-05-04 09:18:38.638861,0,-0.014465,-0.040555,0.307486,nan,nan,nan,nan,nan,nan,-3.045511,0.011629,-0.552541,nan,nan,nan,nan,nan,nan
2026-05-04 09:18:38.657502,0,-0.006052,-0.040653,0.307503,nan,nan,nan,nan,nan,nan,-3.056539,0.005558,-0.553256,nan,nan,nan,nan,nan,nan
2026-05-04 09:18:38.681376,0,0.002519,-0.040729,0.307492,nan,nan,nan,nan,nan,nan,-3.065789,0.004568,-0.573867,nan,nan,nan,nan,nan,nan
2026-05-04 09:18:38.700345,0,0.015735,-0.040571,0.309155,nan,nan,nan,nan,nan,nan,-3.064311,0.015943,-0.590883,nan,nan,nan,nan,nan,nan
2026-05-04 09:18:38.725821,0,0.025473,-0.04066,0.310687,nan,nan,nan,nan,nan,nan,-3.051487,0.018157,-0.622478,nan,nan,nan,nan,nan,nan
2026-05-04 09:18:38.745315,0,0.035699,-0.040237,0.311775,nan,nan,nan,nan,nan,nan,-3.031308,0.022508,-0.655783,nan,nan,nan,nan,nan,nan
2026-05-04 09:18:38.764379,0,0.046383,-0.040519,0.314221,nan,nan,nan,nan,nan,nan,-3.038801,0.014796,-0.695408,nan,nan,nan,nan,nan,nan
2026-05-04 09:18:38.782529,0,0.057506,-0.040739,0.317814,nan,nan,nan,nan,nan,nan,-3.033557,0.013429,-0.713768,nan,nan,nan,nan,nan,nan
2026-05-04 09:18:38.801210,0,0.069116,-0.040713,0.321245,nan,nan,nan,nan,nan,nan,-3.013293,0.021886,-0.746081,nan,nan,nan,nan,nan,nan
2026-05-04 09:18:38.819443,0,0.080584,-0.04091,0.325044,nan,nan,nan,nan,nan,nan,-3.008992,0.025088,-0.782434,nan,nan,nan,nan,nan,nan
2026-05-04 09:18:38.837175,0,0.08665,-0.041035,0.328142,nan,nan,nan,-0.047559,-0.044724,0.467053,-3.009146,0.025804,-0.790469,nan,nan,nan,-2.648721,-0.032945,1.637128
2026-05-04 09:18:38.855711,0,0.098241,-0.041283,0.332593,nan,nan,nan,-0.038538,-0.044852,0.468293,-2.999464,0.026155,-0.817596,nan,nan,nan,-2.665665,-0.029714,1.611797
2026-05-04 09:18:38.874086,0,0.110127,-0.041515,0.337709,nan,nan,nan,-0.029586,-0.044856,0.470223,-2.986873,0.026718,-0.862143,nan,nan,nan,-2.678878,-0.021422,1.57627
2026-05-04 09:18:38.892596,0,0.122085,-0.041769,0.342744,nan,nan,nan,-0.020595,-0.044953,0.473985,-2.97946,0.031224,-0.899626,nan,nan,nan,-2.698715,-0.008287,1.53994
2026-05-04 09:18:38.912609,0,0.134295,-0.042052,0.348132,nan,nan,nan,-0.011502,-0.04506,0.475565,-2.963158,0.028612,-0.932181,nan,nan,nan,-2.720418,-0.016469,1.49974
2026-05-04 09:18:38.930930,0,0.146209,-0.04236,0.353956,nan,nan,nan,-0.002374,-0.045121,0.477757,-2.953369,0.039084,-0.980173,nan,nan,nan,-2.753136,-0.015867,1.464596
2026-05-04 09:18:38.949077,0,0.158204,-0.042574,0.360198,nan,nan,nan,0.00675,-0.045254,0.479355,-2.941197,0.034699,-1.013017,nan,nan,nan,-2.748524,-0.012525,1.437691
2026-05-04 09:18:38.967452,0,0.163862,-0.042735,0.362932,nan,nan,nan,0.011003,-0.045507,0.481137,-2.935414,0.031573,-1.032281,nan,nan,nan,-2.775524,-0.010554,1.406974
2026-05-04 09:18:38.987788,0,nan,nan,nan,nan,nan,nan,0.019997,-0.045482,0.482894,nan,nan,nan,nan,nan,nan,-2.780729,-0.01572,1.388541
2026-05-04 09:18:39.006811,0,0.186239,-0.043318,0.375213,nan,nan,nan,0.028364,-0.045553,0.485232,-2.907244,0.036814,-1.128974,nan,nan,nan,-2.801305,-0.00194,1.328234
2026-05-04 09:18:39.026465,0,0.195839,-0.04322,0.380619,nan,nan,nan,0.036176,-0.045602,0.487444,-2.88025,0.050706,-1.157815,nan,nan,nan,-2.807205,-0.007386,1.314255
2026-05-04 09:18:39.045521,0,nan,nan,nan,nan,nan,nan,0.043442,-0.045702,0.489715,nan,nan,nan,nan,nan,nan,-2.843083,-0.01143,1.275277
2026-05-04 09:18:39.063702,0,nan,nan,nan,nan,nan,nan,0.050349,-0.045745,0.493347,nan,nan,nan,nan,nan,nan,-2.856133,-0.010789,1.24941
2026-05-04 09:18:39.082713,0,nan,nan,nan,nan,nan,nan,0.056655,-0.04578,0.494366,nan,nan,nan,nan,nan,nan,-2.887361,-0.006114,1.188137
2026-05-04 09:18:39.102003,0,nan,nan,nan,nan,nan,nan,0.062521,-0.045969,0.498944,nan,nan,nan,nan,nan,nan,-2.882438,-0.006721,1.182504
2026-05-04 09:18:39.120729,0,nan,nan,nan,nan,nan,nan,0.067564,-0.046082,0.50107,nan,nan,nan,nan,nan,nan,-2.894812,0.00473,1.130497
2026-05-04 09:18:39.139462,0,nan,nan,nan,nan,nan,nan,0.071669,-0.046224,0.504419,nan,nan,nan,nan,nan,nan,-2.887142,0.013515,1.083101
2026-05-04 09:18:39.157473,0,nan,nan,nan,nan,nan,nan,0.073255,-0.04623,0.505085,nan,nan,nan,nan,nan,nan,-2.913654,-0.004102,1.098034
2026-05-04 09:18:39.176481,0,nan,nan,nan,nan,nan,nan,0.076296,-0.046415,0.509265,nan,nan,nan,nan,nan,nan,-2.925959,0.008344,1.058736
2026-05-04 09:18:39.194614,0,nan,nan,nan,nan,nan,nan,0.078419,-0.046549,0.51248,nan,nan,nan,nan,nan,nan,-2.946836,-0.002166,1.035662
2026-05-04 09:18:39.212934,0,nan,nan,nan,nan,nan,nan,0.079484,-0.046715,0.516615,nan,nan,nan,nan,nan,nan,-2.911557,0.017631,1.015316
2026-05-04 09:18:39.231457,0,nan,nan,nan,nan,nan,nan,0.079515,-0.04678,0.518724,nan,nan,nan,nan,nan,nan,-2.949344,0.005995,1.003235
2026-05-04 09:18:39.249909,0,nan,nan,nan,nan,nan,nan,0.078811,-0.046797,0.521829,nan,nan,nan,nan,nan,nan,-2.947778,0.010534,0.997896
2026-05-04 09:18:39.267696,0,nan,nan,nan,nan,nan,nan,0.077207,-0.046822,0.523324,nan,nan,nan,nan,nan,nan,-2.956265,0.008583,0.981146
2026-05-04 09:18:39.286382,0,nan,nan,nan,nan,nan,nan,0.076546,-0.047099,0.526073,nan,nan,nan,nan,nan,nan,-2.938999,0.00933,0.971817
2026-05-04 09:18:39.305020,0,nan,nan,nan,nan,nan,nan,0.074253,-0.047321,0.526706,nan,nan,nan,nan,nan,nan,-2.963661,0.006525,0.950545
2026-05-04 09:18:39.323293,0,nan,nan,nan,nan,nan,nan,0.071071,-0.047286,0.528613,nan,nan,nan,nan,nan,nan,-2.962937,-0.006747,0.971883
2026-05-04 09:18:39.341488,0,nan,nan,nan,nan,nan,nan,0.067945,-0.047491,0.533294,nan,nan,nan,nan,nan,nan,-2.965473,-0.001232,0.938225
2026-05-04 09:18:39.359734,0,nan,nan,nan,nan,nan,nan,0.065045,-0.047677,0.536276,nan,nan,nan,nan,nan,nan,-2.941456,0.002816,0.943173
2026-05-04 09:18:39.376898,0,nan,nan,nan,nan,nan,nan,0.061558,-0.047674,0.538596,nan,nan,nan,nan,nan,nan,-2.958904,0.006223,0.91858
2026-05-04 09:18:39.398358,0,nan,nan,nan,nan,nan,nan,0.059471,-0.047348,0.538091,nan,nan,nan,nan,nan,nan,-2.983754,0.007317,0.934277
2026-05-04 09:18:39.416615,0,nan,nan,nan,nan,nan,nan,0.055856,-0.047377,0.540391,nan,nan,nan,nan,nan,nan,-2.993466,0.005069,0.921894
2026-05-04 09:18:39.435596,0,nan,nan,nan,nan,nan,nan,0.052271,-0.047759,0.543149,nan,nan,nan,nan,nan,nan,-3.011015,0.003012,0.892801
2026-05-04 09:18:39.453418,0,nan,nan,nan,nan,nan,nan,0.048511,-0.047983,0.547289,nan,nan,nan,nan,nan,nan,-2.972731,0.010621,0.878083
2026-05-04 09:18:39.470435,0,nan,nan,nan,nan,nan,nan,0.04454,-0.048219,0.550249,nan,nan,nan,nan,nan,nan,-2.977221,-0.000513,0.876623
2026-05-04 09:18:39.491120,0,nan,nan,nan,nan,nan,nan,0.042437,-0.048302,0.552216,nan,nan,nan,nan,nan,nan,-2.935084,0.015872,0.856013
2026-05-04 09:18:39.509605,0,nan,nan,nan,nan,nan,nan,0.037867,-0.048276,0.552756,nan,nan,nan,nan,nan,nan,-3.001154,0.00117,0.862849
2026-05-04 09:18:39.526414,0,nan,nan,nan,nan,nan,nan,0.0332,-0.048021,0.555174,nan,nan,nan,nan,nan,nan,-2.971722,0.025711,0.870746
2026-05-04 09:18:39.543740,0,nan,nan,nan,nan,nan,nan,0.028607,-0.048267,0.556778,nan,nan,nan,nan,nan,nan,-2.994073,0.015372,0.866038
2026-05-04 09:18:39.561784,0,nan,nan,nan,nan,nan,nan,0.023166,-0.048251,0.557777,nan,nan,nan,nan,nan,nan,-2.978778,0.014061,0.892837
2026-05-04 09:18:39.581178,0,nan,nan,nan,nan,nan,nan,0.017849,-0.048523,0.560892,nan,nan,nan,nan,nan,nan,-2.95906,0.018023,0.896578
2026-05-04 09:18:39.599076,0,nan,nan,nan,nan,nan,nan,0.012108,-0.048568,0.561351,nan,nan,nan,nan,nan,nan,-2.975101,0.007161,0.906286
2026-05-04 09:18:39.616772,0,nan,nan,nan,nan,nan,nan,0.009397,-0.048714,0.56269,nan,nan,nan,nan,nan,nan,-2.942253,0.014794,0.913069
2026-05-04 09:18:39.634541,0,nan,nan,nan,nan,nan,nan,0.003545,-0.048705,0.563542,nan,nan,nan,nan,nan,nan,-2.967811,0.009695,0.922041
2026-05-04 09:18:39.652052,0,nan,nan,nan,nan,nan,nan,-0.002354,-0.048721,0.564728,nan,nan,nan,nan,nan,nan,-2.94954,0.01621,0.958598
2026-05-04 09:18:39.669445,0,nan,nan,nan,nan,nan,nan,-0.008337,-0.048842,0.564475,nan,nan,nan,nan,nan,nan,-2.939579,9.1e-05,0.972865
2026-05-04 09:18:39.687116,0,nan,nan,nan,nan,nan,nan,-0.011516,-0.048966,0.565637,nan,nan,nan,nan,nan,nan,-2.93694,-0.005767,0.975744
2026-05-04 09:18:39.705126,0,nan,nan,nan,nan,nan,nan,-0.017462,-0.048964,0.565751,nan,nan,nan,nan,nan,nan,-2.914822,0.005292,0.999806
2026-05-04 09:18:39.722793,0,nan,nan,nan,nan,nan,nan,-0.023242,-0.048925,0.564058,nan,nan,nan,nan,nan,nan,-2.938797,-0.014974,1.016566
2026-05-04 09:18:39.741579,0,0.147705,-0.048283,0.49356,nan,nan,nan,-0.030226,-0.049124,0.56933,-2.759367,0.073334,-1.425527,nan,nan,nan,-2.913463,-0.006359,1.042628
2026-05-04 09:18:39.762452,0,0.140686,-0.048512,0.49422,nan,nan,nan,-0.036628,-0.049086,0.567878,-2.773541,0.058912,-1.408127,nan,nan,nan,-2.920674,-0.007624,1.06105
2026-05-04 09:18:39.781321,0,0.132233,-0.048221,0.490299,nan,nan,nan,-0.043758,-0.049626,0.56978,-2.7831,0.062978,-1.381027,nan,nan,nan,-2.896228,0.011326,1.076667
2026-05-04 09:18:39.800254,0,0.123279,-0.048103,0.488339,nan,nan,nan,-0.05117,-0.049338,0.568571,-2.791128,0.061678,-1.343087,nan,nan,nan,-2.881419,0.00153,1.125584
2026-05-04 09:18:39.818158,0,nan,nan,nan,nan,nan,nan,-0.058495,-0.049062,0.567489,nan,nan,nan,nan,nan,nan,-2.841372,0.001663,1.177376
2026-05-04 09:18:39.836899,0,0.110172,-0.047832,0.484377,nan,nan,nan,-0.062197,-0.049205,0.568999,-2.798304,0.067251,-1.318675,nan,nan,nan,-2.86868,-0.009781,1.174454
2026-05-04 09:18:39.853969,0,nan,nan,nan,nan,nan,nan,-0.070182,-0.049145,0.57288,nan,nan,nan,nan,nan,nan,-2.852286,0.006396,1.181703
2026-05-04 09:18:39.871012,0,0.093251,-0.047739,0.481817,nan,nan,nan,nan,nan,nan,-2.83175,0.060199,-1.264492,nan,nan,nan,nan,nan,nan
2026-05-04 09:18:39.886990,0,0.084421,-0.047555,0.479832,nan,nan,nan,-0.084555,-0.049272,0.572149,-2.841376,0.054596,-1.226814,nan,nan,nan,-2.836424,-0.007909,1.224561
2026-05-04 09:18:39.904605,0,0.079393,-0.047544,0.478366,nan,nan,nan,nan,nan,nan,-2.84926,0.059449,-1.215411,nan,nan,nan,nan,nan,nan
2026-05-04 09:18:39.921735,0,0.068773,-0.047785,0.472514,nan,nan,nan,nan,nan,nan,-2.874179,0.072524,-1.188555,nan,nan,nan,nan,nan,nan
2026-05-04 09:18:39.939239,0,0.058805,-0.047355,0.469935,nan,nan,nan,-0.104161,-0.049487,0.577188,-2.876422,0.052754,-1.15364,nan,nan,nan,-2.80201,-0.005829,1.303186
2026-05-04 09:18:39.956876,0,0.05398,-0.047306,0.468641,nan,nan,nan,-0.107973,-0.049481,0.577145,-2.888929,0.044477,-1.138134,nan,nan,nan,-2.807834,-0.006079,1.320848
2026-05-04 09:18:39.975378,0,0.044874,-0.047314,0.468824,nan,nan,nan,-0.115674,-0.049517,0.577874,-2.901358,0.034962,-1.103208,nan,nan,nan,-2.786453,-0.007283,1.343996
2026-05-04 09:18:39.993358,0,0.035077,-0.047302,0.464196,nan,nan,nan,nan,nan,nan,-2.913405,0.056048,-1.08869,nan,nan,nan,nan,nan,nan
2026-05-04 09:18:40.010864,0,0.025538,-0.047057,0.463568,nan,nan,nan,-0.131169,-0.05047,0.581581,-2.925173,0.043626,-1.04986,nan,nan,nan,-2.747001,-0.01061,1.404306
2026-05-04 09:18:40.028279,0,0.016806,-0.046876,0.459704,nan,nan,nan,-0.138671,-0.050819,0.583026,-2.943657,0.047991,-1.037818,nan,nan,nan,-2.766584,-0.021988,1.434152
2026-05-04 09:18:40.046349,0,0.012349,-0.046819,0.45886,nan,nan,nan,nan,nan,nan,-2.951703,0.049438,-1.023124,nan,nan,nan,nan,nan,nan
2026-05-04 09:18:40.064676,0,0.003106,-0.046748,0.456984,nan,nan,nan,nan,nan,nan,-2.953294,0.036877,-0.989494,nan,nan,nan,nan,nan,nan
2026-05-04 09:18:40.083146,0,-0.005964,-0.04656,0.453243,nan,nan,nan,nan,nan,nan,-2.967483,0.042263,-0.972377,nan,nan,nan,nan,nan,nan
2026-05-04 09:18:40.101515,0,-0.015355,-0.046575,0.453654,nan,nan,nan,nan,nan,nan,-2.960989,0.035986,-0.937387,nan,nan,nan,nan,nan,nan
2026-05-04 09:18:40.120478,0,-0.019904,-0.046353,0.44933,nan,nan,nan,nan,nan,nan,-2.985225,0.042964,-0.932608,nan,nan,nan,nan,nan,nan
2026-05-04 09:18:40.138581,0,-0.029205,-0.046316,0.448335,nan,nan,nan,nan,nan,nan,-2.981362,0.043076,-0.883204,nan,nan,nan,nan,nan,nan
2026-05-04 09:18:40.157152,0,-0.037547,-0.046195,0.445988,nan,nan,nan,nan,nan,nan,-2.998517,0.042791,-0.865593,nan,nan,nan,nan,nan,nan
2026-05-04 09:18:40.175817,0,-0.04552,-0.046145,0.444767,nan,nan,nan,nan,nan,nan,-2.989059,0.028154,-0.823514,nan,nan,nan,nan,nan,nan
2026-05-04 09:18:40.194048,0,-0.053161,-0.046292,0.445633,nan,nan,nan,nan,nan,nan,-2.986605,0.035045,-0.80196,nan,nan,nan,nan,nan,nan
2026-05-04 09:18:40.212150,0,-0.060167,-0.045857,0.438861,nan,nan,nan,nan,nan,nan,-3.021575,0.043726,-0.812348,nan,nan,nan,nan,nan,nan
2026-05-04 09:18:40.229135,0,-0.068199,-0.045744,0.436778,nan,nan,nan,nan,nan,nan,-3.029976,0.038567,-0.765598,nan,nan,nan,nan,nan,nan
2026-05-04 09:18:40.246958,0,-0.072546,-0.046187,0.440039,nan,nan,nan,nan,nan,nan,-2.999472,0.033954,-0.702073,nan,nan,nan,nan,nan,nan
2026-05-04 09:18:40.264677,0,-0.079158,-0.045625,0.433828,nan,nan,nan,nan,nan,nan,-3.012663,0.02098,-0.694858,nan,nan,nan,nan,nan,nan
2026-05-04 09:18:40.282513,0,-0.086426,-0.045324,0.427908,nan,nan,nan,nan,nan,nan,-3.024397,0.032648,-0.71672,nan,nan,nan,nan,nan,nan
2026-05-04 09:18:40.300581,0,-0.094754,-0.04529,0.424906,nan,nan,nan,nan,nan,nan,-3.030504,0.021304,-0.635821,nan,nan,nan,nan,nan,nan
2026-05-04 09:18:40.318051,0,-0.101767,-0.045056,0.42117,nan,nan,nan,nan,nan,nan,-3.003635,0.007858,-0.606512,nan,nan,nan,nan,nan,nan
2026-05-04 09:18:40.335825,0,-0.106129,-0.045752,0.423776,nan,nan,nan,nan,nan,nan,-3.059543,0.018256,-0.550327,nan,nan,nan,nan,nan,nan
2026-05-04 09:18:40.354023,0,-0.110575,-0.044777,0.413167,nan,nan,nan,nan,nan,nan,3.059996,-0.03771,0.629649,nan,nan,nan,nan,nan,nan
2026-05-04 09:18:40.373516,0,-0.11598,-0.044285,0.409012,nan,nan,nan,nan,nan,nan,-2.907975,-0.034096,-0.219064,nan,nan,nan,nan,nan,nan
2026-05-04 09:18:40.394392,0,-0.12135,-0.044871,0.406582,nan,nan,nan,nan,nan,nan,3.095301,-0.025838,0.524112,nan,nan,nan,nan,nan,nan
2026-05-04 09:18:40.412232,0,-0.125107,-0.044524,0.399321,nan,nan,nan,nan,nan,nan,3.085223,-0.019444,0.388584,nan,nan,nan,nan,nan,nan
2026-05-04 09:18:40.430580,0,-0.127816,-0.044242,0.393144,nan,nan,nan,nan,nan,nan,3.086531,-0.016288,0.330002,nan,nan,nan,nan,nan,nan
2026-05-04 09:18:40.447610,0,-0.131413,-0.044222,0.390954,nan,nan,nan,nan,nan,nan,-3.057506,-0.001444,-0.332583,nan,nan,nan,nan,nan,nan
2026-05-04 09:18:40.465505,0,-0.131907,-0.043961,0.386,nan,nan,nan,nan,nan,nan,-3.111707,0.011186,-0.304305,nan,nan,nan,nan,nan,nan
2026-05-04 09:18:40.483519,0,-0.134087,-0.043755,0.381614,nan,nan,nan,nan,nan,nan,-3.087502,0.008386,-0.292241,nan,nan,nan,nan,nan,nan
2026-05-04 09:18:40.500701,0,-0.135132,-0.043489,0.376415,nan,nan,nan,nan,nan,nan,-3.099352,0.009792,-0.285006,nan,nan,nan,nan,nan,nan
2026-05-04 09:18:40.519028,0,-0.13571,-0.043412,0.374813,nan,nan,nan,nan,nan,nan,-3.077943,-0.001698,-0.247168,nan,nan,nan,nan,nan,nan
2026-05-04 09:18:40.536782,0,-0.135114,-0.043546,0.370226,nan,nan,nan,nan,nan,nan,-3.07368,-0.007442,-0.263023,nan,nan,nan,nan,nan,nan
2026-05-04 09:18:40.554943,0,-0.133399,-0.043399,0.365051,nan,nan,nan,nan,nan,nan,-3.099866,-0.010772,-0.206182,nan,nan,nan,nan,nan,nan
2026-05-04 09:18:40.575733,0,-0.130673,-0.043125,0.359446,nan,nan,nan,nan,nan,nan,3.126929,-0.00235,0.267637,nan,nan,nan,nan,nan,nan
2026-05-04 09:18:40.595886,0,-0.129267,-0.04304,0.357413,nan,nan,nan,nan,nan,nan,-3.094232,-0.010695,-0.225524,nan,nan,nan,nan,nan,nan
2026-05-04 09:18:40.616037,0,-0.127159,-0.042689,0.354517,nan,nan,nan,nan,nan,nan,-3.066727,-0.017333,-0.20375,nan,nan,nan,nan,nan,nan
2026-05-04 09:18:40.636128,0,-0.123804,-0.042492,0.349769,nan,nan,nan,nan,nan,nan,-3.10157,-0.016257,-0.166863,nan,nan,nan,nan,nan,nan
2026-05-04 09:18:40.656126,0,-0.120555,-0.042426,0.347172,nan,nan,nan,nan,nan,nan,-3.077384,-0.015901,-0.158982,nan,nan,nan,nan,nan,nan
2026-05-04 09:18:40.676370,0,-0.116106,-0.042369,0.344191,nan,nan,nan,nan,nan,nan,-3.094776,-0.009854,-0.175953,nan,nan,nan,nan,nan,nan
2026-05-04 09:18:40.696808,0,-0.111362,-0.042661,0.342114,nan,nan,nan,nan,nan,nan,-3.105162,-0.022075,-0.184124,nan,nan,nan,nan,nan,nan
2026-05-04 09:18:40.715080,0,-0.10521,-0.042444,0.338827,nan,nan,nan,nan,nan,nan,3.138682,0.023756,0.132905,nan,nan,nan,nan,nan,nan
2026-05-04 09:18:40.733195,0,-0.099272,-0.042195,0.338446,nan,nan,nan,nan,nan,nan,-3.095002,-0.017066,-0.158183,nan,nan,nan,nan,nan,nan
2026-05-04 09:18:40.751349,0,-0.092311,-0.042166,0.337231,nan,nan,nan,nan,nan,nan,-3.092268,-0.017953,-0.144525,nan,nan,nan,nan,nan,nan
2026-05-04 09:18:40.769767,0,-0.084342,-0.042031,0.33678,nan,nan,nan,nan,nan,nan,-3.082881,-0.018712,-0.155233,nan,nan,nan,nan,nan,nan
2026-05-04 09:18:40.789277,0,-0.08013,-0.04197,0.336972,nan,nan,nan,nan,nan,nan,-3.057645,-0.021096,-0.171443,nan,nan,nan,nan,nan,nan
2026-05-04 09:18:40.807430,0,-0.07108,-0.041869,0.337053,nan,nan,nan,nan,nan,nan,-3.018625,-0.02459,-0.217587,nan,nan,nan,nan,nan,nan
2026-05-04 09:18:40.826085,0,-0.061482,-0.04189,0.336636,nan,nan,nan,nan,nan,nan,-3.055853,-0.021595,-0.220723,nan,nan,nan,nan,nan,nan
2026-05-04 09:18:40.844647,0,-0.051988,-0.042013,0.337208,nan,nan,nan,nan,nan,nan,-3.057571,-0.004089,-0.36453,nan,nan,nan,nan,nan,nan
2026-05-04 09:18:40.862587,0,-0.042109,-0.041754,0.33546,nan,nan,nan,nan,nan,nan,-3.102327,0.000818,-0.373907,nan,nan,nan,nan,nan,nan
2026-05-04 09:18:40.880863,0,-0.037303,-0.041704,0.33506,nan,nan,nan,nan,nan,nan,-3.113444,-0.000287,-0.354304,nan,nan,nan,nan,nan,nan
2026-05-04 09:18:40.899097,0,-0.022414,-0.041747,0.33635,nan,nan,nan,nan,nan,nan,-3.103215,0.002142,-0.424616,nan,nan,nan,nan,nan,nan
2026-05-04 09:18:41.013394,0,0.037648,-0.0417,0.34092,nan,nan,nan,nan,nan,nan,-3.057336,0.014642,-0.562682,nan,nan,nan,nan,nan,nan
2026-05-04 09:18:41.031340,0,0.050076,-0.041747,0.34268,nan,nan,nan,nan,nan,nan,-3.057384,0.014364,-0.589003,nan,nan,nan,nan,nan,nan
2026-05-04 09:18:41.049421,0,0.06257,-0.04183,0.343856,nan,nan,nan,nan,nan,nan,-3.045105,0.017904,-0.617149,nan,nan,nan,nan,nan,nan
2026-05-04 09:18:41.069514,0,0.068873,-0.041857,0.344836,nan,nan,nan,nan,nan,nan,-3.042345,0.018056,-0.652291,nan,nan,nan,nan,nan,nan
2026-05-04 09:18:41.088101,0,0.081266,-0.041959,0.345656,nan,nan,nan,nan,nan,nan,-3.027644,0.017113,-0.686253,nan,nan,nan,nan,nan,nan
2026-05-04 09:18:41.107226,0,0.094309,-0.042112,0.348907,nan,nan,nan,nan,nan,nan,-3.029656,0.023701,-0.712128,nan,nan,nan,nan,nan,nan
2026-05-04 09:18:41.124788,0,0.107093,-0.042209,0.350772,nan,nan,nan,-0.02318,-0.046367,0.498291,-3.0139,0.021941,-0.754762,nan,nan,nan,-2.635351,-0.014004,1.680992
2026-05-04 09:18:41.142941,0,0.119727,-0.042439,0.353191,nan,nan,nan,-0.013419,-0.046795,0.498777,-3.011732,0.018496,-0.80841,nan,nan,nan,-2.649679,-0.020886,1.649693
2026-05-04 09:18:41.161683,0,0.133016,-0.042574,0.357117,nan,nan,nan,-0.003711,-0.046463,0.497402,-2.993714,0.018671,-0.844782,nan,nan,nan,-2.674218,-0.02249,1.623794
2026-05-04 09:18:41.180689,0,0.146554,-0.04302,0.361894,nan,nan,nan,nan,nan,nan,-2.987739,0.012839,-0.889495,nan,nan,nan,nan,nan,nan
2026-05-04 09:18:41.198001,0,0.158775,-0.042927,0.365029,nan,nan,nan,0.015495,-0.046563,0.497113,-2.969211,0.028109,-0.934433,nan,nan,nan,-2.715321,-0.006308,1.525891
2026-05-04 09:18:41.215796,0,0.165833,-0.043076,0.369354,nan,nan,nan,0.019786,-0.046212,0.496387,-2.96498,0.028443,-0.955115,nan,nan,nan,-2.738855,-0.010327,1.491429
2026-05-04 09:18:41.233916,0,0.172286,-0.04328,0.372244,nan,nan,nan,0.024222,-0.046078,0.497145,-2.955547,0.037634,-0.97653,nan,nan,nan,-2.734144,-0.015586,1.498001
2026-05-04 09:18:41.252428,0,0.190898,-0.043706,0.381135,nan,nan,nan,0.037588,-0.046299,0.498422,-2.927239,0.039132,-1.059908,nan,nan,nan,-2.78436,-0.011359,1.408061
2026-05-04 09:18:41.271159,0,nan,nan,nan,nan,nan,nan,0.04583,-0.046563,0.502061,nan,nan,nan,nan,nan,nan,-2.809747,-0.002156,1.362403
2026-05-04 09:18:41.289105,0,nan,nan,nan,nan,nan,nan,0.053102,-0.046712,0.504305,nan,nan,nan,nan,nan,nan,-2.827015,0.004736,1.312902
2026-05-04 09:18:41.307345,0,0.216707,-0.044483,0.396117,nan,nan,nan,0.056798,-0.046642,0.504201,-2.88305,0.040946,-1.171135,nan,nan,nan,-2.828572,-0.000158,1.316695
2026-05-04 09:18:41.325710,0,nan,nan,nan,nan,nan,nan,0.063247,-0.046636,0.50635,nan,nan,nan,nan,nan,nan,-2.843847,0.004453,1.257488
2026-05-04 09:18:41.344156,0,nan,nan,nan,nan,nan,nan,0.068743,-0.04633,0.505664,nan,nan,nan,nan,nan,nan,-2.837021,-0.004902,1.245456
2026-05-04 09:18:41.363979,0,nan,nan,nan,nan,nan,nan,0.073331,-0.046402,0.50736,nan,nan,nan,nan,nan,nan,-2.859682,0.001199,1.199279
2026-05-04 09:18:41.381165,0,nan,nan,nan,nan,nan,nan,0.077414,-0.046592,0.511804,nan,nan,nan,nan,nan,nan,-2.848153,0.013361,1.169965
2026-05-04 09:18:41.399656,0,nan,nan,nan,nan,nan,nan,0.078815,-0.046628,0.512084,nan,nan,nan,nan,nan,nan,-2.880122,-0.009529,1.180009
2026-05-04 09:18:41.417600,0,nan,nan,nan,nan,nan,nan,0.081482,-0.046781,0.515578,nan,nan,nan,nan,nan,nan,-2.875592,0.00025,1.138098
2026-05-04 09:18:41.434911,0,nan,nan,nan,nan,nan,nan,0.082608,-0.046749,0.515746,nan,nan,nan,nan,nan,nan,-2.902858,-0.008836,1.130804
2026-05-04 09:18:41.452421,0,nan,nan,nan,nan,nan,nan,0.083155,-0.046878,0.518824,nan,nan,nan,nan,nan,nan,-2.907616,-0.002468,1.112169
2026-05-04 09:18:41.470386,0,nan,nan,nan,nan,nan,nan,0.082969,-0.047011,0.521814,nan,nan,nan,nan,nan,nan,-2.911367,0.004265,1.064495
2026-05-04 09:18:41.489372,0,nan,nan,nan,nan,nan,nan,0.081408,-0.047205,0.525313,nan,nan,nan,nan,nan,nan,-2.912725,-0.005676,1.070709
2026-05-04 09:18:41.506566,0,nan,nan,nan,nan,nan,nan,0.080366,-0.04714,0.524804,nan,nan,nan,nan,nan,nan,-2.923278,-0.005674,1.076644
2026-05-04 09:18:41.524031,0,nan,nan,nan,nan,nan,nan,0.079231,-0.04735,0.528251,nan,nan,nan,nan,nan,nan,-2.896757,0.004786,1.06758
2026-05-04 09:18:41.542119,0,nan,nan,nan,nan,nan,nan,0.074446,-0.047414,0.532722,nan,nan,nan,nan,nan,nan,-2.922742,-0.00176,1.066314
2026-05-04 09:18:41.560136,0,nan,nan,nan,nan,nan,nan,0.070798,-0.047509,0.534347,nan,nan,nan,nan,nan,nan,-2.925666,0.001788,1.047008
2026-05-04 09:18:41.577348,0,nan,nan,nan,nan,nan,nan,0.066964,-0.047609,0.536759,nan,nan,nan,nan,nan,nan,-2.898249,0.019956,1.013646
2026-05-04 09:18:41.595131,0,nan,nan,nan,nan,nan,nan,0.064613,-0.047703,0.53731,nan,nan,nan,nan,nan,nan,-2.932818,-0.006945,1.011998
2026-05-04 09:18:41.612169,0,nan,nan,nan,nan,nan,nan,0.06031,-0.047848,0.540293,nan,nan,nan,nan,nan,nan,-2.915374,0.001487,0.995283
2026-05-04 09:18:41.629669,0,nan,nan,nan,nan,nan,nan,0.055577,-0.047853,0.541774,nan,nan,nan,nan,nan,nan,-2.949037,0.0014,0.976589
2026-05-04 09:18:41.646665,0,nan,nan,nan,nan,nan,nan,0.053489,-0.048042,0.544803,nan,nan,nan,nan,nan,nan,-2.933754,0.004554,0.974485
2026-05-04 09:18:41.663785,0,nan,nan,nan,nan,nan,nan,0.048825,-0.048024,0.547391,nan,nan,nan,nan,nan,nan,-2.952555,0.002835,0.959655
2026-05-04 09:18:41.681026,0,nan,nan,nan,nan,nan,nan,0.043677,-0.047835,0.548245,nan,nan,nan,nan,nan,nan,-2.950298,0.015377,0.97207
2026-05-04 09:18:41.698020,0,nan,nan,nan,nan,nan,nan,0.041094,-0.047927,0.549162,nan,nan,nan,nan,nan,nan,-2.989602,0.002957,0.951458
2026-05-04 09:18:41.716439,0,nan,nan,nan,nan,nan,nan,0.03603,-0.048317,0.553275,nan,nan,nan,nan,nan,nan,-2.958433,0.002017,0.952164
2026-05-04 09:18:41.733876,0,nan,nan,nan,nan,nan,nan,0.030735,-0.048366,0.557803,nan,nan,nan,nan,nan,nan,-2.939153,0.020468,0.936859
2026-05-04 09:18:41.751031,0,nan,nan,nan,nan,nan,nan,0.025038,-0.048538,0.559512,nan,nan,nan,nan,nan,nan,-2.956922,0.006308,0.940266
2026-05-04 09:18:41.767262,0,nan,nan,nan,nan,nan,nan,0.019373,-0.048292,0.561322,nan,nan,nan,nan,nan,nan,-2.948109,0.025917,0.935608
2026-05-04 09:18:41.788201,0,nan,nan,nan,nan,nan,nan,0.016537,-0.048365,0.562976,nan,nan,nan,nan,nan,nan,-2.956987,0.026443,0.941099
2026-05-04 09:18:41.805760,0,nan,nan,nan,nan,nan,nan,0.010371,-0.048446,0.563998,nan,nan,nan,nan,nan,nan,-2.967084,0.008695,0.972187
2026-05-04 09:18:41.823441,0,nan,nan,nan,nan,nan,nan,0.003915,-0.048649,0.567946,nan,nan,nan,nan,nan,nan,-2.96006,0.002535,0.986534
2026-05-04 09:18:41.840161,0,nan,nan,nan,nan,nan,nan,-0.002687,-0.049104,0.571303,nan,nan,nan,nan,nan,nan,-2.941532,0.005762,0.980665
2026-05-04 09:18:41.856915,0,nan,nan,nan,nan,nan,nan,-0.00995,-0.048753,0.572172,nan,nan,nan,nan,nan,nan,-2.936834,0.015968,1.00686
2026-05-04 09:18:41.873592,0,nan,nan,nan,nan,nan,nan,-0.013498,-0.048769,0.572449,nan,nan,nan,nan,nan,nan,-2.935736,0.008957,1.027101
2026-05-04 09:18:41.891022,0,nan,nan,nan,nan,nan,nan,-0.020921,-0.049347,0.574486,nan,nan,nan,nan,nan,nan,-2.924062,-0.005323,1.025367
2026-05-04 09:18:41.907610,0,0.148861,-0.048648,0.500598,nan,nan,nan,-0.028338,-0.049483,0.576469,-2.75695,0.063241,-1.407701,nan,nan,nan,-2.882512,0.003021,1.063013
2026-05-04 09:18:41.925289,0,nan,nan,nan,nan,nan,nan,-0.032166,-0.049432,0.575132,nan,nan,nan,nan,nan,nan,-2.896144,-0.00723,1.072059
2026-05-04 09:18:41.942371,0,0.136462,-0.048847,0.500962,nan,nan,nan,-0.03988,-0.049689,0.577985,-2.786543,0.063311,-1.378442,nan,nan,nan,-2.887255,0.001728,1.099174
2026-05-04 09:18:41.960362,0,0.127959,-0.048891,0.50183,nan,nan,nan,-0.048,-0.050344,0.581527,-2.790104,0.057219,-1.353934,nan,nan,nan,-2.90886,0.004736,1.112721
2026-05-04 09:18:41.977814,0,0.118025,-0.048806,0.499483,nan,nan,nan,-0.056228,-0.050336,0.581941,-2.79998,0.052243,-1.34629,nan,nan,nan,-2.896212,0.005034,1.146544
2026-05-04 09:18:41.995297,0,0.11169,-0.048433,0.494813,nan,nan,nan,-0.060808,-0.050365,0.583797,-2.806271,0.052133,-1.311815,nan,nan,nan,-2.880538,0.01137,1.150122
2026-05-04 09:18:42.013627,0,0.101752,-0.048474,0.493777,nan,nan,nan,-0.069428,-0.050201,0.582989,-2.822117,0.056311,-1.282608,nan,nan,nan,-2.872711,7.3e-05,1.183443
2026-05-04 09:18:42.030411,0,0.091115,-0.048332,0.492995,nan,nan,nan,-0.07849,-0.049816,0.584769,-2.825326,0.056778,-1.246705,nan,nan,nan,-2.844054,-0.004709,1.209287
2026-05-04 09:18:42.047567,0,0.080193,-0.048216,0.48976,nan,nan,nan,-0.08816,-0.049897,0.588215,-2.855516,0.056996,-1.227488,nan,nan,nan,-2.837596,-0.004196,1.242769
2026-05-04 09:18:42.065332,0,0.075235,-0.047851,0.489169,nan,nan,nan,-0.091471,-0.049794,0.584223,-2.855119,0.045799,-1.211099,nan,nan,nan,-2.834994,-0.011883,1.249895
2026-05-04 09:18:42.083337,0,0.0645,-0.048005,0.48805,nan,nan,nan,nan,nan,nan,-2.859069,0.050886,-1.168036,nan,nan,nan,nan,nan,nan
2026-05-04 09:18:42.101243,0,0.053428,-0.047917,0.484135,nan,nan,nan,-0.108928,-0.049988,0.586951,-2.883986,0.060551,-1.154767,nan,nan,nan,-2.795822,-0.002598,1.311549
2026-05-04 09:18:42.118947,0,0.041944,-0.047937,0.482515,nan,nan,nan,nan,nan,nan,-2.90895,0.058432,-1.12251,nan,nan,nan,nan,nan,nan
2026-05-04 09:18:42.136731,0,0.035996,-0.047803,0.48057,nan,nan,nan,-0.124411,-0.050212,0.595915,-2.918613,0.057391,-1.099465,nan,nan,nan,-2.776569,-0.003197,1.370259
2026-05-04 09:18:42.153673,0,0.024408,-0.047746,0.478417,nan,nan,nan,nan,nan,nan,-2.914395,0.037567,-1.059206,nan,nan,nan,nan,nan,nan
2026-05-04 09:18:42.171113,0,0.012105,-0.047607,0.474648,nan,nan,nan,nan,nan,nan,-2.944972,0.037568,-1.012713,nan,nan,nan,nan,nan,nan
2026-05-04 09:18:42.188573,0,0.000469,-0.047498,0.473641,nan,nan,nan,-0.150307,-0.050726,0.59448,-2.947486,0.041541,-0.981648,nan,nan,nan,-2.733604,-0.015167,1.477045
2026-05-04 09:18:42.206580,0,-0.004976,-0.04738,0.470203,nan,nan,nan,nan,nan,nan,-2.94985,0.038295,-0.972522,nan,nan,nan,nan,nan,nan
2026-05-04 09:18:42.223372,0,-0.015711,-0.047333,0.469203,nan,nan,nan,nan,nan,nan,-2.959133,0.03435,-0.935642,nan,nan,nan,nan,nan,nan
2026-05-04 09:18:42.240927,0,-0.026775,-0.04726,0.467832,nan,nan,nan,nan,nan,nan,-2.981322,0.034777,-0.905268,nan,nan,nan,nan,nan,nan
2026-05-04 09:18:42.258161,0,-0.038244,-0.047109,0.464693,nan,nan,nan,nan,nan,nan,-2.982639,0.039061,-0.893267,nan,nan,nan,nan,nan,nan
2026-05-04 09:18:42.275357,0,-0.044239,-0.04696,0.461597,nan,nan,nan,nan,nan,nan,-2.992459,0.039511,-0.850246,nan,nan,nan,nan,nan,nan
2026-05-04 09:18:42.293785,0,-0.055489,-0.046879,0.459939,nan,nan,nan,nan,nan,nan,-2.999944,0.037349,-0.829551,nan,nan,nan,nan,nan,nan
2026-05-04 09:18:42.315624,0,-0.065224,-0.046586,0.453816,nan,nan,nan,nan,nan,nan,-3.021305,0.034608,-0.792802,nan,nan,nan,nan,nan,nan
2026-05-04 09:18:42.332744,0,-0.075641,-0.046433,0.450801,nan,nan,nan,nan,nan,nan,-3.025209,0.026287,-0.741246,nan,nan,nan,nan,nan,nan
2026-05-04 09:18:42.350207,0,-0.085022,-0.046299,0.447948,nan,nan,nan,nan,nan,nan,-3.002388,0.018865,-0.693015,nan,nan,nan,nan,nan,nan
2026-05-04 09:18:42.367041,0,-0.089025,-0.046268,0.447313,nan,nan,nan,nan,nan,nan,-3.003319,0.021472,-0.711826,nan,nan,nan,nan,nan,nan
2026-05-04 09:18:42.385193,0,-0.096538,-0.04599,0.441872,nan,nan,nan,nan,nan,nan,-2.988705,0.009708,-0.652813,nan,nan,nan,nan,nan,nan
2026-05-04 09:18:42.403796,0,-0.104471,-0.045737,0.436392,nan,nan,nan,nan,nan,nan,-3.0171,0.017839,-0.641799,nan,nan,nan,nan,nan,nan
2026-05-04 09:18:42.421031,0,-0.112111,-0.045482,0.43114,nan,nan,nan,nan,nan,nan,-3.035851,0.020979,-0.640925,nan,nan,nan,nan,nan,nan
2026-05-04 09:18:42.438198,0,-0.118331,-0.045297,0.426874,nan,nan,nan,nan,nan,nan,-3.026727,0.011617,-0.604051,nan,nan,nan,nan,nan,nan
2026-05-04 09:18:42.455404,0,-0.121193,-0.045361,0.42433,nan,nan,nan,nan,nan,nan,-3.072253,0.012814,-0.576447,nan,nan,nan,nan,nan,nan
2026-05-04 09:18:42.472507,0,-0.126733,-0.045322,0.419418,nan,nan,nan,nan,nan,nan,3.063478,-0.020501,0.582789,nan,nan,nan,nan,nan,nan
2026-05-04 09:18:42.491115,0,-0.130521,-0.044937,0.415101,nan,nan,nan,nan,nan,nan,-2.901574,-0.042701,-0.377305,nan,nan,nan,nan,nan,nan
2026-05-04 09:18:42.509960,0,-0.132109,-0.045285,0.413562,nan,nan,nan,nan,nan,nan,-3.086789,0.027026,-0.548447,nan,nan,nan,nan,nan,nan
2026-05-04 09:18:42.527601,0,-0.134694,-0.044691,0.40837,nan,nan,nan,nan,nan,nan,-2.894921,-0.03238,-0.425034,nan,nan,nan,nan,nan,nan
2026-05-04 09:18:42.544833,0,-0.136663,-0.04479,0.403583,nan,nan,nan,nan,nan,nan,-3.099071,0.025709,-0.5127,nan,nan,nan,nan,nan,nan
2026-05-04 09:18:42.562216,0,-0.13744,-0.044544,0.39856,nan,nan,nan,nan,nan,nan,3.094128,-0.028218,0.533149,nan,nan,nan,nan,nan,nan
2026-05-04 09:18:42.579593,0,-0.137626,-0.044264,0.392743,nan,nan,nan,nan,nan,nan,3.092749,-0.025632,0.460373,nan,nan,nan,nan,nan,nan
2026-05-04 09:18:42.597851,0,-0.137543,-0.044184,0.390611,nan,nan,nan,nan,nan,nan,-3.104879,0.02388,-0.446729,nan,nan,nan,nan,nan,nan
2026-05-04 09:18:42.622352,0,-0.136112,-0.043991,0.38628,nan,nan,nan,nan,nan,nan,-3.066128,0.01417,-0.438164,nan,nan,nan,nan,nan,nan
2026-05-04 09:18:42.640949,0,-0.133346,-0.043598,0.378538,nan,nan,nan,nan,nan,nan,-3.080308,0.002688,-0.365048,nan,nan,nan,nan,nan,nan
2026-05-04 09:18:42.660384,0,-0.13239,-0.043467,0.376267,nan,nan,nan,nan,nan,nan,-3.102326,0.018285,-0.426871,nan,nan,nan,nan,nan,nan
2026-05-04 09:18:42.678479,0,-0.130037,-0.043125,0.370699,nan,nan,nan,nan,nan,nan,3.095943,-0.019784,0.430334,nan,nan,nan,nan,nan,nan
2026-05-04 09:18:42.696736,0,-0.128883,-0.04304,0.367425,nan,nan,nan,nan,nan,nan,-3.045819,0.008797,-0.461281,nan,nan,nan,nan,nan,nan
2026-05-04 09:18:42.715413,0,-0.126681,-0.042695,0.360598,nan,nan,nan,nan,nan,nan,-3.083995,0.008861,-0.355454,nan,nan,nan,nan,nan,nan
2026-05-04 09:18:42.733328,0,-0.124192,-0.043041,0.355706,nan,nan,nan,nan,nan,nan,-3.108322,-0.003974,-0.411904,nan,nan,nan,nan,nan,nan
2026-05-04 09:18:42.750884,0,-0.121683,-0.04296,0.350013,nan,nan,nan,nan,nan,nan,3.09899,-0.0015,0.424855,nan,nan,nan,nan,nan,nan
2026-05-04 09:18:42.768284,0,-0.119968,-0.042065,0.345921,nan,nan,nan,nan,nan,nan,-3.093227,0.006066,-0.379387,nan,nan,nan,nan,nan,nan
2026-05-04 09:18:42.786640,0,-0.11875,-0.042113,0.344051,nan,nan,nan,nan,nan,nan,-3.079146,-0.004934,-0.353955,nan,nan,nan,nan,nan,nan
2026-05-04 09:18:42.805268,0,-0.115647,-0.041986,0.339336,nan,nan,nan,nan,nan,nan,-3.11016,-0.001266,-0.356708,nan,nan,nan,nan,nan,nan
2026-05-04 09:18:42.823797,0,-0.113641,-0.041791,0.336557,nan,nan,nan,nan,nan,nan,-3.035699,-0.011804,-0.367475,nan,nan,nan,nan,nan,nan
2026-05-04 09:18:42.841929,0,-0.110049,-0.041759,0.332223,nan,nan,nan,nan,nan,nan,-3.070161,-0.007914,-0.304183,nan,nan,nan,nan,nan,nan
2026-05-04 09:18:42.859783,0,-0.10604,-0.041573,0.328238,nan,nan,nan,nan,nan,nan,-3.088827,-0.00651,-0.289763,nan,nan,nan,nan,nan,nan
2026-05-04 09:18:42.877155,0,-0.10381,-0.041436,0.326108,nan,nan,nan,nan,nan,nan,-3.100736,-0.003068,-0.335114,nan,nan,nan,nan,nan,nan
2026-05-04 09:18:42.895059,0,-0.099079,-0.041286,0.323438,nan,nan,nan,nan,nan,nan,-3.093966,0.003343,-0.370994,nan,nan,nan,nan,nan,nan
2026-05-04 09:18:42.913694,0,-0.093531,-0.041122,0.319495,nan,nan,nan,nan,nan,nan,3.123543,-0.004756,0.287668,nan,nan,nan,nan,nan,nan
2026-05-04 09:18:42.931723,0,-0.087892,-0.041024,0.31726,nan,nan,nan,nan,nan,nan,3.122717,-0.009954,0.338689,nan,nan,nan,nan,nan,nan
2026-05-04 09:18:42.949067,0,-0.08267,-0.041026,0.317239,nan,nan,nan,nan,nan,nan,-3.094014,-0.00403,-0.270848,nan,nan,nan,nan,nan,nan
2026-05-04 09:18:42.967444,0,-0.079022,-0.040801,0.315319,nan,nan,nan,nan,nan,nan,3.110632,-0.010652,0.375705,nan,nan,nan,nan,nan,nan
2026-05-04 09:18:42.985231,0,-0.071922,-0.040678,0.315361,nan,nan,nan,nan,nan,nan,-3.090164,0.006124,-0.409665,nan,nan,nan,nan,nan,nan
2026-05-04 09:18:43.002843,0,-0.063833,-0.040613,0.31441,nan,nan,nan,nan,nan,nan,-3.092368,0.000449,-0.401417,nan,nan,nan,nan,nan,nan
2026-05-04 09:18:43.021524,0,-0.055797,-0.040584,0.313572,nan,nan,nan,nan,nan,nan,3.089108,-0.020128,0.49912,nan,nan,nan,nan,nan,nan
2026-05-04 09:18:43.040021,0,-0.047473,-0.040726,0.314812,nan,nan,nan,nan,nan,nan,-3.075748,0.00515,-0.472543,nan,nan,nan,nan,nan,nan
2026-05-04 09:18:43.059990,0,-0.042749,-0.0407,0.315268,nan,nan,nan,nan,nan,nan,-3.067772,0.008137,-0.513919,nan,nan,nan,nan,nan,nan
2026-05-04 09:18:43.081459,0,-0.033879,-0.040659,0.315674,nan,nan,nan,nan,nan,nan,-3.094901,0.002532,-0.451425,nan,nan,nan,nan,nan,nan
2026-05-04 09:18:43.100642,0,-0.02473,-0.040742,0.316247,nan,nan,nan,nan,nan,nan,-3.095572,0.010596,-0.506005,nan,nan,nan,nan,nan,nan
2026-05-04 09:18:43.120012,0,-0.01456,-0.040938,0.318499,nan,nan,nan,nan,nan,nan,-3.075679,0.0063,-0.501179,nan,nan,nan,nan,nan,nan
2026-05-04 09:18:43.139820,0,-0.004186,-0.040853,0.319073,nan,nan,nan,nan,nan,nan,-3.081415,0.006174,-0.543635,nan,nan,nan,nan,nan,nan
2026-05-04 09:18:43.158131,0,0.006589,-0.041008,0.321474,nan,nan,nan,nan,nan,nan,-3.062796,0.008951,-0.568575,nan,nan,nan,nan,nan,nan
2026-05-04 09:18:43.176378,0,0.017624,-0.041021,0.323318,nan,nan,nan,nan,nan,nan,-3.062587,0.010973,-0.594121,nan,nan,nan,nan,nan,nan
2026-05-04 09:18:43.195025,0,0.028782,-0.040912,0.325195,nan,nan,nan,nan,nan,nan,-3.044401,0.01882,-0.610732,nan,nan,nan,nan,nan,nan
2026-05-04 09:18:43.213608,0,0.040271,-0.041016,0.327151,nan,nan,nan,nan,nan,nan,-3.041066,0.025957,-0.654822,nan,nan,nan,nan,nan,nan
2026-05-04 09:18:43.231756,0,0.051792,-0.041126,0.329447,nan,nan,nan,nan,nan,nan,-3.03304,0.024458,-0.672493,nan,nan,nan,nan,nan,nan
2026-05-04 09:18:43.249262,0,0.063918,-0.0413,0.332918,nan,nan,nan,nan,nan,nan,-3.027333,0.025948,-0.704679,nan,nan,nan,nan,nan,nan
2026-05-04 09:18:43.267423,0,0.06949,-0.041321,0.333362,nan,nan,nan,nan,nan,nan,-3.0253,0.030073,-0.731472,nan,nan,nan,nan,nan,nan
2026-05-04 09:18:43.285784,0,0.080916,-0.041455,0.335975,nan,nan,nan,nan,nan,nan,-3.010917,0.026406,-0.766904,nan,nan,nan,nan,nan,nan
2026-05-04 09:18:43.304712,0,0.092687,-0.041627,0.33942,nan,nan,nan,nan,nan,nan,-3.011156,0.027655,-0.779321,nan,nan,nan,nan,nan,nan
2026-05-04 09:18:43.322719,0,0.103923,-0.041748,0.341794,nan,nan,nan,-0.031609,-0.045353,0.479889,-3.000435,0.030298,-0.806293,nan,nan,nan,-2.651949,-0.016052,1.618351
2026-05-04 09:18:43.341160,0,0.109455,-0.041795,0.342741,nan,nan,nan,-0.027013,-0.045253,0.479492,-3.000074,0.030402,-0.816967,nan,nan,nan,-2.666651,-0.021712,1.607714
2026-05-04 09:18:43.359166,0,0.126003,-0.041938,0.346131,nan,nan,nan,nan,nan,nan,-2.99125,0.032001,-0.857773,nan,nan,nan,nan,nan,nan
2026-05-04 09:18:43.376774,0,0.131066,-0.041979,0.346426,nan,nan,nan,-0.00896,-0.045325,0.481148,-2.983948,0.033017,-0.882861,nan,nan,nan,-2.68398,-0.013151,1.560974
2026-05-04 09:18:43.395335,0,0.141507,-0.042065,0.347947,nan,nan,nan,-0.000165,-0.045105,0.478632,-2.980912,0.029018,-0.898147,nan,nan,nan,-2.706193,-0.017574,1.553676
2026-05-04 09:18:43.413753,0,0.152006,-0.042186,0.35049,nan,nan,nan,0.008203,-0.045425,0.480091,-2.966405,0.029854,-0.917377,nan,nan,nan,-2.708899,-0.011166,1.523141
2026-05-04 09:18:43.431768,0,0.162271,-0.042661,0.352568,nan,nan,nan,0.016341,-0.045764,0.480315,-2.970653,0.023688,-0.962896,nan,nan,nan,-2.744166,-0.015117,1.506707
2026-05-04 09:18:43.451035,0,0.172114,-0.04244,0.355345,nan,nan,nan,0.024165,-0.045336,0.479486,-2.952797,0.034775,-0.990576,nan,nan,nan,-2.742345,-0.018596,1.474344
2026-05-04 09:18:43.467528,0,0.181703,-0.042524,0.35726,nan,nan,nan,0.031895,-0.045519,0.479978,-2.942125,0.038,-1.019929,nan,nan,nan,-2.765449,-0.011502,1.43875
2026-05-04 09:18:43.485276,0,0.186843,-0.042625,0.359191,nan,nan,nan,0.035645,-0.045279,0.478913,-2.933377,0.03959,-1.033498,nan,nan,nan,-2.774935,-0.012618,1.42303
2026-05-04 09:18:43.503251,0,0.195664,-0.042757,0.361857,nan,nan,nan,0.04307,-0.045145,0.479494,-2.924845,0.039844,-1.063288,nan,nan,nan,-2.780024,-0.003523,1.398071
2026-05-04 09:18:43.521051,0,0.203485,-0.042879,0.364003,nan,nan,nan,0.049746,-0.04519,0.47901,-2.922197,0.044094,-1.090761,nan,nan,nan,-2.796995,-0.011759,1.367925
2026-05-04 09:18:43.538788,0,0.212468,-0.043167,0.369613,nan,nan,nan,0.056259,-0.045244,0.480205,-2.908055,0.046384,-1.113865,nan,nan,nan,-2.812183,-0.011651,1.351022
2026-05-04 09:18:43.557494,0,0.215386,-0.043182,0.370345,nan,nan,nan,0.059367,-0.045585,0.482868,-2.901775,0.039387,-1.134584,nan,nan,nan,-2.814118,-0.000822,1.332715
2026-05-04 09:18:43.575492,0,nan,nan,nan,nan,nan,nan,0.065108,-0.045742,0.485733,nan,nan,nan,nan,nan,nan,-2.825472,-0.0043,1.326758
2026-05-04 09:18:43.593880,0,nan,nan,nan,nan,nan,nan,0.07007,-0.045622,0.487759,nan,nan,nan,nan,nan,nan,-2.822386,0.000199,1.287542
2026-05-04 09:18:43.612002,0,nan,nan,nan,nan,nan,nan,0.073545,-0.045517,0.486827,nan,nan,nan,nan,nan,nan,-2.861649,-0.008346,1.232791
2026-05-04 09:18:43.629815,0,nan,nan,nan,nan,nan,nan,0.076854,-0.045745,0.491208,nan,nan,nan,nan,nan,nan,-2.863847,-0.009688,1.222299
2026-05-04 09:18:43.647616,0,nan,nan,nan,nan,nan,nan,0.078301,-0.045738,0.491841,nan,nan,nan,nan,nan,nan,-2.873802,-0.001383,1.189038
2026-05-04 09:18:43.665701,0,nan,nan,nan,nan,nan,nan,0.080285,-0.045784,0.49343,nan,nan,nan,nan,nan,nan,-2.885805,-0.008117,1.183831
2026-05-04 09:18:43.683806,0,nan,nan,nan,nan,nan,nan,0.08171,-0.045925,0.496863,nan,nan,nan,nan,nan,nan,-2.882847,-0.0049,1.165898
2026-05-04 09:18:43.702243,0,nan,nan,nan,nan,nan,nan,0.082385,-0.046136,0.500925,nan,nan,nan,nan,nan,nan,-2.886605,-0.004595,1.148229
2026-05-04 09:18:43.719724,0,nan,nan,nan,nan,nan,nan,0.082331,-0.04625,0.504601,nan,nan,nan,nan,nan,nan,-2.88819,0.008484,1.100367
2026-05-04 09:18:43.736997,0,nan,nan,nan,nan,nan,nan,0.081762,-0.046277,0.505607,nan,nan,nan,nan,nan,nan,-2.911448,0.000395,1.088929
2026-05-04 09:18:43.754403,0,nan,nan,nan,nan,nan,nan,0.080374,-0.046268,0.509582,nan,nan,nan,nan,nan,nan,-2.917123,0.011359,1.086059
2026-05-04 09:18:43.772583,0,nan,nan,nan,nan,nan,nan,0.077996,-0.046319,0.51252,nan,nan,nan,nan,nan,nan,-2.938357,-0.000102,1.085469
2026-05-04 09:18:43.791194,0,nan,nan,nan,nan,nan,nan,0.075784,-0.04672,0.516409,nan,nan,nan,nan,nan,nan,-2.932945,-0.000234,1.047966
2026-05-04 09:18:43.809785,0,nan,nan,nan,nan,nan,nan,0.072638,-0.046925,0.521164,nan,nan,nan,nan,nan,nan,-2.921521,0.006532,1.031196
2026-05-04 09:18:43.827853,0,nan,nan,nan,nan,nan,nan,0.070869,-0.046954,0.521422,nan,nan,nan,nan,nan,nan,-2.938362,0.003654,1.023996
2026-05-04 09:18:43.846083,0,nan,nan,nan,nan,nan,nan,0.067378,-0.047153,0.525613,nan,nan,nan,nan,nan,nan,-2.939441,-0.006123,1.028479
2026-05-04 09:18:43.863859,0,nan,nan,nan,nan,nan,nan,0.063729,-0.047212,0.526535,nan,nan,nan,nan,nan,nan,-2.95077,-0.007017,1.015469
2026-05-04 09:18:43.881218,0,nan,nan,nan,nan,nan,nan,0.059873,-0.047284,0.532711,nan,nan,nan,nan,nan,nan,-2.926883,0.017109,0.999436
2026-05-04 09:18:43.898994,0,nan,nan,nan,nan,nan,nan,0.055481,-0.047053,0.532865,nan,nan,nan,nan,nan,nan,-2.95529,0.000139,1.009016
2026-05-04 09:18:43.916422,0,nan,nan,nan,nan,nan,nan,0.053867,-0.047374,0.535786,nan,nan,nan,nan,nan,nan,-2.954497,0.003893,0.981974
2026-05-04 09:18:43.933800,0,nan,nan,nan,nan,nan,nan,0.04996,-0.04775,0.540885,nan,nan,nan,nan,nan,nan,-2.922063,0.014692,0.957938
2026-05-04 09:18:43.950270,0,nan,nan,nan,nan,nan,nan,0.045884,-0.04796,0.544846,nan,nan,nan,nan,nan,nan,-2.953448,0.006045,0.939322
2026-05-04 09:18:43.966960,0,nan,nan,nan,nan,nan,nan,0.043753,-0.047993,0.545172,nan,nan,nan,nan,nan,nan,-2.951806,0.008438,0.947626
2026-05-04 09:18:43.984640,0,nan,nan,nan,nan,nan,nan,0.039086,-0.048107,0.548374,nan,nan,nan,nan,nan,nan,-2.969872,-0.003835,0.938892
2026-05-04 09:18:44.002690,0,nan,nan,nan,nan,nan,nan,0.034777,-0.047857,0.550497,nan,nan,nan,nan,nan,nan,-2.956455,0.016901,0.94839
2026-05-04 09:18:44.020194,0,nan,nan,nan,nan,nan,nan,0.030331,-0.047934,0.553812,nan,nan,nan,nan,nan,nan,-2.970239,0.01765,0.924964
2026-05-04 09:18:44.037830,0,nan,nan,nan,nan,nan,nan,0.028274,-0.048457,0.557212,nan,nan,nan,nan,nan,nan,-2.981085,-0.002972,0.926845
2026-05-04 09:18:44.055542,0,nan,nan,nan,nan,nan,nan,0.023777,-0.048708,0.560711,nan,nan,nan,nan,nan,nan,-2.946521,0.005252,0.922621
2026-05-04 09:18:44.072903,0,nan,nan,nan,nan,nan,nan,0.019389,-0.048784,0.563539,nan,nan,nan,nan,nan,nan,-2.950992,0.012643,0.905493
2026-05-04 09:18:44.090337,0,nan,nan,nan,nan,nan,nan,0.01493,-0.048981,0.566549,nan,nan,nan,nan,nan,nan,-2.954805,0.003358,0.919165
2026-05-04 09:18:44.106735,0,nan,nan,nan,nan,nan,nan,0.012584,-0.048929,0.567648,nan,nan,nan,nan,nan,nan,-2.960517,0.0065,0.931625
2026-05-04 09:18:44.129154,0,nan,nan,nan,nan,nan,nan,0.007918,-0.048955,0.570838,nan,nan,nan,nan,nan,nan,-2.952977,0.019735,0.922555
2026-05-04 09:18:44.146843,0,nan,nan,nan,nan,nan,nan,0.003125,-0.048989,0.571464,nan,nan,nan,nan,nan,nan,-2.961907,0.005246,0.948586
2026-05-04 09:18:44.164703,0,nan,nan,nan,nan,nan,nan,-0.001748,-0.049331,0.575279,nan,nan,nan,nan,nan,nan,-2.930498,0.009696,0.942625
2026-05-04 09:18:44.182106,0,nan,nan,nan,nan,nan,nan,-0.006774,-0.049448,0.577386,nan,nan,nan,nan,nan,nan,-2.952242,-0.006636,0.962004
2026-05-04 09:18:44.199767,0,nan,nan,nan,nan,nan,nan,-0.012128,-0.049562,0.579439,nan,nan,nan,nan,nan,nan,-2.935697,-0.004194,0.959671
2026-05-04 09:18:44.217563,0,nan,nan,nan,nan,nan,nan,-0.014894,-0.049579,0.580465,nan,nan,nan,nan,nan,nan,-2.918594,0.006588,0.968525
2026-05-04 09:18:44.234474,0,nan,nan,nan,nan,nan,nan,-0.020522,-0.0497,0.583268,nan,nan,nan,nan,nan,nan,-2.92259,0.004129,0.983117
2026-05-04 09:18:44.252387,0,nan,nan,nan,nan,nan,nan,-0.026114,-0.049639,0.581954,nan,nan,nan,nan,nan,nan,-2.908513,0.00923,1.004394
2026-05-04 09:18:44.270749,0,0.147386,-0.049199,0.51202,nan,nan,nan,-0.031599,-0.049666,0.581474,-2.747706,0.063676,-1.430597,nan,nan,nan,-2.901015,0.007011,1.025134
2026-05-04 09:18:44.287971,0,0.1398,-0.049035,0.510712,nan,nan,nan,-0.038144,-0.049753,0.583211,-2.757762,0.069976,-1.395645,nan,nan,nan,-2.903912,-0.011129,1.070986
2026-05-04 09:18:44.305581,0,0.136162,-0.049032,0.509397,nan,nan,nan,-0.041109,-0.049804,0.583755,-2.77013,0.076688,-1.386912,nan,nan,nan,-2.923467,-0.009232,1.056577
2026-05-04 09:18:44.323805,0,0.129408,-0.048912,0.509206,nan,nan,nan,-0.047663,-0.049889,0.587163,-2.771821,0.068587,-1.366632,nan,nan,nan,-2.881899,0.004772,1.075053
2026-05-04 09:18:44.341668,0,0.122345,-0.048951,0.508342,nan,nan,nan,-0.053967,-0.049845,0.58756,-2.7818,0.068668,-1.361027,nan,nan,nan,-2.905116,-0.007558,1.109297
2026-05-04 09:18:44.358950,0,0.114876,-0.04899,0.507039,nan,nan,nan,-0.060309,-0.049868,0.587899,-2.804861,0.063689,-1.334544,nan,nan,nan,-2.880961,-0.001323,1.130684
2026-05-04 09:18:44.376646,0,0.111228,-0.049108,0.506936,nan,nan,nan,-0.063153,-0.050037,0.58741,-2.79996,0.047871,-1.33183,nan,nan,nan,-2.843066,0.004857,1.166326
2026-05-04 09:18:44.395183,0,0.1024,-0.048418,0.502935,nan,nan,nan,-0.069566,-0.05001,0.58742,-2.809672,0.059979,-1.302189,nan,nan,nan,-2.84371,-0.001682,1.190723
2026-05-04 09:18:44.413851,0,0.093779,-0.048605,0.499748,nan,nan,nan,-0.076451,-0.049969,0.58744,-2.825618,0.063854,-1.269648,nan,nan,nan,-2.834947,-0.000339,1.211181
2026-05-04 09:18:44.431992,0,0.085207,-0.048709,0.498582,nan,nan,nan,-0.083725,-0.050047,0.590163,-2.851605,0.055844,-1.246353,nan,nan,nan,-2.824402,-0.002492,1.234295
2026-05-04 09:18:44.449553,0,0.076714,-0.048672,0.496742,nan,nan,nan,-0.091914,-0.05005,0.595024,-2.853523,0.041646,-1.219896,nan,nan,nan,-2.825434,0.00752,1.261576
2026-05-04 09:18:44.467520,0,0.07259,-0.048618,0.495665,nan,nan,nan,-0.095051,-0.050178,0.593229,-2.863358,0.035413,-1.202544,nan,nan,nan,-2.835113,-0.00359,1.253813
2026-05-04 09:18:44.485289,0,0.063605,-0.048274,0.488685,nan,nan,nan,nan,nan,nan,-2.879433,0.041789,-1.187946,nan,nan,nan,nan,nan,nan
2026-05-04 09:18:44.503275,0,0.054711,-0.048005,0.48969,nan,nan,nan,-0.108172,-0.050222,0.590791,-2.875679,0.042605,-1.158211,nan,nan,nan,-2.804556,-0.005089,1.315054
2026-05-04 09:18:44.521106,0,0.045692,-0.048156,0.486117,nan,nan,nan,-0.115419,-0.050536,0.593365,-2.889928,0.044564,-1.120897,nan,nan,nan,-2.791414,0.000908,1.337023
2026-05-04 09:18:44.539069,0,0.037219,-0.048086,0.483828,nan,nan,nan,-0.121618,-0.050185,0.590905,-2.915957,0.054942,-1.10465,nan,nan,nan,-2.773703,-0.004752,1.363181
2026-05-04 09:18:44.556806,0,0.032517,-0.047914,0.481273,nan,nan,nan,nan,nan,nan,-2.918323,0.048486,-1.087712,nan,nan,nan,nan,nan,nan
2026-05-04 09:18:44.574410,0,0.023698,-0.047795,0.478861,nan,nan,nan,nan,nan,nan,-2.931426,0.03703,-1.058897,nan,nan,nan,nan,nan,nan
2026-05-04 09:18:44.592220,0,0.014966,-0.047628,0.47526,nan,nan,nan,nan,nan,nan,-2.922238,0.028049,-1.024614,nan,nan,nan,nan,nan,nan
2026-05-04 09:18:44.609330,0,0.005962,-0.047473,0.472148,nan,nan,nan,nan,nan,nan,-2.937476,0.034304,-1.017881,nan,nan,nan,nan,nan,nan
2026-05-04 09:18:44.626662,0,0.001221,-0.047465,0.472017,nan,nan,nan,nan,nan,nan,-2.951237,0.037337,-0.985536,nan,nan,nan,nan,nan,nan
2026-05-04 09:18:44.644288,0,-0.008252,-0.047313,0.468132,nan,nan,nan,nan,nan,nan,-2.971071,0.049323,-0.951309,nan,nan,nan,nan,nan,nan
2026-05-04 09:18:44.661624,0,-0.016283,-0.047012,0.463007,nan,nan,nan,nan,nan,nan,-2.976596,0.04656,-0.919432,nan,nan,nan,nan,nan,nan
2026-05-04 09:18:44.677947,0,-0.023513,-0.046916,0.460748,nan,nan,nan,nan,nan,nan,-2.985226,0.03572,-0.887639,nan,nan,nan,nan,nan,nan
2026-05-04 09:18:44.695435,0,-0.027264,-0.046854,0.459389,nan,nan,nan,nan,nan,nan,-2.981907,0.029864,-0.872891,nan,nan,nan,nan,nan,nan
2026-05-04 09:18:44.712083,0,-0.034616,-0.046591,0.454393,nan,nan,nan,nan,nan,nan,-3.014635,0.037667,-0.859684,nan,nan,nan,nan,nan,nan
2026-05-04 09:18:44.731382,0,-0.038375,-0.046616,0.454475,nan,nan,nan,nan,nan,nan,-2.991888,0.030861,-0.836427,nan,nan,nan,nan,nan,nan
2026-05-04 09:18:44.747287,0,-0.048495,-0.046213,0.44616,nan,nan,nan,nan,nan,nan,-3.002531,0.022836,-0.767692,nan,nan,nan,nan,nan,nan
2026-05-04 09:18:44.764840,0,-0.051736,-0.04612,0.444287,nan,nan,nan,nan,nan,nan,-3.008587,0.022367,-0.760734,nan,nan,nan,nan,nan,nan
2026-05-04 09:18:44.786315,0,-0.057681,-0.045842,0.438566,nan,nan,nan,nan,nan,nan,-3.013874,0.024376,-0.739412,nan,nan,nan,nan,nan,nan
2026-05-04 09:18:44.803647,0,-0.062506,-0.045585,0.433283,nan,nan,nan,nan,nan,nan,-3.001288,0.013487,-0.689918,nan,nan,nan,nan,nan,nan
2026-05-04 09:18:44.821877,0,-0.066679,-0.045328,0.427755,nan,nan,nan,nan,nan,nan,-3.001285,0.014071,-0.69094,nan,nan,nan,nan,nan,nan
2026-05-04 09:18:44.839179,0,-0.069442,-0.044922,0.419769,nan,nan,nan,nan,nan,nan,-3.039707,0.029921,-0.701381,nan,nan,nan,nan,nan,nan
2026-05-04 09:18:44.856586,0,-0.070733,-0.044821,0.417906,nan,nan,nan,nan,nan,nan,-3.057808,0.031032,-0.676736,nan,nan,nan,nan,nan,nan
2026-05-04 09:18:44.875275,0,-0.073014,-0.044658,0.414152,nan,nan,nan,nan,nan,nan,-3.01987,0.018973,-0.651315,nan,nan,nan,nan,nan,nan
2026-05-04 09:18:44.894199,0,-0.073745,-0.044332,0.407032,nan,nan,nan,nan,nan,nan,-3.033901,0.021729,-0.646176,nan,nan,nan,nan,nan,nan
2026-05-04 09:18:44.911787,0,-0.075029,-0.044699,0.404266,nan,nan,nan,nan,nan,nan,-3.070847,0.025603,-0.602715,nan,nan,nan,nan,nan,nan
2026-05-04 09:18:44.929227,0,-0.075478,-0.044612,0.399739,nan,nan,nan,nan,nan,nan,-3.060414,0.011237,-0.539712,nan,nan,nan,nan,nan,nan
2026-05-04 09:18:44.946727,0,-0.075414,-0.044626,0.398927,nan,nan,nan,nan,nan,nan,-3.047682,0.007338,-0.540131,nan,nan,nan,nan,nan,nan
2026-05-04 09:18:44.966428,0,-0.073026,-0.0441,0.390595,nan,nan,nan,nan,nan,nan,3.083431,-0.019411,0.554451,nan,nan,nan,nan,nan,nan
2026-05-04 09:18:44.985282,0,-0.071855,-0.044008,0.387702,nan,nan,nan,nan,nan,nan,-3.05144,0.00489,-0.531175,nan,nan,nan,nan,nan,nan
2026-05-04 09:18:45.003631,0,-0.06976,-0.043756,0.381847,nan,nan,nan,nan,nan,nan,-3.042608,0.005089,-0.53155,nan,nan,nan,nan,nan,nan
2026-05-04 09:18:45.022022,0,-0.067725,-0.043473,0.376125,nan,nan,nan,nan,nan,nan,-3.067854,0.011922,-0.521465,nan,nan,nan,nan,nan,nan
2026-05-04 09:18:45.040403,0,-0.065425,-0.043183,0.369605,nan,nan,nan,nan,nan,nan,-3.033099,0.008618,-0.551719,nan,nan,nan,nan,nan,nan
2026-05-04 09:18:45.057735,0,-0.063741,-0.04326,0.366108,nan,nan,nan,nan,nan,nan,3.072295,-0.009784,0.567397,nan,nan,nan,nan,nan,nan
2026-05-04 09:18:45.077085,0,-0.061638,-0.043246,0.363169,nan,nan,nan,nan,nan,nan,-3.092223,0.001613,-0.517833,nan,nan,nan,nan,nan,nan
2026-05-04 09:18:45.096700,0,-0.059304,-0.042567,0.358498,nan,nan,nan,nan,nan,nan,-3.072092,0.009557,-0.474077,nan,nan,nan,nan,nan,nan
2026-05-04 09:18:45.114883,0,-0.056029,-0.042333,0.353404,nan,nan,nan,nan,nan,nan,-3.056714,0.01487,-0.525925,nan,nan,nan,nan,nan,nan
2026-05-04 09:18:45.133580,0,-0.052846,-0.042121,0.349051,nan,nan,nan,nan,nan,nan,-3.064808,0.000951,-0.421505,nan,nan,nan,nan,nan,nan
2026-05-04 09:18:45.153506,0,-0.048944,-0.041878,0.344201,nan,nan,nan,nan,nan,nan,-3.046706,0.008089,-0.511669,nan,nan,nan,nan,nan,nan
2026-05-04 09:18:45.170924,0,-0.04447,-0.041589,0.338884,nan,nan,nan,nan,nan,nan,-3.075588,0.024426,-0.557468,nan,nan,nan,nan,nan,nan
2026-05-04 09:18:45.189939,0,-0.039808,-0.041516,0.337174,nan,nan,nan,nan,nan,nan,-3.037959,0.009597,-0.512554,nan,nan,nan,nan,nan,nan
2026-05-04 09:18:45.209427,0,-0.037243,-0.041456,0.335974,nan,nan,nan,nan,nan,nan,-3.049047,0.011505,-0.519041,nan,nan,nan,nan,nan,nan
2026-05-04 09:18:45.227648,0,-0.031952,-0.041314,0.333483,nan,nan,nan,nan,nan,nan,-3.061903,0.00895,-0.464718,nan,nan,nan,nan,nan,nan
2026-05-04 09:18:45.245890,0,-0.025873,-0.041143,0.329857,nan,nan,nan,nan,nan,nan,-3.065777,0.019305,-0.543586,nan,nan,nan,nan,nan,nan
2026-05-04 09:18:45.264396,0,-0.019187,-0.041017,0.327159,nan,nan,nan,nan,nan,nan,-3.055977,0.018288,-0.550023,nan,nan,nan,nan,nan,nan
2026-05-04 09:18:45.283180,0,-0.011645,-0.040952,0.325989,nan,nan,nan,nan,nan,nan,-3.052605,0.012843,-0.545833,nan,nan,nan,nan,nan,nan
2026-05-04 09:18:45.302042,0,-0.003736,-0.041106,0.324895,nan,nan,nan,nan,nan,nan,-3.070389,0.007246,-0.57889,nan,nan,nan,nan,nan,nan
2026-05-04 09:18:45.319909,0,0.004792,-0.041004,0.323749,nan,nan,nan,nan,nan,nan,-3.063718,0.00988,-0.58276,nan,nan,nan,nan,nan,nan
2026-05-04 09:18:45.337807,0,0.009477,-0.040926,0.323628,nan,nan,nan,nan,nan,nan,-3.048944,0.012539,-0.611843,nan,nan,nan,nan,nan,nan
2026-05-04 09:18:45.357372,0,0.01858,-0.040857,0.323968,nan,nan,nan,nan,nan,nan,-3.041148,0.016719,-0.61998,nan,nan,nan,nan,nan,nan
2026-05-04 09:18:45.377052,0,0.028456,-0.040896,0.32475,nan,nan,nan,nan,nan,nan,-3.037353,0.019851,-0.650078,nan,nan,nan,nan,nan,nan
2026-05-04 09:18:45.396093,0,0.038359,-0.040919,0.325327,nan,nan,nan,nan,nan,nan,-3.030989,0.022771,-0.674249,nan,nan,nan,nan,nan,nan
2026-05-04 09:18:45.414947,0,0.048519,-0.040927,0.325552,nan,nan,nan,nan,nan,nan,-3.037233,0.026288,-0.681268,nan,nan,nan,nan,nan,nan
2026-05-04 09:18:45.433856,0,0.058996,-0.040957,0.325958,nan,nan,nan,nan,nan,nan,-3.02652,0.02587,-0.710721,nan,nan,nan,nan,nan,nan
2026-05-04 09:18:45.454325,0,0.064493,-0.040998,0.326762,nan,nan,nan,nan,nan,nan,-3.0204,0.026556,-0.730337,nan,nan,nan,nan,nan,nan
2026-05-04 09:18:45.473495,0,0.080926,-0.041086,0.328219,nan,nan,nan,nan,nan,nan,-3.019787,0.023477,-0.758003,nan,nan,nan,nan,nan,nan
2026-05-04 09:18:45.492062,0,0.092422,-0.04128,0.330475,nan,nan,nan,-0.039778,-0.045424,0.473798,-3.015453,0.020126,-0.78809,nan,nan,nan,-2.648428,-0.018915,1.656814
2026-05-04 09:18:45.510549,0,0.104369,-0.041452,0.332275,nan,nan,nan,-0.029999,-0.045457,0.473863,-3.008484,0.015536,-0.816227,nan,nan,nan,-2.659057,-0.014828,1.631473
2026-05-04 09:18:45.528533,0,0.110436,-0.041681,0.333704,nan,nan,nan,-0.024986,-0.045313,0.472564,-3.009757,0.016841,-0.819119,nan,nan,nan,-2.666095,-0.021781,1.622718
2026-05-04 09:18:45.547106,0,0.12195,-0.041419,0.334974,nan,nan,nan,nan,nan,nan,-2.995208,0.02762,-0.85031,nan,nan,nan,nan,nan,nan
2026-05-04 09:18:45.566358,0,0.134218,-0.041566,0.338091,nan,nan,nan,nan,nan,nan,-2.990109,0.03284,-0.877995,nan,nan,nan,nan,nan,nan
2026-05-04 09:18:45.585534,0,0.146605,-0.041708,0.341018,nan,nan,nan,0.003803,-0.044909,0.470826,-2.969687,0.032394,-0.917311,nan,nan,nan,-2.701203,-0.012267,1.53175
2026-05-04 09:18:45.605252,0,0.158814,-0.041864,0.344127,nan,nan,nan,0.013309,-0.045166,0.471986,-2.96066,0.035094,-0.957479,nan,nan,nan,-2.734321,-0.011641,1.493899
2026-05-04 09:18:45.624442,0,0.170722,-0.042022,0.347293,nan,nan,nan,0.023305,-0.044995,0.471773,-2.952046,0.03771,-0.990961,nan,nan,nan,-2.750485,-0.017855,1.462426
2026-05-04 09:18:45.644028,0,0.183217,-0.042457,0.351586,nan,nan,nan,0.033246,-0.045409,0.473433,-2.942529,0.02307,-1.031032,nan,nan,nan,-2.759292,-0.00285,1.443035
2026-05-04 09:18:45.663596,0,0.194883,-0.042437,0.355469,nan,nan,nan,0.042653,-0.044729,0.473204,-2.924843,0.04146,-1.060642,nan,nan,nan,-2.780607,-0.003977,1.404116
2026-05-04 09:18:45.681166,0,0.20712,-0.043112,0.3609,nan,nan,nan,0.052087,-0.044835,0.474022,-2.921055,0.032463,-1.102194,nan,nan,nan,-2.806276,-0.006603,1.362319
2026-05-04 09:18:45.700286,0,nan,nan,nan,nan,nan,nan,0.056799,-0.045292,0.475019,nan,nan,nan,nan,nan,nan,-2.825737,0.004491,1.349991
2026-05-04 09:18:45.717615,0,nan,nan,nan,nan,nan,nan,0.065547,-0.045784,0.477127,nan,nan,nan,nan,nan,nan,-2.833143,0.001498,1.311066
2026-05-04 09:18:45.737157,0,nan,nan,nan,nan,nan,nan,0.073632,-0.045111,0.478421,nan,nan,nan,nan,nan,nan,-2.83193,-0.000815,1.295588
2026-05-04 09:18:45.755906,0,nan,nan,nan,nan,nan,nan,0.081667,-0.045668,0.481992,nan,nan,nan,nan,nan,nan,-2.855717,0.005142,1.256828
2026-05-04 09:18:45.774075,0,nan,nan,nan,nan,nan,nan,0.088345,-0.045412,0.482403,nan,nan,nan,nan,nan,nan,-2.877985,-0.004797,1.225327
2026-05-04 09:18:45.792305,0,nan,nan,nan,nan,nan,nan,0.094642,-0.045345,0.48617,nan,nan,nan,nan,nan,nan,-2.883014,-0.001105,1.184539
2026-05-04 09:18:45.810583,0,nan,nan,nan,nan,nan,nan,0.09993,-0.045378,0.488144,nan,nan,nan,nan,nan,nan,-2.906949,0.006044,1.137294
2026-05-04 09:18:45.827945,0,nan,nan,nan,nan,nan,nan,0.104204,-0.045317,0.489968,nan,nan,nan,nan,nan,nan,-2.930682,0.006798,1.097006
2026-05-04 09:18:45.847672,0,nan,nan,nan,nan,nan,nan,0.1062,-0.045467,0.492683,nan,nan,nan,nan,nan,nan,-2.945369,0.007157,1.048684
2026-05-04 09:18:45.865794,0,nan,nan,nan,nan,nan,nan,0.109481,-0.045725,0.497583,nan,nan,nan,nan,nan,nan,-2.923263,0.030138,1.005236
2026-05-04 09:18:45.884338,0,nan,nan,nan,nan,nan,nan,0.111054,-0.0458,0.49908,nan,nan,nan,nan,nan,nan,-2.96637,0.004943,1.010208
2026-05-04 09:18:45.902787,0,nan,nan,nan,nan,nan,nan,0.111928,-0.04591,0.503378,nan,nan,nan,nan,nan,nan,-2.94522,0.010759,0.995339
2026-05-04 09:18:45.922529,0,nan,nan,nan,nan,nan,nan,0.111838,-0.046165,0.507865,nan,nan,nan,nan,nan,nan,-2.935803,0.02861,0.946345
2026-05-04 09:18:45.940772,0,nan,nan,nan,nan,nan,nan,0.111074,-0.046223,0.508832,nan,nan,nan,nan,nan,nan,-2.951129,0.012207,0.983874
2026-05-04 09:18:45.958120,0,nan,nan,nan,nan,nan,nan,0.109392,-0.046403,0.512915,nan,nan,nan,nan,nan,nan,-2.957584,0.012724,0.929602
2026-05-04 09:18:45.976353,0,nan,nan,nan,nan,nan,nan,0.106889,-0.046609,0.515743,nan,nan,nan,nan,nan,nan,-2.963706,0.012078,0.917665
2026-05-04 09:18:45.994793,0,nan,nan,nan,nan,nan,nan,0.103493,-0.046892,0.520506,nan,nan,nan,nan,nan,nan,-2.981212,0.010354,0.902177
2026-05-04 09:18:46.012982,0,nan,nan,nan,nan,nan,nan,0.099478,-0.04688,0.522154,nan,nan,nan,nan,nan,nan,-2.977309,0.006567,0.929418
2026-05-04 09:18:46.030758,0,nan,nan,nan,nan,nan,nan,0.095448,-0.046812,0.526321,nan,nan,nan,nan,nan,nan,-2.981478,0.022379,0.890665
2026-05-04 09:18:46.048489,0,nan,nan,nan,nan,nan,nan,0.09091,-0.046951,0.528951,nan,nan,nan,nan,nan,nan,-2.985576,0.017771,0.893182
2026-05-04 09:18:46.066890,0,nan,nan,nan,nan,nan,nan,0.088639,-0.047345,0.531243,nan,nan,nan,nan,nan,nan,-2.98494,0.007501,0.869881
2026-05-04 09:18:46.083963,0,nan,nan,nan,nan,nan,nan,0.084118,-0.047521,0.535642,nan,nan,nan,nan,nan,nan,-2.956024,0.019995,0.857274
2026-05-04 09:18:46.102022,0,nan,nan,nan,nan,nan,nan,0.078832,-0.047761,0.539043,nan,nan,nan,nan,nan,nan,-2.979153,0.001206,0.856142
2026-05-04 09:18:46.119735,0,nan,nan,nan,nan,nan,nan,0.073888,-0.047838,0.544269,nan,nan,nan,nan,nan,nan,-3.004315,0.011917,0.834939
2026-05-04 09:18:46.136970,0,nan,nan,nan,nan,nan,nan,0.070976,-0.047651,0.545361,nan,nan,nan,nan,nan,nan,-2.958549,0.03048,0.863418
2026-05-04 09:18:46.154991,0,nan,nan,nan,nan,nan,nan,0.065753,-0.04819,0.55067,nan,nan,nan,nan,nan,nan,-2.985089,0.001095,0.882068
2026-05-04 09:18:46.175899,0,nan,nan,nan,nan,nan,nan,0.059955,-0.048511,0.555558,nan,nan,nan,nan,nan,nan,-2.964164,0.002982,0.888598
2026-05-04 09:18:46.195931,0,nan,nan,nan,nan,nan,nan,0.053808,-0.048764,0.560491,nan,nan,nan,nan,nan,nan,-2.956112,0.007103,0.895862
2026-05-04 09:18:46.214243,0,nan,nan,nan,nan,nan,nan,0.04713,-0.048721,0.562714,nan,nan,nan,nan,nan,nan,-2.994805,-0.003441,0.899251
2026-05-04 09:18:46.231947,0,nan,nan,nan,nan,nan,nan,0.04037,-0.048951,0.567919,nan,nan,nan,nan,nan,nan,-2.972106,0.017096,0.881131
2026-05-04 09:18:46.249583,0,nan,nan,nan,nan,nan,nan,0.032939,-0.0491,0.570845,nan,nan,nan,nan,nan,nan,-2.963757,0.01007,0.901878
2026-05-04 09:18:46.266409,0,nan,nan,nan,nan,nan,nan,0.028986,-0.049195,0.572122,nan,nan,nan,nan,nan,nan,-2.93191,0.004191,0.945921
2026-05-04 09:18:46.284618,0,nan,nan,nan,nan,nan,nan,0.021046,-0.049253,0.574229,nan,nan,nan,nan,nan,nan,-2.962394,-0.000555,0.945601
2026-05-04 09:18:46.302937,0,nan,nan,nan,nan,nan,nan,0.013253,-0.049155,0.57502,nan,nan,nan,nan,nan,nan,-2.9742,0.005251,0.977021
2026-05-04 09:18:46.320243,0,nan,nan,nan,nan,nan,nan,0.005411,-0.049381,0.576481,nan,nan,nan,nan,nan,nan,-2.935587,0.001677,0.978269
2026-05-04 09:18:46.337384,0,nan,nan,nan,nan,nan,nan,0.001181,-0.04945,0.580511,nan,nan,nan,nan,nan,nan,-2.93021,0.006762,0.998218
2026-05-04 09:18:46.355668,0,nan,nan,nan,nan,nan,nan,-0.00698,-0.049689,0.583071,nan,nan,nan,nan,nan,nan,-2.914205,0.008974,0.999726
2026-05-04 09:18:46.373895,0,nan,nan,nan,nan,nan,nan,-0.015006,-0.049459,0.582869,nan,nan,nan,nan,nan,nan,-2.930782,0.001972,1.041379
2026-05-04 09:18:46.391662,0,0.154569,-0.049085,0.509261,nan,nan,nan,-0.023108,-0.049749,0.583174,-2.768294,0.059688,-1.407749,nan,nan,nan,-2.910818,-0.003305,1.051717
2026-05-04 09:18:46.409552,0,nan,nan,nan,nan,nan,nan,-0.02754,-0.050198,0.584591,nan,nan,nan,nan,nan,nan,-2.918382,0.003134,1.07488
2026-05-04 09:18:46.430678,0,0.138485,-0.048718,0.503948,nan,nan,nan,-0.036508,-0.05049,0.587939,-2.785409,0.068972,-1.369266,nan,nan,nan,-2.902698,0.00586,1.093255
2026-05-04 09:18:46.447965,0,0.12738,-0.048654,0.500764,nan,nan,nan,-0.045117,-0.049935,0.585871,-2.801624,0.066165,-1.330353,nan,nan,nan,-2.875985,-0.006837,1.157404
2026-05-04 09:18:46.466908,0,0.117257,-0.048692,0.499718,nan,nan,nan,-0.054343,-0.049855,0.584808,-2.818007,0.050134,-1.295192,nan,nan,nan,-2.87762,-0.014446,1.168978
2026-05-04 09:18:46.484268,0,nan,nan,nan,nan,nan,nan,nan,nan,nan,nan,nan,nan,nan,nan,nan,nan,nan,nan
2026-05-04 09:18:46.501734,0,0.097675,-0.048673,0.497799,nan,nan,nan,nan,nan,nan,-2.840932,0.046157,-1.254942,nan,nan,nan,nan,nan,nan
2026-05-04 09:18:46.520171,0,0.091968,-0.048613,0.495559,nan,nan,nan,-0.076698,-0.050635,0.590419,-2.857776,0.045092,-1.222633,nan,nan,nan,-2.851067,-0.002219,1.240814
2026-05-04 09:18:46.550976,0,0.079623,-0.048209,0.489099,nan,nan,nan,-0.085535,-0.050031,0.589809,-2.867926,0.053603,-1.195774,nan,nan,nan,-2.82412,-0.003776,1.267764
2026-05-04 09:18:46.570425,0,0.056298,-0.047888,0.480681,nan,nan,nan,nan,nan,nan,-2.900742,0.032187,-1.11478,nan,nan,nan,nan,nan,nan
2026-05-04 09:18:46.588820,0,0.049997,-0.047726,0.477397,nan,nan,nan,-0.109106,-0.051209,0.594926,-2.919491,0.032968,-1.078429,nan,nan,nan,-2.786256,-0.012022,1.374941
2026-05-04 09:18:46.607572,0,0.038446,-0.04768,0.47639,nan,nan,nan,-0.118437,-0.051354,0.595724,-2.920551,0.038084,-1.062201,nan,nan,nan,-2.775796,-0.029759,1.404494
2026-05-04 09:18:46.626560,0,0.027033,-0.04735,0.4701,nan,nan,nan,nan,nan,nan,-2.949826,0.05108,-1.026243,nan,nan,nan,nan,nan,nan
2026-05-04 09:18:46.644902,0,0.016198,-0.047253,0.467707,nan,nan,nan,nan,nan,nan,-2.955095,0.041233,-0.991762,nan,nan,nan,nan,nan,nan
2026-05-04 09:18:46.662793,0,0.004166,-0.046996,0.462281,nan,nan,nan,nan,nan,nan,-2.974892,0.039107,-0.96571,nan,nan,nan,nan,nan,nan
2026-05-04 09:18:46.680955,0,-0.008387,-0.046746,0.457157,nan,nan,nan,nan,nan,nan,-2.967669,0.030334,-0.918083,nan,nan,nan,nan,nan,nan
2026-05-04 09:18:46.698554,0,-0.021223,-0.046515,0.452896,nan,nan,nan,nan,nan,nan,-3.002617,0.044238,-0.867468,nan,nan,nan,nan,nan,nan
2026-05-04 09:18:46.716662,0,-0.027307,-0.046412,0.450601,nan,nan,nan,nan,nan,nan,-3.016794,0.041755,-0.833502,nan,nan,nan,nan,nan,nan
2026-05-04 09:18:46.734704,0,-0.038212,-0.046235,0.447381,nan,nan,nan,nan,nan,nan,-3.02268,0.041315,-0.789679,nan,nan,nan,nan,nan,nan
2026-05-04 09:18:46.751879,0,-0.048822,-0.046041,0.443008,nan,nan,nan,nan,nan,nan,-3.034669,0.03653,-0.773851,nan,nan,nan,nan,nan,nan
2026-05-04 09:18:46.769899,0,-0.059462,-0.045805,0.437931,nan,nan,nan,nan,nan,nan,-3.030369,0.028865,-0.732739,nan,nan,nan,nan,nan,nan
2026-05-04 09:18:46.787795,0,-0.064966,-0.045731,0.436343,nan,nan,nan,nan,nan,nan,-3.02962,0.027683,-0.718368,nan,nan,nan,nan,nan,nan
2026-05-04 09:18:46.806494,0,-0.075741,-0.045449,0.430607,nan,nan,nan,nan,nan,nan,-3.043533,0.029658,-0.676419,nan,nan,nan,nan,nan,nan
2026-05-04 09:18:46.823744,0,-0.086631,-0.045165,0.424638,nan,nan,nan,nan,nan,nan,-3.035977,0.022234,-0.652723,nan,nan,nan,nan,nan,nan
2026-05-04 09:18:46.841992,0,-0.09616,-0.044829,0.417909,nan,nan,nan,nan,nan,nan,-3.064004,0.032015,-0.656176,nan,nan,nan,nan,nan,nan
2026-05-04 09:18:46.860296,0,-0.10115,-0.044765,0.416362,nan,nan,nan,nan,nan,nan,-3.035892,0.022569,-0.614543,nan,nan,nan,nan,nan,nan
2026-05-04 09:18:46.879385,0,-0.110841,-0.044645,0.411952,nan,nan,nan,nan,nan,nan,-2.968102,-0.023998,-0.210588,nan,nan,nan,nan,nan,nan
2026-05-04 09:18:46.897580,0,-0.118152,-0.044561,0.407688,nan,nan,nan,nan,nan,nan,-3.074284,0.00992,-0.516146,nan,nan,nan,nan,nan,nan
2026-05-04 09:18:46.915502,0,-0.12462,-0.04451,0.402623,nan,nan,nan,nan,nan,nan,3.056579,-0.035867,0.62744,nan,nan,nan,nan,nan,nan
2026-05-04 09:18:46.933937,0,-0.130828,-0.044509,0.398825,nan,nan,nan,nan,nan,nan,3.078504,-0.031821,0.598031,nan,nan,nan,nan,nan,nan
2026-05-04 09:18:46.957269,0,-0.136476,-0.044413,0.395112,nan,nan,nan,nan,nan,nan,-3.0428,0.008943,-0.486364,nan,nan,nan,nan,nan,nan
2026-05-04 09:18:46.975314,0,-0.141003,-0.044163,0.390098,nan,nan,nan,nan,nan,nan,-3.056923,0.007534,-0.412061,nan,nan,nan,nan,nan,nan
2026-05-04 09:18:46.993776,0,-0.143948,-0.04384,0.383335,nan,nan,nan,nan,nan,nan,-3.083734,0.004738,-0.336598,nan,nan,nan,nan,nan,nan
2026-05-04 09:18:47.012252,0,-0.145433,-0.043602,0.376716,nan,nan,nan,nan,nan,nan,-3.105387,0.00378,-0.297621,nan,nan,nan,nan,nan,nan
2026-05-04 09:18:47.030806,0,-0.147183,-0.043282,0.372283,nan,nan,nan,nan,nan,nan,-3.108593,0.007241,-0.289416,nan,nan,nan,nan,nan,nan
2026-05-04 09:18:47.048958,0,-0.147482,-0.042987,0.366786,nan,nan,nan,nan,nan,nan,-3.121619,0.007869,-0.270877,nan,nan,nan,nan,nan,nan
2026-05-04 09:18:47.067862,0,-0.148179,-0.043008,0.366197,nan,nan,nan,nan,nan,nan,-3.06798,0.000251,-0.281144,nan,nan,nan,nan,nan,nan
2026-05-04 09:18:47.086455,0,-0.148181,-0.043274,0.363449,nan,nan,nan,nan,nan,nan,-3.057094,-0.013003,-0.303148,nan,nan,nan,nan,nan,nan
2026-05-04 09:18:47.104773,0,-0.145819,-0.04302,0.358035,nan,nan,nan,nan,nan,nan,-3.085748,-0.011867,-0.291121,nan,nan,nan,nan,nan,nan
2026-05-04 09:18:47.123363,0,-0.144101,-0.04332,0.35468,nan,nan,nan,nan,nan,nan,-3.064037,-0.021413,-0.312644,nan,nan,nan,nan,nan,nan
2026-05-04 09:18:47.142142,0,-0.141767,-0.043473,0.349735,nan,nan,nan,nan,nan,nan,-3.073276,-0.027353,-0.290731,nan,nan,nan,nan,nan,nan
2026-05-04 09:18:47.159543,0,-0.139824,-0.04235,0.345003,nan,nan,nan,nan,nan,nan,-3.059152,-0.012168,-0.300188,nan,nan,nan,nan,nan,nan
2026-05-04 09:18:47.178209,0,-0.13845,-0.042325,0.341891,nan,nan,nan,nan,nan,nan,-3.104656,0.003307,-0.272576,nan,nan,nan,nan,nan,nan
2026-05-04 09:18:47.196676,0,-0.135639,-0.042087,0.337473,nan,nan,nan,nan,nan,nan,-3.091884,-0.005872,-0.239558,nan,nan,nan,nan,nan,nan
2026-05-04 09:18:47.215736,0,-0.132975,-0.041924,0.333392,nan,nan,nan,nan,nan,nan,-3.081482,-0.003628,-0.260361,nan,nan,nan,nan,nan,nan
2026-05-04 09:18:47.234246,0,-0.129313,-0.041935,0.32849,nan,nan,nan,nan,nan,nan,-3.116783,-0.00602,-0.271851,nan,nan,nan,nan,nan,nan
2026-05-04 09:18:47.253109,0,-0.127571,-0.041978,0.326952,nan,nan,nan,nan,nan,nan,-3.090537,-0.020126,-0.244276,nan,nan,nan,nan,nan,nan
2026-05-04 09:18:47.272244,0,-0.122448,-0.041626,0.32181,nan,nan,nan,nan,nan,nan,-3.089084,-0.018138,-0.231223,nan,nan,nan,nan,nan,nan
2026-05-04 09:18:47.290807,0,-0.117722,-0.041154,0.31761,nan,nan,nan,nan,nan,nan,-3.102778,-0.010974,-0.218981,nan,nan,nan,nan,nan,nan
2026-05-04 09:18:47.309115,0,-0.114987,-0.041136,0.315888,nan,nan,nan,nan,nan,nan,-3.096882,-0.008092,-0.240764,nan,nan,nan,nan,nan,nan
2026-05-04 09:18:47.328069,0,-0.108808,-0.040867,0.312262,nan,nan,nan,nan,nan,nan,-3.11657,-0.002427,-0.20237,nan,nan,nan,nan,nan,nan
2026-05-04 09:18:47.346444,0,-0.102055,-0.040556,0.307929,nan,nan,nan,nan,nan,nan,3.133097,-0.005806,0.193704,nan,nan,nan,nan,nan,nan
2026-05-04 09:18:47.365265,0,-0.095211,-0.040544,0.307092,nan,nan,nan,nan,nan,nan,-3.100987,-0.001986,-0.205484,nan,nan,nan,nan,nan,nan
2026-05-04 09:18:47.385252,0,-0.086528,-0.040463,0.304882,nan,nan,nan,nan,nan,nan,-3.109298,-0.005625,-0.258793,nan,nan,nan,nan,nan,nan
2026-05-04 09:18:47.404867,0,-0.077584,-0.040561,0.304274,nan,nan,nan,nan,nan,nan,-3.058405,-0.013703,-0.317711,nan,nan,nan,nan,nan,nan
2026-05-04 09:18:47.423766,0,-0.068531,-0.040406,0.302535,nan,nan,nan,nan,nan,nan,-3.050413,0.006765,-0.433308,nan,nan,nan,nan,nan,nan
2026-05-04 09:18:47.442237,0,-0.059172,-0.040171,0.301652,nan,nan,nan,nan,nan,nan,-2.981165,-0.006509,-0.390435,nan,nan,nan,nan,nan,nan
2026-05-04 09:18:47.470551,0,-0.048732,-0.040288,0.300253,nan,nan,nan,nan,nan,nan,-3.063736,-0.003353,-0.384791,nan,nan,nan,nan,nan,nan
2026-05-04 09:18:47.493725,0,-0.037831,-0.040166,0.300175,nan,nan,nan,nan,nan,nan,-3.04636,0.005787,-0.422365,nan,nan,nan,nan,nan,nan
2026-05-04 09:18:47.525698,0,-0.020919,-0.040081,0.299192,nan,nan,nan,nan,nan,nan,-3.077962,0.013651,-0.452478,nan,nan,nan,nan,nan,nan
2026-05-04 09:18:47.544822,0,-0.003352,-0.040084,0.298995,nan,nan,nan,nan,nan,nan,-3.058419,0.008065,-0.508365,nan,nan,nan,nan,nan,nan
2026-05-04 09:18:47.564559,0,0.009168,-0.039879,0.298688,nan,nan,nan,nan,nan,nan,-3.085323,0.012637,-0.530846,nan,nan,nan,nan,nan,nan
2026-05-04 09:18:47.584284,0,0.02233,-0.040141,0.300564,nan,nan,nan,nan,nan,nan,-3.060104,0.015722,-0.558407,nan,nan,nan,nan,nan,nan
2026-05-04 09:18:47.603562,0,0.035245,-0.040235,0.30165,nan,nan,nan,nan,nan,nan,-3.057731,0.0184,-0.587168,nan,nan,nan,nan,nan,nan
2026-05-04 09:18:47.622210,0,0.049118,-0.040243,0.303358,nan,nan,nan,nan,nan,nan,-3.046143,0.020327,-0.636673,nan,nan,nan,nan,nan,nan
2026-05-04 09:18:47.641207,0,0.06349,-0.040416,0.304786,nan,nan,nan,nan,nan,nan,-3.032084,0.021128,-0.68395,nan,nan,nan,nan,nan,nan
2026-05-04 09:18:47.659672,0,0.077352,-0.040448,0.306876,nan,nan,nan,nan,nan,nan,-3.035072,0.017113,-0.712413,nan,nan,nan,nan,nan,nan
2026-05-04 09:18:47.678653,0,0.08429,-0.040401,0.307693,nan,nan,nan,nan,nan,nan,-3.03054,0.015197,-0.723365,nan,nan,nan,nan,nan,nan
2026-05-04 09:18:47.697474,0,0.098683,-0.040987,0.311581,nan,nan,nan,-0.03104,-0.044929,0.456593,-3.021868,0.010195,-0.75393,nan,nan,nan,-2.622682,-0.022478,1.694326
2026-05-04 09:18:47.716093,0,0.112368,-0.040759,0.314352,nan,nan,nan,-0.020123,-0.044916,0.457438,-3.00705,0.014657,-0.792242,nan,nan,nan,-2.64932,-0.01912,1.654932
2026-05-04 09:18:47.734295,0,0.125777,-0.040703,0.317288,nan,nan,nan,-0.009789,-0.044268,0.455964,-2.998362,0.024457,-0.838597,nan,nan,nan,-2.657669,-0.019553,1.609012
2026-05-04 09:18:47.751968,0,0.14039,-0.041312,0.322759,nan,nan,nan,0.001015,-0.044679,0.457781,-2.985629,0.024609,-0.866133,nan,nan,nan,-2.686421,-0.012473,1.575068
2026-05-04 09:18:47.770515,0,0.153206,-0.04124,0.325729,nan,nan,nan,0.011224,-0.044484,0.45802,-2.977877,0.028898,-0.922384,nan,nan,nan,-2.702975,-0.007259,1.526424
2026-05-04 09:18:47.788099,0,0.160012,-0.041416,0.328331,nan,nan,nan,0.016308,-0.044729,0.458399,-2.972151,0.019164,-0.929635,nan,nan,nan,-2.723734,-0.003726,1.513817
2026-05-04 09:18:47.805320,0,0.172713,-0.041537,0.332658,nan,nan,nan,0.026311,-0.04453,0.458583,-2.957599,0.021905,-0.971422,nan,nan,nan,-2.750694,-0.014299,1.476413
2026-05-04 09:18:47.823054,0,0.185778,-0.042031,0.338166,nan,nan,nan,0.036247,-0.044807,0.460288,-2.946954,0.031821,-1.014087,nan,nan,nan,-2.77254,-0.009159,1.447876
2026-05-04 09:18:47.841564,0,0.19157,-0.042079,0.340002,nan,nan,nan,0.041386,-0.045075,0.462941,-2.941822,0.029484,-1.036143,nan,nan,nan,-2.763947,-0.010703,1.452431
2026-05-04 09:18:47.859396,0,0.209715,-0.042369,0.347994,nan,nan,nan,0.055288,-0.044093,0.461823,-2.923664,0.039871,-1.089284,nan,nan,nan,-2.80844,-0.00663,1.380789
2026-05-04 09:18:47.877181,0,0.214799,-0.042282,0.349444,nan,nan,nan,0.059995,-0.044254,0.463197,-2.915142,0.035354,-1.108222,nan,nan,nan,-2.820012,-0.005887,1.358667
2026-05-04 09:18:47.895312,0,nan,nan,nan,nan,nan,nan,0.06453,-0.044328,0.463828,nan,nan,nan,nan,nan,nan,-2.820715,0.000699,1.342601
2026-05-04 09:18:47.913410,0,nan,nan,nan,nan,nan,nan,0.072919,-0.044854,0.466352,nan,nan,nan,nan,nan,nan,-2.843877,0.004056,1.321442
2026-05-04 09:18:47.931535,0,nan,nan,nan,nan,nan,nan,0.084643,-0.045063,0.470426,nan,nan,nan,nan,nan,nan,-2.864557,0.007951,1.247552
2026-05-04 09:18:47.949364,0,nan,nan,nan,nan,nan,nan,0.091417,-0.04514,0.47244,nan,nan,nan,nan,nan,nan,-2.887846,0.009243,1.21622
2026-05-04 09:18:47.973873,0,nan,nan,nan,nan,nan,nan,0.094709,-0.045242,0.474365,nan,nan,nan,nan,nan,nan,-2.876862,0.011936,1.223731
2026-05-04 09:18:47.994158,0,nan,nan,nan,nan,nan,nan,0.102804,-0.045028,0.477196,nan,nan,nan,nan,nan,nan,-2.879579,0.012975,1.147362
2026-05-04 09:18:48.018327,0,nan,nan,nan,nan,nan,nan,0.106935,-0.045136,0.47977,nan,nan,nan,nan,nan,nan,-2.896718,0.012751,1.114678
2026-05-04 09:18:48.036765,0,nan,nan,nan,nan,nan,nan,0.110362,-0.045359,0.482528,nan,nan,nan,nan,nan,nan,-2.946146,0.000694,1.073444
2026-05-04 09:18:48.055064,0,nan,nan,nan,nan,nan,nan,0.113105,-0.045435,0.48671,nan,nan,nan,nan,nan,nan,-2.934592,0.002202,1.044709
2026-05-04 09:18:48.073566,0,nan,nan,nan,nan,nan,nan,0.115207,-0.0456,0.492497,nan,nan,nan,nan,nan,nan,-2.940805,0.008446,1.024753
2026-05-04 09:18:48.091150,0,nan,nan,nan,nan,nan,nan,0.115559,-0.045699,0.494757,nan,nan,nan,nan,nan,nan,-2.922116,0.012236,1.024288
2026-05-04 09:18:48.108478,0,nan,nan,nan,nan,nan,nan,0.115459,-0.045924,0.49835,nan,nan,nan,nan,nan,nan,-2.915087,0.026056,0.961133
2026-05-04 09:18:48.126799,0,nan,nan,nan,nan,nan,nan,0.115327,-0.046049,0.501416,nan,nan,nan,nan,nan,nan,-2.928757,0.018349,0.968573
2026-05-04 09:18:48.144674,0,nan,nan,nan,nan,nan,nan,0.113439,-0.046079,0.504894,nan,nan,nan,nan,nan,nan,-2.960858,0.009979,0.95646
2026-05-04 09:18:48.162404,0,nan,nan,nan,nan,nan,nan,0.11149,-0.046009,0.509547,nan,nan,nan,nan,nan,nan,-2.968068,0.015106,0.950987
2026-05-04 09:18:48.180598,0,nan,nan,nan,nan,nan,nan,0.108449,-0.046143,0.51342,nan,nan,nan,nan,nan,nan,-2.978109,0.009977,0.94907
2026-05-04 09:18:48.198346,0,nan,nan,nan,nan,nan,nan,0.106869,-0.046268,0.515845,nan,nan,nan,nan,nan,nan,-2.960677,0.020128,0.936778
2026-05-04 09:18:48.215928,0,nan,nan,nan,nan,nan,nan,0.102641,-0.046764,0.519099,nan,nan,nan,nan,nan,nan,-2.967966,0.000649,0.957293
2026-05-04 09:18:48.234264,0,nan,nan,nan,nan,nan,nan,0.097614,-0.046883,0.521462,nan,nan,nan,nan,nan,nan,-2.981562,0.001236,0.92976
2026-05-04 09:18:48.251831,0,nan,nan,nan,nan,nan,nan,0.093316,-0.047215,0.526703,nan,nan,nan,nan,nan,nan,-2.953854,0.004057,0.922923
2026-05-04 09:18:48.269412,0,nan,nan,nan,nan,nan,nan,0.08812,-0.047206,0.528736,nan,nan,nan,nan,nan,nan,-2.995315,0.002002,0.904013
2026-05-04 09:18:48.286815,0,nan,nan,nan,nan,nan,nan,0.085888,-0.047344,0.53176,nan,nan,nan,nan,nan,nan,-2.989158,0.012005,0.882224
2026-05-04 09:18:48.304930,0,nan,nan,nan,nan,nan,nan,0.080917,-0.047556,0.534884,nan,nan,nan,nan,nan,nan,-2.980453,0.009773,0.886909
2026-05-04 09:18:48.322700,0,nan,nan,nan,nan,nan,nan,0.075557,-0.047766,0.538469,nan,nan,nan,nan,nan,nan,-2.947424,0.009264,0.881601
2026-05-04 09:18:48.341059,0,nan,nan,nan,nan,nan,nan,0.070156,-0.047931,0.542114,nan,nan,nan,nan,nan,nan,-2.97182,0.002597,0.86779
2026-05-04 09:18:48.362513,0,nan,nan,nan,nan,nan,nan,0.06751,-0.048033,0.544512,nan,nan,nan,nan,nan,nan,-2.99051,-0.000616,0.857841
2026-05-04 09:18:48.380426,0,nan,nan,nan,nan,nan,nan,0.059256,-0.048078,0.550793,nan,nan,nan,nan,nan,nan,-2.96535,0.022902,0.854013
2026-05-04 09:18:48.397512,0,nan,nan,nan,nan,nan,nan,0.056115,-0.048023,0.551401,nan,nan,nan,nan,nan,nan,-3.00245,0.010396,0.866267
2026-05-04 09:18:48.415496,0,nan,nan,nan,nan,nan,nan,0.050373,-0.048485,0.555502,nan,nan,nan,nan,nan,nan,-2.967377,0.010284,0.842823
2026-05-04 09:18:48.433041,0,nan,nan,nan,nan,nan,nan,0.044204,-0.048667,0.558719,nan,nan,nan,nan,nan,nan,-2.984951,0.002696,0.853426
2026-05-04 09:18:48.450408,0,nan,nan,nan,nan,nan,nan,0.037916,-0.048588,0.561129,nan,nan,nan,nan,nan,nan,-2.982803,0.004371,0.87874
2026-05-04 09:18:48.470712,0,nan,nan,nan,nan,nan,nan,0.034994,-0.04846,0.563003,nan,nan,nan,nan,nan,nan,-3.000678,0.011216,0.867707
2026-05-04 09:18:48.487676,0,nan,nan,nan,nan,nan,nan,0.028631,-0.048447,0.563969,nan,nan,nan,nan,nan,nan,-3.007822,0.0033,0.900839
2026-05-04 09:18:48.505113,0,nan,nan,nan,nan,nan,nan,0.022471,-0.048959,0.568766,nan,nan,nan,nan,nan,nan,-2.97223,0.008942,0.888718
2026-05-04 09:18:48.522685,0,nan,nan,nan,nan,nan,nan,0.015835,-0.049145,0.572646,nan,nan,nan,nan,nan,nan,-2.951965,0.014319,0.902114
2026-05-04 09:18:48.539891,0,nan,nan,nan,nan,nan,nan,0.008923,-0.048908,0.573806,nan,nan,nan,nan,nan,nan,-2.959126,0.015166,0.927747
2026-05-04 09:18:48.557413,0,nan,nan,nan,nan,nan,nan,0.005365,-0.048839,0.574884,nan,nan,nan,nan,nan,nan,-2.96258,0.015351,0.930775
2026-05-04 09:18:48.576781,0,nan,nan,nan,nan,nan,nan,-0.001666,-0.049204,0.576739,nan,nan,nan,nan,nan,nan,-2.9494,0.013422,0.959614
2026-05-04 09:18:48.595446,0,nan,nan,nan,nan,nan,nan,-0.009087,-0.049405,0.575868,nan,nan,nan,nan,nan,nan,-2.926487,0.001609,0.982773
2026-05-04 09:18:48.614410,0,nan,nan,nan,nan,nan,nan,-0.016882,-0.049529,0.57742,nan,nan,nan,nan,nan,nan,-2.918686,-0.003668,1.016365
2026-05-04 09:18:48.632418,0,0.154433,-0.049225,0.508967,nan,nan,nan,-0.024679,-0.049603,0.579056,-2.751432,0.064939,-1.439018,nan,nan,nan,-2.915599,-0.001582,1.041687
2026-05-04 09:18:48.650614,0,0.145125,-0.049035,0.506434,nan,nan,nan,-0.032467,-0.050204,0.581156,-2.762804,0.058007,-1.404691,nan,nan,nan,-2.918723,0.008809,1.055585
2026-05-04 09:18:48.668566,0,nan,nan,nan,nan,nan,nan,-0.036728,-0.050049,0.581239,nan,nan,nan,nan,nan,nan,-2.927997,0.005606,1.073594
2026-05-04 09:18:48.686588,0,nan,nan,nan,nan,nan,nan,-0.044615,-0.050525,0.583994,nan,nan,nan,nan,nan,nan,-2.921915,0.00436,1.076733
2026-05-04 09:18:48.704727,0,0.121939,-0.048829,0.501622,nan,nan,nan,-0.053082,-0.05075,0.586442,-2.79545,0.061632,-1.350687,nan,nan,nan,-2.895276,-0.001632,1.122345
2026-05-04 09:18:48.722892,0,0.110473,-0.048479,0.497185,nan,nan,nan,-0.061819,-0.050221,0.58673,-2.805626,0.058804,-1.310458,nan,nan,nan,-2.873915,0.005584,1.153864
2026-05-04 09:18:48.739730,0,0.100563,-0.048491,0.495345,nan,nan,nan,-0.069837,-0.049783,0.583951,-2.842203,0.054469,-1.284764,nan,nan,nan,-2.8715,-0.016526,1.197704
2026-05-04 09:18:48.756717,0,0.096347,-0.048599,0.495307,nan,nan,nan,nan,nan,nan,-2.840094,0.039637,-1.268275,nan,nan,nan,nan,nan,nan
2026-05-04 09:18:48.774803,0,0.084892,-0.048323,0.489617,nan,nan,nan,nan,nan,nan,-2.851736,0.039199,-1.239199,nan,nan,nan,nan,nan,nan
2026-05-04 09:18:48.797657,0,0.075219,-0.048329,0.489691,nan,nan,nan,-0.091899,-0.050779,0.589663,-2.859222,0.038574,-1.205166,nan,nan,nan,-2.849074,0.005437,1.262541
2026-05-04 09:18:48.816201,0,0.064478,-0.048009,0.486231,nan,nan,nan,-0.099933,-0.049976,0.588449,-2.87989,0.057235,-1.167109,nan,nan,nan,-2.815759,-0.010788,1.290944
2026-05-04 09:18:48.834381,0,0.055024,-0.048069,0.485755,nan,nan,nan,-0.107836,-0.04999,0.588827,-2.896031,0.055028,-1.154162,nan,nan,nan,-2.800177,-0.005018,1.312446
2026-05-04 09:18:48.852479,0,0.044866,-0.047982,0.482978,nan,nan,nan,-0.115916,-0.050325,0.588439,-2.902405,0.036349,-1.104793,nan,nan,nan,-2.805279,-0.011478,1.354355
2026-05-04 09:18:48.870870,0,0.033531,-0.047866,0.480148,nan,nan,nan,-0.124413,-0.050381,0.590276,-2.909403,0.032194,-1.068634,nan,nan,nan,-2.773536,0.002112,1.383665
2026-05-04 09:18:48.889079,0,0.027689,-0.047622,0.475173,nan,nan,nan,-0.128943,-0.051225,0.5929,-2.92055,0.038683,-1.059866,nan,nan,nan,-2.767355,-0.026729,1.418659
2026-05-04 09:18:48.906285,0,0.016688,-0.047356,0.471845,nan,nan,nan,nan,nan,nan,-2.946877,0.047359,-1.014394,nan,nan,nan,nan,nan,nan
2026-05-04 09:18:48.924819,0,0.005924,-0.047208,0.467889,nan,nan,nan,nan,nan,nan,-2.946044,0.037674,-0.960632,nan,nan,nan,nan,nan,nan
2026-05-04 09:18:48.942688,0,-0.003533,-0.047054,0.463736,nan,nan,nan,nan,nan,nan,-2.976716,0.037543,-0.953214,nan,nan,nan,nan,nan,nan
2026-05-04 09:18:48.960458,0,-0.012595,-0.046863,0.459522,nan,nan,nan,nan,nan,nan,-2.952719,0.029133,-0.930012,nan,nan,nan,nan,nan,nan
2026-05-04 09:18:48.981070,0,-0.01736,-0.046637,0.455081,nan,nan,nan,nan,nan,nan,-2.994895,0.039933,-0.927594,nan,nan,nan,nan,nan,nan
2026-05-04 09:18:48.998575,0,-0.027243,-0.046478,0.451606,nan,nan,nan,nan,nan,nan,-2.96973,0.024421,-0.874259,nan,nan,nan,nan,nan,nan
2026-05-04 09:18:49.018020,0,-0.037501,-0.046249,0.447009,nan,nan,nan,nan,nan,nan,-3.000263,0.02898,-0.822827,nan,nan,nan,nan,nan,nan
2026-05-04 09:18:49.036210,0,-0.047494,-0.046027,0.442167,nan,nan,nan,nan,nan,nan,-3.013739,0.023522,-0.76369,nan,nan,nan,nan,nan,nan
2026-05-04 09:18:49.059242,0,-0.056341,-0.045696,0.435401,nan,nan,nan,nan,nan,nan,-3.024274,0.022511,-0.741167,nan,nan,nan,nan,nan,nan
2026-05-04 09:18:49.077701,0,-0.065565,-0.045459,0.430518,nan,nan,nan,nan,nan,nan,-3.03474,0.020279,-0.685482,nan,nan,nan,nan,nan,nan
2026-05-04 09:18:49.096376,0,-0.07387,-0.045302,0.426694,nan,nan,nan,nan,nan,nan,-3.025562,0.021583,-0.671494,nan,nan,nan,nan,nan,nan
2026-05-04 09:18:49.114823,0,-0.080073,-0.044943,0.419903,nan,nan,nan,nan,nan,nan,-3.014049,0.007953,-0.613066,nan,nan,nan,nan,nan,nan
2026-05-04 09:18:49.132439,0,-0.086385,-0.044649,0.41345,nan,nan,nan,nan,nan,nan,-3.049438,0.018525,-0.6112,nan,nan,nan,nan,nan,nan
2026-05-04 09:18:49.151106,0,-0.09375,-0.045067,0.411767,nan,nan,nan,nan,nan,nan,3.086708,-0.01783,0.567094,nan,nan,nan,nan,nan,nan
2026-05-04 09:18:49.169864,0,-0.096225,-0.044761,0.406492,nan,nan,nan,nan,nan,nan,3.079329,-0.022368,0.573295,nan,nan,nan,nan,nan,nan
2026-05-04 09:18:49.190900,0,-0.101657,-0.044692,0.401419,nan,nan,nan,nan,nan,nan,3.097268,-0.033096,0.479667,nan,nan,nan,nan,nan,nan
2026-05-04 09:18:49.210068,0,-0.105909,-0.044404,0.395724,nan,nan,nan,nan,nan,nan,3.101411,-0.030008,0.490346,nan,nan,nan,nan,nan,nan
2026-05-04 09:18:49.229443,0,-0.109475,-0.044011,0.3894,nan,nan,nan,nan,nan,nan,3.087989,-0.03664,0.496232,nan,nan,nan,nan,nan,nan
2026-05-04 09:18:49.249708,0,-0.112028,-0.043229,0.383363,nan,nan,nan,nan,nan,nan,-2.913234,-0.032536,-0.346205,nan,nan,nan,nan,nan,nan
2026-05-04 09:18:49.268876,0,-0.113069,-0.043399,0.375737,nan,nan,nan,nan,nan,nan,3.10664,-0.006841,0.313893,nan,nan,nan,nan,nan,nan
2026-05-04 09:18:49.288309,0,-0.11448,-0.043424,0.372884,nan,nan,nan,nan,nan,nan,-3.072533,0.009301,-0.48967,nan,nan,nan,nan,nan,nan
2026-05-04 09:18:49.307971,0,-0.115639,-0.043101,0.368639,nan,nan,nan,nan,nan,nan,-3.034352,0.015291,-0.516469,nan,nan,nan,nan,nan,nan
2026-05-04 09:18:49.327332,0,-0.114651,-0.042947,0.362839,nan,nan,nan,nan,nan,nan,-3.085761,0.005974,-0.433449,nan,nan,nan,nan,nan,nan
2026-05-04 09:18:49.346258,0,-0.113826,-0.042592,0.358506,nan,nan,nan,nan,nan,nan,-3.060216,0.012405,-0.428736,nan,nan,nan,nan,nan,nan
2026-05-04 09:18:49.364677,0,-0.112019,-0.042483,0.353952,nan,nan,nan,nan,nan,nan,-3.063827,0.013684,-0.527841,nan,nan,nan,nan,nan,nan
2026-05-04 09:18:49.385871,0,-0.109689,-0.043049,0.350426,nan,nan,nan,nan,nan,nan,-3.08226,-0.00774,-0.430134,nan,nan,nan,nan,nan,nan
2026-05-04 09:18:49.406410,0,-0.107275,-0.042673,0.345563,nan,nan,nan,nan,nan,nan,3.119451,0.000596,0.370231,nan,nan,nan,nan,nan,nan
2026-05-04 09:18:49.425170,0,-0.105759,-0.042256,0.34238,nan,nan,nan,nan,nan,nan,-3.074151,0.006013,-0.436713,nan,nan,nan,nan,nan,nan
2026-05-04 09:18:49.444821,0,-0.10274,-0.041951,0.336798,nan,nan,nan,nan,nan,nan,-3.109871,-0.000785,-0.346989,nan,nan,nan,nan,nan,nan
2026-05-04 09:18:49.463071,0,-0.099858,-0.041714,0.332115,nan,nan,nan,nan,nan,nan,3.120675,-0.001797,0.326388,nan,nan,nan,nan,nan,nan
2026-05-04 09:18:49.482723,0,-0.097869,-0.041558,0.330469,nan,nan,nan,nan,nan,nan,-3.066592,0.004801,-0.45113,nan,nan,nan,nan,nan,nan
2026-05-04 09:18:49.502294,0,-0.094506,-0.041401,0.326796,nan,nan,nan,nan,nan,nan,-3.042813,-0.010995,-0.358567,nan,nan,nan,nan,nan,nan
2026-05-04 09:18:49.520930,0,-0.090783,-0.041246,0.323019,nan,nan,nan,nan,nan,nan,-3.081173,-0.009307,-0.313156,nan,nan,nan,nan,nan,nan
2026-05-04 09:18:49.539374,0,-0.088579,-0.041222,0.320769,nan,nan,nan,nan,nan,nan,-3.102937,-0.002399,-0.288615,nan,nan,nan,nan,nan,nan
2026-05-04 09:18:49.557909,0,-0.083935,-0.041109,0.317624,nan,nan,nan,nan,nan,nan,-3.100707,-0.004225,-0.275858,nan,nan,nan,nan,nan,nan
2026-05-04 09:18:49.576414,0,-0.079472,-0.041002,0.316329,nan,nan,nan,nan,nan,nan,-3.072452,-0.00206,-0.31623,nan,nan,nan,nan,nan,nan
2026-05-04 09:18:49.595220,0,-0.073357,-0.040764,0.312536,nan,nan,nan,nan,nan,nan,-3.128699,0.001921,-0.264795,nan,nan,nan,nan,nan,nan
2026-05-04 09:18:49.614127,0,-0.066557,-0.040783,0.311754,nan,nan,nan,nan,nan,nan,-3.062349,0.00984,-0.418126,nan,nan,nan,nan,nan,nan
2026-05-04 09:18:49.634321,0,-0.059519,-0.040724,0.310619,nan,nan,nan,nan,nan,nan,-3.070362,-0.002877,-0.299049,nan,nan,nan,nan,nan,nan
2026-05-04 09:18:49.652733,0,-0.051346,-0.040491,0.308709,nan,nan,nan,nan,nan,nan,-3.097835,0.002527,-0.372538,nan,nan,nan,nan,nan,nan
2026-05-04 09:18:49.672028,0,-0.04302,-0.040348,0.30726,nan,nan,nan,nan,nan,nan,-3.090007,0.006727,-0.445426,nan,nan,nan,nan,nan,nan
2026-05-04 09:18:49.691907,0,-0.034319,-0.040435,0.307016,nan,nan,nan,nan,nan,nan,-3.091461,0.000457,-0.410086,nan,nan,nan,nan,nan,nan
2026-05-04 09:18:49.711071,0,-0.024922,-0.040434,0.307056,nan,nan,nan,nan,nan,nan,-3.063216,0.005646,-0.496896,nan,nan,nan,nan,nan,nan
2026-05-04 09:18:49.730149,0,-0.01568,-0.040452,0.306749,nan,nan,nan,nan,nan,nan,-3.084429,0.0091,-0.470453,nan,nan,nan,nan,nan,nan
2026-05-04 09:18:49.749815,0,-0.010957,-0.040492,0.307026,nan,nan,nan,nan,nan,nan,-3.070277,0.007356,-0.486904,nan,nan,nan,nan,nan,nan
2026-05-04 09:18:49.770615,0,-0.000865,-0.040484,0.307342,nan,nan,nan,nan,nan,nan,-3.075632,0.009665,-0.500319,nan,nan,nan,nan,nan,nan
2026-05-04 09:18:49.792457,0,0.009653,-0.040457,0.307615,nan,nan,nan,nan,nan,nan,-3.065004,0.010254,-0.536342,nan,nan,nan,nan,nan,nan
2026-05-04 09:18:49.812538,0,0.024953,-0.040364,0.308446,nan,nan,nan,nan,nan,nan,-3.069561,0.021399,-0.598541,nan,nan,nan,nan,nan,nan
2026-05-04 09:18:49.831077,0,0.036358,-0.040163,0.310195,nan,nan,nan,nan,nan,nan,-3.041607,0.024828,-0.629415,nan,nan,nan,nan,nan,nan
2026-05-04 09:18:49.848949,0,0.041607,-0.040106,0.309236,nan,nan,nan,nan,nan,nan,-3.04517,0.030543,-0.639767,nan,nan,nan,nan,nan,nan
2026-05-04 09:18:49.868897,0,0.052893,-0.040221,0.311353,nan,nan,nan,nan,nan,nan,-3.036281,0.024497,-0.659481,nan,nan,nan,nan,nan,nan
2026-05-04 09:18:49.887594,0,0.063997,-0.040266,0.312407,nan,nan,nan,nan,nan,nan,-3.031157,0.027493,-0.697058,nan,nan,nan,nan,nan,nan
2026-05-04 09:18:49.907218,0,0.075358,-0.040376,0.313588,nan,nan,nan,nan,nan,nan,-3.02955,0.023532,-0.712037,nan,nan,nan,nan,nan,nan
2026-05-04 09:18:49.925785,0,0.08626,-0.04042,0.315307,nan,nan,nan,-0.04107,-0.044779,0.462046,-3.020348,0.027381,-0.738444,nan,nan,nan,-2.609151,-0.033486,1.710266
2026-05-04 09:18:49.945131,0,0.097847,-0.040758,0.31726,nan,nan,nan,nan,nan,nan,-3.022679,0.016536,-0.763533,nan,nan,nan,nan,nan,nan
2026-05-04 09:18:49.964011,0,0.108526,-0.040504,0.317168,nan,nan,nan,-0.022857,-0.04439,0.4619,-3.01226,0.028678,-0.785791,nan,nan,nan,-2.639305,-0.014185,1.644668
2026-05-04 09:18:49.982926,0,0.120286,-0.040849,0.319771,nan,nan,nan,-0.013597,-0.044504,0.459176,-3.012839,0.013614,-0.800147,nan,nan,nan,-2.662463,-0.019114,1.624292
2026-05-04 09:18:50.002121,0,0.125734,-0.041007,0.320161,nan,nan,nan,-0.009066,-0.044886,0.459434,-3.001529,0.014885,-0.824951,nan,nan,nan,-2.671295,-0.014658,1.616989
2026-05-04 09:18:50.020350,0,0.141833,-0.040995,0.321904,nan,nan,nan,0.00446,-0.044609,0.459313,-2.994062,0.021139,-0.858389,nan,nan,nan,-2.677361,-0.012437,1.585104
2026-05-04 09:18:50.039815,0,0.147652,-0.041248,0.323484,nan,nan,nan,0.008834,-0.044657,0.458814,-2.989278,0.022707,-0.868918,nan,nan,nan,-2.695464,-0.011067,1.566095
2026-05-04 09:18:50.057488,0,0.157991,-0.041306,0.324205,nan,nan,nan,0.017584,-0.044524,0.458852,-2.988788,0.02554,-0.896108,nan,nan,nan,-2.704642,-0.008528,1.540498
2026-05-04 09:18:50.081678,0,0.168591,-0.04131,0.325892,nan,nan,nan,0.026218,-0.044168,0.456577,-2.976107,0.024416,-0.916431,nan,nan,nan,-2.715752,-0.015703,1.535315
2026-05-04 09:18:50.099689,0,0.184137,-0.041686,0.329134,nan,nan,nan,0.038786,-0.044448,0.456363,-2.96417,0.03019,-0.951639,nan,nan,nan,-2.744346,-0.011547,1.494196
2026-05-04 09:18:50.118509,0,0.18889,-0.041744,0.329633,nan,nan,nan,0.043224,-0.044624,0.456644,-2.961382,0.024888,-0.97097,nan,nan,nan,-2.751501,-0.005743,1.483561
2026-05-04 09:18:50.142060,0,0.199869,-0.042759,0.333381,nan,nan,nan,0.05117,-0.044874,0.455224,-2.955871,0.013423,-1.000726,nan,nan,nan,-2.765126,-0.009806,1.454581
2026-05-04 09:18:50.164531,0,0.21313,-0.04221,0.336969,nan,nan,nan,0.06205,-0.044615,0.456951,-2.93502,0.028569,-1.046853,nan,nan,nan,-2.790603,-0.006104,1.418424
2026-05-04 09:18:50.182673,0,nan,nan,nan,nan,nan,nan,0.068968,-0.044626,0.457219,nan,nan,nan,nan,nan,nan,-2.800846,-0.006408,1.407666
2026-05-04 09:18:50.200617,0,nan,nan,nan,nan,nan,nan,0.075333,-0.044292,0.457462,nan,nan,nan,nan,nan,nan,-2.800881,0.001591,1.363262
2026-05-04 09:18:50.218312,0,nan,nan,nan,nan,nan,nan,0.078024,-0.044102,0.457694,nan,nan,nan,nan,nan,nan,-2.806676,-0.002845,1.363992
2026-05-04 09:18:50.236812,0,nan,nan,nan,nan,nan,nan,0.083604,-0.044308,0.46128,nan,nan,nan,nan,nan,nan,-2.83568,-0.004798,1.305645
2026-05-04 09:18:50.255419,0,nan,nan,nan,nan,nan,nan,0.088263,-0.044198,0.46209,nan,nan,nan,nan,nan,nan,-2.858935,-0.002777,1.284274
2026-05-04 09:18:50.275645,0,nan,nan,nan,nan,nan,nan,0.092556,-0.044433,0.464969,nan,nan,nan,nan,nan,nan,-2.870978,-0.004264,1.244164
2026-05-04 09:18:50.293788,0,nan,nan,nan,nan,nan,nan,0.095954,-0.044624,0.468522,nan,nan,nan,nan,nan,nan,-2.868137,0.007193,1.216157
2026-05-04 09:18:50.312152,0,nan,nan,nan,nan,nan,nan,0.098751,-0.044777,0.472386,nan,nan,nan,nan,nan,nan,-2.888138,0.001693,1.18868
2026-05-04 09:18:50.330594,0,nan,nan,nan,nan,nan,nan,0.10078,-0.044923,0.475461,nan,nan,nan,nan,nan,nan,-2.868982,0.012494,1.169176
2026-05-04 09:18:50.351869,0,nan,nan,nan,nan,nan,nan,0.101574,-0.04506,0.479381,nan,nan,nan,nan,nan,nan,-2.86806,0.009653,1.173983
2026-05-04 09:18:50.369936,0,nan,nan,nan,nan,nan,nan,0.102186,-0.045277,0.484255,nan,nan,nan,nan,nan,nan,-2.89225,0.003477,1.131178
2026-05-04 09:18:50.388187,0,nan,nan,nan,nan,nan,nan,0.10225,-0.045314,0.485166,nan,nan,nan,nan,nan,nan,-2.908404,-0.001048,1.123487
2026-05-04 09:18:50.406454,0,nan,nan,nan,nan,nan,nan,0.101633,-0.045589,0.489934,nan,nan,nan,nan,nan,nan,-2.916845,0.000248,1.09633
2026-05-04 09:18:50.424246,0,nan,nan,nan,nan,nan,nan,0.100659,-0.045807,0.495027,nan,nan,nan,nan,nan,nan,-2.907375,0.007437,1.073977
2026-05-04 09:18:50.442760,0,nan,nan,nan,nan,nan,nan,0.099311,-0.04604,0.499845,nan,nan,nan,nan,nan,nan,-2.890559,0.020004,1.058829
2026-05-04 09:18:50.460133,0,nan,nan,nan,nan,nan,nan,0.09718,-0.046087,0.503047,nan,nan,nan,nan,nan,nan,-2.900804,0.017806,1.051368
2026-05-04 09:18:50.478110,0,nan,nan,nan,nan,nan,nan,0.095974,-0.046222,0.504624,nan,nan,nan,nan,nan,nan,-2.919339,0.008908,1.031649
2026-05-04 09:18:50.496872,0,nan,nan,nan,nan,nan,nan,0.092878,-0.046339,0.509408,nan,nan,nan,nan,nan,nan,-2.935619,0.009952,1.027085
2026-05-04 09:18:50.515262,0,nan,nan,nan,nan,nan,nan,0.089249,-0.046409,0.512444,nan,nan,nan,nan,nan,nan,-2.947362,0.015237,0.983955
2026-05-04 09:18:50.534228,0,nan,nan,nan,nan,nan,nan,0.085308,-0.046483,0.51579,nan,nan,nan,nan,nan,nan,-2.92944,0.013529,1.009247
2026-05-04 09:18:50.552067,0,nan,nan,nan,nan,nan,nan,0.081147,-0.046892,0.519245,nan,nan,nan,nan,nan,nan,-2.936937,0.004923,0.965791
2026-05-04 09:18:50.568908,0,nan,nan,nan,nan,nan,nan,0.076383,-0.047051,0.522723,nan,nan,nan,nan,nan,nan,-2.961549,0.000774,0.961055
2026-05-04 09:18:50.587967,0,nan,nan,nan,nan,nan,nan,0.074411,-0.047243,0.526135,nan,nan,nan,nan,nan,nan,-2.933643,0.000799,0.980616
2026-05-04 09:18:50.605711,0,nan,nan,nan,nan,nan,nan,0.069738,-0.047285,0.529835,nan,nan,nan,nan,nan,nan,-2.952569,0.012661,0.924187
2026-05-04 09:18:50.624285,0,nan,nan,nan,nan,nan,nan,0.064846,-0.047262,0.531684,nan,nan,nan,nan,nan,nan,-2.993126,0.00218,0.936047
2026-05-04 09:18:50.642944,0,nan,nan,nan,nan,nan,nan,0.06007,-0.047562,0.534603,nan,nan,nan,nan,nan,nan,-2.953039,0.010149,0.934169
2026-05-04 09:18:50.661097,0,nan,nan,nan,nan,nan,nan,0.055361,-0.047834,0.540369,nan,nan,nan,nan,nan,nan,-2.919969,0.016403,0.90405
2026-05-04 09:18:50.678429,0,nan,nan,nan,nan,nan,nan,0.052853,-0.047895,0.541356,nan,nan,nan,nan,nan,nan,-2.942506,0.001886,0.909859
2026-05-04 09:18:50.696094,0,nan,nan,nan,nan,nan,nan,0.047864,-0.04795,0.544051,nan,nan,nan,nan,nan,nan,-2.965873,0.001663,0.92337
2026-05-04 09:18:50.714403,0,nan,nan,nan,nan,nan,nan,0.042291,-0.047725,0.545939,nan,nan,nan,nan,nan,nan,3.006003,-0.000158,-0.911419
2026-05-04 09:18:50.731209,0,nan,nan,nan,nan,nan,nan,0.036924,-0.047973,0.551974,nan,nan,nan,nan,nan,nan,-2.954831,0.028546,0.915808
2026-05-04 09:18:50.749670,0,nan,nan,nan,nan,nan,nan,0.034206,-0.048233,0.549668,nan,nan,nan,nan,nan,nan,-2.974248,-0.004255,0.919261
2026-05-04 09:18:50.767250,0,nan,nan,nan,nan,nan,nan,0.028526,-0.048558,0.556384,nan,nan,nan,nan,nan,nan,-2.940173,0.011495,0.922641
2026-05-04 09:18:50.785707,0,nan,nan,nan,nan,nan,nan,0.022966,-0.04857,0.558147,nan,nan,nan,nan,nan,nan,-2.954444,0.011406,0.931877
2026-05-04 09:18:50.803673,0,nan,nan,nan,nan,nan,nan,0.016998,-0.048622,0.560521,nan,nan,nan,nan,nan,nan,-2.974952,-1.9e-05,0.934904
2026-05-04 09:18:50.823319,0,nan,nan,nan,nan,nan,nan,0.010957,-0.048723,0.564793,nan,nan,nan,nan,nan,nan,-2.933499,0.017511,0.965191
2026-05-04 09:18:50.841926,0,nan,nan,nan,nan,nan,nan,0.004641,-0.048951,0.565736,nan,nan,nan,nan,nan,nan,-2.925152,0.012662,0.973478
2026-05-04 09:18:50.860267,0,nan,nan,nan,nan,nan,nan,-0.001691,-0.048935,0.566124,nan,nan,nan,nan,nan,nan,-2.934326,0.003393,1.000172
2026-05-04 09:18:50.877486,0,nan,nan,nan,nan,nan,nan,-0.005307,-0.049138,0.570814,nan,nan,nan,nan,nan,nan,-2.917363,0.00724,1.009045
2026-05-04 09:18:50.894943,0,nan,nan,nan,nan,nan,nan,-0.012583,-0.049153,0.572441,nan,nan,nan,nan,nan,nan,-2.91882,0.002075,1.036852
2026-05-04 09:18:50.919770,0,nan,nan,nan,nan,nan,nan,-0.019993,-0.049209,0.572457,nan,nan,nan,nan,nan,nan,-2.925962,-0.003078,1.058394
2026-05-04 09:18:50.937948,0,0.149332,-0.04859,0.495155,nan,nan,nan,-0.0268,-0.049952,0.574522,-2.781218,0.050645,-1.404495,nan,nan,nan,-2.940063,0.005724,1.086244
2026-05-04 09:18:50.954899,0,0.139847,-0.048148,0.494057,nan,nan,nan,-0.034869,-0.049575,0.576229,-2.783891,0.063959,-1.365521,nan,nan,nan,-2.884174,-0.006519,1.111824
2026-05-04 09:18:50.973532,0,0.135323,-0.048357,0.492872,nan,nan,nan,-0.038549,-0.049953,0.577584,-2.796984,0.059989,-1.345267,nan,nan,nan,-2.880595,0.006969,1.125597
2026-05-04 09:18:50.993103,0,0.122537,-0.048447,0.494024,nan,nan,nan,-0.05019,-0.049599,0.580341,-2.806111,0.055889,-1.314841,nan,nan,nan,-2.852667,-0.004836,1.191475
2026-05-04 09:18:51.011921,0,0.116937,-0.048002,0.490406,nan,nan,nan,-0.054063,-0.049555,0.578811,-2.816907,0.06394,-1.297545,nan,nan,nan,-2.85274,-0.000482,1.176138
2026-05-04 09:18:51.030353,0,0.10335,-0.048323,0.490654,nan,nan,nan,-0.066661,-0.050441,0.584575,-2.836966,0.046562,-1.25261,nan,nan,nan,-2.865604,-0.00396,1.218087
2026-05-04 09:18:51.047728,0,0.098403,-0.048263,0.489954,nan,nan,nan,nan,nan,nan,-2.842928,0.046414,-1.236041,nan,nan,nan,nan,nan,nan
2026-05-04 09:18:51.066312,0,0.086599,-0.047399,0.482525,nan,nan,nan,-0.078772,-0.049755,0.583341,-2.856388,0.05687,-1.206701,nan,nan,nan,-2.825892,-0.008043,1.264113
2026-05-04 09:18:51.084939,0,0.076885,-0.047928,0.484215,nan,nan,nan,-0.087519,-0.049897,0.586686,-2.878788,0.054211,-1.154472,nan,nan,nan,-2.809809,-0.004451,1.290622
2026-05-04 09:18:51.102834,0,0.066889,-0.047865,0.480308,nan,nan,nan,-0.095506,-0.05025,0.586733,-2.904621,0.033356,-1.127997,nan,nan,nan,-2.81096,0.004627,1.31621
2026-05-04 09:18:51.121957,0,0.062184,-0.047776,0.478062,nan,nan,nan,-0.099466,-0.050724,0.588258,-2.902106,0.031659,-1.125041,nan,nan,nan,-2.812662,0.005585,1.338856
2026-05-04 09:18:51.140151,0,0.047293,-0.047688,0.476498,nan,nan,nan,-0.111832,-0.051044,0.592489,-2.909615,0.035207,-1.076005,nan,nan,nan,-2.792003,-0.00565,1.375026
2026-05-04 09:18:51.157934,0,0.041767,-0.047573,0.474309,nan,nan,nan,nan,nan,nan,-2.932921,0.041499,-1.055643,nan,nan,nan,nan,nan,nan
2026-05-04 09:18:51.176916,0,0.031328,-0.047392,0.471509,nan,nan,nan,-0.122144,-0.049998,0.587642,-2.934961,0.040667,-1.0207,nan,nan,nan,-2.739941,-0.006204,1.429913
2026-05-04 09:18:51.196298,0,0.021109,-0.047372,0.470039,nan,nan,nan,-0.130314,-0.050407,0.589708,-2.942019,0.026943,-0.987965,nan,nan,nan,-2.742266,-0.016109,1.48342
2026-05-04 09:18:51.213933,0,0.011021,-0.04744,0.46261,nan,nan,nan,nan,nan,nan,-2.977057,0.027484,-0.959502,nan,nan,nan,nan,nan,nan
2026-05-04 09:18:51.230496,0,0.001418,-0.047463,0.460603,nan,nan,nan,nan,nan,nan,-2.998645,0.025908,-0.935867,nan,nan,nan,nan,nan,nan
2026-05-04 09:18:51.247789,0,-0.003542,-0.047612,0.460671,nan,nan,nan,nan,nan,nan,-2.983244,0.016244,-0.894289,nan,nan,nan,nan,nan,nan
2026-05-04 09:18:51.265231,0,-0.012538,-0.046584,0.453839,nan,nan,nan,nan,nan,nan,-2.985142,0.034401,-0.866628,nan,nan,nan,nan,nan,nan
2026-05-04 09:18:51.283310,0,-0.020947,-0.046385,0.44981,nan,nan,nan,nan,nan,nan,-2.996604,0.031751,-0.840513,nan,nan,nan,nan,nan,nan
2026-05-04 09:18:51.302912,0,-0.028867,-0.046189,0.445657,nan,nan,nan,nan,nan,nan,-2.996703,0.020058,-0.769994,nan,nan,nan,nan,nan,nan
2026-05-04 09:18:51.320799,0,-0.036714,-0.0459,0.439723,nan,nan,nan,nan,nan,nan,-3.002263,0.023008,-0.775617,nan,nan,nan,nan,nan,nan
2026-05-04 09:18:51.338436,0,-0.040303,-0.045717,0.435941,nan,nan,nan,nan,nan,nan,-3.03215,0.025451,-0.743701,nan,nan,nan,nan,nan,nan
2026-05-04 09:18:51.356928,0,-0.048029,-0.045526,0.432037,nan,nan,nan,nan,nan,nan,-2.999848,0.016775,-0.711758,nan,nan,nan,nan,nan,nan
2026-05-04 09:18:51.375880,0,-0.054404,-0.045167,0.424256,nan,nan,nan,nan,nan,nan,-3.043972,0.028373,-0.720619,nan,nan,nan,nan,nan,nan
2026-05-04 09:18:51.393913,0,-0.060379,-0.045116,0.419506,nan,nan,nan,nan,nan,nan,3.068856,-0.020089,0.666992,nan,nan,nan,nan,nan,nan
2026-05-04 09:18:51.411293,0,-0.065763,-0.045452,0.418528,nan,nan,nan,nan,nan,nan,3.079683,-0.015001,0.591671,nan,nan,nan,nan,nan,nan
2026-05-04 09:18:51.428182,0,-0.067946,-0.045417,0.416601,nan,nan,nan,nan,nan,nan,3.08811,-0.018739,0.543231,nan,nan,nan,nan,nan,nan
2026-05-04 09:18:51.447072,0,-0.070822,-0.044786,0.407597,nan,nan,nan,nan,nan,nan,3.048173,-0.027615,0.619345,nan,nan,nan,nan,nan,nan
2026-05-04 09:18:51.466203,0,-0.074323,-0.044943,0.406351,nan,nan,nan,nan,nan,nan,-3.057387,0.002797,-0.485692,nan,nan,nan,nan,nan,nan
2026-05-04 09:18:51.485736,0,-0.076168,-0.044737,0.401935,nan,nan,nan,nan,nan,nan,3.101977,-0.022849,0.487325,nan,nan,nan,nan,nan,nan
2026-05-04 09:18:51.503363,0,-0.076806,-0.044409,0.396542,nan,nan,nan,nan,nan,nan,-3.076388,0.007164,-0.453522,nan,nan,nan,nan,nan,nan
2026-05-04 09:18:51.521292,0,-0.077166,-0.044334,0.393366,nan,nan,nan,nan,nan,nan,-3.093921,0.009115,-0.428127,nan,nan,nan,nan,nan,nan
2026-05-04 09:18:51.539861,0,-0.075568,-0.043983,0.38652,nan,nan,nan,nan,nan,nan,-3.091082,0.013608,-0.494119,nan,nan,nan,nan,nan,nan
2026-05-04 09:18:51.558395,0,-0.075261,-0.043931,0.385466,nan,nan,nan,nan,nan,nan,-3.017427,0.000505,-0.467529,nan,nan,nan,nan,nan,nan
2026-05-04 09:18:51.577672,0,-0.073594,-0.04369,0.381012,nan,nan,nan,nan,nan,nan,-3.091623,0.021119,-0.526175,nan,nan,nan,nan,nan,nan
2026-05-04 09:18:51.598255,0,-0.072491,-0.043535,0.377442,nan,nan,nan,nan,nan,nan,-3.097404,0.000486,-0.348068,nan,nan,nan,nan,nan,nan
2026-05-04 09:18:51.616095,0,-0.071011,-0.043374,0.374118,nan,nan,nan,nan,nan,nan,-3.037976,0.005093,-0.473666,nan,nan,nan,nan,nan,nan
2026-05-04 09:18:51.635008,0,-0.069059,-0.043065,0.368053,nan,nan,nan,nan,nan,nan,-3.082815,0.013669,-0.446573,nan,nan,nan,nan,nan,nan
2026-05-04 09:18:51.653188,0,-0.067276,-0.042779,0.362872,nan,nan,nan,nan,nan,nan,3.096916,-0.027109,0.484306,nan,nan,nan,nan,nan,nan
2026-05-04 09:18:51.670740,0,-0.06517,-0.042988,0.358917,nan,nan,nan,nan,nan,nan,-3.098984,0.001002,-0.478268,nan,nan,nan,nan,nan,nan
2026-05-04 09:18:51.690378,0,-0.063845,-0.043334,0.35756,nan,nan,nan,nan,nan,nan,-3.091148,-0.008571,-0.46082,nan,nan,nan,nan,nan,nan
2026-05-04 09:18:51.708899,0,-0.061502,-0.042691,0.353088,nan,nan,nan,nan,nan,nan,-3.088764,-0.01164,-0.430987,nan,nan,nan,nan,nan,nan
2026-05-04 09:18:51.727582,0,-0.05967,-0.04211,0.348812,nan,nan,nan,nan,nan,nan,-3.053589,0.008684,-0.45644,nan,nan,nan,nan,nan,nan
2026-05-04 09:18:51.746895,0,-0.056909,-0.042265,0.345307,nan,nan,nan,nan,nan,nan,-3.105917,0.003006,-0.434607,nan,nan,nan,nan,nan,nan
2026-05-04 09:18:51.764730,0,-0.053944,-0.042023,0.340612,nan,nan,nan,nan,nan,nan,-3.10059,0.001657,-0.444892,nan,nan,nan,nan,nan,nan
2026-05-04 09:18:51.783964,0,-0.0504,-0.041683,0.33531,nan,nan,nan,nan,nan,nan,-3.091135,0.002411,-0.439773,nan,nan,nan,nan,nan,nan
2026-05-04 09:18:51.803661,0,-0.046497,-0.041576,0.330832,nan,nan,nan,nan,nan,nan,-3.085517,0.001199,-0.430148,nan,nan,nan,nan,nan,nan
2026-05-04 09:18:51.822986,0,-0.041991,-0.041469,0.328529,nan,nan,nan,nan,nan,nan,-3.071887,-0.005487,-0.444209,nan,nan,nan,nan,nan,nan
2026-05-04 09:18:51.841033,0,-0.036489,-0.040892,0.323742,nan,nan,nan,nan,nan,nan,-3.057691,0.003726,-0.439836,nan,nan,nan,nan,nan,nan
2026-05-04 09:18:51.861063,0,-0.033454,-0.040726,0.32113,nan,nan,nan,nan,nan,nan,-3.067896,0.0132,-0.452528,nan,nan,nan,nan,nan,nan
2026-05-04 09:18:51.879955,0,-0.027597,-0.040792,0.317709,nan,nan,nan,nan,nan,nan,-3.097076,0.002795,-0.446512,nan,nan,nan,nan,nan,nan
2026-05-04 09:18:51.901379,0,-0.021173,-0.04084,0.315467,nan,nan,nan,nan,nan,nan,-3.07624,0.004546,-0.453199,nan,nan,nan,nan,nan,nan
2026-05-04 09:18:51.920366,0,-0.013193,-0.040807,0.312931,nan,nan,nan,nan,nan,nan,-3.073739,0.007628,-0.457762,nan,nan,nan,nan,nan,nan
2026-05-04 09:18:51.938557,0,-0.005032,-0.040929,0.310713,nan,nan,nan,nan,nan,nan,-3.074292,0.00082,-0.505863,nan,nan,nan,nan,nan,nan
2026-05-04 09:18:51.960214,0,0.003332,-0.040553,0.308461,nan,nan,nan,nan,nan,nan,-3.073523,0.004584,-0.508864,nan,nan,nan,nan,nan,nan
2026-05-04 09:18:51.980836,0,0.012716,-0.0405,0.307567,nan,nan,nan,nan,nan,nan,-3.056926,0.011756,-0.560913,nan,nan,nan,nan,nan,nan
2026-05-04 09:18:51.999754,0,0.022756,-0.040351,0.306787,nan,nan,nan,nan,nan,nan,-3.062216,0.010673,-0.571569,nan,nan,nan,nan,nan,nan
2026-05-04 09:18:52.018710,0,0.032597,-0.040217,0.306071,nan,nan,nan,nan,nan,nan,-3.056928,0.014478,-0.612123,nan,nan,nan,nan,nan,nan
2026-05-04 09:18:52.038075,0,0.043395,-0.040495,0.30714,nan,nan,nan,nan,nan,nan,-3.05242,0.018846,-0.600945,nan,nan,nan,nan,nan,nan
2026-05-04 09:18:52.056899,0,0.054639,-0.040158,0.306812,nan,nan,nan,nan,nan,nan,-3.048896,0.016825,-0.656816,nan,nan,nan,nan,nan,nan
2026-05-04 09:18:52.076404,0,0.066748,-0.040567,0.308972,nan,nan,nan,nan,nan,nan,-3.035501,0.015189,-0.677423,nan,nan,nan,nan,nan,nan
2026-05-04 09:18:52.094245,0,0.078419,-0.04063,0.310591,nan,nan,nan,nan,nan,nan,-3.030635,0.013882,-0.705253,nan,nan,nan,nan,nan,nan
2026-05-04 09:18:52.111986,0,0.09071,-0.040773,0.312137,nan,nan,nan,nan,nan,nan,-3.024941,0.016525,-0.728748,nan,nan,nan,nan,nan,nan
2026-05-04 09:18:52.128957,0,0.103179,-0.041043,0.314816,nan,nan,nan,nan,nan,nan,-3.024071,0.016977,-0.766439,nan,nan,nan,nan,nan,nan
2026-05-04 09:18:52.147133,0,0.10934,-0.040903,0.316326,nan,nan,nan,nan,nan,nan,-3.018551,0.020566,-0.785585,nan,nan,nan,nan,nan,nan
2026-05-04 09:18:52.165247,0,0.121571,-0.040681,0.318095,nan,nan,nan,nan,nan,nan,-3.009287,0.026052,-0.81188,nan,nan,nan,nan,nan,nan
2026-05-04 09:18:52.182970,0,0.134737,-0.040793,0.321689,nan,nan,nan,-0.001299,-0.044292,0.458387,-2.991051,0.025217,-0.841352,nan,nan,nan,-2.664114,-0.021637,1.611357
2026-05-04 09:18:52.202333,0,0.141541,-0.040854,0.323867,nan,nan,nan,nan,nan,nan,-2.985422,0.02931,-0.862985,nan,nan,nan,nan,nan,nan
2026-05-04 09:18:52.221017,0,0.155087,-0.041398,0.328776,nan,nan,nan,0.01404,-0.044861,0.461431,-2.980661,0.018869,-0.904341,nan,nan,nan,-2.705223,-0.00604,1.551759
2026-05-04 09:18:52.238121,0,0.167896,-0.041465,0.33228,nan,nan,nan,0.024109,-0.044639,0.462024,-2.970563,0.025198,-0.938607,nan,nan,nan,-2.721899,-0.014036,1.512188
2026-05-04 09:18:52.256833,0,0.181512,-0.041969,0.337783,nan,nan,nan,0.034495,-0.044991,0.464839,-2.959745,0.024836,-0.975002,nan,nan,nan,-2.738291,-0.014106,1.514274
2026-05-04 09:18:52.274235,0,0.193925,-0.0421,0.341971,nan,nan,nan,0.044438,-0.044329,0.463288,-2.945443,0.032152,-1.012256,nan,nan,nan,-2.76619,-0.001113,1.43814
2026-05-04 09:18:52.293580,0,0.205308,-0.042141,0.345148,nan,nan,nan,0.05426,-0.04434,0.464387,-2.934439,0.037067,-1.054117,nan,nan,nan,-2.783272,-0.001389,1.405874
2026-05-04 09:18:52.311950,0,0.218748,-0.042898,0.352173,nan,nan,nan,0.06394,-0.044784,0.465162,-2.915532,0.043732,-1.088258,nan,nan,nan,-2.80105,-0.005379,1.393996
2026-05-04 09:18:52.330273,0,0.224341,-0.043126,0.354214,nan,nan,nan,0.068731,-0.045037,0.466723,-2.914016,0.031727,-1.108799,nan,nan,nan,-2.815775,-0.003157,1.372503
2026-05-04 09:18:52.349132,0,nan,nan,nan,nan,nan,nan,0.077341,-0.045263,0.467922,nan,nan,nan,nan,nan,nan,-2.836224,-0.002644,1.327096
2026-05-04 09:18:52.367708,0,nan,nan,nan,nan,nan,nan,0.08594,-0.045023,0.470204,nan,nan,nan,nan,nan,nan,-2.849254,0.005567,1.285591
2026-05-04 09:18:52.392132,0,nan,nan,nan,nan,nan,nan,0.093364,-0.044998,0.471393,nan,nan,nan,nan,nan,nan,-2.864058,0.002834,1.263553
2026-05-04 09:18:52.409401,0,nan,nan,nan,nan,nan,nan,0.099925,-0.044723,0.47242,nan,nan,nan,nan,nan,nan,-2.870127,-4.6e-05,1.230608
2026-05-04 09:18:52.428420,0,nan,nan,nan,nan,nan,nan,0.105957,-0.044809,0.475427,nan,nan,nan,nan,nan,nan,-2.870671,0.012201,1.196248
2026-05-04 09:18:52.447592,0,nan,nan,nan,nan,nan,nan,0.110897,-0.045022,0.478732,nan,nan,nan,nan,nan,nan,-2.8945,0.010447,1.150405
2026-05-04 09:18:52.466311,0,nan,nan,nan,nan,nan,nan,0.115107,-0.04511,0.481537,nan,nan,nan,nan,nan,nan,-2.913392,0.00915,1.110674
2026-05-04 09:18:52.486576,0,nan,nan,nan,nan,nan,nan,0.118318,-0.045222,0.484537,nan,nan,nan,nan,nan,nan,-2.909487,0.019689,1.089143
2026-05-04 09:18:52.507125,0,nan,nan,nan,nan,nan,nan,0.120132,-0.045343,0.487174,nan,nan,nan,nan,nan,nan,-2.94114,0.001945,1.075915
2026-05-04 09:18:52.525411,0,nan,nan,nan,nan,nan,nan,0.121825,-0.045544,0.492541,nan,nan,nan,nan,nan,nan,-2.899259,0.022962,1.054366
2026-05-04 09:18:52.544009,0,nan,nan,nan,nan,nan,nan,0.121602,-0.045611,0.494971,nan,nan,nan,nan,nan,nan,-2.92787,0.003154,1.081192
2026-05-04 09:18:52.562381,0,nan,nan,nan,nan,nan,nan,0.120767,-0.04571,0.498661,nan,nan,nan,nan,nan,nan,-2.948053,0.002428,1.054948
2026-05-04 09:18:52.580762,0,nan,nan,nan,nan,nan,nan,0.120105,-0.046174,0.503431,nan,nan,nan,nan,nan,nan,-2.943952,0.003182,1.007563
2026-05-04 09:18:52.598642,0,nan,nan,nan,nan,nan,nan,0.11855,-0.046187,0.504253,nan,nan,nan,nan,nan,nan,-2.958619,-0.002564,1.005114
2026-05-04 09:18:52.616661,0,nan,nan,nan,nan,nan,nan,0.11639,-0.046387,0.509512,nan,nan,nan,nan,nan,nan,-2.946703,0.012148,0.981709
2026-05-04 09:18:52.634759,0,nan,nan,nan,nan,nan,nan,0.112921,-0.046584,0.513154,nan,nan,nan,nan,nan,nan,-2.964239,0.000857,0.975631
2026-05-04 09:18:52.652968,0,nan,nan,nan,nan,nan,nan,0.108872,-0.046651,0.517857,nan,nan,nan,nan,nan,nan,-2.96193,0.005806,0.988183
2026-05-04 09:18:52.670046,0,nan,nan,nan,nan,nan,nan,0.103817,-0.046538,0.52038,nan,nan,nan,nan,nan,nan,2.987354,-0.002571,-0.965445
2026-05-04 09:18:52.687731,0,nan,nan,nan,nan,nan,nan,0.101372,-0.046738,0.524051,nan,nan,nan,nan,nan,nan,-2.969074,0.003051,0.979346
2026-05-04 09:18:52.705423,0,nan,nan,nan,nan,nan,nan,0.096415,-0.047191,0.527667,nan,nan,nan,nan,nan,nan,-2.965664,0.001145,0.937882
2026-05-04 09:18:52.723775,0,nan,nan,nan,nan,nan,nan,0.090884,-0.04743,0.53147,nan,nan,nan,nan,nan,nan,-2.963204,0.00041,0.957292
2026-05-04 09:18:52.741926,0,nan,nan,nan,nan,nan,nan,0.08518,-0.047596,0.536643,nan,nan,nan,nan,nan,nan,-2.975747,0.003341,0.917756
2026-05-04 09:18:52.758978,0,nan,nan,nan,nan,nan,nan,0.079478,-0.047479,0.540744,nan,nan,nan,nan,nan,nan,-3.000056,0.007172,0.932029
2026-05-04 09:18:52.777098,0,nan,nan,nan,nan,nan,nan,0.076898,-0.047883,0.543106,nan,nan,nan,nan,nan,nan,-2.991413,0.00575,0.899865
2026-05-04 09:18:52.795051,0,nan,nan,nan,nan,nan,nan,0.070918,-0.048171,0.548119,nan,nan,nan,nan,nan,nan,-2.96837,0.008587,0.869796
2026-05-04 09:18:52.813750,0,nan,nan,nan,nan,nan,nan,0.064982,-0.048681,0.552326,nan,nan,nan,nan,nan,nan,3.013551,-0.000267,-0.884208
2026-05-04 09:18:52.830698,0,nan,nan,nan,nan,nan,nan,0.059306,-0.048486,0.556601,nan,nan,nan,nan,nan,nan,-2.9848,0.013751,0.859232
2026-05-04 09:18:52.847537,0,nan,nan,nan,nan,nan,nan,0.056224,-0.048548,0.559022,nan,nan,nan,nan,nan,nan,-2.988968,0.003866,0.883463
2026-05-04 09:18:52.864943,0,nan,nan,nan,nan,nan,nan,0.050123,-0.049154,0.562689,nan,nan,nan,nan,nan,nan,-2.98146,0.00996,0.889355
2026-05-04 09:18:52.882957,0,nan,nan,nan,nan,nan,nan,0.043243,-0.048851,0.563615,nan,nan,nan,nan,nan,nan,-2.988787,-0.002405,0.872134
2026-05-04 09:18:52.900371,0,nan,nan,nan,nan,nan,nan,0.040107,-0.049051,0.568099,nan,nan,nan,nan,nan,nan,-2.960936,0.000759,0.886871
2026-05-04 09:18:52.917678,0,nan,nan,nan,nan,nan,nan,0.033715,-0.049138,0.572411,nan,nan,nan,nan,nan,nan,-2.953103,0.013672,0.891368
2026-05-04 09:18:52.935644,0,nan,nan,nan,nan,nan,nan,0.027496,-0.049159,0.573437,nan,nan,nan,nan,nan,nan,-2.979761,0.004816,0.897434
2026-05-04 09:18:52.953736,0,nan,nan,nan,nan,nan,nan,0.020831,-0.049449,0.575859,nan,nan,nan,nan,nan,nan,-2.947866,0.007732,0.913757
2026-05-04 09:18:52.971242,0,nan,nan,nan,nan,nan,nan,0.013855,-0.04952,0.580093,nan,nan,nan,nan,nan,nan,-2.949778,0.003351,0.92128
2026-05-04 09:18:52.987918,0,nan,nan,nan,nan,nan,nan,0.010432,-0.049533,0.579332,nan,nan,nan,nan,nan,nan,-2.949579,0.000503,0.934204
2026-05-04 09:18:53.005339,0,nan,nan,nan,nan,nan,nan,0.003546,-0.04928,0.580971,nan,nan,nan,nan,nan,nan,-2.956863,0.009035,0.96906
2026-05-04 09:18:53.022964,0,nan,nan,nan,nan,nan,nan,-0.003783,-0.049101,0.58036,nan,nan,nan,nan,nan,nan,-2.945861,0.012207,0.986941
2026-05-04 09:18:53.041842,0,nan,nan,nan,nan,nan,nan,-0.007357,-0.049686,0.584265,nan,nan,nan,nan,nan,nan,-2.949643,-0.004017,0.990565
2026-05-04 09:18:53.059801,0,nan,nan,nan,nan,nan,nan,-0.01499,-0.04983,0.585652,nan,nan,nan,nan,nan,nan,-2.924051,-0.002866,1.011675
2026-05-04 09:18:53.078771,0,nan,nan,nan,nan,nan,nan,-0.022504,-0.049884,0.585629,nan,nan,nan,nan,nan,nan,-2.896489,-0.000167,1.041079
2026-05-04 09:18:53.097416,0,0.146764,-0.049106,0.510382,nan,nan,nan,-0.030295,-0.049926,0.58735,-2.77364,0.077688,-1.405557,nan,nan,nan,-2.90585,-0.000527,1.044199
2026-05-04 09:18:53.115436,0,0.13885,-0.048803,0.509097,nan,nan,nan,-0.037745,-0.049873,0.586035,-2.779546,0.067933,-1.381002,nan,nan,nan,-2.896588,-0.005423,1.086499
2026-05-04 09:18:53.132909,0,0.129285,-0.048915,0.50559,nan,nan,nan,-0.045572,-0.050588,0.589325,-2.781016,0.062592,-1.368376,nan,nan,nan,-2.912915,0.007574,1.109685
2026-05-04 09:18:53.151675,0,0.12453,-0.048728,0.504024,nan,nan,nan,-0.049513,-0.050429,0.589667,-2.793729,0.060835,-1.327171,nan,nan,nan,-2.883055,0.008821,1.123837
2026-05-04 09:18:53.169103,0,0.114643,-0.048633,0.500269,nan,nan,nan,-0.05761,-0.050996,0.59209,-2.810275,0.057144,-1.298594,nan,nan,nan,-2.873621,7.8e-05,1.180304
2026-05-04 09:18:53.187925,0,nan,nan,nan,nan,nan,nan,nan,nan,nan,nan,nan,nan,nan,nan,nan,nan,nan,nan
2026-05-04 09:18:53.205677,0,0.095214,-0.048509,0.496159,nan,nan,nan,-0.073783,-0.050025,0.586839,-2.840781,0.048337,-1.234478,nan,nan,nan,-2.852705,-0.016072,1.238379
2026-05-04 09:18:53.225108,0,0.084499,-0.048359,0.490306,nan,nan,nan,-0.081843,-0.049866,0.585958,-2.858178,0.040547,-1.2115,nan,nan,nan,-2.832749,-0.011716,1.262306
2026-05-04 09:18:53.243210,0,0.074162,-0.048133,0.485739,nan,nan,nan,-0.09046,-0.050773,0.589327,-2.875062,0.035212,-1.18392,nan,nan,nan,-2.845033,-0.006805,1.30454
2026-05-04 09:18:53.260810,0,0.063745,-0.047959,0.482087,nan,nan,nan,-0.098767,-0.050758,0.59082,-2.892524,0.034025,-1.122975,nan,nan,nan,-2.813486,-0.001254,1.329721
2026-05-04 09:18:53.278511,0,0.058918,-0.04791,0.481073,nan,nan,nan,-0.10257,-0.050853,0.591352,-2.899975,0.034427,-1.10422,nan,nan,nan,-2.804767,0.011882,1.355353
2026-05-04 09:18:53.296475,0,0.048314,-0.047601,0.474704,nan,nan,nan,-0.110484,-0.050781,0.59181,-2.933885,0.050941,-1.087534,nan,nan,nan,-2.776099,-0.002966,1.374123
2026-05-04 09:18:53.314489,0,0.038023,-0.04741,0.471096,nan,nan,nan,nan,nan,nan,-2.947205,0.044866,-1.048121,nan,nan,nan,nan,nan,nan
2026-05-04 09:18:53.332593,0,0.028088,-0.047297,0.468525,nan,nan,nan,-0.124808,-0.049889,0.586469,-2.940983,0.031569,-1.011901,nan,nan,nan,-2.749116,-0.017403,1.447007
2026-05-04 09:18:53.349930,0,0.017482,-0.046949,0.461021,nan,nan,nan,-0.132574,-0.050675,0.589219,-2.952308,0.028235,-0.960136,nan,nan,nan,-2.734545,0.00309,1.490272
2026-05-04 09:18:53.368381,0,0.012309,-0.046905,0.46022,nan,nan,nan,nan,nan,nan,-2.965215,0.035931,-0.955578,nan,nan,nan,nan,nan,nan
2026-05-04 09:18:53.387009,0,0.002865,-0.046745,0.457208,nan,nan,nan,nan,nan,nan,-2.980606,0.032812,-0.898969,nan,nan,nan,nan,nan,nan
2026-05-04 09:18:53.406060,0,-0.005597,-0.04652,0.452549,nan,nan,nan,nan,nan,nan,-2.981905,0.033491,-0.881694,nan,nan,nan,nan,nan,nan
2026-05-04 09:18:53.425097,0,-0.01408,-0.046243,0.446998,nan,nan,nan,nan,nan,nan,-3.004569,0.031767,-0.845401,nan,nan,nan,nan,nan,nan
2026-05-04 09:18:53.444288,0,-0.021972,-0.046071,0.443266,nan,nan,nan,nan,nan,nan,-2.998584,0.023555,-0.805675,nan,nan,nan,nan,nan,nan
2026-05-04 09:18:53.463554,0,-0.029433,-0.045842,0.43859,nan,nan,nan,nan,nan,nan,-3.007829,0.028456,-0.786027,nan,nan,nan,nan,nan,nan
2026-05-04 09:18:53.481670,0,-0.036831,-0.045515,0.431799,nan,nan,nan,nan,nan,nan,-3.00781,0.018868,-0.723748,nan,nan,nan,nan,nan,nan
2026-05-04 09:18:53.500752,0,-0.040241,-0.045447,0.430407,nan,nan,nan,nan,nan,nan,-3.015488,0.017412,-0.699266,nan,nan,nan,nan,nan,nan
2026-05-04 09:18:53.519254,0,-0.046315,-0.045107,0.423194,nan,nan,nan,nan,nan,nan,-3.020407,0.010915,-0.657865,nan,nan,nan,nan,nan,nan
2026-05-04 09:18:53.538391,0,-0.051619,-0.044792,0.415901,nan,nan,nan,nan,nan,nan,-3.05608,0.019943,-0.655754,nan,nan,nan,nan,nan,nan
2026-05-04 09:18:53.557825,0,-0.056408,-0.044673,0.411347,nan,nan,nan,nan,nan,nan,-3.050454,0.008594,-0.61567,nan,nan,nan,nan,nan,nan
2026-05-04 09:18:53.578221,0,-0.059394,-0.044613,0.405636,nan,nan,nan,nan,nan,nan,3.069109,-0.021637,0.607738,nan,nan,nan,nan,nan,nan
2026-05-04 09:18:53.596852,0,-0.061818,-0.044191,0.400207,nan,nan,nan,nan,nan,nan,-3.073115,0.020056,-0.581656,nan,nan,nan,nan,nan,nan
2026-05-04 09:18:53.617001,0,-0.062577,-0.04379,0.396318,nan,nan,nan,nan,nan,nan,-3.036949,0.018063,-0.58799,nan,nan,nan,nan,nan,nan
2026-05-04 09:18:53.636713,0,-0.065356,-0.044186,0.391411,nan,nan,nan,nan,nan,nan,-3.062836,0.012845,-0.489642,nan,nan,nan,nan,nan,nan
2026-05-04 09:18:53.656524,0,-0.06641,-0.043912,0.384789,nan,nan,nan,nan,nan,nan,-3.063632,0.016583,-0.520845,nan,nan,nan,nan,nan,nan
2026-05-04 09:18:53.676280,0,-0.066727,-0.043622,0.379018,nan,nan,nan,nan,nan,nan,-3.064654,0.016222,-0.50369,nan,nan,nan,nan,nan,nan
2026-05-04 09:18:53.695770,0,-0.065892,-0.043381,0.374834,nan,nan,nan,nan,nan,nan,-3.078343,0.001307,-0.408366,nan,nan,nan,nan,nan,nan
2026-05-04 09:18:53.714934,0,-0.06395,-0.043093,0.369019,nan,nan,nan,nan,nan,nan,-3.087259,0.018104,-0.515122,nan,nan,nan,nan,nan,nan
2026-05-04 09:18:53.736882,0,-0.062435,-0.0429,0.364673,nan,nan,nan,nan,nan,nan,-3.065547,0.018091,-0.504664,nan,nan,nan,nan,nan,nan
2026-05-04 09:18:53.754856,0,-0.060128,-0.042699,0.360656,nan,nan,nan,nan,nan,nan,-3.060113,0.010477,-0.490359,nan,nan,nan,nan,nan,nan
2026-05-04 09:18:53.773602,0,-0.058287,-0.042611,0.355522,nan,nan,nan,nan,nan,nan,3.080145,-0.010273,0.505175,nan,nan,nan,nan,nan,nan
2026-05-04 09:18:53.792060,0,-0.055138,-0.042685,0.350373,nan,nan,nan,nan,nan,nan,-3.067064,0.001653,-0.512847,nan,nan,nan,nan,nan,nan
2026-05-04 09:18:53.810498,0,-0.05326,-0.042046,0.34769,nan,nan,nan,nan,nan,nan,-3.054578,0.005137,-0.449153,nan,nan,nan,nan,nan,nan
2026-05-04 09:18:53.829015,0,-0.051407,-0.041813,0.343135,nan,nan,nan,nan,nan,nan,-3.079395,0.016207,-0.504131,nan,nan,nan,nan,nan,nan
2026-05-04 09:18:53.847787,0,-0.048292,-0.041535,0.338167,nan,nan,nan,nan,nan,nan,3.102279,-0.022534,0.491541,nan,nan,nan,nan,nan,nan
2026-05-04 09:18:53.866404,0,-0.045701,-0.041334,0.334064,nan,nan,nan,nan,nan,nan,-3.099232,0.024618,-0.487825,nan,nan,nan,nan,nan,nan
2026-05-04 09:18:53.885103,0,-0.042002,-0.041501,0.330628,nan,nan,nan,nan,nan,nan,-3.088876,0.008631,-0.497859,nan,nan,nan,nan,nan,nan
2026-05-04 09:18:53.903677,0,-0.038225,-0.041291,0.326687,nan,nan,nan,nan,nan,nan,3.104321,-0.00452,0.469754,nan,nan,nan,nan,nan,nan
2026-05-04 09:18:53.921958,0,-0.033846,-0.041036,0.323797,nan,nan,nan,nan,nan,nan,-3.080636,0.007737,-0.501065,nan,nan,nan,nan,nan,nan
2026-05-04 09:18:53.940786,0,-0.03183,-0.040804,0.323039,nan,nan,nan,nan,nan,nan,-3.057276,0.004049,-0.429642,nan,nan,nan,nan,nan,nan
2026-05-04 09:18:53.960473,0,-0.02725,-0.040618,0.31943,nan,nan,nan,nan,nan,nan,-3.082328,0.008259,-0.409801,nan,nan,nan,nan,nan,nan
2026-05-04 09:18:53.981913,0,-0.021895,-0.040471,0.316453,nan,nan,nan,nan,nan,nan,-3.069892,0.012635,-0.452642,nan,nan,nan,nan,nan,nan
2026-05-04 09:18:54.000931,0,-0.016076,-0.040642,0.314454,nan,nan,nan,nan,nan,nan,-3.092537,0.003539,-0.446723,nan,nan,nan,nan,nan,nan
2026-05-04 09:18:54.020452,0,-0.009993,-0.040453,0.312517,nan,nan,nan,nan,nan,nan,-3.087835,0.013788,-0.495974,nan,nan,nan,nan,nan,nan
2026-05-04 09:18:54.046648,0,-0.002864,-0.040539,0.310995,nan,nan,nan,nan,nan,nan,-3.086625,0.009453,-0.492222,nan,nan,nan,nan,nan,nan
2026-05-04 09:18:54.063843,0,0.008043,-0.040523,0.310357,nan,nan,nan,nan,nan,nan,-3.078586,0.006338,-0.509073,nan,nan,nan,nan,nan,nan
2026-05-04 09:18:54.081822,0,0.016058,-0.040681,0.309964,nan,nan,nan,nan,nan,nan,-3.061579,0.012322,-0.524537,nan,nan,nan,nan,nan,nan
2026-05-04 09:18:54.100279,0,0.020222,-0.040649,0.309834,nan,nan,nan,nan,nan,nan,-3.062157,0.011441,-0.552063,nan,nan,nan,nan,nan,nan
2026-05-04 09:18:54.119392,0,0.028901,-0.040464,0.309725,nan,nan,nan,nan,nan,nan,-3.071839,0.012586,-0.570942,nan,nan,nan,nan,nan,nan
2026-05-04 09:18:54.138781,0,0.03786,-0.040128,0.30961,nan,nan,nan,nan,nan,nan,-3.060688,0.019524,-0.577311,nan,nan,nan,nan,nan,nan
2026-05-04 09:18:54.157498,0,0.047238,-0.040184,0.310745,nan,nan,nan,nan,nan,nan,-3.043632,0.021305,-0.620493,nan,nan,nan,nan,nan,nan
2026-05-04 09:18:54.177540,0,0.057345,-0.040257,0.312121,nan,nan,nan,nan,nan,nan,-3.044077,0.027073,-0.646657,nan,nan,nan,nan,nan,nan
2026-05-04 09:18:54.196040,0,0.067345,-0.040351,0.314114,nan,nan,nan,nan,nan,nan,-3.040324,0.021616,-0.654881,nan,nan,nan,nan,nan,nan
2026-05-04 09:18:54.215935,0,0.077193,-0.040458,0.316211,nan,nan,nan,nan,nan,nan,-3.032688,0.02505,-0.689225,nan,nan,nan,nan,nan,nan
2026-05-04 09:18:54.233245,0,0.087729,-0.040662,0.318545,nan,nan,nan,nan,nan,nan,-3.027316,0.018702,-0.719747,nan,nan,nan,nan,nan,nan
2026-05-04 09:18:54.252146,0,0.093249,-0.040731,0.320255,nan,nan,nan,-0.034739,-0.04546,0.468521,-3.021757,0.020614,-0.748092,nan,nan,nan,-2.618689,-0.025222,1.697973
2026-05-04 09:18:54.271084,0,0.103767,-0.040795,0.322772,nan,nan,nan,nan,nan,nan,-3.018621,0.025564,-0.759854,nan,nan,nan,nan,nan,nan
2026-05-04 09:18:54.288863,0,0.114688,-0.04096,0.326035,nan,nan,nan,nan,nan,nan,-3.005807,0.026089,-0.806233,nan,nan,nan,nan,nan,nan
2026-05-04 09:18:54.307672,0,0.125795,-0.041137,0.329652,nan,nan,nan,-0.009959,-0.045463,0.472607,-2.990936,0.026728,-0.832705,nan,nan,nan,-2.662462,-0.013045,1.61719
2026-05-04 09:18:54.326233,0,0.136817,-0.041519,0.333368,nan,nan,nan,-0.001395,-0.045394,0.47282,-2.998328,0.021064,-0.860423,nan,nan,nan,-2.669493,-0.01005,1.602155
2026-05-04 09:18:54.344056,0,0.14724,-0.041552,0.33612,nan,nan,nan,nan,nan,nan,-2.985486,0.023614,-0.890686,nan,nan,nan,nan,nan,nan
2026-05-04 09:18:54.362698,0,0.158734,-0.041995,0.340782,nan,nan,nan,0.015341,-0.045086,0.473041,-2.976315,0.019762,-0.917748,nan,nan,nan,-2.718648,-0.010874,1.526859
2026-05-04 09:18:54.383023,0,0.169367,-0.042318,0.344348,nan,nan,nan,0.023764,-0.04518,0.472074,-2.966852,0.020646,-0.947642,nan,nan,nan,-2.742564,-0.013266,1.495787
2026-05-04 09:18:54.400872,0,0.179279,-0.042236,0.347031,nan,nan,nan,0.032225,-0.04527,0.472908,-2.959642,0.02289,-0.986271,nan,nan,nan,-2.763715,-0.010608,1.46142
2026-05-04 09:18:54.420239,0,0.184673,-0.042384,0.349076,nan,nan,nan,0.036602,-0.045548,0.475296,-2.953206,0.022645,-1.007355,nan,nan,nan,-2.758544,-0.008815,1.46989
2026-05-04 09:18:54.438703,0,0.19601,-0.042862,0.354361,nan,nan,nan,0.045144,-0.045736,0.477145,-2.940588,0.028221,-1.032991,nan,nan,nan,-2.769363,-0.003594,1.433227
2026-05-04 09:18:54.456448,0,0.205555,-0.042811,0.357822,nan,nan,nan,0.052647,-0.045207,0.474745,-2.928636,0.034232,-1.071024,nan,nan,nan,-2.798363,-0.008686,1.394217
2026-05-04 09:18:54.475054,0,0.21498,-0.042888,0.36173,nan,nan,nan,0.060718,-0.045499,0.476613,-2.912978,0.037164,-1.109897,nan,nan,nan,-2.810757,-0.005698,1.362759
2026-05-04 09:18:54.493584,0,nan,nan,nan,nan,nan,nan,0.0677,-0.045103,0.476472,nan,nan,nan,nan,nan,nan,-2.824969,-0.008614,1.33317
2026-05-04 09:18:54.513546,0,nan,nan,nan,nan,nan,nan,0.07519,-0.044802,0.479562,nan,nan,nan,nan,nan,nan,-2.821285,0.011753,1.296921
2026-05-04 09:18:54.542663,0,nan,nan,nan,nan,nan,nan,0.081389,-0.044934,0.480273,nan,nan,nan,nan,nan,nan,-2.853455,0.005226,1.261541
2026-05-04 09:18:54.562508,0,nan,nan,nan,nan,nan,nan,0.090076,-0.045099,0.483792,nan,nan,nan,nan,nan,nan,-2.852866,0.013716,1.221184
2026-05-04 09:18:54.580943,0,nan,nan,nan,nan,nan,nan,0.094575,-0.045275,0.485868,nan,nan,nan,nan,nan,nan,-2.889916,0.000762,1.191555
2026-05-04 09:18:54.600924,0,nan,nan,nan,nan,nan,nan,0.096698,-0.045372,0.487659,nan,nan,nan,nan,nan,nan,-2.892153,-0.000553,1.181403
2026-05-04 09:18:54.619373,0,nan,nan,nan,nan,nan,nan,0.100031,-0.045593,0.49214,nan,nan,nan,nan,nan,nan,-2.891188,0.012188,1.134837
2026-05-04 09:18:54.638643,0,nan,nan,nan,nan,nan,nan,0.102293,-0.045669,0.495469,nan,nan,nan,nan,nan,nan,-2.923081,-0.002083,1.113416
2026-05-04 09:18:54.658122,0,nan,nan,nan,nan,nan,nan,0.1037,-0.045685,0.49776,nan,nan,nan,nan,nan,nan,-2.92447,0.009464,1.093186
2026-05-04 09:18:54.676168,0,nan,nan,nan,nan,nan,nan,0.104564,-0.045725,0.502365,nan,nan,nan,nan,nan,nan,-2.925992,0.007947,1.065866
2026-05-04 09:18:54.693297,0,nan,nan,nan,nan,nan,nan,0.103996,-0.045826,0.505258,nan,nan,nan,nan,nan,nan,-2.939691,0.013172,1.016463
2026-05-04 09:18:54.711522,0,nan,nan,nan,nan,nan,nan,0.10348,-0.045945,0.506526,nan,nan,nan,nan,nan,nan,-2.948281,0.016713,1.013149
2026-05-04 09:18:54.728802,0,nan,nan,nan,nan,nan,nan,0.101786,-0.046124,0.510347,nan,nan,nan,nan,nan,nan,-2.957133,0.000157,1.017736
2026-05-04 09:18:54.747151,0,nan,nan,nan,nan,nan,nan,0.099672,-0.046365,0.513736,nan,nan,nan,nan,nan,nan,-2.964452,0.004796,0.994563
2026-05-04 09:18:54.765149,0,nan,nan,nan,nan,nan,nan,0.097196,-0.046715,0.518519,nan,nan,nan,nan,nan,nan,-2.950655,0.011834,0.970002
2026-05-04 09:18:54.783473,0,nan,nan,nan,nan,nan,nan,0.094317,-0.047028,0.523046,nan,nan,nan,nan,nan,nan,-2.952445,0.014748,0.938189
2026-05-04 09:18:54.801801,0,nan,nan,nan,nan,nan,nan,0.090069,-0.047058,0.523931,nan,nan,nan,nan,nan,nan,-2.983972,-0.002291,0.948325
2026-05-04 09:18:54.819621,0,nan,nan,nan,nan,nan,nan,0.088315,-0.047214,0.52742,nan,nan,nan,nan,nan,nan,-2.954973,0.004973,0.967021
2026-05-04 09:18:54.837374,0,nan,nan,nan,nan,nan,nan,0.083862,-0.047171,0.530545,nan,nan,nan,nan,nan,nan,-2.951955,0.015478,0.966927
2026-05-04 09:18:54.855203,0,nan,nan,nan,nan,nan,nan,0.079917,-0.047617,0.535815,nan,nan,nan,nan,nan,nan,-2.951704,0.006983,0.927003
2026-05-04 09:18:54.872841,0,nan,nan,nan,nan,nan,nan,0.075334,-0.047744,0.538272,nan,nan,nan,nan,nan,nan,-2.96709,-0.001241,0.920901
2026-05-04 09:18:54.890319,0,nan,nan,nan,nan,nan,nan,0.070809,-0.047965,0.543005,nan,nan,nan,nan,nan,nan,-2.950798,0.008285,0.916581
2026-05-04 09:18:54.908579,0,nan,nan,nan,nan,nan,nan,0.068614,-0.048123,0.54468,nan,nan,nan,nan,nan,nan,-2.942527,0.018689,0.911756
2026-05-04 09:18:54.926828,0,nan,nan,nan,nan,nan,nan,0.063504,-0.048074,0.547472,nan,nan,nan,nan,nan,nan,-2.979467,0.004822,0.901373
2026-05-04 09:18:54.945272,0,nan,nan,nan,nan,nan,nan,0.058349,-0.047989,0.550564,nan,nan,nan,nan,nan,nan,-2.992549,0.005111,0.931112
2026-05-04 09:18:54.963226,0,nan,nan,nan,nan,nan,nan,0.053372,-0.048536,0.555206,nan,nan,nan,nan,nan,nan,-2.94393,0.006673,0.920609
2026-05-04 09:18:54.979395,0,nan,nan,nan,nan,nan,nan,0.048044,-0.04863,0.558452,nan,nan,nan,nan,nan,nan,-2.971196,0.008804,0.879733
2026-05-04 09:18:54.996464,0,nan,nan,nan,nan,nan,nan,0.045433,-0.04871,0.560497,nan,nan,nan,nan,nan,nan,-2.928846,0.015605,0.907633
2026-05-04 09:18:55.014646,0,nan,nan,nan,nan,nan,nan,0.039794,-0.048744,0.563774,nan,nan,nan,nan,nan,nan,-2.97442,0.005498,0.914466
2026-05-04 09:18:55.032159,0,nan,nan,nan,nan,nan,nan,0.034801,-0.048859,0.569113,nan,nan,nan,nan,nan,nan,-2.975483,0.012981,0.900638
2026-05-04 09:18:55.050345,0,nan,nan,nan,nan,nan,nan,0.031661,-0.048625,0.568196,nan,nan,nan,nan,nan,nan,-2.975146,0.013342,0.908841
2026-05-04 09:18:55.067661,0,nan,nan,nan,nan,nan,nan,0.026371,-0.04909,0.570749,nan,nan,nan,nan,nan,nan,-2.97925,0.001478,0.913677
2026-05-04 09:18:55.086765,0,nan,nan,nan,nan,nan,nan,0.020196,-0.049315,0.574288,nan,nan,nan,nan,nan,nan,-2.954979,0.001843,0.909127
2026-05-04 09:18:55.105042,0,nan,nan,nan,nan,nan,nan,0.014598,-0.049409,0.57819,nan,nan,nan,nan,nan,nan,-2.945941,0.005463,0.934943
2026-05-04 09:18:55.122796,0,nan,nan,nan,nan,nan,nan,0.008558,-0.048866,0.578438,nan,nan,nan,nan,nan,nan,-2.941393,0.018786,0.946842
2026-05-04 09:18:55.141416,0,nan,nan,nan,nan,nan,nan,0.002412,-0.049156,0.580044,nan,nan,nan,nan,nan,nan,-2.95603,0.009796,0.970264
2026-05-04 09:18:55.159816,0,nan,nan,nan,nan,nan,nan,-0.000755,-0.049658,0.583477,nan,nan,nan,nan,nan,nan,-2.939562,0.00297,0.975092
2026-05-04 09:18:55.178693,0,nan,nan,nan,nan,nan,nan,-0.007471,-0.049842,0.586562,nan,nan,nan,nan,nan,nan,-2.933622,-0.003466,0.990916
2026-05-04 09:18:55.197485,0,nan,nan,nan,nan,nan,nan,-0.014076,-0.049743,0.58427,nan,nan,nan,nan,nan,nan,-2.933401,-0.009595,1.022474
2026-05-04 09:18:55.216291,0,0.158207,-0.049549,0.515721,nan,nan,nan,-0.02096,-0.049866,0.58644,-2.75698,0.058795,-1.43724,nan,nan,nan,-2.918902,-0.011621,1.046711
2026-05-04 09:18:55.233948,0,0.149707,-0.049113,0.512102,nan,nan,nan,-0.027732,-0.04991,0.585482,-2.761105,0.058579,-1.402495,nan,nan,nan,-2.914184,-0.009515,1.083043
2026-05-04 09:18:55.253790,0,0.146572,-0.049454,0.513519,nan,nan,nan,-0.03101,-0.05028,0.587502,-2.77063,0.056601,-1.408367,nan,nan,nan,-2.92888,-0.005385,1.073308
2026-05-04 09:18:55.272069,0,0.133349,-0.049183,0.508522,nan,nan,nan,-0.04186,-0.050507,0.590415,-2.8018,0.05795,-1.343568,nan,nan,nan,-2.895552,0.008467,1.095995
2026-05-04 09:18:55.290512,0,0.128132,-0.048905,0.505399,nan,nan,nan,-0.045339,-0.050505,0.590613,-2.797492,0.065877,-1.342356,nan,nan,nan,-2.8754,0.010807,1.124894
2026-05-04 09:18:55.309809,0,0.119945,-0.049034,0.505476,nan,nan,nan,-0.053048,-0.050578,0.591838,-2.808443,0.053213,-1.311302,nan,nan,nan,-2.881069,0.001763,1.173885
2026-05-04 09:18:55.327682,0,0.109974,-0.048699,0.500993,nan,nan,nan,nan,nan,nan,-2.820716,0.054275,-1.280644,nan,nan,nan,nan,nan,nan
2026-05-04 09:18:55.346149,0,0.101119,-0.048811,0.499639,nan,nan,nan,-0.06783,-0.050285,0.590064,-2.848915,0.046665,-1.24595,nan,nan,nan,-2.857854,-0.010219,1.242397
2026-05-04 09:18:55.365458,0,0.091137,-0.04866,0.496562,nan,nan,nan,-0.076521,-0.051032,0.595534,-2.864072,0.036445,-1.208249,nan,nan,nan,-2.868163,-0.010993,1.252817
2026-05-04 09:18:55.383808,0,0.0811,-0.048499,0.49363,nan,nan,nan,nan,nan,nan,-2.861266,0.045765,-1.180865,nan,nan,nan,nan,nan,nan
2026-05-04 09:18:55.403839,0,0.071297,-0.048429,0.492651,nan,nan,nan,nan,nan,nan,-2.877228,0.043472,-1.143541,nan,nan,nan,nan,nan,nan
2026-05-04 09:18:55.422563,0,0.061632,-0.048016,0.488083,nan,nan,nan,-0.099863,-0.050348,0.597076,-2.898747,0.058612,-1.131062,nan,nan,nan,-2.79396,-0.007953,1.333183
2026-05-04 09:18:55.440430,0,0.052372,-0.048117,0.487197,nan,nan,nan,-0.106765,-0.050234,0.59446,-2.914434,0.040751,-1.081962,nan,nan,nan,-2.777514,-0.00879,1.370557
2026-05-04 09:18:55.459469,0,0.047625,-0.048146,0.486093,nan,nan,nan,nan,nan,nan,-2.924837,0.040741,-1.076079,nan,nan,nan,nan,nan,nan
2026-05-04 09:18:55.477856,0,0.036261,-0.047811,0.479892,nan,nan,nan,nan,nan,nan,-2.93708,0.045848,-1.044105,nan,nan,nan,nan,nan,nan
2026-05-04 09:18:55.496902,0,0.025717,-0.047704,0.477011,nan,nan,nan,nan,nan,nan,-2.954294,0.05345,-1.001422,nan,nan,nan,nan,nan,nan
2026-05-04 09:18:55.514127,0,0.015831,-0.047562,0.47394,nan,nan,nan,nan,nan,nan,-2.955954,0.035472,-0.953094,nan,nan,nan,nan,nan,nan
2026-05-04 09:18:55.531951,0,0.01108,-0.047499,0.47293,nan,nan,nan,nan,nan,nan,-2.956746,0.028842,-0.922011,nan,nan,nan,nan,nan,nan
2026-05-04 09:18:55.549040,0,0.001454,-0.047313,0.468917,nan,nan,nan,nan,nan,nan,-2.978872,0.038364,-0.913489,nan,nan,nan,nan,nan,nan
2026-05-04 09:18:55.567547,0,-0.00322,-0.047323,0.468972,nan,nan,nan,nan,nan,nan,-2.963886,0.027499,-0.89113,nan,nan,nan,nan,nan,nan
2026-05-04 09:18:55.586535,0,-0.015703,-0.046954,0.461563,nan,nan,nan,nan,nan,nan,-2.998928,0.035806,-0.854471,nan,nan,nan,nan,nan,nan
2026-05-04 09:18:55.606164,0,-0.024414,-0.046813,0.459425,nan,nan,nan,nan,nan,nan,-3.004265,0.033021,-0.804587,nan,nan,nan,nan,nan,nan
2026-05-04 09:18:55.624155,0,-0.033006,-0.046572,0.454645,nan,nan,nan,nan,nan,nan,-3.012719,0.036031,-0.752753,nan,nan,nan,nan,nan,nan
2026-05-04 09:18:55.641152,0,-0.040291,-0.04626,0.447417,nan,nan,nan,nan,nan,nan,-3.035962,0.039689,-0.745699,nan,nan,nan,nan,nan,nan
2026-05-04 09:18:55.658614,0,-0.04424,-0.046259,0.447104,nan,nan,nan,nan,nan,nan,-3.017701,0.023336,-0.700429,nan,nan,nan,nan,nan,nan
2026-05-04 09:18:55.676346,0,-0.05153,-0.045921,0.440238,nan,nan,nan,nan,nan,nan,-3.040114,0.024526,-0.658845,nan,nan,nan,nan,nan,nan
2026-05-04 09:18:55.694192,0,-0.057615,-0.045639,0.434412,nan,nan,nan,nan,nan,nan,-3.049106,0.024919,-0.608293,nan,nan,nan,nan,nan,nan
2026-05-04 09:18:55.713102,0,-0.062282,-0.045402,0.429934,nan,nan,nan,nan,nan,nan,-3.079529,0.024729,-0.586227,nan,nan,nan,nan,nan,nan
2026-05-04 09:18:55.730098,0,-0.066381,-0.045216,0.425683,nan,nan,nan,nan,nan,nan,-3.033172,0.012223,-0.550762,nan,nan,nan,nan,nan,nan
2026-05-04 09:18:55.747119,0,-0.067615,-0.044959,0.420411,nan,nan,nan,nan,nan,nan,-3.058022,0.02027,-0.550209,nan,nan,nan,nan,nan,nan
2026-05-04 09:18:55.765162,0,-0.069136,-0.044697,0.414727,nan,nan,nan,nan,nan,nan,-3.042192,0.016911,-0.561838,nan,nan,nan,nan,nan,nan
2026-05-04 09:18:55.783636,0,-0.069909,-0.044589,0.408617,nan,nan,nan,nan,nan,nan,-3.061399,0.00477,-0.548042,nan,nan,nan,nan,nan,nan
2026-05-04 09:18:55.801086,0,-0.070926,-0.044767,0.405372,nan,nan,nan,nan,nan,nan,3.071312,-0.026595,0.547303,nan,nan,nan,nan,nan,nan
2026-05-04 09:18:55.819454,0,-0.070475,-0.044264,0.400465,nan,nan,nan,nan,nan,nan,3.085253,-0.018041,0.548567,nan,nan,nan,nan,nan,nan
2026-05-04 09:18:55.837569,0,-0.069944,-0.043991,0.395423,nan,nan,nan,nan,nan,nan,3.093898,-0.016726,0.537458,nan,nan,nan,nan,nan,nan
2026-05-04 09:18:55.854975,0,-0.068966,-0.043793,0.392092,nan,nan,nan,nan,nan,nan,-3.058505,0.01653,-0.507957,nan,nan,nan,nan,nan,nan
2026-05-04 09:18:55.873326,0,-0.067438,-0.044164,0.389807,nan,nan,nan,nan,nan,nan,-3.041878,0.002196,-0.439256,nan,nan,nan,nan,nan,nan
2026-05-04 09:18:55.891376,0,-0.065424,-0.043769,0.383061,nan,nan,nan,nan,nan,nan,-3.093009,0.02529,-0.54019,nan,nan,nan,nan,nan,nan
2026-05-04 09:18:55.908422,0,-0.063591,-0.043615,0.379244,nan,nan,nan,nan,nan,nan,-3.058662,-0.001028,-0.415998,nan,nan,nan,nan,nan,nan
2026-05-04 09:18:55.927906,0,-0.060788,-0.043353,0.373733,nan,nan,nan,nan,nan,nan,-3.07416,0.015816,-0.479977,nan,nan,nan,nan,nan,nan
2026-05-04 09:18:55.945620,0,-0.058217,-0.043048,0.368589,nan,nan,nan,nan,nan,nan,-3.082863,0.015498,-0.496531,nan,nan,nan,nan,nan,nan
2026-05-04 09:18:55.965195,0,-0.055777,-0.04287,0.364415,nan,nan,nan,nan,nan,nan,-3.052838,0.010882,-0.482958,nan,nan,nan,nan,nan,nan
2026-05-04 09:18:55.986441,0,-0.052551,-0.042631,0.358068,nan,nan,nan,nan,nan,nan,-3.059508,0.008473,-0.517324,nan,nan,nan,nan,nan,nan
2026-05-04 09:18:56.005487,0,-0.048984,-0.04284,0.353105,nan,nan,nan,nan,nan,nan,-3.074831,0.001041,-0.516237,nan,nan,nan,nan,nan,nan
2026-05-04 09:18:56.023324,0,-0.04568,-0.042266,0.349354,nan,nan,nan,nan,nan,nan,-3.076554,0.00172,-0.478078,nan,nan,nan,nan,nan,nan
2026-05-04 09:18:56.042440,0,-0.041474,-0.041966,0.345248,nan,nan,nan,nan,nan,nan,-3.057923,0.011736,-0.516055,nan,nan,nan,nan,nan,nan
2026-05-04 09:18:56.060607,0,-0.037103,-0.041927,0.340645,nan,nan,nan,nan,nan,nan,3.102591,-0.003477,0.470561,nan,nan,nan,nan,nan,nan
2026-05-04 09:18:56.078109,0,-0.035283,-0.041806,0.339302,nan,nan,nan,nan,nan,nan,3.109127,1.4e-05,0.448869,nan,nan,nan,nan,nan,nan
2026-05-04 09:18:56.097034,0,-0.030822,-0.041494,0.334986,nan,nan,nan,nan,nan,nan,3.102851,-0.011417,0.479351,nan,nan,nan,nan,nan,nan
2026-05-04 09:18:56.114821,0,-0.025702,-0.041733,0.333616,nan,nan,nan,nan,nan,nan,-3.074811,0.003347,-0.501006,nan,nan,nan,nan,nan,nan
2026-05-04 09:18:56.132852,0,-0.019533,-0.041562,0.331302,nan,nan,nan,nan,nan,nan,-3.084894,0.002014,-0.498771,nan,nan,nan,nan,nan,nan
2026-05-04 09:18:56.150697,0,-0.012403,-0.041387,0.329042,nan,nan,nan,nan,nan,nan,-3.08238,0.004613,-0.510458,nan,nan,nan,nan,nan,nan
2026-05-04 09:18:56.169535,0,-0.008864,-0.041343,0.328465,nan,nan,nan,nan,nan,nan,-3.083584,0.003652,-0.502496,nan,nan,nan,nan,nan,nan
2026-05-04 09:18:56.189628,0,-0.001188,-0.041186,0.327068,nan,nan,nan,nan,nan,nan,-3.085157,0.01422,-0.557131,nan,nan,nan,nan,nan,nan
2026-05-04 09:18:56.208246,0,0.006582,-0.040985,0.326572,nan,nan,nan,nan,nan,nan,-3.065239,0.014468,-0.526267,nan,nan,nan,nan,nan,nan
2026-05-04 09:18:56.226785,0,0.015876,-0.040989,0.326961,nan,nan,nan,nan,nan,nan,-3.05163,0.016997,-0.577944,nan,nan,nan,nan,nan,nan
2026-05-04 09:18:56.246138,0,0.025541,-0.041022,0.327567,nan,nan,nan,nan,nan,nan,-3.051953,0.022363,-0.586788,nan,nan,nan,nan,nan,nan
2026-05-04 09:18:56.265585,0,0.035228,-0.041047,0.328296,nan,nan,nan,nan,nan,nan,-3.046359,0.026249,-0.604755,nan,nan,nan,nan,nan,nan
2026-05-04 09:18:56.284528,0,0.045791,-0.041091,0.328785,nan,nan,nan,nan,nan,nan,-3.045108,0.021046,-0.630496,nan,nan,nan,nan,nan,nan
2026-05-04 09:18:56.304214,0,0.057209,-0.041148,0.328752,nan,nan,nan,nan,nan,nan,-3.034036,0.015916,-0.686316,nan,nan,nan,nan,nan,nan
2026-05-04 09:18:56.323020,0,0.068269,-0.041439,0.330659,nan,nan,nan,nan,nan,nan,-3.036889,0.014425,-0.703546,nan,nan,nan,nan,nan,nan
2026-05-04 09:18:56.341497,0,0.079544,-0.04125,0.331792,nan,nan,nan,-0.047968,-0.04568,0.480397,-3.020957,0.021641,-0.730959,nan,nan,nan,-2.603642,-0.021284,1.710577
2026-05-04 09:18:56.359343,0,0.085488,-0.041686,0.333446,nan,nan,nan,nan,nan,nan,-3.032502,0.013225,-0.74692,nan,nan,nan,nan,nan,nan
2026-05-04 09:18:56.377398,0,0.097168,-0.041455,0.335846,nan,nan,nan,nan,nan,nan,-3.012823,0.027578,-0.775957,nan,nan,nan,nan,nan,nan
2026-05-04 09:18:56.396382,0,0.109335,-0.041569,0.338255,nan,nan,nan,-0.024707,-0.045258,0.480348,-3.006899,0.030347,-0.78963,nan,nan,nan,-2.644239,-0.012495,1.622722
2026-05-04 09:18:56.414116,0,0.121679,-0.041664,0.340138,nan,nan,nan,-0.014885,-0.045187,0.477957,-2.992138,0.027087,-0.832702,nan,nan,nan,-2.663199,-0.016475,1.593702
2026-05-04 09:18:56.432053,0,0.12779,-0.041728,0.341387,nan,nan,nan,-0.009937,-0.04515,0.476926,-2.98752,0.030967,-0.850378,nan,nan,nan,-2.666976,-0.026197,1.601305
2026-05-04 09:18:56.450736,0,0.14013,-0.04187,0.34422,nan,nan,nan,-0.000149,-0.045509,0.478902,-2.979855,0.028127,-0.877162,nan,nan,nan,-2.684631,-0.012535,1.563765
2026-05-04 09:18:56.469006,0,0.152844,-0.042071,0.348056,nan,nan,nan,nan,nan,nan,-2.974541,0.029406,-0.915662,nan,nan,nan,nan,nan,nan
2026-05-04 09:18:56.486994,0,0.164201,-0.042157,0.349954,nan,nan,nan,0.01926,-0.045588,0.479207,-2.962549,0.036945,-0.9545,nan,nan,nan,-2.720686,-0.007299,1.501144
2026-05-04 09:18:56.506199,0,0.176146,-0.042331,0.353134,nan,nan,nan,0.028782,-0.045065,0.478451,-2.949958,0.034975,-0.988074,nan,nan,nan,-2.757006,-0.01366,1.465752
2026-05-04 09:18:56.524911,0,nan,nan,nan,nan,nan,nan,0.038086,-0.045096,0.477528,nan,nan,nan,nan,nan,nan,-2.768733,-0.014426,1.433165
2026-05-04 09:18:56.543052,0,0.200016,-0.043177,0.36168,nan,nan,nan,0.047502,-0.045681,0.479792,-2.933158,0.024673,-1.057715,nan,nan,nan,-2.786355,0.001155,1.405537
2026-05-04 09:18:56.560728,0,0.210344,-0.043303,0.365122,nan,nan,nan,0.056005,-0.045839,0.481217,-2.922417,0.030892,-1.094099,nan,nan,nan,-2.802466,-0.005805,1.379308
2026-05-04 09:18:56.579310,0,0.215816,-0.043279,0.367602,nan,nan,nan,0.060376,-0.045767,0.48228,-2.922969,0.030753,-1.104497,nan,nan,nan,-2.810299,0.004086,1.3548
2026-05-04 09:18:56.598299,0,nan,nan,nan,nan,nan,nan,0.068429,-0.045712,0.483144,nan,nan,nan,nan,nan,nan,-2.816808,0.00221,1.326745
2026-05-04 09:18:56.616546,0,nan,nan,nan,nan,nan,nan,0.075522,-0.045533,0.483603,nan,nan,nan,nan,nan,nan,-2.83157,0.009243,1.268555
2026-05-04 09:18:56.634566,0,nan,nan,nan,nan,nan,nan,0.082165,-0.045392,0.484746,nan,nan,nan,nan,nan,nan,-2.849844,-0.000522,1.238992
2026-05-04 09:18:56.653089,0,nan,nan,nan,nan,nan,nan,0.088581,-0.045515,0.488831,nan,nan,nan,nan,nan,nan,-2.872162,-0.000524,1.198154
2026-05-04 09:18:56.671327,0,nan,nan,nan,nan,nan,nan,0.093634,-0.04557,0.490572,nan,nan,nan,nan,nan,nan,-2.882821,0.007734,1.170984
2026-05-04 09:18:56.689162,0,nan,nan,nan,nan,nan,nan,0.095684,-0.045589,0.491072,nan,nan,nan,nan,nan,nan,-2.899177,-0.001951,1.158689
2026-05-04 09:18:56.708492,0,nan,nan,nan,nan,nan,nan,0.100216,-0.045814,0.496344,nan,nan,nan,nan,nan,nan,-2.895323,0.00105,1.13854
2026-05-04 09:18:56.730549,0,nan,nan,nan,nan,nan,nan,0.103091,-0.045956,0.499139,nan,nan,nan,nan,nan,nan,-2.926785,0.000661,1.089563
2026-05-04 09:18:56.748142,0,nan,nan,nan,nan,nan,nan,0.104948,-0.046055,0.502459,nan,nan,nan,nan,nan,nan,-2.930608,0.011378,1.042721
2026-05-04 09:18:56.766580,0,nan,nan,nan,nan,nan,nan,0.105714,-0.046142,0.504738,nan,nan,nan,nan,nan,nan,-2.93434,0.011853,1.02797
2026-05-04 09:18:56.785621,0,nan,nan,nan,nan,nan,nan,0.106033,-0.046278,0.509403,nan,nan,nan,nan,nan,nan,-2.93195,0.005886,1.050233
2026-05-04 09:18:56.803679,0,nan,nan,nan,nan,nan,nan,0.105611,-0.046622,0.514585,nan,nan,nan,nan,nan,nan,-2.929019,0.013657,1.001136
2026-05-04 09:18:56.821420,0,nan,nan,nan,nan,nan,nan,0.104227,-0.046744,0.517124,nan,nan,nan,nan,nan,nan,-2.948129,0.001772,0.998364
2026-05-04 09:18:56.839070,0,nan,nan,nan,nan,nan,nan,0.103396,-0.046827,0.518323,nan,nan,nan,nan,nan,nan,-2.964886,-0.001607,0.971987
2026-05-04 09:18:56.856857,0,nan,nan,nan,nan,nan,nan,0.101367,-0.046985,0.523279,nan,nan,nan,nan,nan,nan,-2.929111,0.015544,0.982517
2026-05-04 09:18:56.875887,0,nan,nan,nan,nan,nan,nan,0.1003,-0.047119,0.52573,nan,nan,nan,nan,nan,nan,-2.915772,0.017198,0.989818
2026-05-04 09:18:56.893153,0,nan,nan,nan,nan,nan,nan,0.097288,-0.047286,0.52905,nan,nan,nan,nan,nan,nan,-2.939535,0.010218,0.967723
2026-05-04 09:18:56.910772,0,nan,nan,nan,nan,nan,nan,0.093894,-0.047402,0.533757,nan,nan,nan,nan,nan,nan,-2.942886,0.014018,0.984599
2026-05-04 09:18:56.928556,0,nan,nan,nan,nan,nan,nan,0.090421,-0.047656,0.538841,nan,nan,nan,nan,nan,nan,-2.917509,0.020034,0.959879
2026-05-04 09:18:56.946388,0,nan,nan,nan,nan,nan,nan,0.086248,-0.047727,0.540907,nan,nan,nan,nan,nan,nan,-2.976754,-0.000517,0.958409
2026-05-04 09:18:56.964360,0,nan,nan,nan,nan,nan,nan,0.082745,-0.048025,0.545803,nan,nan,nan,nan,nan,nan,-2.951317,0.004191,0.959423
2026-05-04 09:18:56.982959,0,nan,nan,nan,nan,nan,nan,0.078716,-0.048119,0.548272,nan,nan,nan,nan,nan,nan,-2.932391,0.022886,0.924152
2026-05-04 09:18:57.002715,0,nan,nan,nan,nan,nan,nan,0.074509,-0.04825,0.550501,nan,nan,nan,nan,nan,nan,-2.969929,-0.001164,0.926161
2026-05-04 09:18:57.019259,0,nan,nan,nan,nan,nan,nan,0.070866,-0.048363,0.556849,nan,nan,nan,nan,nan,nan,-2.976682,0.010401,0.923214
2026-05-04 09:18:57.036900,0,nan,nan,nan,nan,nan,nan,0.068609,-0.048275,0.558523,nan,nan,nan,nan,nan,nan,-2.943372,0.021892,0.931816
2026-05-04 09:18:57.054631,0,nan,nan,nan,nan,nan,nan,0.064329,-0.048513,0.560716,nan,nan,nan,nan,nan,nan,-2.961353,0.01065,0.913517
2026-05-04 09:18:57.073443,0,nan,nan,nan,nan,nan,nan,0.062283,-0.048788,0.562524,nan,nan,nan,nan,nan,nan,-2.955767,0.000991,0.922364
2026-05-04 09:18:57.091548,0,nan,nan,nan,nan,nan,nan,0.058309,-0.048981,0.566981,nan,nan,nan,nan,nan,nan,-2.938727,0.008283,0.928372
2026-05-04 09:18:57.108938,0,nan,nan,nan,nan,nan,nan,0.053611,-0.049187,0.571301,nan,nan,nan,nan,nan,nan,-2.959153,0.003988,0.911679
2026-05-04 09:18:57.126552,0,nan,nan,nan,nan,nan,nan,0.049253,-0.04922,0.573798,nan,nan,nan,nan,nan,nan,-2.940025,0.015552,0.924753
2026-05-04 09:18:57.144575,0,nan,nan,nan,nan,nan,nan,0.043999,-0.048839,0.57449,nan,nan,nan,nan,nan,nan,-2.990422,0.005788,0.955969
2026-05-04 09:18:57.163365,0,nan,nan,nan,nan,nan,nan,0.039115,-0.049294,0.578043,nan,nan,nan,nan,nan,nan,-2.990803,0.001936,0.93264
2026-05-04 09:18:57.181602,0,nan,nan,nan,nan,nan,nan,0.033676,-0.049518,0.580812,nan,nan,nan,nan,nan,nan,-2.963059,-0.00187,0.958415
2026-05-04 09:18:57.198954,0,nan,nan,nan,nan,nan,nan,0.030897,-0.049572,0.582192,nan,nan,nan,nan,nan,nan,-2.934028,0.009468,0.968655
2026-05-04 09:18:57.217593,0,nan,nan,nan,nan,nan,nan,0.028027,-0.049695,0.583069,nan,nan,nan,nan,nan,nan,-2.94553,-0.007977,0.981815
2026-05-04 09:18:57.235993,0,nan,nan,nan,nan,nan,nan,0.019206,-0.049726,0.585126,nan,nan,nan,nan,nan,nan,-2.937575,0.003841,0.992077
2026-05-04 09:18:57.254344,0,nan,nan,nan,nan,nan,nan,0.01309,-0.04946,0.585378,nan,nan,nan,nan,nan,nan,-2.925158,0.015806,1.025706
2026-05-04 09:18:57.272867,0,nan,nan,nan,nan,nan,nan,0.007024,-0.049897,0.588302,nan,nan,nan,nan,nan,nan,-2.912867,-0.001045,1.038813
2026-05-04 09:18:57.290838,0,nan,nan,nan,nan,nan,nan,0.000265,-0.049941,0.588886,nan,nan,nan,nan,nan,nan,-2.901444,-0.003865,1.062404
2026-05-04 09:18:57.308866,0,nan,nan,nan,nan,nan,nan,-0.003055,-0.050029,0.590974,nan,nan,nan,nan,nan,nan,-2.908492,-0.002322,1.065428
2026-05-04 09:18:57.326684,0,nan,nan,nan,nan,nan,nan,-0.00931,-0.050036,0.589861,nan,nan,nan,nan,nan,nan,-2.892493,-0.002341,1.07481
2026-05-04 09:18:57.344432,0,0.158728,-0.049258,0.510296,nan,nan,nan,-0.015746,-0.050084,0.591024,-2.791161,0.059714,-1.358971,nan,nan,nan,-2.87616,-0.000183,1.114396
2026-05-04 09:18:57.363258,0,0.154762,-0.049188,0.51039,nan,nan,nan,-0.019281,-0.050152,0.592526,-2.795824,0.056492,-1.339399,nan,nan,nan,-2.888467,-0.00462,1.118935
2026-05-04 09:18:57.381664,0,0.14253,-0.049226,0.508849,nan,nan,nan,-0.02952,-0.050302,0.592143,-2.813767,0.05225,-1.314523,nan,nan,nan,-2.862097,0.001463,1.174562
2026-05-04 09:18:57.401067,0,0.13868,-0.049136,0.509774,nan,nan,nan,-0.033686,-0.050354,0.59733,-2.814574,0.061053,-1.291576,nan,nan,nan,-2.843804,0.002559,1.178621
2026-05-04 09:18:57.419130,0,0.12878,-0.049054,0.506496,nan,nan,nan,nan,nan,nan,-2.83013,0.054255,-1.261297,nan,nan,nan,nan,nan,nan
2026-05-04 09:18:57.437363,0,0.118952,-0.048923,0.503028,nan,nan,nan,nan,nan,nan,-2.843163,0.054491,-1.228459,nan,nan,nan,nan,nan,nan
2026-05-04 09:18:57.455832,0,0.110309,-0.048643,0.502602,nan,nan,nan,-0.056273,-0.05037,0.597562,-2.842951,0.056513,-1.216336,nan,nan,nan,-2.830212,-0.015088,1.267316
2026-05-04 09:18:57.474349,0,0.101152,-0.048725,0.501026,nan,nan,nan,-0.064072,-0.050975,0.601802,-2.869436,0.05292,-1.178606,nan,nan,nan,-2.83355,-0.005934,1.288878
2026-05-04 09:18:57.492872,0,0.096464,-0.048428,0.498528,nan,nan,nan,-0.067742,-0.050794,0.601544,-2.867761,0.053777,-1.162104,nan,nan,nan,-2.810851,0.003219,1.285884
2026-05-04 09:18:57.511711,0,0.087273,-0.048256,0.4962,nan,nan,nan,nan,nan,nan,-2.875947,0.053758,-1.127867,nan,nan,nan,nan,nan,nan
2026-05-04 09:18:57.528626,0,0.077767,-0.048381,0.493896,nan,nan,nan,-0.081968,-0.050523,0.601129,-2.899251,0.06034,-1.11382,nan,nan,nan,-2.77683,-0.005851,1.35075
2026-05-04 09:18:57.547018,0,0.068598,-0.04848,0.493738,nan,nan,nan,-0.089869,-0.050748,0.606473,-2.918258,0.051034,-1.072021,nan,nan,nan,-2.766249,0.000587,1.370718
2026-05-04 09:18:57.565136,0,0.058184,-0.047201,0.484377,nan,nan,nan,nan,nan,nan,-2.933532,0.040189,-1.053284,nan,nan,nan,nan,nan,nan
2026-05-04 09:18:57.584933,0,0.054251,-0.04813,0.488729,nan,nan,nan,nan,nan,nan,-2.947971,0.037072,-1.007597,nan,nan,nan,nan,nan,nan
2026-05-04 09:18:57.605100,0,0.04492,-0.048219,0.48782,nan,nan,nan,-0.10647,-0.050784,0.60293,-2.940594,0.030757,-0.976824,nan,nan,nan,-2.735013,-0.009185,1.468919
2026-05-04 09:18:57.624762,0,0.03141,-0.047857,0.480243,nan,nan,nan,nan,nan,nan,-2.978598,0.043466,-0.947765,nan,nan,nan,nan,nan,nan
2026-05-04 09:18:57.644295,0,0.023482,-0.047627,0.476291,nan,nan,nan,-0.123017,-0.051544,0.607831,-2.965813,0.034184,-0.90993,nan,nan,nan,-2.699728,-0.014054,1.522508
2026-05-04 09:18:57.663036,0,0.015802,-0.047481,0.472338,nan,nan,nan,nan,nan,nan,-2.985549,0.029073,-0.87925,nan,nan,nan,nan,nan,nan
2026-05-04 09:18:57.680838,0,0.007976,-0.047244,0.467432,nan,nan,nan,nan,nan,nan,-2.995319,0.026857,-0.833463,nan,nan,nan,nan,nan,nan
2026-05-04 09:18:57.698981,0,0.004393,-0.047151,0.465349,nan,nan,nan,nan,nan,nan,-3.008482,0.027529,-0.817478,nan,nan,nan,nan,nan,nan
2026-05-04 09:18:57.717402,0,-0.002745,-0.046991,0.462144,nan,nan,nan,nan,nan,nan,-2.992544,0.025328,-0.786927,nan,nan,nan,nan,nan,nan
2026-05-04 09:18:57.735939,0,-0.009784,-0.046633,0.454896,nan,nan,nan,nan,nan,nan,-3.01286,0.031943,-0.777411,nan,nan,nan,nan,nan,nan
2026-05-04 09:18:57.754489,0,-0.016103,-0.046528,0.452648,nan,nan,nan,nan,nan,nan,-3.010124,0.019516,-0.720252,nan,nan,nan,nan,nan,nan
2026-05-04 09:18:57.773021,0,-0.021236,-0.046126,0.444497,nan,nan,nan,nan,nan,nan,-3.034095,0.022945,-0.705491,nan,nan,nan,nan,nan,nan
2026-05-04 09:18:57.791617,0,-0.02613,-0.04588,0.439306,nan,nan,nan,nan,nan,nan,-3.01365,0.018739,-0.685626,nan,nan,nan,nan,nan,nan
2026-05-04 09:18:57.809667,0,-0.028243,-0.045731,0.436406,nan,nan,nan,nan,nan,nan,-3.038654,0.027195,-0.69915,nan,nan,nan,nan,nan,nan
2026-05-04 09:18:57.827964,0,-0.031755,-0.045431,0.430088,nan,nan,nan,nan,nan,nan,-3.029465,0.017729,-0.652976,nan,nan,nan,nan,nan,nan
2026-05-04 09:18:57.847357,0,-0.034278,-0.045167,0.425017,nan,nan,nan,nan,nan,nan,-3.062987,0.0328,-0.650162,nan,nan,nan,nan,nan,nan
2026-05-04 09:18:57.865674,0,-0.036408,-0.044888,0.418801,nan,nan,nan,nan,nan,nan,-3.054864,0.020859,-0.607269,nan,nan,nan,nan,nan,nan
2026-05-04 09:18:57.885081,0,-0.037451,-0.044503,0.411036,nan,nan,nan,nan,nan,nan,-3.058706,0.025871,-0.639991,nan,nan,nan,nan,nan,nan
2026-05-04 09:18:57.903250,0,-0.038617,-0.044692,0.408215,nan,nan,nan,nan,nan,nan,-3.038095,0.020926,-0.561229,nan,nan,nan,nan,nan,nan
2026-05-04 09:18:57.921810,0,-0.037942,-0.043908,0.397983,nan,nan,nan,nan,nan,nan,-3.04859,0.01721,-0.608273,nan,nan,nan,nan,nan,nan
2026-05-04 09:18:57.940231,0,-0.038267,-0.044483,0.399564,nan,nan,nan,nan,nan,nan,-3.068636,0.018228,-0.560593,nan,nan,nan,nan,nan,nan
2026-05-04 09:18:57.958763,0,-0.037307,-0.043891,0.391688,nan,nan,nan,nan,nan,nan,-3.058888,0.007702,-0.549018,nan,nan,nan,nan,nan,nan
2026-05-04 09:18:57.976982,0,-0.035779,-0.043582,0.386911,nan,nan,nan,nan,nan,nan,-3.081992,0.005444,-0.54172,nan,nan,nan,nan,nan,nan
2026-05-04 09:18:57.996245,0,-0.03365,-0.043698,0.381977,nan,nan,nan,nan,nan,nan,-3.062645,0.005954,-0.512867,nan,nan,nan,nan,nan,nan
2026-05-04 09:18:58.015210,0,-0.031559,-0.043422,0.375411,nan,nan,nan,nan,nan,nan,-3.082053,0.022875,-0.561867,nan,nan,nan,nan,nan,nan
2026-05-04 09:18:58.034163,0,-0.028978,-0.043188,0.370695,nan,nan,nan,nan,nan,nan,-3.06222,0.015817,-0.56883,nan,nan,nan,nan,nan,nan
2026-05-04 09:18:58.053030,0,-0.026726,-0.042915,0.365188,nan,nan,nan,nan,nan,nan,-3.073739,0.019868,-0.557328,nan,nan,nan,nan,nan,nan
2026-05-04 09:18:58.071175,0,-0.024182,-0.042659,0.359862,nan,nan,nan,nan,nan,nan,-3.043171,0.009061,-0.563118,nan,nan,nan,nan,nan,nan
2026-05-04 09:18:58.089294,0,-0.023048,-0.042496,0.356837,nan,nan,nan,nan,nan,nan,-3.054214,0.009274,-0.536703,nan,nan,nan,nan,nan,nan
2026-05-04 09:18:58.108296,0,-0.020271,-0.042178,0.351165,nan,nan,nan,nan,nan,nan,-3.084916,0.02382,-0.564596,nan,nan,nan,nan,nan,nan
2026-05-04 09:18:58.126787,0,-0.017491,-0.04204,0.347577,nan,nan,nan,nan,nan,nan,-3.051201,0.009412,-0.509108,nan,nan,nan,nan,nan,nan
2026-05-04 09:18:58.145358,0,-0.014396,-0.041733,0.34137,nan,nan,nan,nan,nan,nan,-3.059016,0.009817,-0.522933,nan,nan,nan,nan,nan,nan
2026-05-04 09:18:58.163655,0,-0.011201,-0.041509,0.337062,nan,nan,nan,nan,nan,nan,-3.055717,0.019013,-0.553923,nan,nan,nan,nan,nan,nan
2026-05-04 09:18:58.183845,0,-0.007854,-0.041428,0.333856,nan,nan,nan,nan,nan,nan,-3.072757,0.006751,-0.530188,nan,nan,nan,nan,nan,nan
2026-05-04 09:18:58.202454,0,-0.00448,-0.041122,0.329382,nan,nan,nan,nan,nan,nan,-3.058796,0.012295,-0.52051,nan,nan,nan,nan,nan,nan
2026-05-04 09:18:58.221895,0,-0.002428,-0.041045,0.327812,nan,nan,nan,nan,nan,nan,-3.058612,0.011056,-0.4763,nan,nan,nan,nan,nan,nan
2026-05-04 09:18:58.240243,0,0.002265,-0.040876,0.324314,nan,nan,nan,nan,nan,nan,-3.053568,0.013106,-0.503097,nan,nan,nan,nan,nan,nan
2026-05-04 09:18:58.258998,0,0.007426,-0.04071,0.320902,nan,nan,nan,nan,nan,nan,-3.054248,0.013592,-0.524873,nan,nan,nan,nan,nan,nan
2026-05-04 09:18:58.278222,0,0.0134,-0.0409,0.319343,nan,nan,nan,nan,nan,nan,-3.073246,0.008369,-0.561417,nan,nan,nan,nan,nan,nan
2026-05-04 09:18:58.304217,0,0.01947,-0.040479,0.3166,nan,nan,nan,nan,nan,nan,-3.054598,0.02208,-0.560552,nan,nan,nan,nan,nan,nan
2026-05-04 09:18:58.322876,0,0.029485,-0.040678,0.314792,nan,nan,nan,nan,nan,nan,-3.078255,0.006943,-0.555061,nan,nan,nan,nan,nan,nan
2026-05-04 09:18:58.342061,0,0.036765,-0.040353,0.313989,nan,nan,nan,nan,nan,nan,-3.04882,0.01878,-0.596227,nan,nan,nan,nan,nan,nan
2026-05-04 09:18:58.361038,0,0.040644,-0.040335,0.313767,nan,nan,nan,nan,nan,nan,-3.050459,0.019193,-0.587626,nan,nan,nan,nan,nan,nan
2026-05-04 09:18:58.379394,0,0.048836,-0.040358,0.314278,nan,nan,nan,nan,nan,nan,-3.055676,0.019453,-0.590245,nan,nan,nan,nan,nan,nan
2026-05-04 09:18:58.397522,0,0.057133,-0.040319,0.313447,nan,nan,nan,nan,nan,nan,-3.044275,0.023512,-0.630917,nan,nan,nan,nan,nan,nan
2026-05-04 09:18:58.415317,0,0.066184,-0.040353,0.314019,nan,nan,nan,nan,nan,nan,-3.041666,0.023437,-0.654137,nan,nan,nan,nan,nan,nan
2026-05-04 09:18:58.434219,0,0.075807,-0.04082,0.316421,nan,nan,nan,nan,nan,nan,-3.045478,0.012953,-0.665721,nan,nan,nan,nan,nan,nan
2026-05-04 09:18:58.451441,0,0.085704,-0.040822,0.317796,nan,nan,nan,nan,nan,nan,-3.044937,0.015032,-0.687889,nan,nan,nan,nan,nan,nan
2026-05-04 09:18:58.468722,0,0.090681,-0.040739,0.318301,nan,nan,nan,nan,nan,nan,-3.041021,0.017176,-0.697048,nan,nan,nan,nan,nan,nan
2026-05-04 09:18:58.486282,0,0.101325,-0.040831,0.320529,nan,nan,nan,nan,nan,nan,-3.035336,0.015639,-0.729813,nan,nan,nan,nan,nan,nan
2026-05-04 09:18:58.505471,0,0.112269,-0.041046,0.3233,nan,nan,nan,-0.016847,-0.045082,0.468594,-3.027522,0.017049,-0.757535,nan,nan,nan,-2.629964,-0.022006,1.674086
2026-05-04 09:18:58.524939,0,0.123401,-0.040962,0.325857,nan,nan,nan,-0.008091,-0.044874,0.469966,-3.009658,0.028019,-0.787382,nan,nan,nan,-2.63323,-0.010547,1.645319
2026-05-04 09:18:58.543157,0,0.135246,-0.041152,0.328872,nan,nan,nan,0.001096,-0.044807,0.469826,-3.001994,0.0272,-0.81432,nan,nan,nan,-2.646592,-0.008299,1.615993
2026-05-04 09:18:58.563534,0,0.141698,-0.041794,0.332285,nan,nan,nan,0.005556,-0.044816,0.470211,-2.997558,0.026806,-0.83851,nan,nan,nan,-2.659203,-0.016218,1.614358
2026-05-04 09:18:58.582349,0,0.158988,-0.042055,0.336295,nan,nan,nan,nan,nan,nan,-2.98442,0.020724,-0.884493,nan,nan,nan,nan,nan,nan
2026-05-04 09:18:58.602090,0,0.165159,-0.042595,0.338626,nan,nan,nan,0.023818,-0.045614,0.472179,-2.984888,0.016766,-0.907611,nan,nan,nan,-2.714784,-0.013684,1.552134
2026-05-04 09:18:58.619788,0,0.177247,-0.042713,0.342579,nan,nan,nan,0.033006,-0.045521,0.4715,-2.976803,0.016203,-0.940839,nan,nan,nan,-2.730015,-0.011969,1.525118
2026-05-04 09:18:58.644121,0,0.188489,-0.042546,0.34666,nan,nan,nan,0.041859,-0.045397,0.47339,-2.959459,0.030562,-0.971533,nan,nan,nan,-2.758949,-0.002171,1.466227
2026-05-04 09:18:58.661883,0,0.205164,-0.042828,0.352904,nan,nan,nan,0.054675,-0.045215,0.473717,-2.942128,0.030774,-1.042602,nan,nan,nan,-2.780433,-0.003786,1.435774
2026-05-04 09:18:58.680219,0,0.21041,-0.042442,0.355325,nan,nan,nan,0.058657,-0.044732,0.473722,-2.928182,0.040443,-1.064104,nan,nan,nan,-2.790679,0.002012,1.397737
2026-05-04 09:18:58.697841,0,0.220214,-0.042901,0.360408,nan,nan,nan,0.066281,-0.044935,0.475392,-2.919378,0.037992,-1.116319,nan,nan,nan,-2.807984,-0.008335,1.366672
2026-05-04 09:18:58.717491,0,nan,nan,nan,nan,nan,nan,0.073321,-0.045031,0.477063,nan,nan,nan,nan,nan,nan,-2.833286,-0.007251,1.313451
2026-05-04 09:18:58.735648,0,nan,nan,nan,nan,nan,nan,0.080011,-0.04513,0.478943,nan,nan,nan,nan,nan,nan,-2.846659,-0.006568,1.291277
2026-05-04 09:18:58.754117,0,nan,nan,nan,nan,nan,nan,0.086122,-0.04551,0.483161,nan,nan,nan,nan,nan,nan,-2.867375,0.006827,1.234302
2026-05-04 09:18:58.773442,0,nan,nan,nan,nan,nan,nan,0.088658,-0.045501,0.484076,nan,nan,nan,nan,nan,nan,-2.883455,-0.003775,1.219571
2026-05-04 09:18:58.794064,0,nan,nan,nan,nan,nan,nan,0.095253,-0.045652,0.489097,nan,nan,nan,nan,nan,nan,-2.896504,-0.002249,1.168911
2026-05-04 09:18:58.812949,0,nan,nan,nan,nan,nan,nan,0.099008,-0.046127,0.495051,nan,nan,nan,nan,nan,nan,-2.896463,0.011803,1.132355
2026-05-04 09:18:58.831814,0,nan,nan,nan,nan,nan,nan,0.100951,-0.04592,0.497354,nan,nan,nan,nan,nan,nan,-2.919707,7e-06,1.088789
2026-05-04 09:18:58.850123,0,nan,nan,nan,nan,nan,nan,0.102071,-0.046084,0.501487,nan,nan,nan,nan,nan,nan,-2.913221,0.017376,1.048111
2026-05-04 09:18:58.868394,0,nan,nan,nan,nan,nan,nan,0.102481,-0.046149,0.504173,nan,nan,nan,nan,nan,nan,-2.908587,0.007376,1.068311
2026-05-04 09:18:58.886384,0,nan,nan,nan,nan,nan,nan,0.103112,-0.046401,0.508869,nan,nan,nan,nan,nan,nan,-2.922883,0.011953,1.03766
2026-05-04 09:18:58.905174,0,nan,nan,nan,nan,nan,nan,0.102745,-0.046398,0.510673,nan,nan,nan,nan,nan,nan,-2.956941,-0.000465,1.023992
2026-05-04 09:18:58.922191,0,nan,nan,nan,nan,nan,nan,0.100642,-0.046637,0.517222,nan,nan,nan,nan,nan,nan,-2.952077,0.013459,0.995886
2026-05-04 09:18:58.945342,0,nan,nan,nan,nan,nan,nan,0.099246,-0.046518,0.518325,nan,nan,nan,nan,nan,nan,-2.968037,0.000876,1.021474
2026-05-04 09:18:58.963058,0,nan,nan,nan,nan,nan,nan,0.095536,-0.047198,0.525481,nan,nan,nan,nan,nan,nan,-2.933694,0.006323,0.996614
2026-05-04 09:18:58.981003,0,nan,nan,nan,nan,nan,nan,0.091856,-0.047315,0.530151,nan,nan,nan,nan,nan,nan,-2.927138,0.014843,0.977966
2026-05-04 09:18:58.999220,0,nan,nan,nan,nan,nan,nan,0.089758,-0.04738,0.530338,nan,nan,nan,nan,nan,nan,-2.966819,-0.004904,0.967125
2026-05-04 09:18:59.017076,0,nan,nan,nan,nan,nan,nan,0.085642,-0.047543,0.535066,nan,nan,nan,nan,nan,nan,-2.966713,0.007242,0.942076
2026-05-04 09:18:59.034700,0,nan,nan,nan,nan,nan,nan,0.081354,-0.04757,0.53983,nan,nan,nan,nan,nan,nan,-2.986998,0.007278,0.936592
2026-05-04 09:18:59.051920,0,nan,nan,nan,nan,nan,nan,0.076912,-0.047846,0.542186,nan,nan,nan,nan,nan,nan,-2.978163,0.007938,0.917093
2026-05-04 09:18:59.069419,0,nan,nan,nan,nan,nan,nan,0.074863,-0.048108,0.545679,nan,nan,nan,nan,nan,nan,-2.96295,-0.003294,0.942995
2026-05-04 09:18:59.087255,0,nan,nan,nan,nan,nan,nan,0.070161,-0.048279,0.551074,nan,nan,nan,nan,nan,nan,-2.922041,0.016107,0.908738
2026-05-04 09:18:59.105598,0,nan,nan,nan,nan,nan,nan,0.065646,-0.048498,0.555713,nan,nan,nan,nan,nan,nan,-2.957251,0.006889,0.88715
2026-05-04 09:18:59.124123,0,nan,nan,nan,nan,nan,nan,0.060469,-0.048102,0.55952,nan,nan,nan,nan,nan,nan,-2.990617,0.011762,0.884962
2026-05-04 09:18:59.141420,0,nan,nan,nan,nan,nan,nan,0.055598,-0.048707,0.561827,nan,nan,nan,nan,nan,nan,-3.007375,-0.003669,0.863094
2026-05-04 09:18:59.158903,0,nan,nan,nan,nan,nan,nan,0.053176,-0.049324,0.566162,nan,nan,nan,nan,nan,nan,-2.971829,0.021004,0.87819
2026-05-04 09:18:59.176749,0,nan,nan,nan,nan,nan,nan,0.047621,-0.049359,0.570792,nan,nan,nan,nan,nan,nan,-2.974676,0.010679,0.875132
2026-05-04 09:18:59.193695,0,nan,nan,nan,nan,nan,nan,0.041482,-0.049247,0.573159,nan,nan,nan,nan,nan,nan,-2.973154,0.000598,0.879138
2026-05-04 09:18:59.211197,0,nan,nan,nan,nan,nan,nan,0.038587,-0.049377,0.575569,nan,nan,nan,nan,nan,nan,-2.966158,-0.00053,0.877878
2026-05-04 09:18:59.229753,0,nan,nan,nan,nan,nan,nan,0.032712,-0.049459,0.578201,nan,nan,nan,nan,nan,nan,-2.956216,0.008776,0.877979
2026-05-04 09:18:59.245859,0,nan,nan,nan,nan,nan,nan,0.026011,-0.049657,0.58227,nan,nan,nan,nan,nan,nan,-2.942832,0.010559,0.893203
2026-05-04 09:18:59.271435,0,nan,nan,nan,nan,nan,nan,0.022496,-0.049674,0.582582,nan,nan,nan,nan,nan,nan,-2.956178,0.004458,0.905791
2026-05-04 09:18:59.289571,0,nan,nan,nan,nan,nan,nan,0.012154,-0.049854,0.5865,nan,nan,nan,nan,nan,nan,-2.924922,0.010825,0.923563
2026-05-04 09:18:59.306807,0,nan,nan,nan,nan,nan,nan,0.005442,-0.049881,0.58872,nan,nan,nan,nan,nan,nan,-2.956099,0.00638,0.925218
2026-05-04 09:18:59.326642,0,nan,nan,nan,nan,nan,nan,-0.001931,-0.050056,0.590992,nan,nan,nan,nan,nan,nan,-2.946723,0.003798,0.961805
2026-05-04 09:18:59.344487,0,nan,nan,nan,nan,nan,nan,-0.009229,-0.050183,0.594374,nan,nan,nan,nan,nan,nan,-2.933003,-0.000265,0.987133
2026-05-04 09:18:59.365653,0,nan,nan,nan,nan,nan,nan,-0.012607,-0.050179,0.592516,nan,nan,nan,nan,nan,nan,-2.917696,0.000805,0.974591
2026-05-04 09:18:59.382432,0,nan,nan,nan,nan,nan,nan,-0.024251,-0.050399,0.598948,nan,nan,nan,nan,nan,nan,-2.909468,0.000185,1.028245
2026-05-04 09:18:59.399909,0,0.150922,-0.049806,0.526145,nan,nan,nan,-0.028205,-0.050333,0.597352,-2.747351,0.07303,-1.435807,nan,nan,nan,-2.925145,-0.007946,1.046667
2026-05-04 09:18:59.417098,0,nan,nan,nan,nan,nan,nan,-0.036052,-0.05082,0.599069,nan,nan,nan,nan,nan,nan,-2.924751,0.006057,1.054539
2026-05-04 09:18:59.440906,0,0.13086,-0.04929,0.518894,nan,nan,nan,-0.044093,-0.050431,0.598102,-2.776205,0.070055,-1.362718,nan,nan,nan,-2.866291,-0.007271,1.146943
2026-05-04 09:18:59.458800,0,0.119836,-0.049129,0.514159,nan,nan,nan,-0.052794,-0.050603,0.599728,-2.797048,0.074164,-1.335809,nan,nan,nan,-2.855799,0.010672,1.140407
2026-05-04 09:18:59.476018,0,0.110183,-0.048842,0.512545,nan,nan,nan,nan,nan,nan,-2.807638,0.056577,-1.296179,nan,nan,nan,nan,nan,nan
2026-05-04 09:18:59.492775,0,nan,nan,nan,nan,nan,nan,nan,nan,nan,nan,nan,nan,nan,nan,nan,nan,nan,nan
2026-05-04 09:18:59.509941,0,0.091167,-0.049066,0.509974,nan,nan,nan,-0.078258,-0.050541,0.600369,-2.837269,0.061037,-1.247367,nan,nan,nan,-2.852208,-0.02193,1.232827
2026-05-04 09:18:59.526911,0,0.085544,-0.049046,0.5066,nan,nan,nan,-0.082952,-0.050697,0.602085,-2.843858,0.054183,-1.238986,nan,nan,nan,-2.840202,-0.007058,1.227684
2026-05-04 09:18:59.544217,0,0.074829,-0.049017,0.504813,nan,nan,nan,nan,nan,nan,-2.861208,0.047285,-1.177693,nan,nan,nan,nan,nan,nan
2026-05-04 09:18:59.569320,0,0.063459,-0.048807,0.500434,nan,nan,nan,-0.100168,-0.051155,0.603794,-2.876037,0.041791,-1.147427,nan,nan,nan,-2.806043,-0.012247,1.314728
2026-05-04 09:18:59.588576,0,0.051955,-0.048542,0.494281,nan,nan,nan,-0.108175,-0.050571,0.599909,-2.912425,0.041868,-1.115988,nan,nan,nan,-2.779145,-0.001564,1.349291
2026-05-04 09:18:59.607009,0,0.04066,-0.048257,0.489065,nan,nan,nan,-0.117919,-0.05151,0.606023,-2.916516,0.033002,-1.059957,nan,nan,nan,-2.777363,0.005812,1.382805
2026-05-04 09:18:59.624871,0,0.029871,-0.048028,0.483473,nan,nan,nan,nan,nan,nan,-2.92212,0.034225,-1.029885,nan,nan,nan,nan,nan,nan
2026-05-04 09:18:59.643223,0,0.019549,-0.047656,0.476316,nan,nan,nan,-0.133161,-0.051617,0.603105,-2.953388,0.046997,-0.996872,nan,nan,nan,-2.73695,-0.011884,1.46503
2026-05-04 09:18:59.659768,0,0.009413,-0.04748,0.472254,nan,nan,nan,nan,nan,nan,-2.960511,0.031015,-0.941706,nan,nan,nan,nan,nan,nan
2026-05-04 09:18:59.677652,0,0.004212,-0.047296,0.468484,nan,nan,nan,nan,nan,nan,-2.957984,0.036748,-0.951993,nan,nan,nan,nan,nan,nan
2026-05-04 09:18:59.698041,0,-0.006765,-0.046914,0.460649,nan,nan,nan,nan,nan,nan,-2.979036,0.033341,-0.891725,nan,nan,nan,nan,nan,nan
2026-05-04 09:18:59.715604,0,-0.016906,-0.046579,0.453697,nan,nan,nan,nan,nan,nan,-2.985459,0.022528,-0.825879,nan,nan,nan,nan,nan,nan
2026-05-04 09:18:59.734367,0,-0.026309,-0.046237,0.446505,nan,nan,nan,nan,nan,nan,-3.008269,0.02664,-0.790527,nan,nan,nan,nan,nan,nan
2026-05-04 09:18:59.751924,0,-0.035251,-0.045955,0.440836,nan,nan,nan,nan,nan,nan,-2.998274,0.023741,-0.759966,nan,nan,nan,nan,nan,nan
2026-05-04 09:18:59.769482,0,-0.039606,-0.045948,0.440712,nan,nan,nan,nan,nan,nan,-3.00311,0.017614,-0.720301,nan,nan,nan,nan,nan,nan
2026-05-04 09:18:59.787394,0,-0.046541,-0.045517,0.431854,nan,nan,nan,nan,nan,nan,-3.018992,0.018555,-0.696702,nan,nan,nan,nan,nan,nan
2026-05-04 09:18:59.805773,0,-0.053023,-0.045144,0.424262,nan,nan,nan,nan,nan,nan,-3.050799,0.029555,-0.689536,nan,nan,nan,nan,nan,nan
2026-05-04 09:18:59.824816,0,-0.059873,-0.044906,0.419289,nan,nan,nan,nan,nan,nan,-3.02983,0.024076,-0.657893,nan,nan,nan,nan,nan,nan
2026-05-04 09:18:59.842316,0,-0.065752,-0.044837,0.4121,nan,nan,nan,nan,nan,nan,-3.065376,0.005589,-0.56523,nan,nan,nan,nan,nan,nan
2026-05-04 09:18:59.859937,0,-0.068263,-0.044906,0.408861,nan,nan,nan,nan,nan,nan,3.071889,-0.019898,0.592786,nan,nan,nan,nan,nan,nan
2026-05-04 09:18:59.879085,0,-0.073238,-0.044597,0.402432,nan,nan,nan,nan,nan,nan,3.079421,-0.023789,0.524491,nan,nan,nan,nan,nan,nan
2026-05-04 09:18:59.897482,0,-0.077047,-0.044189,0.397585,nan,nan,nan,nan,nan,nan,-3.082026,0.013893,-0.49471,nan,nan,nan,nan,nan,nan
2026-05-04 09:18:59.915090,0,-0.079346,-0.043759,0.388605,nan,nan,nan,nan,nan,nan,-3.108532,0.008868,-0.442344,nan,nan,nan,nan,nan,nan
2026-05-04 09:18:59.932988,0,-0.081387,-0.043743,0.382603,nan,nan,nan,nan,nan,nan,3.093086,-0.02398,0.457193,nan,nan,nan,nan,nan,nan
2026-05-04 09:18:59.950686,0,-0.082679,-0.043555,0.377877,nan,nan,nan,nan,nan,nan,-3.094985,0.010925,-0.407771,nan,nan,nan,nan,nan,nan
2026-05-04 09:18:59.968037,0,-0.082919,-0.043364,0.374186,nan,nan,nan,nan,nan,nan,-3.115469,0.002197,-0.281489,nan,nan,nan,nan,nan,nan
2026-05-04 09:18:59.986680,0,-0.08305,-0.04324,0.371729,nan,nan,nan,nan,nan,nan,-3.099719,0.015571,-0.423288,nan,nan,nan,nan,nan,nan
2026-05-04 09:19:00.005940,0,-0.08249,-0.042825,0.363496,nan,nan,nan,nan,nan,nan,-3.094002,0.00941,-0.388948,nan,nan,nan,nan,nan,nan
2026-05-04 09:19:00.024791,0,-0.081393,-0.042385,0.355948,nan,nan,nan,nan,nan,nan,3.099211,-0.008611,0.291404,nan,nan,nan,nan,nan,nan
2026-05-04 09:19:00.043038,0,-0.08084,-0.04231,0.353008,nan,nan,nan,nan,nan,nan,-3.090007,0.013127,-0.348211,nan,nan,nan,nan,nan,nan
2026-05-04 09:19:00.062142,0,-0.078797,-0.042071,0.348246,nan,nan,nan,nan,nan,nan,-3.056109,0.008185,-0.330533,nan,nan,nan,nan,nan,nan
2026-05-04 09:19:00.081266,0,-0.077278,-0.041893,0.344938,nan,nan,nan,nan,nan,nan,-3.102824,0.017821,-0.387514,nan,nan,nan,nan,nan,nan
2026-05-04 09:19:00.100186,0,-0.074516,-0.042068,0.341508,nan,nan,nan,nan,nan,nan,-3.076956,-0.000264,-0.42017,nan,nan,nan,nan,nan,nan
2026-05-04 09:19:00.119502,0,-0.07142,-0.041347,0.3345,nan,nan,nan,nan,nan,nan,3.124921,-0.008444,0.289323,nan,nan,nan,nan,nan,nan
2026-05-04 09:19:00.138591,0,-0.068528,-0.041259,0.332053,nan,nan,nan,nan,nan,nan,-3.076483,0.004895,-0.250083,nan,nan,nan,nan,nan,nan
2026-05-04 09:19:00.156777,0,-0.064598,-0.041087,0.328645,nan,nan,nan,nan,nan,nan,-3.080036,0.0127,-0.343506,nan,nan,nan,nan,nan,nan
2026-05-04 09:19:00.175164,0,-0.059421,-0.040825,0.323423,nan,nan,nan,nan,nan,nan,-3.064634,0.019485,-0.394841,nan,nan,nan,nan,nan,nan
2026-05-04 09:19:00.193737,0,-0.053795,-0.04075,0.319754,nan,nan,nan,nan,nan,nan,-3.076422,0.018679,-0.43147,nan,nan,nan,nan,nan,nan
2026-05-04 09:19:00.212915,0,-0.047537,-0.040852,0.317755,nan,nan,nan,nan,nan,nan,-3.066497,-0.00035,-0.360922,nan,nan,nan,nan,nan,nan
2026-05-04 09:19:00.232097,0,-0.044109,-0.041044,0.317299,nan,nan,nan,nan,nan,nan,-3.06474,-0.001529,-0.337612,nan,nan,nan,nan,nan,nan
2026-05-04 09:19:00.251738,0,-0.03678,-0.040571,0.313776,nan,nan,nan,nan,nan,nan,-3.074893,0.007166,-0.405426,nan,nan,nan,nan,nan,nan
2026-05-04 09:19:00.271603,0,-0.028474,-0.040377,0.310706,nan,nan,nan,nan,nan,nan,-3.112924,0.005265,-0.366765,nan,nan,nan,nan,nan,nan
2026-05-04 09:19:00.290810,0,-0.019733,-0.040441,0.309975,nan,nan,nan,nan,nan,nan,-3.074497,0.007297,-0.400986,nan,nan,nan,nan,nan,nan
2026-05-04 09:19:00.309795,0,-0.010149,-0.040501,0.309125,nan,nan,nan,nan,nan,nan,-3.085981,0.016288,-0.409462,nan,nan,nan,nan,nan,nan
2026-05-04 09:19:00.328928,0,-0.000143,-0.040606,0.308691,nan,nan,nan,nan,nan,nan,-3.084293,0.012732,-0.409884,nan,nan,nan,nan,nan,nan
2026-05-04 09:19:00.348122,0,0.010443,-0.040607,0.308518,nan,nan,nan,nan,nan,nan,-3.069526,0.015546,-0.464628,nan,nan,nan,nan,nan,nan
2026-05-04 09:19:00.367313,0,0.021992,-0.040571,0.308433,nan,nan,nan,nan,nan,nan,-3.070048,0.017626,-0.507701,nan,nan,nan,nan,nan,nan
2026-05-04 09:19:00.385609,0,0.033383,-0.040444,0.308095,nan,nan,nan,nan,nan,nan,-3.071239,0.019515,-0.529923,nan,nan,nan,nan,nan,nan
2026-05-04 09:19:00.406297,0,0.04554,-0.040635,0.30922,nan,nan,nan,nan,nan,nan,-3.06117,0.019707,-0.54006,nan,nan,nan,nan,nan,nan
2026-05-04 09:19:00.424905,0,0.057963,-0.040572,0.310428,nan,nan,nan,nan,nan,nan,-3.054389,0.014874,-0.597049,nan,nan,nan,nan,nan,nan
2026-05-04 09:19:00.442649,0,0.070442,-0.040759,0.311556,nan,nan,nan,nan,nan,nan,-3.045723,0.02071,-0.624884,nan,nan,nan,nan,nan,nan
2026-05-04 09:19:00.461350,0,0.076615,-0.040593,0.312274,nan,nan,nan,nan,nan,nan,-3.054273,0.016717,-0.6388,nan,nan,nan,nan,nan,nan
2026-05-04 09:19:00.479783,0,0.089338,-0.040819,0.313892,nan,nan,nan,nan,nan,nan,-3.038343,0.017518,-0.670045,nan,nan,nan,nan,nan,nan
2026-05-04 09:19:00.498806,0,0.101837,-0.040697,0.315758,nan,nan,nan,-0.022968,-0.045133,0.466047,-3.031086,0.014079,-0.709261,nan,nan,nan,-2.599594,-0.028534,1.72999
2026-05-04 09:19:00.516345,0,0.114907,-0.040845,0.318588,nan,nan,nan,nan,nan,nan,-3.031493,0.017068,-0.743315,nan,nan,nan,nan,nan,nan
2026-05-04 09:19:00.534032,0,0.127376,-0.040881,0.321453,nan,nan,nan,-0.003449,-0.04479,0.464722,-3.016528,0.023485,-0.782547,nan,nan,nan,-2.634287,-0.025188,1.664959
2026-05-04 09:19:00.552260,0,0.139882,-0.04096,0.325042,nan,nan,nan,0.006281,-0.044807,0.465454,-3.001383,0.027336,-0.818774,nan,nan,nan,-2.655029,-0.019981,1.629228
2026-05-04 09:19:00.569819,0,0.146035,-0.040994,0.326718,nan,nan,nan,0.01093,-0.04481,0.466304,-3.000701,0.028484,-0.828877,nan,nan,nan,-2.654616,-0.016496,1.616492
2026-05-04 09:19:00.588309,0,0.158804,-0.041256,0.332052,nan,nan,nan,0.020333,-0.044713,0.46697,-2.98478,0.035114,-0.878494,nan,nan,nan,-2.688513,-0.016012,1.563309
2026-05-04 09:19:00.607738,0,0.171319,-0.041558,0.338027,nan,nan,nan,0.029268,-0.044492,0.469144,-2.973903,0.041053,-0.915708,nan,nan,nan,-2.71373,-0.001504,1.528889
2026-05-04 09:19:00.625686,0,0.182943,-0.041817,0.343196,nan,nan,nan,0.037965,-0.044767,0.471411,-2.961258,0.039244,-0.961475,nan,nan,nan,-2.742753,-0.008591,1.483067
2026-05-04 09:19:00.645783,0,0.194699,-0.04219,0.350578,nan,nan,nan,0.046294,-0.044779,0.474191,-2.944216,0.043613,-1.013623,nan,nan,nan,-2.749927,-0.004179,1.459858
2026-05-04 09:19:00.666307,0,0.205955,-0.042617,0.359049,nan,nan,nan,0.053659,-0.044982,0.476099,-2.926958,0.04272,-1.057663,nan,nan,nan,-2.791469,-0.008291,1.39301
2026-05-04 09:19:00.684297,0,0.215674,-0.04301,0.366834,nan,nan,nan,0.060694,-0.045302,0.481893,-2.910149,0.042266,-1.100362,nan,nan,nan,-2.796437,-0.010123,1.36073
2026-05-04 09:19:00.701426,0,nan,nan,nan,nan,nan,nan,0.06671,-0.045426,0.48458,nan,nan,nan,nan,nan,nan,-2.811657,-0.014024,1.331308
2026-05-04 09:19:00.720514,0,nan,nan,nan,nan,nan,nan,0.069563,-0.04545,0.485637,nan,nan,nan,nan,nan,nan,-2.805537,-0.000375,1.314564
2026-05-04 09:19:00.737838,0,nan,nan,nan,nan,nan,nan,0.074685,-0.045746,0.491651,nan,nan,nan,nan,nan,nan,-2.844356,-0.007651,1.25654
2026-05-04 09:19:00.755002,0,nan,nan,nan,nan,nan,nan,0.079027,-0.046125,0.496017,nan,nan,nan,nan,nan,nan,-2.856623,0.003678,1.238753
2026-05-04 09:19:00.773924,0,nan,nan,nan,nan,nan,nan,0.080951,-0.04637,0.50026,nan,nan,nan,nan,nan,nan,-2.885527,-0.00304,1.203867
2026-05-04 09:19:00.791213,0,nan,nan,nan,nan,nan,nan,0.084783,-0.046225,0.506992,nan,nan,nan,nan,nan,nan,-2.89263,-0.001767,1.180919
2026-05-04 09:19:00.809404,0,nan,nan,nan,nan,nan,nan,0.085703,-0.046336,0.509567,nan,nan,nan,nan,nan,nan,-2.918871,-0.001075,1.131216
2026-05-04 09:19:00.827089,0,nan,nan,nan,nan,nan,nan,0.087051,-0.046659,0.515662,nan,nan,nan,nan,nan,nan,-2.887589,0.006313,1.119962
2026-05-04 09:19:00.844836,0,nan,nan,nan,nan,nan,nan,0.087522,-0.046815,0.520205,nan,nan,nan,nan,nan,nan,-2.937048,-0.003707,1.078951
2026-05-04 09:19:00.863010,0,nan,nan,nan,nan,nan,nan,0.087115,-0.047053,0.525642,nan,nan,nan,nan,nan,nan,-2.910157,-0.000287,1.086225
2026-05-04 09:19:00.881995,0,nan,nan,nan,nan,nan,nan,0.086654,-0.047233,0.526911,nan,nan,nan,nan,nan,nan,-2.919626,0.002019,1.046601
2026-05-04 09:19:00.900055,0,nan,nan,nan,nan,nan,nan,0.085412,-0.047549,0.532871,nan,nan,nan,nan,nan,nan,-2.928445,-0.0087,1.05287
2026-05-04 09:19:00.918758,0,nan,nan,nan,nan,nan,nan,0.083333,-0.04776,0.537725,nan,nan,nan,nan,nan,nan,-2.942349,-0.007744,1.020649
2026-05-04 09:19:00.937780,0,nan,nan,nan,nan,nan,nan,0.080825,-0.048129,0.544785,nan,nan,nan,nan,nan,nan,-2.929262,0.008833,1.000244
2026-05-04 09:19:00.956496,0,nan,nan,nan,nan,nan,nan,0.077484,-0.048355,0.549931,nan,nan,nan,nan,nan,nan,-2.920448,0.015333,0.974246
2026-05-04 09:19:00.973756,0,nan,nan,nan,nan,nan,nan,0.073415,-0.048455,0.554382,nan,nan,nan,nan,nan,nan,-2.936039,0.00588,0.974494
2026-05-04 09:19:00.992142,0,nan,nan,nan,nan,nan,nan,0.068992,-0.049084,0.559526,nan,nan,nan,nan,nan,nan,-2.966317,0.012708,0.957055
2026-05-04 09:19:01.011148,0,nan,nan,nan,nan,nan,nan,0.066883,-0.049086,0.56083,nan,nan,nan,nan,nan,nan,-2.967886,0.00633,0.961245
2026-05-04 09:19:01.029609,0,nan,nan,nan,nan,nan,nan,0.062201,-0.048918,0.563296,nan,nan,nan,nan,nan,nan,-2.963989,-0.00239,0.93786
2026-05-04 09:19:01.047565,0,nan,nan,nan,nan,nan,nan,0.057592,-0.048999,0.566813,nan,nan,nan,nan,nan,nan,-2.97491,-0.007932,0.902118
2026-05-04 09:19:01.068238,0,nan,nan,nan,nan,nan,nan,0.052773,-0.049083,0.571504,nan,nan,nan,nan,nan,nan,-2.965066,0.011118,0.883189
2026-05-04 09:19:01.085932,0,nan,nan,nan,nan,nan,nan,0.047693,-0.049274,0.575478,nan,nan,nan,nan,nan,nan,-2.969379,0.004374,0.876713
2026-05-04 09:19:01.103836,0,nan,nan,nan,nan,nan,nan,0.042823,-0.049472,0.577812,nan,nan,nan,nan,nan,nan,-2.983196,-0.003927,0.860363
2026-05-04 09:19:01.121456,0,nan,nan,nan,nan,nan,nan,0.037885,-0.049668,0.581847,nan,nan,nan,nan,nan,nan,-3.000649,-0.006824,0.835926
2026-05-04 09:19:01.139104,0,nan,nan,nan,nan,nan,nan,0.035352,-0.049771,0.584266,nan,nan,nan,nan,nan,nan,-2.969812,0.003618,0.859537
2026-05-04 09:19:01.158250,0,nan,nan,nan,nan,nan,nan,0.029885,-0.049744,0.587901,nan,nan,nan,nan,nan,nan,-2.948622,0.021864,0.851531
2026-05-04 09:19:01.177572,0,nan,nan,nan,nan,nan,nan,0.024422,-0.049653,0.589931,nan,nan,nan,nan,nan,nan,-2.968699,0.02515,0.872154
2026-05-04 09:19:01.196035,0,nan,nan,nan,nan,nan,nan,0.018764,-0.050115,0.592838,nan,nan,nan,nan,nan,nan,-2.962214,0.009078,0.87458
2026-05-04 09:19:01.213831,0,nan,nan,nan,nan,nan,nan,0.012711,-0.050276,0.596573,nan,nan,nan,nan,nan,nan,-2.976837,0.000799,0.88525
2026-05-04 09:19:01.231265,0,nan,nan,nan,nan,nan,nan,0.006266,-0.050228,0.596595,nan,nan,nan,nan,nan,nan,-2.968733,0.006064,0.889109
2026-05-04 09:19:01.248625,0,nan,nan,nan,nan,nan,nan,0.003056,-0.050233,0.598519,nan,nan,nan,nan,nan,nan,-2.953776,0.01359,0.899826
2026-05-04 09:19:01.266194,0,nan,nan,nan,nan,nan,nan,-0.003431,-0.050317,0.59896,nan,nan,nan,nan,nan,nan,-2.955907,0.010945,0.917566
2026-05-04 09:19:01.284269,0,nan,nan,nan,nan,nan,nan,-0.010668,-0.050308,0.597387,nan,nan,nan,nan,nan,nan,-2.966062,-0.007448,0.943794
2026-05-04 09:19:01.301597,0,nan,nan,nan,nan,nan,nan,-0.017731,-0.050417,0.599224,nan,nan,nan,nan,nan,nan,-2.942712,-0.006291,0.975776
2026-05-04 09:19:01.320019,0,nan,nan,nan,nan,nan,nan,-0.021413,-0.050384,0.597928,nan,nan,nan,nan,nan,nan,-2.914488,-0.000518,0.98987
2026-05-04 09:19:01.340482,0,nan,nan,nan,nan,nan,nan,-0.028952,-0.050827,0.600227,nan,nan,nan,nan,nan,nan,-2.961386,-9.7e-05,1.005726
2026-05-04 09:19:01.358714,0,nan,nan,nan,nan,nan,nan,-0.036162,-0.050837,0.600568,nan,nan,nan,nan,nan,nan,-2.923224,0.007616,1.040886
2026-05-04 09:19:01.376846,0,0.135334,-0.050155,0.528648,nan,nan,nan,-0.043823,-0.050593,0.598441,-2.768102,0.066015,-1.418507,nan,nan,nan,-2.930353,-0.008022,1.062262
2026-05-04 09:19:01.395477,0,0.12466,-0.049586,0.52195,nan,nan,nan,-0.052177,-0.051412,0.601955,-2.757966,0.065125,-1.401237,nan,nan,nan,-2.919295,-0.003036,1.077028
2026-05-04 09:19:01.414271,0,0.113919,-0.049635,0.517202,nan,nan,nan,-0.060956,-0.051,0.600046,-2.794589,0.054644,-1.344574,nan,nan,nan,-2.87517,0.00573,1.160853
2026-05-04 09:19:01.431921,0,0.102828,-0.049395,0.511712,nan,nan,nan,-0.070105,-0.051224,0.600093,-2.821375,0.055753,-1.314591,nan,nan,nan,-2.888383,0.008564,1.154281
2026-05-04 09:19:01.449284,0,0.097868,-0.049311,0.509931,nan,nan,nan,-0.074587,-0.050934,0.599556,-2.833672,0.053308,-1.286356,nan,nan,nan,-2.874653,0.005357,1.171959
2026-05-04 09:19:01.468189,0,0.087657,-0.049139,0.506356,nan,nan,nan,-0.082949,-0.050306,0.596102,-2.831989,0.042236,-1.271805,nan,nan,nan,-2.844941,-0.003952,1.20152
2026-05-04 09:19:01.486410,0,0.077132,-0.048946,0.502404,nan,nan,nan,-0.09159,-0.050339,0.593288,-2.846449,0.038536,-1.242395,nan,nan,nan,-2.852097,-0.003687,1.245453
2026-05-04 09:19:01.504740,0,0.06543,-0.04868,0.497843,nan,nan,nan,-0.101242,-0.050818,0.595807,-2.866196,0.04576,-1.18852,nan,nan,nan,-2.832066,-6.6e-05,1.273518
2026-05-04 09:19:01.522094,0,0.053173,-0.048238,0.489596,nan,nan,nan,-0.110515,-0.051179,0.596302,-2.888716,0.0494,-1.151025,nan,nan,nan,-2.822852,-0.008978,1.313561
2026-05-04 09:19:01.539358,0,0.046922,-0.047995,0.485817,nan,nan,nan,-0.114687,-0.050586,0.592643,-2.899561,0.05737,-1.135593,nan,nan,nan,-2.805357,-0.016993,1.338692
2026-05-04 09:19:01.557375,0,0.034124,-0.047805,0.480524,nan,nan,nan,nan,nan,nan,-2.916037,0.0492,-1.090017,nan,nan,nan,nan,nan,nan
2026-05-04 09:19:01.575675,0,0.021686,-0.047483,0.472398,nan,nan,nan,nan,nan,nan,-2.93806,0.035189,-1.034281,nan,nan,nan,nan,nan,nan
2026-05-04 09:19:01.594185,0,0.009861,-0.047097,0.464251,nan,nan,nan,nan,nan,nan,-2.953461,0.034501,-1.012932,nan,nan,nan,nan,nan,nan
2026-05-04 09:19:01.612401,0,-0.001083,-0.046819,0.458623,nan,nan,nan,nan,nan,nan,-2.941183,0.028385,-0.976596,nan,nan,nan,nan,nan,nan
2026-05-04 09:19:01.629655,0,-0.013071,-0.04659,0.454648,nan,nan,nan,nan,nan,nan,-2.98038,0.043186,-0.922548,nan,nan,nan,nan,nan,nan
2026-05-04 09:19:01.647543,0,-0.019151,-0.046421,0.451249,nan,nan,nan,nan,nan,nan,-2.993476,0.047439,-0.896231,nan,nan,nan,nan,nan,nan
2026-05-04 09:19:01.665443,0,-0.030386,-0.046156,0.445296,nan,nan,nan,nan,nan,nan,-3.010846,0.041342,-0.848,nan,nan,nan,nan,nan,nan
2026-05-04 09:19:01.683467,0,-0.041314,-0.045804,0.437795,nan,nan,nan,nan,nan,nan,-3.001914,0.026743,-0.802565,nan,nan,nan,nan,nan,nan
2026-05-04 09:19:01.699931,0,-0.052074,-0.045332,0.42823,nan,nan,nan,nan,nan,nan,-3.028392,0.024933,-0.748111,nan,nan,nan,nan,nan,nan
2026-05-04 09:19:01.717330,0,-0.057049,-0.04519,0.4249,nan,nan,nan,nan,nan,nan,-3.013781,0.015908,-0.699122,nan,nan,nan,nan,nan,nan
2026-05-04 09:19:01.734181,0,-0.065718,-0.044722,0.415714,nan,nan,nan,nan,nan,nan,-3.041193,0.0295,-0.712211,nan,nan,nan,nan,nan,nan
2026-05-04 09:19:01.751310,0,-0.07375,-0.044441,0.409992,nan,nan,nan,nan,nan,nan,-3.051786,0.03313,-0.681492,nan,nan,nan,nan,nan,nan
2026-05-04 09:19:01.769137,0,-0.07772,-0.044349,0.407829,nan,nan,nan,nan,nan,nan,-3.021994,0.013339,-0.610118,nan,nan,nan,nan,nan,nan
2026-05-04 09:19:01.788873,0,-0.084374,-0.043949,0.39976,nan,nan,nan,nan,nan,nan,-3.052861,0.02956,-0.647489,nan,nan,nan,nan,nan,nan
2026-05-04 09:19:01.806793,0,-0.091896,-0.044413,0.39646,nan,nan,nan,nan,nan,nan,-3.105727,0.015535,-0.460637,nan,nan,nan,nan,nan,nan
2026-05-04 09:19:01.824653,0,-0.09787,-0.043771,0.389084,nan,nan,nan,nan,nan,nan,-2.905761,-0.028379,-0.304413,nan,nan,nan,nan,nan,nan
2026-05-04 09:19:01.843321,0,-0.10016,-0.04391,0.385078,nan,nan,nan,nan,nan,nan,-3.108134,0.015853,-0.385392,nan,nan,nan,nan,nan,nan
2026-05-04 09:19:01.861078,0,-0.104234,-0.043607,0.378804,nan,nan,nan,nan,nan,nan,-3.095885,0.000702,-0.328445,nan,nan,nan,nan,nan,nan
2026-05-04 09:19:01.878687,0,-0.107853,-0.043337,0.373761,nan,nan,nan,nan,nan,nan,-3.119072,0.006862,-0.307744,nan,nan,nan,nan,nan,nan
2026-05-04 09:19:01.896108,0,-0.110292,-0.043152,0.369882,nan,nan,nan,nan,nan,nan,-3.110145,0.006515,-0.285094,nan,nan,nan,nan,nan,nan
2026-05-04 09:19:01.914299,0,-0.111675,-0.04308,0.366893,nan,nan,nan,nan,nan,nan,-3.116042,0.002169,-0.346937,nan,nan,nan,nan,nan,nan
2026-05-04 09:19:01.931047,0,-0.113186,-0.043357,0.367511,nan,nan,nan,nan,nan,nan,-3.063984,-0.004748,-0.393814,nan,nan,nan,nan,nan,nan
2026-05-04 09:19:01.948881,0,-0.113447,-0.043199,0.366165,nan,nan,nan,nan,nan,nan,-3.007074,-0.023877,-0.324184,nan,nan,nan,nan,nan,nan
2026-05-04 09:19:01.966230,0,-0.112698,-0.043059,0.363015,nan,nan,nan,nan,nan,nan,-3.080688,-0.00357,-0.3341,nan,nan,nan,nan,nan,nan
2026-05-04 09:19:01.983511,0,-0.111709,-0.042748,0.361609,nan,nan,nan,nan,nan,nan,-2.914587,-0.033055,-0.421899,nan,nan,nan,nan,nan,nan
2026-05-04 09:19:02.002815,0,-0.111879,-0.043029,0.362181,nan,nan,nan,nan,nan,nan,-3.011614,-0.019952,-0.371341,nan,nan,nan,nan,nan,nan
2026-05-04 09:19:02.020783,0,-0.111838,-0.043208,0.362046,nan,nan,nan,nan,nan,nan,-3.09944,-0.006385,-0.323158,nan,nan,nan,nan,nan,nan
2026-05-04 09:19:02.039065,0,-0.110911,-0.043122,0.359051,nan,nan,nan,nan,nan,nan,-3.103509,-0.009976,-0.254619,nan,nan,nan,nan,nan,nan
2026-05-04 09:19:02.056865,0,-0.110631,-0.043227,0.358426,nan,nan,nan,nan,nan,nan,-3.106502,-0.009561,-0.267958,nan,nan,nan,nan,nan,nan
2026-05-04 09:19:02.074990,0,-0.110675,-0.043412,0.358356,nan,nan,nan,nan,nan,nan,-3.1018,-0.021835,-0.254663,nan,nan,nan,nan,nan,nan
2026-05-04 09:19:02.092226,0,-0.110725,-0.043265,0.35748,nan,nan,nan,nan,nan,nan,-3.092993,-0.011554,-0.318733,nan,nan,nan,nan,nan,nan
2026-05-04 09:19:02.110895,0,-0.110619,-0.043189,0.357052,nan,nan,nan,nan,nan,nan,-3.095884,-0.010865,-0.298485,nan,nan,nan,nan,nan,nan
2026-05-04 09:19:02.129017,0,-0.110232,-0.043129,0.355585,nan,nan,nan,nan,nan,nan,-3.09744,-0.011147,-0.250559,nan,nan,nan,nan,nan,nan
2026-05-04 09:19:02.147077,0,-0.110151,-0.043001,0.353547,nan,nan,nan,nan,nan,nan,-3.113488,-0.012442,-0.228982,nan,nan,nan,nan,nan,nan
2026-05-04 09:19:02.165615,0,-0.109862,-0.04276,0.351376,nan,nan,nan,nan,nan,nan,-3.116413,-0.003827,-0.254856,nan,nan,nan,nan,nan,nan
2026-05-04 09:19:02.184850,0,-0.110174,-0.042648,0.350234,nan,nan,nan,nan,nan,nan,-3.101697,-0.009225,-0.220655,nan,nan,nan,nan,nan,nan
2026-05-04 09:19:02.202661,0,-0.109616,-0.042466,0.347581,nan,nan,nan,nan,nan,nan,-3.112121,-0.004368,-0.248176,nan,nan,nan,nan,nan,nan
2026-05-04 09:19:02.220539,0,-0.110249,-0.042621,0.349139,nan,nan,nan,nan,nan,nan,-3.079685,-0.010307,-0.186002,nan,nan,nan,nan,nan,nan
2026-05-04 09:19:02.238681,0,-0.109294,-0.042457,0.346794,nan,nan,nan,nan,nan,nan,-3.093167,-0.005941,-0.193984,nan,nan,nan,nan,nan,nan
2026-05-04 09:19:02.261294,0,-0.108264,-0.042224,0.343054,nan,nan,nan,nan,nan,nan,-3.107955,-0.009691,-0.140584,nan,nan,nan,nan,nan,nan
2026-05-04 09:19:02.281930,0,-0.107393,-0.042171,0.342076,nan,nan,nan,nan,nan,nan,-3.096211,-0.014544,-0.129338,nan,nan,nan,nan,nan,nan
2026-05-04 09:19:02.300350,0,-0.106691,-0.042004,0.339692,nan,nan,nan,nan,nan,nan,-3.114851,-0.009382,-0.083188,nan,nan,nan,nan,nan,nan
2026-05-04 09:19:02.317990,0,-0.106552,-0.042009,0.339219,nan,nan,nan,nan,nan,nan,-3.101212,-0.015636,-0.074385,nan,nan,nan,nan,nan,nan
2026-05-04 09:19:02.336301,0,-0.106152,-0.042028,0.338462,nan,nan,nan,nan,nan,nan,-3.088898,-0.02071,-0.014122,nan,nan,nan,nan,nan,nan
2026-05-04 09:19:02.354535,0,-0.10441,-0.041998,0.336043,nan,nan,nan,nan,nan,nan,-3.131625,-0.005386,-0.019878,nan,nan,nan,nan,nan,nan
2026-05-04 09:19:02.371645,0,-0.103092,-0.042002,0.335717,nan,nan,nan,nan,nan,nan,-3.126665,-0.009588,-0.019033,nan,nan,nan,nan,nan,nan
2026-05-04 09:19:02.390058,0,-0.102053,-0.041956,0.334747,nan,nan,nan,nan,nan,nan,-3.127619,-0.015778,-0.00436,nan,nan,nan,nan,nan,nan
2026-05-04 09:19:02.409486,0,-0.100439,-0.041963,0.334769,nan,nan,nan,nan,nan,nan,-3.112175,-0.014345,-0.003479,nan,nan,nan,nan,nan,nan
2026-05-04 09:19:02.431210,0,-0.098752,-0.041931,0.334321,nan,nan,nan,nan,nan,nan,-3.123097,-0.008317,-0.061838,nan,nan,nan,nan,nan,nan
2026-05-04 09:19:02.449069,0,-0.097579,-0.041989,0.335222,nan,nan,nan,nan,nan,nan,-3.103146,-0.014121,-0.016827,nan,nan,nan,nan,nan,nan
2026-05-04 09:19:02.467372,0,-0.095936,-0.041949,0.334975,nan,nan,nan,nan,nan,nan,-3.114914,-0.009745,-0.07846,nan,nan,nan,nan,nan,nan
2026-05-04 09:19:02.488799,0,-0.094758,-0.041952,0.33506,nan,nan,nan,nan,nan,nan,-3.117774,-0.009049,-0.080552,nan,nan,nan,nan,nan,nan
2026-05-04 09:19:02.506534,0,-0.093454,-0.041972,0.335493,nan,nan,nan,nan,nan,nan,-3.104696,-0.01148,-0.05925,nan,nan,nan,nan,nan,nan
2026-05-04 09:19:02.524396,0,-0.092652,-0.042041,0.336344,nan,nan,nan,nan,nan,nan,-3.134416,0.003697,-0.097253,nan,nan,nan,nan,nan,nan
2026-05-04 09:19:02.541544,0,-0.091899,-0.04193,0.335571,nan,nan,nan,nan,nan,nan,-3.130235,-0.00109,-0.099394,nan,nan,nan,nan,nan,nan
2026-05-04 09:19:02.564018,0,-0.091875,-0.041915,0.335511,nan,nan,nan,nan,nan,nan,-3.135131,-0.001918,-0.094076,nan,nan,nan,nan,nan,nan
2026-05-04 09:19:02.582161,0,-0.091856,-0.041958,0.336847,nan,nan,nan,nan,nan,nan,-3.096767,-0.008866,-0.075609,nan,nan,nan,nan,nan,nan
2026-05-04 09:19:02.600384,0,-0.091445,-0.041902,0.336113,nan,nan,nan,nan,nan,nan,-3.116716,-0.004375,-0.111062,nan,nan,nan,nan,nan,nan
2026-05-04 09:19:02.618631,0,-0.091299,-0.041894,0.33557,nan,nan,nan,nan,nan,nan,-3.120505,-0.004663,-0.099935,nan,nan,nan,nan,nan,nan
2026-05-04 09:19:02.636706,0,-0.09122,-0.041917,0.33526,nan,nan,nan,nan,nan,nan,-3.105069,-0.011292,-0.091332,nan,nan,nan,nan,nan,nan
2026-05-04 09:19:02.655076,0,-0.09081,-0.041879,0.333969,nan,nan,nan,nan,nan,nan,-3.128162,-0.011422,-0.079782,nan,nan,nan,nan,nan,nan
2026-05-04 09:19:02.674183,0,-0.09034,-0.041876,0.333529,nan,nan,nan,nan,nan,nan,3.127245,0.00131,0.101912,nan,nan,nan,nan,nan,nan
2026-05-04 09:19:02.693988,0,-0.090294,-0.0419,0.333895,nan,nan,nan,nan,nan,nan,-3.11438,-0.010496,-0.073521,nan,nan,nan,nan,nan,nan
2026-05-04 09:19:02.711673,0,-0.089259,-0.041787,0.33176,nan,nan,nan,nan,nan,nan,-3.128553,-0.005938,-0.071514,nan,nan,nan,nan,nan,nan
2026-05-04 09:19:02.730220,0,-0.08869,-0.041729,0.331044,nan,nan,nan,nan,nan,nan,3.136669,0.005679,0.067506,nan,nan,nan,nan,nan,nan
2026-05-04 09:19:02.750353,0,-0.088353,-0.041691,0.330363,nan,nan,nan,nan,nan,nan,3.133302,0.00489,0.086963,nan,nan,nan,nan,nan,nan
2026-05-04 09:19:02.768747,0,-0.087934,-0.041752,0.330791,nan,nan,nan,nan,nan,nan,-3.116098,-0.009676,-0.086093,nan,nan,nan,nan,nan,nan
2026-05-04 09:19:02.788313,0,-0.087208,-0.041669,0.329494,nan,nan,nan,nan,nan,nan,-3.138393,-0.001201,-0.136103,nan,nan,nan,nan,nan,nan
2026-05-04 09:19:02.807180,0,-0.08706,-0.041685,0.329649,nan,nan,nan,nan,nan,nan,-3.116894,-0.011272,-0.072841,nan,nan,nan,nan,nan,nan
2026-05-04 09:19:02.826402,0,-0.08642,-0.041634,0.328569,nan,nan,nan,nan,nan,nan,-3.133121,-0.002779,-0.12201,nan,nan,nan,nan,nan,nan
2026-05-04 09:19:02.845966,0,-0.086141,-0.041553,0.32746,nan,nan,nan,nan,nan,nan,-3.137313,-0.002916,-0.099023,nan,nan,nan,nan,nan,nan
2026-05-04 09:19:02.865248,0,-0.085621,-0.041583,0.327551,nan,nan,nan,nan,nan,nan,-3.101882,-0.006504,-0.117738,nan,nan,nan,nan,nan,nan
2026-05-04 09:19:02.884491,0,-0.084807,-0.041466,0.325951,nan,nan,nan,nan,nan,nan,-3.130464,-0.000128,-0.159581,nan,nan,nan,nan,nan,nan
2026-05-04 09:19:02.903934,0,-0.084171,-0.041444,0.325708,nan,nan,nan,nan,nan,nan,-3.125591,-0.003301,-0.155084,nan,nan,nan,nan,nan,nan
2026-05-04 09:19:02.922480,0,-0.08352,-0.041442,0.325417,nan,nan,nan,nan,nan,nan,-3.118072,-0.004548,-0.150082,nan,nan,nan,nan,nan,nan
2026-05-04 09:19:02.947349,0,-0.082812,-0.041414,0.324805,nan,nan,nan,nan,nan,nan,-3.122604,-0.002423,-0.135789,nan,nan,nan,nan,nan,nan
2026-05-04 09:19:02.965593,0,-0.080312,-0.041377,0.32394,nan,nan,nan,nan,nan,nan,-3.110563,-0.003328,-0.122444,nan,nan,nan,nan,nan,nan
2026-05-04 09:19:02.986169,0,-0.078862,-0.041217,0.321929,nan,nan,nan,nan,nan,nan,3.116167,-0.006192,0.166512,nan,nan,nan,nan,nan,nan
2026-05-04 09:19:03.006187,0,-0.076369,-0.041364,0.324412,nan,nan,nan,nan,nan,nan,-3.079632,-0.004364,-0.178037,nan,nan,nan,nan,nan,nan
2026-05-04 09:19:03.025751,0,-0.073207,-0.041219,0.322713,nan,nan,nan,nan,nan,nan,3.1224,-0.0029,0.234897,nan,nan,nan,nan,nan,nan
2026-05-04 09:19:03.044448,0,-0.07119,-0.041414,0.325196,nan,nan,nan,nan,nan,nan,-3.085173,-0.008029,-0.206016,nan,nan,nan,nan,nan,nan
2026-05-04 09:19:03.064132,0,-0.068291,-0.041461,0.325097,nan,nan,nan,nan,nan,nan,-3.112828,-0.001365,-0.214878,nan,nan,nan,nan,nan,nan
2026-05-04 09:19:03.082209,0,-0.066105,-0.041559,0.326781,nan,nan,nan,nan,nan,nan,-3.078378,-0.007654,-0.182305,nan,nan,nan,nan,nan,nan
2026-05-04 09:19:03.101761,0,-0.06448,-0.041484,0.325932,nan,nan,nan,nan,nan,nan,-3.114078,-0.001141,-0.209466,nan,nan,nan,nan,nan,nan
2026-05-04 09:19:03.120483,0,-0.061906,-0.041313,0.325367,nan,nan,nan,nan,nan,nan,3.102593,-0.002028,0.26912,nan,nan,nan,nan,nan,nan
2026-05-04 09:19:03.139948,0,-0.05967,-0.041424,0.328,nan,nan,nan,nan,nan,nan,-3.104146,-0.001039,-0.334384,nan,nan,nan,nan,nan,nan
2026-05-04 09:19:03.158861,0,-0.057329,-0.041541,0.330089,nan,nan,nan,nan,nan,nan,-3.080533,-0.00051,-0.406956,nan,nan,nan,nan,nan,nan
2026-05-04 09:19:03.179184,0,-0.054964,-0.04149,0.330113,nan,nan,nan,nan,nan,nan,-3.104848,0.000111,-0.378392,nan,nan,nan,nan,nan,nan
2026-05-04 09:19:03.198823,0,-0.052563,-0.041579,0.331818,nan,nan,nan,nan,nan,nan,-3.073602,0.002543,-0.431131,nan,nan,nan,nan,nan,nan
2026-05-04 09:19:03.219313,0,-0.050972,-0.041657,0.332937,nan,nan,nan,nan,nan,nan,-3.100437,-0.001509,-0.379497,nan,nan,nan,nan,nan,nan
2026-05-04 09:19:03.239146,0,-0.049742,-0.04162,0.332736,nan,nan,nan,nan,nan,nan,-3.110183,0.002929,-0.404512,nan,nan,nan,nan,nan,nan
2026-05-04 09:19:03.258440,0,-0.048462,-0.041546,0.331897,nan,nan,nan,nan,nan,nan,-3.110716,0.001759,-0.409576,nan,nan,nan,nan,nan,nan
2026-05-04 09:19:03.278130,0,-0.047871,-0.041572,0.331897,nan,nan,nan,nan,nan,nan,-3.100086,0.000907,-0.403809,nan,nan,nan,nan,nan,nan
2026-05-04 09:19:03.297814,0,-0.047267,-0.041583,0.331836,nan,nan,nan,nan,nan,nan,-3.091858,-0.00058,-0.39875,nan,nan,nan,nan,nan,nan
2026-05-04 09:19:03.317519,0,-0.046603,-0.041534,0.331321,nan,nan,nan,nan,nan,nan,-3.092343,0.002142,-0.410099,nan,nan,nan,nan,nan,nan
2026-05-04 09:19:03.336797,0,-0.045929,-0.041376,0.329133,nan,nan,nan,nan,nan,nan,3.097076,-0.007016,0.385384,nan,nan,nan,nan,nan,nan
2026-05-04 09:19:03.355783,0,-0.045245,-0.041504,0.330367,nan,nan,nan,nan,nan,nan,-3.092868,0.00257,-0.429637,nan,nan,nan,nan,nan,nan
2026-05-04 09:19:03.375163,0,-0.043961,-0.041406,0.329081,nan,nan,nan,nan,nan,nan,3.102046,-0.009144,0.439942,nan,nan,nan,nan,nan,nan
2026-05-04 09:19:03.395702,0,-0.043379,-0.041461,0.32973,nan,nan,nan,nan,nan,nan,-3.095617,0.002791,-0.43492,nan,nan,nan,nan,nan,nan
2026-05-04 09:19:03.414652,0,-0.042227,-0.04147,0.329759,nan,nan,nan,nan,nan,nan,-3.095908,0.000864,-0.431333,nan,nan,nan,nan,nan,nan
2026-05-04 09:19:03.433978,0,-0.041018,-0.041423,0.32935,nan,nan,nan,nan,nan,nan,-3.107073,0.003597,-0.428745,nan,nan,nan,nan,nan,nan
2026-05-04 09:19:03.454524,0,-0.039997,-0.041353,0.328552,nan,nan,nan,nan,nan,nan,3.09058,-0.014923,0.495163,nan,nan,nan,nan,nan,nan
2026-05-04 09:19:03.474213,0,-0.039229,-0.041394,0.329109,nan,nan,nan,nan,nan,nan,-3.110371,0.003017,-0.423043,nan,nan,nan,nan,nan,nan
2026-05-04 09:19:03.492911,0,-0.039291,-0.041469,0.329654,nan,nan,nan,nan,nan,nan,-3.102062,0.000248,-0.411239,nan,nan,nan,nan,nan,nan
2026-05-04 09:19:03.511709,0,-0.039286,-0.041488,0.329623,nan,nan,nan,nan,nan,nan,-3.102262,0.000248,-0.412239,nan,nan,nan,nan,nan,nan
2026-05-04 09:19:03.530698,0,-0.039268,-0.041459,0.32951,nan,nan,nan,nan,nan,nan,-3.103477,0.000232,-0.416142,nan,nan,nan,nan,nan,nan
2026-05-04 09:19:03.549441,0,-0.039268,-0.041459,0.32951,nan,nan,nan,nan,nan,nan,-3.103477,0.000232,-0.416142,nan,nan,nan,nan,nan,nan
2026-05-04 09:19:03.569083,0,-0.039261,-0.04145,0.329465,nan,nan,nan,nan,nan,nan,-3.10321,0.000241,-0.417572,nan,nan,nan,nan,nan,nan
2026-05-04 09:19:03.589662,0,-0.039254,-0.04144,0.329422,nan,nan,nan,nan,nan,nan,-3.102911,0.000251,-0.418937,nan,nan,nan,nan,nan,nan
2026-05-04 09:19:03.609341,0,-0.039253,-0.041433,0.329415,nan,nan,nan,nan,nan,nan,-3.10303,0.000248,-0.419155,nan,nan,nan,nan,nan,nan
2026-05-04 09:19:03.628082,0,-0.03924,-0.041416,0.329333,nan,nan,nan,nan,nan,nan,-3.101082,0.000302,-0.421534,nan,nan,nan,nan,nan,nan
2026-05-04 09:19:03.647625,0,-0.039241,-0.041423,0.329338,nan,nan,nan,nan,nan,nan,-3.100997,0.000304,-0.421377,nan,nan,nan,nan,nan,nan
2026-05-04 09:19:03.666452,0,-0.039206,-0.041414,0.329113,nan,nan,nan,nan,nan,nan,-3.097262,0.000426,-0.427916,nan,nan,nan,nan,nan,nan
2026-05-04 09:19:03.685572,0,-0.039329,-0.041498,0.329899,nan,nan,nan,nan,nan,nan,-3.100989,0.00023,-0.402816,nan,nan,nan,nan,nan,nan
2026-05-04 09:19:03.705550,0,-0.039118,-0.041399,0.328577,nan,nan,nan,nan,nan,nan,-3.104409,0.002262,-0.440765,nan,nan,nan,nan,nan,nan
2026-05-04 09:19:03.724180,0,-0.039092,-0.041408,0.328474,nan,nan,nan,nan,nan,nan,-3.098192,0.00167,-0.435642,nan,nan,nan,nan,nan,nan
2026-05-04 09:19:03.743436,0,-0.039066,-0.041402,0.328305,nan,nan,nan,nan,nan,nan,-3.101856,0.002801,-0.441194,nan,nan,nan,nan,nan,nan
2026-05-04 09:19:03.764633,0,-0.039091,-0.041434,0.32847,nan,nan,nan,nan,nan,nan,-3.10071,0.002842,-0.436142,nan,nan,nan,nan,nan,nan
